OpenROAD fe1aa0f9d0254fac87b82c886c04ee1544e46885 
Features included (+) or not (-): +GPU +GUI +Python
This program is licensed under the BSD-3 license. See the LICENSE file for details.
Components of this program may be licensed under more restrictive licenses which must be honored.
[INFO ORD-0030] Using 32 thread(s).
source /home/lucast/workspace/OR-flow-TCC/flow/platforms/asap7/liberty_suppressions.tcl
read_liberty /home/lucast/workspace/OR-flow-TCC/flow/platforms/asap7/lib/NLDM/asap7sc7p5t_AO_RVT_FF_nldm_211120.lib.gz
read_liberty /home/lucast/workspace/OR-flow-TCC/flow/platforms/asap7/lib/NLDM/asap7sc7p5t_INVBUF_RVT_FF_nldm_220122.lib.gz
read_liberty /home/lucast/workspace/OR-flow-TCC/flow/platforms/asap7/lib/NLDM/asap7sc7p5t_OA_RVT_FF_nldm_211120.lib.gz
read_liberty /home/lucast/workspace/OR-flow-TCC/flow/platforms/asap7/lib/NLDM/asap7sc7p5t_SIMPLE_RVT_FF_nldm_211120.lib.gz
read_liberty /home/lucast/workspace/OR-flow-TCC/flow/platforms/asap7/lib/NLDM/asap7sc7p5t_SEQ_RVT_FF_nldm_220123.lib
read_liberty /home/lucast/workspace/OR-flow-TCC/flow/platforms/asap7/lib/NLDM/fakeram7_256x32.lib
read_liberty /home/lucast/workspace/OR-flow-TCC/flow/platforms/asap7/lib/NLDM/asap7sc7p5t_DFFHQNH2V2X_RVT_TT_nldm_FAKE.lib
read_liberty /home/lucast/workspace/OR-flow-TCC/flow/platforms/asap7/lib/NLDM/asap7sc7p5t_DFFHQNV2X_RVT_TT_nldm_FAKE.lib
read_db -hier ./results/asap7/riscv32i/baseline_alpha_4-beta_0.1/1_synth.odb
[WARNING ORD-0012] Hierarchical flow (-hier) is currently in development and may cause multiple issues. Do not use in production environments.
source /home/lucast/workspace/OR-flow-TCC/flow/platforms/asap7/setRC.tcl

==========================================================================
Floorplan check_setup
--------------------------------------------------------------------------
number instances in verilog is 8969
[INFO IFP-0107] Defining die area using utilization: 62.00% and aspect ratio: 1.
[WARNING IFP-0028] Core area lower left (5.000, 5.000) snapped to (5.022, 5.130).
[INFO IFP-0001] Added 234 rows of 1173 site asap7sc7p5t.
[INFO IFP-0001] Added 117 rows of 1173 site asap7sc7p5t_pg.
[INFO IFP-0100] Die BBox:  (  0.000  0.000 ) ( 73.373 73.373 ) um
[INFO IFP-0101] Core BBox: (  5.022  5.130 ) ( 68.364 68.310 ) um
[INFO IFP-0102] Core area:                         4001.948 um^2
[INFO IFP-0103] Total instances area:              2490.063 um^2
[INFO IFP-0104] Effective utilization:                0.622
[INFO IFP-0105] Number of instances:                   8965
source /home/lucast/workspace/OR-flow-TCC/flow/platforms/asap7/openRoad/make_tracks.tcl
source /home/lucast/workspace/OR-flow-TCC/flow/platforms/asap7/fastroute.tcl
Repair tie lo fanout...
[INFO RSZ-0042] Inserted 36 tie TIELOx1_ASAP7_75t_R instances.
Repair tie hi fanout...
[INFO RSZ-0042] Inserted 33 tie TIEHIx1_ASAP7_75t_R instances.
replace_arith_modules -path_count 1000 -target setup -slack_threshold 0.0
[INFO RSZ-0151] Starting arithmetic module replacement to optimize 'setup' target
[INFO RSZ-0152] Analyzing 1000 critical paths with slack < 0.00
[INFO RSZ-0153] Identified 1257 violating endpoints
[INFO RSZ-0154] Identified 1 critical arithmetic instances
[INFO ODB-0496] swapMaster sanity check passed (0 failures)
[INFO RSZ-0160] 1 arithmetic instances have swapped to improve 'setup' target
repair_timing -setup_margin 0 -hold_margin 0 -repair_tns 100 -setup -skip_last_gasp -sequence unbuffer,sizeup,swap,vt_swap -verbose
[WARNING EST-0027] no estimated parasitics. Using wire load models.
[INFO RSZ-0100] Repair move sequence: UnbufferMove SizeUpMove SwapPinsMove 
[INFO RSZ-0094] Found 1257 endpoints with setup violations.
[INFO RSZ-0099] Repairing 1257 out of 1257 (100.00%) violating endpoints...
   Iter   | Removed | Resized | Inserted | Cloned |  Pin  |   Area   |    WNS   |   TNS      |  Viol  | Worst
          | Buffers |  Gates  | Buffers  |  Gates | Swaps |          |          |            | Endpts | Endpt
--------------------------------------------------------------------------------------------------------------
        0 |       0 |       0 |        0 |      0 |     0 |    +0.0% | -2979.783 | -3462343.0 |   1257 | riscv.dp.rf.rf[2][18]$_DFFE_PP_/D
       10 |       0 |       6 |        0 |      0 |     3 |    +0.0% | -1350.865 | -1407042.9 |   1257 | riscv.dp.rf.rf[2][18]$_DFFE_PP_/D
       20 |       0 |      15 |        0 |      0 |     4 |    +0.0% | -992.579 | -1009926.8 |   1257 | riscv.dp.rf.rf[2][18]$_DFFE_PP_/D
       30 |       0 |      24 |        0 |      0 |     5 |    +0.0% | -895.692 |  -898119.1 |   1257 | riscv.dp.rf.rf[2][18]$_DFFE_PP_/D
       40 |       0 |      31 |        0 |      0 |     8 |    +0.0% | -873.159 |  -880727.4 |   1257 | riscv.dp.rf.rf[1][31]$_DFFE_PP_/D
       50 |       0 |      34 |        0 |      0 |    15 |    +0.0% | -852.268 |  -869979.8 |   1257 | riscv.dp.rf.rf[2][23]$_DFFE_PP_/D
       51 |       0 |      34 |        0 |      0 |    11 |    +0.0% | -845.236 |  -862877.9 |   1257 | riscv.dp.rf.rf[2][23]$_DFFE_PP_/D
       52 |       0 |      34 |        0 |      0 |    11 |    +0.0% | -845.236 |  -862877.9 |   1257 | riscv.dp.rf.rf[2][23]$_DFFE_PP_/D
       53 |       0 |      34 |        0 |      0 |    11 |    +0.0% | -845.236 |  -862877.9 |   1257 | riscv.dp.rf.rf[2][23]$_DFFE_PP_/D
       54 |       0 |      34 |        0 |      0 |    11 |    +0.0% | -845.236 |  -862877.9 |   1257 | riscv.dp.rf.rf[2][23]$_DFFE_PP_/D
       55 |       0 |      34 |        0 |      0 |    11 |    +0.0% | -845.236 |  -862877.9 |   1257 | riscv.dp.rf.rf[2][23]$_DFFE_PP_/D
       56 |       0 |      34 |        0 |      0 |    11 |    +0.0% | -845.236 |  -862877.9 |   1257 | riscv.dp.rf.rf[2][23]$_DFFE_PP_/D
       57 |       0 |      34 |        0 |      0 |    11 |    +0.0% | -845.236 |  -862877.9 |   1257 | riscv.dp.rf.rf[2][23]$_DFFE_PP_/D
       58 |       0 |      34 |        0 |      0 |    11 |    +0.0% | -845.236 |  -862877.9 |   1257 | riscv.dp.rf.rf[2][23]$_DFFE_PP_/D
       59 |       0 |      34 |        0 |      0 |    11 |    +0.0% | -845.236 |  -862877.9 |   1257 | riscv.dp.rf.rf[2][23]$_DFFE_PP_/D
       60 |       0 |      34 |        0 |      0 |    11 |    +0.0% | -845.236 |  -862877.9 |   1257 | riscv.dp.rf.rf[2][23]$_DFFE_PP_/D
       60 |       0 |      34 |        0 |      0 |    11 |    +0.0% | -845.236 |  -862877.9 |   1257 | riscv.dp.rf.rf[2][23]$_DFFE_PP_/D
       61 |       0 |      34 |        0 |      0 |    11 |    +0.0% | -845.236 |  -862877.9 |   1257 | riscv.dp.rf.rf[2][23]$_DFFE_PP_/D
       62 |       0 |      34 |        0 |      0 |    11 |    +0.0% | -845.236 |  -862877.9 |   1257 | riscv.dp.rf.rf[2][23]$_DFFE_PP_/D
       63 |       0 |      34 |        0 |      0 |    11 |    +0.0% | -845.236 |  -862877.9 |   1257 | riscv.dp.rf.rf[2][23]$_DFFE_PP_/D
       64 |       0 |      34 |        0 |      0 |    11 |    +0.0% | -845.236 |  -862877.9 |   1257 | riscv.dp.rf.rf[2][23]$_DFFE_PP_/D
       65 |       0 |      34 |        0 |      0 |    11 |    +0.0% | -845.236 |  -862877.9 |   1257 | riscv.dp.rf.rf[2][23]$_DFFE_PP_/D
       66 |       0 |      34 |        0 |      0 |    11 |    +0.0% | -845.236 |  -862877.9 |   1257 | riscv.dp.rf.rf[2][23]$_DFFE_PP_/D
       67 |       0 |      34 |        0 |      0 |    11 |    +0.0% | -845.236 |  -862877.9 |   1257 | riscv.dp.rf.rf[2][23]$_DFFE_PP_/D
       68 |       0 |      34 |        0 |      0 |    11 |    +0.0% | -845.236 |  -862877.9 |   1257 | riscv.dp.rf.rf[2][23]$_DFFE_PP_/D
       69 |       0 |      34 |        0 |      0 |    11 |    +0.0% | -845.236 |  -862877.9 |   1257 | riscv.dp.rf.rf[2][23]$_DFFE_PP_/D
       70 |       0 |      34 |        0 |      0 |    11 |    +0.0% | -845.236 |  -862877.9 |   1257 | riscv.dp.rf.rf[2][23]$_DFFE_PP_/D
       70 |       0 |      34 |        0 |      0 |    11 |    +0.0% | -845.236 |  -862877.9 |   1257 | riscv.dp.rf.rf[2][23]$_DFFE_PP_/D
       71 |       0 |      34 |        0 |      0 |    11 |    +0.0% | -845.236 |  -862877.9 |   1257 | riscv.dp.rf.rf[2][23]$_DFFE_PP_/D
       72 |       0 |      34 |        0 |      0 |    11 |    +0.0% | -845.236 |  -862877.9 |   1257 | riscv.dp.rf.rf[2][23]$_DFFE_PP_/D
       73 |       0 |      34 |        0 |      0 |    11 |    +0.0% | -845.236 |  -862877.9 |   1257 | riscv.dp.rf.rf[2][23]$_DFFE_PP_/D
       74 |       0 |      34 |        0 |      0 |    11 |    +0.0% | -845.236 |  -862877.9 |   1257 | riscv.dp.rf.rf[2][23]$_DFFE_PP_/D
       75 |       0 |      34 |        0 |      0 |    11 |    +0.0% | -845.236 |  -862877.9 |   1257 | riscv.dp.rf.rf[2][23]$_DFFE_PP_/D
       76 |       0 |      34 |        0 |      0 |    11 |    +0.0% | -845.236 |  -862877.9 |   1257 | riscv.dp.rf.rf[2][23]$_DFFE_PP_/D
       77 |       0 |      34 |        0 |      0 |    11 |    +0.0% | -845.236 |  -862877.9 |   1257 | riscv.dp.rf.rf[2][23]$_DFFE_PP_/D
       78 |       0 |      34 |        0 |      0 |    11 |    +0.0% | -845.236 |  -862877.9 |   1257 | riscv.dp.rf.rf[2][23]$_DFFE_PP_/D
       79 |       0 |      34 |        0 |      0 |    11 |    +0.0% | -845.236 |  -862877.9 |   1257 | riscv.dp.rf.rf[2][23]$_DFFE_PP_/D
       80 |       0 |      34 |        0 |      0 |    11 |    +0.0% | -845.236 |  -862877.9 |   1257 | riscv.dp.rf.rf[2][23]$_DFFE_PP_/D
       80 |       0 |      34 |        0 |      0 |    11 |    +0.0% | -845.236 |  -862877.9 |   1257 | riscv.dp.rf.rf[2][23]$_DFFE_PP_/D
       81 |       0 |      34 |        0 |      0 |    11 |    +0.0% | -845.236 |  -862877.9 |   1257 | riscv.dp.rf.rf[2][23]$_DFFE_PP_/D
       82 |       0 |      34 |        0 |      0 |    11 |    +0.0% | -845.236 |  -862877.9 |   1257 | riscv.dp.rf.rf[2][23]$_DFFE_PP_/D
       83 |       0 |      34 |        0 |      0 |    11 |    +0.0% | -845.236 |  -862877.9 |   1257 | riscv.dp.rf.rf[2][23]$_DFFE_PP_/D
       84 |       0 |      34 |        0 |      0 |    11 |    +0.0% | -845.236 |  -862877.9 |   1257 | riscv.dp.rf.rf[2][23]$_DFFE_PP_/D
       85 |       0 |      34 |        0 |      0 |    11 |    +0.0% | -845.236 |  -862877.9 |   1257 | riscv.dp.rf.rf[2][23]$_DFFE_PP_/D
       86 |       0 |      34 |        0 |      0 |    11 |    +0.0% | -845.236 |  -862877.9 |   1257 | riscv.dp.rf.rf[2][23]$_DFFE_PP_/D
       87 |       0 |      34 |        0 |      0 |    11 |    +0.0% | -845.236 |  -862877.9 |   1257 | riscv.dp.rf.rf[2][23]$_DFFE_PP_/D
       88 |       0 |      34 |        0 |      0 |    11 |    +0.0% | -845.236 |  -862877.9 |   1257 | riscv.dp.rf.rf[2][23]$_DFFE_PP_/D
       89 |       0 |      34 |        0 |      0 |    11 |    +0.0% | -845.236 |  -862877.9 |   1257 | riscv.dp.rf.rf[2][23]$_DFFE_PP_/D
       90 |       0 |      34 |        0 |      0 |    11 |    +0.0% | -845.236 |  -862877.9 |   1257 | riscv.dp.rf.rf[2][23]$_DFFE_PP_/D
       90 |       0 |      34 |        0 |      0 |    11 |    +0.0% | -845.236 |  -862877.9 |   1257 | riscv.dp.rf.rf[2][23]$_DFFE_PP_/D
       91 |       0 |      34 |        0 |      0 |    11 |    +0.0% | -845.236 |  -862877.9 |   1257 | riscv.dp.rf.rf[2][23]$_DFFE_PP_/D
       92 |       0 |      34 |        0 |      0 |    11 |    +0.0% | -845.236 |  -862877.9 |   1257 | riscv.dp.rf.rf[2][23]$_DFFE_PP_/D
       93 |       0 |      34 |        0 |      0 |    11 |    +0.0% | -845.236 |  -862877.9 |   1257 | riscv.dp.rf.rf[2][23]$_DFFE_PP_/D
       94 |       0 |      34 |        0 |      0 |    11 |    +0.0% | -845.236 |  -862877.9 |   1257 | riscv.dp.rf.rf[2][23]$_DFFE_PP_/D
       95 |       0 |      34 |        0 |      0 |    11 |    +0.0% | -845.236 |  -862877.9 |   1257 | riscv.dp.rf.rf[2][23]$_DFFE_PP_/D
       96 |       0 |      34 |        0 |      0 |    11 |    +0.0% | -845.236 |  -862877.9 |   1257 | riscv.dp.rf.rf[2][23]$_DFFE_PP_/D
       97 |       0 |      34 |        0 |      0 |    11 |    +0.0% | -845.236 |  -862877.9 |   1257 | riscv.dp.rf.rf[2][23]$_DFFE_PP_/D
       98 |       0 |      34 |        0 |      0 |    11 |    +0.0% | -845.236 |  -862877.9 |   1257 | riscv.dp.rf.rf[2][23]$_DFFE_PP_/D
       99 |       0 |      34 |        0 |      0 |    11 |    +0.0% | -845.236 |  -862877.9 |   1257 | riscv.dp.rf.rf[2][23]$_DFFE_PP_/D
      100 |       0 |      34 |        0 |      0 |    11 |    +0.0% | -845.236 |  -862877.9 |   1257 | riscv.dp.rf.rf[2][23]$_DFFE_PP_/D
      100 |       0 |      34 |        0 |      0 |    11 |    +0.0% | -845.236 |  -862877.9 |   1257 | riscv.dp.rf.rf[2][23]$_DFFE_PP_/D
      101 |       0 |      34 |        0 |      0 |    11 |    +0.0% | -845.236 |  -862877.9 |   1257 | riscv.dp.rf.rf[2][23]$_DFFE_PP_/D
      102 |       0 |      34 |        0 |      0 |    11 |    +0.0% | -845.236 |  -862877.9 |   1257 | riscv.dp.rf.rf[2][23]$_DFFE_PP_/D
      103 |       0 |      34 |        0 |      0 |    11 |    +0.0% | -845.236 |  -862877.9 |   1257 | riscv.dp.rf.rf[2][23]$_DFFE_PP_/D
      104 |       0 |      34 |        0 |      0 |    11 |    +0.0% | -845.236 |  -862877.9 |   1257 | riscv.dp.rf.rf[2][23]$_DFFE_PP_/D
      105 |       0 |      34 |        0 |      0 |    11 |    +0.0% | -845.236 |  -862877.9 |   1257 | riscv.dp.rf.rf[2][23]$_DFFE_PP_/D
      106 |       0 |      34 |        0 |      0 |    11 |    +0.0% | -845.236 |  -862877.9 |   1257 | riscv.dp.rf.rf[2][23]$_DFFE_PP_/D
      107 |       0 |      34 |        0 |      0 |    11 |    +0.0% | -845.236 |  -862877.9 |   1257 | riscv.dp.rf.rf[2][23]$_DFFE_PP_/D
      108 |       0 |      34 |        0 |      0 |    11 |    +0.0% | -845.236 |  -862877.9 |   1257 | riscv.dp.rf.rf[2][23]$_DFFE_PP_/D
      109 |       0 |      34 |        0 |      0 |    11 |    +0.0% | -845.236 |  -862877.9 |   1257 | riscv.dp.rf.rf[2][23]$_DFFE_PP_/D
      110 |       0 |      34 |        0 |      0 |    11 |    +0.0% | -845.236 |  -862877.9 |   1257 | riscv.dp.rf.rf[2][23]$_DFFE_PP_/D
      110 |       0 |      34 |        0 |      0 |    11 |    +0.0% | -845.236 |  -862877.9 |   1257 | riscv.dp.rf.rf[2][23]$_DFFE_PP_/D
      111 |       0 |      34 |        0 |      0 |    11 |    +0.0% | -845.236 |  -862877.9 |   1257 | riscv.dp.rf.rf[2][23]$_DFFE_PP_/D
      112 |       0 |      34 |        0 |      0 |    11 |    +0.0% | -845.236 |  -862877.9 |   1257 | riscv.dp.rf.rf[2][23]$_DFFE_PP_/D
      114 |       0 |      34 |        0 |      0 |    12 |    +0.0% | -845.236 |  -862857.6 |   1257 | riscv.dp.rf.rf[2][23]$_DFFE_PP_/D
      115 |       0 |      34 |        0 |      0 |    12 |    +0.0% | -845.236 |  -862857.6 |   1257 | riscv.dp.rf.rf[2][23]$_DFFE_PP_/D
      116 |       0 |      34 |        0 |      0 |    12 |    +0.0% | -845.236 |  -862857.6 |   1257 | riscv.dp.rf.rf[2][23]$_DFFE_PP_/D
      117 |       0 |      34 |        0 |      0 |    12 |    +0.0% | -845.236 |  -862857.6 |   1257 | riscv.dp.rf.rf[2][23]$_DFFE_PP_/D
      118 |       0 |      34 |        0 |      0 |    12 |    +0.0% | -845.236 |  -862857.6 |   1257 | riscv.dp.rf.rf[2][23]$_DFFE_PP_/D
      119 |       0 |      34 |        0 |      0 |    12 |    +0.0% | -845.236 |  -862857.6 |   1257 | riscv.dp.rf.rf[2][23]$_DFFE_PP_/D
      120 |       0 |      34 |        0 |      0 |    12 |    +0.0% | -845.236 |  -862857.6 |   1257 | riscv.dp.rf.rf[2][23]$_DFFE_PP_/D
      120 |       0 |      34 |        0 |      0 |    12 |    +0.0% | -845.236 |  -862857.6 |   1257 | riscv.dp.rf.rf[2][23]$_DFFE_PP_/D
      121 |       0 |      34 |        0 |      0 |    12 |    +0.0% | -845.236 |  -862857.6 |   1257 | riscv.dp.rf.rf[2][23]$_DFFE_PP_/D
      122 |       0 |      34 |        0 |      0 |    12 |    +0.0% | -845.236 |  -862857.6 |   1257 | riscv.dp.rf.rf[2][23]$_DFFE_PP_/D
      123 |       0 |      34 |        0 |      0 |    12 |    +0.0% | -845.236 |  -862857.6 |   1257 | riscv.dp.rf.rf[2][23]$_DFFE_PP_/D
      124 |       0 |      34 |        0 |      0 |    12 |    +0.0% | -845.236 |  -862857.6 |   1257 | riscv.dp.rf.rf[2][23]$_DFFE_PP_/D
      125 |       0 |      34 |        0 |      0 |    12 |    +0.0% | -845.236 |  -862857.6 |   1257 | riscv.dp.rf.rf[2][23]$_DFFE_PP_/D
      126 |       0 |      34 |        0 |      0 |    12 |    +0.0% | -845.236 |  -862857.6 |   1257 | riscv.dp.rf.rf[2][23]$_DFFE_PP_/D
      127 |       0 |      34 |        0 |      0 |    12 |    +0.0% | -845.236 |  -862857.6 |   1257 | riscv.dp.rf.rf[2][23]$_DFFE_PP_/D
      128 |       0 |      34 |        0 |      0 |    12 |    +0.0% | -845.236 |  -862857.6 |   1257 | riscv.dp.rf.rf[2][23]$_DFFE_PP_/D
      129 |       0 |      34 |        0 |      0 |    12 |    +0.0% | -845.236 |  -862857.6 |   1257 | riscv.dp.rf.rf[2][23]$_DFFE_PP_/D
      130 |       0 |      34 |        0 |      0 |    12 |    +0.0% | -845.236 |  -862857.6 |   1257 | riscv.dp.rf.rf[2][23]$_DFFE_PP_/D
      130 |       0 |      34 |        0 |      0 |    12 |    +0.0% | -845.236 |  -862857.6 |   1257 | riscv.dp.rf.rf[2][23]$_DFFE_PP_/D
      131 |       0 |      34 |        0 |      0 |    12 |    +0.0% | -845.236 |  -862857.6 |   1257 | riscv.dp.rf.rf[2][23]$_DFFE_PP_/D
      132 |       0 |      34 |        0 |      0 |    12 |    +0.0% | -845.236 |  -862857.6 |   1257 | riscv.dp.rf.rf[2][23]$_DFFE_PP_/D
      133 |       0 |      34 |        0 |      0 |    12 |    +0.0% | -845.236 |  -862857.6 |   1257 | riscv.dp.rf.rf[2][23]$_DFFE_PP_/D
      134 |       0 |      34 |        0 |      0 |    12 |    +0.0% | -845.236 |  -862857.6 |   1257 | riscv.dp.rf.rf[2][23]$_DFFE_PP_/D
      135 |       0 |      34 |        0 |      0 |    12 |    +0.0% | -845.236 |  -862857.6 |   1257 | riscv.dp.rf.rf[2][23]$_DFFE_PP_/D
      136 |       0 |      34 |        0 |      0 |    12 |    +0.0% | -845.236 |  -862857.6 |   1257 | riscv.dp.rf.rf[2][23]$_DFFE_PP_/D
      137 |       0 |      34 |        0 |      0 |    12 |    +0.0% | -845.236 |  -862857.6 |   1257 | riscv.dp.rf.rf[2][23]$_DFFE_PP_/D
      138 |       0 |      34 |        0 |      0 |    12 |    +0.0% | -845.236 |  -862857.6 |   1257 | riscv.dp.rf.rf[2][23]$_DFFE_PP_/D
      139 |       0 |      34 |        0 |      0 |    12 |    +0.0% | -845.236 |  -862857.6 |   1257 | riscv.dp.rf.rf[2][23]$_DFFE_PP_/D
      140 |       0 |      34 |        0 |      0 |    12 |    +0.0% | -845.236 |  -862857.6 |   1257 | riscv.dp.rf.rf[2][23]$_DFFE_PP_/D
      140 |       0 |      34 |        0 |      0 |    12 |    +0.0% | -845.236 |  -862857.6 |   1257 | riscv.dp.rf.rf[2][23]$_DFFE_PP_/D
      141 |       0 |      34 |        0 |      0 |    12 |    +0.0% | -845.236 |  -862857.6 |   1257 | riscv.dp.rf.rf[2][23]$_DFFE_PP_/D
      142 |       0 |      34 |        0 |      0 |    12 |    +0.0% | -845.236 |  -862857.6 |   1257 | riscv.dp.rf.rf[2][23]$_DFFE_PP_/D
      143 |       0 |      34 |        0 |      0 |    12 |    +0.0% | -845.236 |  -862857.6 |   1257 | riscv.dp.rf.rf[2][23]$_DFFE_PP_/D
      144 |       0 |      34 |        0 |      0 |    12 |    +0.0% | -845.236 |  -862857.6 |   1257 | riscv.dp.rf.rf[2][23]$_DFFE_PP_/D
      146 |       0 |      34 |        0 |      0 |    12 |    +0.0% | -845.236 |  -862857.6 |   1257 | riscv.dp.rf.rf[2][23]$_DFFE_PP_/D
      148 |       0 |      34 |        0 |      0 |    12 |    +0.0% | -845.236 |  -862857.6 |   1257 | riscv.dp.rf.rf[2][23]$_DFFE_PP_/D
      149 |       0 |      34 |        0 |      0 |    12 |    +0.0% | -845.236 |  -862857.6 |   1257 | riscv.dp.rf.rf[2][23]$_DFFE_PP_/D
      150 |       0 |      34 |        0 |      0 |    12 |    +0.0% | -845.236 |  -862857.6 |   1257 | riscv.dp.rf.rf[2][23]$_DFFE_PP_/D
      150 |       0 |      34 |        0 |      0 |    12 |    +0.0% | -845.236 |  -862857.6 |   1257 | riscv.dp.rf.rf[2][23]$_DFFE_PP_/D
      151 |       0 |      34 |        0 |      0 |    12 |    +0.0% | -845.236 |  -862857.6 |   1257 | riscv.dp.rf.rf[2][23]$_DFFE_PP_/D
      152 |       0 |      34 |        0 |      0 |    12 |    +0.0% | -845.236 |  -862857.6 |   1257 | riscv.dp.rf.rf[2][23]$_DFFE_PP_/D
      153 |       0 |      34 |        0 |      0 |    12 |    +0.0% | -845.236 |  -862857.6 |   1257 | riscv.dp.rf.rf[2][23]$_DFFE_PP_/D
      154 |       0 |      34 |        0 |      0 |    12 |    +0.0% | -845.236 |  -862857.6 |   1257 | riscv.dp.rf.rf[2][23]$_DFFE_PP_/D
      155 |       0 |      34 |        0 |      0 |    12 |    +0.0% | -845.236 |  -862857.6 |   1257 | riscv.dp.rf.rf[2][23]$_DFFE_PP_/D
      156 |       0 |      34 |        0 |      0 |    12 |    +0.0% | -845.236 |  -862857.6 |   1257 | riscv.dp.rf.rf[2][23]$_DFFE_PP_/D
      157 |       0 |      34 |        0 |      0 |    12 |    +0.0% | -845.236 |  -862857.6 |   1257 | riscv.dp.rf.rf[2][23]$_DFFE_PP_/D
      158 |       0 |      34 |        0 |      0 |    12 |    +0.0% | -845.236 |  -862857.6 |   1257 | riscv.dp.rf.rf[2][23]$_DFFE_PP_/D
      159 |       0 |      34 |        0 |      0 |    12 |    +0.0% | -845.236 |  -862857.6 |   1257 | riscv.dp.rf.rf[2][23]$_DFFE_PP_/D
      160 |       0 |      34 |        0 |      0 |    12 |    +0.0% | -845.236 |  -862857.6 |   1257 | riscv.dp.rf.rf[2][23]$_DFFE_PP_/D
      160 |       0 |      34 |        0 |      0 |    12 |    +0.0% | -845.236 |  -862857.6 |   1257 | riscv.dp.rf.rf[2][23]$_DFFE_PP_/D
      161 |       0 |      34 |        0 |      0 |    12 |    +0.0% | -845.236 |  -862857.6 |   1257 | riscv.dp.rf.rf[2][23]$_DFFE_PP_/D
      162 |       0 |      34 |        0 |      0 |    12 |    +0.0% | -845.236 |  -862857.6 |   1257 | riscv.dp.rf.rf[2][23]$_DFFE_PP_/D
      163 |       0 |      34 |        0 |      0 |    12 |    +0.0% | -845.236 |  -862857.6 |   1257 | riscv.dp.rf.rf[2][23]$_DFFE_PP_/D
      164 |       0 |      34 |        0 |      0 |    12 |    +0.0% | -845.236 |  -862857.6 |   1257 | riscv.dp.rf.rf[2][23]$_DFFE_PP_/D
      165 |       0 |      34 |        0 |      0 |    12 |    +0.0% | -845.236 |  -862857.6 |   1257 | riscv.dp.rf.rf[2][23]$_DFFE_PP_/D
      166 |       0 |      34 |        0 |      0 |    12 |    +0.0% | -845.236 |  -862857.6 |   1257 | riscv.dp.rf.rf[2][23]$_DFFE_PP_/D
      167 |       0 |      34 |        0 |      0 |    12 |    +0.0% | -845.236 |  -862857.6 |   1257 | riscv.dp.rf.rf[2][23]$_DFFE_PP_/D
      168 |       0 |      34 |        0 |      0 |    12 |    +0.0% | -845.236 |  -862857.6 |   1257 | riscv.dp.rf.rf[2][23]$_DFFE_PP_/D
      169 |       0 |      34 |        0 |      0 |    12 |    +0.0% | -845.236 |  -862857.6 |   1257 | riscv.dp.rf.rf[2][23]$_DFFE_PP_/D
      170 |       0 |      34 |        0 |      0 |    12 |    +0.0% | -845.236 |  -862857.6 |   1257 | riscv.dp.rf.rf[2][23]$_DFFE_PP_/D
      170 |       0 |      34 |        0 |      0 |    12 |    +0.0% | -845.236 |  -862857.6 |   1257 | riscv.dp.rf.rf[2][23]$_DFFE_PP_/D
      171 |       0 |      34 |        0 |      0 |    12 |    +0.0% | -845.236 |  -862857.6 |   1257 | riscv.dp.rf.rf[2][23]$_DFFE_PP_/D
      172 |       0 |      34 |        0 |      0 |    12 |    +0.0% | -845.236 |  -862857.6 |   1257 | riscv.dp.rf.rf[2][23]$_DFFE_PP_/D
      173 |       0 |      34 |        0 |      0 |    12 |    +0.0% | -845.236 |  -862857.6 |   1257 | riscv.dp.rf.rf[2][23]$_DFFE_PP_/D
      174 |       0 |      34 |        0 |      0 |    12 |    +0.0% | -845.236 |  -862857.6 |   1257 | riscv.dp.rf.rf[2][23]$_DFFE_PP_/D
      175 |       0 |      34 |        0 |      0 |    12 |    +0.0% | -845.236 |  -862857.6 |   1257 | riscv.dp.rf.rf[2][23]$_DFFE_PP_/D
      176 |       0 |      34 |        0 |      0 |    12 |    +0.0% | -845.236 |  -862857.6 |   1257 | riscv.dp.rf.rf[2][23]$_DFFE_PP_/D
      177 |       0 |      34 |        0 |      0 |    12 |    +0.0% | -845.236 |  -862857.6 |   1257 | riscv.dp.rf.rf[2][23]$_DFFE_PP_/D
      178 |       0 |      34 |        0 |      0 |    12 |    +0.0% | -845.236 |  -862857.6 |   1257 | riscv.dp.rf.rf[2][23]$_DFFE_PP_/D
      179 |       0 |      34 |        0 |      0 |    12 |    +0.0% | -845.236 |  -862857.6 |   1257 | riscv.dp.rf.rf[2][23]$_DFFE_PP_/D
      180 |       0 |      34 |        0 |      0 |    12 |    +0.0% | -845.236 |  -862857.6 |   1257 | riscv.dp.rf.rf[2][23]$_DFFE_PP_/D
      180 |       0 |      34 |        0 |      0 |    12 |    +0.0% | -845.236 |  -862857.6 |   1257 | riscv.dp.rf.rf[2][23]$_DFFE_PP_/D
      181 |       0 |      34 |        0 |      0 |    12 |    +0.0% | -845.236 |  -862857.6 |   1257 | riscv.dp.rf.rf[2][23]$_DFFE_PP_/D
      182 |       0 |      34 |        0 |      0 |    12 |    +0.0% | -845.236 |  -862857.6 |   1257 | riscv.dp.rf.rf[2][23]$_DFFE_PP_/D
      183 |       0 |      34 |        0 |      0 |    12 |    +0.0% | -845.236 |  -862857.6 |   1257 | riscv.dp.rf.rf[2][23]$_DFFE_PP_/D
      184 |       0 |      34 |        0 |      0 |    12 |    +0.0% | -845.236 |  -862857.6 |   1257 | riscv.dp.rf.rf[2][23]$_DFFE_PP_/D
      185 |       0 |      34 |        0 |      0 |    12 |    +0.0% | -845.236 |  -862857.6 |   1257 | riscv.dp.rf.rf[2][23]$_DFFE_PP_/D
      186 |       0 |      34 |        0 |      0 |    12 |    +0.0% | -845.236 |  -862857.6 |   1257 | riscv.dp.rf.rf[2][23]$_DFFE_PP_/D
      187 |       0 |      34 |        0 |      0 |    12 |    +0.0% | -845.236 |  -862857.6 |   1257 | riscv.dp.rf.rf[2][23]$_DFFE_PP_/D
      188 |       0 |      34 |        0 |      0 |    12 |    +0.0% | -845.236 |  -862857.6 |   1257 | riscv.dp.rf.rf[2][23]$_DFFE_PP_/D
      189 |       0 |      34 |        0 |      0 |    12 |    +0.0% | -845.236 |  -862857.6 |   1257 | riscv.dp.rf.rf[2][23]$_DFFE_PP_/D
      190 |       0 |      34 |        0 |      0 |    12 |    +0.0% | -845.236 |  -862857.6 |   1257 | riscv.dp.rf.rf[2][23]$_DFFE_PP_/D
      190 |       0 |      34 |        0 |      0 |    12 |    +0.0% | -845.236 |  -862857.6 |   1257 | riscv.dp.rf.rf[2][23]$_DFFE_PP_/D
      191 |       0 |      34 |        0 |      0 |    12 |    +0.0% | -845.236 |  -862857.6 |   1257 | riscv.dp.rf.rf[2][23]$_DFFE_PP_/D
      192 |       0 |      34 |        0 |      0 |    12 |    +0.0% | -845.236 |  -862857.6 |   1257 | riscv.dp.rf.rf[2][23]$_DFFE_PP_/D
      193 |       0 |      34 |        0 |      0 |    12 |    +0.0% | -845.236 |  -862857.6 |   1257 | riscv.dp.rf.rf[2][23]$_DFFE_PP_/D
      194 |       0 |      34 |        0 |      0 |    12 |    +0.0% | -845.236 |  -862857.6 |   1257 | riscv.dp.rf.rf[2][23]$_DFFE_PP_/D
      195 |       0 |      34 |        0 |      0 |    12 |    +0.0% | -845.236 |  -862857.6 |   1257 | riscv.dp.rf.rf[2][23]$_DFFE_PP_/D
      196 |       0 |      34 |        0 |      0 |    12 |    +0.0% | -845.236 |  -862857.6 |   1257 | riscv.dp.rf.rf[2][23]$_DFFE_PP_/D
      197 |       0 |      34 |        0 |      0 |    12 |    +0.0% | -845.236 |  -862857.6 |   1257 | riscv.dp.rf.rf[2][23]$_DFFE_PP_/D
      198 |       0 |      34 |        0 |      0 |    12 |    +0.0% | -845.236 |  -862857.6 |   1257 | riscv.dp.rf.rf[2][23]$_DFFE_PP_/D
      199 |       0 |      34 |        0 |      0 |    12 |    +0.0% | -845.236 |  -862857.6 |   1257 | riscv.dp.rf.rf[2][23]$_DFFE_PP_/D
      200 |       0 |      34 |        0 |      0 |    12 |    +0.0% | -845.236 |  -862857.6 |   1257 | riscv.dp.rf.rf[2][23]$_DFFE_PP_/D
      200 |       0 |      34 |        0 |      0 |    12 |    +0.0% | -845.236 |  -862857.6 |   1257 | riscv.dp.rf.rf[2][23]$_DFFE_PP_/D
      201 |       0 |      34 |        0 |      0 |    12 |    +0.0% | -845.236 |  -862857.6 |   1257 | riscv.dp.rf.rf[2][23]$_DFFE_PP_/D
      202 |       0 |      34 |        0 |      0 |    12 |    +0.0% | -845.236 |  -862857.6 |   1257 | riscv.dp.rf.rf[2][23]$_DFFE_PP_/D
      203 |       0 |      34 |        0 |      0 |    12 |    +0.0% | -845.236 |  -862857.6 |   1257 | riscv.dp.rf.rf[2][23]$_DFFE_PP_/D
      204 |       0 |      34 |        0 |      0 |    12 |    +0.0% | -845.236 |  -862857.6 |   1257 | riscv.dp.rf.rf[2][23]$_DFFE_PP_/D
      205 |       0 |      34 |        0 |      0 |    12 |    +0.0% | -845.236 |  -862857.6 |   1257 | riscv.dp.rf.rf[2][23]$_DFFE_PP_/D
      206 |       0 |      34 |        0 |      0 |    12 |    +0.0% | -845.236 |  -862857.6 |   1257 | riscv.dp.rf.rf[2][23]$_DFFE_PP_/D
      207 |       0 |      34 |        0 |      0 |    12 |    +0.0% | -845.236 |  -862857.6 |   1257 | riscv.dp.rf.rf[2][23]$_DFFE_PP_/D
      208 |       0 |      34 |        0 |      0 |    12 |    +0.0% | -845.236 |  -862857.6 |   1257 | riscv.dp.rf.rf[2][23]$_DFFE_PP_/D
      210 |       0 |      34 |        0 |      0 |    13 |    +0.0% | -845.236 |  -862918.9 |   1257 | riscv.dp.rf.rf[2][23]$_DFFE_PP_/D
      214 |       0 |      35 |        0 |      0 |    13 |    +0.0% | -845.236 |  -861808.4 |   1257 | riscv.dp.rf.rf[2][23]$_DFFE_PP_/D
      217 |       0 |      35 |        0 |      0 |    13 |    +0.0% | -845.236 |  -861808.4 |   1257 | riscv.dp.rf.rf[2][23]$_DFFE_PP_/D
      220 |       0 |      36 |        0 |      0 |    14 |    +0.0% | -845.330 |  -861864.8 |   1257 | riscv.dp.rf.rf[2][23]$_DFFE_PP_/D
      220 |       0 |      35 |        0 |      0 |    13 |    +0.0% | -845.236 |  -861808.4 |   1257 | riscv.dp.rf.rf[2][23]$_DFFE_PP_/D
      223 |       0 |      35 |        0 |      0 |    13 |    +0.0% | -845.236 |  -861808.4 |   1257 | riscv.dp.rf.rf[2][23]$_DFFE_PP_/D
      226 |       0 |      35 |        0 |      0 |    13 |    +0.0% | -845.236 |  -861808.4 |   1257 | riscv.dp.rf.rf[2][23]$_DFFE_PP_/D
      229 |       0 |      35 |        0 |      0 |    13 |    +0.0% | -845.236 |  -861808.4 |   1257 | riscv.dp.rf.rf[2][23]$_DFFE_PP_/D
      230 |       0 |      35 |        0 |      0 |    13 |    +0.0% | -845.236 |  -861808.4 |   1257 | riscv.dp.rf.rf[2][23]$_DFFE_PP_/D
      232 |       0 |      35 |        0 |      0 |    13 |    +0.0% | -845.236 |  -861808.4 |   1257 | riscv.dp.rf.rf[2][23]$_DFFE_PP_/D
      235 |       0 |      35 |        0 |      0 |    13 |    +0.0% | -845.236 |  -861808.4 |   1257 | riscv.dp.rf.rf[2][23]$_DFFE_PP_/D
      238 |       0 |      35 |        0 |      0 |    13 |    +0.0% | -845.236 |  -861808.4 |   1257 | riscv.dp.rf.rf[2][23]$_DFFE_PP_/D
      240 |       0 |      36 |        0 |      0 |    13 |    +0.0% | -845.330 |  -861860.1 |   1257 | riscv.dp.rf.rf[2][23]$_DFFE_PP_/D
      241 |       0 |      35 |        0 |      0 |    13 |    +0.0% | -845.236 |  -861808.4 |   1257 | riscv.dp.rf.rf[2][23]$_DFFE_PP_/D
      244 |       0 |      35 |        0 |      0 |    13 |    +0.0% | -845.236 |  -861808.4 |   1257 | riscv.dp.rf.rf[2][23]$_DFFE_PP_/D
      247 |       0 |      35 |        0 |      0 |    13 |    +0.0% | -845.236 |  -861808.4 |   1257 | riscv.dp.rf.rf[2][23]$_DFFE_PP_/D
      250 |       0 |      36 |        0 |      0 |    14 |    +0.0% | -845.330 |  -861864.8 |   1257 | riscv.dp.rf.rf[2][23]$_DFFE_PP_/D
      250 |       0 |      35 |        0 |      0 |    13 |    +0.0% | -845.236 |  -861808.4 |   1257 | riscv.dp.rf.rf[2][23]$_DFFE_PP_/D
      253 |       0 |      35 |        0 |      0 |    13 |    +0.0% | -845.236 |  -861808.4 |   1257 | riscv.dp.rf.rf[2][23]$_DFFE_PP_/D
      256 |       0 |      35 |        0 |      0 |    13 |    +0.0% | -845.236 |  -861808.4 |   1257 | riscv.dp.rf.rf[2][23]$_DFFE_PP_/D
      259 |       0 |      35 |        0 |      0 |    13 |    +0.0% | -845.236 |  -861808.4 |   1257 | riscv.dp.rf.rf[2][23]$_DFFE_PP_/D
      260 |       0 |      35 |        0 |      0 |    13 |    +0.0% | -845.236 |  -861808.4 |   1257 | riscv.dp.rf.rf[2][23]$_DFFE_PP_/D
      262 |       0 |      35 |        0 |      0 |    13 |    +0.0% | -845.236 |  -861808.4 |   1257 | riscv.dp.rf.rf[2][23]$_DFFE_PP_/D
      265 |       0 |      35 |        0 |      0 |    13 |    +0.0% | -845.236 |  -861808.4 |   1257 | riscv.dp.rf.rf[2][23]$_DFFE_PP_/D
      268 |       0 |      35 |        0 |      0 |    13 |    +0.0% | -845.236 |  -861808.4 |   1257 | riscv.dp.rf.rf[2][23]$_DFFE_PP_/D
      270 |       0 |      36 |        0 |      0 |    13 |    +0.0% | -845.330 |  -861860.1 |   1257 | riscv.dp.rf.rf[2][23]$_DFFE_PP_/D
      271 |       0 |      35 |        0 |      0 |    13 |    +0.0% | -845.236 |  -861808.4 |   1257 | riscv.dp.rf.rf[2][23]$_DFFE_PP_/D
      274 |       0 |      35 |        0 |      0 |    13 |    +0.0% | -845.236 |  -861808.4 |   1257 | riscv.dp.rf.rf[2][23]$_DFFE_PP_/D
      277 |       0 |      35 |        0 |      0 |    13 |    +0.0% | -845.236 |  -861808.4 |   1257 | riscv.dp.rf.rf[2][23]$_DFFE_PP_/D
      280 |       0 |      36 |        0 |      0 |    14 |    +0.0% | -845.330 |  -861864.8 |   1257 | riscv.dp.rf.rf[2][23]$_DFFE_PP_/D
      280 |       0 |      35 |        0 |      0 |    13 |    +0.0% | -845.236 |  -861808.4 |   1257 | riscv.dp.rf.rf[2][23]$_DFFE_PP_/D
      283 |       0 |      35 |        0 |      0 |    13 |    +0.0% | -845.236 |  -861808.4 |   1257 | riscv.dp.rf.rf[2][23]$_DFFE_PP_/D
      286 |       0 |      35 |        0 |      0 |    13 |    +0.0% | -845.236 |  -861808.4 |   1257 | riscv.dp.rf.rf[2][23]$_DFFE_PP_/D
      289 |       0 |      35 |        0 |      0 |    13 |    +0.0% | -845.236 |  -861808.4 |   1257 | riscv.dp.rf.rf[2][23]$_DFFE_PP_/D
      290 |       0 |      35 |        0 |      0 |    13 |    +0.0% | -845.236 |  -861808.4 |   1257 | riscv.dp.rf.rf[2][23]$_DFFE_PP_/D
      292 |       0 |      35 |        0 |      0 |    13 |    +0.0% | -845.236 |  -861808.4 |   1257 | riscv.dp.rf.rf[2][23]$_DFFE_PP_/D
      295 |       0 |      35 |        0 |      0 |    13 |    +0.0% | -845.236 |  -861808.4 |   1257 | riscv.dp.rf.rf[2][23]$_DFFE_PP_/D
      298 |       0 |      35 |        0 |      0 |    13 |    +0.0% | -845.236 |  -861808.4 |   1257 | riscv.dp.rf.rf[2][23]$_DFFE_PP_/D
      300 |       0 |      36 |        0 |      0 |    13 |    +0.0% | -845.330 |  -861860.1 |   1257 | riscv.dp.rf.rf[2][23]$_DFFE_PP_/D
      301 |       0 |      35 |        0 |      0 |    13 |    +0.0% | -845.236 |  -861808.4 |   1257 | riscv.dp.rf.rf[2][23]$_DFFE_PP_/D
      304 |       0 |      35 |        0 |      0 |    13 |    +0.0% | -845.236 |  -861808.4 |   1257 | riscv.dp.rf.rf[2][23]$_DFFE_PP_/D
      308 |       0 |      35 |        0 |      0 |    14 |    +0.0% | -845.236 |  -861741.9 |   1257 | riscv.dp.rf.rf[2][23]$_DFFE_PP_/D
      310 |       0 |      36 |        0 |      0 |    14 |    +0.0% | -845.330 |  -861793.6 |   1257 | riscv.dp.rf.rf[2][23]$_DFFE_PP_/D
      311 |       0 |      35 |        0 |      0 |    14 |    +0.0% | -845.236 |  -861741.9 |   1257 | riscv.dp.rf.rf[2][23]$_DFFE_PP_/D
      314 |       0 |      35 |        0 |      0 |    14 |    +0.0% | -845.236 |  -861741.9 |   1257 | riscv.dp.rf.rf[2][23]$_DFFE_PP_/D
      317 |       0 |      35 |        0 |      0 |    14 |    +0.0% | -845.236 |  -861741.9 |   1257 | riscv.dp.rf.rf[2][23]$_DFFE_PP_/D
      320 |       0 |      36 |        0 |      0 |    15 |    +0.0% | -845.330 |  -861798.2 |   1257 | riscv.dp.rf.rf[2][23]$_DFFE_PP_/D
      320 |       0 |      35 |        0 |      0 |    14 |    +0.0% | -845.236 |  -861741.9 |   1257 | riscv.dp.rf.rf[2][23]$_DFFE_PP_/D
      323 |       0 |      35 |        0 |      0 |    14 |    +0.0% | -845.236 |  -861741.9 |   1257 | riscv.dp.rf.rf[2][23]$_DFFE_PP_/D
      326 |       0 |      35 |        0 |      0 |    14 |    +0.0% | -845.236 |  -861741.9 |   1257 | riscv.dp.rf.rf[2][23]$_DFFE_PP_/D
      329 |       0 |      35 |        0 |      0 |    14 |    +0.0% | -845.236 |  -861741.9 |   1257 | riscv.dp.rf.rf[2][23]$_DFFE_PP_/D
      330 |       0 |      35 |        0 |      0 |    14 |    +0.0% | -845.236 |  -861741.9 |   1257 | riscv.dp.rf.rf[2][23]$_DFFE_PP_/D
      332 |       0 |      35 |        0 |      0 |    14 |    +0.0% | -845.236 |  -861741.9 |   1257 | riscv.dp.rf.rf[2][23]$_DFFE_PP_/D
      335 |       0 |      35 |        0 |      0 |    14 |    +0.0% | -845.236 |  -861741.9 |   1257 | riscv.dp.rf.rf[2][23]$_DFFE_PP_/D
      338 |       0 |      35 |        0 |      0 |    14 |    +0.0% | -845.236 |  -861741.9 |   1257 | riscv.dp.rf.rf[2][23]$_DFFE_PP_/D
      340 |       0 |      36 |        0 |      0 |    14 |    +0.0% | -845.330 |  -861793.6 |   1257 | riscv.dp.rf.rf[2][23]$_DFFE_PP_/D
      341 |       0 |      35 |        0 |      0 |    14 |    +0.0% | -845.236 |  -861741.9 |   1257 | riscv.dp.rf.rf[2][23]$_DFFE_PP_/D
      344 |       0 |      35 |        0 |      0 |    14 |    +0.0% | -845.236 |  -861741.9 |   1257 | riscv.dp.rf.rf[2][23]$_DFFE_PP_/D
      347 |       0 |      35 |        0 |      0 |    14 |    +0.0% | -845.236 |  -861741.9 |   1257 | riscv.dp.rf.rf[2][23]$_DFFE_PP_/D
      350 |       0 |      36 |        0 |      0 |    15 |    +0.0% | -845.330 |  -861798.2 |   1257 | riscv.dp.rf.rf[2][23]$_DFFE_PP_/D
      350 |       0 |      35 |        0 |      0 |    14 |    +0.0% | -845.236 |  -861741.9 |   1257 | riscv.dp.rf.rf[2][23]$_DFFE_PP_/D
      353 |       0 |      35 |        0 |      0 |    14 |    +0.0% | -845.236 |  -861741.9 |   1257 | riscv.dp.rf.rf[2][23]$_DFFE_PP_/D
      356 |       0 |      35 |        0 |      0 |    14 |    +0.0% | -845.236 |  -861741.9 |   1257 | riscv.dp.rf.rf[2][23]$_DFFE_PP_/D
      359 |       0 |      35 |        0 |      0 |    14 |    +0.0% | -845.236 |  -861741.9 |   1257 | riscv.dp.rf.rf[2][23]$_DFFE_PP_/D
      360 |       0 |      35 |        0 |      0 |    14 |    +0.0% | -845.236 |  -861741.9 |   1257 | riscv.dp.rf.rf[2][23]$_DFFE_PP_/D
      362 |       0 |      35 |        0 |      0 |    14 |    +0.0% | -845.236 |  -861741.9 |   1257 | riscv.dp.rf.rf[2][23]$_DFFE_PP_/D
      365 |       0 |      35 |        0 |      0 |    14 |    +0.0% | -845.236 |  -861741.9 |   1257 | riscv.dp.rf.rf[2][23]$_DFFE_PP_/D
      368 |       0 |      35 |        0 |      0 |    14 |    +0.0% | -845.236 |  -861741.9 |   1257 | riscv.dp.rf.rf[2][23]$_DFFE_PP_/D
      370 |       0 |      36 |        0 |      0 |    14 |    +0.0% | -845.330 |  -861793.6 |   1257 | riscv.dp.rf.rf[2][23]$_DFFE_PP_/D
      371 |       0 |      35 |        0 |      0 |    14 |    +0.0% | -845.236 |  -861741.9 |   1257 | riscv.dp.rf.rf[2][23]$_DFFE_PP_/D
      374 |       0 |      35 |        0 |      0 |    14 |    +0.0% | -845.236 |  -861741.9 |   1257 | riscv.dp.rf.rf[2][23]$_DFFE_PP_/D
      377 |       0 |      35 |        0 |      0 |    14 |    +0.0% | -845.236 |  -861741.9 |   1257 | riscv.dp.rf.rf[2][23]$_DFFE_PP_/D
      380 |       0 |      36 |        0 |      0 |    15 |    +0.0% | -845.330 |  -861798.2 |   1257 | riscv.dp.rf.rf[2][23]$_DFFE_PP_/D
      380 |       0 |      35 |        0 |      0 |    14 |    +0.0% | -845.236 |  -861741.9 |   1257 | riscv.dp.rf.rf[2][23]$_DFFE_PP_/D
      383 |       0 |      35 |        0 |      0 |    14 |    +0.0% | -845.236 |  -861741.9 |   1257 | riscv.dp.rf.rf[2][23]$_DFFE_PP_/D
      386 |       0 |      35 |        0 |      0 |    14 |    +0.0% | -845.236 |  -861741.9 |   1257 | riscv.dp.rf.rf[2][23]$_DFFE_PP_/D
      389 |       0 |      35 |        0 |      0 |    14 |    +0.0% | -845.236 |  -861741.9 |   1257 | riscv.dp.rf.rf[2][23]$_DFFE_PP_/D
      390 |       0 |      35 |        0 |      0 |    14 |    +0.0% | -845.236 |  -861741.9 |   1257 | riscv.dp.rf.rf[2][23]$_DFFE_PP_/D
      392 |       0 |      35 |        0 |      0 |    14 |    +0.0% | -845.236 |  -861741.9 |   1257 | riscv.dp.rf.rf[2][23]$_DFFE_PP_/D
      395 |       0 |      35 |        0 |      0 |    14 |    +0.0% | -845.236 |  -861741.9 |   1257 | riscv.dp.rf.rf[2][23]$_DFFE_PP_/D
      398 |       0 |      35 |        0 |      0 |    14 |    +0.0% | -845.236 |  -861741.9 |   1257 | riscv.dp.rf.rf[2][23]$_DFFE_PP_/D
      400 |       0 |      35 |        0 |      0 |    15 |    +0.0% | -845.236 |  -861721.6 |   1257 | riscv.dp.rf.rf[2][23]$_DFFE_PP_/D
      400 |       0 |      35 |        0 |      0 |    15 |    +0.0% | -845.236 |  -861721.6 |   1257 | riscv.dp.rf.rf[2][23]$_DFFE_PP_/D
      401 |       0 |      35 |        0 |      0 |    15 |    +0.0% | -845.236 |  -861721.6 |   1257 | riscv.dp.rf.rf[2][23]$_DFFE_PP_/D
      402 |       0 |      35 |        0 |      0 |    15 |    +0.0% | -845.236 |  -861721.6 |   1257 | riscv.dp.rf.rf[2][23]$_DFFE_PP_/D
      403 |       0 |      35 |        0 |      0 |    15 |    +0.0% | -845.236 |  -861721.6 |   1257 | riscv.dp.rf.rf[2][23]$_DFFE_PP_/D
      404 |       0 |      35 |        0 |      0 |    15 |    +0.0% | -845.236 |  -861721.6 |   1257 | riscv.dp.rf.rf[2][23]$_DFFE_PP_/D
      405 |       0 |      35 |        0 |      0 |    15 |    +0.0% | -845.236 |  -861721.6 |   1257 | riscv.dp.rf.rf[2][23]$_DFFE_PP_/D
      406 |       0 |      35 |        0 |      0 |    15 |    +0.0% | -845.236 |  -861721.6 |   1257 | riscv.dp.rf.rf[2][23]$_DFFE_PP_/D
      407 |       0 |      35 |        0 |      0 |    15 |    +0.0% | -845.236 |  -861721.6 |   1257 | riscv.dp.rf.rf[2][23]$_DFFE_PP_/D
      408 |       0 |      35 |        0 |      0 |    15 |    +0.0% | -845.236 |  -861721.6 |   1257 | riscv.dp.rf.rf[2][23]$_DFFE_PP_/D
      409 |       0 |      35 |        0 |      0 |    15 |    +0.0% | -845.236 |  -861721.6 |   1257 | riscv.dp.rf.rf[2][23]$_DFFE_PP_/D
      410 |       0 |      35 |        0 |      0 |    15 |    +0.0% | -845.236 |  -861721.6 |   1257 | riscv.dp.rf.rf[2][23]$_DFFE_PP_/D
      410 |       0 |      35 |        0 |      0 |    15 |    +0.0% | -845.236 |  -861721.6 |   1257 | riscv.dp.rf.rf[2][23]$_DFFE_PP_/D
      411 |       0 |      35 |        0 |      0 |    15 |    +0.0% | -845.236 |  -861721.6 |   1257 | riscv.dp.rf.rf[2][23]$_DFFE_PP_/D
      412 |       0 |      35 |        0 |      0 |    15 |    +0.0% | -845.236 |  -861721.6 |   1257 | riscv.dp.rf.rf[2][23]$_DFFE_PP_/D
      413 |       0 |      35 |        0 |      0 |    15 |    +0.0% | -845.236 |  -861721.6 |   1257 | riscv.dp.rf.rf[2][23]$_DFFE_PP_/D
      414 |       0 |      35 |        0 |      0 |    15 |    +0.0% | -845.236 |  -861721.6 |   1257 | riscv.dp.rf.rf[2][23]$_DFFE_PP_/D
      415 |       0 |      35 |        0 |      0 |    15 |    +0.0% | -845.236 |  -861721.6 |   1257 | riscv.dp.rf.rf[2][23]$_DFFE_PP_/D
      416 |       0 |      35 |        0 |      0 |    15 |    +0.0% | -845.236 |  -861721.6 |   1257 | riscv.dp.rf.rf[2][23]$_DFFE_PP_/D
      417 |       0 |      35 |        0 |      0 |    15 |    +0.0% | -845.236 |  -861721.6 |   1257 | riscv.dp.rf.rf[2][23]$_DFFE_PP_/D
      418 |       0 |      35 |        0 |      0 |    15 |    +0.0% | -845.236 |  -861721.6 |   1257 | riscv.dp.rf.rf[2][23]$_DFFE_PP_/D
      419 |       0 |      35 |        0 |      0 |    15 |    +0.0% | -845.236 |  -861721.6 |   1257 | riscv.dp.rf.rf[2][23]$_DFFE_PP_/D
      420 |       0 |      35 |        0 |      0 |    15 |    +0.0% | -845.236 |  -861721.6 |   1257 | riscv.dp.rf.rf[2][23]$_DFFE_PP_/D
      420 |       0 |      35 |        0 |      0 |    15 |    +0.0% | -845.236 |  -861721.6 |   1257 | riscv.dp.rf.rf[2][23]$_DFFE_PP_/D
      421 |       0 |      35 |        0 |      0 |    15 |    +0.0% | -845.236 |  -861721.6 |   1257 | riscv.dp.rf.rf[2][23]$_DFFE_PP_/D
      422 |       0 |      35 |        0 |      0 |    15 |    +0.0% | -845.236 |  -861721.6 |   1257 | riscv.dp.rf.rf[2][23]$_DFFE_PP_/D
      423 |       0 |      35 |        0 |      0 |    15 |    +0.0% | -845.236 |  -861721.6 |   1257 | riscv.dp.rf.rf[2][23]$_DFFE_PP_/D
      424 |       0 |      35 |        0 |      0 |    15 |    +0.0% | -845.236 |  -861721.6 |   1257 | riscv.dp.rf.rf[2][23]$_DFFE_PP_/D
      425 |       0 |      35 |        0 |      0 |    15 |    +0.0% | -845.236 |  -861721.6 |   1257 | riscv.dp.rf.rf[2][23]$_DFFE_PP_/D
      426 |       0 |      35 |        0 |      0 |    15 |    +0.0% | -845.236 |  -861721.6 |   1257 | riscv.dp.rf.rf[2][23]$_DFFE_PP_/D
      427 |       0 |      35 |        0 |      0 |    15 |    +0.0% | -845.236 |  -861721.6 |   1257 | riscv.dp.rf.rf[2][23]$_DFFE_PP_/D
      428 |       0 |      35 |        0 |      0 |    15 |    +0.0% | -845.236 |  -861721.6 |   1257 | riscv.dp.rf.rf[2][23]$_DFFE_PP_/D
      429 |       0 |      35 |        0 |      0 |    15 |    +0.0% | -845.236 |  -861721.6 |   1257 | riscv.dp.rf.rf[2][23]$_DFFE_PP_/D
      430 |       0 |      35 |        0 |      0 |    15 |    +0.0% | -845.236 |  -861721.6 |   1257 | riscv.dp.rf.rf[2][23]$_DFFE_PP_/D
      430 |       0 |      35 |        0 |      0 |    15 |    +0.0% | -845.236 |  -861721.6 |   1257 | riscv.dp.rf.rf[2][23]$_DFFE_PP_/D
      431 |       0 |      35 |        0 |      0 |    15 |    +0.0% | -845.236 |  -861721.6 |   1257 | riscv.dp.rf.rf[2][23]$_DFFE_PP_/D
      432 |       0 |      35 |        0 |      0 |    15 |    +0.0% | -845.236 |  -861721.6 |   1257 | riscv.dp.rf.rf[2][23]$_DFFE_PP_/D
      433 |       0 |      35 |        0 |      0 |    15 |    +0.0% | -845.236 |  -861721.6 |   1257 | riscv.dp.rf.rf[2][23]$_DFFE_PP_/D
      434 |       0 |      35 |        0 |      0 |    15 |    +0.0% | -845.236 |  -861721.6 |   1257 | riscv.dp.rf.rf[2][23]$_DFFE_PP_/D
      435 |       0 |      35 |        0 |      0 |    15 |    +0.0% | -845.236 |  -861721.6 |   1257 | riscv.dp.rf.rf[2][23]$_DFFE_PP_/D
      436 |       0 |      35 |        0 |      0 |    15 |    +0.0% | -845.236 |  -861721.6 |   1257 | riscv.dp.rf.rf[2][23]$_DFFE_PP_/D
      437 |       0 |      35 |        0 |      0 |    15 |    +0.0% | -845.236 |  -861721.6 |   1257 | riscv.dp.rf.rf[2][23]$_DFFE_PP_/D
      438 |       0 |      35 |        0 |      0 |    15 |    +0.0% | -845.236 |  -861721.6 |   1257 | riscv.dp.rf.rf[2][23]$_DFFE_PP_/D
      439 |       0 |      35 |        0 |      0 |    15 |    +0.0% | -845.236 |  -861721.6 |   1257 | riscv.dp.rf.rf[2][23]$_DFFE_PP_/D
      440 |       0 |      35 |        0 |      0 |    15 |    +0.0% | -845.236 |  -861721.6 |   1257 | riscv.dp.rf.rf[2][23]$_DFFE_PP_/D
      440 |       0 |      35 |        0 |      0 |    15 |    +0.0% | -845.236 |  -861721.6 |   1257 | riscv.dp.rf.rf[2][23]$_DFFE_PP_/D
      441 |       0 |      35 |        0 |      0 |    15 |    +0.0% | -845.236 |  -861721.6 |   1257 | riscv.dp.rf.rf[2][23]$_DFFE_PP_/D
      442 |       0 |      35 |        0 |      0 |    15 |    +0.0% | -845.236 |  -861721.6 |   1257 | riscv.dp.rf.rf[2][23]$_DFFE_PP_/D
      443 |       0 |      35 |        0 |      0 |    15 |    +0.0% | -845.236 |  -861721.6 |   1257 | riscv.dp.rf.rf[2][23]$_DFFE_PP_/D
      444 |       0 |      35 |        0 |      0 |    15 |    +0.0% | -845.236 |  -861721.6 |   1257 | riscv.dp.rf.rf[2][23]$_DFFE_PP_/D
      445 |       0 |      35 |        0 |      0 |    15 |    +0.0% | -845.236 |  -861721.6 |   1257 | riscv.dp.rf.rf[2][23]$_DFFE_PP_/D
      446 |       0 |      35 |        0 |      0 |    15 |    +0.0% | -845.236 |  -861721.6 |   1257 | riscv.dp.rf.rf[2][23]$_DFFE_PP_/D
      447 |       0 |      35 |        0 |      0 |    15 |    +0.0% | -845.236 |  -861721.6 |   1257 | riscv.dp.rf.rf[2][23]$_DFFE_PP_/D
      448 |       0 |      35 |        0 |      0 |    15 |    +0.0% | -845.236 |  -861721.6 |   1257 | riscv.dp.rf.rf[2][23]$_DFFE_PP_/D
      449 |       0 |      35 |        0 |      0 |    15 |    +0.0% | -845.236 |  -861721.6 |   1257 | riscv.dp.rf.rf[2][23]$_DFFE_PP_/D
      450 |       0 |      35 |        0 |      0 |    15 |    +0.0% | -845.236 |  -861721.6 |   1257 | riscv.dp.rf.rf[2][23]$_DFFE_PP_/D
      450 |       0 |      35 |        0 |      0 |    15 |    +0.0% | -845.236 |  -861721.6 |   1257 | riscv.dp.rf.rf[2][23]$_DFFE_PP_/D
      451 |       0 |      35 |        0 |      0 |    15 |    +0.0% | -845.236 |  -861721.6 |   1257 | riscv.dp.rf.rf[2][23]$_DFFE_PP_/D
      452 |       0 |      35 |        0 |      0 |    15 |    +0.0% | -845.236 |  -861721.6 |   1257 | riscv.dp.rf.rf[2][23]$_DFFE_PP_/D
      453 |       0 |      35 |        0 |      0 |    15 |    +0.0% | -845.236 |  -861721.6 |   1257 | riscv.dp.rf.rf[2][23]$_DFFE_PP_/D
      454 |       0 |      35 |        0 |      0 |    15 |    +0.0% | -845.236 |  -861721.6 |   1257 | riscv.dp.rf.rf[2][23]$_DFFE_PP_/D
      455 |       0 |      35 |        0 |      0 |    15 |    +0.0% | -845.236 |  -861721.6 |   1257 | riscv.dp.rf.rf[2][23]$_DFFE_PP_/D
      456 |       0 |      35 |        0 |      0 |    15 |    +0.0% | -845.236 |  -861721.6 |   1257 | riscv.dp.rf.rf[2][23]$_DFFE_PP_/D
      457 |       0 |      35 |        0 |      0 |    15 |    +0.0% | -845.236 |  -861721.6 |   1257 | riscv.dp.rf.rf[2][23]$_DFFE_PP_/D
      458 |       0 |      35 |        0 |      0 |    15 |    +0.0% | -845.236 |  -861721.6 |   1257 | riscv.dp.rf.rf[2][23]$_DFFE_PP_/D
      459 |       0 |      35 |        0 |      0 |    15 |    +0.0% | -845.236 |  -861721.6 |   1257 | riscv.dp.rf.rf[2][23]$_DFFE_PP_/D
      460 |       0 |      35 |        0 |      0 |    15 |    +0.0% | -845.236 |  -861721.6 |   1257 | riscv.dp.rf.rf[2][23]$_DFFE_PP_/D
      460 |       0 |      35 |        0 |      0 |    15 |    +0.0% | -845.236 |  -861721.6 |   1257 | riscv.dp.rf.rf[2][23]$_DFFE_PP_/D
      461 |       0 |      35 |        0 |      0 |    15 |    +0.0% | -845.236 |  -861721.6 |   1257 | riscv.dp.rf.rf[2][23]$_DFFE_PP_/D
      465 |       0 |      37 |        0 |      0 |    16 |    +0.0% | -845.236 |  -860618.6 |   1257 | riscv.dp.rf.rf[2][23]$_DFFE_PP_/D
      469 |       0 |      39 |        0 |      0 |    17 |    +0.0% | -845.236 |  -859515.5 |   1257 | riscv.dp.rf.rf[2][23]$_DFFE_PP_/D
      470 |       0 |      39 |        0 |      0 |    17 |    +0.0% | -845.236 |  -859515.5 |   1257 | riscv.dp.rf.rf[2][23]$_DFFE_PP_/D
      470 |       0 |      39 |        0 |      0 |    17 |    +0.0% | -845.236 |  -859515.5 |   1257 | riscv.dp.rf.rf[2][23]$_DFFE_PP_/D
      471 |       0 |      39 |        0 |      0 |    17 |    +0.0% | -845.236 |  -859515.5 |   1257 | riscv.dp.rf.rf[2][23]$_DFFE_PP_/D
      475 |       0 |      41 |        0 |      0 |    18 |    +0.0% | -845.236 |  -858412.5 |   1257 | riscv.dp.rf.rf[2][23]$_DFFE_PP_/D
      476 |       0 |      41 |        0 |      0 |    18 |    +0.0% | -845.236 |  -858412.5 |   1257 | riscv.dp.rf.rf[2][23]$_DFFE_PP_/D
      477 |       0 |      41 |        0 |      0 |    18 |    +0.0% | -845.236 |  -858412.5 |   1257 | riscv.dp.rf.rf[2][23]$_DFFE_PP_/D
      478 |       0 |      41 |        0 |      0 |    18 |    +0.0% | -845.236 |  -858412.5 |   1257 | riscv.dp.rf.rf[2][23]$_DFFE_PP_/D
      479 |       0 |      41 |        0 |      0 |    18 |    +0.0% | -845.236 |  -858412.5 |   1257 | riscv.dp.rf.rf[2][23]$_DFFE_PP_/D
      480 |       0 |      41 |        0 |      0 |    18 |    +0.0% | -845.236 |  -858412.5 |   1257 | riscv.dp.rf.rf[2][23]$_DFFE_PP_/D
      480 |       0 |      41 |        0 |      0 |    18 |    +0.0% | -845.236 |  -858412.5 |   1257 | riscv.dp.rf.rf[2][23]$_DFFE_PP_/D
      481 |       0 |      41 |        0 |      0 |    18 |    +0.0% | -845.236 |  -858412.5 |   1257 | riscv.dp.rf.rf[2][23]$_DFFE_PP_/D
      482 |       0 |      41 |        0 |      0 |    18 |    +0.0% | -845.236 |  -858412.5 |   1257 | riscv.dp.rf.rf[2][23]$_DFFE_PP_/D
      483 |       0 |      41 |        0 |      0 |    18 |    +0.0% | -845.236 |  -858412.5 |   1257 | riscv.dp.rf.rf[2][23]$_DFFE_PP_/D
      484 |       0 |      41 |        0 |      0 |    18 |    +0.0% | -845.236 |  -858412.5 |   1257 | riscv.dp.rf.rf[2][23]$_DFFE_PP_/D
      485 |       0 |      41 |        0 |      0 |    18 |    +0.0% | -845.236 |  -858412.5 |   1257 | riscv.dp.rf.rf[2][23]$_DFFE_PP_/D
      486 |       0 |      41 |        0 |      0 |    18 |    +0.0% | -845.236 |  -858412.5 |   1257 | riscv.dp.rf.rf[2][23]$_DFFE_PP_/D
      487 |       0 |      41 |        0 |      0 |    18 |    +0.0% | -845.236 |  -858412.5 |   1257 | riscv.dp.rf.rf[2][23]$_DFFE_PP_/D
      488 |       0 |      41 |        0 |      0 |    18 |    +0.0% | -845.236 |  -858412.5 |   1257 | riscv.dp.rf.rf[2][23]$_DFFE_PP_/D
      489 |       0 |      41 |        0 |      0 |    18 |    +0.0% | -845.236 |  -858412.5 |   1257 | riscv.dp.rf.rf[2][23]$_DFFE_PP_/D
      490 |       0 |      41 |        0 |      0 |    18 |    +0.0% | -845.236 |  -858412.5 |   1257 | riscv.dp.rf.rf[2][23]$_DFFE_PP_/D
      490 |       0 |      41 |        0 |      0 |    18 |    +0.0% | -845.236 |  -858412.5 |   1257 | riscv.dp.rf.rf[2][23]$_DFFE_PP_/D
      491 |       0 |      41 |        0 |      0 |    18 |    +0.0% | -845.236 |  -858412.5 |   1257 | riscv.dp.rf.rf[2][23]$_DFFE_PP_/D
      492 |       0 |      41 |        0 |      0 |    18 |    +0.0% | -845.236 |  -858412.5 |   1257 | riscv.dp.rf.rf[2][23]$_DFFE_PP_/D
      493 |       0 |      41 |        0 |      0 |    18 |    +0.0% | -845.236 |  -858412.5 |   1257 | riscv.dp.rf.rf[2][23]$_DFFE_PP_/D
      494 |       0 |      41 |        0 |      0 |    18 |    +0.0% | -845.236 |  -858412.5 |   1257 | riscv.dp.rf.rf[2][23]$_DFFE_PP_/D
      495 |       0 |      41 |        0 |      0 |    18 |    +0.0% | -845.236 |  -858412.5 |   1257 | riscv.dp.rf.rf[2][23]$_DFFE_PP_/D
      496 |       0 |      41 |        0 |      0 |    18 |    +0.0% | -845.236 |  -858412.5 |   1257 | riscv.dp.rf.rf[2][23]$_DFFE_PP_/D
      497 |       0 |      41 |        0 |      0 |    18 |    +0.0% | -845.236 |  -858412.5 |   1257 | riscv.dp.rf.rf[2][23]$_DFFE_PP_/D
      498 |       0 |      41 |        0 |      0 |    18 |    +0.0% | -845.236 |  -858412.5 |   1257 | riscv.dp.rf.rf[2][23]$_DFFE_PP_/D
      499 |       0 |      41 |        0 |      0 |    18 |    +0.0% | -845.236 |  -858412.5 |   1257 | riscv.dp.rf.rf[2][23]$_DFFE_PP_/D
      500 |       0 |      41 |        0 |      0 |    18 |    +0.0% | -845.236 |  -858412.5 |   1257 | riscv.dp.rf.rf[2][23]$_DFFE_PP_/D
      500 |       0 |      41 |        0 |      0 |    18 |    +0.0% | -845.236 |  -858412.5 |   1257 | riscv.dp.rf.rf[2][23]$_DFFE_PP_/D
      501 |       0 |      41 |        0 |      0 |    18 |    +0.0% | -845.236 |  -858412.5 |   1257 | riscv.dp.rf.rf[2][23]$_DFFE_PP_/D
      502 |       0 |      41 |        0 |      0 |    18 |    +0.0% | -845.236 |  -858412.5 |   1257 | riscv.dp.rf.rf[2][23]$_DFFE_PP_/D
      503 |       0 |      41 |        0 |      0 |    18 |    +0.0% | -845.236 |  -858412.5 |   1257 | riscv.dp.rf.rf[2][23]$_DFFE_PP_/D
      504 |       0 |      41 |        0 |      0 |    18 |    +0.0% | -845.236 |  -858412.5 |   1257 | riscv.dp.rf.rf[2][23]$_DFFE_PP_/D
      505 |       0 |      41 |        0 |      0 |    18 |    +0.0% | -845.236 |  -858412.5 |   1257 | riscv.dp.rf.rf[2][23]$_DFFE_PP_/D
      506 |       0 |      41 |        0 |      0 |    18 |    +0.0% | -845.236 |  -858412.5 |   1257 | riscv.dp.rf.rf[2][23]$_DFFE_PP_/D
      507 |       0 |      41 |        0 |      0 |    18 |    +0.0% | -845.236 |  -858412.5 |   1257 | riscv.dp.rf.rf[2][23]$_DFFE_PP_/D
      508 |       0 |      41 |        0 |      0 |    18 |    +0.0% | -845.236 |  -858412.5 |   1257 | riscv.dp.rf.rf[2][23]$_DFFE_PP_/D
      509 |       0 |      41 |        0 |      0 |    18 |    +0.0% | -845.236 |  -858412.5 |   1257 | riscv.dp.rf.rf[2][23]$_DFFE_PP_/D
      510 |       0 |      41 |        0 |      0 |    18 |    +0.0% | -845.236 |  -858412.5 |   1257 | riscv.dp.rf.rf[2][23]$_DFFE_PP_/D
      510 |       0 |      41 |        0 |      0 |    18 |    +0.0% | -845.236 |  -858412.5 |   1257 | riscv.dp.rf.rf[2][23]$_DFFE_PP_/D
      511 |       0 |      41 |        0 |      0 |    18 |    +0.0% | -845.236 |  -858412.5 |   1257 | riscv.dp.rf.rf[2][23]$_DFFE_PP_/D
      513 |       0 |      41 |        0 |      0 |    18 |    +0.0% | -845.236 |  -858412.5 |   1257 | riscv.dp.rf.rf[2][23]$_DFFE_PP_/D
      515 |       0 |      41 |        0 |      0 |    18 |    +0.0% | -845.236 |  -858412.5 |   1257 | riscv.dp.rf.rf[2][23]$_DFFE_PP_/D
      517 |       0 |      41 |        0 |      0 |    18 |    +0.0% | -845.236 |  -858412.5 |   1257 | riscv.dp.rf.rf[2][23]$_DFFE_PP_/D
      519 |       0 |      41 |        0 |      0 |    18 |    +0.0% | -845.236 |  -858412.5 |   1257 | riscv.dp.rf.rf[2][23]$_DFFE_PP_/D
      520 |       0 |      41 |        0 |      0 |    18 |    +0.0% | -845.236 |  -858412.5 |   1257 | riscv.dp.rf.rf[2][23]$_DFFE_PP_/D
      520 |       0 |      41 |        0 |      0 |    18 |    +0.0% | -845.236 |  -858412.5 |   1257 | riscv.dp.rf.rf[2][23]$_DFFE_PP_/D
      521 |       0 |      41 |        0 |      0 |    18 |    +0.0% | -845.236 |  -858412.5 |   1257 | riscv.dp.rf.rf[2][23]$_DFFE_PP_/D
      522 |       0 |      41 |        0 |      0 |    18 |    +0.0% | -845.236 |  -858412.5 |   1257 | riscv.dp.rf.rf[2][23]$_DFFE_PP_/D
      523 |       0 |      41 |        0 |      0 |    18 |    +0.0% | -845.236 |  -858412.5 |   1257 | riscv.dp.rf.rf[2][23]$_DFFE_PP_/D
      524 |       0 |      41 |        0 |      0 |    18 |    +0.0% | -845.236 |  -858412.5 |   1257 | riscv.dp.rf.rf[2][23]$_DFFE_PP_/D
      525 |       0 |      41 |        0 |      0 |    18 |    +0.0% | -845.236 |  -858412.5 |   1257 | riscv.dp.rf.rf[2][23]$_DFFE_PP_/D
      526 |       0 |      41 |        0 |      0 |    18 |    +0.0% | -845.236 |  -858412.5 |   1257 | riscv.dp.rf.rf[2][23]$_DFFE_PP_/D
      527 |       0 |      41 |        0 |      0 |    18 |    +0.0% | -845.236 |  -858412.5 |   1257 | riscv.dp.rf.rf[2][23]$_DFFE_PP_/D
      529 |       0 |      41 |        0 |      0 |    18 |    +0.0% | -845.236 |  -858412.5 |   1257 | riscv.dp.rf.rf[2][23]$_DFFE_PP_/D
      530 |       0 |      41 |        0 |      0 |    18 |    +0.0% | -845.236 |  -858412.5 |   1257 | riscv.dp.rf.rf[2][23]$_DFFE_PP_/D
      531 |       0 |      41 |        0 |      0 |    18 |    +0.0% | -845.236 |  -858412.5 |   1257 | riscv.dp.rf.rf[2][23]$_DFFE_PP_/D
      532 |       0 |      41 |        0 |      0 |    18 |    +0.0% | -845.236 |  -858412.5 |   1257 | riscv.dp.rf.rf[2][23]$_DFFE_PP_/D
      533 |       0 |      41 |        0 |      0 |    18 |    +0.0% | -845.236 |  -858412.5 |   1257 | riscv.dp.rf.rf[2][23]$_DFFE_PP_/D
      534 |       0 |      41 |        0 |      0 |    18 |    +0.0% | -845.236 |  -858412.5 |   1257 | riscv.dp.rf.rf[2][23]$_DFFE_PP_/D
      535 |       0 |      41 |        0 |      0 |    18 |    +0.0% | -845.236 |  -858412.5 |   1257 | riscv.dp.rf.rf[2][23]$_DFFE_PP_/D
      536 |       0 |      41 |        0 |      0 |    18 |    +0.0% | -845.236 |  -858412.5 |   1257 | riscv.dp.rf.rf[2][23]$_DFFE_PP_/D
      537 |       0 |      41 |        0 |      0 |    18 |    +0.0% | -845.236 |  -858412.5 |   1257 | riscv.dp.rf.rf[2][23]$_DFFE_PP_/D
      538 |       0 |      41 |        0 |      0 |    18 |    +0.0% | -845.236 |  -858412.5 |   1257 | riscv.dp.rf.rf[2][23]$_DFFE_PP_/D
      539 |       0 |      41 |        0 |      0 |    18 |    +0.0% | -845.236 |  -858412.5 |   1257 | riscv.dp.rf.rf[2][23]$_DFFE_PP_/D
      540 |       0 |      41 |        0 |      0 |    18 |    +0.0% | -845.236 |  -858412.5 |   1257 | riscv.dp.rf.rf[2][23]$_DFFE_PP_/D
      541 |       0 |      41 |        0 |      0 |    18 |    +0.0% | -845.236 |  -858412.5 |   1257 | riscv.dp.rf.rf[2][23]$_DFFE_PP_/D
      543 |       0 |      41 |        0 |      0 |    18 |    +0.0% | -845.236 |  -858412.5 |   1257 | riscv.dp.rf.rf[2][23]$_DFFE_PP_/D
      544 |       0 |      41 |        0 |      0 |    18 |    +0.0% | -845.236 |  -858412.5 |   1257 | riscv.dp.rf.rf[2][23]$_DFFE_PP_/D
      545 |       0 |      41 |        0 |      0 |    18 |    +0.0% | -845.236 |  -858412.5 |   1257 | riscv.dp.rf.rf[2][23]$_DFFE_PP_/D
      546 |       0 |      41 |        0 |      0 |    18 |    +0.0% | -845.236 |  -858412.5 |   1257 | riscv.dp.rf.rf[2][23]$_DFFE_PP_/D
      547 |       0 |      41 |        0 |      0 |    18 |    +0.0% | -845.236 |  -858412.5 |   1257 | riscv.dp.rf.rf[2][23]$_DFFE_PP_/D
      548 |       0 |      41 |        0 |      0 |    18 |    +0.0% | -845.236 |  -858412.5 |   1257 | riscv.dp.rf.rf[2][23]$_DFFE_PP_/D
      549 |       0 |      41 |        0 |      0 |    18 |    +0.0% | -845.236 |  -858412.5 |   1257 | riscv.dp.rf.rf[2][23]$_DFFE_PP_/D
      550 |       0 |      41 |        0 |      0 |    18 |    +0.0% | -845.236 |  -858412.5 |   1257 | riscv.dp.rf.rf[2][23]$_DFFE_PP_/D
      550 |       0 |      41 |        0 |      0 |    18 |    +0.0% | -845.236 |  -858412.5 |   1257 | riscv.dp.rf.rf[2][23]$_DFFE_PP_/D
      551 |       0 |      41 |        0 |      0 |    18 |    +0.0% | -845.236 |  -858412.5 |   1257 | riscv.dp.rf.rf[2][23]$_DFFE_PP_/D
      552 |       0 |      41 |        0 |      0 |    18 |    +0.0% | -845.236 |  -858412.5 |   1257 | riscv.dp.rf.rf[2][23]$_DFFE_PP_/D
      553 |       0 |      41 |        0 |      0 |    18 |    +0.0% | -845.236 |  -858412.5 |   1257 | riscv.dp.rf.rf[2][23]$_DFFE_PP_/D
      554 |       0 |      41 |        0 |      0 |    18 |    +0.0% | -845.236 |  -858412.5 |   1257 | riscv.dp.rf.rf[2][23]$_DFFE_PP_/D
      555 |       0 |      41 |        0 |      0 |    18 |    +0.0% | -845.236 |  -858412.5 |   1257 | riscv.dp.rf.rf[2][23]$_DFFE_PP_/D
      557 |       0 |      41 |        0 |      0 |    18 |    +0.0% | -845.236 |  -858412.5 |   1257 | riscv.dp.rf.rf[2][23]$_DFFE_PP_/D
      559 |       0 |      41 |        0 |      0 |    18 |    +0.0% | -845.236 |  -858412.5 |   1257 | riscv.dp.rf.rf[2][23]$_DFFE_PP_/D
      560 |       0 |      41 |        0 |      0 |    18 |    +0.0% | -845.236 |  -858412.5 |   1257 | riscv.dp.rf.rf[2][23]$_DFFE_PP_/D
      560 |       0 |      41 |        0 |      0 |    18 |    +0.0% | -845.236 |  -858412.5 |   1257 | riscv.dp.rf.rf[2][23]$_DFFE_PP_/D
      561 |       0 |      41 |        0 |      0 |    18 |    +0.0% | -845.236 |  -858412.5 |   1257 | riscv.dp.rf.rf[2][23]$_DFFE_PP_/D
      562 |       0 |      41 |        0 |      0 |    18 |    +0.0% | -845.236 |  -858412.5 |   1257 | riscv.dp.rf.rf[2][23]$_DFFE_PP_/D
      563 |       0 |      41 |        0 |      0 |    18 |    +0.0% | -845.236 |  -858412.5 |   1257 | riscv.dp.rf.rf[2][23]$_DFFE_PP_/D
      565 |       0 |      41 |        0 |      0 |    18 |    +0.0% | -845.236 |  -858412.5 |   1257 | riscv.dp.rf.rf[2][23]$_DFFE_PP_/D
      566 |       0 |      41 |        0 |      0 |    18 |    +0.0% | -845.236 |  -858412.5 |   1257 | riscv.dp.rf.rf[2][23]$_DFFE_PP_/D
      567 |       0 |      41 |        0 |      0 |    18 |    +0.0% | -845.236 |  -858412.5 |   1257 | riscv.dp.rf.rf[2][23]$_DFFE_PP_/D
      568 |       0 |      41 |        0 |      0 |    18 |    +0.0% | -845.236 |  -858412.5 |   1257 | riscv.dp.rf.rf[2][23]$_DFFE_PP_/D
      569 |       0 |      41 |        0 |      0 |    18 |    +0.0% | -845.236 |  -858412.5 |   1257 | riscv.dp.rf.rf[2][23]$_DFFE_PP_/D
      570 |       0 |      41 |        0 |      0 |    18 |    +0.0% | -845.236 |  -858412.5 |   1257 | riscv.dp.rf.rf[2][23]$_DFFE_PP_/D
      571 |       0 |      41 |        0 |      0 |    18 |    +0.0% | -845.236 |  -858412.5 |   1257 | riscv.dp.rf.rf[2][23]$_DFFE_PP_/D
      572 |       0 |      41 |        0 |      0 |    18 |    +0.0% | -845.236 |  -858412.5 |   1257 | riscv.dp.rf.rf[2][23]$_DFFE_PP_/D
      573 |       0 |      41 |        0 |      0 |    18 |    +0.0% | -845.236 |  -858412.5 |   1257 | riscv.dp.rf.rf[2][23]$_DFFE_PP_/D
      574 |       0 |      41 |        0 |      0 |    18 |    +0.0% | -845.236 |  -858412.5 |   1257 | riscv.dp.rf.rf[2][23]$_DFFE_PP_/D
      575 |       0 |      41 |        0 |      0 |    18 |    +0.0% | -845.236 |  -858412.5 |   1257 | riscv.dp.rf.rf[2][23]$_DFFE_PP_/D
      577 |       0 |      41 |        0 |      0 |    18 |    +0.0% | -845.236 |  -858412.5 |   1257 | riscv.dp.rf.rf[2][23]$_DFFE_PP_/D
      578 |       0 |      41 |        0 |      0 |    18 |    +0.0% | -845.236 |  -858412.5 |   1257 | riscv.dp.rf.rf[2][23]$_DFFE_PP_/D
      579 |       0 |      41 |        0 |      0 |    18 |    +0.0% | -845.236 |  -858412.5 |   1257 | riscv.dp.rf.rf[2][23]$_DFFE_PP_/D
      580 |       0 |      41 |        0 |      0 |    18 |    +0.0% | -845.236 |  -858412.5 |   1257 | riscv.dp.rf.rf[2][23]$_DFFE_PP_/D
      580 |       0 |      41 |        0 |      0 |    18 |    +0.0% | -845.236 |  -858412.5 |   1257 | riscv.dp.rf.rf[2][23]$_DFFE_PP_/D
      581 |       0 |      41 |        0 |      0 |    18 |    +0.0% | -845.236 |  -858412.5 |   1257 | riscv.dp.rf.rf[2][23]$_DFFE_PP_/D
      582 |       0 |      41 |        0 |      0 |    18 |    +0.0% | -845.236 |  -858412.5 |   1257 | riscv.dp.rf.rf[2][23]$_DFFE_PP_/D
      583 |       0 |      41 |        0 |      0 |    18 |    +0.0% | -845.236 |  -858412.5 |   1257 | riscv.dp.rf.rf[2][23]$_DFFE_PP_/D
      584 |       0 |      41 |        0 |      0 |    18 |    +0.0% | -845.236 |  -858412.5 |   1257 | riscv.dp.rf.rf[2][23]$_DFFE_PP_/D
      585 |       0 |      41 |        0 |      0 |    18 |    +0.0% | -845.236 |  -858412.5 |   1257 | riscv.dp.rf.rf[2][23]$_DFFE_PP_/D
      586 |       0 |      41 |        0 |      0 |    18 |    +0.0% | -845.236 |  -858412.5 |   1257 | riscv.dp.rf.rf[2][23]$_DFFE_PP_/D
      587 |       0 |      41 |        0 |      0 |    18 |    +0.0% | -845.236 |  -858412.5 |   1257 | riscv.dp.rf.rf[2][23]$_DFFE_PP_/D
      588 |       0 |      41 |        0 |      0 |    18 |    +0.0% | -845.236 |  -858412.5 |   1257 | riscv.dp.rf.rf[2][23]$_DFFE_PP_/D
      589 |       0 |      41 |        0 |      0 |    18 |    +0.0% | -845.236 |  -858412.5 |   1257 | riscv.dp.rf.rf[2][23]$_DFFE_PP_/D
      590 |       0 |      41 |        0 |      0 |    18 |    +0.0% | -845.236 |  -858412.5 |   1257 | riscv.dp.rf.rf[2][23]$_DFFE_PP_/D
      590 |       0 |      41 |        0 |      0 |    18 |    +0.0% | -845.236 |  -858412.5 |   1257 | riscv.dp.rf.rf[2][23]$_DFFE_PP_/D
      591 |       0 |      41 |        0 |      0 |    18 |    +0.0% | -845.236 |  -858412.5 |   1257 | riscv.dp.rf.rf[2][23]$_DFFE_PP_/D
      592 |       0 |      41 |        0 |      0 |    18 |    +0.0% | -845.236 |  -858412.5 |   1257 | riscv.dp.rf.rf[2][23]$_DFFE_PP_/D
      593 |       0 |      41 |        0 |      0 |    18 |    +0.0% | -845.236 |  -858412.5 |   1257 | riscv.dp.rf.rf[2][23]$_DFFE_PP_/D
      594 |       0 |      41 |        0 |      0 |    18 |    +0.0% | -845.236 |  -858412.5 |   1257 | riscv.dp.rf.rf[2][23]$_DFFE_PP_/D
      595 |       0 |      41 |        0 |      0 |    18 |    +0.0% | -845.236 |  -858412.5 |   1257 | riscv.dp.rf.rf[2][23]$_DFFE_PP_/D
      596 |       0 |      41 |        0 |      0 |    18 |    +0.0% | -845.236 |  -858412.5 |   1257 | riscv.dp.rf.rf[2][23]$_DFFE_PP_/D
      597 |       0 |      41 |        0 |      0 |    18 |    +0.0% | -845.236 |  -858412.5 |   1257 | riscv.dp.rf.rf[2][23]$_DFFE_PP_/D
      598 |       0 |      41 |        0 |      0 |    18 |    +0.0% | -845.236 |  -858412.5 |   1257 | riscv.dp.rf.rf[2][23]$_DFFE_PP_/D
      599 |       0 |      41 |        0 |      0 |    18 |    +0.0% | -845.236 |  -858412.5 |   1257 | riscv.dp.rf.rf[2][23]$_DFFE_PP_/D
      600 |       0 |      41 |        0 |      0 |    18 |    +0.0% | -845.236 |  -858412.5 |   1257 | riscv.dp.rf.rf[2][23]$_DFFE_PP_/D
      600 |       0 |      41 |        0 |      0 |    18 |    +0.0% | -845.236 |  -858412.5 |   1257 | riscv.dp.rf.rf[2][23]$_DFFE_PP_/D
      601 |       0 |      41 |        0 |      0 |    18 |    +0.0% | -845.236 |  -858412.5 |   1257 | riscv.dp.rf.rf[2][23]$_DFFE_PP_/D
      602 |       0 |      41 |        0 |      0 |    18 |    +0.0% | -845.236 |  -858412.5 |   1257 | riscv.dp.rf.rf[2][23]$_DFFE_PP_/D
      603 |       0 |      41 |        0 |      0 |    18 |    +0.0% | -845.236 |  -858412.5 |   1257 | riscv.dp.rf.rf[2][23]$_DFFE_PP_/D
      604 |       0 |      41 |        0 |      0 |    18 |    +0.0% | -845.236 |  -858412.5 |   1257 | riscv.dp.rf.rf[2][23]$_DFFE_PP_/D
      605 |       0 |      41 |        0 |      0 |    18 |    +0.0% | -845.236 |  -858412.5 |   1257 | riscv.dp.rf.rf[2][23]$_DFFE_PP_/D
      606 |       0 |      41 |        0 |      0 |    18 |    +0.0% | -845.236 |  -858412.5 |   1257 | riscv.dp.rf.rf[2][23]$_DFFE_PP_/D
      607 |       0 |      41 |        0 |      0 |    18 |    +0.0% | -845.236 |  -858412.5 |   1257 | riscv.dp.rf.rf[2][23]$_DFFE_PP_/D
      610 |       0 |      42 |        0 |      0 |    19 |    +0.0% | -845.236 |  -857541.2 |   1257 | riscv.dp.rf.rf[2][23]$_DFFE_PP_/D
      611 |       0 |      42 |        0 |      0 |    19 |    +0.0% | -845.236 |  -857541.2 |   1257 | riscv.dp.rf.rf[2][23]$_DFFE_PP_/D
      613 |       0 |      42 |        0 |      0 |    19 |    +0.0% | -845.236 |  -857541.2 |   1257 | riscv.dp.rf.rf[2][23]$_DFFE_PP_/D
      617 |       0 |      43 |        0 |      0 |    20 |    +0.0% | -845.236 |  -856669.9 |   1257 | riscv.dp.rf.rf[2][23]$_DFFE_PP_/D
      619 |       0 |      43 |        0 |      0 |    20 |    +0.0% | -845.236 |  -856669.9 |   1257 | riscv.dp.rf.rf[2][23]$_DFFE_PP_/D
      620 |       0 |      43 |        0 |      0 |    20 |    +0.0% | -845.236 |  -856669.9 |   1257 | riscv.dp.rf.rf[2][23]$_DFFE_PP_/D
      621 |       0 |      43 |        0 |      0 |    20 |    +0.0% | -845.236 |  -856669.9 |   1257 | riscv.dp.rf.rf[2][23]$_DFFE_PP_/D
      623 |       0 |      43 |        0 |      0 |    20 |    +0.0% | -845.236 |  -856669.9 |   1257 | riscv.dp.rf.rf[2][23]$_DFFE_PP_/D
      625 |       0 |      43 |        0 |      0 |    20 |    +0.0% | -845.236 |  -856669.9 |   1257 | riscv.dp.rf.rf[2][23]$_DFFE_PP_/D
      627 |       0 |      43 |        0 |      0 |    20 |    +0.0% | -845.236 |  -856669.9 |   1257 | riscv.dp.rf.rf[2][23]$_DFFE_PP_/D
      629 |       0 |      43 |        0 |      0 |    20 |    +0.0% | -845.236 |  -856669.9 |   1257 | riscv.dp.rf.rf[2][23]$_DFFE_PP_/D
      630 |       0 |      43 |        0 |      0 |    20 |    +0.0% | -845.236 |  -856669.9 |   1257 | riscv.dp.rf.rf[2][23]$_DFFE_PP_/D
      631 |       0 |      43 |        0 |      0 |    20 |    +0.0% | -845.236 |  -856669.9 |   1257 | riscv.dp.rf.rf[2][23]$_DFFE_PP_/D
      633 |       0 |      43 |        0 |      0 |    20 |    +0.0% | -845.236 |  -856669.9 |   1257 | riscv.dp.rf.rf[2][23]$_DFFE_PP_/D
      635 |       0 |      43 |        0 |      0 |    20 |    +0.0% | -845.236 |  -856669.9 |   1257 | riscv.dp.rf.rf[2][23]$_DFFE_PP_/D
      637 |       0 |      43 |        0 |      0 |    20 |    +0.0% | -845.236 |  -856669.9 |   1257 | riscv.dp.rf.rf[2][23]$_DFFE_PP_/D
      639 |       0 |      43 |        0 |      0 |    20 |    +0.0% | -845.236 |  -856669.9 |   1257 | riscv.dp.rf.rf[2][23]$_DFFE_PP_/D
      640 |       0 |      43 |        0 |      0 |    20 |    +0.0% | -845.236 |  -856669.9 |   1257 | riscv.dp.rf.rf[2][23]$_DFFE_PP_/D
      641 |       0 |      43 |        0 |      0 |    20 |    +0.0% | -845.236 |  -856669.9 |   1257 | riscv.dp.rf.rf[2][23]$_DFFE_PP_/D
      643 |       0 |      43 |        0 |      0 |    20 |    +0.0% | -845.236 |  -856669.9 |   1257 | riscv.dp.rf.rf[2][23]$_DFFE_PP_/D
      645 |       0 |      43 |        0 |      0 |    20 |    +0.0% | -845.236 |  -856669.9 |   1257 | riscv.dp.rf.rf[2][23]$_DFFE_PP_/D
      647 |       0 |      43 |        0 |      0 |    20 |    +0.0% | -845.236 |  -856669.9 |   1257 | riscv.dp.rf.rf[2][23]$_DFFE_PP_/D
      649 |       0 |      43 |        0 |      0 |    20 |    +0.0% | -845.236 |  -856669.9 |   1257 | riscv.dp.rf.rf[2][23]$_DFFE_PP_/D
      650 |       0 |      43 |        0 |      0 |    20 |    +0.0% | -845.236 |  -856669.9 |   1257 | riscv.dp.rf.rf[2][23]$_DFFE_PP_/D
      651 |       0 |      43 |        0 |      0 |    20 |    +0.0% | -845.236 |  -856669.9 |   1257 | riscv.dp.rf.rf[2][23]$_DFFE_PP_/D
      653 |       0 |      43 |        0 |      0 |    20 |    +0.0% | -845.236 |  -856669.9 |   1257 | riscv.dp.rf.rf[2][23]$_DFFE_PP_/D
      655 |       0 |      43 |        0 |      0 |    20 |    +0.0% | -845.236 |  -856669.9 |   1257 | riscv.dp.rf.rf[2][23]$_DFFE_PP_/D
      657 |       0 |      43 |        0 |      0 |    20 |    +0.0% | -845.236 |  -856669.9 |   1257 | riscv.dp.rf.rf[2][23]$_DFFE_PP_/D
      659 |       0 |      43 |        0 |      0 |    20 |    +0.0% | -845.236 |  -856669.9 |   1257 | riscv.dp.rf.rf[2][23]$_DFFE_PP_/D
      660 |       0 |      43 |        0 |      0 |    20 |    +0.0% | -845.236 |  -856669.9 |   1257 | riscv.dp.rf.rf[2][23]$_DFFE_PP_/D
      661 |       0 |      43 |        0 |      0 |    20 |    +0.0% | -845.236 |  -856669.9 |   1257 | riscv.dp.rf.rf[2][23]$_DFFE_PP_/D
      663 |       0 |      43 |        0 |      0 |    20 |    +0.0% | -845.236 |  -856669.9 |   1257 | riscv.dp.rf.rf[2][23]$_DFFE_PP_/D
      665 |       0 |      43 |        0 |      0 |    20 |    +0.0% | -845.236 |  -856669.9 |   1257 | riscv.dp.rf.rf[2][23]$_DFFE_PP_/D
      667 |       0 |      43 |        0 |      0 |    20 |    +0.0% | -845.236 |  -856669.9 |   1257 | riscv.dp.rf.rf[2][23]$_DFFE_PP_/D
      669 |       0 |      43 |        0 |      0 |    20 |    +0.0% | -845.236 |  -856669.9 |   1257 | riscv.dp.rf.rf[2][23]$_DFFE_PP_/D
      670 |       0 |      43 |        0 |      0 |    20 |    +0.0% | -845.236 |  -856669.9 |   1257 | riscv.dp.rf.rf[2][23]$_DFFE_PP_/D
      671 |       0 |      43 |        0 |      0 |    20 |    +0.0% | -845.236 |  -856669.9 |   1257 | riscv.dp.rf.rf[2][23]$_DFFE_PP_/D
      673 |       0 |      43 |        0 |      0 |    20 |    +0.0% | -845.236 |  -856669.9 |   1257 | riscv.dp.rf.rf[2][23]$_DFFE_PP_/D
      675 |       0 |      43 |        0 |      0 |    20 |    +0.0% | -845.236 |  -856669.9 |   1257 | riscv.dp.rf.rf[2][23]$_DFFE_PP_/D
      677 |       0 |      43 |        0 |      0 |    20 |    +0.0% | -845.236 |  -856669.9 |   1257 | riscv.dp.rf.rf[2][23]$_DFFE_PP_/D
      679 |       0 |      43 |        0 |      0 |    20 |    +0.0% | -845.236 |  -856669.9 |   1257 | riscv.dp.rf.rf[2][23]$_DFFE_PP_/D
      680 |       0 |      43 |        0 |      0 |    20 |    +0.0% | -845.236 |  -856669.9 |   1257 | riscv.dp.rf.rf[2][23]$_DFFE_PP_/D
      681 |       0 |      43 |        0 |      0 |    20 |    +0.0% | -845.236 |  -856669.9 |   1257 | riscv.dp.rf.rf[2][23]$_DFFE_PP_/D
      683 |       0 |      43 |        0 |      0 |    20 |    +0.0% | -845.236 |  -856669.9 |   1257 | riscv.dp.rf.rf[2][23]$_DFFE_PP_/D
      685 |       0 |      43 |        0 |      0 |    20 |    +0.0% | -845.236 |  -856669.9 |   1257 | riscv.dp.rf.rf[2][23]$_DFFE_PP_/D
      687 |       0 |      43 |        0 |      0 |    20 |    +0.0% | -845.236 |  -856669.9 |   1257 | riscv.dp.rf.rf[2][23]$_DFFE_PP_/D
      689 |       0 |      43 |        0 |      0 |    20 |    +0.0% | -845.236 |  -856669.9 |   1257 | riscv.dp.rf.rf[2][23]$_DFFE_PP_/D
      690 |       0 |      43 |        0 |      0 |    20 |    +0.0% | -845.236 |  -856669.9 |   1257 | riscv.dp.rf.rf[2][23]$_DFFE_PP_/D
      691 |       0 |      43 |        0 |      0 |    20 |    +0.0% | -845.236 |  -856669.9 |   1257 | riscv.dp.rf.rf[2][23]$_DFFE_PP_/D
      693 |       0 |      43 |        0 |      0 |    20 |    +0.0% | -845.236 |  -856669.9 |   1257 | riscv.dp.rf.rf[2][23]$_DFFE_PP_/D
      695 |       0 |      43 |        0 |      0 |    20 |    +0.0% | -845.236 |  -856669.9 |   1257 | riscv.dp.rf.rf[2][23]$_DFFE_PP_/D
      697 |       0 |      43 |        0 |      0 |    20 |    +0.0% | -845.236 |  -856669.9 |   1257 | riscv.dp.rf.rf[2][23]$_DFFE_PP_/D
      699 |       0 |      43 |        0 |      0 |    20 |    +0.0% | -845.236 |  -856669.9 |   1257 | riscv.dp.rf.rf[2][23]$_DFFE_PP_/D
      700 |       0 |      43 |        0 |      0 |    20 |    +0.0% | -845.236 |  -856669.9 |   1257 | riscv.dp.rf.rf[2][23]$_DFFE_PP_/D
      701 |       0 |      43 |        0 |      0 |    20 |    +0.0% | -845.236 |  -856669.9 |   1257 | riscv.dp.rf.rf[2][23]$_DFFE_PP_/D
      703 |       0 |      43 |        0 |      0 |    20 |    +0.0% | -845.236 |  -856669.9 |   1257 | riscv.dp.rf.rf[2][23]$_DFFE_PP_/D
      705 |       0 |      43 |        0 |      0 |    20 |    +0.0% | -845.236 |  -856669.9 |   1257 | riscv.dp.rf.rf[2][23]$_DFFE_PP_/D
      707 |       0 |      43 |        0 |      0 |    20 |    +0.0% | -845.236 |  -856669.9 |   1257 | riscv.dp.rf.rf[2][23]$_DFFE_PP_/D
      709 |       0 |      43 |        0 |      0 |    20 |    +0.0% | -845.236 |  -856669.9 |   1257 | riscv.dp.rf.rf[2][23]$_DFFE_PP_/D
      710 |       0 |      43 |        0 |      0 |    20 |    +0.0% | -845.236 |  -856669.9 |   1257 | riscv.dp.rf.rf[2][23]$_DFFE_PP_/D
      711 |       0 |      43 |        0 |      0 |    20 |    +0.0% | -845.236 |  -856669.9 |   1257 | riscv.dp.rf.rf[2][23]$_DFFE_PP_/D
      713 |       0 |      43 |        0 |      0 |    20 |    +0.0% | -845.236 |  -856669.9 |   1257 | riscv.dp.rf.rf[2][23]$_DFFE_PP_/D
      715 |       0 |      43 |        0 |      0 |    20 |    +0.0% | -845.236 |  -856669.9 |   1257 | riscv.dp.rf.rf[2][23]$_DFFE_PP_/D
      717 |       0 |      43 |        0 |      0 |    20 |    +0.0% | -845.236 |  -856669.9 |   1257 | riscv.dp.rf.rf[2][23]$_DFFE_PP_/D
      719 |       0 |      43 |        0 |      0 |    20 |    +0.0% | -845.236 |  -856669.9 |   1257 | riscv.dp.rf.rf[2][23]$_DFFE_PP_/D
      720 |       0 |      43 |        0 |      0 |    20 |    +0.0% | -845.236 |  -856669.9 |   1257 | riscv.dp.rf.rf[2][23]$_DFFE_PP_/D
      721 |       0 |      43 |        0 |      0 |    20 |    +0.0% | -845.236 |  -856669.9 |   1257 | riscv.dp.rf.rf[2][23]$_DFFE_PP_/D
      723 |       0 |      43 |        0 |      0 |    20 |    +0.0% | -845.236 |  -856669.9 |   1257 | riscv.dp.rf.rf[2][23]$_DFFE_PP_/D
      725 |       0 |      43 |        0 |      0 |    20 |    +0.0% | -845.236 |  -856669.9 |   1257 | riscv.dp.rf.rf[2][23]$_DFFE_PP_/D
      727 |       0 |      43 |        0 |      0 |    20 |    +0.0% | -845.236 |  -856669.9 |   1257 | riscv.dp.rf.rf[2][23]$_DFFE_PP_/D
      729 |       0 |      43 |        0 |      0 |    20 |    +0.0% | -845.236 |  -856669.9 |   1257 | riscv.dp.rf.rf[2][23]$_DFFE_PP_/D
      730 |       0 |      43 |        0 |      0 |    20 |    +0.0% | -845.236 |  -856669.9 |   1257 | riscv.dp.rf.rf[2][23]$_DFFE_PP_/D
      731 |       0 |      43 |        0 |      0 |    20 |    +0.0% | -845.236 |  -856669.9 |   1257 | riscv.dp.rf.rf[2][23]$_DFFE_PP_/D
      733 |       0 |      43 |        0 |      0 |    20 |    +0.0% | -845.236 |  -856669.9 |   1257 | riscv.dp.rf.rf[2][23]$_DFFE_PP_/D
      735 |       0 |      43 |        0 |      0 |    20 |    +0.0% | -845.236 |  -856669.9 |   1257 | riscv.dp.rf.rf[2][23]$_DFFE_PP_/D
      736 |       0 |      43 |        0 |      0 |    20 |    +0.0% | -845.236 |  -856669.9 |   1257 | riscv.dp.rf.rf[2][23]$_DFFE_PP_/D
      737 |       0 |      43 |        0 |      0 |    20 |    +0.0% | -845.236 |  -856669.9 |   1257 | riscv.dp.rf.rf[2][23]$_DFFE_PP_/D
      738 |       0 |      43 |        0 |      0 |    20 |    +0.0% | -845.236 |  -856669.9 |   1257 | riscv.dp.rf.rf[2][23]$_DFFE_PP_/D
      739 |       0 |      43 |        0 |      0 |    20 |    +0.0% | -845.236 |  -856669.9 |   1257 | riscv.dp.rf.rf[2][23]$_DFFE_PP_/D
      740 |       0 |      43 |        0 |      0 |    20 |    +0.0% | -845.236 |  -856669.9 |   1257 | riscv.dp.rf.rf[2][23]$_DFFE_PP_/D
      740 |       0 |      43 |        0 |      0 |    20 |    +0.0% | -845.236 |  -856669.9 |   1257 | riscv.dp.rf.rf[2][23]$_DFFE_PP_/D
      741 |       0 |      43 |        0 |      0 |    20 |    +0.0% | -845.236 |  -856669.9 |   1257 | riscv.dp.rf.rf[2][23]$_DFFE_PP_/D
      742 |       0 |      43 |        0 |      0 |    20 |    +0.0% | -845.236 |  -856669.9 |   1257 | riscv.dp.rf.rf[2][23]$_DFFE_PP_/D
      743 |       0 |      43 |        0 |      0 |    20 |    +0.0% | -845.236 |  -856669.9 |   1257 | riscv.dp.rf.rf[2][23]$_DFFE_PP_/D
      744 |       0 |      43 |        0 |      0 |    20 |    +0.0% | -845.236 |  -856669.9 |   1257 | riscv.dp.rf.rf[2][23]$_DFFE_PP_/D
      745 |       0 |      43 |        0 |      0 |    20 |    +0.0% | -845.236 |  -856669.9 |   1257 | riscv.dp.rf.rf[2][23]$_DFFE_PP_/D
      746 |       0 |      43 |        0 |      0 |    20 |    +0.0% | -845.236 |  -856669.9 |   1257 | riscv.dp.rf.rf[2][23]$_DFFE_PP_/D
      747 |       0 |      43 |        0 |      0 |    20 |    +0.0% | -845.236 |  -856669.9 |   1257 | riscv.dp.rf.rf[2][23]$_DFFE_PP_/D
      748 |       0 |      43 |        0 |      0 |    20 |    +0.0% | -845.236 |  -856669.9 |   1257 | riscv.dp.rf.rf[2][23]$_DFFE_PP_/D
      749 |       0 |      43 |        0 |      0 |    20 |    +0.0% | -845.236 |  -856669.9 |   1257 | riscv.dp.rf.rf[2][23]$_DFFE_PP_/D
      750 |       0 |      43 |        0 |      0 |    20 |    +0.0% | -845.236 |  -856669.9 |   1257 | riscv.dp.rf.rf[2][23]$_DFFE_PP_/D
      750 |       0 |      43 |        0 |      0 |    20 |    +0.0% | -845.236 |  -856669.9 |   1257 | riscv.dp.rf.rf[2][23]$_DFFE_PP_/D
      751 |       0 |      43 |        0 |      0 |    20 |    +0.0% | -845.236 |  -856669.9 |   1257 | riscv.dp.rf.rf[2][23]$_DFFE_PP_/D
      752 |       0 |      43 |        0 |      0 |    20 |    +0.0% | -845.236 |  -856669.9 |   1257 | riscv.dp.rf.rf[2][23]$_DFFE_PP_/D
      753 |       0 |      43 |        0 |      0 |    20 |    +0.0% | -845.236 |  -856669.9 |   1257 | riscv.dp.rf.rf[2][23]$_DFFE_PP_/D
      754 |       0 |      43 |        0 |      0 |    20 |    +0.0% | -845.236 |  -856669.9 |   1257 | riscv.dp.rf.rf[2][23]$_DFFE_PP_/D
      755 |       0 |      43 |        0 |      0 |    20 |    +0.0% | -845.236 |  -856669.9 |   1257 | riscv.dp.rf.rf[2][23]$_DFFE_PP_/D
      756 |       0 |      43 |        0 |      0 |    20 |    +0.0% | -845.236 |  -856669.9 |   1257 | riscv.dp.rf.rf[2][23]$_DFFE_PP_/D
      757 |       0 |      43 |        0 |      0 |    20 |    +0.0% | -845.236 |  -856669.9 |   1257 | riscv.dp.rf.rf[2][23]$_DFFE_PP_/D
      758 |       0 |      43 |        0 |      0 |    20 |    +0.0% | -845.236 |  -856669.9 |   1257 | riscv.dp.rf.rf[2][23]$_DFFE_PP_/D
      759 |       0 |      43 |        0 |      0 |    20 |    +0.0% | -845.236 |  -856669.9 |   1257 | riscv.dp.rf.rf[2][23]$_DFFE_PP_/D
      760 |       0 |      43 |        0 |      0 |    20 |    +0.0% | -845.236 |  -856669.9 |   1257 | riscv.dp.rf.rf[2][23]$_DFFE_PP_/D
      760 |       0 |      43 |        0 |      0 |    20 |    +0.0% | -845.236 |  -856669.9 |   1257 | riscv.dp.rf.rf[2][23]$_DFFE_PP_/D
      761 |       0 |      43 |        0 |      0 |    20 |    +0.0% | -845.236 |  -856669.9 |   1257 | riscv.dp.rf.rf[2][23]$_DFFE_PP_/D
      762 |       0 |      43 |        0 |      0 |    20 |    +0.0% | -845.236 |  -856669.9 |   1257 | riscv.dp.rf.rf[2][23]$_DFFE_PP_/D
      763 |       0 |      43 |        0 |      0 |    20 |    +0.0% | -845.236 |  -856669.9 |   1257 | riscv.dp.rf.rf[2][23]$_DFFE_PP_/D
      764 |       0 |      43 |        0 |      0 |    20 |    +0.0% | -845.236 |  -856669.9 |   1257 | riscv.dp.rf.rf[2][23]$_DFFE_PP_/D
      765 |       0 |      43 |        0 |      0 |    20 |    +0.0% | -845.236 |  -856669.9 |   1257 | riscv.dp.rf.rf[2][23]$_DFFE_PP_/D
      766 |       0 |      43 |        0 |      0 |    20 |    +0.0% | -845.236 |  -856669.9 |   1257 | riscv.dp.rf.rf[2][23]$_DFFE_PP_/D
      769 |       0 |      43 |        0 |      0 |    21 |    +0.0% | -845.236 |  -856616.9 |   1257 | riscv.dp.rf.rf[2][23]$_DFFE_PP_/D
      770 |       0 |      43 |        0 |      0 |    21 |    +0.0% | -845.236 |  -856616.9 |   1257 | riscv.dp.rf.rf[2][23]$_DFFE_PP_/D
      771 |       0 |      43 |        0 |      0 |    21 |    +0.0% | -845.236 |  -856616.9 |   1257 | riscv.dp.rf.rf[2][23]$_DFFE_PP_/D
      773 |       0 |      43 |        0 |      0 |    21 |    +0.0% | -845.236 |  -856616.9 |   1257 | riscv.dp.rf.rf[2][23]$_DFFE_PP_/D
      775 |       0 |      43 |        0 |      0 |    21 |    +0.0% | -845.236 |  -856616.9 |   1257 | riscv.dp.rf.rf[2][23]$_DFFE_PP_/D
      777 |       0 |      43 |        0 |      0 |    21 |    +0.0% | -845.236 |  -856616.9 |   1257 | riscv.dp.rf.rf[2][23]$_DFFE_PP_/D
      779 |       0 |      43 |        0 |      0 |    21 |    +0.0% | -845.236 |  -856616.9 |   1257 | riscv.dp.rf.rf[2][23]$_DFFE_PP_/D
      780 |       0 |      43 |        0 |      0 |    21 |    +0.0% | -845.236 |  -856616.9 |   1257 | riscv.dp.rf.rf[2][23]$_DFFE_PP_/D
      781 |       0 |      43 |        0 |      0 |    21 |    +0.0% | -845.236 |  -856616.9 |   1257 | riscv.dp.rf.rf[2][23]$_DFFE_PP_/D
      783 |       0 |      43 |        0 |      0 |    21 |    +0.0% | -845.236 |  -856616.9 |   1257 | riscv.dp.rf.rf[2][23]$_DFFE_PP_/D
      785 |       0 |      43 |        0 |      0 |    21 |    +0.0% | -845.236 |  -856616.9 |   1257 | riscv.dp.rf.rf[2][23]$_DFFE_PP_/D
      787 |       0 |      43 |        0 |      0 |    21 |    +0.0% | -845.236 |  -856616.9 |   1257 | riscv.dp.rf.rf[2][23]$_DFFE_PP_/D
      789 |       0 |      43 |        0 |      0 |    21 |    +0.0% | -845.236 |  -856616.9 |   1257 | riscv.dp.rf.rf[2][23]$_DFFE_PP_/D
      790 |       0 |      43 |        0 |      0 |    21 |    +0.0% | -845.236 |  -856616.9 |   1257 | riscv.dp.rf.rf[2][23]$_DFFE_PP_/D
      791 |       0 |      43 |        0 |      0 |    21 |    +0.0% | -845.236 |  -856616.9 |   1257 | riscv.dp.rf.rf[2][23]$_DFFE_PP_/D
      793 |       0 |      43 |        0 |      0 |    21 |    +0.0% | -845.236 |  -856616.9 |   1257 | riscv.dp.rf.rf[2][23]$_DFFE_PP_/D
      795 |       0 |      43 |        0 |      0 |    21 |    +0.0% | -845.236 |  -856616.9 |   1257 | riscv.dp.rf.rf[2][23]$_DFFE_PP_/D
      797 |       0 |      43 |        0 |      0 |    21 |    +0.0% | -845.236 |  -856616.9 |   1257 | riscv.dp.rf.rf[2][23]$_DFFE_PP_/D
      799 |       0 |      43 |        0 |      0 |    21 |    +0.0% | -845.236 |  -856616.9 |   1257 | riscv.dp.rf.rf[2][23]$_DFFE_PP_/D
      800 |       0 |      43 |        0 |      0 |    21 |    +0.0% | -845.236 |  -856616.9 |   1257 | riscv.dp.rf.rf[2][23]$_DFFE_PP_/D
      801 |       0 |      43 |        0 |      0 |    21 |    +0.0% | -845.236 |  -856616.9 |   1257 | riscv.dp.rf.rf[2][23]$_DFFE_PP_/D
      803 |       0 |      43 |        0 |      0 |    21 |    +0.0% | -845.236 |  -856616.9 |   1257 | riscv.dp.rf.rf[2][23]$_DFFE_PP_/D
      805 |       0 |      43 |        0 |      0 |    21 |    +0.0% | -845.236 |  -856616.9 |   1257 | riscv.dp.rf.rf[2][23]$_DFFE_PP_/D
      807 |       0 |      43 |        0 |      0 |    21 |    +0.0% | -845.236 |  -856616.9 |   1257 | riscv.dp.rf.rf[2][23]$_DFFE_PP_/D
      809 |       0 |      43 |        0 |      0 |    21 |    +0.0% | -845.236 |  -856616.9 |   1257 | riscv.dp.rf.rf[2][23]$_DFFE_PP_/D
      810 |       0 |      43 |        0 |      0 |    21 |    +0.0% | -845.236 |  -856616.9 |   1257 | riscv.dp.rf.rf[2][23]$_DFFE_PP_/D
      811 |       0 |      43 |        0 |      0 |    21 |    +0.0% | -845.236 |  -856616.9 |   1257 | riscv.dp.rf.rf[2][23]$_DFFE_PP_/D
      813 |       0 |      43 |        0 |      0 |    21 |    +0.0% | -845.236 |  -856616.9 |   1257 | riscv.dp.rf.rf[2][23]$_DFFE_PP_/D
      815 |       0 |      43 |        0 |      0 |    21 |    +0.0% | -845.236 |  -856616.9 |   1257 | riscv.dp.rf.rf[2][23]$_DFFE_PP_/D
      817 |       0 |      43 |        0 |      0 |    21 |    +0.0% | -845.236 |  -856616.9 |   1257 | riscv.dp.rf.rf[2][23]$_DFFE_PP_/D
      819 |       0 |      43 |        0 |      0 |    21 |    +0.0% | -845.236 |  -856616.9 |   1257 | riscv.dp.rf.rf[2][23]$_DFFE_PP_/D
      820 |       0 |      43 |        0 |      0 |    21 |    +0.0% | -845.236 |  -856616.9 |   1257 | riscv.dp.rf.rf[2][23]$_DFFE_PP_/D
      821 |       0 |      43 |        0 |      0 |    21 |    +0.0% | -845.236 |  -856616.9 |   1257 | riscv.dp.rf.rf[2][23]$_DFFE_PP_/D
      823 |       0 |      43 |        0 |      0 |    21 |    +0.0% | -845.236 |  -856616.9 |   1257 | riscv.dp.rf.rf[2][23]$_DFFE_PP_/D
      825 |       0 |      43 |        0 |      0 |    21 |    +0.0% | -845.236 |  -856616.9 |   1257 | riscv.dp.rf.rf[2][23]$_DFFE_PP_/D
      827 |       0 |      43 |        0 |      0 |    21 |    +0.0% | -845.236 |  -856616.9 |   1257 | riscv.dp.rf.rf[2][23]$_DFFE_PP_/D
      829 |       0 |      43 |        0 |      0 |    21 |    +0.0% | -845.236 |  -856616.9 |   1257 | riscv.dp.rf.rf[2][23]$_DFFE_PP_/D
      830 |       0 |      43 |        0 |      0 |    21 |    +0.0% | -845.236 |  -856616.9 |   1257 | riscv.dp.rf.rf[2][23]$_DFFE_PP_/D
      832 |       0 |      43 |        0 |      0 |    22 |    +0.0% | -845.140 |  -856408.4 |   1257 | riscv.dp.rf.rf[2][23]$_DFFE_PP_/D
      834 |       0 |      43 |        0 |      0 |    22 |    +0.0% | -845.140 |  -856408.4 |   1257 | riscv.dp.rf.rf[2][23]$_DFFE_PP_/D
      836 |       0 |      43 |        0 |      0 |    22 |    +0.0% | -845.140 |  -856408.4 |   1257 | riscv.dp.rf.rf[2][23]$_DFFE_PP_/D
      838 |       0 |      43 |        0 |      0 |    22 |    +0.0% | -845.140 |  -856408.4 |   1257 | riscv.dp.rf.rf[2][23]$_DFFE_PP_/D
      840 |       0 |      43 |        0 |      0 |    23 |    +0.0% | -845.140 |  -856409.5 |   1257 | riscv.dp.rf.rf[2][23]$_DFFE_PP_/D
      840 |       0 |      43 |        0 |      0 |    22 |    +0.0% | -845.140 |  -856408.4 |   1257 | riscv.dp.rf.rf[2][23]$_DFFE_PP_/D
      842 |       0 |      43 |        0 |      0 |    22 |    +0.0% | -845.140 |  -856408.4 |   1257 | riscv.dp.rf.rf[2][23]$_DFFE_PP_/D
      844 |       0 |      43 |        0 |      0 |    22 |    +0.0% | -845.140 |  -856408.4 |   1257 | riscv.dp.rf.rf[2][23]$_DFFE_PP_/D
      847 |       0 |      43 |        0 |      0 |    23 |    +0.0% | -845.044 |  -856200.6 |   1257 | riscv.dp.rf.rf[2][23]$_DFFE_PP_/D
      850 |       0 |      43 |        0 |      0 |    25 |    +0.0% | -844.948 |  -855994.2 |   1257 | riscv.dp.rf.rf[2][23]$_DFFE_PP_/D
      850 |       0 |      43 |        0 |      0 |    24 |    +0.0% | -844.948 |  -855993.3 |   1257 | riscv.dp.rf.rf[2][23]$_DFFE_PP_/D
      853 |       0 |      43 |        0 |      0 |    25 |    +0.0% | -844.852 |  -855786.4 |   1257 | riscv.dp.rf.rf[2][23]$_DFFE_PP_/D
      855 |       0 |      43 |        0 |      0 |    25 |    +0.0% | -844.852 |  -855786.4 |   1257 | riscv.dp.rf.rf[2][23]$_DFFE_PP_/D
      857 |       0 |      43 |        0 |      0 |    25 |    +0.0% | -844.852 |  -855786.4 |   1257 | riscv.dp.rf.rf[2][23]$_DFFE_PP_/D
      859 |       0 |      43 |        0 |      0 |    25 |    +0.0% | -844.852 |  -855786.4 |   1257 | riscv.dp.rf.rf[2][23]$_DFFE_PP_/D
      860 |       0 |      43 |        0 |      0 |    25 |    +0.0% | -844.852 |  -855786.4 |   1257 | riscv.dp.rf.rf[2][23]$_DFFE_PP_/D
      861 |       0 |      43 |        0 |      0 |    25 |    +0.0% | -844.852 |  -855786.4 |   1257 | riscv.dp.rf.rf[2][23]$_DFFE_PP_/D
      863 |       0 |      43 |        0 |      0 |    25 |    +0.0% | -844.852 |  -855786.4 |   1257 | riscv.dp.rf.rf[2][23]$_DFFE_PP_/D
      865 |       0 |      43 |        0 |      0 |    25 |    +0.0% | -844.852 |  -855786.4 |   1257 | riscv.dp.rf.rf[2][23]$_DFFE_PP_/D
      867 |       0 |      43 |        0 |      0 |    25 |    +0.0% | -844.852 |  -855786.4 |   1257 | riscv.dp.rf.rf[2][23]$_DFFE_PP_/D
      869 |       0 |      43 |        0 |      0 |    25 |    +0.0% | -844.852 |  -855786.4 |   1257 | riscv.dp.rf.rf[2][23]$_DFFE_PP_/D
      870 |       0 |      43 |        0 |      0 |    25 |    +0.0% | -844.852 |  -855786.4 |   1257 | riscv.dp.rf.rf[2][23]$_DFFE_PP_/D
      871 |       0 |      43 |        0 |      0 |    25 |    +0.0% | -844.852 |  -855786.4 |   1257 | riscv.dp.rf.rf[2][23]$_DFFE_PP_/D
      873 |       0 |      43 |        0 |      0 |    25 |    +0.0% | -844.852 |  -855786.4 |   1257 | riscv.dp.rf.rf[2][23]$_DFFE_PP_/D
      875 |       0 |      43 |        0 |      0 |    25 |    +0.0% | -844.852 |  -855786.4 |   1257 | riscv.dp.rf.rf[2][23]$_DFFE_PP_/D
      877 |       0 |      43 |        0 |      0 |    25 |    +0.0% | -844.852 |  -855786.4 |   1257 | riscv.dp.rf.rf[2][23]$_DFFE_PP_/D
      879 |       0 |      43 |        0 |      0 |    25 |    +0.0% | -844.852 |  -855786.4 |   1257 | riscv.dp.rf.rf[2][23]$_DFFE_PP_/D
      880 |       0 |      43 |        0 |      0 |    25 |    +0.0% | -844.852 |  -855786.4 |   1257 | riscv.dp.rf.rf[2][23]$_DFFE_PP_/D
      881 |       0 |      43 |        0 |      0 |    25 |    +0.0% | -844.852 |  -855786.4 |   1257 | riscv.dp.rf.rf[2][23]$_DFFE_PP_/D
      883 |       0 |      43 |        0 |      0 |    25 |    +0.0% | -844.852 |  -855786.4 |   1257 | riscv.dp.rf.rf[2][23]$_DFFE_PP_/D
      885 |       0 |      43 |        0 |      0 |    25 |    +0.0% | -844.852 |  -855786.4 |   1257 | riscv.dp.rf.rf[2][23]$_DFFE_PP_/D
      887 |       0 |      43 |        0 |      0 |    25 |    +0.0% | -844.852 |  -855786.4 |   1257 | riscv.dp.rf.rf[2][23]$_DFFE_PP_/D
      889 |       0 |      43 |        0 |      0 |    25 |    +0.0% | -844.852 |  -855786.4 |   1257 | riscv.dp.rf.rf[2][23]$_DFFE_PP_/D
      890 |       0 |      43 |        0 |      0 |    25 |    +0.0% | -844.852 |  -855786.4 |   1257 | riscv.dp.rf.rf[2][23]$_DFFE_PP_/D
      891 |       0 |      43 |        0 |      0 |    25 |    +0.0% | -844.852 |  -855786.4 |   1257 | riscv.dp.rf.rf[2][23]$_DFFE_PP_/D
      893 |       0 |      43 |        0 |      0 |    25 |    +0.0% | -844.852 |  -855786.4 |   1257 | riscv.dp.rf.rf[2][23]$_DFFE_PP_/D
      895 |       0 |      43 |        0 |      0 |    25 |    +0.0% | -844.852 |  -855786.4 |   1257 | riscv.dp.rf.rf[2][23]$_DFFE_PP_/D
      897 |       0 |      43 |        0 |      0 |    25 |    +0.0% | -844.852 |  -855786.4 |   1257 | riscv.dp.rf.rf[2][23]$_DFFE_PP_/D
      899 |       0 |      43 |        0 |      0 |    25 |    +0.0% | -844.852 |  -855786.4 |   1257 | riscv.dp.rf.rf[2][23]$_DFFE_PP_/D
      900 |       0 |      43 |        0 |      0 |    25 |    +0.0% | -844.852 |  -855786.4 |   1257 | riscv.dp.rf.rf[2][23]$_DFFE_PP_/D
      901 |       0 |      43 |        0 |      0 |    25 |    +0.0% | -844.852 |  -855786.4 |   1257 | riscv.dp.rf.rf[2][23]$_DFFE_PP_/D
      903 |       0 |      43 |        0 |      0 |    25 |    +0.0% | -844.852 |  -855786.4 |   1257 | riscv.dp.rf.rf[2][23]$_DFFE_PP_/D
      905 |       0 |      43 |        0 |      0 |    25 |    +0.0% | -844.852 |  -855786.4 |   1257 | riscv.dp.rf.rf[2][23]$_DFFE_PP_/D
      907 |       0 |      43 |        0 |      0 |    25 |    +0.0% | -844.852 |  -855786.4 |   1257 | riscv.dp.rf.rf[2][23]$_DFFE_PP_/D
      909 |       0 |      43 |        0 |      0 |    25 |    +0.0% | -844.852 |  -855786.4 |   1257 | riscv.dp.rf.rf[2][23]$_DFFE_PP_/D
      910 |       0 |      43 |        0 |      0 |    25 |    +0.0% | -844.852 |  -855786.4 |   1257 | riscv.dp.rf.rf[2][23]$_DFFE_PP_/D
      911 |       0 |      43 |        0 |      0 |    25 |    +0.0% | -844.852 |  -855786.4 |   1257 | riscv.dp.rf.rf[2][23]$_DFFE_PP_/D
      913 |       0 |      43 |        0 |      0 |    25 |    +0.0% | -844.852 |  -855786.4 |   1257 | riscv.dp.rf.rf[2][23]$_DFFE_PP_/D
      915 |       0 |      43 |        0 |      0 |    25 |    +0.0% | -844.852 |  -855786.4 |   1257 | riscv.dp.rf.rf[2][23]$_DFFE_PP_/D
      917 |       0 |      43 |        0 |      0 |    25 |    +0.0% | -844.852 |  -855786.4 |   1257 | riscv.dp.rf.rf[2][23]$_DFFE_PP_/D
      919 |       0 |      43 |        0 |      0 |    25 |    +0.0% | -844.852 |  -855786.4 |   1257 | riscv.dp.rf.rf[2][23]$_DFFE_PP_/D
      920 |       0 |      43 |        0 |      0 |    25 |    +0.0% | -844.852 |  -855786.4 |   1257 | riscv.dp.rf.rf[2][23]$_DFFE_PP_/D
      921 |       0 |      43 |        0 |      0 |    25 |    +0.0% | -844.852 |  -855786.4 |   1257 | riscv.dp.rf.rf[2][23]$_DFFE_PP_/D
      923 |       0 |      43 |        0 |      0 |    25 |    +0.0% | -844.852 |  -855786.4 |   1257 | riscv.dp.rf.rf[2][23]$_DFFE_PP_/D
      925 |       0 |      43 |        0 |      0 |    25 |    +0.0% | -844.852 |  -855786.4 |   1257 | riscv.dp.rf.rf[2][23]$_DFFE_PP_/D
      927 |       0 |      43 |        0 |      0 |    25 |    +0.0% | -844.852 |  -855786.4 |   1257 | riscv.dp.rf.rf[2][23]$_DFFE_PP_/D
      929 |       0 |      43 |        0 |      0 |    25 |    +0.0% | -844.852 |  -855786.4 |   1257 | riscv.dp.rf.rf[2][23]$_DFFE_PP_/D
      930 |       0 |      43 |        0 |      0 |    25 |    +0.0% | -844.852 |  -855786.4 |   1257 | riscv.dp.rf.rf[2][23]$_DFFE_PP_/D
      931 |       0 |      43 |        0 |      0 |    25 |    +0.0% | -844.852 |  -855786.4 |   1257 | riscv.dp.rf.rf[2][23]$_DFFE_PP_/D
      933 |       0 |      43 |        0 |      0 |    25 |    +0.0% | -844.852 |  -855786.4 |   1257 | riscv.dp.rf.rf[2][23]$_DFFE_PP_/D
      935 |       0 |      43 |        0 |      0 |    25 |    +0.0% | -844.852 |  -855786.4 |   1257 | riscv.dp.rf.rf[2][23]$_DFFE_PP_/D
      937 |       0 |      43 |        0 |      0 |    25 |    +0.0% | -844.852 |  -855786.4 |   1257 | riscv.dp.rf.rf[2][23]$_DFFE_PP_/D
      939 |       0 |      43 |        0 |      0 |    25 |    +0.0% | -844.852 |  -855786.4 |   1257 | riscv.dp.rf.rf[2][23]$_DFFE_PP_/D
      940 |       0 |      43 |        0 |      0 |    25 |    +0.0% | -844.852 |  -855786.4 |   1257 | riscv.dp.rf.rf[2][23]$_DFFE_PP_/D
      941 |       0 |      43 |        0 |      0 |    25 |    +0.0% | -844.852 |  -855786.4 |   1257 | riscv.dp.rf.rf[2][23]$_DFFE_PP_/D
      943 |       0 |      43 |        0 |      0 |    25 |    +0.0% | -844.852 |  -855786.4 |   1257 | riscv.dp.rf.rf[2][23]$_DFFE_PP_/D
      945 |       0 |      43 |        0 |      0 |    25 |    +0.0% | -844.852 |  -855786.4 |   1257 | riscv.dp.rf.rf[2][23]$_DFFE_PP_/D
      947 |       0 |      43 |        0 |      0 |    25 |    +0.0% | -844.852 |  -855786.4 |   1257 | riscv.dp.rf.rf[2][23]$_DFFE_PP_/D
      949 |       0 |      43 |        0 |      0 |    25 |    +0.0% | -844.852 |  -855786.4 |   1257 | riscv.dp.rf.rf[2][23]$_DFFE_PP_/D
      950 |       0 |      43 |        0 |      0 |    25 |    +0.0% | -844.852 |  -855786.4 |   1257 | riscv.dp.rf.rf[2][23]$_DFFE_PP_/D
      951 |       0 |      43 |        0 |      0 |    25 |    +0.0% | -844.852 |  -855786.4 |   1257 | riscv.dp.rf.rf[2][23]$_DFFE_PP_/D
      953 |       0 |      43 |        0 |      0 |    25 |    +0.0% | -844.852 |  -855786.4 |   1257 | riscv.dp.rf.rf[2][23]$_DFFE_PP_/D
      955 |       0 |      43 |        0 |      0 |    25 |    +0.0% | -844.852 |  -855786.4 |   1257 | riscv.dp.rf.rf[2][23]$_DFFE_PP_/D
      957 |       0 |      43 |        0 |      0 |    25 |    +0.0% | -844.852 |  -855786.4 |   1257 | riscv.dp.rf.rf[2][23]$_DFFE_PP_/D
      959 |       0 |      43 |        0 |      0 |    25 |    +0.0% | -844.852 |  -855786.4 |   1257 | riscv.dp.rf.rf[2][23]$_DFFE_PP_/D
      960 |       0 |      43 |        0 |      0 |    25 |    +0.0% | -844.852 |  -855786.4 |   1257 | riscv.dp.rf.rf[2][23]$_DFFE_PP_/D
      961 |       0 |      43 |        0 |      0 |    25 |    +0.0% | -844.852 |  -855786.4 |   1257 | riscv.dp.rf.rf[2][23]$_DFFE_PP_/D
      963 |       0 |      43 |        0 |      0 |    25 |    +0.0% | -844.852 |  -855786.4 |   1257 | riscv.dp.rf.rf[2][23]$_DFFE_PP_/D
      965 |       0 |      43 |        0 |      0 |    25 |    +0.0% | -844.852 |  -855786.4 |   1257 | riscv.dp.rf.rf[2][23]$_DFFE_PP_/D
      967 |       0 |      43 |        0 |      0 |    25 |    +0.0% | -844.852 |  -855786.4 |   1257 | riscv.dp.rf.rf[2][23]$_DFFE_PP_/D
      969 |       0 |      43 |        0 |      0 |    25 |    +0.0% | -844.852 |  -855786.4 |   1257 | riscv.dp.rf.rf[2][23]$_DFFE_PP_/D
      970 |       0 |      43 |        0 |      0 |    25 |    +0.0% | -844.852 |  -855786.4 |   1257 | riscv.dp.rf.rf[2][23]$_DFFE_PP_/D
      971 |       0 |      43 |        0 |      0 |    25 |    +0.0% | -844.852 |  -855786.4 |   1257 | riscv.dp.rf.rf[2][23]$_DFFE_PP_/D
      973 |       0 |      43 |        0 |      0 |    25 |    +0.0% | -844.852 |  -855786.4 |   1257 | riscv.dp.rf.rf[2][23]$_DFFE_PP_/D
      975 |       0 |      43 |        0 |      0 |    25 |    +0.0% | -844.852 |  -855786.4 |   1257 | riscv.dp.rf.rf[2][23]$_DFFE_PP_/D
      977 |       0 |      43 |        0 |      0 |    25 |    +0.0% | -844.852 |  -855786.4 |   1257 | riscv.dp.rf.rf[2][23]$_DFFE_PP_/D
      979 |       0 |      43 |        0 |      0 |    25 |    +0.0% | -844.852 |  -855786.4 |   1257 | riscv.dp.rf.rf[2][23]$_DFFE_PP_/D
      980 |       0 |      43 |        0 |      0 |    25 |    +0.0% | -844.852 |  -855786.4 |   1257 | riscv.dp.rf.rf[2][23]$_DFFE_PP_/D
      981 |       0 |      43 |        0 |      0 |    25 |    +0.0% | -844.852 |  -855786.4 |   1257 | riscv.dp.rf.rf[2][23]$_DFFE_PP_/D
      983 |       0 |      43 |        0 |      0 |    25 |    +0.0% | -844.852 |  -855786.4 |   1257 | riscv.dp.rf.rf[2][23]$_DFFE_PP_/D
      985 |       0 |      43 |        0 |      0 |    25 |    +0.0% | -844.852 |  -855786.4 |   1257 | riscv.dp.rf.rf[2][23]$_DFFE_PP_/D
      987 |       0 |      43 |        0 |      0 |    25 |    +0.0% | -844.852 |  -855786.4 |   1257 | riscv.dp.rf.rf[2][23]$_DFFE_PP_/D
      989 |       0 |      43 |        0 |      0 |    25 |    +0.0% | -844.852 |  -855786.4 |   1257 | riscv.dp.rf.rf[2][23]$_DFFE_PP_/D
      990 |       0 |      43 |        0 |      0 |    25 |    +0.0% | -844.852 |  -855786.4 |   1257 | riscv.dp.rf.rf[2][23]$_DFFE_PP_/D
      991 |       0 |      43 |        0 |      0 |    25 |    +0.0% | -844.852 |  -855786.4 |   1257 | riscv.dp.rf.rf[2][23]$_DFFE_PP_/D
      993 |       0 |      43 |        0 |      0 |    25 |    +0.0% | -844.852 |  -855786.4 |   1257 | riscv.dp.rf.rf[2][23]$_DFFE_PP_/D
      995 |       0 |      43 |        0 |      0 |    25 |    +0.0% | -844.852 |  -855786.4 |   1257 | riscv.dp.rf.rf[2][23]$_DFFE_PP_/D
      997 |       0 |      43 |        0 |      0 |    25 |    +0.0% | -844.852 |  -855786.4 |   1257 | riscv.dp.rf.rf[2][23]$_DFFE_PP_/D
      999 |       0 |      43 |        0 |      0 |    25 |    +0.0% | -844.852 |  -855786.4 |   1257 | riscv.dp.rf.rf[2][23]$_DFFE_PP_/D
     1000 |       0 |      43 |        0 |      0 |    25 |    +0.0% | -844.852 |  -855786.4 |   1257 | riscv.dp.rf.rf[2][23]$_DFFE_PP_/D
     1001 |       0 |      43 |        0 |      0 |    25 |    +0.0% | -844.852 |  -855786.4 |   1257 | riscv.dp.rf.rf[2][23]$_DFFE_PP_/D
     1003 |       0 |      43 |        0 |      0 |    25 |    +0.0% | -844.852 |  -855786.4 |   1257 | riscv.dp.rf.rf[2][23]$_DFFE_PP_/D
     1005 |       0 |      43 |        0 |      0 |    25 |    +0.0% | -844.852 |  -855786.4 |   1257 | riscv.dp.rf.rf[2][23]$_DFFE_PP_/D
     1007 |       0 |      43 |        0 |      0 |    25 |    +0.0% | -844.852 |  -855786.4 |   1257 | riscv.dp.rf.rf[2][23]$_DFFE_PP_/D
     1009 |       0 |      43 |        0 |      0 |    25 |    +0.0% | -844.852 |  -855786.4 |   1257 | riscv.dp.rf.rf[2][23]$_DFFE_PP_/D
     1010 |       0 |      43 |        0 |      0 |    25 |    +0.0% | -844.852 |  -855786.4 |   1257 | riscv.dp.rf.rf[2][23]$_DFFE_PP_/D
     1011 |       0 |      43 |        0 |      0 |    25 |    +0.0% | -844.852 |  -855786.4 |   1257 | riscv.dp.rf.rf[2][23]$_DFFE_PP_/D
     1013 |       0 |      43 |        0 |      0 |    25 |    +0.0% | -844.852 |  -855786.4 |   1257 | riscv.dp.rf.rf[2][23]$_DFFE_PP_/D
     1015 |       0 |      43 |        0 |      0 |    25 |    +0.0% | -844.852 |  -855786.4 |   1257 | riscv.dp.rf.rf[2][23]$_DFFE_PP_/D
     1017 |       0 |      43 |        0 |      0 |    25 |    +0.0% | -844.852 |  -855786.4 |   1257 | riscv.dp.rf.rf[2][23]$_DFFE_PP_/D
     1019 |       0 |      43 |        0 |      0 |    25 |    +0.0% | -844.852 |  -855786.4 |   1257 | riscv.dp.rf.rf[2][23]$_DFFE_PP_/D
     1020 |       0 |      43 |        0 |      0 |    25 |    +0.0% | -844.852 |  -855786.4 |   1257 | riscv.dp.rf.rf[2][23]$_DFFE_PP_/D
     1021 |       0 |      43 |        0 |      0 |    25 |    +0.0% | -844.852 |  -855786.4 |   1257 | riscv.dp.rf.rf[2][23]$_DFFE_PP_/D
     1023 |       0 |      43 |        0 |      0 |    25 |    +0.0% | -844.852 |  -855786.4 |   1257 | riscv.dp.rf.rf[2][23]$_DFFE_PP_/D
     1025 |       0 |      43 |        0 |      0 |    25 |    +0.0% | -844.852 |  -855786.4 |   1257 | riscv.dp.rf.rf[2][23]$_DFFE_PP_/D
     1027 |       0 |      43 |        0 |      0 |    25 |    +0.0% | -844.852 |  -855786.4 |   1257 | riscv.dp.rf.rf[2][23]$_DFFE_PP_/D
     1029 |       0 |      43 |        0 |      0 |    25 |    +0.0% | -844.852 |  -855786.4 |   1257 | riscv.dp.rf.rf[2][23]$_DFFE_PP_/D
     1030 |       0 |      43 |        0 |      0 |    25 |    +0.0% | -844.852 |  -855786.4 |   1257 | riscv.dp.rf.rf[2][23]$_DFFE_PP_/D
     1031 |       0 |      43 |        0 |      0 |    25 |    +0.0% | -844.852 |  -855786.4 |   1257 | riscv.dp.rf.rf[2][23]$_DFFE_PP_/D
     1033 |       0 |      43 |        0 |      0 |    25 |    +0.0% | -844.852 |  -855786.4 |   1257 | riscv.dp.rf.rf[2][23]$_DFFE_PP_/D
     1035 |       0 |      43 |        0 |      0 |    25 |    +0.0% | -844.852 |  -855786.4 |   1257 | riscv.dp.rf.rf[2][23]$_DFFE_PP_/D
     1037 |       0 |      43 |        0 |      0 |    25 |    +0.0% | -844.852 |  -855786.4 |   1257 | riscv.dp.rf.rf[2][23]$_DFFE_PP_/D
     1039 |       0 |      43 |        0 |      0 |    25 |    +0.0% | -844.852 |  -855786.4 |   1257 | riscv.dp.rf.rf[2][23]$_DFFE_PP_/D
     1040 |       0 |      43 |        0 |      0 |    25 |    +0.0% | -844.852 |  -855786.4 |   1257 | riscv.dp.rf.rf[2][23]$_DFFE_PP_/D
     1041 |       0 |      43 |        0 |      0 |    25 |    +0.0% | -844.852 |  -855786.4 |   1257 | riscv.dp.rf.rf[2][23]$_DFFE_PP_/D
     1043 |       0 |      43 |        0 |      0 |    25 |    +0.0% | -844.852 |  -855786.4 |   1257 | riscv.dp.rf.rf[2][23]$_DFFE_PP_/D
     1045 |       0 |      43 |        0 |      0 |    25 |    +0.0% | -844.852 |  -855786.4 |   1257 | riscv.dp.rf.rf[2][23]$_DFFE_PP_/D
     1047 |       0 |      43 |        0 |      0 |    25 |    +0.0% | -844.852 |  -855786.4 |   1257 | riscv.dp.rf.rf[2][23]$_DFFE_PP_/D
     1049 |       0 |      43 |        0 |      0 |    25 |    +0.0% | -844.852 |  -855786.4 |   1257 | riscv.dp.rf.rf[2][23]$_DFFE_PP_/D
     1050 |       0 |      43 |        0 |      0 |    25 |    +0.0% | -844.852 |  -855786.4 |   1257 | riscv.dp.rf.rf[2][23]$_DFFE_PP_/D
     1051 |       0 |      43 |        0 |      0 |    25 |    +0.0% | -844.852 |  -855786.4 |   1257 | riscv.dp.rf.rf[2][23]$_DFFE_PP_/D
     1053 |       0 |      43 |        0 |      0 |    25 |    +0.0% | -844.852 |  -855786.4 |   1257 | riscv.dp.rf.rf[2][23]$_DFFE_PP_/D
     1055 |       0 |      43 |        0 |      0 |    25 |    +0.0% | -844.852 |  -855786.4 |   1257 | riscv.dp.rf.rf[2][23]$_DFFE_PP_/D
     1057 |       0 |      43 |        0 |      0 |    25 |    +0.0% | -844.852 |  -855786.4 |   1257 | riscv.dp.rf.rf[2][23]$_DFFE_PP_/D
     1059 |       0 |      43 |        0 |      0 |    25 |    +0.0% | -844.852 |  -855786.4 |   1257 | riscv.dp.rf.rf[2][23]$_DFFE_PP_/D
     1060 |       0 |      43 |        0 |      0 |    25 |    +0.0% | -844.852 |  -855786.4 |   1257 | riscv.dp.rf.rf[2][23]$_DFFE_PP_/D
     1061 |       0 |      43 |        0 |      0 |    25 |    +0.0% | -844.852 |  -855786.4 |   1257 | riscv.dp.rf.rf[2][23]$_DFFE_PP_/D
     1063 |       0 |      43 |        0 |      0 |    25 |    +0.0% | -844.852 |  -855786.4 |   1257 | riscv.dp.rf.rf[2][23]$_DFFE_PP_/D
     1065 |       0 |      43 |        0 |      0 |    25 |    +0.0% | -844.852 |  -855786.4 |   1257 | riscv.dp.rf.rf[2][23]$_DFFE_PP_/D
     1067 |       0 |      43 |        0 |      0 |    25 |    +0.0% | -844.852 |  -855786.4 |   1257 | riscv.dp.rf.rf[2][23]$_DFFE_PP_/D
     1069 |       0 |      43 |        0 |      0 |    25 |    +0.0% | -844.852 |  -855786.4 |   1257 | riscv.dp.rf.rf[2][23]$_DFFE_PP_/D
     1070 |       0 |      43 |        0 |      0 |    25 |    +0.0% | -844.852 |  -855786.4 |   1257 | riscv.dp.rf.rf[2][23]$_DFFE_PP_/D
     1071 |       0 |      43 |        0 |      0 |    25 |    +0.0% | -844.852 |  -855786.4 |   1257 | riscv.dp.rf.rf[2][23]$_DFFE_PP_/D
     1073 |       0 |      43 |        0 |      0 |    25 |    +0.0% | -844.852 |  -855786.4 |   1257 | riscv.dp.rf.rf[2][23]$_DFFE_PP_/D
     1075 |       0 |      43 |        0 |      0 |    25 |    +0.0% | -844.852 |  -855786.4 |   1257 | riscv.dp.rf.rf[2][23]$_DFFE_PP_/D
     1077 |       0 |      43 |        0 |      0 |    25 |    +0.0% | -844.852 |  -855786.4 |   1257 | riscv.dp.rf.rf[2][23]$_DFFE_PP_/D
     1079 |       0 |      43 |        0 |      0 |    25 |    +0.0% | -844.852 |  -855786.4 |   1257 | riscv.dp.rf.rf[2][23]$_DFFE_PP_/D
     1080 |       0 |      43 |        0 |      0 |    25 |    +0.0% | -844.852 |  -855786.4 |   1257 | riscv.dp.rf.rf[2][23]$_DFFE_PP_/D
     1081 |       0 |      43 |        0 |      0 |    25 |    +0.0% | -844.852 |  -855786.4 |   1257 | riscv.dp.rf.rf[2][23]$_DFFE_PP_/D
     1084 |       0 |      43 |        0 |      0 |    25 |    +0.0% | -844.852 |  -855786.4 |   1257 | riscv.dp.rf.rf[2][23]$_DFFE_PP_/D
     1086 |       0 |      43 |        0 |      0 |    25 |    +0.0% | -844.852 |  -855786.4 |   1257 | riscv.dp.rf.rf[2][23]$_DFFE_PP_/D
     1088 |       0 |      43 |        0 |      0 |    25 |    +0.0% | -844.852 |  -855786.4 |   1257 | riscv.dp.rf.rf[2][23]$_DFFE_PP_/D
     1090 |       0 |      43 |        0 |      0 |    26 |    +0.0% | -844.852 |  -855787.3 |   1257 | riscv.dp.rf.rf[2][23]$_DFFE_PP_/D
     1090 |       0 |      43 |        0 |      0 |    25 |    +0.0% | -844.852 |  -855786.4 |   1257 | riscv.dp.rf.rf[2][23]$_DFFE_PP_/D
     1092 |       0 |      43 |        0 |      0 |    25 |    +0.0% | -844.852 |  -855786.4 |   1257 | riscv.dp.rf.rf[2][23]$_DFFE_PP_/D
     1094 |       0 |      43 |        0 |      0 |    25 |    +0.0% | -844.852 |  -855786.4 |   1257 | riscv.dp.rf.rf[2][23]$_DFFE_PP_/D
     1096 |       0 |      43 |        0 |      0 |    25 |    +0.0% | -844.852 |  -855786.4 |   1257 | riscv.dp.rf.rf[2][23]$_DFFE_PP_/D
     1098 |       0 |      43 |        0 |      0 |    25 |    +0.0% | -844.852 |  -855786.4 |   1257 | riscv.dp.rf.rf[2][23]$_DFFE_PP_/D
     1100 |       0 |      43 |        0 |      0 |    26 |    +0.0% | -844.852 |  -855787.3 |   1257 | riscv.dp.rf.rf[2][23]$_DFFE_PP_/D
     1100 |       0 |      43 |        0 |      0 |    25 |    +0.0% | -844.852 |  -855786.4 |   1257 | riscv.dp.rf.rf[2][23]$_DFFE_PP_/D
     1102 |       0 |      43 |        0 |      0 |    25 |    +0.0% | -844.852 |  -855786.4 |   1257 | riscv.dp.rf.rf[2][23]$_DFFE_PP_/D
     1104 |       0 |      43 |        0 |      0 |    25 |    +0.0% | -844.852 |  -855786.4 |   1257 | riscv.dp.rf.rf[2][23]$_DFFE_PP_/D
     1106 |       0 |      43 |        0 |      0 |    25 |    +0.0% | -844.852 |  -855786.4 |   1257 | riscv.dp.rf.rf[2][23]$_DFFE_PP_/D
     1108 |       0 |      43 |        0 |      0 |    25 |    +0.0% | -844.852 |  -855786.4 |   1257 | riscv.dp.rf.rf[2][23]$_DFFE_PP_/D
     1110 |       0 |      43 |        0 |      0 |    26 |    +0.0% | -844.852 |  -855787.2 |   1257 | riscv.dp.rf.rf[2][23]$_DFFE_PP_/D
     1110 |       0 |      43 |        0 |      0 |    25 |    +0.0% | -844.852 |  -855786.4 |   1257 | riscv.dp.rf.rf[2][23]$_DFFE_PP_/D
     1112 |       0 |      43 |        0 |      0 |    25 |    +0.0% | -844.852 |  -855786.4 |   1257 | riscv.dp.rf.rf[2][23]$_DFFE_PP_/D
     1114 |       0 |      43 |        0 |      0 |    25 |    +0.0% | -844.852 |  -855786.4 |   1257 | riscv.dp.rf.rf[2][23]$_DFFE_PP_/D
     1116 |       0 |      43 |        0 |      0 |    25 |    +0.0% | -844.852 |  -855786.4 |   1257 | riscv.dp.rf.rf[2][23]$_DFFE_PP_/D
     1118 |       0 |      43 |        0 |      0 |    25 |    +0.0% | -844.852 |  -855786.4 |   1257 | riscv.dp.rf.rf[2][23]$_DFFE_PP_/D
     1120 |       0 |      43 |        0 |      0 |    26 |    +0.0% | -844.852 |  -855787.2 |   1257 | riscv.dp.rf.rf[2][23]$_DFFE_PP_/D
     1120 |       0 |      43 |        0 |      0 |    25 |    +0.0% | -844.852 |  -855786.4 |   1257 | riscv.dp.rf.rf[2][23]$_DFFE_PP_/D
     1122 |       0 |      43 |        0 |      0 |    25 |    +0.0% | -844.852 |  -855786.4 |   1257 | riscv.dp.rf.rf[2][23]$_DFFE_PP_/D
     1124 |       0 |      43 |        0 |      0 |    25 |    +0.0% | -844.852 |  -855786.4 |   1257 | riscv.dp.rf.rf[2][23]$_DFFE_PP_/D
     1126 |       0 |      43 |        0 |      0 |    25 |    +0.0% | -844.852 |  -855786.4 |   1257 | riscv.dp.rf.rf[2][23]$_DFFE_PP_/D
     1128 |       0 |      43 |        0 |      0 |    25 |    +0.0% | -844.852 |  -855786.4 |   1257 | riscv.dp.rf.rf[2][23]$_DFFE_PP_/D
     1130 |       0 |      43 |        0 |      0 |    26 |    +0.0% | -844.852 |  -855787.2 |   1257 | riscv.dp.rf.rf[2][23]$_DFFE_PP_/D
     1130 |       0 |      43 |        0 |      0 |    25 |    +0.0% | -844.852 |  -855786.4 |   1257 | riscv.dp.rf.rf[2][23]$_DFFE_PP_/D
     1132 |       0 |      43 |        0 |      0 |    25 |    +0.0% | -844.852 |  -855786.4 |   1257 | riscv.dp.rf.rf[2][23]$_DFFE_PP_/D
     1134 |       0 |      43 |        0 |      0 |    25 |    +0.0% | -844.852 |  -855786.4 |   1257 | riscv.dp.rf.rf[2][23]$_DFFE_PP_/D
     1136 |       0 |      43 |        0 |      0 |    25 |    +0.0% | -844.852 |  -855786.4 |   1257 | riscv.dp.rf.rf[2][23]$_DFFE_PP_/D
     1138 |       0 |      43 |        0 |      0 |    25 |    +0.0% | -844.852 |  -855786.4 |   1257 | riscv.dp.rf.rf[2][23]$_DFFE_PP_/D
     1140 |       0 |      43 |        0 |      0 |    26 |    +0.0% | -844.852 |  -855787.2 |   1257 | riscv.dp.rf.rf[2][23]$_DFFE_PP_/D
     1140 |       0 |      43 |        0 |      0 |    25 |    +0.0% | -844.852 |  -855786.4 |   1257 | riscv.dp.rf.rf[2][23]$_DFFE_PP_/D
     1142 |       0 |      43 |        0 |      0 |    25 |    +0.0% | -844.852 |  -855786.4 |   1257 | riscv.dp.rf.rf[2][23]$_DFFE_PP_/D
     1144 |       0 |      43 |        0 |      0 |    25 |    +0.0% | -844.852 |  -855786.4 |   1257 | riscv.dp.rf.rf[2][23]$_DFFE_PP_/D
     1147 |       0 |      43 |        0 |      0 |    25 |    +0.0% | -844.852 |  -855786.4 |   1257 | riscv.dp.rf.rf[2][23]$_DFFE_PP_/D
     1150 |       0 |      43 |        0 |      0 |    27 |    +0.0% | -844.917 |  -855980.8 |   1257 | riscv.dp.rf.rf[2][23]$_DFFE_PP_/D
     1150 |       0 |      43 |        0 |      0 |    25 |    +0.0% | -844.852 |  -855786.4 |   1257 | riscv.dp.rf.rf[2][23]$_DFFE_PP_/D
     1152 |       0 |      43 |        0 |      0 |    25 |    +0.0% | -844.852 |  -855786.4 |   1257 | riscv.dp.rf.rf[2][23]$_DFFE_PP_/D
     1154 |       0 |      43 |        0 |      0 |    25 |    +0.0% | -844.852 |  -855786.4 |   1257 | riscv.dp.rf.rf[2][23]$_DFFE_PP_/D
     1156 |       0 |      43 |        0 |      0 |    25 |    +0.0% | -844.852 |  -855786.4 |   1257 | riscv.dp.rf.rf[2][23]$_DFFE_PP_/D
     1158 |       0 |      43 |        0 |      0 |    25 |    +0.0% | -844.852 |  -855786.4 |   1257 | riscv.dp.rf.rf[2][23]$_DFFE_PP_/D
     1160 |       0 |      43 |        0 |      0 |    26 |    +0.0% | -844.852 |  -855787.3 |   1257 | riscv.dp.rf.rf[2][23]$_DFFE_PP_/D
     1160 |       0 |      43 |        0 |      0 |    25 |    +0.0% | -844.852 |  -855786.4 |   1257 | riscv.dp.rf.rf[2][23]$_DFFE_PP_/D
     1162 |       0 |      43 |        0 |      0 |    25 |    +0.0% | -844.852 |  -855786.4 |   1257 | riscv.dp.rf.rf[2][23]$_DFFE_PP_/D
     1164 |       0 |      43 |        0 |      0 |    25 |    +0.0% | -844.852 |  -855786.4 |   1257 | riscv.dp.rf.rf[2][23]$_DFFE_PP_/D
     1166 |       0 |      43 |        0 |      0 |    25 |    +0.0% | -844.852 |  -855786.4 |   1257 | riscv.dp.rf.rf[2][23]$_DFFE_PP_/D
     1168 |       0 |      43 |        0 |      0 |    25 |    +0.0% | -844.852 |  -855786.4 |   1257 | riscv.dp.rf.rf[2][23]$_DFFE_PP_/D
     1170 |       0 |      43 |        0 |      0 |    26 |    +0.0% | -844.852 |  -855787.3 |   1257 | riscv.dp.rf.rf[2][23]$_DFFE_PP_/D
     1170 |       0 |      43 |        0 |      0 |    25 |    +0.0% | -844.852 |  -855786.4 |   1257 | riscv.dp.rf.rf[2][23]$_DFFE_PP_/D
     1172 |       0 |      43 |        0 |      0 |    25 |    +0.0% | -844.852 |  -855786.4 |   1257 | riscv.dp.rf.rf[2][23]$_DFFE_PP_/D
     1174 |       0 |      43 |        0 |      0 |    25 |    +0.0% | -844.852 |  -855786.4 |   1257 | riscv.dp.rf.rf[2][23]$_DFFE_PP_/D
     1176 |       0 |      43 |        0 |      0 |    25 |    +0.0% | -844.852 |  -855786.4 |   1257 | riscv.dp.rf.rf[2][23]$_DFFE_PP_/D
     1178 |       0 |      43 |        0 |      0 |    25 |    +0.0% | -844.852 |  -855786.4 |   1257 | riscv.dp.rf.rf[2][23]$_DFFE_PP_/D
     1180 |       0 |      43 |        0 |      0 |    26 |    +0.0% | -844.852 |  -855787.3 |   1257 | riscv.dp.rf.rf[2][23]$_DFFE_PP_/D
     1180 |       0 |      43 |        0 |      0 |    25 |    +0.0% | -844.852 |  -855786.4 |   1257 | riscv.dp.rf.rf[2][23]$_DFFE_PP_/D
     1182 |       0 |      43 |        0 |      0 |    25 |    +0.0% | -844.852 |  -855786.4 |   1257 | riscv.dp.rf.rf[2][23]$_DFFE_PP_/D
     1184 |       0 |      43 |        0 |      0 |    25 |    +0.0% | -844.852 |  -855786.4 |   1257 | riscv.dp.rf.rf[2][23]$_DFFE_PP_/D
     1186 |       0 |      43 |        0 |      0 |    25 |    +0.0% | -844.852 |  -855786.4 |   1257 | riscv.dp.rf.rf[2][23]$_DFFE_PP_/D
     1188 |       0 |      43 |        0 |      0 |    25 |    +0.0% | -844.852 |  -855786.4 |   1257 | riscv.dp.rf.rf[2][23]$_DFFE_PP_/D
     1190 |       0 |      43 |        0 |      0 |    26 |    +0.0% | -844.852 |  -855787.3 |   1257 | riscv.dp.rf.rf[2][23]$_DFFE_PP_/D
     1190 |       0 |      43 |        0 |      0 |    25 |    +0.0% | -844.852 |  -855786.4 |   1257 | riscv.dp.rf.rf[2][23]$_DFFE_PP_/D
     1192 |       0 |      43 |        0 |      0 |    25 |    +0.0% | -844.852 |  -855786.4 |   1257 | riscv.dp.rf.rf[2][23]$_DFFE_PP_/D
     1194 |       0 |      43 |        0 |      0 |    25 |    +0.0% | -844.852 |  -855786.4 |   1257 | riscv.dp.rf.rf[2][23]$_DFFE_PP_/D
     1196 |       0 |      43 |        0 |      0 |    25 |    +0.0% | -844.852 |  -855786.4 |   1257 | riscv.dp.rf.rf[2][23]$_DFFE_PP_/D
     1198 |       0 |      43 |        0 |      0 |    25 |    +0.0% | -844.852 |  -855786.4 |   1257 | riscv.dp.rf.rf[2][23]$_DFFE_PP_/D
     1200 |       0 |      43 |        0 |      0 |    26 |    +0.0% | -844.852 |  -855787.2 |   1257 | riscv.dp.rf.rf[2][23]$_DFFE_PP_/D
     1200 |       0 |      43 |        0 |      0 |    25 |    +0.0% | -844.852 |  -855786.4 |   1257 | riscv.dp.rf.rf[2][23]$_DFFE_PP_/D
    final |       0 |      43 |        0 |      0 |    25 |    +0.0% | -844.852 |  -855786.4 |   1257 | riscv.dp.rf.rf[2][23]$_DFFE_PP_/D
--------------------------------------------------------------------------------------------------------------
[INFO RSZ-0051] Resized 43 instances: 43 up, 0 up match, 0 down, 0 VT
[INFO RSZ-0043] Swapped pins on 25 instances.
[WARNING RSZ-0062] Unable to repair all setup violations.
Took 11 seconds: repair_timing -setup_margin 0 -hold_margin 0 -repair_tns 100 -setup -skip_last_gasp -sequence unbuffer,sizeup,swap,vt_swap -verbose
Default units for flow
 time 1ps
 capacitance 1fF
 resistance 1kohm
 voltage 1v
 current 1mA
 power 1pW
 distance 1um
   Layer   | Unit Resistance | Unit Capacitance 
           |       (kohm/um) |          (fF/um)
------------------------------------------------
        M1 |        7.04e-02 |         1.00e-10
        M2 |        4.62e-02 |         1.85e-01
        M3 |        3.63e-02 |         1.54e-01
        M4 |        2.03e-02 |         1.89e-01
        M5 |        1.93e-02 |         1.72e-01
        M6 |        1.19e-02 |         1.76e-01
        M7 |        1.25e-02 |         1.47e-01
        M8 |        0.00e+00 |         0.00e+00
        M9 |        0.00e+00 |         0.00e+00
       Pad |        0.00e+00 |         0.00e+00
------------------------------------------------

   Layer   | Via Resistance 
           |         (kohm) 
----------------------------
        V1 |       1.72e-02 
        V2 |       1.72e-02 
        V3 |       1.72e-02 
        V4 |       1.18e-02 
        V5 |       1.18e-02 
        V6 |       8.20e-03 
        V7 |       8.20e-03 
        V8 |       6.30e-03 
        V9 |       0.00e+00 
----------------------------
Report metrics stage 2, floorplan final...

==========================================================================
floorplan final report_design_area
--------------------------------------------------------------------------
Design area 2502 um^2 63% utilization.
source /home/lucast/workspace/OR-flow-TCC/flow/designs/asap7/riscv32i/io.tcl
write_db ./results/asap7/riscv32i/baseline_alpha_4-beta_0.1/2_1_floorplan.odb
write_sdc -no_timestamp ./results/asap7/riscv32i/baseline_alpha_4-beta_0.1/2_1_floorplan.sdc
Elapsed time: 0:12.56[h:]min:sec. CPU time: user 40.59 sys 70.77 (886%). Peak memory: 252308KB.
Log                        Elapsed/s Peak Memory/MB  sha1sum .odb [0:20)
2_1_floorplan                     12            246 81db331177a50362bb26
