
==========================================================================
cts final report_tns
--------------------------------------------------------------------------
tns max -1279.42

==========================================================================
cts final report_wns
--------------------------------------------------------------------------
wns max -75.50

==========================================================================
cts final report_worst_slack
--------------------------------------------------------------------------
worst slack max -75.50

==========================================================================
cts final report_clock_min_period
--------------------------------------------------------------------------
mrx_clk_pad_i period_min = 375.50 fmax = 2663.10
mtx_clk_pad_i period_min = 298.24 fmax = 3352.98
wb_clk_i period_min = 715.76 fmax = 1397.11

==========================================================================
cts final report_clock_skew
--------------------------------------------------------------------------
Clock mrx_clk_pad_i
  50.62 source latency rxethmac1.LatchedByte[7]$_DFF_PP0_/CLK ^
 -70.02 target latency rxethmac1.LatchedByte[3]$_DFF_PP0_/CLK ^
  -2.54 CRPR
--------------
 -21.93 setup skew

Clock mtx_clk_pad_i
  75.55 source latency maccontrol1.transmitcontrol1.TxCtrlEndFrm$_DFF_PP0_/CLK ^
 -67.13 target latency txethmac1.PacketFinished$_DFF_PP0_/CLK ^
  -1.63 CRPR
--------------
   6.79 setup skew

Clock wb_clk_i
 203.84 source latency wishbone.ram_di[12]$_DFFE_PP0P_/CLK ^
-183.08 target latency _tray_size4_19884/CLK ^
  -3.10 CRPR
--------------
  17.67 setup skew


==========================================================================
cts final report_checks -path_delay min
--------------------------------------------------------------------------
Startpoint: wb_rst_i (input port clocked by mrx_clk_pad_i)
Endpoint: maccontrol1.receivecontrol1.SlotTimer[0]$_DFFE_PP0P_
          (removal check against rising-edge clock mrx_clk_pad_i)
Path Group: asynchronous
Path Type: min

Fanout     Cap    Slew   Delay    Time   Description
-----------------------------------------------------------------------------
                          0.00    0.00   clock mrx_clk_pad_i (rise edge)
                          0.00    0.00   clock network delay (propagated)
                         60.00   60.00 v input external delay
     1    2.01    0.00    0.00   60.00 v wb_rst_i (in)
                                         wb_rst_i (net)
                  0.86    0.27   60.27 v input1332/A (BUFx2_ASAP7_75t_R)
     2   13.02   40.11   22.48   82.76 v input1332/Y (BUFx2_ASAP7_75t_R)
                                         net1331 (net)
                 44.93    7.24   90.00 v _058948_/A (CKINVDCx20_ASAP7_75t_R)
     9    8.80   12.99   11.74  101.74 ^ _058948_/Y (CKINVDCx20_ASAP7_75t_R)
                                         _000240_ (net)
                 13.97    1.79  103.53 ^ place18264/A (BUFx3_ASAP7_75t_R)
     6    4.43   12.41   17.31  120.84 ^ place18264/Y (BUFx3_ASAP7_75t_R)
                                         net18261 (net)
                 12.42    0.24  121.08 ^ maccontrol1.receivecontrol1.SlotTimer[0]$_DFFE_PP0P_/RESETN (DFFASRHQNx1_ASAP7_75t_R)
                                121.08   data arrival time

                          0.00    0.00   clock mrx_clk_pad_i (rise edge)
                          0.00    0.00   clock source latency
     1    6.48    0.00    0.00    0.00 ^ mrx_clk_pad_i (in)
                                         mrx_clk_pad_i (net)
                 14.02    4.42    4.42 ^ clkbuf_0_mrx_clk_pad_i/A (BUFx24_ASAP7_75t_R)
     2    8.15    9.03   19.47   23.90 ^ clkbuf_0_mrx_clk_pad_i/Y (BUFx24_ASAP7_75t_R)
                                         clknet_0_mrx_clk_pad_i (net)
                 11.14    2.26   26.16 ^ clkbuf_1_0__f_mrx_clk_pad_i/A (BUFx24_ASAP7_75t_R)
     8   26.53   17.64   21.53   47.68 ^ clkbuf_1_0__f_mrx_clk_pad_i/Y (BUFx24_ASAP7_75t_R)
                                         clknet_1_0__leaf_mrx_clk_pad_i (net)
                 19.24    2.77   50.45 ^ clkbuf_leaf_12_mrx_clk_pad_i/A (BUFx24_ASAP7_75t_R)
    16   16.58   12.79   22.70   73.15 ^ clkbuf_leaf_12_mrx_clk_pad_i/Y (BUFx24_ASAP7_75t_R)
                                         clknet_leaf_12_mrx_clk_pad_i (net)
                 12.87    0.53   73.68 ^ maccontrol1.receivecontrol1.SlotTimer[0]$_DFFE_PP0P_/CLK (DFFASRHQNx1_ASAP7_75t_R)
                          0.00   73.68   clock reconvergence pessimism
                         22.11   95.79   library removal time
                                 95.79   data required time
-----------------------------------------------------------------------------
                                 95.79   data required time
                               -121.08   data arrival time
-----------------------------------------------------------------------------
                                 25.29   slack (MET)


Startpoint: mrxdv_pad_i (input port clocked by mrx_clk_pad_i)
Endpoint: RxEnSync$_DFFE_PP0N_
          (rising edge-triggered flip-flop clocked by mrx_clk_pad_i)
Path Group: mrx_clk_pad_i
Path Type: min

Fanout     Cap    Slew   Delay    Time   Description
-----------------------------------------------------------------------------
                          0.00    0.00   clock mrx_clk_pad_i (rise edge)
                          0.00    0.00   clock network delay (propagated)
                         60.00   60.00 ^ input external delay
     1    1.11    0.00    0.00   60.00 ^ mrxdv_pad_i (in)
                                         mrxdv_pad_i (net)
                  0.26    0.08   60.08 ^ input1287/A (BUFx2_ASAP7_75t_R)
     1    0.53    4.94    9.90   69.98 ^ input1287/Y (BUFx2_ASAP7_75t_R)
                                         net1286 (net)
                  4.94    0.02   70.00 ^ _056058_/A (INVx1_ASAP7_75t_R)
     2    1.34    8.34    6.08   76.08 v _056058_/Y (INVx1_ASAP7_75t_R)
                                         _021344_ (net)
                  8.34    0.09   76.17 v _056060_/A2 (AO21x1_ASAP7_75t_R)
     1    0.64    6.21   14.20   90.37 v _056060_/Y (AO21x1_ASAP7_75t_R)
                                         _012860_ (net)
                  6.21    0.03   90.40 v RxEnSync$_DFFE_PP0N_/D (DFFASRHQNx1_ASAP7_75t_R)
                                 90.40   data arrival time

                          0.00    0.00   clock mrx_clk_pad_i (rise edge)
                          0.00    0.00   clock source latency
     1    6.48    0.00    0.00    0.00 ^ mrx_clk_pad_i (in)
                                         mrx_clk_pad_i (net)
                 14.02    4.42    4.42 ^ clkbuf_0_mrx_clk_pad_i/A (BUFx24_ASAP7_75t_R)
     2    8.15    9.03   19.47   23.90 ^ clkbuf_0_mrx_clk_pad_i/Y (BUFx24_ASAP7_75t_R)
                                         clknet_0_mrx_clk_pad_i (net)
                 11.14    2.26   26.16 ^ clkbuf_1_0__f_mrx_clk_pad_i/A (BUFx24_ASAP7_75t_R)
     8   26.53   17.64   21.53   47.68 ^ clkbuf_1_0__f_mrx_clk_pad_i/Y (BUFx24_ASAP7_75t_R)
                                         clknet_1_0__leaf_mrx_clk_pad_i (net)
                 19.24    2.77   50.45 ^ clkbuf_leaf_12_mrx_clk_pad_i/A (BUFx24_ASAP7_75t_R)
    16   16.58   12.79   22.70   73.15 ^ clkbuf_leaf_12_mrx_clk_pad_i/Y (BUFx24_ASAP7_75t_R)
                                         clknet_leaf_12_mrx_clk_pad_i (net)
                 13.46    1.52   74.68 ^ RxEnSync$_DFFE_PP0N_/CLK (DFFASRHQNx1_ASAP7_75t_R)
                          0.00   74.68   clock reconvergence pessimism
                         12.62   87.29   library hold time
                                 87.29   data required time
-----------------------------------------------------------------------------
                                 87.29   data required time
                                -90.40   data arrival time
-----------------------------------------------------------------------------
                                  3.10   slack (MET)


Startpoint: txethmac1.random1.x[8]$_DFF_PP0_
            (rising edge-triggered flip-flop clocked by mtx_clk_pad_i)
Endpoint: txethmac1.random1.x[9]$_DFF_PP0_
          (rising edge-triggered flip-flop clocked by mtx_clk_pad_i)
Path Group: mtx_clk_pad_i
Path Type: min

Fanout     Cap    Slew   Delay    Time   Description
-----------------------------------------------------------------------------
                          0.00    0.00   clock mtx_clk_pad_i (rise edge)
                          0.00    0.00   clock source latency
     1    7.17    0.00    0.00    0.00 ^ mtx_clk_pad_i (in)
                                         mtx_clk_pad_i (net)
                 18.76    5.92    5.92 ^ clkbuf_0_mtx_clk_pad_i/A (BUFx24_ASAP7_75t_R)
     2    5.54    8.24   20.61   26.52 ^ clkbuf_0_mtx_clk_pad_i/Y (BUFx24_ASAP7_75t_R)
                                         clknet_0_mtx_clk_pad_i (net)
                  8.32    0.59   27.12 ^ clkbuf_1_1__f_mtx_clk_pad_i/A (BUFx24_ASAP7_75t_R)
     6   15.36   12.27   19.03   46.15 ^ clkbuf_1_1__f_mtx_clk_pad_i/Y (BUFx24_ASAP7_75t_R)
                                         clknet_1_1__leaf_mtx_clk_pad_i (net)
                 12.97    1.44   47.59 ^ clkbuf_leaf_5_mtx_clk_pad_i/A (BUFx24_ASAP7_75t_R)
    24   14.00   11.60   20.41   67.99 ^ clkbuf_leaf_5_mtx_clk_pad_i/Y (BUFx24_ASAP7_75t_R)
                                         clknet_leaf_5_mtx_clk_pad_i (net)
                 11.64    0.34   68.33 ^ txethmac1.random1.x[8]$_DFF_PP0_/CLK (DFFASRHQNx1_ASAP7_75t_R)
     1    0.53   11.75   37.95  106.28 ^ txethmac1.random1.x[8]$_DFF_PP0_/QN (DFFASRHQNx1_ASAP7_75t_R)
                                         _004657_ (net)
                 11.75    0.02  106.29 ^ _067981_/A (INVx1_ASAP7_75t_R)
     2    1.28    9.37    7.82  114.11 v _067981_/Y (INVx1_ASAP7_75t_R)
                                         txethmac1.random1.x[8] (net)
                  9.37    0.04  114.15 v txethmac1.random1.x[9]$_DFF_PP0_/D (DFFASRHQNx1_ASAP7_75t_R)
                                114.15   data arrival time

                          0.00    0.00   clock mtx_clk_pad_i (rise edge)
                          0.00    0.00   clock source latency
     1    7.77    0.00    0.00    0.00 ^ mtx_clk_pad_i (in)
                                         mtx_clk_pad_i (net)
                 21.21    6.69    6.69 ^ clkbuf_0_mtx_clk_pad_i/A (BUFx24_ASAP7_75t_R)
     2    6.74    8.76   21.46   28.15 ^ clkbuf_0_mtx_clk_pad_i/Y (BUFx24_ASAP7_75t_R)
                                         clknet_0_mtx_clk_pad_i (net)
                  8.93    0.74   28.90 ^ clkbuf_1_1__f_mtx_clk_pad_i/A (BUFx24_ASAP7_75t_R)
     6   18.97   13.98   19.74   48.63 ^ clkbuf_1_1__f_mtx_clk_pad_i/Y (BUFx24_ASAP7_75t_R)
                                         clknet_1_1__leaf_mtx_clk_pad_i (net)
                 15.82    2.61   51.24 ^ clkbuf_leaf_7_mtx_clk_pad_i/A (BUFx24_ASAP7_75t_R)
    22   16.62   12.80   21.65   72.90 ^ clkbuf_leaf_7_mtx_clk_pad_i/Y (BUFx24_ASAP7_75t_R)
                                         clknet_leaf_7_mtx_clk_pad_i (net)
                 13.28    1.26   74.16 ^ txethmac1.random1.x[9]$_DFF_PP0_/CLK (DFFASRHQNx1_ASAP7_75t_R)
                         -2.48   71.67   clock reconvergence pessimism
                         12.22   83.89   library hold time
                                 83.89   data required time
-----------------------------------------------------------------------------
                                 83.89   data required time
                               -114.15   data arrival time
-----------------------------------------------------------------------------
                                 30.26   slack (MET)


Startpoint: wishbone.TxStartFrm_syncb1$_DFF_PP0_
            (rising edge-triggered flip-flop clocked by wb_clk_i)
Endpoint: wishbone.TxStartFrm_syncb2$_DFF_PP0_
          (rising edge-triggered flip-flop clocked by wb_clk_i)
Path Group: wb_clk_i
Path Type: min

Fanout     Cap    Slew   Delay    Time   Description
-----------------------------------------------------------------------------
                          0.00    0.00   clock wb_clk_i (rise edge)
                          0.00    0.00   clock source latency
     1   16.98    0.00    0.00    0.00 ^ wb_clk_i (in)
                                         wb_clk_i (net)
                111.66   35.23   35.23 ^ clkbuf_0_wb_clk_i/A (BUFx24_ASAP7_75t_R)
     4   15.78   14.07   36.79   72.01 ^ clkbuf_0_wb_clk_i/Y (BUFx24_ASAP7_75t_R)
                                         clknet_0_wb_clk_i (net)
                 28.63    7.88   79.90 ^ clkbuf_2_0_0_wb_clk_i/A (BUFx24_ASAP7_75t_R)
     2   10.80    8.67   22.98  102.87 ^ clkbuf_2_0_0_wb_clk_i/Y (BUFx24_ASAP7_75t_R)
                                         clknet_2_0_0_wb_clk_i (net)
                 31.29    9.43  112.30 ^ clkbuf_3_1_0_wb_clk_i/A (BUFx24_ASAP7_75t_R)
     4   13.86   11.75   24.60  136.89 ^ clkbuf_3_1_0_wb_clk_i/Y (BUFx24_ASAP7_75t_R)
                                         clknet_3_1_0_wb_clk_i (net)
                 17.19    4.13  141.02 ^ clkbuf_5_4__f_wb_clk_i/A (BUFx24_ASAP7_75t_R)
     6   16.64   12.99   21.68  162.70 ^ clkbuf_5_4__f_wb_clk_i/Y (BUFx24_ASAP7_75t_R)
                                         clknet_5_4__leaf_wb_clk_i (net)
                 15.85    3.14  165.84 ^ clkbuf_leaf_170_wb_clk_i/A (BUFx24_ASAP7_75t_R)
    15   12.70   11.08   21.03  186.87 ^ clkbuf_leaf_170_wb_clk_i/Y (BUFx24_ASAP7_75t_R)
                                         clknet_leaf_170_wb_clk_i (net)
                 11.11    0.27  187.14 ^ wishbone.TxStartFrm_syncb1$_DFF_PP0_/CLK (DFFASRHQNx1_ASAP7_75t_R)
     1    1.44   18.28   42.22  229.37 ^ wishbone.TxStartFrm_syncb1$_DFF_PP0_/QN (DFFASRHQNx1_ASAP7_75t_R)
                                         _000634_ (net)
                 18.28    0.19  229.56 ^ _055946_/A (INVx1_ASAP7_75t_R)
     1    0.83    8.73    7.56  237.12 v _055946_/Y (INVx1_ASAP7_75t_R)
                                         wishbone.TxStartFrm_syncb1 (net)
                  8.73    0.06  237.18 v wishbone.TxStartFrm_syncb2$_DFF_PP0_/D (DFFASRHQNx1_ASAP7_75t_R)
                                237.18   data arrival time

                          0.00    0.00   clock wb_clk_i (rise edge)
                          0.00    0.00   clock source latency
     1   17.59    0.00    0.00    0.00 ^ wb_clk_i (in)
                                         wb_clk_i (net)
                118.73   37.46   37.46 ^ clkbuf_0_wb_clk_i/A (BUFx24_ASAP7_75t_R)
     4   18.19   14.71   37.65   75.11 ^ clkbuf_0_wb_clk_i/Y (BUFx24_ASAP7_75t_R)
                                         clknet_0_wb_clk_i (net)
                 33.13    9.23   84.34 ^ clkbuf_2_0_0_wb_clk_i/A (BUFx24_ASAP7_75t_R)
     2   12.00    8.94   24.11  108.44 ^ clkbuf_2_0_0_wb_clk_i/Y (BUFx24_ASAP7_75t_R)
                                         clknet_2_0_0_wb_clk_i (net)
                 36.46   11.09  119.54 ^ clkbuf_3_0_0_wb_clk_i/A (BUFx24_ASAP7_75t_R)
     4   16.91   13.30   26.04  145.58 ^ clkbuf_3_0_0_wb_clk_i/Y (BUFx24_ASAP7_75t_R)
                                         clknet_3_0_0_wb_clk_i (net)
                 20.37    4.99  150.57 ^ clkbuf_5_3__f_wb_clk_i/A (BUFx24_ASAP7_75t_R)
     6   21.28   14.70   22.94  173.51 ^ clkbuf_5_3__f_wb_clk_i/Y (BUFx24_ASAP7_75t_R)
                                         clknet_5_3__leaf_wb_clk_i (net)
                 23.56    6.05  179.56 ^ clkbuf_leaf_156_wb_clk_i/A (BUFx24_ASAP7_75t_R)
    19   14.20   11.92   23.38  202.94 ^ clkbuf_leaf_156_wb_clk_i/Y (BUFx24_ASAP7_75t_R)
                                         clknet_leaf_156_wb_clk_i (net)
                 12.20    0.92  203.86 ^ wishbone.TxStartFrm_syncb2$_DFF_PP0_/CLK (DFFASRHQNx1_ASAP7_75t_R)
                         -5.57  198.29   clock reconvergence pessimism
                         12.03  210.32   library hold time
                                210.32   data required time
-----------------------------------------------------------------------------
                                210.32   data required time
                               -237.18   data arrival time
-----------------------------------------------------------------------------
                                 26.86   slack (MET)



==========================================================================
cts final report_checks -path_delay max
--------------------------------------------------------------------------
Startpoint: wb_rst_i (input port clocked by mrx_clk_pad_i)
Endpoint: wishbone.RxDataLatched2[19]$_DFFE_PP0P_
          (recovery check against rising-edge clock mrx_clk_pad_i)
Path Group: asynchronous
Path Type: max

Fanout     Cap    Slew   Delay    Time   Description
-----------------------------------------------------------------------------
                          0.00    0.00   clock mrx_clk_pad_i (rise edge)
                          0.00    0.00   clock network delay (propagated)
                         60.00   60.00 v input external delay
     1    2.15    0.00    0.00   60.00 v wb_rst_i (in)
                                         wb_rst_i (net)
                  0.95    0.30   60.30 v input1332/A (BUFx2_ASAP7_75t_R)
     2   17.74   54.10   25.73   86.03 v input1332/Y (BUFx2_ASAP7_75t_R)
                                         net1331 (net)
                 61.39   10.34   96.38 v _058948_/A (CKINVDCx20_ASAP7_75t_R)
     9   10.11   15.78   13.66  110.04 ^ _058948_/Y (CKINVDCx20_ASAP7_75t_R)
                                         _000240_ (net)
                 16.92    2.15  112.19 ^ place18262/A (BUFx3_ASAP7_75t_R)
     9   11.42   27.65   23.70  135.89 ^ place18262/Y (BUFx3_ASAP7_75t_R)
                                         net18259 (net)
                 29.44    3.74  139.63 ^ place18261/A (BUFx3_ASAP7_75t_R)
     8    8.79   22.83   23.74  163.37 ^ place18261/Y (BUFx3_ASAP7_75t_R)
                                         net18258 (net)
                 23.01    1.19  164.56 ^ place18258/A (BUFx3_ASAP7_75t_R)
     9    8.27   20.28   23.08  187.64 ^ place18258/Y (BUFx3_ASAP7_75t_R)
                                         net18255 (net)
                 20.28    0.30  187.94 ^ place18257/A (BUFx3_ASAP7_75t_R)
     7    6.44   16.60   20.87  208.81 ^ place18257/Y (BUFx3_ASAP7_75t_R)
                                         net18254 (net)
                 16.67    0.59  209.40 ^ wishbone.RxDataLatched2[19]$_DFFE_PP0P_/RESETN (DFFASRHQNx1_ASAP7_75t_R)
                                209.40   data arrival time

                        300.00  300.00   clock mrx_clk_pad_i (rise edge)
                          0.00  300.00   clock source latency
     1    5.88    0.00    0.00  300.00 ^ mrx_clk_pad_i (in)
                                         mrx_clk_pad_i (net)
                 12.16    3.84  303.84 ^ clkbuf_0_mrx_clk_pad_i/A (BUFx24_ASAP7_75t_R)
     2    6.95    8.63   18.78  322.62 ^ clkbuf_0_mrx_clk_pad_i/Y (BUFx24_ASAP7_75t_R)
                                         clknet_0_mrx_clk_pad_i (net)
                  9.61    1.53  324.15 ^ clkbuf_1_1__f_mrx_clk_pad_i/A (BUFx24_ASAP7_75t_R)
     7   20.20   12.51   19.20  343.35 ^ clkbuf_1_1__f_mrx_clk_pad_i/Y (BUFx24_ASAP7_75t_R)
                                         clknet_1_1__leaf_mrx_clk_pad_i (net)
                 15.77    2.76  346.11 ^ clkbuf_leaf_8_mrx_clk_pad_i/A (BUFx24_ASAP7_75t_R)
    21   13.55   11.48   21.11  367.22 ^ clkbuf_leaf_8_mrx_clk_pad_i/Y (BUFx24_ASAP7_75t_R)
                                         clknet_leaf_8_mrx_clk_pad_i (net)
                 11.84    1.03  368.24 ^ wishbone.RxDataLatched2[19]$_DFFE_PP0P_/CLK (DFFASRHQNx1_ASAP7_75t_R)
                          0.00  368.24   clock reconvergence pessimism
                         14.06  382.30   library recovery time
                                382.30   data required time
-----------------------------------------------------------------------------
                                382.30   data required time
                               -209.40   data arrival time
-----------------------------------------------------------------------------
                                172.90   slack (MET)


Startpoint: rxethmac1.rxcounters1.ByteCnt[3]$_DFFE_PP0P_
            (rising edge-triggered flip-flop clocked by mrx_clk_pad_i)
Endpoint: maccontrol1.receivecontrol1.PauseTimer[14]$_DFFE_PP0P_
          (rising edge-triggered flip-flop clocked by mrx_clk_pad_i)
Path Group: mrx_clk_pad_i
Path Type: max

Fanout     Cap    Slew   Delay    Time   Description
-----------------------------------------------------------------------------
                          0.00    0.00   clock mrx_clk_pad_i (rise edge)
                          0.00    0.00   clock source latency
     1    6.48    0.00    0.00    0.00 ^ mrx_clk_pad_i (in)
                                         mrx_clk_pad_i (net)
                 14.02    4.42    4.42 ^ clkbuf_0_mrx_clk_pad_i/A (BUFx24_ASAP7_75t_R)
     2    8.15    9.03   19.47   23.90 ^ clkbuf_0_mrx_clk_pad_i/Y (BUFx24_ASAP7_75t_R)
                                         clknet_0_mrx_clk_pad_i (net)
                 11.14    2.26   26.16 ^ clkbuf_1_0__f_mrx_clk_pad_i/A (BUFx24_ASAP7_75t_R)
     8   26.53   17.64   21.53   47.68 ^ clkbuf_1_0__f_mrx_clk_pad_i/Y (BUFx24_ASAP7_75t_R)
                                         clknet_1_0__leaf_mrx_clk_pad_i (net)
                 18.58    2.13   49.81 ^ clkbuf_leaf_2_mrx_clk_pad_i/A (BUFx24_ASAP7_75t_R)
    24   16.99   12.96   22.58   72.39 ^ clkbuf_leaf_2_mrx_clk_pad_i/Y (BUFx24_ASAP7_75t_R)
                                         clknet_leaf_2_mrx_clk_pad_i (net)
                 13.01    0.44   72.83 ^ rxethmac1.rxcounters1.ByteCnt[3]$_DFFE_PP0P_/CLK (DFFASRHQNx1_ASAP7_75t_R)
     3    2.25   23.69   46.08  118.91 ^ rxethmac1.rxcounters1.ByteCnt[3]$_DFFE_PP0P_/QN (DFFASRHQNx1_ASAP7_75t_R)
                                         _010615_ (net)
                 23.69    0.07  118.98 ^ rebuffer18428/A (BUFx3_ASAP7_75t_R)
     1    1.39    6.65   16.41  135.39 ^ rebuffer18428/Y (BUFx3_ASAP7_75t_R)
                                         net18425 (net)
                  6.65    0.05  135.44 ^ _066693_/A (INVx2_ASAP7_75t_R)
     2    1.82    6.35    5.31  140.75 v _066693_/Y (INVx2_ASAP7_75t_R)
                                         rxethmac1.rxcounters1.ByteCnt[3] (net)
                  6.36    0.06  140.81 v _101208_/B (HAxp5_ASAP7_75t_R)
     2    1.95   26.01   14.43  155.24 ^ _101208_/CON (HAxp5_ASAP7_75t_R)
                                         _010620_ (net)
                 26.01    0.10  155.34 ^ _066706_/A (NOR2x1_ASAP7_75t_R)
     4    3.06   37.12   18.77  174.10 v _066706_/Y (NOR2x1_ASAP7_75t_R)
                                         _031793_ (net)
                 37.12    0.12  174.22 v rebuffer18431/A (BUFx3_ASAP7_75t_R)
     1    1.08    6.39   20.36  194.59 v rebuffer18431/Y (BUFx3_ASAP7_75t_R)
                                         net18428 (net)
                  6.39    0.04  194.62 v _069911_/A (NAND2x1_ASAP7_75t_R)
     1    1.07   11.37    9.16  203.79 ^ _069911_/Y (NAND2x1_ASAP7_75t_R)
                                         _034226_ (net)
                 11.37    0.05  203.84 ^ _069912_/A (XOR2x2_ASAP7_75t_R)
     3    2.94   13.44   27.99  231.83 ^ _069912_/Y (XOR2x2_ASAP7_75t_R)
                                         RxByteCnt[6] (net)
                 13.44    0.09  231.93 ^ _101308_/B (HAxp5_ASAP7_75t_R)
     1    1.15   29.23   13.13  245.05 v _101308_/CON (HAxp5_ASAP7_75t_R)
                                         _010861_ (net)
     1    1.22   29.61   13.37  258.42 ^ _101308_/SN (HAxp5_ASAP7_75t_R)
                                         _010862_ (net)
                 29.61    0.06  258.48 ^ _066735_/B (NOR2x1_ASAP7_75t_R)
     2    1.36   17.55   12.54  271.02 v _066735_/Y (NOR2x1_ASAP7_75t_R)
                                         _031817_ (net)
                 17.55    0.05  271.06 v _066739_/A (AND3x1_ASAP7_75t_R)
     2    1.44    9.71   15.64  286.70 v _066739_/Y (AND3x1_ASAP7_75t_R)
                                         _031821_ (net)
                  9.71    0.04  286.74 v _066748_/B1 (AO221x1_ASAP7_75t_R)
     1    1.15   10.85   21.59  308.33 v _066748_/Y (AO221x1_ASAP7_75t_R)
                                         _031830_ (net)
                 10.85    0.04  308.38 v _066749_/B (NAND2x1_ASAP7_75t_R)
     1    0.85   11.84    8.37  316.75 ^ _066749_/Y (NAND2x1_ASAP7_75t_R)
                                         _031831_ (net)
                 11.84    0.05  316.80 ^ _066753_/B (AND3x2_ASAP7_75t_R)
     2    2.88   14.93   24.56  341.36 ^ _066753_/Y (AND3x2_ASAP7_75t_R)
                                         _031835_ (net)
                 14.99    0.52  341.88 ^ _067465_/A2 (AOI21x1_ASAP7_75t_R)
     2    4.49   26.37   15.21  357.09 v _067465_/Y (AOI21x1_ASAP7_75t_R)
                                         _032468_ (net)
                 26.52    1.12  358.20 v place12844/A (BUFx3_ASAP7_75t_R)
     3    3.52    9.87   20.59  378.79 v place12844/Y (BUFx3_ASAP7_75t_R)
                                         net12841 (net)
                  9.88    0.13  378.92 v _067505_/A1 (AOI21x1_ASAP7_75t_R)
     3    3.58   30.21   15.61  394.52 ^ _067505_/Y (AOI21x1_ASAP7_75t_R)
                                         _032508_ (net)
                 30.21    0.26  394.78 ^ clone18433/A (BUFx3_ASAP7_75t_R)
     4    7.89   19.65   24.11  418.90 ^ clone18433/Y (BUFx3_ASAP7_75t_R)
                                         net18430 (net)
                 19.65    0.26  419.15 ^ _068978_/B (NAND2x1_ASAP7_75t_R)
     1    1.35   12.25    9.56  428.71 v _068978_/Y (NAND2x1_ASAP7_75t_R)
                                         _033645_ (net)
                 12.25    0.10  428.81 v _068985_/A (NAND2x1_ASAP7_75t_R)
     1    0.74   10.69   10.09  438.91 ^ _068985_/Y (NAND2x1_ASAP7_75t_R)
                                         _019605_ (net)
                 10.69    0.03  438.94 ^ maccontrol1.receivecontrol1.PauseTimer[14]$_DFFE_PP0P_/D (DFFASRHQNx1_ASAP7_75t_R)
                                438.94   data arrival time

                        300.00  300.00   clock mrx_clk_pad_i (rise edge)
                          0.00  300.00   clock source latency
     1    5.88    0.00    0.00  300.00 ^ mrx_clk_pad_i (in)
                                         mrx_clk_pad_i (net)
                 12.16    3.84  303.84 ^ clkbuf_0_mrx_clk_pad_i/A (BUFx24_ASAP7_75t_R)
     2    6.95    8.63   18.78  322.62 ^ clkbuf_0_mrx_clk_pad_i/Y (BUFx24_ASAP7_75t_R)
                                         clknet_0_mrx_clk_pad_i (net)
                  9.61    1.53  324.15 ^ clkbuf_1_1__f_mrx_clk_pad_i/A (BUFx24_ASAP7_75t_R)
     7   20.20   12.51   19.20  343.35 ^ clkbuf_1_1__f_mrx_clk_pad_i/Y (BUFx24_ASAP7_75t_R)
                                         clknet_1_1__leaf_mrx_clk_pad_i (net)
                 24.14    6.33  349.68 ^ clkbuf_leaf_9_mrx_clk_pad_i/A (BUFx24_ASAP7_75t_R)
    25   13.76   11.77   23.41  373.09 ^ clkbuf_leaf_9_mrx_clk_pad_i/Y (BUFx24_ASAP7_75t_R)
                                         clknet_leaf_9_mrx_clk_pad_i (net)
                 12.10    0.98  374.07 ^ maccontrol1.receivecontrol1.PauseTimer[14]$_DFFE_PP0P_/CLK (DFFASRHQNx1_ASAP7_75t_R)
                          1.27  375.34   clock reconvergence pessimism
                        -11.90  363.44   library setup time
                                363.44   data required time
-----------------------------------------------------------------------------
                                363.44   data required time
                               -438.94   data arrival time
-----------------------------------------------------------------------------
                                -75.50   slack (VIOLATED)


Startpoint: txethmac1.txcounters1.NibCnt[15]$_DFFE_PP0P_
            (rising edge-triggered flip-flop clocked by mtx_clk_pad_i)
Endpoint: macstatus1.RetryCntLatched[1]$_DFFE_PP0P_
          (rising edge-triggered flip-flop clocked by mtx_clk_pad_i)
Path Group: mtx_clk_pad_i
Path Type: max

Fanout     Cap    Slew   Delay    Time   Description
-----------------------------------------------------------------------------
                          0.00    0.00   clock mtx_clk_pad_i (rise edge)
                          0.00    0.00   clock source latency
     1    7.77    0.00    0.00    0.00 ^ mtx_clk_pad_i (in)
                                         mtx_clk_pad_i (net)
                 21.21    6.69    6.69 ^ clkbuf_0_mtx_clk_pad_i/A (BUFx24_ASAP7_75t_R)
     2    6.74    8.76   21.46   28.15 ^ clkbuf_0_mtx_clk_pad_i/Y (BUFx24_ASAP7_75t_R)
                                         clknet_0_mtx_clk_pad_i (net)
                  8.93    0.74   28.90 ^ clkbuf_1_1__f_mtx_clk_pad_i/A (BUFx24_ASAP7_75t_R)
     6   18.97   13.98   19.74   48.63 ^ clkbuf_1_1__f_mtx_clk_pad_i/Y (BUFx24_ASAP7_75t_R)
                                         clknet_1_1__leaf_mtx_clk_pad_i (net)
                 14.87    1.78   50.41 ^ clkbuf_leaf_5_mtx_clk_pad_i/A (BUFx24_ASAP7_75t_R)
    24   16.98   12.92   21.47   71.88 ^ clkbuf_leaf_5_mtx_clk_pad_i/Y (BUFx24_ASAP7_75t_R)
                                         clknet_leaf_5_mtx_clk_pad_i (net)
                 13.26    1.07   72.95 ^ txethmac1.txcounters1.NibCnt[15]$_DFFE_PP0P_/CLK (DFFASRHQNx1_ASAP7_75t_R)
     2    1.76   21.07   44.27  117.22 v txethmac1.txcounters1.NibCnt[15]$_DFFE_PP0P_/QN (DFFASRHQNx1_ASAP7_75t_R)
                                         _000226_ (net)
                 21.07    0.07  117.29 v _067310_/A (INVx1_ASAP7_75t_R)
     1    1.08   12.16   10.28  127.57 ^ _067310_/Y (INVx1_ASAP7_75t_R)
                                         txethmac1.NibCnt[15] (net)
                 12.16    0.05  127.62 ^ _101254_/B (HAxp5_ASAP7_75t_R)
     2    1.95   36.25   34.85  162.48 v _101254_/SN (HAxp5_ASAP7_75t_R)
                                         _010717_ (net)
                 36.25    0.08  162.56 v _057774_/B (NOR2x1_ASAP7_75t_R)
     2    1.51   18.96   14.77  177.33 ^ _057774_/Y (NOR2x1_ASAP7_75t_R)
                                         _023032_ (net)
                 18.96    0.04  177.37 ^ _057777_/A (AND3x1_ASAP7_75t_R)
     1    0.93   10.39   20.33  197.70 ^ _057777_/Y (AND3x1_ASAP7_75t_R)
                                         _023035_ (net)
                 10.39    0.06  197.76 ^ _057778_/A (INVx1_ASAP7_75t_R)
     2    1.44    9.79    8.00  205.76 v _057778_/Y (INVx1_ASAP7_75t_R)
                                         _023036_ (net)
                  9.79    0.05  205.81 v _057779_/A (OR5x1_ASAP7_75t_R)
     1    0.76   11.45   25.93  231.74 v _057779_/Y (OR5x1_ASAP7_75t_R)
                                         _023037_ (net)
                 11.45    0.03  231.78 v _057780_/B (AO21x1_ASAP7_75t_R)
     1    1.15    9.21   17.68  249.46 v _057780_/Y (AO21x1_ASAP7_75t_R)
                                         _023038_ (net)
                  9.21    0.04  249.50 v _057798_/A2 (AOI21x1_ASAP7_75t_R)
     2    2.86   24.32   13.95  263.45 ^ _057798_/Y (AOI21x1_ASAP7_75t_R)
                                         _023056_ (net)
                 24.35    0.52  263.97 ^ _057876_/A2 (AOI21x1_ASAP7_75t_R)
     3    3.56   26.36   15.31  279.28 v _057876_/Y (AOI21x1_ASAP7_75t_R)
                                         _023133_ (net)
                 26.36    0.12  279.40 v _057879_/A2 (OAI21x1_ASAP7_75t_R)
     2    2.68   23.48   17.39  296.79 ^ _057879_/Y (OAI21x1_ASAP7_75t_R)
                                         _023136_ (net)
                 23.48    0.10  296.89 ^ place12836/A (BUFx6f_ASAP7_75t_R)
     4    3.65    7.57   16.27  313.15 ^ place12836/Y (BUFx6f_ASAP7_75t_R)
                                         net12833 (net)
                  7.61    0.28  313.44 ^ _057997_/A (AND2x2_ASAP7_75t_R)
     5    6.53   24.70   22.61  336.05 ^ _057997_/Y (AND2x2_ASAP7_75t_R)
                                         _023244_ (net)
                 24.85    1.08  337.13 ^ _069872_/A2 (OAI21x1_ASAP7_75t_R)
     1    1.55   20.01   10.92  348.05 v _069872_/Y (OAI21x1_ASAP7_75t_R)
                                         _034206_ (net)
                 20.01    0.08  348.13 v _069873_/B (OAI21x1_ASAP7_75t_R)
     1    0.75   15.11    7.57  355.70 ^ _069873_/Y (OAI21x1_ASAP7_75t_R)
                                         _019301_ (net)
                 15.11    0.03  355.74 ^ macstatus1.RetryCntLatched[1]$_DFFE_PP0P_/D (DFFASRHQNx1_ASAP7_75t_R)
                                355.74   data arrival time

                        300.00  300.00   clock mtx_clk_pad_i (rise edge)
                          0.00  300.00   clock source latency
     1    7.17    0.00    0.00  300.00 ^ mtx_clk_pad_i (in)
                                         mtx_clk_pad_i (net)
                 18.76    5.92  305.92 ^ clkbuf_0_mtx_clk_pad_i/A (BUFx24_ASAP7_75t_R)
     2    5.54    8.24   20.61  326.52 ^ clkbuf_0_mtx_clk_pad_i/Y (BUFx24_ASAP7_75t_R)
                                         clknet_0_mtx_clk_pad_i (net)
                  8.32    0.59  327.12 ^ clkbuf_1_1__f_mtx_clk_pad_i/A (BUFx24_ASAP7_75t_R)
     6   15.36   12.27   19.03  346.15 ^ clkbuf_1_1__f_mtx_clk_pad_i/Y (BUFx24_ASAP7_75t_R)
                                         clknet_1_1__leaf_mtx_clk_pad_i (net)
                 12.37    0.56  346.71 ^ clkbuf_leaf_6_mtx_clk_pad_i/A (BUFx24_ASAP7_75t_R)
    25   13.92   11.54   20.20  366.91 ^ clkbuf_leaf_6_mtx_clk_pad_i/Y (BUFx24_ASAP7_75t_R)
                                         clknet_leaf_6_mtx_clk_pad_i (net)
                 11.64    0.49  367.40 ^ macstatus1.RetryCntLatched[1]$_DFFE_PP0P_/CLK (DFFASRHQNx1_ASAP7_75t_R)
                          2.48  369.89   clock reconvergence pessimism
                        -12.39  357.50   library setup time
                                357.50   data required time
-----------------------------------------------------------------------------
                                357.50   data required time
                               -355.74   data arrival time
-----------------------------------------------------------------------------
                                  1.76   slack (MET)


Startpoint: _tray_size4_20036
            (rising edge-triggered flip-flop clocked by wb_clk_i)
Endpoint: wishbone.TxBDReady$_DFFE_PP0P_
          (rising edge-triggered flip-flop clocked by wb_clk_i)
Path Group: wb_clk_i
Path Type: max

Fanout     Cap    Slew   Delay    Time   Description
-----------------------------------------------------------------------------
                          0.00    0.00   clock wb_clk_i (rise edge)
                          0.00    0.00   clock source latency
     1   17.59    0.00    0.00    0.00 ^ wb_clk_i (in)
                                         wb_clk_i (net)
                118.73   37.46   37.46 ^ clkbuf_0_wb_clk_i/A (BUFx24_ASAP7_75t_R)
     4   18.19   14.71   37.65   75.11 ^ clkbuf_0_wb_clk_i/Y (BUFx24_ASAP7_75t_R)
                                         clknet_0_wb_clk_i (net)
                 32.90    9.14   84.25 ^ clkbuf_2_1_0_wb_clk_i/A (BUFx24_ASAP7_75t_R)
     2   11.80    8.91   24.05  108.30 ^ clkbuf_2_1_0_wb_clk_i/Y (BUFx24_ASAP7_75t_R)
                                         clknet_2_1_0_wb_clk_i (net)
                 35.08   10.63  118.92 ^ clkbuf_3_3_0_wb_clk_i/A (BUFx24_ASAP7_75t_R)
     4   17.00   13.21   25.67  144.60 ^ clkbuf_3_3_0_wb_clk_i/Y (BUFx24_ASAP7_75t_R)
                                         clknet_3_3_0_wb_clk_i (net)
                 20.61    5.08  149.68 ^ clkbuf_5_13__f_wb_clk_i/A (BUFx24_ASAP7_75t_R)
     6   21.84   15.31   23.12  172.80 ^ clkbuf_5_13__f_wb_clk_i/Y (BUFx24_ASAP7_75t_R)
                                         clknet_5_13__leaf_wb_clk_i (net)
                 18.09    3.24  176.04 ^ clkbuf_leaf_61_wb_clk_i/A (BUFx24_ASAP7_75t_R)
    18   13.68   11.51   21.84  197.88 ^ clkbuf_leaf_61_wb_clk_i/Y (BUFx24_ASAP7_75t_R)
                                         clknet_leaf_61_wb_clk_i (net)
                 11.68    0.65  198.53 ^ _tray_size4_20036/CLK (DFFHQNH2V2Xx1_ASAP7_75t_R)
     8   23.22  222.77  141.47  340.01 ^ _tray_size4_20036/QN2 (DFFHQNH2V2Xx1_ASAP7_75t_R)
                                         _010538_ (net)
                222.92    3.96  343.96 ^ _056186_/A (INVx3_ASAP7_75t_R)
    10   14.81   75.33   41.13  385.09 v _056186_/Y (INVx3_ASAP7_75t_R)
                                         _021454_ (net)
                 75.33    0.22  385.32 v place16457/A (BUFx3_ASAP7_75t_R)
     9   15.02   32.17   38.27  423.59 v place16457/Y (BUFx3_ASAP7_75t_R)
                                         net16454 (net)
                 32.25    1.00  424.58 v place16406/A (BUFx3_ASAP7_75t_R)
     8    7.65   17.56   25.26  449.85 v place16406/Y (BUFx3_ASAP7_75t_R)
                                         net16403 (net)
                 17.91    1.35  451.20 v place16405/A (BUFx3_ASAP7_75t_R)
     8   14.27   30.06   25.02  476.22 v place16405/Y (BUFx3_ASAP7_75t_R)
                                         net16402 (net)
                 31.21    3.23  479.45 v place16388/A (BUFx3_ASAP7_75t_R)
     9    9.18   19.99   26.41  505.86 v place16388/Y (BUFx3_ASAP7_75t_R)
                                         net16385 (net)
                 20.00    0.31  506.18 v place16379/A (BUFx3_ASAP7_75t_R)
     7    8.64   19.27   22.79  528.97 v place16379/Y (BUFx3_ASAP7_75t_R)
                                         net16376 (net)
                 20.19    2.26  531.23 v place16378/A (BUFx3_ASAP7_75t_R)
     7    8.52   18.69   23.03  554.26 v place16378/Y (BUFx3_ASAP7_75t_R)
                                         net16375 (net)
                 19.05    1.42  555.68 v place16377/A (BUFx3_ASAP7_75t_R)
     7    6.68   15.70   21.00  576.68 v place16377/Y (BUFx3_ASAP7_75t_R)
                                         net16374 (net)
                 15.76    0.55  577.24 v place16376/A (BUFx3_ASAP7_75t_R)
     9    9.15   19.59   22.28  599.52 v place16376/Y (BUFx3_ASAP7_75t_R)
                                         net16373 (net)
                 19.66    0.70  600.22 v place16375/A (BUFx3_ASAP7_75t_R)
     7    6.57   14.70   21.61  621.83 v place16375/Y (BUFx3_ASAP7_75t_R)
                                         net16372 (net)
                 14.71    0.23  622.05 v _056671_/B (AO21x1_ASAP7_75t_R)
     1    0.75    7.71   17.15  639.21 v _056671_/Y (AO21x1_ASAP7_75t_R)
                                         _021939_ (net)
                  7.71    0.03  639.24 v _056672_/B (AO21x1_ASAP7_75t_R)
     1    0.69    7.39   15.49  654.73 v _056672_/Y (AO21x1_ASAP7_75t_R)
                                         _021940_ (net)
                  7.39    0.02  654.75 v _056673_/A2 (AO21x1_ASAP7_75t_R)
     1    0.61    6.76   13.84  668.59 v _056673_/Y (AO21x1_ASAP7_75t_R)
                                         _021941_ (net)
                  6.76    0.02  668.61 v _056674_/B (AND2x2_ASAP7_75t_R)
     1    2.90   11.19   16.51  685.12 v _056674_/Y (AND2x2_ASAP7_75t_R)
                                         _021942_ (net)
                 11.33    0.69  685.81 v _056738_/A1 (OAI21x1_ASAP7_75t_R)
     1    3.19   24.78   15.70  701.52 ^ _056738_/Y (OAI21x1_ASAP7_75t_R)
                                         _022006_ (net)
                 24.89    0.89  702.41 ^ _056817_/A (NAND2x1_ASAP7_75t_R)
     1    1.30   15.93    9.57  711.98 v _056817_/Y (NAND2x1_ASAP7_75t_R)
                                         _022085_ (net)
                 15.93    0.05  712.03 v _056959_/A1 (AOI21x1_ASAP7_75t_R)
     1    4.12   47.20   17.95  729.98 ^ _056959_/Y (AOI21x1_ASAP7_75t_R)
                                         _022227_ (net)
                 47.36    1.53  731.51 ^ _056960_/B (NAND2x1_ASAP7_75t_R)
     1    2.30   21.95   15.80  747.31 v _056960_/Y (NAND2x1_ASAP7_75t_R)
                                         _022228_ (net)
                 21.98    0.49  747.79 v place12863/A (BUFx3_ASAP7_75t_R)
     6   26.40   44.73   24.99  772.78 v place12863/Y (BUFx3_ASAP7_75t_R)
                                         net12860 (net)
                138.71   41.91  814.69 v _063932_/A (NAND2x1_ASAP7_75t_R)
     1    1.27   34.25   33.24  847.93 ^ _063932_/Y (NAND2x1_ASAP7_75t_R)
                                         _029141_ (net)
                 34.25    0.08  848.00 ^ _064845_/A (NOR2x1_ASAP7_75t_R)
     1    1.31   16.41   15.24  863.24 v _064845_/Y (NOR2x1_ASAP7_75t_R)
                                         _030054_ (net)
                 16.41    0.08  863.33 v _064846_/B (NAND2x1_ASAP7_75t_R)
     1    1.16   13.36   10.79  874.12 ^ _064846_/Y (NAND2x1_ASAP7_75t_R)
                                         _030055_ (net)
                 13.36    0.05  874.16 ^ _065320_/A2 (OAI21x1_ASAP7_75t_R)
     1    1.15   15.61    8.46  882.62 v _065320_/Y (OAI21x1_ASAP7_75t_R)
                                         _030529_ (net)
                 15.61    0.04  882.67 v _065321_/B (NAND2x1_ASAP7_75t_R)
     1    0.81   10.86    9.35  892.02 ^ _065321_/Y (NAND2x1_ASAP7_75t_R)
                                         _012244_ (net)
                 10.86    0.04  892.06 ^ wishbone.TxBDReady$_DFFE_PP0P_/D (DFFASRHQNx1_ASAP7_75t_R)
                                892.06   data arrival time

                       1000.00 1000.00   clock wb_clk_i (rise edge)
                          0.00 1000.00   clock source latency
     1   16.98    0.00    0.00 1000.00 ^ wb_clk_i (in)
                                         wb_clk_i (net)
                111.66   35.23 1035.23 ^ clkbuf_0_wb_clk_i/A (BUFx24_ASAP7_75t_R)
     4   15.78   14.07   36.79 1072.01 ^ clkbuf_0_wb_clk_i/Y (BUFx24_ASAP7_75t_R)
                                         clknet_0_wb_clk_i (net)
                 26.94    7.26 1079.27 ^ clkbuf_2_2_0_wb_clk_i/A (BUFx24_ASAP7_75t_R)
     2   10.72    8.57   22.55 1101.82 ^ clkbuf_2_2_0_wb_clk_i/Y (BUFx24_ASAP7_75t_R)
                                         clknet_2_2_0_wb_clk_i (net)
                 32.58    9.88 1111.70 ^ clkbuf_3_4_0_wb_clk_i/A (BUFx24_ASAP7_75t_R)
     4   14.04   11.95   24.94 1136.64 ^ clkbuf_3_4_0_wb_clk_i/Y (BUFx24_ASAP7_75t_R)
                                         clknet_3_4_0_wb_clk_i (net)
                 16.34    3.66 1140.30 ^ clkbuf_5_19__f_wb_clk_i/A (BUFx24_ASAP7_75t_R)
     6   16.75   12.89   21.52 1161.83 ^ clkbuf_5_19__f_wb_clk_i/Y (BUFx24_ASAP7_75t_R)
                                         clknet_5_19__leaf_wb_clk_i (net)
                 14.88    2.54 1164.37 ^ clkbuf_leaf_144_wb_clk_i/A (BUFx24_ASAP7_75t_R)
    19   11.22   10.44   20.51 1184.88 ^ clkbuf_leaf_144_wb_clk_i/Y (BUFx24_ASAP7_75t_R)
                                         clknet_leaf_144_wb_clk_i (net)
                 10.59    0.62 1185.50 ^ wishbone.TxBDReady$_DFFE_PP0P_/CLK (DFFASRHQNx1_ASAP7_75t_R)
                          3.10 1188.59   clock reconvergence pessimism
                        -12.29 1176.30   library setup time
                               1176.30   data required time
-----------------------------------------------------------------------------
                               1176.30   data required time
                               -892.06   data arrival time
-----------------------------------------------------------------------------
                                284.24   slack (MET)



==========================================================================
cts final report_checks -unconstrained
--------------------------------------------------------------------------
Startpoint: wb_rst_i (input port clocked by mrx_clk_pad_i)
Endpoint: wishbone.RxDataLatched2[19]$_DFFE_PP0P_
          (recovery check against rising-edge clock mrx_clk_pad_i)
Path Group: asynchronous
Path Type: max

Fanout     Cap    Slew   Delay    Time   Description
-----------------------------------------------------------------------------
                          0.00    0.00   clock mrx_clk_pad_i (rise edge)
                          0.00    0.00   clock network delay (propagated)
                         60.00   60.00 v input external delay
     1    2.15    0.00    0.00   60.00 v wb_rst_i (in)
                                         wb_rst_i (net)
                  0.95    0.30   60.30 v input1332/A (BUFx2_ASAP7_75t_R)
     2   17.74   54.10   25.73   86.03 v input1332/Y (BUFx2_ASAP7_75t_R)
                                         net1331 (net)
                 61.39   10.34   96.38 v _058948_/A (CKINVDCx20_ASAP7_75t_R)
     9   10.11   15.78   13.66  110.04 ^ _058948_/Y (CKINVDCx20_ASAP7_75t_R)
                                         _000240_ (net)
                 16.92    2.15  112.19 ^ place18262/A (BUFx3_ASAP7_75t_R)
     9   11.42   27.65   23.70  135.89 ^ place18262/Y (BUFx3_ASAP7_75t_R)
                                         net18259 (net)
                 29.44    3.74  139.63 ^ place18261/A (BUFx3_ASAP7_75t_R)
     8    8.79   22.83   23.74  163.37 ^ place18261/Y (BUFx3_ASAP7_75t_R)
                                         net18258 (net)
                 23.01    1.19  164.56 ^ place18258/A (BUFx3_ASAP7_75t_R)
     9    8.27   20.28   23.08  187.64 ^ place18258/Y (BUFx3_ASAP7_75t_R)
                                         net18255 (net)
                 20.28    0.30  187.94 ^ place18257/A (BUFx3_ASAP7_75t_R)
     7    6.44   16.60   20.87  208.81 ^ place18257/Y (BUFx3_ASAP7_75t_R)
                                         net18254 (net)
                 16.67    0.59  209.40 ^ wishbone.RxDataLatched2[19]$_DFFE_PP0P_/RESETN (DFFASRHQNx1_ASAP7_75t_R)
                                209.40   data arrival time

                        300.00  300.00   clock mrx_clk_pad_i (rise edge)
                          0.00  300.00   clock source latency
     1    5.88    0.00    0.00  300.00 ^ mrx_clk_pad_i (in)
                                         mrx_clk_pad_i (net)
                 12.16    3.84  303.84 ^ clkbuf_0_mrx_clk_pad_i/A (BUFx24_ASAP7_75t_R)
     2    6.95    8.63   18.78  322.62 ^ clkbuf_0_mrx_clk_pad_i/Y (BUFx24_ASAP7_75t_R)
                                         clknet_0_mrx_clk_pad_i (net)
                  9.61    1.53  324.15 ^ clkbuf_1_1__f_mrx_clk_pad_i/A (BUFx24_ASAP7_75t_R)
     7   20.20   12.51   19.20  343.35 ^ clkbuf_1_1__f_mrx_clk_pad_i/Y (BUFx24_ASAP7_75t_R)
                                         clknet_1_1__leaf_mrx_clk_pad_i (net)
                 15.77    2.76  346.11 ^ clkbuf_leaf_8_mrx_clk_pad_i/A (BUFx24_ASAP7_75t_R)
    21   13.55   11.48   21.11  367.22 ^ clkbuf_leaf_8_mrx_clk_pad_i/Y (BUFx24_ASAP7_75t_R)
                                         clknet_leaf_8_mrx_clk_pad_i (net)
                 11.84    1.03  368.24 ^ wishbone.RxDataLatched2[19]$_DFFE_PP0P_/CLK (DFFASRHQNx1_ASAP7_75t_R)
                          0.00  368.24   clock reconvergence pessimism
                         14.06  382.30   library recovery time
                                382.30   data required time
-----------------------------------------------------------------------------
                                382.30   data required time
                               -209.40   data arrival time
-----------------------------------------------------------------------------
                                172.90   slack (MET)


Startpoint: rxethmac1.rxcounters1.ByteCnt[3]$_DFFE_PP0P_
            (rising edge-triggered flip-flop clocked by mrx_clk_pad_i)
Endpoint: maccontrol1.receivecontrol1.PauseTimer[14]$_DFFE_PP0P_
          (rising edge-triggered flip-flop clocked by mrx_clk_pad_i)
Path Group: mrx_clk_pad_i
Path Type: max

Fanout     Cap    Slew   Delay    Time   Description
-----------------------------------------------------------------------------
                          0.00    0.00   clock mrx_clk_pad_i (rise edge)
                          0.00    0.00   clock source latency
     1    6.48    0.00    0.00    0.00 ^ mrx_clk_pad_i (in)
                                         mrx_clk_pad_i (net)
                 14.02    4.42    4.42 ^ clkbuf_0_mrx_clk_pad_i/A (BUFx24_ASAP7_75t_R)
     2    8.15    9.03   19.47   23.90 ^ clkbuf_0_mrx_clk_pad_i/Y (BUFx24_ASAP7_75t_R)
                                         clknet_0_mrx_clk_pad_i (net)
                 11.14    2.26   26.16 ^ clkbuf_1_0__f_mrx_clk_pad_i/A (BUFx24_ASAP7_75t_R)
     8   26.53   17.64   21.53   47.68 ^ clkbuf_1_0__f_mrx_clk_pad_i/Y (BUFx24_ASAP7_75t_R)
                                         clknet_1_0__leaf_mrx_clk_pad_i (net)
                 18.58    2.13   49.81 ^ clkbuf_leaf_2_mrx_clk_pad_i/A (BUFx24_ASAP7_75t_R)
    24   16.99   12.96   22.58   72.39 ^ clkbuf_leaf_2_mrx_clk_pad_i/Y (BUFx24_ASAP7_75t_R)
                                         clknet_leaf_2_mrx_clk_pad_i (net)
                 13.01    0.44   72.83 ^ rxethmac1.rxcounters1.ByteCnt[3]$_DFFE_PP0P_/CLK (DFFASRHQNx1_ASAP7_75t_R)
     3    2.25   23.69   46.08  118.91 ^ rxethmac1.rxcounters1.ByteCnt[3]$_DFFE_PP0P_/QN (DFFASRHQNx1_ASAP7_75t_R)
                                         _010615_ (net)
                 23.69    0.07  118.98 ^ rebuffer18428/A (BUFx3_ASAP7_75t_R)
     1    1.39    6.65   16.41  135.39 ^ rebuffer18428/Y (BUFx3_ASAP7_75t_R)
                                         net18425 (net)
                  6.65    0.05  135.44 ^ _066693_/A (INVx2_ASAP7_75t_R)
     2    1.82    6.35    5.31  140.75 v _066693_/Y (INVx2_ASAP7_75t_R)
                                         rxethmac1.rxcounters1.ByteCnt[3] (net)
                  6.36    0.06  140.81 v _101208_/B (HAxp5_ASAP7_75t_R)
     2    1.95   26.01   14.43  155.24 ^ _101208_/CON (HAxp5_ASAP7_75t_R)
                                         _010620_ (net)
                 26.01    0.10  155.34 ^ _066706_/A (NOR2x1_ASAP7_75t_R)
     4    3.06   37.12   18.77  174.10 v _066706_/Y (NOR2x1_ASAP7_75t_R)
                                         _031793_ (net)
                 37.12    0.12  174.22 v rebuffer18431/A (BUFx3_ASAP7_75t_R)
     1    1.08    6.39   20.36  194.59 v rebuffer18431/Y (BUFx3_ASAP7_75t_R)
                                         net18428 (net)
                  6.39    0.04  194.62 v _069911_/A (NAND2x1_ASAP7_75t_R)
     1    1.07   11.37    9.16  203.79 ^ _069911_/Y (NAND2x1_ASAP7_75t_R)
                                         _034226_ (net)
                 11.37    0.05  203.84 ^ _069912_/A (XOR2x2_ASAP7_75t_R)
     3    2.94   13.44   27.99  231.83 ^ _069912_/Y (XOR2x2_ASAP7_75t_R)
                                         RxByteCnt[6] (net)
                 13.44    0.09  231.93 ^ _101308_/B (HAxp5_ASAP7_75t_R)
     1    1.15   29.23   13.13  245.05 v _101308_/CON (HAxp5_ASAP7_75t_R)
                                         _010861_ (net)
     1    1.22   29.61   13.37  258.42 ^ _101308_/SN (HAxp5_ASAP7_75t_R)
                                         _010862_ (net)
                 29.61    0.06  258.48 ^ _066735_/B (NOR2x1_ASAP7_75t_R)
     2    1.36   17.55   12.54  271.02 v _066735_/Y (NOR2x1_ASAP7_75t_R)
                                         _031817_ (net)
                 17.55    0.05  271.06 v _066739_/A (AND3x1_ASAP7_75t_R)
     2    1.44    9.71   15.64  286.70 v _066739_/Y (AND3x1_ASAP7_75t_R)
                                         _031821_ (net)
                  9.71    0.04  286.74 v _066748_/B1 (AO221x1_ASAP7_75t_R)
     1    1.15   10.85   21.59  308.33 v _066748_/Y (AO221x1_ASAP7_75t_R)
                                         _031830_ (net)
                 10.85    0.04  308.38 v _066749_/B (NAND2x1_ASAP7_75t_R)
     1    0.85   11.84    8.37  316.75 ^ _066749_/Y (NAND2x1_ASAP7_75t_R)
                                         _031831_ (net)
                 11.84    0.05  316.80 ^ _066753_/B (AND3x2_ASAP7_75t_R)
     2    2.88   14.93   24.56  341.36 ^ _066753_/Y (AND3x2_ASAP7_75t_R)
                                         _031835_ (net)
                 14.99    0.52  341.88 ^ _067465_/A2 (AOI21x1_ASAP7_75t_R)
     2    4.49   26.37   15.21  357.09 v _067465_/Y (AOI21x1_ASAP7_75t_R)
                                         _032468_ (net)
                 26.52    1.12  358.20 v place12844/A (BUFx3_ASAP7_75t_R)
     3    3.52    9.87   20.59  378.79 v place12844/Y (BUFx3_ASAP7_75t_R)
                                         net12841 (net)
                  9.88    0.13  378.92 v _067505_/A1 (AOI21x1_ASAP7_75t_R)
     3    3.58   30.21   15.61  394.52 ^ _067505_/Y (AOI21x1_ASAP7_75t_R)
                                         _032508_ (net)
                 30.21    0.26  394.78 ^ clone18433/A (BUFx3_ASAP7_75t_R)
     4    7.89   19.65   24.11  418.90 ^ clone18433/Y (BUFx3_ASAP7_75t_R)
                                         net18430 (net)
                 19.65    0.26  419.15 ^ _068978_/B (NAND2x1_ASAP7_75t_R)
     1    1.35   12.25    9.56  428.71 v _068978_/Y (NAND2x1_ASAP7_75t_R)
                                         _033645_ (net)
                 12.25    0.10  428.81 v _068985_/A (NAND2x1_ASAP7_75t_R)
     1    0.74   10.69   10.09  438.91 ^ _068985_/Y (NAND2x1_ASAP7_75t_R)
                                         _019605_ (net)
                 10.69    0.03  438.94 ^ maccontrol1.receivecontrol1.PauseTimer[14]$_DFFE_PP0P_/D (DFFASRHQNx1_ASAP7_75t_R)
                                438.94   data arrival time

                        300.00  300.00   clock mrx_clk_pad_i (rise edge)
                          0.00  300.00   clock source latency
     1    5.88    0.00    0.00  300.00 ^ mrx_clk_pad_i (in)
                                         mrx_clk_pad_i (net)
                 12.16    3.84  303.84 ^ clkbuf_0_mrx_clk_pad_i/A (BUFx24_ASAP7_75t_R)
     2    6.95    8.63   18.78  322.62 ^ clkbuf_0_mrx_clk_pad_i/Y (BUFx24_ASAP7_75t_R)
                                         clknet_0_mrx_clk_pad_i (net)
                  9.61    1.53  324.15 ^ clkbuf_1_1__f_mrx_clk_pad_i/A (BUFx24_ASAP7_75t_R)
     7   20.20   12.51   19.20  343.35 ^ clkbuf_1_1__f_mrx_clk_pad_i/Y (BUFx24_ASAP7_75t_R)
                                         clknet_1_1__leaf_mrx_clk_pad_i (net)
                 24.14    6.33  349.68 ^ clkbuf_leaf_9_mrx_clk_pad_i/A (BUFx24_ASAP7_75t_R)
    25   13.76   11.77   23.41  373.09 ^ clkbuf_leaf_9_mrx_clk_pad_i/Y (BUFx24_ASAP7_75t_R)
                                         clknet_leaf_9_mrx_clk_pad_i (net)
                 12.10    0.98  374.07 ^ maccontrol1.receivecontrol1.PauseTimer[14]$_DFFE_PP0P_/CLK (DFFASRHQNx1_ASAP7_75t_R)
                          1.27  375.34   clock reconvergence pessimism
                        -11.90  363.44   library setup time
                                363.44   data required time
-----------------------------------------------------------------------------
                                363.44   data required time
                               -438.94   data arrival time
-----------------------------------------------------------------------------
                                -75.50   slack (VIOLATED)


Startpoint: txethmac1.txcounters1.NibCnt[15]$_DFFE_PP0P_
            (rising edge-triggered flip-flop clocked by mtx_clk_pad_i)
Endpoint: macstatus1.RetryCntLatched[1]$_DFFE_PP0P_
          (rising edge-triggered flip-flop clocked by mtx_clk_pad_i)
Path Group: mtx_clk_pad_i
Path Type: max

Fanout     Cap    Slew   Delay    Time   Description
-----------------------------------------------------------------------------
                          0.00    0.00   clock mtx_clk_pad_i (rise edge)
                          0.00    0.00   clock source latency
     1    7.77    0.00    0.00    0.00 ^ mtx_clk_pad_i (in)
                                         mtx_clk_pad_i (net)
                 21.21    6.69    6.69 ^ clkbuf_0_mtx_clk_pad_i/A (BUFx24_ASAP7_75t_R)
     2    6.74    8.76   21.46   28.15 ^ clkbuf_0_mtx_clk_pad_i/Y (BUFx24_ASAP7_75t_R)
                                         clknet_0_mtx_clk_pad_i (net)
                  8.93    0.74   28.90 ^ clkbuf_1_1__f_mtx_clk_pad_i/A (BUFx24_ASAP7_75t_R)
     6   18.97   13.98   19.74   48.63 ^ clkbuf_1_1__f_mtx_clk_pad_i/Y (BUFx24_ASAP7_75t_R)
                                         clknet_1_1__leaf_mtx_clk_pad_i (net)
                 14.87    1.78   50.41 ^ clkbuf_leaf_5_mtx_clk_pad_i/A (BUFx24_ASAP7_75t_R)
    24   16.98   12.92   21.47   71.88 ^ clkbuf_leaf_5_mtx_clk_pad_i/Y (BUFx24_ASAP7_75t_R)
                                         clknet_leaf_5_mtx_clk_pad_i (net)
                 13.26    1.07   72.95 ^ txethmac1.txcounters1.NibCnt[15]$_DFFE_PP0P_/CLK (DFFASRHQNx1_ASAP7_75t_R)
     2    1.76   21.07   44.27  117.22 v txethmac1.txcounters1.NibCnt[15]$_DFFE_PP0P_/QN (DFFASRHQNx1_ASAP7_75t_R)
                                         _000226_ (net)
                 21.07    0.07  117.29 v _067310_/A (INVx1_ASAP7_75t_R)
     1    1.08   12.16   10.28  127.57 ^ _067310_/Y (INVx1_ASAP7_75t_R)
                                         txethmac1.NibCnt[15] (net)
                 12.16    0.05  127.62 ^ _101254_/B (HAxp5_ASAP7_75t_R)
     2    1.95   36.25   34.85  162.48 v _101254_/SN (HAxp5_ASAP7_75t_R)
                                         _010717_ (net)
                 36.25    0.08  162.56 v _057774_/B (NOR2x1_ASAP7_75t_R)
     2    1.51   18.96   14.77  177.33 ^ _057774_/Y (NOR2x1_ASAP7_75t_R)
                                         _023032_ (net)
                 18.96    0.04  177.37 ^ _057777_/A (AND3x1_ASAP7_75t_R)
     1    0.93   10.39   20.33  197.70 ^ _057777_/Y (AND3x1_ASAP7_75t_R)
                                         _023035_ (net)
                 10.39    0.06  197.76 ^ _057778_/A (INVx1_ASAP7_75t_R)
     2    1.44    9.79    8.00  205.76 v _057778_/Y (INVx1_ASAP7_75t_R)
                                         _023036_ (net)
                  9.79    0.05  205.81 v _057779_/A (OR5x1_ASAP7_75t_R)
     1    0.76   11.45   25.93  231.74 v _057779_/Y (OR5x1_ASAP7_75t_R)
                                         _023037_ (net)
                 11.45    0.03  231.78 v _057780_/B (AO21x1_ASAP7_75t_R)
     1    1.15    9.21   17.68  249.46 v _057780_/Y (AO21x1_ASAP7_75t_R)
                                         _023038_ (net)
                  9.21    0.04  249.50 v _057798_/A2 (AOI21x1_ASAP7_75t_R)
     2    2.86   24.32   13.95  263.45 ^ _057798_/Y (AOI21x1_ASAP7_75t_R)
                                         _023056_ (net)
                 24.35    0.52  263.97 ^ _057876_/A2 (AOI21x1_ASAP7_75t_R)
     3    3.56   26.36   15.31  279.28 v _057876_/Y (AOI21x1_ASAP7_75t_R)
                                         _023133_ (net)
                 26.36    0.12  279.40 v _057879_/A2 (OAI21x1_ASAP7_75t_R)
     2    2.68   23.48   17.39  296.79 ^ _057879_/Y (OAI21x1_ASAP7_75t_R)
                                         _023136_ (net)
                 23.48    0.10  296.89 ^ place12836/A (BUFx6f_ASAP7_75t_R)
     4    3.65    7.57   16.27  313.15 ^ place12836/Y (BUFx6f_ASAP7_75t_R)
                                         net12833 (net)
                  7.61    0.28  313.44 ^ _057997_/A (AND2x2_ASAP7_75t_R)
     5    6.53   24.70   22.61  336.05 ^ _057997_/Y (AND2x2_ASAP7_75t_R)
                                         _023244_ (net)
                 24.85    1.08  337.13 ^ _069872_/A2 (OAI21x1_ASAP7_75t_R)
     1    1.55   20.01   10.92  348.05 v _069872_/Y (OAI21x1_ASAP7_75t_R)
                                         _034206_ (net)
                 20.01    0.08  348.13 v _069873_/B (OAI21x1_ASAP7_75t_R)
     1    0.75   15.11    7.57  355.70 ^ _069873_/Y (OAI21x1_ASAP7_75t_R)
                                         _019301_ (net)
                 15.11    0.03  355.74 ^ macstatus1.RetryCntLatched[1]$_DFFE_PP0P_/D (DFFASRHQNx1_ASAP7_75t_R)
                                355.74   data arrival time

                        300.00  300.00   clock mtx_clk_pad_i (rise edge)
                          0.00  300.00   clock source latency
     1    7.17    0.00    0.00  300.00 ^ mtx_clk_pad_i (in)
                                         mtx_clk_pad_i (net)
                 18.76    5.92  305.92 ^ clkbuf_0_mtx_clk_pad_i/A (BUFx24_ASAP7_75t_R)
     2    5.54    8.24   20.61  326.52 ^ clkbuf_0_mtx_clk_pad_i/Y (BUFx24_ASAP7_75t_R)
                                         clknet_0_mtx_clk_pad_i (net)
                  8.32    0.59  327.12 ^ clkbuf_1_1__f_mtx_clk_pad_i/A (BUFx24_ASAP7_75t_R)
     6   15.36   12.27   19.03  346.15 ^ clkbuf_1_1__f_mtx_clk_pad_i/Y (BUFx24_ASAP7_75t_R)
                                         clknet_1_1__leaf_mtx_clk_pad_i (net)
                 12.37    0.56  346.71 ^ clkbuf_leaf_6_mtx_clk_pad_i/A (BUFx24_ASAP7_75t_R)
    25   13.92   11.54   20.20  366.91 ^ clkbuf_leaf_6_mtx_clk_pad_i/Y (BUFx24_ASAP7_75t_R)
                                         clknet_leaf_6_mtx_clk_pad_i (net)
                 11.64    0.49  367.40 ^ macstatus1.RetryCntLatched[1]$_DFFE_PP0P_/CLK (DFFASRHQNx1_ASAP7_75t_R)
                          2.48  369.89   clock reconvergence pessimism
                        -12.39  357.50   library setup time
                                357.50   data required time
-----------------------------------------------------------------------------
                                357.50   data required time
                               -355.74   data arrival time
-----------------------------------------------------------------------------
                                  1.76   slack (MET)


Startpoint: _tray_size4_20036
            (rising edge-triggered flip-flop clocked by wb_clk_i)
Endpoint: wishbone.TxBDReady$_DFFE_PP0P_
          (rising edge-triggered flip-flop clocked by wb_clk_i)
Path Group: wb_clk_i
Path Type: max

Fanout     Cap    Slew   Delay    Time   Description
-----------------------------------------------------------------------------
                          0.00    0.00   clock wb_clk_i (rise edge)
                          0.00    0.00   clock source latency
     1   17.59    0.00    0.00    0.00 ^ wb_clk_i (in)
                                         wb_clk_i (net)
                118.73   37.46   37.46 ^ clkbuf_0_wb_clk_i/A (BUFx24_ASAP7_75t_R)
     4   18.19   14.71   37.65   75.11 ^ clkbuf_0_wb_clk_i/Y (BUFx24_ASAP7_75t_R)
                                         clknet_0_wb_clk_i (net)
                 32.90    9.14   84.25 ^ clkbuf_2_1_0_wb_clk_i/A (BUFx24_ASAP7_75t_R)
     2   11.80    8.91   24.05  108.30 ^ clkbuf_2_1_0_wb_clk_i/Y (BUFx24_ASAP7_75t_R)
                                         clknet_2_1_0_wb_clk_i (net)
                 35.08   10.63  118.92 ^ clkbuf_3_3_0_wb_clk_i/A (BUFx24_ASAP7_75t_R)
     4   17.00   13.21   25.67  144.60 ^ clkbuf_3_3_0_wb_clk_i/Y (BUFx24_ASAP7_75t_R)
                                         clknet_3_3_0_wb_clk_i (net)
                 20.61    5.08  149.68 ^ clkbuf_5_13__f_wb_clk_i/A (BUFx24_ASAP7_75t_R)
     6   21.84   15.31   23.12  172.80 ^ clkbuf_5_13__f_wb_clk_i/Y (BUFx24_ASAP7_75t_R)
                                         clknet_5_13__leaf_wb_clk_i (net)
                 18.09    3.24  176.04 ^ clkbuf_leaf_61_wb_clk_i/A (BUFx24_ASAP7_75t_R)
    18   13.68   11.51   21.84  197.88 ^ clkbuf_leaf_61_wb_clk_i/Y (BUFx24_ASAP7_75t_R)
                                         clknet_leaf_61_wb_clk_i (net)
                 11.68    0.65  198.53 ^ _tray_size4_20036/CLK (DFFHQNH2V2Xx1_ASAP7_75t_R)
     8   23.22  222.77  141.47  340.01 ^ _tray_size4_20036/QN2 (DFFHQNH2V2Xx1_ASAP7_75t_R)
                                         _010538_ (net)
                222.92    3.96  343.96 ^ _056186_/A (INVx3_ASAP7_75t_R)
    10   14.81   75.33   41.13  385.09 v _056186_/Y (INVx3_ASAP7_75t_R)
                                         _021454_ (net)
                 75.33    0.22  385.32 v place16457/A (BUFx3_ASAP7_75t_R)
     9   15.02   32.17   38.27  423.59 v place16457/Y (BUFx3_ASAP7_75t_R)
                                         net16454 (net)
                 32.25    1.00  424.58 v place16406/A (BUFx3_ASAP7_75t_R)
     8    7.65   17.56   25.26  449.85 v place16406/Y (BUFx3_ASAP7_75t_R)
                                         net16403 (net)
                 17.91    1.35  451.20 v place16405/A (BUFx3_ASAP7_75t_R)
     8   14.27   30.06   25.02  476.22 v place16405/Y (BUFx3_ASAP7_75t_R)
                                         net16402 (net)
                 31.21    3.23  479.45 v place16388/A (BUFx3_ASAP7_75t_R)
     9    9.18   19.99   26.41  505.86 v place16388/Y (BUFx3_ASAP7_75t_R)
                                         net16385 (net)
                 20.00    0.31  506.18 v place16379/A (BUFx3_ASAP7_75t_R)
     7    8.64   19.27   22.79  528.97 v place16379/Y (BUFx3_ASAP7_75t_R)
                                         net16376 (net)
                 20.19    2.26  531.23 v place16378/A (BUFx3_ASAP7_75t_R)
     7    8.52   18.69   23.03  554.26 v place16378/Y (BUFx3_ASAP7_75t_R)
                                         net16375 (net)
                 19.05    1.42  555.68 v place16377/A (BUFx3_ASAP7_75t_R)
     7    6.68   15.70   21.00  576.68 v place16377/Y (BUFx3_ASAP7_75t_R)
                                         net16374 (net)
                 15.76    0.55  577.24 v place16376/A (BUFx3_ASAP7_75t_R)
     9    9.15   19.59   22.28  599.52 v place16376/Y (BUFx3_ASAP7_75t_R)
                                         net16373 (net)
                 19.66    0.70  600.22 v place16375/A (BUFx3_ASAP7_75t_R)
     7    6.57   14.70   21.61  621.83 v place16375/Y (BUFx3_ASAP7_75t_R)
                                         net16372 (net)
                 14.71    0.23  622.05 v _056671_/B (AO21x1_ASAP7_75t_R)
     1    0.75    7.71   17.15  639.21 v _056671_/Y (AO21x1_ASAP7_75t_R)
                                         _021939_ (net)
                  7.71    0.03  639.24 v _056672_/B (AO21x1_ASAP7_75t_R)
     1    0.69    7.39   15.49  654.73 v _056672_/Y (AO21x1_ASAP7_75t_R)
                                         _021940_ (net)
                  7.39    0.02  654.75 v _056673_/A2 (AO21x1_ASAP7_75t_R)
     1    0.61    6.76   13.84  668.59 v _056673_/Y (AO21x1_ASAP7_75t_R)
                                         _021941_ (net)
                  6.76    0.02  668.61 v _056674_/B (AND2x2_ASAP7_75t_R)
     1    2.90   11.19   16.51  685.12 v _056674_/Y (AND2x2_ASAP7_75t_R)
                                         _021942_ (net)
                 11.33    0.69  685.81 v _056738_/A1 (OAI21x1_ASAP7_75t_R)
     1    3.19   24.78   15.70  701.52 ^ _056738_/Y (OAI21x1_ASAP7_75t_R)
                                         _022006_ (net)
                 24.89    0.89  702.41 ^ _056817_/A (NAND2x1_ASAP7_75t_R)
     1    1.30   15.93    9.57  711.98 v _056817_/Y (NAND2x1_ASAP7_75t_R)
                                         _022085_ (net)
                 15.93    0.05  712.03 v _056959_/A1 (AOI21x1_ASAP7_75t_R)
     1    4.12   47.20   17.95  729.98 ^ _056959_/Y (AOI21x1_ASAP7_75t_R)
                                         _022227_ (net)
                 47.36    1.53  731.51 ^ _056960_/B (NAND2x1_ASAP7_75t_R)
     1    2.30   21.95   15.80  747.31 v _056960_/Y (NAND2x1_ASAP7_75t_R)
                                         _022228_ (net)
                 21.98    0.49  747.79 v place12863/A (BUFx3_ASAP7_75t_R)
     6   26.40   44.73   24.99  772.78 v place12863/Y (BUFx3_ASAP7_75t_R)
                                         net12860 (net)
                138.71   41.91  814.69 v _063932_/A (NAND2x1_ASAP7_75t_R)
     1    1.27   34.25   33.24  847.93 ^ _063932_/Y (NAND2x1_ASAP7_75t_R)
                                         _029141_ (net)
                 34.25    0.08  848.00 ^ _064845_/A (NOR2x1_ASAP7_75t_R)
     1    1.31   16.41   15.24  863.24 v _064845_/Y (NOR2x1_ASAP7_75t_R)
                                         _030054_ (net)
                 16.41    0.08  863.33 v _064846_/B (NAND2x1_ASAP7_75t_R)
     1    1.16   13.36   10.79  874.12 ^ _064846_/Y (NAND2x1_ASAP7_75t_R)
                                         _030055_ (net)
                 13.36    0.05  874.16 ^ _065320_/A2 (OAI21x1_ASAP7_75t_R)
     1    1.15   15.61    8.46  882.62 v _065320_/Y (OAI21x1_ASAP7_75t_R)
                                         _030529_ (net)
                 15.61    0.04  882.67 v _065321_/B (NAND2x1_ASAP7_75t_R)
     1    0.81   10.86    9.35  892.02 ^ _065321_/Y (NAND2x1_ASAP7_75t_R)
                                         _012244_ (net)
                 10.86    0.04  892.06 ^ wishbone.TxBDReady$_DFFE_PP0P_/D (DFFASRHQNx1_ASAP7_75t_R)
                                892.06   data arrival time

                       1000.00 1000.00   clock wb_clk_i (rise edge)
                          0.00 1000.00   clock source latency
     1   16.98    0.00    0.00 1000.00 ^ wb_clk_i (in)
                                         wb_clk_i (net)
                111.66   35.23 1035.23 ^ clkbuf_0_wb_clk_i/A (BUFx24_ASAP7_75t_R)
     4   15.78   14.07   36.79 1072.01 ^ clkbuf_0_wb_clk_i/Y (BUFx24_ASAP7_75t_R)
                                         clknet_0_wb_clk_i (net)
                 26.94    7.26 1079.27 ^ clkbuf_2_2_0_wb_clk_i/A (BUFx24_ASAP7_75t_R)
     2   10.72    8.57   22.55 1101.82 ^ clkbuf_2_2_0_wb_clk_i/Y (BUFx24_ASAP7_75t_R)
                                         clknet_2_2_0_wb_clk_i (net)
                 32.58    9.88 1111.70 ^ clkbuf_3_4_0_wb_clk_i/A (BUFx24_ASAP7_75t_R)
     4   14.04   11.95   24.94 1136.64 ^ clkbuf_3_4_0_wb_clk_i/Y (BUFx24_ASAP7_75t_R)
                                         clknet_3_4_0_wb_clk_i (net)
                 16.34    3.66 1140.30 ^ clkbuf_5_19__f_wb_clk_i/A (BUFx24_ASAP7_75t_R)
     6   16.75   12.89   21.52 1161.83 ^ clkbuf_5_19__f_wb_clk_i/Y (BUFx24_ASAP7_75t_R)
                                         clknet_5_19__leaf_wb_clk_i (net)
                 14.88    2.54 1164.37 ^ clkbuf_leaf_144_wb_clk_i/A (BUFx24_ASAP7_75t_R)
    19   11.22   10.44   20.51 1184.88 ^ clkbuf_leaf_144_wb_clk_i/Y (BUFx24_ASAP7_75t_R)
                                         clknet_leaf_144_wb_clk_i (net)
                 10.59    0.62 1185.50 ^ wishbone.TxBDReady$_DFFE_PP0P_/CLK (DFFASRHQNx1_ASAP7_75t_R)
                          3.10 1188.59   clock reconvergence pessimism
                        -12.29 1176.30   library setup time
                               1176.30   data required time
-----------------------------------------------------------------------------
                               1176.30   data required time
                               -892.06   data arrival time
-----------------------------------------------------------------------------
                                284.24   slack (MET)



==========================================================================
cts final report_check_types -max_slew -max_cap -max_fanout -violators
--------------------------------------------------------------------------
max fanout

Pin                                   Limit Fanout  Slack
---------------------------------------------------------
clkbuf_leaf_131_wb_clk_i/Y               10     27    -17 (VIOLATED)
clkbuf_leaf_1_mtx_clk_pad_i/Y            10     27    -17 (VIOLATED)
clkbuf_leaf_4_mtx_clk_pad_i/Y            10     27    -17 (VIOLATED)
clkbuf_leaf_136_wb_clk_i/Y               10     26    -16 (VIOLATED)
clkbuf_leaf_137_wb_clk_i/Y               10     26    -16 (VIOLATED)
clkbuf_leaf_1_mrx_clk_pad_i/Y            10     26    -16 (VIOLATED)
clkbuf_leaf_6_mrx_clk_pad_i/Y            10     26    -16 (VIOLATED)
clkbuf_leaf_7_mrx_clk_pad_i/Y            10     26    -16 (VIOLATED)
clkbuf_leaf_0_mtx_clk_pad_i/Y            10     25    -15 (VIOLATED)
clkbuf_leaf_161_wb_clk_i/Y               10     25    -15 (VIOLATED)
clkbuf_leaf_162_wb_clk_i/Y               10     25    -15 (VIOLATED)
clkbuf_leaf_2_mtx_clk_pad_i/Y            10     25    -15 (VIOLATED)
clkbuf_leaf_6_mtx_clk_pad_i/Y            10     25    -15 (VIOLATED)
clkbuf_leaf_9_mrx_clk_pad_i/Y            10     25    -15 (VIOLATED)
clkbuf_leaf_10_mrx_clk_pad_i/Y           10     24    -14 (VIOLATED)
clkbuf_leaf_11_mrx_clk_pad_i/Y           10     24    -14 (VIOLATED)
clkbuf_leaf_138_wb_clk_i/Y               10     24    -14 (VIOLATED)
clkbuf_leaf_143_wb_clk_i/Y               10     24    -14 (VIOLATED)
clkbuf_leaf_163_wb_clk_i/Y               10     24    -14 (VIOLATED)
clkbuf_leaf_166_wb_clk_i/Y               10     24    -14 (VIOLATED)
clkbuf_leaf_167_wb_clk_i/Y               10     24    -14 (VIOLATED)
clkbuf_leaf_2_mrx_clk_pad_i/Y            10     24    -14 (VIOLATED)
clkbuf_leaf_5_mtx_clk_pad_i/Y            10     24    -14 (VIOLATED)
clkbuf_leaf_140_wb_clk_i/Y               10     23    -13 (VIOLATED)
clkbuf_leaf_0_mrx_clk_pad_i/Y            10     22    -12 (VIOLATED)
clkbuf_leaf_158_wb_clk_i/Y               10     22    -12 (VIOLATED)
clkbuf_leaf_169_wb_clk_i/Y               10     22    -12 (VIOLATED)
clkbuf_leaf_3_mrx_clk_pad_i/Y            10     22    -12 (VIOLATED)
clkbuf_leaf_3_mtx_clk_pad_i/Y            10     22    -12 (VIOLATED)
clkbuf_leaf_4_mrx_clk_pad_i/Y            10     22    -12 (VIOLATED)
clkbuf_leaf_7_mtx_clk_pad_i/Y            10     22    -12 (VIOLATED)
clkbuf_leaf_125_wb_clk_i/Y               10     21    -11 (VIOLATED)
clkbuf_leaf_128_wb_clk_i/Y               10     21    -11 (VIOLATED)
clkbuf_leaf_135_wb_clk_i/Y               10     21    -11 (VIOLATED)
clkbuf_leaf_139_wb_clk_i/Y               10     21    -11 (VIOLATED)
clkbuf_leaf_159_wb_clk_i/Y               10     21    -11 (VIOLATED)
clkbuf_leaf_160_wb_clk_i/Y               10     21    -11 (VIOLATED)
clkbuf_leaf_3_wb_clk_i/Y                 10     21    -11 (VIOLATED)
clkbuf_leaf_5_mrx_clk_pad_i/Y            10     21    -11 (VIOLATED)
clkbuf_leaf_8_mrx_clk_pad_i/Y            10     21    -11 (VIOLATED)
clkbuf_leaf_103_wb_clk_i/Y               10     20    -10 (VIOLATED)
clkbuf_leaf_129_wb_clk_i/Y               10     20    -10 (VIOLATED)
clkbuf_leaf_130_wb_clk_i/Y               10     20    -10 (VIOLATED)
clkbuf_leaf_133_wb_clk_i/Y               10     20    -10 (VIOLATED)
clkbuf_leaf_142_wb_clk_i/Y               10     20    -10 (VIOLATED)
clkbuf_leaf_145_wb_clk_i/Y               10     20    -10 (VIOLATED)
clkbuf_leaf_147_wb_clk_i/Y               10     20    -10 (VIOLATED)
clkbuf_leaf_150_wb_clk_i/Y               10     20    -10 (VIOLATED)
clkbuf_leaf_164_wb_clk_i/Y               10     20    -10 (VIOLATED)
clkbuf_leaf_176_wb_clk_i/Y               10     20    -10 (VIOLATED)
clkbuf_leaf_1_wb_clk_i/Y                 10     20    -10 (VIOLATED)
clkbuf_leaf_62_wb_clk_i/Y                10     20    -10 (VIOLATED)
clkbuf_leaf_77_wb_clk_i/Y                10     20    -10 (VIOLATED)
clkbuf_leaf_85_wb_clk_i/Y                10     20    -10 (VIOLATED)
clkbuf_leaf_8_wb_clk_i/Y                 10     20    -10 (VIOLATED)
clkbuf_leaf_9_wb_clk_i/Y                 10     20    -10 (VIOLATED)
clkbuf_leaf_102_wb_clk_i/Y               10     19     -9 (VIOLATED)
clkbuf_leaf_114_wb_clk_i/Y               10     19     -9 (VIOLATED)
clkbuf_leaf_120_wb_clk_i/Y               10     19     -9 (VIOLATED)
clkbuf_leaf_12_wb_clk_i/Y                10     19     -9 (VIOLATED)
clkbuf_leaf_141_wb_clk_i/Y               10     19     -9 (VIOLATED)
clkbuf_leaf_144_wb_clk_i/Y               10     19     -9 (VIOLATED)
clkbuf_leaf_152_wb_clk_i/Y               10     19     -9 (VIOLATED)
clkbuf_leaf_153_wb_clk_i/Y               10     19     -9 (VIOLATED)
clkbuf_leaf_156_wb_clk_i/Y               10     19     -9 (VIOLATED)
clkbuf_leaf_16_wb_clk_i/Y                10     19     -9 (VIOLATED)
clkbuf_leaf_30_wb_clk_i/Y                10     19     -9 (VIOLATED)
clkbuf_leaf_4_wb_clk_i/Y                 10     19     -9 (VIOLATED)
clkbuf_leaf_5_wb_clk_i/Y                 10     19     -9 (VIOLATED)
clkbuf_leaf_71_wb_clk_i/Y                10     19     -9 (VIOLATED)
clkbuf_leaf_78_wb_clk_i/Y                10     19     -9 (VIOLATED)
clkbuf_leaf_94_wb_clk_i/Y                10     19     -9 (VIOLATED)
clkbuf_leaf_95_wb_clk_i/Y                10     19     -9 (VIOLATED)
clkbuf_leaf_96_wb_clk_i/Y                10     19     -9 (VIOLATED)
clkbuf_leaf_98_wb_clk_i/Y                10     19     -9 (VIOLATED)
clkbuf_leaf_0_wb_clk_i/Y                 10     18     -8 (VIOLATED)
clkbuf_leaf_101_wb_clk_i/Y               10     18     -8 (VIOLATED)
clkbuf_leaf_105_wb_clk_i/Y               10     18     -8 (VIOLATED)
clkbuf_leaf_107_wb_clk_i/Y               10     18     -8 (VIOLATED)
clkbuf_leaf_108_wb_clk_i/Y               10     18     -8 (VIOLATED)
clkbuf_leaf_110_wb_clk_i/Y               10     18     -8 (VIOLATED)
clkbuf_leaf_111_wb_clk_i/Y               10     18     -8 (VIOLATED)
clkbuf_leaf_113_wb_clk_i/Y               10     18     -8 (VIOLATED)
clkbuf_leaf_116_wb_clk_i/Y               10     18     -8 (VIOLATED)
clkbuf_leaf_123_wb_clk_i/Y               10     18     -8 (VIOLATED)
clkbuf_leaf_127_wb_clk_i/Y               10     18     -8 (VIOLATED)
clkbuf_leaf_13_wb_clk_i/Y                10     18     -8 (VIOLATED)
clkbuf_leaf_146_wb_clk_i/Y               10     18     -8 (VIOLATED)
clkbuf_leaf_148_wb_clk_i/Y               10     18     -8 (VIOLATED)
clkbuf_leaf_154_wb_clk_i/Y               10     18     -8 (VIOLATED)
clkbuf_leaf_155_wb_clk_i/Y               10     18     -8 (VIOLATED)
clkbuf_leaf_157_wb_clk_i/Y               10     18     -8 (VIOLATED)
clkbuf_leaf_15_wb_clk_i/Y                10     18     -8 (VIOLATED)
clkbuf_leaf_168_wb_clk_i/Y               10     18     -8 (VIOLATED)
clkbuf_leaf_171_wb_clk_i/Y               10     18     -8 (VIOLATED)
clkbuf_leaf_173_wb_clk_i/Y               10     18     -8 (VIOLATED)
clkbuf_leaf_174_wb_clk_i/Y               10     18     -8 (VIOLATED)
clkbuf_leaf_175_wb_clk_i/Y               10     18     -8 (VIOLATED)
clkbuf_leaf_18_wb_clk_i/Y                10     18     -8 (VIOLATED)
clkbuf_leaf_23_wb_clk_i/Y                10     18     -8 (VIOLATED)
clkbuf_leaf_28_wb_clk_i/Y                10     18     -8 (VIOLATED)
clkbuf_leaf_29_wb_clk_i/Y                10     18     -8 (VIOLATED)
clkbuf_leaf_32_wb_clk_i/Y                10     18     -8 (VIOLATED)
clkbuf_leaf_34_wb_clk_i/Y                10     18     -8 (VIOLATED)
clkbuf_leaf_37_wb_clk_i/Y                10     18     -8 (VIOLATED)
clkbuf_leaf_41_wb_clk_i/Y                10     18     -8 (VIOLATED)
clkbuf_leaf_44_wb_clk_i/Y                10     18     -8 (VIOLATED)
clkbuf_leaf_46_wb_clk_i/Y                10     18     -8 (VIOLATED)
clkbuf_leaf_47_wb_clk_i/Y                10     18     -8 (VIOLATED)
clkbuf_leaf_56_wb_clk_i/Y                10     18     -8 (VIOLATED)
clkbuf_leaf_58_wb_clk_i/Y                10     18     -8 (VIOLATED)
clkbuf_leaf_59_wb_clk_i/Y                10     18     -8 (VIOLATED)
clkbuf_leaf_61_wb_clk_i/Y                10     18     -8 (VIOLATED)
clkbuf_leaf_64_wb_clk_i/Y                10     18     -8 (VIOLATED)
clkbuf_leaf_68_wb_clk_i/Y                10     18     -8 (VIOLATED)
clkbuf_leaf_69_wb_clk_i/Y                10     18     -8 (VIOLATED)
clkbuf_leaf_6_wb_clk_i/Y                 10     18     -8 (VIOLATED)
clkbuf_leaf_70_wb_clk_i/Y                10     18     -8 (VIOLATED)
clkbuf_leaf_73_wb_clk_i/Y                10     18     -8 (VIOLATED)
clkbuf_leaf_75_wb_clk_i/Y                10     18     -8 (VIOLATED)
clkbuf_leaf_76_wb_clk_i/Y                10     18     -8 (VIOLATED)
clkbuf_leaf_82_wb_clk_i/Y                10     18     -8 (VIOLATED)
clkbuf_leaf_89_wb_clk_i/Y                10     18     -8 (VIOLATED)
clkbuf_leaf_90_wb_clk_i/Y                10     18     -8 (VIOLATED)
clkbuf_leaf_91_wb_clk_i/Y                10     18     -8 (VIOLATED)
clkbuf_leaf_9_mtx_clk_pad_i/Y            10     18     -8 (VIOLATED)
clkbuf_leaf_100_wb_clk_i/Y               10     17     -7 (VIOLATED)
clkbuf_leaf_104_wb_clk_i/Y               10     17     -7 (VIOLATED)
clkbuf_leaf_109_wb_clk_i/Y               10     17     -7 (VIOLATED)
clkbuf_leaf_10_wb_clk_i/Y                10     17     -7 (VIOLATED)
clkbuf_leaf_112_wb_clk_i/Y               10     17     -7 (VIOLATED)
clkbuf_leaf_115_wb_clk_i/Y               10     17     -7 (VIOLATED)
clkbuf_leaf_117_wb_clk_i/Y               10     17     -7 (VIOLATED)
clkbuf_leaf_118_wb_clk_i/Y               10     17     -7 (VIOLATED)
clkbuf_leaf_119_wb_clk_i/Y               10     17     -7 (VIOLATED)
clkbuf_leaf_11_wb_clk_i/Y                10     17     -7 (VIOLATED)
clkbuf_leaf_126_wb_clk_i/Y               10     17     -7 (VIOLATED)
clkbuf_leaf_14_wb_clk_i/Y                10     17     -7 (VIOLATED)
clkbuf_leaf_151_wb_clk_i/Y               10     17     -7 (VIOLATED)
clkbuf_leaf_165_wb_clk_i/Y               10     17     -7 (VIOLATED)
clkbuf_leaf_172_wb_clk_i/Y               10     17     -7 (VIOLATED)
clkbuf_leaf_19_wb_clk_i/Y                10     17     -7 (VIOLATED)
clkbuf_leaf_20_wb_clk_i/Y                10     17     -7 (VIOLATED)
clkbuf_leaf_21_wb_clk_i/Y                10     17     -7 (VIOLATED)
clkbuf_leaf_22_wb_clk_i/Y                10     17     -7 (VIOLATED)
clkbuf_leaf_25_wb_clk_i/Y                10     17     -7 (VIOLATED)
clkbuf_leaf_26_wb_clk_i/Y                10     17     -7 (VIOLATED)
clkbuf_leaf_2_wb_clk_i/Y                 10     17     -7 (VIOLATED)
clkbuf_leaf_35_wb_clk_i/Y                10     17     -7 (VIOLATED)
clkbuf_leaf_36_wb_clk_i/Y                10     17     -7 (VIOLATED)
clkbuf_leaf_39_wb_clk_i/Y                10     17     -7 (VIOLATED)
clkbuf_leaf_40_wb_clk_i/Y                10     17     -7 (VIOLATED)
clkbuf_leaf_42_wb_clk_i/Y                10     17     -7 (VIOLATED)
clkbuf_leaf_45_wb_clk_i/Y                10     17     -7 (VIOLATED)
clkbuf_leaf_49_wb_clk_i/Y                10     17     -7 (VIOLATED)
clkbuf_leaf_51_wb_clk_i/Y                10     17     -7 (VIOLATED)
clkbuf_leaf_52_wb_clk_i/Y                10     17     -7 (VIOLATED)
clkbuf_leaf_53_wb_clk_i/Y                10     17     -7 (VIOLATED)
clkbuf_leaf_54_wb_clk_i/Y                10     17     -7 (VIOLATED)
clkbuf_leaf_55_wb_clk_i/Y                10     17     -7 (VIOLATED)
clkbuf_leaf_57_wb_clk_i/Y                10     17     -7 (VIOLATED)
clkbuf_leaf_60_wb_clk_i/Y                10     17     -7 (VIOLATED)
clkbuf_leaf_63_wb_clk_i/Y                10     17     -7 (VIOLATED)
clkbuf_leaf_65_wb_clk_i/Y                10     17     -7 (VIOLATED)
clkbuf_leaf_67_wb_clk_i/Y                10     17     -7 (VIOLATED)
clkbuf_leaf_79_wb_clk_i/Y                10     17     -7 (VIOLATED)
clkbuf_leaf_81_wb_clk_i/Y                10     17     -7 (VIOLATED)
clkbuf_leaf_83_wb_clk_i/Y                10     17     -7 (VIOLATED)
clkbuf_leaf_84_wb_clk_i/Y                10     17     -7 (VIOLATED)
clkbuf_leaf_86_wb_clk_i/Y                10     17     -7 (VIOLATED)
clkbuf_leaf_88_wb_clk_i/Y                10     17     -7 (VIOLATED)
clkbuf_leaf_92_wb_clk_i/Y                10     17     -7 (VIOLATED)
clkbuf_leaf_93_wb_clk_i/Y                10     17     -7 (VIOLATED)
clkbuf_leaf_99_wb_clk_i/Y                10     17     -7 (VIOLATED)
clkbuf_leaf_121_wb_clk_i/Y               10     16     -6 (VIOLATED)
clkbuf_leaf_12_mrx_clk_pad_i/Y           10     16     -6 (VIOLATED)
clkbuf_leaf_132_wb_clk_i/Y               10     16     -6 (VIOLATED)
clkbuf_leaf_149_wb_clk_i/Y               10     16     -6 (VIOLATED)
clkbuf_leaf_17_wb_clk_i/Y                10     16     -6 (VIOLATED)
clkbuf_leaf_24_wb_clk_i/Y                10     16     -6 (VIOLATED)
clkbuf_leaf_27_wb_clk_i/Y                10     16     -6 (VIOLATED)
clkbuf_leaf_31_wb_clk_i/Y                10     16     -6 (VIOLATED)
clkbuf_leaf_38_wb_clk_i/Y                10     16     -6 (VIOLATED)
clkbuf_leaf_43_wb_clk_i/Y                10     16     -6 (VIOLATED)
clkbuf_leaf_48_wb_clk_i/Y                10     16     -6 (VIOLATED)
clkbuf_leaf_50_wb_clk_i/Y                10     16     -6 (VIOLATED)
clkbuf_leaf_66_wb_clk_i/Y                10     16     -6 (VIOLATED)
clkbuf_leaf_72_wb_clk_i/Y                10     16     -6 (VIOLATED)
clkbuf_leaf_74_wb_clk_i/Y                10     16     -6 (VIOLATED)
clkbuf_leaf_7_wb_clk_i/Y                 10     16     -6 (VIOLATED)
clkbuf_leaf_80_wb_clk_i/Y                10     16     -6 (VIOLATED)
clkbuf_leaf_87_wb_clk_i/Y                10     16     -6 (VIOLATED)
clkbuf_leaf_122_wb_clk_i/Y               10     15     -5 (VIOLATED)
clkbuf_leaf_124_wb_clk_i/Y               10     15     -5 (VIOLATED)
clkbuf_leaf_134_wb_clk_i/Y               10     15     -5 (VIOLATED)
clkbuf_leaf_170_wb_clk_i/Y               10     15     -5 (VIOLATED)
clkbuf_leaf_33_wb_clk_i/Y                10     15     -5 (VIOLATED)
clkbuf_leaf_97_wb_clk_i/Y                10     15     -5 (VIOLATED)
clkbuf_leaf_106_wb_clk_i/Y               10     14     -4 (VIOLATED)
clkbuf_leaf_8_mtx_clk_pad_i/Y            10     13     -3 (VIOLATED)


==========================================================================
cts final max_slew_check_slack
--------------------------------------------------------------------------
64.7661361694336

==========================================================================
cts final max_slew_check_limit
--------------------------------------------------------------------------
320.0

==========================================================================
cts final max_slew_check_slack_limit
--------------------------------------------------------------------------
0.2024

==========================================================================
cts final max_fanout_check_slack
--------------------------------------------------------------------------
-17.0

==========================================================================
cts final max_fanout_check_limit
--------------------------------------------------------------------------
10.0

==========================================================================
cts final max_fanout_check_slack_limit
--------------------------------------------------------------------------
-1.7000

==========================================================================
cts final max_capacitance_check_slack
--------------------------------------------------------------------------
6.281016826629639

==========================================================================
cts final max_capacitance_check_limit
--------------------------------------------------------------------------
23.040000915527344

==========================================================================
cts final max_capacitance_check_slack_limit
--------------------------------------------------------------------------
0.2726

==========================================================================
cts final max_slew_violation_count
--------------------------------------------------------------------------
max slew violation count 0

==========================================================================
cts final max_fanout_violation_count
--------------------------------------------------------------------------
max fanout violation count 200

==========================================================================
cts final max_cap_violation_count
--------------------------------------------------------------------------
max cap violation count 0

==========================================================================
cts final setup_violation_count
--------------------------------------------------------------------------
setup violation count 19

==========================================================================
cts final hold_violation_count
--------------------------------------------------------------------------
hold violation count 0

==========================================================================
cts final report_checks -path_delay max reg to reg
--------------------------------------------------------------------------
Startpoint: rxethmac1.rxcounters1.ByteCnt[3]$_DFFE_PP0P_
            (rising edge-triggered flip-flop clocked by mrx_clk_pad_i)
Endpoint: maccontrol1.receivecontrol1.PauseTimer[14]$_DFFE_PP0P_
          (rising edge-triggered flip-flop clocked by mrx_clk_pad_i)
Path Group: mrx_clk_pad_i
Path Type: max

  Delay    Time   Description
---------------------------------------------------------
   0.00    0.00   clock mrx_clk_pad_i (rise edge)
   0.00    0.00   clock source latency
   0.00    0.00 ^ mrx_clk_pad_i (in)
  23.90   23.90 ^ clkbuf_0_mrx_clk_pad_i/Y (BUFx24_ASAP7_75t_R)
  23.79   47.68 ^ clkbuf_1_0__f_mrx_clk_pad_i/Y (BUFx24_ASAP7_75t_R)
  24.71   72.39 ^ clkbuf_leaf_2_mrx_clk_pad_i/Y (BUFx24_ASAP7_75t_R)
   0.44   72.83 ^ rxethmac1.rxcounters1.ByteCnt[3]$_DFFE_PP0P_/CLK (DFFASRHQNx1_ASAP7_75t_R)
  46.08  118.91 ^ rxethmac1.rxcounters1.ByteCnt[3]$_DFFE_PP0P_/QN (DFFASRHQNx1_ASAP7_75t_R)
  16.48  135.39 ^ rebuffer18428/Y (BUFx3_ASAP7_75t_R)
   5.36  140.75 v _066693_/Y (INVx2_ASAP7_75t_R)
  14.49  155.24 ^ _101208_/CON (HAxp5_ASAP7_75t_R)
  18.86  174.10 v _066706_/Y (NOR2x1_ASAP7_75t_R)
  20.48  194.59 v rebuffer18431/Y (BUFx3_ASAP7_75t_R)
   9.20  203.79 ^ _069911_/Y (NAND2x1_ASAP7_75t_R)
  28.05  231.83 ^ _069912_/Y (XOR2x2_ASAP7_75t_R)
  13.22  245.05 v _101308_/CON (HAxp5_ASAP7_75t_R)
  13.37  258.42 ^ _101308_/SN (HAxp5_ASAP7_75t_R)
  12.60  271.02 v _066735_/Y (NOR2x1_ASAP7_75t_R)
  15.68  286.70 v _066739_/Y (AND3x1_ASAP7_75t_R)
  21.63  308.33 v _066748_/Y (AO221x1_ASAP7_75t_R)
   8.42  316.75 ^ _066749_/Y (NAND2x1_ASAP7_75t_R)
  24.61  341.36 ^ _066753_/Y (AND3x2_ASAP7_75t_R)
  15.73  357.09 v _067465_/Y (AOI21x1_ASAP7_75t_R)
  21.70  378.79 v place12844/Y (BUFx3_ASAP7_75t_R)
  15.74  394.52 ^ _067505_/Y (AOI21x1_ASAP7_75t_R)
  24.37  418.90 ^ clone18433/Y (BUFx3_ASAP7_75t_R)
   9.82  428.71 v _068978_/Y (NAND2x1_ASAP7_75t_R)
  10.19  438.91 ^ _068985_/Y (NAND2x1_ASAP7_75t_R)
   0.03  438.94 ^ maccontrol1.receivecontrol1.PauseTimer[14]$_DFFE_PP0P_/D (DFFASRHQNx1_ASAP7_75t_R)
         438.94   data arrival time

 300.00  300.00   clock mrx_clk_pad_i (rise edge)
   0.00  300.00   clock source latency
   0.00  300.00 ^ mrx_clk_pad_i (in)
  22.62  322.62 ^ clkbuf_0_mrx_clk_pad_i/Y (BUFx24_ASAP7_75t_R)
  20.73  343.35 ^ clkbuf_1_1__f_mrx_clk_pad_i/Y (BUFx24_ASAP7_75t_R)
  29.74  373.09 ^ clkbuf_leaf_9_mrx_clk_pad_i/Y (BUFx24_ASAP7_75t_R)
   0.98  374.07 ^ maccontrol1.receivecontrol1.PauseTimer[14]$_DFFE_PP0P_/CLK (DFFASRHQNx1_ASAP7_75t_R)
   1.27  375.34   clock reconvergence pessimism
 -11.90  363.44   library setup time
         363.44   data required time
---------------------------------------------------------
         363.44   data required time
        -438.94   data arrival time
---------------------------------------------------------
         -75.50   slack (VIOLATED)


Startpoint: txethmac1.txcounters1.NibCnt[15]$_DFFE_PP0P_
            (rising edge-triggered flip-flop clocked by mtx_clk_pad_i)
Endpoint: macstatus1.RetryCntLatched[1]$_DFFE_PP0P_
          (rising edge-triggered flip-flop clocked by mtx_clk_pad_i)
Path Group: mtx_clk_pad_i
Path Type: max

  Delay    Time   Description
---------------------------------------------------------
   0.00    0.00   clock mtx_clk_pad_i (rise edge)
   0.00    0.00   clock source latency
   0.00    0.00 ^ mtx_clk_pad_i (in)
  28.15   28.15 ^ clkbuf_0_mtx_clk_pad_i/Y (BUFx24_ASAP7_75t_R)
  20.48   48.63 ^ clkbuf_1_1__f_mtx_clk_pad_i/Y (BUFx24_ASAP7_75t_R)
  23.25   71.88 ^ clkbuf_leaf_5_mtx_clk_pad_i/Y (BUFx24_ASAP7_75t_R)
   1.07   72.95 ^ txethmac1.txcounters1.NibCnt[15]$_DFFE_PP0P_/CLK (DFFASRHQNx1_ASAP7_75t_R)
  44.27  117.22 v txethmac1.txcounters1.NibCnt[15]$_DFFE_PP0P_/QN (DFFASRHQNx1_ASAP7_75t_R)
  10.35  127.57 ^ _067310_/Y (INVx1_ASAP7_75t_R)
  34.91  162.48 v _101254_/SN (HAxp5_ASAP7_75t_R)
  14.85  177.33 ^ _057774_/Y (NOR2x1_ASAP7_75t_R)
  20.37  197.70 ^ _057777_/Y (AND3x1_ASAP7_75t_R)
   8.06  205.76 v _057778_/Y (INVx1_ASAP7_75t_R)
  25.98  231.74 v _057779_/Y (OR5x1_ASAP7_75t_R)
  17.72  249.46 v _057780_/Y (AO21x1_ASAP7_75t_R)
  13.99  263.45 ^ _057798_/Y (AOI21x1_ASAP7_75t_R)
  15.83  279.28 v _057876_/Y (AOI21x1_ASAP7_75t_R)
  17.50  296.79 ^ _057879_/Y (OAI21x1_ASAP7_75t_R)
  16.37  313.15 ^ place12836/Y (BUFx6f_ASAP7_75t_R)
  22.90  336.05 ^ _057997_/Y (AND2x2_ASAP7_75t_R)
  12.00  348.05 v _069872_/Y (OAI21x1_ASAP7_75t_R)
   7.66  355.70 ^ _069873_/Y (OAI21x1_ASAP7_75t_R)
   0.03  355.74 ^ macstatus1.RetryCntLatched[1]$_DFFE_PP0P_/D (DFFASRHQNx1_ASAP7_75t_R)
         355.74   data arrival time

 300.00  300.00   clock mtx_clk_pad_i (rise edge)
   0.00  300.00   clock source latency
   0.00  300.00 ^ mtx_clk_pad_i (in)
  26.52  326.52 ^ clkbuf_0_mtx_clk_pad_i/Y (BUFx24_ASAP7_75t_R)
  19.62  346.15 ^ clkbuf_1_1__f_mtx_clk_pad_i/Y (BUFx24_ASAP7_75t_R)
  20.76  366.91 ^ clkbuf_leaf_6_mtx_clk_pad_i/Y (BUFx24_ASAP7_75t_R)
   0.49  367.40 ^ macstatus1.RetryCntLatched[1]$_DFFE_PP0P_/CLK (DFFASRHQNx1_ASAP7_75t_R)
   2.48  369.89   clock reconvergence pessimism
 -12.39  357.50   library setup time
         357.50   data required time
---------------------------------------------------------
         357.50   data required time
        -355.74   data arrival time
---------------------------------------------------------
           1.76   slack (MET)


Startpoint: _tray_size4_20036
            (rising edge-triggered flip-flop clocked by wb_clk_i)
Endpoint: wishbone.TxBDReady$_DFFE_PP0P_
          (rising edge-triggered flip-flop clocked by wb_clk_i)
Path Group: wb_clk_i
Path Type: max

  Delay    Time   Description
---------------------------------------------------------
   0.00    0.00   clock wb_clk_i (rise edge)
   0.00    0.00   clock source latency
   0.00    0.00 ^ wb_clk_i (in)
  75.11   75.11 ^ clkbuf_0_wb_clk_i/Y (BUFx24_ASAP7_75t_R)
  33.19  108.30 ^ clkbuf_2_1_0_wb_clk_i/Y (BUFx24_ASAP7_75t_R)
  36.30  144.60 ^ clkbuf_3_3_0_wb_clk_i/Y (BUFx24_ASAP7_75t_R)
  28.20  172.80 ^ clkbuf_5_13__f_wb_clk_i/Y (BUFx24_ASAP7_75t_R)
  25.08  197.88 ^ clkbuf_leaf_61_wb_clk_i/Y (BUFx24_ASAP7_75t_R)
   0.65  198.53 ^ _tray_size4_20036/CLK (DFFHQNH2V2Xx1_ASAP7_75t_R)
 141.47  340.01 ^ _tray_size4_20036/QN2 (DFFHQNH2V2Xx1_ASAP7_75t_R)
  45.09  385.09 v _056186_/Y (INVx3_ASAP7_75t_R)
  38.49  423.59 v place16457/Y (BUFx3_ASAP7_75t_R)
  26.26  449.85 v place16406/Y (BUFx3_ASAP7_75t_R)
  26.37  476.22 v place16405/Y (BUFx3_ASAP7_75t_R)
  29.64  505.86 v place16388/Y (BUFx3_ASAP7_75t_R)
  23.10  528.97 v place16379/Y (BUFx3_ASAP7_75t_R)
  25.29  554.26 v place16378/Y (BUFx3_ASAP7_75t_R)
  22.42  576.68 v place16377/Y (BUFx3_ASAP7_75t_R)
  22.83  599.52 v place16376/Y (BUFx3_ASAP7_75t_R)
  22.31  621.83 v place16375/Y (BUFx3_ASAP7_75t_R)
  17.38  639.21 v _056671_/Y (AO21x1_ASAP7_75t_R)
  15.52  654.73 v _056672_/Y (AO21x1_ASAP7_75t_R)
  13.87  668.59 v _056673_/Y (AO21x1_ASAP7_75t_R)
  16.53  685.12 v _056674_/Y (AND2x2_ASAP7_75t_R)
  16.39  701.52 ^ _056738_/Y (OAI21x1_ASAP7_75t_R)
  10.47  711.98 v _056817_/Y (NAND2x1_ASAP7_75t_R)
  18.00  729.98 ^ _056959_/Y (AOI21x1_ASAP7_75t_R)
  17.33  747.31 v _056960_/Y (NAND2x1_ASAP7_75t_R)
  25.48  772.78 v place12863/Y (BUFx3_ASAP7_75t_R)
  75.15  847.93 ^ _063932_/Y (NAND2x1_ASAP7_75t_R)
  15.32  863.24 v _064845_/Y (NOR2x1_ASAP7_75t_R)
  10.87  874.12 ^ _064846_/Y (NAND2x1_ASAP7_75t_R)
   8.51  882.62 v _065320_/Y (OAI21x1_ASAP7_75t_R)
   9.40  892.02 ^ _065321_/Y (NAND2x1_ASAP7_75t_R)
   0.04  892.06 ^ wishbone.TxBDReady$_DFFE_PP0P_/D (DFFASRHQNx1_ASAP7_75t_R)
         892.06   data arrival time

1000.00 1000.00   clock wb_clk_i (rise edge)
   0.00 1000.00   clock source latency
   0.00 1000.00 ^ wb_clk_i (in)
  72.01 1072.01 ^ clkbuf_0_wb_clk_i/Y (BUFx24_ASAP7_75t_R)
  29.81 1101.82 ^ clkbuf_2_2_0_wb_clk_i/Y (BUFx24_ASAP7_75t_R)
  34.82 1136.64 ^ clkbuf_3_4_0_wb_clk_i/Y (BUFx24_ASAP7_75t_R)
  25.19 1161.83 ^ clkbuf_5_19__f_wb_clk_i/Y (BUFx24_ASAP7_75t_R)
  23.05 1184.88 ^ clkbuf_leaf_144_wb_clk_i/Y (BUFx24_ASAP7_75t_R)
   0.62 1185.50 ^ wishbone.TxBDReady$_DFFE_PP0P_/CLK (DFFASRHQNx1_ASAP7_75t_R)
   3.10 1188.59   clock reconvergence pessimism
 -12.29 1176.30   library setup time
        1176.30   data required time
---------------------------------------------------------
        1176.30   data required time
        -892.06   data arrival time
---------------------------------------------------------
         284.24   slack (MET)



==========================================================================
cts final report_checks -path_delay min reg to reg
--------------------------------------------------------------------------
Startpoint: rxethmac1.LatchedByte[7]$_DFF_PP0_
            (rising edge-triggered flip-flop clocked by mrx_clk_pad_i)
Endpoint: rxethmac1.LatchedByte[3]$_DFF_PP0_
          (rising edge-triggered flip-flop clocked by mrx_clk_pad_i)
Path Group: mrx_clk_pad_i
Path Type: min

  Delay    Time   Description
---------------------------------------------------------
   0.00    0.00   clock mrx_clk_pad_i (rise edge)
   0.00    0.00   clock source latency
   0.00    0.00 ^ mrx_clk_pad_i (in)
  22.62   22.62 ^ clkbuf_0_mrx_clk_pad_i/Y (BUFx24_ASAP7_75t_R)
  22.52   45.15 ^ clkbuf_1_0__f_mrx_clk_pad_i/Y (BUFx24_ASAP7_75t_R)
   2.50   47.64 ^ rxethmac1.LatchedByte[7]$_DFF_PP0_/CLK (DFFASRHQNx1_ASAP7_75t_R)
  44.07   91.71 ^ rxethmac1.LatchedByte[7]$_DFF_PP0_/QN (DFFASRHQNx1_ASAP7_75t_R)
  11.08  102.79 v _066857_/Y (INVx1_ASAP7_75t_R)
   0.08  102.88 v rxethmac1.LatchedByte[3]$_DFF_PP0_/D (DFFASRHQNx1_ASAP7_75t_R)
         102.88   data arrival time

   0.00    0.00   clock mrx_clk_pad_i (rise edge)
   0.00    0.00   clock source latency
   0.00    0.00 ^ mrx_clk_pad_i (in)
  23.90   23.90 ^ clkbuf_0_mrx_clk_pad_i/Y (BUFx24_ASAP7_75t_R)
  23.79   47.68 ^ clkbuf_1_0__f_mrx_clk_pad_i/Y (BUFx24_ASAP7_75t_R)
  25.47   73.15 ^ clkbuf_leaf_12_mrx_clk_pad_i/Y (BUFx24_ASAP7_75t_R)
   1.31   74.47 ^ rxethmac1.LatchedByte[3]$_DFF_PP0_/CLK (DFFASRHQNx1_ASAP7_75t_R)
  -2.54   71.93   clock reconvergence pessimism
  11.75   83.68   library hold time
          83.68   data required time
---------------------------------------------------------
          83.68   data required time
        -102.88   data arrival time
---------------------------------------------------------
          19.19   slack (MET)


Startpoint: txethmac1.random1.x[8]$_DFF_PP0_
            (rising edge-triggered flip-flop clocked by mtx_clk_pad_i)
Endpoint: txethmac1.random1.x[9]$_DFF_PP0_
          (rising edge-triggered flip-flop clocked by mtx_clk_pad_i)
Path Group: mtx_clk_pad_i
Path Type: min

  Delay    Time   Description
---------------------------------------------------------
   0.00    0.00   clock mtx_clk_pad_i (rise edge)
   0.00    0.00   clock source latency
   0.00    0.00 ^ mtx_clk_pad_i (in)
  26.52   26.52 ^ clkbuf_0_mtx_clk_pad_i/Y (BUFx24_ASAP7_75t_R)
  19.62   46.15 ^ clkbuf_1_1__f_mtx_clk_pad_i/Y (BUFx24_ASAP7_75t_R)
  21.84   67.99 ^ clkbuf_leaf_5_mtx_clk_pad_i/Y (BUFx24_ASAP7_75t_R)
   0.34   68.33 ^ txethmac1.random1.x[8]$_DFF_PP0_/CLK (DFFASRHQNx1_ASAP7_75t_R)
  37.95  106.28 ^ txethmac1.random1.x[8]$_DFF_PP0_/QN (DFFASRHQNx1_ASAP7_75t_R)
   7.83  114.11 v _067981_/Y (INVx1_ASAP7_75t_R)
   0.04  114.15 v txethmac1.random1.x[9]$_DFF_PP0_/D (DFFASRHQNx1_ASAP7_75t_R)
         114.15   data arrival time

   0.00    0.00   clock mtx_clk_pad_i (rise edge)
   0.00    0.00   clock source latency
   0.00    0.00 ^ mtx_clk_pad_i (in)
  28.15   28.15 ^ clkbuf_0_mtx_clk_pad_i/Y (BUFx24_ASAP7_75t_R)
  20.48   48.63 ^ clkbuf_1_1__f_mtx_clk_pad_i/Y (BUFx24_ASAP7_75t_R)
  24.27   72.90 ^ clkbuf_leaf_7_mtx_clk_pad_i/Y (BUFx24_ASAP7_75t_R)
   1.26   74.16 ^ txethmac1.random1.x[9]$_DFF_PP0_/CLK (DFFASRHQNx1_ASAP7_75t_R)
  -2.48   71.67   clock reconvergence pessimism
  12.22   83.89   library hold time
          83.89   data required time
---------------------------------------------------------
          83.89   data required time
        -114.15   data arrival time
---------------------------------------------------------
          30.26   slack (MET)


Startpoint: wishbone.TxStartFrm_syncb1$_DFF_PP0_
            (rising edge-triggered flip-flop clocked by wb_clk_i)
Endpoint: wishbone.TxStartFrm_syncb2$_DFF_PP0_
          (rising edge-triggered flip-flop clocked by wb_clk_i)
Path Group: wb_clk_i
Path Type: min

  Delay    Time   Description
---------------------------------------------------------
   0.00    0.00   clock wb_clk_i (rise edge)
   0.00    0.00   clock source latency
   0.00    0.00 ^ wb_clk_i (in)
  72.01   72.01 ^ clkbuf_0_wb_clk_i/Y (BUFx24_ASAP7_75t_R)
  30.86  102.87 ^ clkbuf_2_0_0_wb_clk_i/Y (BUFx24_ASAP7_75t_R)
  34.02  136.89 ^ clkbuf_3_1_0_wb_clk_i/Y (BUFx24_ASAP7_75t_R)
  25.81  162.70 ^ clkbuf_5_4__f_wb_clk_i/Y (BUFx24_ASAP7_75t_R)
  24.17  186.87 ^ clkbuf_leaf_170_wb_clk_i/Y (BUFx24_ASAP7_75t_R)
   0.27  187.14 ^ wishbone.TxStartFrm_syncb1$_DFF_PP0_/CLK (DFFASRHQNx1_ASAP7_75t_R)
  42.22  229.37 ^ wishbone.TxStartFrm_syncb1$_DFF_PP0_/QN (DFFASRHQNx1_ASAP7_75t_R)
   7.76  237.12 v _055946_/Y (INVx1_ASAP7_75t_R)
   0.06  237.18 v wishbone.TxStartFrm_syncb2$_DFF_PP0_/D (DFFASRHQNx1_ASAP7_75t_R)
         237.18   data arrival time

   0.00    0.00   clock wb_clk_i (rise edge)
   0.00    0.00   clock source latency
   0.00    0.00 ^ wb_clk_i (in)
  75.11   75.11 ^ clkbuf_0_wb_clk_i/Y (BUFx24_ASAP7_75t_R)
  33.33  108.44 ^ clkbuf_2_0_0_wb_clk_i/Y (BUFx24_ASAP7_75t_R)
  37.13  145.58 ^ clkbuf_3_0_0_wb_clk_i/Y (BUFx24_ASAP7_75t_R)
  27.93  173.51 ^ clkbuf_5_3__f_wb_clk_i/Y (BUFx24_ASAP7_75t_R)
  29.43  202.94 ^ clkbuf_leaf_156_wb_clk_i/Y (BUFx24_ASAP7_75t_R)
   0.92  203.86 ^ wishbone.TxStartFrm_syncb2$_DFF_PP0_/CLK (DFFASRHQNx1_ASAP7_75t_R)
  -5.57  198.29   clock reconvergence pessimism
  12.03  210.32   library hold time
         210.32   data required time
---------------------------------------------------------
         210.32   data required time
        -237.18   data arrival time
---------------------------------------------------------
          26.86   slack (MET)



==========================================================================
cts final critical path target clock latency max path
--------------------------------------------------------------------------
68.2426

==========================================================================
cts final critical path target clock latency min path
--------------------------------------------------------------------------
73.6830

==========================================================================
cts final critical path source clock latency min path
--------------------------------------------------------------------------
0.0000

==========================================================================
cts final critical path delay
--------------------------------------------------------------------------
438.9397

==========================================================================
cts final critical path slack
--------------------------------------------------------------------------
-75.5024

==========================================================================
cts final slack div critical path delay
--------------------------------------------------------------------------
-17.201087

==========================================================================
cts final report_power
--------------------------------------------------------------------------
Group                  Internal  Switching    Leakage      Total
                          Power      Power      Power      Power (Watts)
----------------------------------------------------------------
Sequential             3.67e-02   1.82e-04   1.25e-06   3.68e-02  54.5%
Combinational          3.92e-03   5.55e-03   3.78e-06   9.47e-03  14.0%
Clock                  1.35e-02   7.78e-03   1.41e-07   2.13e-02  31.5%
Macro                  0.00e+00   0.00e+00   0.00e+00   0.00e+00   0.0%
Pad                    0.00e+00   0.00e+00   0.00e+00   0.00e+00   0.0%
----------------------------------------------------------------
Total                  5.41e-02   1.35e-02   5.18e-06   6.76e-02 100.0%
                          80.0%      20.0%       0.0%
