OpenROAD 1447ce3293b9688b91b8c635d3811ac25a1ea20f 
Features included (+) or not (-): +GPU +GUI +Python
This program is licensed under the BSD-3 license. See the LICENSE file for details.
Components of this program may be licensed under more restrictive licenses which must be honored.
[INFO ORD-0030] Using 32 thread(s).
source /home/lucast/workspace/OR-flow-TCC/flow/platforms/asap7/liberty_suppressions.tcl
read_liberty /home/lucast/workspace/OR-flow-TCC/flow/platforms/asap7/lib/NLDM/asap7sc7p5t_AO_RVT_FF_nldm_211120.lib.gz
read_liberty /home/lucast/workspace/OR-flow-TCC/flow/platforms/asap7/lib/NLDM/asap7sc7p5t_INVBUF_RVT_FF_nldm_220122.lib.gz
read_liberty /home/lucast/workspace/OR-flow-TCC/flow/platforms/asap7/lib/NLDM/asap7sc7p5t_OA_RVT_FF_nldm_211120.lib.gz
read_liberty /home/lucast/workspace/OR-flow-TCC/flow/platforms/asap7/lib/NLDM/asap7sc7p5t_SIMPLE_RVT_FF_nldm_211120.lib.gz
read_liberty /home/lucast/workspace/OR-flow-TCC/flow/platforms/asap7/lib/NLDM/asap7sc7p5t_SEQ_RVT_FF_nldm_220123.lib
read_liberty /home/lucast/workspace/OR-flow-TCC/flow/platforms/asap7/lib/NLDM/asap7sc7p5t_AO_LVT_FF_nldm_211120.lib.gz
read_liberty /home/lucast/workspace/OR-flow-TCC/flow/platforms/asap7/lib/NLDM/asap7sc7p5t_INVBUF_LVT_FF_nldm_220122.lib.gz
read_liberty /home/lucast/workspace/OR-flow-TCC/flow/platforms/asap7/lib/NLDM/asap7sc7p5t_OA_LVT_FF_nldm_211120.lib.gz
read_liberty /home/lucast/workspace/OR-flow-TCC/flow/platforms/asap7/lib/NLDM/asap7sc7p5t_SIMPLE_LVT_FF_nldm_211120.lib.gz
read_liberty /home/lucast/workspace/OR-flow-TCC/flow/platforms/asap7/lib/NLDM/asap7sc7p5t_SEQ_LVT_FF_nldm_220123.lib
read_liberty /home/lucast/workspace/OR-flow-TCC/flow/platforms/asap7/lib/NLDM/asap7sc7p5t_AO_SLVT_FF_nldm_211120.lib.gz
read_liberty /home/lucast/workspace/OR-flow-TCC/flow/platforms/asap7/lib/NLDM/asap7sc7p5t_INVBUF_SLVT_FF_nldm_220122.lib.gz
read_liberty /home/lucast/workspace/OR-flow-TCC/flow/platforms/asap7/lib/NLDM/asap7sc7p5t_OA_SLVT_FF_nldm_211120.lib.gz
read_liberty /home/lucast/workspace/OR-flow-TCC/flow/platforms/asap7/lib/NLDM/asap7sc7p5t_SIMPLE_SLVT_FF_nldm_211120.lib.gz
read_liberty /home/lucast/workspace/OR-flow-TCC/flow/platforms/asap7/lib/NLDM/asap7sc7p5t_SEQ_SLVT_FF_nldm_220123.lib
read_liberty /home/lucast/workspace/OR-flow-TCC/flow/platforms/asap7/lib/NLDM/fakeram7_64x256.lib
read_liberty /home/lucast/workspace/OR-flow-TCC/flow/platforms/asap7/lib/NLDM/fakeram7_128x64.lib
read_liberty /home/lucast/workspace/OR-flow-TCC/flow/platforms/asap7/lib/NLDM/fakeram7_64x28.lib
read_liberty /home/lucast/workspace/OR-flow-TCC/flow/platforms/asap7/lib/NLDM/fakeram7_64x25.lib
read_liberty /home/lucast/workspace/OR-flow-TCC/flow/platforms/asap7/lib/NLDM/asap7sc7p5t_DFFHQNH2V2X_RVT_TT_nldm_FAKE.lib
read_liberty /home/lucast/workspace/OR-flow-TCC/flow/platforms/asap7/lib/NLDM/asap7sc7p5t_DFFHQNV2X_RVT_TT_nldm_FAKE.lib
read_db ./results/asap7/cva6/modified_alpha_-beta_0.1-v3_run_9/4_cts.odb
source /home/lucast/workspace/OR-flow-TCC/flow/platforms/asap7/setRC.tcl
pin_access
[INFO DRT-0149] Reading tech and libs.

Units:                1000
Number of layers:     21
Number of macros:     658
Number of vias:       24
Number of viarulegen: 11

[INFO DRT-0150] Reading design.

Design:                   cva6
Die area:                 ( 0 0 ) ( 158071 158071 )
Number of track patterns: 32
Number of DEF vias:       0
Number of components:     116553
Number of terminals:      964
Number of snets:          2
Number of nets:           117487

[INFO DRT-0167] List of default vias:
  Layer V2
    default via: VIA23
  Layer V3
    default via: VIA34
  Layer V4
    default via: VIA45
  Layer V5
    default via: VIA56
  Layer V6
    default via: VIA67
  Layer V7
    default via: VIA78
  Layer V8
    default via: VIA89
  Layer V9
    default via: VIA9Pad
[INFO DRT-0162] Library cell analysis.
[INFO DRT-0163] Instance analysis.
  Complete 100000 instances.
[INFO DRT-0164] Number of unique instances = 593.
[INFO DRT-0168] Init region query.
[INFO DRT-0018]   Complete 100000 insts.
[INFO DRT-0024]   Complete Active.
[INFO DRT-0024]   Complete V0.
[INFO DRT-0024]   Complete M1.
[INFO DRT-0024]   Complete V1.
[INFO DRT-0024]   Complete M2.
[INFO DRT-0024]   Complete V2.
[INFO DRT-0024]   Complete M3.
[INFO DRT-0024]   Complete V3.
[INFO DRT-0024]   Complete M4.
[INFO DRT-0024]   Complete V4.
[INFO DRT-0024]   Complete M5.
[INFO DRT-0024]   Complete V5.
[INFO DRT-0024]   Complete M6.
[INFO DRT-0024]   Complete V6.
[INFO DRT-0024]   Complete M7.
[INFO DRT-0024]   Complete V7.
[INFO DRT-0024]   Complete M8.
[INFO DRT-0024]   Complete V8.
[INFO DRT-0024]   Complete M9.
[INFO DRT-0024]   Complete V9.
[INFO DRT-0024]   Complete Pad.
[INFO DRT-0033] Active shape region query size = 0.
[INFO DRT-0033] V0 shape region query size = 0.
[INFO DRT-0033] M1 shape region query size = 1905961.
[INFO DRT-0033] V1 shape region query size = 2046593.
[INFO DRT-0033] M2 shape region query size = 82759.
[INFO DRT-0033] V2 shape region query size = 41688.
[INFO DRT-0033] M3 shape region query size = 40895.
[INFO DRT-0033] V3 shape region query size = 26704.
[INFO DRT-0033] M4 shape region query size = 31162.
[INFO DRT-0033] V4 shape region query size = 30624.
[INFO DRT-0033] M5 shape region query size = 17604.
[INFO DRT-0033] V5 shape region query size = 3484.
[INFO DRT-0033] M6 shape region query size = 1852.
[INFO DRT-0033] V6 shape region query size = 0.
[INFO DRT-0033] M7 shape region query size = 0.
[INFO DRT-0033] V7 shape region query size = 0.
[INFO DRT-0033] M8 shape region query size = 0.
[INFO DRT-0033] V8 shape region query size = 0.
[INFO DRT-0033] M9 shape region query size = 0.
[INFO DRT-0033] V9 shape region query size = 0.
[INFO DRT-0033] Pad shape region query size = 0.
[INFO DRT-0165] Start pin access.
[INFO DRT-0076]   Complete 1000 pins.
[INFO DRT-0076]   Complete 2000 pins.
[INFO DRT-0076]   Complete 3000 pins.
[INFO DRT-0076]   Complete 4000 pins.
[INFO DRT-0078]   Complete 4638 pins.
[INFO DRT-0079]   Complete 100 unique inst patterns.
[INFO DRT-0079]   Complete 200 unique inst patterns.
[INFO DRT-0079]   Complete 300 unique inst patterns.
[INFO DRT-0079]   Complete 400 unique inst patterns.
[INFO DRT-0079]   Complete 500 unique inst patterns.
[INFO DRT-0081]   Complete 582 unique inst patterns.
[INFO DRT-0082]   Complete 10000 groups.
[INFO DRT-0082]   Complete 20000 groups.
[INFO DRT-0082]   Complete 30000 groups.
[INFO DRT-0082]   Complete 40000 groups.
[INFO DRT-0082]   Complete 50000 groups.
[INFO DRT-0084]   Complete 59445 groups.
#scanned instances     = 116553
#unique  instances     = 589
#stdCellGenAp          = 17143
#stdCellValidPlanarAp  = 164
#stdCellValidViaAp     = 13496
#stdCellPinNoAp        = 0
#stdCellPinCnt         = 391155
#instTermValidViaApCnt = 0
#macroGenAp            = 1110
#macroValidPlanarAp    = 1110
#macroValidViaAp       = 0
#macroNoAp             = 0
[INFO DRT-0166] Complete pin access.
[INFO DRT-0267] cpu time = 00:41:11, elapsed time = 00:01:21, memory = 960.30 (MB), peak = 982.87 (MB)
Took 83 seconds: pin_access
global_route -congestion_report_file ./reports/asap7/cva6/modified_alpha_-beta_0.1-v3_run_9/congestion.rpt -congestion_iterations 30 -congestion_report_iter_step 5 -verbose
[INFO GRT-0020] Min routing layer: M2
[INFO GRT-0021] Max routing layer: M7
[INFO GRT-0022] Global adjustment: 0%
[INFO GRT-0023] Grid origin: (0, 0)
[INFO GRT-0088] Layer M1      Track-Pitch = 0.0360  line-2-Via Pitch: 0.0360
[INFO GRT-0088] Layer M2      Track-Pitch = 0.0390  line-2-Via Pitch: 0.0360
[INFO GRT-0088] Layer M3      Track-Pitch = 0.0360  line-2-Via Pitch: 0.0360
[INFO GRT-0088] Layer M4      Track-Pitch = 0.0480  line-2-Via Pitch: 0.0480
[INFO GRT-0088] Layer M5      Track-Pitch = 0.0480  line-2-Via Pitch: 0.0480
[INFO GRT-0088] Layer M6      Track-Pitch = 0.0640  line-2-Via Pitch: 0.0640
[INFO GRT-0088] Layer M7      Track-Pitch = 0.0640  line-2-Via Pitch: 0.0640
[INFO GRT-0003] Macros: 8
[INFO GRT-0004] Blockages: 47088
[INFO GRT-0019] Found 449 clock nets.
[INFO GRT-0001] Minimum degree: 2
[INFO GRT-0002] Maximum degree: 30

[INFO GRT-0053] Routing resources analysis:
          Routing      Original      Derated      Resource
Layer     Direction    Resources     Resources    Reduction (%)
---------------------------------------------------------------
M1         Vertical            0             0          0.00%
M2         Horizontal     734136        527386          28.16%
M3         Vertical       968500        718896          25.77%
M4         Horizontal     740386        551342          25.53%
M5         Vertical       780989        573417          26.58%
M6         Horizontal     599512        406270          32.23%
M7         Vertical       681720        459540          32.59%
---------------------------------------------------------------

[INFO GRT-0101] Running extra iterations to remove overflow.
[INFO GRT-0102] Start extra iteration 1/30
[INFO GRT-0197] Via related to pin nodes: 749902
[INFO GRT-0198] Via related Steiner nodes: 26091
[INFO GRT-0199] Via filling finished.
[INFO GRT-0111] Final number of vias: 996296
[INFO GRT-0112] Final usage 3D: 4034292

[INFO GRT-0096] Final congestion report:
Layer         Resource        Demand        Usage (%)    Max H / Max V / Total Overflow
---------------------------------------------------------------------------------------
M1                   0             0            0.00%             0 /  0 /  0
M2              527386        304207           57.68%             0 /  0 /  0
M3              718896        387467           53.90%             0 /  0 /  0
M4              551342        187754           34.05%             0 /  0 /  0
M5              573417        118091           20.59%             0 /  0 /  0
M6              406270         36931            9.09%             0 /  0 /  0
M7              459540         10954            2.38%             0 /  0 /  0
---------------------------------------------------------------------------------------
Total          3236851       1045404           32.30%             0 /  0 /  0

[INFO GRT-0018] Total wirelength: 799268 um
[INFO GRT-0014] Routed nets: 116748
[INFO GRT-0303] Global routing runtime = 00:00:07
Took 8 seconds: global_route -congestion_report_file ./reports/asap7/cva6/modified_alpha_-beta_0.1-v3_run_9/congestion.rpt -congestion_iterations 30 -congestion_report_iter_step 5 -verbose
estimate_parasitics -global_routing
Perform buffer insertion and gate resizing...
repair_design -verbose
Iteration |   Area    | Resized | Buffers | Nets repaired | Remaining
---------------------------------------------------------------------
        0 |     +0.0% |       0 |       0 |             0 |    118334
     1000 |     +0.0% |       0 |       0 |             0 |    117334
     2000 |     +0.0% |       0 |       0 |             0 |    116334
     3000 |     +0.0% |       0 |       0 |             0 |    115334
     4000 |     +0.0% |       0 |       0 |             0 |    114334
     5000 |     +0.0% |       0 |       0 |             0 |    113334
     6000 |     +0.0% |       0 |       0 |             0 |    112334
     7000 |     +0.0% |       0 |       0 |             0 |    111334
     8000 |     +0.0% |       0 |       0 |             0 |    110334
     9000 |     +0.0% |       0 |       0 |             0 |    109334
    10000 |     +0.0% |       0 |       0 |             0 |    108334
[WARNING RSZ-0104] Net _104129_ only has one pin. Check if it is intended to be dangling.
    11000 |     +0.0% |       0 |       0 |             0 |    107334
    12000 |     +0.0% |       0 |       0 |             0 |    106334
    13000 |     +0.0% |       0 |       0 |             0 |    105334
    14000 |     +0.0% |       0 |       0 |             0 |    104334
    15000 |     +0.0% |       0 |       0 |             0 |    103334
[WARNING RSZ-0104] Net _104136_ only has one pin. Check if it is intended to be dangling.
    16000 |     +0.0% |       0 |       0 |             0 |    102334
    17000 |     +0.0% |       0 |       0 |             0 |    101334
    18000 |     +0.0% |       0 |       0 |             0 |    100334
    19000 |     +0.0% |       0 |       0 |             0 |     99334
    20000 |     +0.0% |       0 |       0 |             0 |     98334
    21000 |     +0.0% |       0 |       0 |             0 |     97334
    22000 |     +0.0% |       0 |       0 |             0 |     96334
    23000 |     +0.0% |       0 |       0 |             0 |     95334
    24000 |     +0.0% |       0 |       0 |             0 |     94334
    25000 |     +0.0% |       0 |       0 |             0 |     93334
    26000 |     +0.0% |       0 |       0 |             0 |     92334
    27000 |     +0.0% |       0 |       0 |             0 |     91334
    28000 |     +0.0% |       0 |       0 |             0 |     90334
    29000 |     +0.0% |       0 |       0 |             0 |     89334
    30000 |     +0.0% |       0 |       0 |             0 |     88334
    31000 |     +0.0% |       0 |       0 |             0 |     87334
    32000 |     +0.0% |       0 |       0 |             0 |     86334
    33000 |     +0.0% |       0 |       0 |             0 |     85334
    34000 |     +0.0% |       0 |       0 |             0 |     84334
    35000 |     +0.0% |       0 |       0 |             0 |     83334
    36000 |     +0.0% |       0 |       0 |             0 |     82334
    37000 |     +0.0% |       0 |       0 |             0 |     81334
    38000 |     +0.0% |       0 |       0 |             0 |     80334
    39000 |     +0.0% |       0 |       0 |             0 |     79334
    40000 |     +0.0% |       0 |       0 |             0 |     78334
    41000 |     +0.0% |       0 |       0 |             0 |     77334
    42000 |     +0.0% |       0 |       0 |             0 |     76334
    43000 |     +0.0% |       0 |       0 |             0 |     75334
[WARNING RSZ-0104] Net _104077_ only has one pin. Check if it is intended to be dangling.
[WARNING RSZ-0104] Net _104074_ only has one pin. Check if it is intended to be dangling.
[WARNING RSZ-0104] Net _104009_ only has one pin. Check if it is intended to be dangling.
[WARNING RSZ-0104] Net _103994_ only has one pin. Check if it is intended to be dangling.
[WARNING RSZ-0104] Net _103991_ only has one pin. Check if it is intended to be dangling.
[WARNING RSZ-0104] Net _103975_ only has one pin. Check if it is intended to be dangling.
[WARNING RSZ-0104] Net _103972_ only has one pin. Check if it is intended to be dangling.
[WARNING RSZ-0104] Net _103951_ only has one pin. Check if it is intended to be dangling.
[WARNING RSZ-0104] Net _103948_ only has one pin. Check if it is intended to be dangling.
[WARNING RSZ-0104] Net _103945_ only has one pin. Check if it is intended to be dangling.
[WARNING RSZ-0104] Net _103939_ only has one pin. Check if it is intended to be dangling.
[WARNING RSZ-0104] Net _103936_ only has one pin. Check if it is intended to be dangling.
[WARNING RSZ-0104] Net _103876_ only has one pin. Check if it is intended to be dangling.
[WARNING RSZ-0104] Net _103871_ only has one pin. Check if it is intended to be dangling.
    44000 |     +0.0% |       0 |       0 |             0 |     74334
    45000 |     +0.0% |       0 |       0 |             0 |     73334
    46000 |     +0.0% |       0 |       0 |             0 |     72334
[WARNING RSZ-0104] Net _104128_ only has one pin. Check if it is intended to be dangling.
[WARNING RSZ-0104] Net _104125_ only has one pin. Check if it is intended to be dangling.
[WARNING RSZ-0104] Net _104122_ only has one pin. Check if it is intended to be dangling.
[WARNING RSZ-0104] Net _104119_ only has one pin. Check if it is intended to be dangling.
[WARNING RSZ-0104] Net _104116_ only has one pin. Check if it is intended to be dangling.
[WARNING RSZ-0104] Net _104113_ only has one pin. Check if it is intended to be dangling.
[WARNING RSZ-0104] Net _104110_ only has one pin. Check if it is intended to be dangling.
[WARNING RSZ-0104] Net _104107_ only has one pin. Check if it is intended to be dangling.
[WARNING RSZ-0104] Net _104104_ only has one pin. Check if it is intended to be dangling.
[WARNING RSZ-0104] Net _104101_ only has one pin. Check if it is intended to be dangling.
[WARNING RSZ-0104] Net _104098_ only has one pin. Check if it is intended to be dangling.
[WARNING RSZ-0104] Net _104095_ only has one pin. Check if it is intended to be dangling.
[WARNING RSZ-0104] Net _104092_ only has one pin. Check if it is intended to be dangling.
[WARNING RSZ-0104] Net _104089_ only has one pin. Check if it is intended to be dangling.
[WARNING RSZ-0104] Net _104086_ only has one pin. Check if it is intended to be dangling.
[WARNING RSZ-0104] Net _104083_ only has one pin. Check if it is intended to be dangling.
[WARNING RSZ-0104] Net _104080_ only has one pin. Check if it is intended to be dangling.
[WARNING RSZ-0104] Net _104076_ only has one pin. Check if it is intended to be dangling.
[WARNING RSZ-0104] Net _104073_ only has one pin. Check if it is intended to be dangling.
[WARNING RSZ-0104] Net _104071_ only has one pin. Check if it is intended to be dangling.
[WARNING RSZ-0104] Net _104062_ only has one pin. Check if it is intended to be dangling.
[WARNING RSZ-0104] Net _104059_ only has one pin. Check if it is intended to be dangling.
[WARNING RSZ-0104] Net _104025_ only has one pin. Check if it is intended to be dangling.
[WARNING RSZ-0104] Net _104022_ only has one pin. Check if it is intended to be dangling.
[WARNING RSZ-0104] Net _104019_ only has one pin. Check if it is intended to be dangling.
[WARNING RSZ-0104] Net _104017_ only has one pin. Check if it is intended to be dangling.
[WARNING RSZ-0104] Net _104016_ only has one pin. Check if it is intended to be dangling.
[WARNING RSZ-0104] Net _104012_ only has one pin. Check if it is intended to be dangling.
[WARNING RSZ-0104] Net _104008_ only has one pin. Check if it is intended to be dangling.
[WARNING RSZ-0104] Net _103993_ only has one pin. Check if it is intended to be dangling.
[WARNING RSZ-0104] Net _103990_ only has one pin. Check if it is intended to be dangling.
[WARNING RSZ-0104] Net _103987_ only has one pin. Check if it is intended to be dangling.
[WARNING RSZ-0104] Net _103984_ only has one pin. Check if it is intended to be dangling.
[WARNING RSZ-0104] Net _103981_ only has one pin. Check if it is intended to be dangling.
[WARNING RSZ-0104] Net _103978_ only has one pin. Check if it is intended to be dangling.
[WARNING RSZ-0104] Net _103974_ only has one pin. Check if it is intended to be dangling.
[WARNING RSZ-0104] Net _103971_ only has one pin. Check if it is intended to be dangling.
[WARNING RSZ-0104] Net _103957_ only has one pin. Check if it is intended to be dangling.
[WARNING RSZ-0104] Net _103954_ only has one pin. Check if it is intended to be dangling.
[WARNING RSZ-0104] Net _103950_ only has one pin. Check if it is intended to be dangling.
[WARNING RSZ-0104] Net _103947_ only has one pin. Check if it is intended to be dangling.
[WARNING RSZ-0104] Net _103944_ only has one pin. Check if it is intended to be dangling.
[WARNING RSZ-0104] Net _103942_ only has one pin. Check if it is intended to be dangling.
[WARNING RSZ-0104] Net _103938_ only has one pin. Check if it is intended to be dangling.
[WARNING RSZ-0104] Net _103935_ only has one pin. Check if it is intended to be dangling.
[WARNING RSZ-0104] Net _103933_ only has one pin. Check if it is intended to be dangling.
[WARNING RSZ-0104] Net _103927_ only has one pin. Check if it is intended to be dangling.
[WARNING RSZ-0104] Net _103924_ only has one pin. Check if it is intended to be dangling.
[WARNING RSZ-0104] Net _103909_ only has one pin. Check if it is intended to be dangling.
[WARNING RSZ-0104] Net _103901_ only has one pin. Check if it is intended to be dangling.
[WARNING RSZ-0104] Net _103892_ only has one pin. Check if it is intended to be dangling.
[WARNING RSZ-0104] Net _103889_ only has one pin. Check if it is intended to be dangling.
[WARNING RSZ-0104] Net _103875_ only has one pin. Check if it is intended to be dangling.
[WARNING RSZ-0104] Net _103870_ only has one pin. Check if it is intended to be dangling.
[WARNING RSZ-0104] Net _103771_ only has one pin. Check if it is intended to be dangling.
[WARNING RSZ-0104] Net _103764_ only has one pin. Check if it is intended to be dangling.
    47000 |     +0.0% |       0 |       0 |             0 |     71334
    48000 |     +0.0% |       0 |       0 |             0 |     70334
[WARNING RSZ-0104] Net _104155_ only has one pin. Check if it is intended to be dangling.
[WARNING RSZ-0104] Net _104127_ only has one pin. Check if it is intended to be dangling.
[WARNING RSZ-0104] Net _104126_ only has one pin. Check if it is intended to be dangling.
[WARNING RSZ-0104] Net _104124_ only has one pin. Check if it is intended to be dangling.
[WARNING RSZ-0104] Net _104121_ only has one pin. Check if it is intended to be dangling.
[WARNING RSZ-0104] Net _104120_ only has one pin. Check if it is intended to be dangling.
[WARNING RSZ-0104] Net _104118_ only has one pin. Check if it is intended to be dangling.
[WARNING RSZ-0104] Net _104115_ only has one pin. Check if it is intended to be dangling.
[WARNING RSZ-0104] Net _104114_ only has one pin. Check if it is intended to be dangling.
[WARNING RSZ-0104] Net _104112_ only has one pin. Check if it is intended to be dangling.
[WARNING RSZ-0104] Net _104109_ only has one pin. Check if it is intended to be dangling.
[WARNING RSZ-0104] Net _104106_ only has one pin. Check if it is intended to be dangling.
[WARNING RSZ-0104] Net _104103_ only has one pin. Check if it is intended to be dangling.
[WARNING RSZ-0104] Net _104100_ only has one pin. Check if it is intended to be dangling.
[WARNING RSZ-0104] Net _104097_ only has one pin. Check if it is intended to be dangling.
[WARNING RSZ-0104] Net _104094_ only has one pin. Check if it is intended to be dangling.
[WARNING RSZ-0104] Net _104091_ only has one pin. Check if it is intended to be dangling.
[WARNING RSZ-0104] Net _104090_ only has one pin. Check if it is intended to be dangling.
[WARNING RSZ-0104] Net _104088_ only has one pin. Check if it is intended to be dangling.
[WARNING RSZ-0104] Net _104085_ only has one pin. Check if it is intended to be dangling.
[WARNING RSZ-0104] Net _104084_ only has one pin. Check if it is intended to be dangling.
[WARNING RSZ-0104] Net _104082_ only has one pin. Check if it is intended to be dangling.
[WARNING RSZ-0104] Net _104079_ only has one pin. Check if it is intended to be dangling.
[WARNING RSZ-0104] Net _104078_ only has one pin. Check if it is intended to be dangling.
[WARNING RSZ-0104] Net _104072_ only has one pin. Check if it is intended to be dangling.
[WARNING RSZ-0104] Net _104070_ only has one pin. Check if it is intended to be dangling.
[WARNING RSZ-0104] Net _104068_ only has one pin. Check if it is intended to be dangling.
[WARNING RSZ-0104] Net _104066_ only has one pin. Check if it is intended to be dangling.
[WARNING RSZ-0104] Net _104061_ only has one pin. Check if it is intended to be dangling.
[WARNING RSZ-0104] Net _104060_ only has one pin. Check if it is intended to be dangling.
[WARNING RSZ-0104] Net _104058_ only has one pin. Check if it is intended to be dangling.
[WARNING RSZ-0104] Net _104024_ only has one pin. Check if it is intended to be dangling.
[WARNING RSZ-0104] Net _104023_ only has one pin. Check if it is intended to be dangling.
[WARNING RSZ-0104] Net _104021_ only has one pin. Check if it is intended to be dangling.
[WARNING RSZ-0104] Net _104018_ only has one pin. Check if it is intended to be dangling.
[WARNING RSZ-0104] Net _104015_ only has one pin. Check if it is intended to be dangling.
[WARNING RSZ-0104] Net _104011_ only has one pin. Check if it is intended to be dangling.
[WARNING RSZ-0104] Net _104010_ only has one pin. Check if it is intended to be dangling.
[WARNING RSZ-0104] Net _103986_ only has one pin. Check if it is intended to be dangling.
[WARNING RSZ-0104] Net _103985_ only has one pin. Check if it is intended to be dangling.
[WARNING RSZ-0104] Net _103983_ only has one pin. Check if it is intended to be dangling.
[WARNING RSZ-0104] Net _103980_ only has one pin. Check if it is intended to be dangling.
[WARNING RSZ-0104] Net _103977_ only has one pin. Check if it is intended to be dangling.
[WARNING RSZ-0104] Net _103973_ only has one pin. Check if it is intended to be dangling.
[WARNING RSZ-0104] Net _103969_ only has one pin. Check if it is intended to be dangling.
[WARNING RSZ-0104] Net _103967_ only has one pin. Check if it is intended to be dangling.
[WARNING RSZ-0104] Net _103963_ only has one pin. Check if it is intended to be dangling.
[WARNING RSZ-0104] Net _103961_ only has one pin. Check if it is intended to be dangling.
[WARNING RSZ-0104] Net _103956_ only has one pin. Check if it is intended to be dangling.
[WARNING RSZ-0104] Net _103955_ only has one pin. Check if it is intended to be dangling.
[WARNING RSZ-0104] Net _103953_ only has one pin. Check if it is intended to be dangling.
[WARNING RSZ-0104] Net _103949_ only has one pin. Check if it is intended to be dangling.
[WARNING RSZ-0104] Net _103941_ only has one pin. Check if it is intended to be dangling.
[WARNING RSZ-0104] Net _103932_ only has one pin. Check if it is intended to be dangling.
[WARNING RSZ-0104] Net _103931_ only has one pin. Check if it is intended to be dangling.
[WARNING RSZ-0104] Net _103930_ only has one pin. Check if it is intended to be dangling.
[WARNING RSZ-0104] Net _103926_ only has one pin. Check if it is intended to be dangling.
[WARNING RSZ-0104] Net _103925_ only has one pin. Check if it is intended to be dangling.
[WARNING RSZ-0104] Net _103923_ only has one pin. Check if it is intended to be dangling.
[WARNING RSZ-0104] Net _103908_ only has one pin. Check if it is intended to be dangling.
[WARNING RSZ-0104] Net _103906_ only has one pin. Check if it is intended to be dangling.
[WARNING RSZ-0104] Net _103900_ only has one pin. Check if it is intended to be dangling.
[WARNING RSZ-0104] Net _103898_ only has one pin. Check if it is intended to be dangling.
[WARNING RSZ-0104] Net _103891_ only has one pin. Check if it is intended to be dangling.
[WARNING RSZ-0104] Net _103888_ only has one pin. Check if it is intended to be dangling.
[WARNING RSZ-0104] Net _103770_ only has one pin. Check if it is intended to be dangling.
[WARNING RSZ-0104] Net _103763_ only has one pin. Check if it is intended to be dangling.
    49000 |     +0.0% |       0 |       0 |             0 |     69334
    50000 |     +0.0% |       0 |       0 |             0 |     68334
    51000 |     +0.0% |       0 |       0 |             0 |     67334
[WARNING RSZ-0104] Net _104123_ only has one pin. Check if it is intended to be dangling.
[WARNING RSZ-0104] Net _104096_ only has one pin. Check if it is intended to be dangling.
[WARNING RSZ-0104] Net _104067_ only has one pin. Check if it is intended to be dangling.
[WARNING RSZ-0104] Net _104065_ only has one pin. Check if it is intended to be dangling.
[WARNING RSZ-0104] Net _103992_ only has one pin. Check if it is intended to be dangling.
[WARNING RSZ-0104] Net _103968_ only has one pin. Check if it is intended to be dangling.
[WARNING RSZ-0104] Net _103966_ only has one pin. Check if it is intended to be dangling.
[WARNING RSZ-0104] Net _103962_ only has one pin. Check if it is intended to be dangling.
[WARNING RSZ-0104] Net _103960_ only has one pin. Check if it is intended to be dangling.
[WARNING RSZ-0104] Net _103937_ only has one pin. Check if it is intended to be dangling.
[WARNING RSZ-0104] Net _103929_ only has one pin. Check if it is intended to be dangling.
[WARNING RSZ-0104] Net _103907_ only has one pin. Check if it is intended to be dangling.
[WARNING RSZ-0104] Net _103905_ only has one pin. Check if it is intended to be dangling.
[WARNING RSZ-0104] Net _103899_ only has one pin. Check if it is intended to be dangling.
[WARNING RSZ-0104] Net _103897_ only has one pin. Check if it is intended to be dangling.
[WARNING RSZ-0104] Net _103872_ only has one pin. Check if it is intended to be dangling.
[WARNING RSZ-0104] Net _103765_ only has one pin. Check if it is intended to be dangling.
    52000 |     +0.0% |       0 |       0 |             0 |     66334
    53000 |     +0.0% |       0 |       0 |             0 |     65334
    54000 |     +0.0% |       0 |       0 |             0 |     64334
[WARNING RSZ-0104] Net _104117_ only has one pin. Check if it is intended to be dangling.
[WARNING RSZ-0104] Net _104111_ only has one pin. Check if it is intended to be dangling.
[WARNING RSZ-0104] Net _104108_ only has one pin. Check if it is intended to be dangling.
[WARNING RSZ-0104] Net _104102_ only has one pin. Check if it is intended to be dangling.
[WARNING RSZ-0104] Net _104069_ only has one pin. Check if it is intended to be dangling.
[WARNING RSZ-0104] Net _104064_ only has one pin. Check if it is intended to be dangling.
[WARNING RSZ-0104] Net _104063_ only has one pin. Check if it is intended to be dangling.
[WARNING RSZ-0104] Net _104057_ only has one pin. Check if it is intended to be dangling.
[WARNING RSZ-0104] Net _104020_ only has one pin. Check if it is intended to be dangling.
[WARNING RSZ-0104] Net _103982_ only has one pin. Check if it is intended to be dangling.
[WARNING RSZ-0104] Net _103979_ only has one pin. Check if it is intended to be dangling.
[WARNING RSZ-0104] Net _103965_ only has one pin. Check if it is intended to be dangling.
[WARNING RSZ-0104] Net _103964_ only has one pin. Check if it is intended to be dangling.
[WARNING RSZ-0104] Net _103959_ only has one pin. Check if it is intended to be dangling.
[WARNING RSZ-0104] Net _103958_ only has one pin. Check if it is intended to be dangling.
[WARNING RSZ-0104] Net _103946_ only has one pin. Check if it is intended to be dangling.
[WARNING RSZ-0104] Net _103943_ only has one pin. Check if it is intended to be dangling.
[WARNING RSZ-0104] Net _103934_ only has one pin. Check if it is intended to be dangling.
[WARNING RSZ-0104] Net _103890_ only has one pin. Check if it is intended to be dangling.
[WARNING RSZ-0104] Net _103873_ only has one pin. Check if it is intended to be dangling.
[WARNING RSZ-0104] Net _103868_ only has one pin. Check if it is intended to be dangling.
[WARNING RSZ-0104] Net _103769_ only has one pin. Check if it is intended to be dangling.
[WARNING RSZ-0104] Net _103762_ only has one pin. Check if it is intended to be dangling.
    55000 |     +0.0% |       0 |       0 |             0 |     63334
    56000 |     +0.0% |       0 |       0 |             0 |     62334
    57000 |     +0.0% |       0 |       0 |             0 |     61334
[WARNING RSZ-0104] Net _104093_ only has one pin. Check if it is intended to be dangling.
[WARNING RSZ-0104] Net _104075_ only has one pin. Check if it is intended to be dangling.
[WARNING RSZ-0104] Net _104014_ only has one pin. Check if it is intended to be dangling.
[WARNING RSZ-0104] Net _104007_ only has one pin. Check if it is intended to be dangling.
[WARNING RSZ-0104] Net _103970_ only has one pin. Check if it is intended to be dangling.
[WARNING RSZ-0104] Net _103952_ only has one pin. Check if it is intended to be dangling.
[WARNING RSZ-0104] Net _103922_ only has one pin. Check if it is intended to be dangling.
[WARNING RSZ-0104] Net _103867_ only has one pin. Check if it is intended to be dangling.
[WARNING RSZ-0104] Net _103768_ only has one pin. Check if it is intended to be dangling.
[WARNING RSZ-0104] Net _103767_ only has one pin. Check if it is intended to be dangling.
[WARNING RSZ-0104] Net _103766_ only has one pin. Check if it is intended to be dangling.
[WARNING RSZ-0104] Net _103687_ only has one pin. Check if it is intended to be dangling.
    58000 |     +0.0% |       0 |       0 |             0 |     60334
[WARNING RSZ-0104] Net _103882_ only has one pin. Check if it is intended to be dangling.
[WARNING RSZ-0104] Net _103879_ only has one pin. Check if it is intended to be dangling.
    59000 |     +0.0% |       0 |       0 |             0 |     59334
    60000 |     +0.0% |       0 |       0 |             0 |     58334
    61000 |     +0.0% |       0 |       0 |             0 |     57334
    62000 |     +0.0% |       0 |       0 |             0 |     56334
[WARNING RSZ-0104] Net _104132_ only has one pin. Check if it is intended to be dangling.
[WARNING RSZ-0104] Net _104105_ only has one pin. Check if it is intended to be dangling.
[WARNING RSZ-0104] Net _104099_ only has one pin. Check if it is intended to be dangling.
[WARNING RSZ-0104] Net _104087_ only has one pin. Check if it is intended to be dangling.
[WARNING RSZ-0104] Net _104081_ only has one pin. Check if it is intended to be dangling.
[WARNING RSZ-0104] Net _104039_ only has one pin. Check if it is intended to be dangling.
[WARNING RSZ-0104] Net _104037_ only has one pin. Check if it is intended to be dangling.
[WARNING RSZ-0104] Net _104036_ only has one pin. Check if it is intended to be dangling.
[WARNING RSZ-0104] Net _103989_ only has one pin. Check if it is intended to be dangling.
[WARNING RSZ-0104] Net _103976_ only has one pin. Check if it is intended to be dangling.
[WARNING RSZ-0104] Net _103940_ only has one pin. Check if it is intended to be dangling.
[WARNING RSZ-0104] Net _103928_ only has one pin. Check if it is intended to be dangling.
[WARNING RSZ-0104] Net _103904_ only has one pin. Check if it is intended to be dangling.
[WARNING RSZ-0104] Net _103896_ only has one pin. Check if it is intended to be dangling.
[WARNING RSZ-0104] Net _103887_ only has one pin. Check if it is intended to be dangling.
[WARNING RSZ-0104] Net _103760_ only has one pin. Check if it is intended to be dangling.
[WARNING RSZ-0104] Net _103758_ only has one pin. Check if it is intended to be dangling.
[WARNING RSZ-0104] Net _103698_ only has one pin. Check if it is intended to be dangling.
[WARNING RSZ-0104] Net _103688_ only has one pin. Check if it is intended to be dangling.
[WARNING RSZ-0104] Net _103881_ only has one pin. Check if it is intended to be dangling.
[WARNING RSZ-0104] Net _103880_ only has one pin. Check if it is intended to be dangling.
    63000 |     +0.0% |       0 |       0 |             0 |     55334
    64000 |     +0.0% |       0 |       0 |             0 |     54334
    65000 |     +0.0% |       0 |       0 |             0 |     53334
    66000 |     +0.0% |       0 |       0 |             0 |     52334
[WARNING RSZ-0104] Net _104038_ only has one pin. Check if it is intended to be dangling.
[WARNING RSZ-0104] Net _103877_ only has one pin. Check if it is intended to be dangling.
[WARNING RSZ-0104] Net _103777_ only has one pin. Check if it is intended to be dangling.
[WARNING RSZ-0104] Net _103775_ only has one pin. Check if it is intended to be dangling.
[WARNING RSZ-0104] Net _103761_ only has one pin. Check if it is intended to be dangling.
[WARNING RSZ-0104] Net _103759_ only has one pin. Check if it is intended to be dangling.
[WARNING RSZ-0104] Net _103699_ only has one pin. Check if it is intended to be dangling.
[WARNING RSZ-0104] Net _103697_ only has one pin. Check if it is intended to be dangling.
[WARNING RSZ-0104] Net _103694_ only has one pin. Check if it is intended to be dangling.
[WARNING RSZ-0104] Net _103691_ only has one pin. Check if it is intended to be dangling.
[WARNING RSZ-0104] Net _103686_ only has one pin. Check if it is intended to be dangling.
[WARNING RSZ-0104] Net _103685_ only has one pin. Check if it is intended to be dangling.
    67000 |     +0.0% |       0 |       0 |             0 |     51334
    68000 |     +0.0% |       0 |       0 |             0 |     50334
    69000 |     +0.0% |       0 |       0 |             0 |     49334
    70000 |     +0.0% |       0 |       0 |             0 |     48334
    71000 |     +0.0% |       0 |       0 |             0 |     47334
[WARNING RSZ-0104] Net _104027_ only has one pin. Check if it is intended to be dangling.
[WARNING RSZ-0104] Net _104026_ only has one pin. Check if it is intended to be dangling.
[WARNING RSZ-0104] Net _104004_ only has one pin. Check if it is intended to be dangling.
[WARNING RSZ-0104] Net _104003_ only has one pin. Check if it is intended to be dangling.
[WARNING RSZ-0104] Net _103999_ only has one pin. Check if it is intended to be dangling.
[WARNING RSZ-0104] Net _103998_ only has one pin. Check if it is intended to be dangling.
[WARNING RSZ-0104] Net _103903_ only has one pin. Check if it is intended to be dangling.
[WARNING RSZ-0104] Net _103902_ only has one pin. Check if it is intended to be dangling.
[WARNING RSZ-0104] Net _103878_ only has one pin. Check if it is intended to be dangling.
[WARNING RSZ-0104] Net _103847_ only has one pin. Check if it is intended to be dangling.
[WARNING RSZ-0104] Net _103846_ only has one pin. Check if it is intended to be dangling.
[WARNING RSZ-0104] Net _103845_ only has one pin. Check if it is intended to be dangling.
[WARNING RSZ-0104] Net _103844_ only has one pin. Check if it is intended to be dangling.
[WARNING RSZ-0104] Net _103843_ only has one pin. Check if it is intended to be dangling.
[WARNING RSZ-0104] Net _103842_ only has one pin. Check if it is intended to be dangling.
[WARNING RSZ-0104] Net _103841_ only has one pin. Check if it is intended to be dangling.
[WARNING RSZ-0104] Net _103840_ only has one pin. Check if it is intended to be dangling.
[WARNING RSZ-0104] Net _103839_ only has one pin. Check if it is intended to be dangling.
[WARNING RSZ-0104] Net _103838_ only has one pin. Check if it is intended to be dangling.
[WARNING RSZ-0104] Net _103837_ only has one pin. Check if it is intended to be dangling.
[WARNING RSZ-0104] Net _103836_ only has one pin. Check if it is intended to be dangling.
[WARNING RSZ-0104] Net _103835_ only has one pin. Check if it is intended to be dangling.
[WARNING RSZ-0104] Net _103834_ only has one pin. Check if it is intended to be dangling.
[WARNING RSZ-0104] Net _103833_ only has one pin. Check if it is intended to be dangling.
[WARNING RSZ-0104] Net _103832_ only has one pin. Check if it is intended to be dangling.
[WARNING RSZ-0104] Net _103831_ only has one pin. Check if it is intended to be dangling.
[WARNING RSZ-0104] Net _103830_ only has one pin. Check if it is intended to be dangling.
[WARNING RSZ-0104] Net _103829_ only has one pin. Check if it is intended to be dangling.
[WARNING RSZ-0104] Net _103828_ only has one pin. Check if it is intended to be dangling.
[WARNING RSZ-0104] Net _103827_ only has one pin. Check if it is intended to be dangling.
[WARNING RSZ-0104] Net _103826_ only has one pin. Check if it is intended to be dangling.
[WARNING RSZ-0104] Net _103825_ only has one pin. Check if it is intended to be dangling.
[WARNING RSZ-0104] Net _103824_ only has one pin. Check if it is intended to be dangling.
[WARNING RSZ-0104] Net _103823_ only has one pin. Check if it is intended to be dangling.
[WARNING RSZ-0104] Net _103822_ only has one pin. Check if it is intended to be dangling.
[WARNING RSZ-0104] Net _103795_ only has one pin. Check if it is intended to be dangling.
[WARNING RSZ-0104] Net _103794_ only has one pin. Check if it is intended to be dangling.
[WARNING RSZ-0104] Net _103787_ only has one pin. Check if it is intended to be dangling.
[WARNING RSZ-0104] Net _103786_ only has one pin. Check if it is intended to be dangling.
[WARNING RSZ-0104] Net _103785_ only has one pin. Check if it is intended to be dangling.
[WARNING RSZ-0104] Net _103783_ only has one pin. Check if it is intended to be dangling.
[WARNING RSZ-0104] Net _103782_ only has one pin. Check if it is intended to be dangling.
[WARNING RSZ-0104] Net _103781_ only has one pin. Check if it is intended to be dangling.
[WARNING RSZ-0104] Net _103780_ only has one pin. Check if it is intended to be dangling.
[WARNING RSZ-0104] Net _103779_ only has one pin. Check if it is intended to be dangling.
[WARNING RSZ-0104] Net _103778_ only has one pin. Check if it is intended to be dangling.
[WARNING RSZ-0104] Net _103776_ only has one pin. Check if it is intended to be dangling.
[WARNING RSZ-0104] Net _103774_ only has one pin. Check if it is intended to be dangling.
[WARNING RSZ-0104] Net _103700_ only has one pin. Check if it is intended to be dangling.
[WARNING RSZ-0104] Net _103696_ only has one pin. Check if it is intended to be dangling.
[WARNING RSZ-0104] Net _103693_ only has one pin. Check if it is intended to be dangling.
[WARNING RSZ-0104] Net _103692_ only has one pin. Check if it is intended to be dangling.
[WARNING RSZ-0104] Net _103690_ only has one pin. Check if it is intended to be dangling.
    72000 |     +0.0% |       0 |       0 |             0 |     46334
    73000 |     +0.0% |       0 |       0 |             0 |     45334
    74000 |     +0.0% |       0 |       0 |             0 |     44334
    75000 |     +0.0% |       0 |       0 |             0 |     43334
[WARNING RSZ-0104] Net _103895_ only has one pin. Check if it is intended to be dangling.
[WARNING RSZ-0104] Net _103797_ only has one pin. Check if it is intended to be dangling.
[WARNING RSZ-0104] Net _103796_ only has one pin. Check if it is intended to be dangling.
[WARNING RSZ-0104] Net _103791_ only has one pin. Check if it is intended to be dangling.
[WARNING RSZ-0104] Net _103790_ only has one pin. Check if it is intended to be dangling.
[WARNING RSZ-0104] Net _103789_ only has one pin. Check if it is intended to be dangling.
[WARNING RSZ-0104] Net _103788_ only has one pin. Check if it is intended to be dangling.
[WARNING RSZ-0104] Net _103784_ only has one pin. Check if it is intended to be dangling.
[WARNING RSZ-0104] Net _103695_ only has one pin. Check if it is intended to be dangling.
[WARNING RSZ-0104] Net _103689_ only has one pin. Check if it is intended to be dangling.
    76000 |     +0.0% |       0 |       0 |             0 |     42334
    77000 |     +0.0% |       0 |       0 |             0 |     41334
    78000 |     +0.0% |       0 |       0 |             0 |     40334
    79000 |     +0.0% |       0 |       0 |             0 |     39334
[WARNING RSZ-0104] Net _104135_ only has one pin. Check if it is intended to be dangling.
[WARNING RSZ-0104] Net _104133_ only has one pin. Check if it is intended to be dangling.
[WARNING RSZ-0104] Net _104002_ only has one pin. Check if it is intended to be dangling.
[WARNING RSZ-0104] Net _104000_ only has one pin. Check if it is intended to be dangling.
[WARNING RSZ-0104] Net _103894_ only has one pin. Check if it is intended to be dangling.
[WARNING RSZ-0104] Net _103801_ only has one pin. Check if it is intended to be dangling.
[WARNING RSZ-0104] Net _103800_ only has one pin. Check if it is intended to be dangling.
[WARNING RSZ-0104] Net _103799_ only has one pin. Check if it is intended to be dangling.
[WARNING RSZ-0104] Net _103798_ only has one pin. Check if it is intended to be dangling.
[WARNING RSZ-0104] Net _103793_ only has one pin. Check if it is intended to be dangling.
[WARNING RSZ-0104] Net _103792_ only has one pin. Check if it is intended to be dangling.
    80000 |     +0.0% |       0 |       0 |             0 |     38334
    81000 |     +0.0% |       0 |       0 |             0 |     37334
    82000 |     +0.0% |       0 |       0 |             0 |     36334
    83000 |     +0.0% |       0 |       0 |             0 |     35334
    84000 |     +0.0% |       0 |       0 |             0 |     34334
[WARNING RSZ-0104] Net _104134_ only has one pin. Check if it is intended to be dangling.
    85000 |     +0.0% |       0 |       0 |             0 |     33334
    86000 |     +0.0% |       0 |       0 |             0 |     32334
    87000 |     +0.0% |       0 |       0 |             0 |     31334
[WARNING RSZ-0104] Net _104140_ only has one pin. Check if it is intended to be dangling.
[WARNING RSZ-0104] Net _104001_ only has one pin. Check if it is intended to be dangling.
[WARNING RSZ-0104] Net _103701_ only has one pin. Check if it is intended to be dangling.
    88000 |     +0.0% |       0 |       0 |             0 |     30334
    89000 |     +0.0% |       0 |       0 |             0 |     29334
    90000 |     +0.0% |       0 |       0 |             0 |     28334
[WARNING RSZ-0104] Net _104154_ only has one pin. Check if it is intended to be dangling.
[WARNING RSZ-0104] Net _104153_ only has one pin. Check if it is intended to be dangling.
    91000 |     +0.0% |       0 |       0 |             0 |     27334
[WARNING RSZ-0104] Net _104152_ only has one pin. Check if it is intended to be dangling.
[WARNING RSZ-0104] Net _104151_ only has one pin. Check if it is intended to be dangling.
[WARNING RSZ-0104] Net _104150_ only has one pin. Check if it is intended to be dangling.
[WARNING RSZ-0104] Net _104149_ only has one pin. Check if it is intended to be dangling.
[WARNING RSZ-0104] Net _104148_ only has one pin. Check if it is intended to be dangling.
[WARNING RSZ-0104] Net _104147_ only has one pin. Check if it is intended to be dangling.
[WARNING RSZ-0104] Net _104146_ only has one pin. Check if it is intended to be dangling.
[WARNING RSZ-0104] Net _104145_ only has one pin. Check if it is intended to be dangling.
[WARNING RSZ-0104] Net _104144_ only has one pin. Check if it is intended to be dangling.
[WARNING RSZ-0104] Net _104143_ only has one pin. Check if it is intended to be dangling.
[WARNING RSZ-0104] Net _104142_ only has one pin. Check if it is intended to be dangling.
[WARNING RSZ-0104] Net _104141_ only has one pin. Check if it is intended to be dangling.
[WARNING RSZ-0104] Net _104139_ only has one pin. Check if it is intended to be dangling.
[WARNING RSZ-0104] Net _104138_ only has one pin. Check if it is intended to be dangling.
[WARNING RSZ-0104] Net _104137_ only has one pin. Check if it is intended to be dangling.
[WARNING RSZ-0104] Net _104130_ only has one pin. Check if it is intended to be dangling.
[WARNING RSZ-0104] Net _104056_ only has one pin. Check if it is intended to be dangling.
[WARNING RSZ-0104] Net _104055_ only has one pin. Check if it is intended to be dangling.
[WARNING RSZ-0104] Net _104054_ only has one pin. Check if it is intended to be dangling.
[WARNING RSZ-0104] Net _104053_ only has one pin. Check if it is intended to be dangling.
[WARNING RSZ-0104] Net _104052_ only has one pin. Check if it is intended to be dangling.
[WARNING RSZ-0104] Net _104051_ only has one pin. Check if it is intended to be dangling.
[WARNING RSZ-0104] Net _104048_ only has one pin. Check if it is intended to be dangling.
[WARNING RSZ-0104] Net _104047_ only has one pin. Check if it is intended to be dangling.
[WARNING RSZ-0104] Net _104046_ only has one pin. Check if it is intended to be dangling.
[WARNING RSZ-0104] Net _104044_ only has one pin. Check if it is intended to be dangling.
[WARNING RSZ-0104] Net _104043_ only has one pin. Check if it is intended to be dangling.
[WARNING RSZ-0104] Net _104042_ only has one pin. Check if it is intended to be dangling.
[WARNING RSZ-0104] Net _104041_ only has one pin. Check if it is intended to be dangling.
[WARNING RSZ-0104] Net _104035_ only has one pin. Check if it is intended to be dangling.
[WARNING RSZ-0104] Net _104034_ only has one pin. Check if it is intended to be dangling.
[WARNING RSZ-0104] Net _104033_ only has one pin. Check if it is intended to be dangling.
[WARNING RSZ-0104] Net _104031_ only has one pin. Check if it is intended to be dangling.
[WARNING RSZ-0104] Net _104030_ only has one pin. Check if it is intended to be dangling.
[WARNING RSZ-0104] Net _104029_ only has one pin. Check if it is intended to be dangling.
[WARNING RSZ-0104] Net _104013_ only has one pin. Check if it is intended to be dangling.
[WARNING RSZ-0104] Net _103997_ only has one pin. Check if it is intended to be dangling.
[WARNING RSZ-0104] Net _103996_ only has one pin. Check if it is intended to be dangling.
[WARNING RSZ-0104] Net _103995_ only has one pin. Check if it is intended to be dangling.
[WARNING RSZ-0104] Net _103988_ only has one pin. Check if it is intended to be dangling.
[WARNING RSZ-0104] Net _103921_ only has one pin. Check if it is intended to be dangling.
[WARNING RSZ-0104] Net _103920_ only has one pin. Check if it is intended to be dangling.
[WARNING RSZ-0104] Net _103919_ only has one pin. Check if it is intended to be dangling.
[WARNING RSZ-0104] Net _103917_ only has one pin. Check if it is intended to be dangling.
[WARNING RSZ-0104] Net _103911_ only has one pin. Check if it is intended to be dangling.
[WARNING RSZ-0104] Net _103910_ only has one pin. Check if it is intended to be dangling.
[WARNING RSZ-0104] Net _103886_ only has one pin. Check if it is intended to be dangling.
[WARNING RSZ-0104] Net _103885_ only has one pin. Check if it is intended to be dangling.
[WARNING RSZ-0104] Net _103884_ only has one pin. Check if it is intended to be dangling.
[WARNING RSZ-0104] Net _103852_ only has one pin. Check if it is intended to be dangling.
[WARNING RSZ-0104] Net _103851_ only has one pin. Check if it is intended to be dangling.
[WARNING RSZ-0104] Net _103850_ only has one pin. Check if it is intended to be dangling.
[WARNING RSZ-0104] Net _103849_ only has one pin. Check if it is intended to be dangling.
[WARNING RSZ-0104] Net _103773_ only has one pin. Check if it is intended to be dangling.
[WARNING RSZ-0104] Net _103772_ only has one pin. Check if it is intended to be dangling.
[WARNING RSZ-0104] Net _103712_ only has one pin. Check if it is intended to be dangling.
[WARNING RSZ-0104] Net _103711_ only has one pin. Check if it is intended to be dangling.
[WARNING RSZ-0104] Net _103710_ only has one pin. Check if it is intended to be dangling.
[WARNING RSZ-0104] Net _103709_ only has one pin. Check if it is intended to be dangling.
[WARNING RSZ-0104] Net _103708_ only has one pin. Check if it is intended to be dangling.
[WARNING RSZ-0104] Net _103707_ only has one pin. Check if it is intended to be dangling.
[WARNING RSZ-0104] Net _103706_ only has one pin. Check if it is intended to be dangling.
[WARNING RSZ-0104] Net _103705_ only has one pin. Check if it is intended to be dangling.
[WARNING RSZ-0104] Net _103704_ only has one pin. Check if it is intended to be dangling.
[WARNING RSZ-0104] Net _103703_ only has one pin. Check if it is intended to be dangling.
[WARNING RSZ-0104] Net _103702_ only has one pin. Check if it is intended to be dangling.
    92000 |     +0.0% |       0 |       0 |             0 |     26334
    93000 |     +0.0% |       0 |       0 |             0 |     25334
    94000 |     +0.0% |       0 |       0 |             0 |     24334
[WARNING RSZ-0104] Net _104050_ only has one pin. Check if it is intended to be dangling.
[WARNING RSZ-0104] Net _104049_ only has one pin. Check if it is intended to be dangling.
[WARNING RSZ-0104] Net _104045_ only has one pin. Check if it is intended to be dangling.
[WARNING RSZ-0104] Net _104040_ only has one pin. Check if it is intended to be dangling.
[WARNING RSZ-0104] Net _104032_ only has one pin. Check if it is intended to be dangling.
[WARNING RSZ-0104] Net _104028_ only has one pin. Check if it is intended to be dangling.
[WARNING RSZ-0104] Net _104006_ only has one pin. Check if it is intended to be dangling.
[WARNING RSZ-0104] Net _103918_ only has one pin. Check if it is intended to be dangling.
[WARNING RSZ-0104] Net _103893_ only has one pin. Check if it is intended to be dangling.
[WARNING RSZ-0104] Net _103883_ only has one pin. Check if it is intended to be dangling.
[WARNING RSZ-0104] Net _103848_ only has one pin. Check if it is intended to be dangling.
    95000 |     +0.0% |       0 |       0 |             0 |     23334
    96000 |     +0.0% |       0 |       0 |             0 |     22334
    97000 |     +0.0% |       0 |       0 |             0 |     21334
    98000 |     +0.0% |       0 |       0 |             0 |     20334
    99000 |     +0.0% |       0 |       0 |             0 |     19334
   100000 |     +0.0% |       0 |       0 |             0 |     18334
   101000 |     +0.0% |       0 |       0 |             0 |     17334
   102000 |     +0.0% |       0 |       0 |             0 |     16334
   103000 |     +0.0% |       0 |       0 |             0 |     15334
   104000 |     +0.0% |       0 |       0 |             0 |     14334
   105000 |     +0.0% |       0 |       0 |             0 |     13334
   106000 |     +0.0% |       0 |       0 |             0 |     12334
   107000 |     +0.0% |       0 |       0 |             0 |     11334
   108000 |     +0.0% |       0 |       0 |             0 |     10334
   109000 |     +0.0% |       0 |       0 |             0 |      9334
[WARNING RSZ-0104] Net gen_cache_hpd.i_cache_subsystem.i_cva6_icache.gen_sram\[1\].data_sram.gen_techno_cut.genblk1.rdata_user\[9\] only has one pin. Check if it is intended to be dangling.
[WARNING RSZ-0104] Net gen_cache_hpd.i_cache_subsystem.i_cva6_icache.gen_sram\[1\].data_sram.gen_techno_cut.genblk1.rdata_user\[99\] only has one pin. Check if it is intended to be dangling.
[WARNING RSZ-0104] Net gen_cache_hpd.i_cache_subsystem.i_cva6_icache.gen_sram\[1\].data_sram.gen_techno_cut.genblk1.rdata_user\[98\] only has one pin. Check if it is intended to be dangling.
[WARNING RSZ-0104] Net gen_cache_hpd.i_cache_subsystem.i_cva6_icache.gen_sram\[1\].data_sram.gen_techno_cut.genblk1.rdata_user\[97\] only has one pin. Check if it is intended to be dangling.
[WARNING RSZ-0104] Net gen_cache_hpd.i_cache_subsystem.i_cva6_icache.gen_sram\[1\].data_sram.gen_techno_cut.genblk1.rdata_user\[96\] only has one pin. Check if it is intended to be dangling.
[WARNING RSZ-0104] Net gen_cache_hpd.i_cache_subsystem.i_cva6_icache.gen_sram\[1\].data_sram.gen_techno_cut.genblk1.rdata_user\[95\] only has one pin. Check if it is intended to be dangling.
[WARNING RSZ-0104] Net gen_cache_hpd.i_cache_subsystem.i_cva6_icache.gen_sram\[1\].data_sram.gen_techno_cut.genblk1.rdata_user\[94\] only has one pin. Check if it is intended to be dangling.
[WARNING RSZ-0104] Net gen_cache_hpd.i_cache_subsystem.i_cva6_icache.gen_sram\[1\].data_sram.gen_techno_cut.genblk1.rdata_user\[93\] only has one pin. Check if it is intended to be dangling.
[WARNING RSZ-0104] Net gen_cache_hpd.i_cache_subsystem.i_cva6_icache.gen_sram\[1\].data_sram.gen_techno_cut.genblk1.rdata_user\[92\] only has one pin. Check if it is intended to be dangling.
[WARNING RSZ-0104] Net gen_cache_hpd.i_cache_subsystem.i_cva6_icache.gen_sram\[1\].data_sram.gen_techno_cut.genblk1.rdata_user\[91\] only has one pin. Check if it is intended to be dangling.
[WARNING RSZ-0104] Net gen_cache_hpd.i_cache_subsystem.i_cva6_icache.gen_sram\[1\].data_sram.gen_techno_cut.genblk1.rdata_user\[90\] only has one pin. Check if it is intended to be dangling.
[WARNING RSZ-0104] Net gen_cache_hpd.i_cache_subsystem.i_cva6_icache.gen_sram\[1\].data_sram.gen_techno_cut.genblk1.rdata_user\[8\] only has one pin. Check if it is intended to be dangling.
[WARNING RSZ-0104] Net gen_cache_hpd.i_cache_subsystem.i_cva6_icache.gen_sram\[1\].data_sram.gen_techno_cut.genblk1.rdata_user\[89\] only has one pin. Check if it is intended to be dangling.
[WARNING RSZ-0104] Net gen_cache_hpd.i_cache_subsystem.i_cva6_icache.gen_sram\[1\].data_sram.gen_techno_cut.genblk1.rdata_user\[88\] only has one pin. Check if it is intended to be dangling.
[WARNING RSZ-0104] Net gen_cache_hpd.i_cache_subsystem.i_cva6_icache.gen_sram\[1\].data_sram.gen_techno_cut.genblk1.rdata_user\[87\] only has one pin. Check if it is intended to be dangling.
[WARNING RSZ-0104] Net gen_cache_hpd.i_cache_subsystem.i_cva6_icache.gen_sram\[1\].data_sram.gen_techno_cut.genblk1.rdata_user\[86\] only has one pin. Check if it is intended to be dangling.
[WARNING RSZ-0104] Net gen_cache_hpd.i_cache_subsystem.i_cva6_icache.gen_sram\[1\].data_sram.gen_techno_cut.genblk1.rdata_user\[85\] only has one pin. Check if it is intended to be dangling.
[WARNING RSZ-0104] Net gen_cache_hpd.i_cache_subsystem.i_cva6_icache.gen_sram\[1\].data_sram.gen_techno_cut.genblk1.rdata_user\[84\] only has one pin. Check if it is intended to be dangling.
[WARNING RSZ-0104] Net gen_cache_hpd.i_cache_subsystem.i_cva6_icache.gen_sram\[1\].data_sram.gen_techno_cut.genblk1.rdata_user\[83\] only has one pin. Check if it is intended to be dangling.
[WARNING RSZ-0104] Net gen_cache_hpd.i_cache_subsystem.i_cva6_icache.gen_sram\[1\].data_sram.gen_techno_cut.genblk1.rdata_user\[82\] only has one pin. Check if it is intended to be dangling.
[WARNING RSZ-0104] Net gen_cache_hpd.i_cache_subsystem.i_cva6_icache.gen_sram\[1\].data_sram.gen_techno_cut.genblk1.rdata_user\[81\] only has one pin. Check if it is intended to be dangling.
[WARNING RSZ-0104] Net gen_cache_hpd.i_cache_subsystem.i_cva6_icache.gen_sram\[1\].data_sram.gen_techno_cut.genblk1.rdata_user\[80\] only has one pin. Check if it is intended to be dangling.
[WARNING RSZ-0104] Net gen_cache_hpd.i_cache_subsystem.i_cva6_icache.gen_sram\[1\].data_sram.gen_techno_cut.genblk1.rdata_user\[7\] only has one pin. Check if it is intended to be dangling.
[WARNING RSZ-0104] Net gen_cache_hpd.i_cache_subsystem.i_cva6_icache.gen_sram\[1\].data_sram.gen_techno_cut.genblk1.rdata_user\[79\] only has one pin. Check if it is intended to be dangling.
[WARNING RSZ-0104] Net gen_cache_hpd.i_cache_subsystem.i_cva6_icache.gen_sram\[1\].data_sram.gen_techno_cut.genblk1.rdata_user\[78\] only has one pin. Check if it is intended to be dangling.
[WARNING RSZ-0104] Net gen_cache_hpd.i_cache_subsystem.i_cva6_icache.gen_sram\[1\].data_sram.gen_techno_cut.genblk1.rdata_user\[77\] only has one pin. Check if it is intended to be dangling.
[WARNING RSZ-0104] Net gen_cache_hpd.i_cache_subsystem.i_cva6_icache.gen_sram\[1\].data_sram.gen_techno_cut.genblk1.rdata_user\[76\] only has one pin. Check if it is intended to be dangling.
[WARNING RSZ-0104] Net gen_cache_hpd.i_cache_subsystem.i_cva6_icache.gen_sram\[1\].data_sram.gen_techno_cut.genblk1.rdata_user\[75\] only has one pin. Check if it is intended to be dangling.
[WARNING RSZ-0104] Net gen_cache_hpd.i_cache_subsystem.i_cva6_icache.gen_sram\[1\].data_sram.gen_techno_cut.genblk1.rdata_user\[74\] only has one pin. Check if it is intended to be dangling.
[WARNING RSZ-0104] Net gen_cache_hpd.i_cache_subsystem.i_cva6_icache.gen_sram\[1\].data_sram.gen_techno_cut.genblk1.rdata_user\[73\] only has one pin. Check if it is intended to be dangling.
[WARNING RSZ-0104] Net gen_cache_hpd.i_cache_subsystem.i_cva6_icache.gen_sram\[1\].data_sram.gen_techno_cut.genblk1.rdata_user\[72\] only has one pin. Check if it is intended to be dangling.
[WARNING RSZ-0104] Net gen_cache_hpd.i_cache_subsystem.i_cva6_icache.gen_sram\[1\].data_sram.gen_techno_cut.genblk1.rdata_user\[71\] only has one pin. Check if it is intended to be dangling.
[WARNING RSZ-0104] Net gen_cache_hpd.i_cache_subsystem.i_cva6_icache.gen_sram\[1\].data_sram.gen_techno_cut.genblk1.rdata_user\[70\] only has one pin. Check if it is intended to be dangling.
[WARNING RSZ-0104] Net gen_cache_hpd.i_cache_subsystem.i_cva6_icache.gen_sram\[1\].data_sram.gen_techno_cut.genblk1.rdata_user\[6\] only has one pin. Check if it is intended to be dangling.
[WARNING RSZ-0104] Net gen_cache_hpd.i_cache_subsystem.i_cva6_icache.gen_sram\[1\].data_sram.gen_techno_cut.genblk1.rdata_user\[69\] only has one pin. Check if it is intended to be dangling.
[WARNING RSZ-0104] Net gen_cache_hpd.i_cache_subsystem.i_cva6_icache.gen_sram\[1\].data_sram.gen_techno_cut.genblk1.rdata_user\[68\] only has one pin. Check if it is intended to be dangling.
[WARNING RSZ-0104] Net gen_cache_hpd.i_cache_subsystem.i_cva6_icache.gen_sram\[1\].data_sram.gen_techno_cut.genblk1.rdata_user\[67\] only has one pin. Check if it is intended to be dangling.
[WARNING RSZ-0104] Net gen_cache_hpd.i_cache_subsystem.i_cva6_icache.gen_sram\[1\].data_sram.gen_techno_cut.genblk1.rdata_user\[66\] only has one pin. Check if it is intended to be dangling.
[WARNING RSZ-0104] Net gen_cache_hpd.i_cache_subsystem.i_cva6_icache.gen_sram\[1\].data_sram.gen_techno_cut.genblk1.rdata_user\[65\] only has one pin. Check if it is intended to be dangling.
[WARNING RSZ-0104] Net gen_cache_hpd.i_cache_subsystem.i_cva6_icache.gen_sram\[1\].data_sram.gen_techno_cut.genblk1.rdata_user\[64\] only has one pin. Check if it is intended to be dangling.
[WARNING RSZ-0104] Net gen_cache_hpd.i_cache_subsystem.i_cva6_icache.gen_sram\[1\].data_sram.gen_techno_cut.genblk1.rdata_user\[63\] only has one pin. Check if it is intended to be dangling.
[WARNING RSZ-0104] Net gen_cache_hpd.i_cache_subsystem.i_cva6_icache.gen_sram\[1\].data_sram.gen_techno_cut.genblk1.rdata_user\[62\] only has one pin. Check if it is intended to be dangling.
[WARNING RSZ-0104] Net gen_cache_hpd.i_cache_subsystem.i_cva6_icache.gen_sram\[1\].data_sram.gen_techno_cut.genblk1.rdata_user\[61\] only has one pin. Check if it is intended to be dangling.
[WARNING RSZ-0104] Net gen_cache_hpd.i_cache_subsystem.i_cva6_icache.gen_sram\[1\].data_sram.gen_techno_cut.genblk1.rdata_user\[60\] only has one pin. Check if it is intended to be dangling.
[WARNING RSZ-0104] Net gen_cache_hpd.i_cache_subsystem.i_cva6_icache.gen_sram\[1\].data_sram.gen_techno_cut.genblk1.rdata_user\[5\] only has one pin. Check if it is intended to be dangling.
[WARNING RSZ-0104] Net gen_cache_hpd.i_cache_subsystem.i_cva6_icache.gen_sram\[1\].data_sram.gen_techno_cut.genblk1.rdata_user\[59\] only has one pin. Check if it is intended to be dangling.
[WARNING RSZ-0104] Net gen_cache_hpd.i_cache_subsystem.i_cva6_icache.gen_sram\[1\].data_sram.gen_techno_cut.genblk1.rdata_user\[58\] only has one pin. Check if it is intended to be dangling.
[WARNING RSZ-0104] Net gen_cache_hpd.i_cache_subsystem.i_cva6_icache.gen_sram\[1\].data_sram.gen_techno_cut.genblk1.rdata_user\[57\] only has one pin. Check if it is intended to be dangling.
[WARNING RSZ-0104] Net gen_cache_hpd.i_cache_subsystem.i_cva6_icache.gen_sram\[1\].data_sram.gen_techno_cut.genblk1.rdata_user\[56\] only has one pin. Check if it is intended to be dangling.
[WARNING RSZ-0104] Net gen_cache_hpd.i_cache_subsystem.i_cva6_icache.gen_sram\[1\].data_sram.gen_techno_cut.genblk1.rdata_user\[55\] only has one pin. Check if it is intended to be dangling.
[WARNING RSZ-0104] Net gen_cache_hpd.i_cache_subsystem.i_cva6_icache.gen_sram\[1\].data_sram.gen_techno_cut.genblk1.rdata_user\[54\] only has one pin. Check if it is intended to be dangling.
[WARNING RSZ-0104] Net gen_cache_hpd.i_cache_subsystem.i_cva6_icache.gen_sram\[1\].data_sram.gen_techno_cut.genblk1.rdata_user\[53\] only has one pin. Check if it is intended to be dangling.
[WARNING RSZ-0104] Net gen_cache_hpd.i_cache_subsystem.i_cva6_icache.gen_sram\[1\].data_sram.gen_techno_cut.genblk1.rdata_user\[52\] only has one pin. Check if it is intended to be dangling.
[WARNING RSZ-0104] Net gen_cache_hpd.i_cache_subsystem.i_cva6_icache.gen_sram\[1\].data_sram.gen_techno_cut.genblk1.rdata_user\[51\] only has one pin. Check if it is intended to be dangling.
[WARNING RSZ-0104] Net gen_cache_hpd.i_cache_subsystem.i_cva6_icache.gen_sram\[1\].data_sram.gen_techno_cut.genblk1.rdata_user\[50\] only has one pin. Check if it is intended to be dangling.
[WARNING RSZ-0104] Net gen_cache_hpd.i_cache_subsystem.i_cva6_icache.gen_sram\[1\].data_sram.gen_techno_cut.genblk1.rdata_user\[4\] only has one pin. Check if it is intended to be dangling.
[WARNING RSZ-0104] Net gen_cache_hpd.i_cache_subsystem.i_cva6_icache.gen_sram\[1\].data_sram.gen_techno_cut.genblk1.rdata_user\[49\] only has one pin. Check if it is intended to be dangling.
[WARNING RSZ-0104] Net gen_cache_hpd.i_cache_subsystem.i_cva6_icache.gen_sram\[1\].data_sram.gen_techno_cut.genblk1.rdata_user\[48\] only has one pin. Check if it is intended to be dangling.
[WARNING RSZ-0104] Net gen_cache_hpd.i_cache_subsystem.i_cva6_icache.gen_sram\[1\].data_sram.gen_techno_cut.genblk1.rdata_user\[47\] only has one pin. Check if it is intended to be dangling.
[WARNING RSZ-0104] Net gen_cache_hpd.i_cache_subsystem.i_cva6_icache.gen_sram\[1\].data_sram.gen_techno_cut.genblk1.rdata_user\[46\] only has one pin. Check if it is intended to be dangling.
[WARNING RSZ-0104] Net gen_cache_hpd.i_cache_subsystem.i_cva6_icache.gen_sram\[1\].data_sram.gen_techno_cut.genblk1.rdata_user\[45\] only has one pin. Check if it is intended to be dangling.
[WARNING RSZ-0104] Net gen_cache_hpd.i_cache_subsystem.i_cva6_icache.gen_sram\[1\].data_sram.gen_techno_cut.genblk1.rdata_user\[44\] only has one pin. Check if it is intended to be dangling.
[WARNING RSZ-0104] Net gen_cache_hpd.i_cache_subsystem.i_cva6_icache.gen_sram\[1\].data_sram.gen_techno_cut.genblk1.rdata_user\[43\] only has one pin. Check if it is intended to be dangling.
[WARNING RSZ-0104] Net gen_cache_hpd.i_cache_subsystem.i_cva6_icache.gen_sram\[1\].data_sram.gen_techno_cut.genblk1.rdata_user\[42\] only has one pin. Check if it is intended to be dangling.
[WARNING RSZ-0104] Net gen_cache_hpd.i_cache_subsystem.i_cva6_icache.gen_sram\[1\].data_sram.gen_techno_cut.genblk1.rdata_user\[41\] only has one pin. Check if it is intended to be dangling.
[WARNING RSZ-0104] Net gen_cache_hpd.i_cache_subsystem.i_cva6_icache.gen_sram\[1\].data_sram.gen_techno_cut.genblk1.rdata_user\[40\] only has one pin. Check if it is intended to be dangling.
[WARNING RSZ-0104] Net gen_cache_hpd.i_cache_subsystem.i_cva6_icache.gen_sram\[1\].data_sram.gen_techno_cut.genblk1.rdata_user\[3\] only has one pin. Check if it is intended to be dangling.
[WARNING RSZ-0104] Net gen_cache_hpd.i_cache_subsystem.i_cva6_icache.gen_sram\[1\].data_sram.gen_techno_cut.genblk1.rdata_user\[39\] only has one pin. Check if it is intended to be dangling.
[WARNING RSZ-0104] Net gen_cache_hpd.i_cache_subsystem.i_cva6_icache.gen_sram\[1\].data_sram.gen_techno_cut.genblk1.rdata_user\[38\] only has one pin. Check if it is intended to be dangling.
[WARNING RSZ-0104] Net gen_cache_hpd.i_cache_subsystem.i_cva6_icache.gen_sram\[1\].data_sram.gen_techno_cut.genblk1.rdata_user\[37\] only has one pin. Check if it is intended to be dangling.
[WARNING RSZ-0104] Net gen_cache_hpd.i_cache_subsystem.i_cva6_icache.gen_sram\[1\].data_sram.gen_techno_cut.genblk1.rdata_user\[36\] only has one pin. Check if it is intended to be dangling.
[WARNING RSZ-0104] Net gen_cache_hpd.i_cache_subsystem.i_cva6_icache.gen_sram\[1\].data_sram.gen_techno_cut.genblk1.rdata_user\[35\] only has one pin. Check if it is intended to be dangling.
[WARNING RSZ-0104] Net gen_cache_hpd.i_cache_subsystem.i_cva6_icache.gen_sram\[1\].data_sram.gen_techno_cut.genblk1.rdata_user\[34\] only has one pin. Check if it is intended to be dangling.
[WARNING RSZ-0104] Net gen_cache_hpd.i_cache_subsystem.i_cva6_icache.gen_sram\[1\].data_sram.gen_techno_cut.genblk1.rdata_user\[33\] only has one pin. Check if it is intended to be dangling.
[WARNING RSZ-0104] Net gen_cache_hpd.i_cache_subsystem.i_cva6_icache.gen_sram\[1\].data_sram.gen_techno_cut.genblk1.rdata_user\[32\] only has one pin. Check if it is intended to be dangling.
[WARNING RSZ-0104] Net gen_cache_hpd.i_cache_subsystem.i_cva6_icache.gen_sram\[1\].data_sram.gen_techno_cut.genblk1.rdata_user\[31\] only has one pin. Check if it is intended to be dangling.
[WARNING RSZ-0104] Net gen_cache_hpd.i_cache_subsystem.i_cva6_icache.gen_sram\[1\].data_sram.gen_techno_cut.genblk1.rdata_user\[30\] only has one pin. Check if it is intended to be dangling.
[WARNING RSZ-0104] Net gen_cache_hpd.i_cache_subsystem.i_cva6_icache.gen_sram\[1\].data_sram.gen_techno_cut.genblk1.rdata_user\[2\] only has one pin. Check if it is intended to be dangling.
[WARNING RSZ-0104] Net gen_cache_hpd.i_cache_subsystem.i_cva6_icache.gen_sram\[1\].data_sram.gen_techno_cut.genblk1.rdata_user\[29\] only has one pin. Check if it is intended to be dangling.
[WARNING RSZ-0104] Net gen_cache_hpd.i_cache_subsystem.i_cva6_icache.gen_sram\[1\].data_sram.gen_techno_cut.genblk1.rdata_user\[28\] only has one pin. Check if it is intended to be dangling.
[WARNING RSZ-0104] Net gen_cache_hpd.i_cache_subsystem.i_cva6_icache.gen_sram\[1\].data_sram.gen_techno_cut.genblk1.rdata_user\[27\] only has one pin. Check if it is intended to be dangling.
[WARNING RSZ-0104] Net gen_cache_hpd.i_cache_subsystem.i_cva6_icache.gen_sram\[1\].data_sram.gen_techno_cut.genblk1.rdata_user\[26\] only has one pin. Check if it is intended to be dangling.
[WARNING RSZ-0104] Net gen_cache_hpd.i_cache_subsystem.i_cva6_icache.gen_sram\[1\].data_sram.gen_techno_cut.genblk1.rdata_user\[25\] only has one pin. Check if it is intended to be dangling.
[WARNING RSZ-0104] Net gen_cache_hpd.i_cache_subsystem.i_cva6_icache.gen_sram\[1\].data_sram.gen_techno_cut.genblk1.rdata_user\[24\] only has one pin. Check if it is intended to be dangling.
[WARNING RSZ-0104] Net gen_cache_hpd.i_cache_subsystem.i_cva6_icache.gen_sram\[1\].data_sram.gen_techno_cut.genblk1.rdata_user\[23\] only has one pin. Check if it is intended to be dangling.
[WARNING RSZ-0104] Net gen_cache_hpd.i_cache_subsystem.i_cva6_icache.gen_sram\[1\].data_sram.gen_techno_cut.genblk1.rdata_user\[22\] only has one pin. Check if it is intended to be dangling.
[WARNING RSZ-0104] Net gen_cache_hpd.i_cache_subsystem.i_cva6_icache.gen_sram\[1\].data_sram.gen_techno_cut.genblk1.rdata_user\[21\] only has one pin. Check if it is intended to be dangling.
[WARNING RSZ-0104] Net gen_cache_hpd.i_cache_subsystem.i_cva6_icache.gen_sram\[1\].data_sram.gen_techno_cut.genblk1.rdata_user\[20\] only has one pin. Check if it is intended to be dangling.
[WARNING RSZ-0104] Net gen_cache_hpd.i_cache_subsystem.i_cva6_icache.gen_sram\[1\].data_sram.gen_techno_cut.genblk1.rdata_user\[1\] only has one pin. Check if it is intended to be dangling.
[WARNING RSZ-0104] Net gen_cache_hpd.i_cache_subsystem.i_cva6_icache.gen_sram\[1\].data_sram.gen_techno_cut.genblk1.rdata_user\[19\] only has one pin. Check if it is intended to be dangling.
[WARNING RSZ-0104] Net gen_cache_hpd.i_cache_subsystem.i_cva6_icache.gen_sram\[1\].data_sram.gen_techno_cut.genblk1.rdata_user\[18\] only has one pin. Check if it is intended to be dangling.
[WARNING RSZ-0104] Net gen_cache_hpd.i_cache_subsystem.i_cva6_icache.gen_sram\[1\].data_sram.gen_techno_cut.genblk1.rdata_user\[17\] only has one pin. Check if it is intended to be dangling.
[WARNING RSZ-0104] Net gen_cache_hpd.i_cache_subsystem.i_cva6_icache.gen_sram\[1\].data_sram.gen_techno_cut.genblk1.rdata_user\[16\] only has one pin. Check if it is intended to be dangling.
[WARNING RSZ-0104] Net gen_cache_hpd.i_cache_subsystem.i_cva6_icache.gen_sram\[1\].data_sram.gen_techno_cut.genblk1.rdata_user\[15\] only has one pin. Check if it is intended to be dangling.
[WARNING RSZ-0104] Net gen_cache_hpd.i_cache_subsystem.i_cva6_icache.gen_sram\[1\].data_sram.gen_techno_cut.genblk1.rdata_user\[14\] only has one pin. Check if it is intended to be dangling.
   110000 |     +0.0% |       0 |       0 |             0 |      8334
[WARNING RSZ-0104] Net gen_cache_hpd.i_cache_subsystem.i_cva6_icache.gen_sram\[1\].data_sram.gen_techno_cut.genblk1.rdata_user\[13\] only has one pin. Check if it is intended to be dangling.
[WARNING RSZ-0104] Net gen_cache_hpd.i_cache_subsystem.i_cva6_icache.gen_sram\[1\].data_sram.gen_techno_cut.genblk1.rdata_user\[12\] only has one pin. Check if it is intended to be dangling.
[WARNING RSZ-0104] Net gen_cache_hpd.i_cache_subsystem.i_cva6_icache.gen_sram\[1\].data_sram.gen_techno_cut.genblk1.rdata_user\[127\] only has one pin. Check if it is intended to be dangling.
[WARNING RSZ-0104] Net gen_cache_hpd.i_cache_subsystem.i_cva6_icache.gen_sram\[1\].data_sram.gen_techno_cut.genblk1.rdata_user\[126\] only has one pin. Check if it is intended to be dangling.
[WARNING RSZ-0104] Net gen_cache_hpd.i_cache_subsystem.i_cva6_icache.gen_sram\[1\].data_sram.gen_techno_cut.genblk1.rdata_user\[125\] only has one pin. Check if it is intended to be dangling.
[WARNING RSZ-0104] Net gen_cache_hpd.i_cache_subsystem.i_cva6_icache.gen_sram\[1\].data_sram.gen_techno_cut.genblk1.rdata_user\[124\] only has one pin. Check if it is intended to be dangling.
[WARNING RSZ-0104] Net gen_cache_hpd.i_cache_subsystem.i_cva6_icache.gen_sram\[1\].data_sram.gen_techno_cut.genblk1.rdata_user\[123\] only has one pin. Check if it is intended to be dangling.
[WARNING RSZ-0104] Net gen_cache_hpd.i_cache_subsystem.i_cva6_icache.gen_sram\[1\].data_sram.gen_techno_cut.genblk1.rdata_user\[122\] only has one pin. Check if it is intended to be dangling.
[WARNING RSZ-0104] Net gen_cache_hpd.i_cache_subsystem.i_cva6_icache.gen_sram\[1\].data_sram.gen_techno_cut.genblk1.rdata_user\[121\] only has one pin. Check if it is intended to be dangling.
[WARNING RSZ-0104] Net gen_cache_hpd.i_cache_subsystem.i_cva6_icache.gen_sram\[1\].data_sram.gen_techno_cut.genblk1.rdata_user\[120\] only has one pin. Check if it is intended to be dangling.
[WARNING RSZ-0104] Net gen_cache_hpd.i_cache_subsystem.i_cva6_icache.gen_sram\[1\].data_sram.gen_techno_cut.genblk1.rdata_user\[11\] only has one pin. Check if it is intended to be dangling.
[WARNING RSZ-0104] Net gen_cache_hpd.i_cache_subsystem.i_cva6_icache.gen_sram\[1\].data_sram.gen_techno_cut.genblk1.rdata_user\[119\] only has one pin. Check if it is intended to be dangling.
[WARNING RSZ-0104] Net gen_cache_hpd.i_cache_subsystem.i_cva6_icache.gen_sram\[1\].data_sram.gen_techno_cut.genblk1.rdata_user\[118\] only has one pin. Check if it is intended to be dangling.
[WARNING RSZ-0104] Net gen_cache_hpd.i_cache_subsystem.i_cva6_icache.gen_sram\[1\].data_sram.gen_techno_cut.genblk1.rdata_user\[117\] only has one pin. Check if it is intended to be dangling.
[WARNING RSZ-0104] Net gen_cache_hpd.i_cache_subsystem.i_cva6_icache.gen_sram\[1\].data_sram.gen_techno_cut.genblk1.rdata_user\[116\] only has one pin. Check if it is intended to be dangling.
[WARNING RSZ-0104] Net gen_cache_hpd.i_cache_subsystem.i_cva6_icache.gen_sram\[1\].data_sram.gen_techno_cut.genblk1.rdata_user\[115\] only has one pin. Check if it is intended to be dangling.
[WARNING RSZ-0104] Net gen_cache_hpd.i_cache_subsystem.i_cva6_icache.gen_sram\[1\].data_sram.gen_techno_cut.genblk1.rdata_user\[114\] only has one pin. Check if it is intended to be dangling.
[WARNING RSZ-0104] Net gen_cache_hpd.i_cache_subsystem.i_cva6_icache.gen_sram\[1\].data_sram.gen_techno_cut.genblk1.rdata_user\[113\] only has one pin. Check if it is intended to be dangling.
[WARNING RSZ-0104] Net gen_cache_hpd.i_cache_subsystem.i_cva6_icache.gen_sram\[1\].data_sram.gen_techno_cut.genblk1.rdata_user\[112\] only has one pin. Check if it is intended to be dangling.
[WARNING RSZ-0104] Net gen_cache_hpd.i_cache_subsystem.i_cva6_icache.gen_sram\[1\].data_sram.gen_techno_cut.genblk1.rdata_user\[111\] only has one pin. Check if it is intended to be dangling.
[WARNING RSZ-0104] Net gen_cache_hpd.i_cache_subsystem.i_cva6_icache.gen_sram\[1\].data_sram.gen_techno_cut.genblk1.rdata_user\[110\] only has one pin. Check if it is intended to be dangling.
[WARNING RSZ-0104] Net gen_cache_hpd.i_cache_subsystem.i_cva6_icache.gen_sram\[1\].data_sram.gen_techno_cut.genblk1.rdata_user\[10\] only has one pin. Check if it is intended to be dangling.
[WARNING RSZ-0104] Net gen_cache_hpd.i_cache_subsystem.i_cva6_icache.gen_sram\[1\].data_sram.gen_techno_cut.genblk1.rdata_user\[109\] only has one pin. Check if it is intended to be dangling.
[WARNING RSZ-0104] Net gen_cache_hpd.i_cache_subsystem.i_cva6_icache.gen_sram\[1\].data_sram.gen_techno_cut.genblk1.rdata_user\[108\] only has one pin. Check if it is intended to be dangling.
[WARNING RSZ-0104] Net gen_cache_hpd.i_cache_subsystem.i_cva6_icache.gen_sram\[1\].data_sram.gen_techno_cut.genblk1.rdata_user\[107\] only has one pin. Check if it is intended to be dangling.
[WARNING RSZ-0104] Net gen_cache_hpd.i_cache_subsystem.i_cva6_icache.gen_sram\[1\].data_sram.gen_techno_cut.genblk1.rdata_user\[106\] only has one pin. Check if it is intended to be dangling.
[WARNING RSZ-0104] Net gen_cache_hpd.i_cache_subsystem.i_cva6_icache.gen_sram\[1\].data_sram.gen_techno_cut.genblk1.rdata_user\[105\] only has one pin. Check if it is intended to be dangling.
[WARNING RSZ-0104] Net gen_cache_hpd.i_cache_subsystem.i_cva6_icache.gen_sram\[1\].data_sram.gen_techno_cut.genblk1.rdata_user\[104\] only has one pin. Check if it is intended to be dangling.
[WARNING RSZ-0104] Net gen_cache_hpd.i_cache_subsystem.i_cva6_icache.gen_sram\[1\].data_sram.gen_techno_cut.genblk1.rdata_user\[103\] only has one pin. Check if it is intended to be dangling.
[WARNING RSZ-0104] Net gen_cache_hpd.i_cache_subsystem.i_cva6_icache.gen_sram\[1\].data_sram.gen_techno_cut.genblk1.rdata_user\[102\] only has one pin. Check if it is intended to be dangling.
[WARNING RSZ-0104] Net gen_cache_hpd.i_cache_subsystem.i_cva6_icache.gen_sram\[1\].data_sram.gen_techno_cut.genblk1.rdata_user\[101\] only has one pin. Check if it is intended to be dangling.
[WARNING RSZ-0104] Net gen_cache_hpd.i_cache_subsystem.i_cva6_icache.gen_sram\[1\].data_sram.gen_techno_cut.genblk1.rdata_user\[100\] only has one pin. Check if it is intended to be dangling.
[WARNING RSZ-0104] Net gen_cache_hpd.i_cache_subsystem.i_cva6_icache.gen_sram\[1\].data_sram.gen_techno_cut.genblk1.rdata_user\[0\] only has one pin. Check if it is intended to be dangling.
[WARNING RSZ-0104] Net gen_cache_hpd.i_cache_subsystem.i_cva6_icache.gen_sram\[0\].data_sram.gen_techno_cut.genblk1.rdata_user\[9\] only has one pin. Check if it is intended to be dangling.
[WARNING RSZ-0104] Net gen_cache_hpd.i_cache_subsystem.i_cva6_icache.gen_sram\[0\].data_sram.gen_techno_cut.genblk1.rdata_user\[99\] only has one pin. Check if it is intended to be dangling.
[WARNING RSZ-0104] Net gen_cache_hpd.i_cache_subsystem.i_cva6_icache.gen_sram\[0\].data_sram.gen_techno_cut.genblk1.rdata_user\[98\] only has one pin. Check if it is intended to be dangling.
[WARNING RSZ-0104] Net gen_cache_hpd.i_cache_subsystem.i_cva6_icache.gen_sram\[0\].data_sram.gen_techno_cut.genblk1.rdata_user\[97\] only has one pin. Check if it is intended to be dangling.
[WARNING RSZ-0104] Net gen_cache_hpd.i_cache_subsystem.i_cva6_icache.gen_sram\[0\].data_sram.gen_techno_cut.genblk1.rdata_user\[96\] only has one pin. Check if it is intended to be dangling.
[WARNING RSZ-0104] Net gen_cache_hpd.i_cache_subsystem.i_cva6_icache.gen_sram\[0\].data_sram.gen_techno_cut.genblk1.rdata_user\[95\] only has one pin. Check if it is intended to be dangling.
[WARNING RSZ-0104] Net gen_cache_hpd.i_cache_subsystem.i_cva6_icache.gen_sram\[0\].data_sram.gen_techno_cut.genblk1.rdata_user\[94\] only has one pin. Check if it is intended to be dangling.
[WARNING RSZ-0104] Net gen_cache_hpd.i_cache_subsystem.i_cva6_icache.gen_sram\[0\].data_sram.gen_techno_cut.genblk1.rdata_user\[93\] only has one pin. Check if it is intended to be dangling.
[WARNING RSZ-0104] Net gen_cache_hpd.i_cache_subsystem.i_cva6_icache.gen_sram\[0\].data_sram.gen_techno_cut.genblk1.rdata_user\[92\] only has one pin. Check if it is intended to be dangling.
[WARNING RSZ-0104] Net gen_cache_hpd.i_cache_subsystem.i_cva6_icache.gen_sram\[0\].data_sram.gen_techno_cut.genblk1.rdata_user\[91\] only has one pin. Check if it is intended to be dangling.
[WARNING RSZ-0104] Net gen_cache_hpd.i_cache_subsystem.i_cva6_icache.gen_sram\[0\].data_sram.gen_techno_cut.genblk1.rdata_user\[90\] only has one pin. Check if it is intended to be dangling.
[WARNING RSZ-0104] Net gen_cache_hpd.i_cache_subsystem.i_cva6_icache.gen_sram\[0\].data_sram.gen_techno_cut.genblk1.rdata_user\[8\] only has one pin. Check if it is intended to be dangling.
[WARNING RSZ-0104] Net gen_cache_hpd.i_cache_subsystem.i_cva6_icache.gen_sram\[0\].data_sram.gen_techno_cut.genblk1.rdata_user\[89\] only has one pin. Check if it is intended to be dangling.
[WARNING RSZ-0104] Net gen_cache_hpd.i_cache_subsystem.i_cva6_icache.gen_sram\[0\].data_sram.gen_techno_cut.genblk1.rdata_user\[88\] only has one pin. Check if it is intended to be dangling.
[WARNING RSZ-0104] Net gen_cache_hpd.i_cache_subsystem.i_cva6_icache.gen_sram\[0\].data_sram.gen_techno_cut.genblk1.rdata_user\[87\] only has one pin. Check if it is intended to be dangling.
[WARNING RSZ-0104] Net gen_cache_hpd.i_cache_subsystem.i_cva6_icache.gen_sram\[0\].data_sram.gen_techno_cut.genblk1.rdata_user\[86\] only has one pin. Check if it is intended to be dangling.
[WARNING RSZ-0104] Net gen_cache_hpd.i_cache_subsystem.i_cva6_icache.gen_sram\[0\].data_sram.gen_techno_cut.genblk1.rdata_user\[85\] only has one pin. Check if it is intended to be dangling.
[WARNING RSZ-0104] Net gen_cache_hpd.i_cache_subsystem.i_cva6_icache.gen_sram\[0\].data_sram.gen_techno_cut.genblk1.rdata_user\[84\] only has one pin. Check if it is intended to be dangling.
[WARNING RSZ-0104] Net gen_cache_hpd.i_cache_subsystem.i_cva6_icache.gen_sram\[0\].data_sram.gen_techno_cut.genblk1.rdata_user\[83\] only has one pin. Check if it is intended to be dangling.
[WARNING RSZ-0104] Net gen_cache_hpd.i_cache_subsystem.i_cva6_icache.gen_sram\[0\].data_sram.gen_techno_cut.genblk1.rdata_user\[82\] only has one pin. Check if it is intended to be dangling.
[WARNING RSZ-0104] Net gen_cache_hpd.i_cache_subsystem.i_cva6_icache.gen_sram\[0\].data_sram.gen_techno_cut.genblk1.rdata_user\[81\] only has one pin. Check if it is intended to be dangling.
[WARNING RSZ-0104] Net gen_cache_hpd.i_cache_subsystem.i_cva6_icache.gen_sram\[0\].data_sram.gen_techno_cut.genblk1.rdata_user\[80\] only has one pin. Check if it is intended to be dangling.
[WARNING RSZ-0104] Net gen_cache_hpd.i_cache_subsystem.i_cva6_icache.gen_sram\[0\].data_sram.gen_techno_cut.genblk1.rdata_user\[7\] only has one pin. Check if it is intended to be dangling.
[WARNING RSZ-0104] Net gen_cache_hpd.i_cache_subsystem.i_cva6_icache.gen_sram\[0\].data_sram.gen_techno_cut.genblk1.rdata_user\[79\] only has one pin. Check if it is intended to be dangling.
[WARNING RSZ-0104] Net gen_cache_hpd.i_cache_subsystem.i_cva6_icache.gen_sram\[0\].data_sram.gen_techno_cut.genblk1.rdata_user\[78\] only has one pin. Check if it is intended to be dangling.
[WARNING RSZ-0104] Net gen_cache_hpd.i_cache_subsystem.i_cva6_icache.gen_sram\[0\].data_sram.gen_techno_cut.genblk1.rdata_user\[77\] only has one pin. Check if it is intended to be dangling.
[WARNING RSZ-0104] Net gen_cache_hpd.i_cache_subsystem.i_cva6_icache.gen_sram\[0\].data_sram.gen_techno_cut.genblk1.rdata_user\[76\] only has one pin. Check if it is intended to be dangling.
[WARNING RSZ-0104] Net gen_cache_hpd.i_cache_subsystem.i_cva6_icache.gen_sram\[0\].data_sram.gen_techno_cut.genblk1.rdata_user\[75\] only has one pin. Check if it is intended to be dangling.
[WARNING RSZ-0104] Net gen_cache_hpd.i_cache_subsystem.i_cva6_icache.gen_sram\[0\].data_sram.gen_techno_cut.genblk1.rdata_user\[74\] only has one pin. Check if it is intended to be dangling.
[WARNING RSZ-0104] Net gen_cache_hpd.i_cache_subsystem.i_cva6_icache.gen_sram\[0\].data_sram.gen_techno_cut.genblk1.rdata_user\[73\] only has one pin. Check if it is intended to be dangling.
[WARNING RSZ-0104] Net gen_cache_hpd.i_cache_subsystem.i_cva6_icache.gen_sram\[0\].data_sram.gen_techno_cut.genblk1.rdata_user\[72\] only has one pin. Check if it is intended to be dangling.
[WARNING RSZ-0104] Net gen_cache_hpd.i_cache_subsystem.i_cva6_icache.gen_sram\[0\].data_sram.gen_techno_cut.genblk1.rdata_user\[71\] only has one pin. Check if it is intended to be dangling.
[WARNING RSZ-0104] Net gen_cache_hpd.i_cache_subsystem.i_cva6_icache.gen_sram\[0\].data_sram.gen_techno_cut.genblk1.rdata_user\[70\] only has one pin. Check if it is intended to be dangling.
[WARNING RSZ-0104] Net gen_cache_hpd.i_cache_subsystem.i_cva6_icache.gen_sram\[0\].data_sram.gen_techno_cut.genblk1.rdata_user\[6\] only has one pin. Check if it is intended to be dangling.
[WARNING RSZ-0104] Net gen_cache_hpd.i_cache_subsystem.i_cva6_icache.gen_sram\[0\].data_sram.gen_techno_cut.genblk1.rdata_user\[69\] only has one pin. Check if it is intended to be dangling.
[WARNING RSZ-0104] Net gen_cache_hpd.i_cache_subsystem.i_cva6_icache.gen_sram\[0\].data_sram.gen_techno_cut.genblk1.rdata_user\[68\] only has one pin. Check if it is intended to be dangling.
[WARNING RSZ-0104] Net gen_cache_hpd.i_cache_subsystem.i_cva6_icache.gen_sram\[0\].data_sram.gen_techno_cut.genblk1.rdata_user\[67\] only has one pin. Check if it is intended to be dangling.
[WARNING RSZ-0104] Net gen_cache_hpd.i_cache_subsystem.i_cva6_icache.gen_sram\[0\].data_sram.gen_techno_cut.genblk1.rdata_user\[66\] only has one pin. Check if it is intended to be dangling.
[WARNING RSZ-0104] Net gen_cache_hpd.i_cache_subsystem.i_cva6_icache.gen_sram\[0\].data_sram.gen_techno_cut.genblk1.rdata_user\[65\] only has one pin. Check if it is intended to be dangling.
[WARNING RSZ-0104] Net gen_cache_hpd.i_cache_subsystem.i_cva6_icache.gen_sram\[0\].data_sram.gen_techno_cut.genblk1.rdata_user\[64\] only has one pin. Check if it is intended to be dangling.
[WARNING RSZ-0104] Net gen_cache_hpd.i_cache_subsystem.i_cva6_icache.gen_sram\[0\].data_sram.gen_techno_cut.genblk1.rdata_user\[63\] only has one pin. Check if it is intended to be dangling.
[WARNING RSZ-0104] Net gen_cache_hpd.i_cache_subsystem.i_cva6_icache.gen_sram\[0\].data_sram.gen_techno_cut.genblk1.rdata_user\[62\] only has one pin. Check if it is intended to be dangling.
[WARNING RSZ-0104] Net gen_cache_hpd.i_cache_subsystem.i_cva6_icache.gen_sram\[0\].data_sram.gen_techno_cut.genblk1.rdata_user\[61\] only has one pin. Check if it is intended to be dangling.
[WARNING RSZ-0104] Net gen_cache_hpd.i_cache_subsystem.i_cva6_icache.gen_sram\[0\].data_sram.gen_techno_cut.genblk1.rdata_user\[60\] only has one pin. Check if it is intended to be dangling.
[WARNING RSZ-0104] Net gen_cache_hpd.i_cache_subsystem.i_cva6_icache.gen_sram\[0\].data_sram.gen_techno_cut.genblk1.rdata_user\[5\] only has one pin. Check if it is intended to be dangling.
[WARNING RSZ-0104] Net gen_cache_hpd.i_cache_subsystem.i_cva6_icache.gen_sram\[0\].data_sram.gen_techno_cut.genblk1.rdata_user\[59\] only has one pin. Check if it is intended to be dangling.
[WARNING RSZ-0104] Net gen_cache_hpd.i_cache_subsystem.i_cva6_icache.gen_sram\[0\].data_sram.gen_techno_cut.genblk1.rdata_user\[58\] only has one pin. Check if it is intended to be dangling.
[WARNING RSZ-0104] Net gen_cache_hpd.i_cache_subsystem.i_cva6_icache.gen_sram\[0\].data_sram.gen_techno_cut.genblk1.rdata_user\[57\] only has one pin. Check if it is intended to be dangling.
[WARNING RSZ-0104] Net gen_cache_hpd.i_cache_subsystem.i_cva6_icache.gen_sram\[0\].data_sram.gen_techno_cut.genblk1.rdata_user\[56\] only has one pin. Check if it is intended to be dangling.
[WARNING RSZ-0104] Net gen_cache_hpd.i_cache_subsystem.i_cva6_icache.gen_sram\[0\].data_sram.gen_techno_cut.genblk1.rdata_user\[55\] only has one pin. Check if it is intended to be dangling.
[WARNING RSZ-0104] Net gen_cache_hpd.i_cache_subsystem.i_cva6_icache.gen_sram\[0\].data_sram.gen_techno_cut.genblk1.rdata_user\[54\] only has one pin. Check if it is intended to be dangling.
[WARNING RSZ-0104] Net gen_cache_hpd.i_cache_subsystem.i_cva6_icache.gen_sram\[0\].data_sram.gen_techno_cut.genblk1.rdata_user\[53\] only has one pin. Check if it is intended to be dangling.
[WARNING RSZ-0104] Net gen_cache_hpd.i_cache_subsystem.i_cva6_icache.gen_sram\[0\].data_sram.gen_techno_cut.genblk1.rdata_user\[52\] only has one pin. Check if it is intended to be dangling.
[WARNING RSZ-0104] Net gen_cache_hpd.i_cache_subsystem.i_cva6_icache.gen_sram\[0\].data_sram.gen_techno_cut.genblk1.rdata_user\[51\] only has one pin. Check if it is intended to be dangling.
[WARNING RSZ-0104] Net gen_cache_hpd.i_cache_subsystem.i_cva6_icache.gen_sram\[0\].data_sram.gen_techno_cut.genblk1.rdata_user\[50\] only has one pin. Check if it is intended to be dangling.
[WARNING RSZ-0104] Net gen_cache_hpd.i_cache_subsystem.i_cva6_icache.gen_sram\[0\].data_sram.gen_techno_cut.genblk1.rdata_user\[4\] only has one pin. Check if it is intended to be dangling.
[WARNING RSZ-0104] Net gen_cache_hpd.i_cache_subsystem.i_cva6_icache.gen_sram\[0\].data_sram.gen_techno_cut.genblk1.rdata_user\[49\] only has one pin. Check if it is intended to be dangling.
[WARNING RSZ-0104] Net gen_cache_hpd.i_cache_subsystem.i_cva6_icache.gen_sram\[0\].data_sram.gen_techno_cut.genblk1.rdata_user\[48\] only has one pin. Check if it is intended to be dangling.
[WARNING RSZ-0104] Net gen_cache_hpd.i_cache_subsystem.i_cva6_icache.gen_sram\[0\].data_sram.gen_techno_cut.genblk1.rdata_user\[47\] only has one pin. Check if it is intended to be dangling.
[WARNING RSZ-0104] Net gen_cache_hpd.i_cache_subsystem.i_cva6_icache.gen_sram\[0\].data_sram.gen_techno_cut.genblk1.rdata_user\[46\] only has one pin. Check if it is intended to be dangling.
[WARNING RSZ-0104] Net gen_cache_hpd.i_cache_subsystem.i_cva6_icache.gen_sram\[0\].data_sram.gen_techno_cut.genblk1.rdata_user\[45\] only has one pin. Check if it is intended to be dangling.
[WARNING RSZ-0104] Net gen_cache_hpd.i_cache_subsystem.i_cva6_icache.gen_sram\[0\].data_sram.gen_techno_cut.genblk1.rdata_user\[44\] only has one pin. Check if it is intended to be dangling.
[WARNING RSZ-0104] Net gen_cache_hpd.i_cache_subsystem.i_cva6_icache.gen_sram\[0\].data_sram.gen_techno_cut.genblk1.rdata_user\[43\] only has one pin. Check if it is intended to be dangling.
[WARNING RSZ-0104] Net gen_cache_hpd.i_cache_subsystem.i_cva6_icache.gen_sram\[0\].data_sram.gen_techno_cut.genblk1.rdata_user\[42\] only has one pin. Check if it is intended to be dangling.
[WARNING RSZ-0104] Net gen_cache_hpd.i_cache_subsystem.i_cva6_icache.gen_sram\[0\].data_sram.gen_techno_cut.genblk1.rdata_user\[41\] only has one pin. Check if it is intended to be dangling.
[WARNING RSZ-0104] Net gen_cache_hpd.i_cache_subsystem.i_cva6_icache.gen_sram\[0\].data_sram.gen_techno_cut.genblk1.rdata_user\[40\] only has one pin. Check if it is intended to be dangling.
[WARNING RSZ-0104] Net gen_cache_hpd.i_cache_subsystem.i_cva6_icache.gen_sram\[0\].data_sram.gen_techno_cut.genblk1.rdata_user\[3\] only has one pin. Check if it is intended to be dangling.
[WARNING RSZ-0104] Net gen_cache_hpd.i_cache_subsystem.i_cva6_icache.gen_sram\[0\].data_sram.gen_techno_cut.genblk1.rdata_user\[39\] only has one pin. Check if it is intended to be dangling.
[WARNING RSZ-0104] Net gen_cache_hpd.i_cache_subsystem.i_cva6_icache.gen_sram\[0\].data_sram.gen_techno_cut.genblk1.rdata_user\[38\] only has one pin. Check if it is intended to be dangling.
[WARNING RSZ-0104] Net gen_cache_hpd.i_cache_subsystem.i_cva6_icache.gen_sram\[0\].data_sram.gen_techno_cut.genblk1.rdata_user\[37\] only has one pin. Check if it is intended to be dangling.
[WARNING RSZ-0104] Net gen_cache_hpd.i_cache_subsystem.i_cva6_icache.gen_sram\[0\].data_sram.gen_techno_cut.genblk1.rdata_user\[36\] only has one pin. Check if it is intended to be dangling.
[WARNING RSZ-0104] Net gen_cache_hpd.i_cache_subsystem.i_cva6_icache.gen_sram\[0\].data_sram.gen_techno_cut.genblk1.rdata_user\[35\] only has one pin. Check if it is intended to be dangling.
[WARNING RSZ-0104] Net gen_cache_hpd.i_cache_subsystem.i_cva6_icache.gen_sram\[0\].data_sram.gen_techno_cut.genblk1.rdata_user\[34\] only has one pin. Check if it is intended to be dangling.
[WARNING RSZ-0104] Net gen_cache_hpd.i_cache_subsystem.i_cva6_icache.gen_sram\[0\].data_sram.gen_techno_cut.genblk1.rdata_user\[33\] only has one pin. Check if it is intended to be dangling.
[WARNING RSZ-0104] Net gen_cache_hpd.i_cache_subsystem.i_cva6_icache.gen_sram\[0\].data_sram.gen_techno_cut.genblk1.rdata_user\[32\] only has one pin. Check if it is intended to be dangling.
[WARNING RSZ-0104] Net gen_cache_hpd.i_cache_subsystem.i_cva6_icache.gen_sram\[0\].data_sram.gen_techno_cut.genblk1.rdata_user\[31\] only has one pin. Check if it is intended to be dangling.
[WARNING RSZ-0104] Net gen_cache_hpd.i_cache_subsystem.i_cva6_icache.gen_sram\[0\].data_sram.gen_techno_cut.genblk1.rdata_user\[30\] only has one pin. Check if it is intended to be dangling.
[WARNING RSZ-0104] Net gen_cache_hpd.i_cache_subsystem.i_cva6_icache.gen_sram\[0\].data_sram.gen_techno_cut.genblk1.rdata_user\[2\] only has one pin. Check if it is intended to be dangling.
[WARNING RSZ-0104] Net gen_cache_hpd.i_cache_subsystem.i_cva6_icache.gen_sram\[0\].data_sram.gen_techno_cut.genblk1.rdata_user\[29\] only has one pin. Check if it is intended to be dangling.
[WARNING RSZ-0104] Net gen_cache_hpd.i_cache_subsystem.i_cva6_icache.gen_sram\[0\].data_sram.gen_techno_cut.genblk1.rdata_user\[28\] only has one pin. Check if it is intended to be dangling.
[WARNING RSZ-0104] Net gen_cache_hpd.i_cache_subsystem.i_cva6_icache.gen_sram\[0\].data_sram.gen_techno_cut.genblk1.rdata_user\[27\] only has one pin. Check if it is intended to be dangling.
[WARNING RSZ-0104] Net gen_cache_hpd.i_cache_subsystem.i_cva6_icache.gen_sram\[0\].data_sram.gen_techno_cut.genblk1.rdata_user\[26\] only has one pin. Check if it is intended to be dangling.
[WARNING RSZ-0104] Net gen_cache_hpd.i_cache_subsystem.i_cva6_icache.gen_sram\[0\].data_sram.gen_techno_cut.genblk1.rdata_user\[25\] only has one pin. Check if it is intended to be dangling.
[WARNING RSZ-0104] Net gen_cache_hpd.i_cache_subsystem.i_cva6_icache.gen_sram\[0\].data_sram.gen_techno_cut.genblk1.rdata_user\[24\] only has one pin. Check if it is intended to be dangling.
[WARNING RSZ-0104] Net gen_cache_hpd.i_cache_subsystem.i_cva6_icache.gen_sram\[0\].data_sram.gen_techno_cut.genblk1.rdata_user\[23\] only has one pin. Check if it is intended to be dangling.
[WARNING RSZ-0104] Net gen_cache_hpd.i_cache_subsystem.i_cva6_icache.gen_sram\[0\].data_sram.gen_techno_cut.genblk1.rdata_user\[22\] only has one pin. Check if it is intended to be dangling.
[WARNING RSZ-0104] Net gen_cache_hpd.i_cache_subsystem.i_cva6_icache.gen_sram\[0\].data_sram.gen_techno_cut.genblk1.rdata_user\[21\] only has one pin. Check if it is intended to be dangling.
[WARNING RSZ-0104] Net gen_cache_hpd.i_cache_subsystem.i_cva6_icache.gen_sram\[0\].data_sram.gen_techno_cut.genblk1.rdata_user\[20\] only has one pin. Check if it is intended to be dangling.
[WARNING RSZ-0104] Net gen_cache_hpd.i_cache_subsystem.i_cva6_icache.gen_sram\[0\].data_sram.gen_techno_cut.genblk1.rdata_user\[1\] only has one pin. Check if it is intended to be dangling.
[WARNING RSZ-0104] Net gen_cache_hpd.i_cache_subsystem.i_cva6_icache.gen_sram\[0\].data_sram.gen_techno_cut.genblk1.rdata_user\[19\] only has one pin. Check if it is intended to be dangling.
[WARNING RSZ-0104] Net gen_cache_hpd.i_cache_subsystem.i_cva6_icache.gen_sram\[0\].data_sram.gen_techno_cut.genblk1.rdata_user\[18\] only has one pin. Check if it is intended to be dangling.
[WARNING RSZ-0104] Net gen_cache_hpd.i_cache_subsystem.i_cva6_icache.gen_sram\[0\].data_sram.gen_techno_cut.genblk1.rdata_user\[17\] only has one pin. Check if it is intended to be dangling.
[WARNING RSZ-0104] Net gen_cache_hpd.i_cache_subsystem.i_cva6_icache.gen_sram\[0\].data_sram.gen_techno_cut.genblk1.rdata_user\[16\] only has one pin. Check if it is intended to be dangling.
[WARNING RSZ-0104] Net gen_cache_hpd.i_cache_subsystem.i_cva6_icache.gen_sram\[0\].data_sram.gen_techno_cut.genblk1.rdata_user\[15\] only has one pin. Check if it is intended to be dangling.
[WARNING RSZ-0104] Net gen_cache_hpd.i_cache_subsystem.i_cva6_icache.gen_sram\[0\].data_sram.gen_techno_cut.genblk1.rdata_user\[14\] only has one pin. Check if it is intended to be dangling.
[WARNING RSZ-0104] Net gen_cache_hpd.i_cache_subsystem.i_cva6_icache.gen_sram\[0\].data_sram.gen_techno_cut.genblk1.rdata_user\[13\] only has one pin. Check if it is intended to be dangling.
[WARNING RSZ-0104] Net gen_cache_hpd.i_cache_subsystem.i_cva6_icache.gen_sram\[0\].data_sram.gen_techno_cut.genblk1.rdata_user\[12\] only has one pin. Check if it is intended to be dangling.
[WARNING RSZ-0104] Net gen_cache_hpd.i_cache_subsystem.i_cva6_icache.gen_sram\[0\].data_sram.gen_techno_cut.genblk1.rdata_user\[127\] only has one pin. Check if it is intended to be dangling.
[WARNING RSZ-0104] Net gen_cache_hpd.i_cache_subsystem.i_cva6_icache.gen_sram\[0\].data_sram.gen_techno_cut.genblk1.rdata_user\[126\] only has one pin. Check if it is intended to be dangling.
[WARNING RSZ-0104] Net gen_cache_hpd.i_cache_subsystem.i_cva6_icache.gen_sram\[0\].data_sram.gen_techno_cut.genblk1.rdata_user\[125\] only has one pin. Check if it is intended to be dangling.
[WARNING RSZ-0104] Net gen_cache_hpd.i_cache_subsystem.i_cva6_icache.gen_sram\[0\].data_sram.gen_techno_cut.genblk1.rdata_user\[124\] only has one pin. Check if it is intended to be dangling.
[WARNING RSZ-0104] Net gen_cache_hpd.i_cache_subsystem.i_cva6_icache.gen_sram\[0\].data_sram.gen_techno_cut.genblk1.rdata_user\[123\] only has one pin. Check if it is intended to be dangling.
[WARNING RSZ-0104] Net gen_cache_hpd.i_cache_subsystem.i_cva6_icache.gen_sram\[0\].data_sram.gen_techno_cut.genblk1.rdata_user\[122\] only has one pin. Check if it is intended to be dangling.
[WARNING RSZ-0104] Net gen_cache_hpd.i_cache_subsystem.i_cva6_icache.gen_sram\[0\].data_sram.gen_techno_cut.genblk1.rdata_user\[121\] only has one pin. Check if it is intended to be dangling.
[WARNING RSZ-0104] Net gen_cache_hpd.i_cache_subsystem.i_cva6_icache.gen_sram\[0\].data_sram.gen_techno_cut.genblk1.rdata_user\[120\] only has one pin. Check if it is intended to be dangling.
[WARNING RSZ-0104] Net gen_cache_hpd.i_cache_subsystem.i_cva6_icache.gen_sram\[0\].data_sram.gen_techno_cut.genblk1.rdata_user\[11\] only has one pin. Check if it is intended to be dangling.
[WARNING RSZ-0104] Net gen_cache_hpd.i_cache_subsystem.i_cva6_icache.gen_sram\[0\].data_sram.gen_techno_cut.genblk1.rdata_user\[119\] only has one pin. Check if it is intended to be dangling.
[WARNING RSZ-0104] Net gen_cache_hpd.i_cache_subsystem.i_cva6_icache.gen_sram\[0\].data_sram.gen_techno_cut.genblk1.rdata_user\[118\] only has one pin. Check if it is intended to be dangling.
[WARNING RSZ-0104] Net gen_cache_hpd.i_cache_subsystem.i_cva6_icache.gen_sram\[0\].data_sram.gen_techno_cut.genblk1.rdata_user\[117\] only has one pin. Check if it is intended to be dangling.
[WARNING RSZ-0104] Net gen_cache_hpd.i_cache_subsystem.i_cva6_icache.gen_sram\[0\].data_sram.gen_techno_cut.genblk1.rdata_user\[116\] only has one pin. Check if it is intended to be dangling.
[WARNING RSZ-0104] Net gen_cache_hpd.i_cache_subsystem.i_cva6_icache.gen_sram\[0\].data_sram.gen_techno_cut.genblk1.rdata_user\[115\] only has one pin. Check if it is intended to be dangling.
[WARNING RSZ-0104] Net gen_cache_hpd.i_cache_subsystem.i_cva6_icache.gen_sram\[0\].data_sram.gen_techno_cut.genblk1.rdata_user\[114\] only has one pin. Check if it is intended to be dangling.
[WARNING RSZ-0104] Net gen_cache_hpd.i_cache_subsystem.i_cva6_icache.gen_sram\[0\].data_sram.gen_techno_cut.genblk1.rdata_user\[113\] only has one pin. Check if it is intended to be dangling.
[WARNING RSZ-0104] Net gen_cache_hpd.i_cache_subsystem.i_cva6_icache.gen_sram\[0\].data_sram.gen_techno_cut.genblk1.rdata_user\[112\] only has one pin. Check if it is intended to be dangling.
[WARNING RSZ-0104] Net gen_cache_hpd.i_cache_subsystem.i_cva6_icache.gen_sram\[0\].data_sram.gen_techno_cut.genblk1.rdata_user\[111\] only has one pin. Check if it is intended to be dangling.
[WARNING RSZ-0104] Net gen_cache_hpd.i_cache_subsystem.i_cva6_icache.gen_sram\[0\].data_sram.gen_techno_cut.genblk1.rdata_user\[110\] only has one pin. Check if it is intended to be dangling.
[WARNING RSZ-0104] Net gen_cache_hpd.i_cache_subsystem.i_cva6_icache.gen_sram\[0\].data_sram.gen_techno_cut.genblk1.rdata_user\[10\] only has one pin. Check if it is intended to be dangling.
[WARNING RSZ-0104] Net gen_cache_hpd.i_cache_subsystem.i_cva6_icache.gen_sram\[0\].data_sram.gen_techno_cut.genblk1.rdata_user\[109\] only has one pin. Check if it is intended to be dangling.
[WARNING RSZ-0104] Net gen_cache_hpd.i_cache_subsystem.i_cva6_icache.gen_sram\[0\].data_sram.gen_techno_cut.genblk1.rdata_user\[108\] only has one pin. Check if it is intended to be dangling.
[WARNING RSZ-0104] Net gen_cache_hpd.i_cache_subsystem.i_cva6_icache.gen_sram\[0\].data_sram.gen_techno_cut.genblk1.rdata_user\[107\] only has one pin. Check if it is intended to be dangling.
[WARNING RSZ-0104] Net gen_cache_hpd.i_cache_subsystem.i_cva6_icache.gen_sram\[0\].data_sram.gen_techno_cut.genblk1.rdata_user\[106\] only has one pin. Check if it is intended to be dangling.
[WARNING RSZ-0104] Net gen_cache_hpd.i_cache_subsystem.i_cva6_icache.gen_sram\[0\].data_sram.gen_techno_cut.genblk1.rdata_user\[105\] only has one pin. Check if it is intended to be dangling.
[WARNING RSZ-0104] Net gen_cache_hpd.i_cache_subsystem.i_cva6_icache.gen_sram\[0\].data_sram.gen_techno_cut.genblk1.rdata_user\[104\] only has one pin. Check if it is intended to be dangling.
[WARNING RSZ-0104] Net gen_cache_hpd.i_cache_subsystem.i_cva6_icache.gen_sram\[0\].data_sram.gen_techno_cut.genblk1.rdata_user\[103\] only has one pin. Check if it is intended to be dangling.
[WARNING RSZ-0104] Net gen_cache_hpd.i_cache_subsystem.i_cva6_icache.gen_sram\[0\].data_sram.gen_techno_cut.genblk1.rdata_user\[102\] only has one pin. Check if it is intended to be dangling.
[WARNING RSZ-0104] Net gen_cache_hpd.i_cache_subsystem.i_cva6_icache.gen_sram\[0\].data_sram.gen_techno_cut.genblk1.rdata_user\[101\] only has one pin. Check if it is intended to be dangling.
[WARNING RSZ-0104] Net gen_cache_hpd.i_cache_subsystem.i_cva6_icache.gen_sram\[0\].data_sram.gen_techno_cut.genblk1.rdata_user\[100\] only has one pin. Check if it is intended to be dangling.
[WARNING RSZ-0104] Net gen_cache_hpd.i_cache_subsystem.i_cva6_icache.gen_sram\[0\].data_sram.gen_techno_cut.genblk1.rdata_user\[0\] only has one pin. Check if it is intended to be dangling.
[WARNING RSZ-0104] Net noc_resp_i[9] only has one pin. Check if it is intended to be dangling.
[WARNING RSZ-0104] Net noc_resp_i[8] only has one pin. Check if it is intended to be dangling.
[WARNING RSZ-0104] Net noc_resp_i[7] only has one pin. Check if it is intended to be dangling.
[WARNING RSZ-0104] Net noc_resp_i[6] only has one pin. Check if it is intended to be dangling.
[WARNING RSZ-0104] Net noc_resp_i[5] only has one pin. Check if it is intended to be dangling.
[WARNING RSZ-0104] Net noc_resp_i[4] only has one pin. Check if it is intended to be dangling.
[WARNING RSZ-0104] Net noc_resp_i[3] only has one pin. Check if it is intended to be dangling.
[WARNING RSZ-0104] Net noc_resp_i[33] only has one pin. Check if it is intended to be dangling.
[WARNING RSZ-0104] Net noc_resp_i[31] only has one pin. Check if it is intended to be dangling.
[WARNING RSZ-0104] Net noc_resp_i[30] only has one pin. Check if it is intended to be dangling.
[WARNING RSZ-0104] Net noc_resp_i[2] only has one pin. Check if it is intended to be dangling.
[WARNING RSZ-0104] Net noc_resp_i[29] only has one pin. Check if it is intended to be dangling.
[WARNING RSZ-0104] Net noc_resp_i[28] only has one pin. Check if it is intended to be dangling.
[WARNING RSZ-0104] Net noc_resp_i[27] only has one pin. Check if it is intended to be dangling.
[WARNING RSZ-0104] Net noc_resp_i[26] only has one pin. Check if it is intended to be dangling.
[WARNING RSZ-0104] Net noc_resp_i[25] only has one pin. Check if it is intended to be dangling.
[WARNING RSZ-0104] Net noc_resp_i[24] only has one pin. Check if it is intended to be dangling.
[WARNING RSZ-0104] Net noc_resp_i[23] only has one pin. Check if it is intended to be dangling.
[WARNING RSZ-0104] Net noc_resp_i[22] only has one pin. Check if it is intended to be dangling.
[WARNING RSZ-0104] Net noc_resp_i[21] only has one pin. Check if it is intended to be dangling.
[WARNING RSZ-0104] Net noc_resp_i[20] only has one pin. Check if it is intended to be dangling.
[WARNING RSZ-0104] Net noc_resp_i[1] only has one pin. Check if it is intended to be dangling.
[WARNING RSZ-0104] Net noc_resp_i[19] only has one pin. Check if it is intended to be dangling.
[WARNING RSZ-0104] Net noc_resp_i[18] only has one pin. Check if it is intended to be dangling.
[WARNING RSZ-0104] Net noc_resp_i[17] only has one pin. Check if it is intended to be dangling.
[WARNING RSZ-0104] Net noc_resp_i[16] only has one pin. Check if it is intended to be dangling.
[WARNING RSZ-0104] Net noc_resp_i[15] only has one pin. Check if it is intended to be dangling.
[WARNING RSZ-0104] Net noc_resp_i[14] only has one pin. Check if it is intended to be dangling.
[WARNING RSZ-0104] Net noc_resp_i[13] only has one pin. Check if it is intended to be dangling.
[WARNING RSZ-0104] Net noc_resp_i[135] only has one pin. Check if it is intended to be dangling.
[WARNING RSZ-0104] Net noc_resp_i[134] only has one pin. Check if it is intended to be dangling.
[WARNING RSZ-0104] Net noc_resp_i[133] only has one pin. Check if it is intended to be dangling.
[WARNING RSZ-0104] Net noc_resp_i[132] only has one pin. Check if it is intended to be dangling.
[WARNING RSZ-0104] Net noc_resp_i[131] only has one pin. Check if it is intended to be dangling.
[WARNING RSZ-0104] Net noc_resp_i[130] only has one pin. Check if it is intended to be dangling.
[WARNING RSZ-0104] Net noc_resp_i[12] only has one pin. Check if it is intended to be dangling.
[WARNING RSZ-0104] Net noc_resp_i[129] only has one pin. Check if it is intended to be dangling.
[WARNING RSZ-0104] Net noc_resp_i[128] only has one pin. Check if it is intended to be dangling.
[WARNING RSZ-0104] Net noc_resp_i[127] only has one pin. Check if it is intended to be dangling.
[WARNING RSZ-0104] Net noc_resp_i[126] only has one pin. Check if it is intended to be dangling.
[WARNING RSZ-0104] Net noc_resp_i[125] only has one pin. Check if it is intended to be dangling.
[WARNING RSZ-0104] Net noc_resp_i[124] only has one pin. Check if it is intended to be dangling.
[WARNING RSZ-0104] Net noc_resp_i[123] only has one pin. Check if it is intended to be dangling.
[WARNING RSZ-0104] Net noc_resp_i[122] only has one pin. Check if it is intended to be dangling.
[WARNING RSZ-0104] Net noc_resp_i[121] only has one pin. Check if it is intended to be dangling.
[WARNING RSZ-0104] Net noc_resp_i[120] only has one pin. Check if it is intended to be dangling.
[WARNING RSZ-0104] Net noc_resp_i[11] only has one pin. Check if it is intended to be dangling.
[WARNING RSZ-0104] Net noc_resp_i[119] only has one pin. Check if it is intended to be dangling.
[WARNING RSZ-0104] Net noc_resp_i[118] only has one pin. Check if it is intended to be dangling.
[WARNING RSZ-0104] Net noc_resp_i[117] only has one pin. Check if it is intended to be dangling.
[WARNING RSZ-0104] Net noc_resp_i[116] only has one pin. Check if it is intended to be dangling.
[WARNING RSZ-0104] Net noc_resp_i[115] only has one pin. Check if it is intended to be dangling.
[WARNING RSZ-0104] Net noc_resp_i[114] only has one pin. Check if it is intended to be dangling.
[WARNING RSZ-0104] Net noc_resp_i[113] only has one pin. Check if it is intended to be dangling.
[WARNING RSZ-0104] Net noc_resp_i[112] only has one pin. Check if it is intended to be dangling.
[WARNING RSZ-0104] Net noc_resp_i[111] only has one pin. Check if it is intended to be dangling.
   111000 |     +0.0% |       0 |       0 |             0 |      7334
[WARNING RSZ-0104] Net noc_resp_i[110] only has one pin. Check if it is intended to be dangling.
[WARNING RSZ-0104] Net noc_resp_i[10] only has one pin. Check if it is intended to be dangling.
[WARNING RSZ-0104] Net noc_resp_i[109] only has one pin. Check if it is intended to be dangling.
[WARNING RSZ-0104] Net noc_resp_i[108] only has one pin. Check if it is intended to be dangling.
[WARNING RSZ-0104] Net noc_resp_i[107] only has one pin. Check if it is intended to be dangling.
[WARNING RSZ-0104] Net noc_resp_i[106] only has one pin. Check if it is intended to be dangling.
[WARNING RSZ-0104] Net noc_resp_i[105] only has one pin. Check if it is intended to be dangling.
[WARNING RSZ-0104] Net noc_resp_i[104] only has one pin. Check if it is intended to be dangling.
[WARNING RSZ-0104] Net noc_resp_i[0] only has one pin. Check if it is intended to be dangling.
   112000 |     +0.0% |       0 |       0 |             0 |      6334
   113000 |     +0.0% |       0 |       0 |             0 |      5334
[WARNING RSZ-0104] Net ipi_i only has one pin. Check if it is intended to be dangling.
   114000 |     +0.0% |       0 |       0 |             0 |      4334
   115000 |     +0.0% |       0 |       0 |             0 |      3334
   116000 |     +0.0% |       0 |       0 |             0 |      2334
   117000 |     +0.0% |       0 |       0 |             0 |      1334
[WARNING RSZ-0104] Net debug_req_i only has one pin. Check if it is intended to be dangling.
[WARNING RSZ-0104] Net cvxif_resp_i[74] only has one pin. Check if it is intended to be dangling.
[WARNING RSZ-0104] Net cvxif_resp_i[72] only has one pin. Check if it is intended to be dangling.
[WARNING RSZ-0104] Net cvxif_resp_i[71] only has one pin. Check if it is intended to be dangling.
[WARNING RSZ-0104] Net cvxif_resp_i[70] only has one pin. Check if it is intended to be dangling.
[WARNING RSZ-0104] Net cvxif_resp_i[69] only has one pin. Check if it is intended to be dangling.
[WARNING RSZ-0104] Net cvxif_resp_i[68] only has one pin. Check if it is intended to be dangling.
[WARNING RSZ-0104] Net cvxif_resp_i[67] only has one pin. Check if it is intended to be dangling.
[WARNING RSZ-0104] Net cvxif_resp_i[66] only has one pin. Check if it is intended to be dangling.
[WARNING RSZ-0104] Net cvxif_resp_i[65] only has one pin. Check if it is intended to be dangling.
[WARNING RSZ-0104] Net cvxif_resp_i[64] only has one pin. Check if it is intended to be dangling.
[WARNING RSZ-0104] Net cvxif_resp_i[63] only has one pin. Check if it is intended to be dangling.
[WARNING RSZ-0104] Net cvxif_resp_i[62] only has one pin. Check if it is intended to be dangling.
[WARNING RSZ-0104] Net cvxif_resp_i[61] only has one pin. Check if it is intended to be dangling.
[WARNING RSZ-0104] Net cvxif_resp_i[60] only has one pin. Check if it is intended to be dangling.
[WARNING RSZ-0104] Net cvxif_resp_i[59] only has one pin. Check if it is intended to be dangling.
[WARNING RSZ-0104] Net cvxif_resp_i[58] only has one pin. Check if it is intended to be dangling.
[WARNING RSZ-0104] Net cvxif_resp_i[57] only has one pin. Check if it is intended to be dangling.
[WARNING RSZ-0104] Net cvxif_resp_i[56] only has one pin. Check if it is intended to be dangling.
[WARNING RSZ-0104] Net cvxif_resp_i[55] only has one pin. Check if it is intended to be dangling.
[WARNING RSZ-0104] Net cvxif_resp_i[54] only has one pin. Check if it is intended to be dangling.
[WARNING RSZ-0104] Net cvxif_resp_i[53] only has one pin. Check if it is intended to be dangling.
[WARNING RSZ-0104] Net cvxif_resp_i[52] only has one pin. Check if it is intended to be dangling.
[WARNING RSZ-0104] Net cvxif_resp_i[51] only has one pin. Check if it is intended to be dangling.
[WARNING RSZ-0104] Net cvxif_resp_i[50] only has one pin. Check if it is intended to be dangling.
[WARNING RSZ-0104] Net cvxif_resp_i[49] only has one pin. Check if it is intended to be dangling.
[WARNING RSZ-0104] Net cvxif_resp_i[48] only has one pin. Check if it is intended to be dangling.
[WARNING RSZ-0104] Net cvxif_resp_i[47] only has one pin. Check if it is intended to be dangling.
[WARNING RSZ-0104] Net cvxif_resp_i[46] only has one pin. Check if it is intended to be dangling.
[WARNING RSZ-0104] Net cvxif_resp_i[45] only has one pin. Check if it is intended to be dangling.
[WARNING RSZ-0104] Net cvxif_resp_i[44] only has one pin. Check if it is intended to be dangling.
[WARNING RSZ-0104] Net cvxif_resp_i[43] only has one pin. Check if it is intended to be dangling.
[WARNING RSZ-0104] Net cvxif_resp_i[42] only has one pin. Check if it is intended to be dangling.
[WARNING RSZ-0104] Net cvxif_resp_i[41] only has one pin. Check if it is intended to be dangling.
   118000 |     +0.0% |       0 |       0 |             0 |       334
    final |     +0.0% |       0 |       0 |             0 |         0
---------------------------------------------------------------------
Took 12 seconds: repair_design -verbose
global_route -start_incremental
detailed_placement
[INFO DPL-0005] Max displacement: +/- 500 sites horizontally, +/- 100 rows vertically.
Movements Summary
---------------------------------------
Total cells:                  112765
Diamond Move Success:         112765 (100.00%)
Diamond Move Failure:              0
Rip-up and replace Success:        0 (  0.00% of diamond failures)
Rip-up and replace Failure:        0
Total Placement Failures:          0
---------------------------------------
Placement Analysis
---------------------------------
total displacement          0.0 u
average displacement        0.0 u
max displacement            0.0 u
original HPWL          525383.1 u
legalized HPWL         525383.1 u
delta HPWL                    0 %

global_route -end_incremental -congestion_report_file ./reports/asap7/cva6/modified_alpha_-beta_0.1-v3_run_9/congestion_post_repair_design.rpt
Repair setup and hold violations...
estimate_parasitics -global_routing
repair_timing -setup_margin 0 -hold_margin 0 -repair_tns 100 -verbose
[INFO RSZ-0100] Repair move sequence: UnbufferMove VTSwapSpeed SizeUpMove SwapPinsMove BufferMove CloneMove SplitLoadMove 
[INFO RSZ-0094] Found 170 endpoints with setup violations.
[INFO RSZ-0099] Repairing 170 out of 170 (100.00%) violating endpoints...
   Iter   | Removed | Resized | Inserted | Cloned |  Pin  |   Area   |    WNS   |   TNS      |  Viol  | Worst
          | Buffers |  Gates  | Buffers  |  Gates | Swaps |          |          |            | Endpts | Endpt
--------------------------------------------------------------------------------------------------------------
        0 |       0 |       0 |        0 |      0 |     0 |    +0.0% |  -42.430 |    -1685.8 |    170 | ex_stage_i.i_mult.i_multiplier.mult_result_q[62]$_DFF_PN0_/D
       10 |       0 |       9 |        0 |      0 |     0 |    +0.0% |  -33.217 |    -1634.3 |    170 | ex_stage_i.i_mult.i_multiplier.mult_result_q[62]$_DFF_PN0_/D
       20 |       0 |      16 |        1 |      0 |     2 |    +0.0% |  -28.489 |    -1587.0 |    170 | issue_stage_i.i_scoreboard.fwd_o[737]$_DFF_PN0_/D
       30 |       0 |      23 |        5 |      0 |     3 |    +0.0% |  -24.623 |     -871.2 |    170 | ex_stage_i.i_mult.i_multiplier.mult_result_q[62]$_DFF_PN0_/D
       40 |       0 |      29 |        7 |      0 |     5 |    +0.0% |  -22.629 |     -847.5 |    170 | ex_stage_i.i_mult.i_multiplier.mult_result_q[62]$_DFF_PN0_/D
       50 |       0 |      37 |       10 |      0 |     6 |    +0.0% |  -20.310 |     -668.6 |    170 | ex_stage_i.i_mult.i_multiplier.mult_result_q[62]$_DFF_PN0_/D
       60 |       0 |      44 |       12 |      0 |     7 |    +0.0% |  -17.416 |     -297.1 |    170 | ex_stage_i.i_mult.i_multiplier.mult_result_q[62]$_DFF_PN0_/D
       70 |       0 |      50 |       14 |      0 |     9 |    +0.0% |  -14.839 |     -282.0 |    170 | _tray_size4_16740/D1
       73 |       0 |      51 |       17 |      0 |    10 |    +0.0% |  -14.240 |     -164.1 |    168 | ex_stage_i.i_mult.i_multiplier.mult_result_q[62]$_DFF_PN0_/D
       80 |       0 |      55 |       18 |      0 |    11 |    +0.0% |  -14.240 |     -158.2 |    167 | ex_stage_i.i_mult.i_multiplier.mult_result_q[62]$_DFF_PN0_/D
       80 |       0 |      55 |       18 |      0 |    11 |    +0.0% |  -14.240 |     -158.2 |    166 | ex_stage_i.i_mult.i_multiplier.mult_result_q[62]$_DFF_PN0_/D
       84 |       0 |      57 |       20 |      0 |    11 |    +0.0% |  -14.240 |      -65.3 |    164 | ex_stage_i.i_mult.i_multiplier.mult_result_q[62]$_DFF_PN0_/D
       89 |       0 |      57 |       24 |      0 |    13 |    +0.0% |  -14.240 |      -58.3 |    162 | ex_stage_i.i_mult.i_multiplier.mult_result_q[62]$_DFF_PN0_/D
       90 |       0 |      57 |       24 |      0 |    13 |    +0.0% |  -14.240 |      -58.3 |    162 | ex_stage_i.i_mult.i_multiplier.mult_result_q[62]$_DFF_PN0_/D
       90 |       0 |      57 |       24 |      0 |    13 |    +0.0% |  -14.240 |      -58.3 |    161 | ex_stage_i.i_mult.i_multiplier.mult_result_q[62]$_DFF_PN0_/D
       95 |       0 |      60 |       24 |      0 |    14 |    +0.0% |  -14.240 |      -48.6 |    159 | ex_stage_i.i_mult.i_multiplier.mult_result_q[62]$_DFF_PN0_/D
       96 |       0 |      60 |       24 |      0 |    14 |    +0.0% |  -14.240 |      -48.6 |    158 | ex_stage_i.i_mult.i_multiplier.mult_result_q[62]$_DFF_PN0_/D
       97 |       0 |      60 |       24 |      0 |    14 |    +0.0% |  -14.240 |      -48.6 |    157 | ex_stage_i.i_mult.i_multiplier.mult_result_q[62]$_DFF_PN0_/D
       98 |       0 |      60 |       24 |      0 |    14 |    +0.0% |  -14.240 |      -48.6 |    156 | ex_stage_i.i_mult.i_multiplier.mult_result_q[62]$_DFF_PN0_/D
       99 |       0 |      60 |       24 |      0 |    14 |    +0.0% |  -14.240 |      -48.6 |    155 | ex_stage_i.i_mult.i_multiplier.mult_result_q[62]$_DFF_PN0_/D
      100 |       0 |      60 |       24 |      0 |    14 |    +0.0% |  -14.240 |      -48.6 |    155 | ex_stage_i.i_mult.i_multiplier.mult_result_q[62]$_DFF_PN0_/D
      100 |       0 |      60 |       24 |      0 |    14 |    +0.0% |  -14.240 |      -48.6 |    154 | ex_stage_i.i_mult.i_multiplier.mult_result_q[62]$_DFF_PN0_/D
      101 |       0 |      60 |       24 |      0 |    14 |    +0.0% |  -14.240 |      -48.6 |    153 | ex_stage_i.i_mult.i_multiplier.mult_result_q[62]$_DFF_PN0_/D
      102 |       0 |      60 |       24 |      0 |    14 |    +0.0% |  -14.240 |      -48.6 |    152 | ex_stage_i.i_mult.i_multiplier.mult_result_q[62]$_DFF_PN0_/D
      103 |       0 |      60 |       24 |      0 |    14 |    +0.0% |  -14.240 |      -48.6 |    151 | ex_stage_i.i_mult.i_multiplier.mult_result_q[62]$_DFF_PN0_/D
      104 |       0 |      60 |       24 |      0 |    14 |    +0.0% |  -14.240 |      -48.6 |    150 | ex_stage_i.i_mult.i_multiplier.mult_result_q[62]$_DFF_PN0_/D
      105 |       0 |      60 |       24 |      0 |    14 |    +0.0% |  -14.240 |      -48.6 |    149 | ex_stage_i.i_mult.i_multiplier.mult_result_q[62]$_DFF_PN0_/D
      106 |       0 |      60 |       24 |      0 |    14 |    +0.0% |  -14.240 |      -48.6 |    148 | ex_stage_i.i_mult.i_multiplier.mult_result_q[62]$_DFF_PN0_/D
      107 |       0 |      60 |       24 |      0 |    14 |    +0.0% |  -14.240 |      -48.6 |    147 | ex_stage_i.i_mult.i_multiplier.mult_result_q[62]$_DFF_PN0_/D
      108 |       0 |      60 |       24 |      0 |    14 |    +0.0% |  -14.240 |      -48.6 |    146 | ex_stage_i.i_mult.i_multiplier.mult_result_q[62]$_DFF_PN0_/D
      109 |       0 |      60 |       24 |      0 |    14 |    +0.0% |  -14.240 |      -48.6 |    145 | ex_stage_i.i_mult.i_multiplier.mult_result_q[62]$_DFF_PN0_/D
      110 |       0 |      60 |       24 |      0 |    14 |    +0.0% |  -14.240 |      -48.6 |    145 | ex_stage_i.i_mult.i_multiplier.mult_result_q[62]$_DFF_PN0_/D
      110 |       0 |      60 |       24 |      0 |    14 |    +0.0% |  -14.240 |      -48.6 |    144 | ex_stage_i.i_mult.i_multiplier.mult_result_q[62]$_DFF_PN0_/D
      111 |       0 |      60 |       24 |      0 |    14 |    +0.0% |  -14.240 |      -48.6 |    143 | ex_stage_i.i_mult.i_multiplier.mult_result_q[62]$_DFF_PN0_/D
      112 |       0 |      60 |       24 |      0 |    14 |    +0.0% |  -14.240 |      -48.6 |    142 | ex_stage_i.i_mult.i_multiplier.mult_result_q[62]$_DFF_PN0_/D
      113 |       0 |      60 |       24 |      0 |    14 |    +0.0% |  -14.240 |      -48.6 |    141 | ex_stage_i.i_mult.i_multiplier.mult_result_q[62]$_DFF_PN0_/D
      114 |       0 |      60 |       24 |      0 |    14 |    +0.0% |  -14.240 |      -48.6 |    140 | ex_stage_i.i_mult.i_multiplier.mult_result_q[62]$_DFF_PN0_/D
      115 |       0 |      60 |       24 |      0 |    14 |    +0.0% |  -14.240 |      -48.6 |    139 | ex_stage_i.i_mult.i_multiplier.mult_result_q[62]$_DFF_PN0_/D
      116 |       0 |      60 |       24 |      0 |    14 |    +0.0% |  -14.240 |      -48.6 |    138 | ex_stage_i.i_mult.i_multiplier.mult_result_q[62]$_DFF_PN0_/D
      117 |       0 |      60 |       24 |      0 |    14 |    +0.0% |  -14.240 |      -48.6 |    137 | ex_stage_i.i_mult.i_multiplier.mult_result_q[62]$_DFF_PN0_/D
      118 |       0 |      60 |       24 |      0 |    14 |    +0.0% |  -14.240 |      -48.6 |    136 | ex_stage_i.i_mult.i_multiplier.mult_result_q[62]$_DFF_PN0_/D
      119 |       0 |      60 |       24 |      0 |    14 |    +0.0% |  -14.240 |      -48.6 |    135 | ex_stage_i.i_mult.i_multiplier.mult_result_q[62]$_DFF_PN0_/D
      120 |       0 |      60 |       24 |      0 |    14 |    +0.0% |  -14.240 |      -48.6 |    135 | ex_stage_i.i_mult.i_multiplier.mult_result_q[62]$_DFF_PN0_/D
      120 |       0 |      60 |       24 |      0 |    14 |    +0.0% |  -14.240 |      -48.6 |    134 | ex_stage_i.i_mult.i_multiplier.mult_result_q[62]$_DFF_PN0_/D
      121 |       0 |      60 |       24 |      0 |    14 |    +0.0% |  -14.240 |      -48.6 |    133 | ex_stage_i.i_mult.i_multiplier.mult_result_q[62]$_DFF_PN0_/D
      122 |       0 |      60 |       24 |      0 |    14 |    +0.0% |  -14.240 |      -48.6 |    132 | ex_stage_i.i_mult.i_multiplier.mult_result_q[62]$_DFF_PN0_/D
      123 |       0 |      60 |       24 |      0 |    14 |    +0.0% |  -14.240 |      -48.6 |    131 | ex_stage_i.i_mult.i_multiplier.mult_result_q[62]$_DFF_PN0_/D
      124 |       0 |      60 |       24 |      0 |    14 |    +0.0% |  -14.240 |      -48.6 |    130 | ex_stage_i.i_mult.i_multiplier.mult_result_q[62]$_DFF_PN0_/D
      125 |       0 |      60 |       24 |      0 |    14 |    +0.0% |  -14.240 |      -48.6 |    129 | ex_stage_i.i_mult.i_multiplier.mult_result_q[62]$_DFF_PN0_/D
      126 |       0 |      60 |       24 |      0 |    14 |    +0.0% |  -14.240 |      -48.6 |    128 | ex_stage_i.i_mult.i_multiplier.mult_result_q[62]$_DFF_PN0_/D
      127 |       0 |      60 |       24 |      0 |    14 |    +0.0% |  -14.240 |      -48.6 |    127 | ex_stage_i.i_mult.i_multiplier.mult_result_q[62]$_DFF_PN0_/D
      128 |       0 |      60 |       24 |      0 |    14 |    +0.0% |  -14.240 |      -48.6 |    126 | ex_stage_i.i_mult.i_multiplier.mult_result_q[62]$_DFF_PN0_/D
      129 |       0 |      60 |       24 |      0 |    14 |    +0.0% |  -14.240 |      -48.6 |    125 | ex_stage_i.i_mult.i_multiplier.mult_result_q[62]$_DFF_PN0_/D
      130 |       0 |      60 |       24 |      0 |    14 |    +0.0% |  -14.240 |      -48.6 |    125 | ex_stage_i.i_mult.i_multiplier.mult_result_q[62]$_DFF_PN0_/D
      130 |       0 |      60 |       24 |      0 |    14 |    +0.0% |  -14.240 |      -48.6 |    124 | ex_stage_i.i_mult.i_multiplier.mult_result_q[62]$_DFF_PN0_/D
      131 |       0 |      60 |       24 |      0 |    14 |    +0.0% |  -14.240 |      -48.6 |    123 | ex_stage_i.i_mult.i_multiplier.mult_result_q[62]$_DFF_PN0_/D
      140 |       0 |      63 |       26 |      0 |    17 |    +0.0% |  -14.240 |      -39.0 |    123 | ex_stage_i.i_mult.i_multiplier.mult_result_q[62]$_DFF_PN0_/D
      144 |       0 |      65 |       27 |      0 |    18 |    +0.0% |  -14.240 |      -33.4 |    121 | ex_stage_i.i_mult.i_multiplier.mult_result_q[62]$_DFF_PN0_/D
      145 |       0 |      65 |       27 |      0 |    18 |    +0.0% |  -14.240 |      -33.4 |    120 | ex_stage_i.i_mult.i_multiplier.mult_result_q[62]$_DFF_PN0_/D
      146 |       0 |      65 |       27 |      0 |    18 |    +0.0% |  -14.240 |      -33.4 |    119 | ex_stage_i.i_mult.i_multiplier.mult_result_q[62]$_DFF_PN0_/D
      147 |       0 |      65 |       27 |      0 |    18 |    +0.0% |  -14.240 |      -33.4 |    118 | ex_stage_i.i_mult.i_multiplier.mult_result_q[62]$_DFF_PN0_/D
      148 |       0 |      65 |       27 |      0 |    18 |    +0.0% |  -14.240 |      -33.4 |    117 | ex_stage_i.i_mult.i_multiplier.mult_result_q[62]$_DFF_PN0_/D
      149 |       0 |      65 |       27 |      0 |    18 |    +0.0% |  -14.240 |      -33.4 |    116 | ex_stage_i.i_mult.i_multiplier.mult_result_q[62]$_DFF_PN0_/D
      150 |       0 |      65 |       27 |      0 |    18 |    +0.0% |  -14.240 |      -33.4 |    116 | ex_stage_i.i_mult.i_multiplier.mult_result_q[62]$_DFF_PN0_/D
      150 |       0 |      65 |       27 |      0 |    18 |    +0.0% |  -14.240 |      -33.4 |    115 | ex_stage_i.i_mult.i_multiplier.mult_result_q[62]$_DFF_PN0_/D
      151 |       0 |      65 |       27 |      0 |    18 |    +0.0% |  -14.240 |      -33.4 |    114 | ex_stage_i.i_mult.i_multiplier.mult_result_q[62]$_DFF_PN0_/D
      152 |       0 |      65 |       27 |      0 |    18 |    +0.0% |  -14.240 |      -33.4 |    113 | ex_stage_i.i_mult.i_multiplier.mult_result_q[62]$_DFF_PN0_/D
      153 |       0 |      65 |       27 |      0 |    18 |    +0.0% |  -14.240 |      -33.4 |    112 | ex_stage_i.i_mult.i_multiplier.mult_result_q[62]$_DFF_PN0_/D
      154 |       0 |      65 |       27 |      0 |    18 |    +0.0% |  -14.240 |      -33.4 |    111 | ex_stage_i.i_mult.i_multiplier.mult_result_q[62]$_DFF_PN0_/D
      155 |       0 |      65 |       27 |      0 |    18 |    +0.0% |  -14.240 |      -33.4 |    110 | ex_stage_i.i_mult.i_multiplier.mult_result_q[62]$_DFF_PN0_/D
      156 |       0 |      65 |       27 |      0 |    18 |    +0.0% |  -14.240 |      -33.4 |    109 | ex_stage_i.i_mult.i_multiplier.mult_result_q[62]$_DFF_PN0_/D
      157 |       0 |      65 |       27 |      0 |    18 |    +0.0% |  -14.240 |      -33.4 |    108 | ex_stage_i.i_mult.i_multiplier.mult_result_q[62]$_DFF_PN0_/D
      158 |       0 |      65 |       27 |      0 |    18 |    +0.0% |  -14.240 |      -33.4 |    107 | ex_stage_i.i_mult.i_multiplier.mult_result_q[62]$_DFF_PN0_/D
      159 |       0 |      65 |       27 |      0 |    18 |    +0.0% |  -14.240 |      -33.4 |    106 | ex_stage_i.i_mult.i_multiplier.mult_result_q[62]$_DFF_PN0_/D
      160 |       0 |      65 |       27 |      0 |    18 |    +0.0% |  -14.240 |      -33.4 |    106 | ex_stage_i.i_mult.i_multiplier.mult_result_q[62]$_DFF_PN0_/D
      160 |       0 |      65 |       27 |      0 |    18 |    +0.0% |  -14.240 |      -33.4 |    105 | ex_stage_i.i_mult.i_multiplier.mult_result_q[62]$_DFF_PN0_/D
      161 |       0 |      65 |       27 |      0 |    18 |    +0.0% |  -14.240 |      -33.4 |    104 | ex_stage_i.i_mult.i_multiplier.mult_result_q[62]$_DFF_PN0_/D
      162 |       0 |      65 |       27 |      0 |    18 |    +0.0% |  -14.240 |      -33.4 |    103 | ex_stage_i.i_mult.i_multiplier.mult_result_q[62]$_DFF_PN0_/D
      163 |       0 |      65 |       27 |      0 |    18 |    +0.0% |  -14.240 |      -33.4 |    102 | ex_stage_i.i_mult.i_multiplier.mult_result_q[62]$_DFF_PN0_/D
      164 |       0 |      65 |       27 |      0 |    18 |    +0.0% |  -14.240 |      -33.4 |    101 | ex_stage_i.i_mult.i_multiplier.mult_result_q[62]$_DFF_PN0_/D
      165 |       0 |      65 |       27 |      0 |    18 |    +0.0% |  -14.240 |      -33.4 |    100 | ex_stage_i.i_mult.i_multiplier.mult_result_q[62]$_DFF_PN0_/D
      166 |       0 |      65 |       27 |      0 |    18 |    +0.0% |  -14.240 |      -33.4 |     99 | ex_stage_i.i_mult.i_multiplier.mult_result_q[62]$_DFF_PN0_/D
      167 |       0 |      65 |       27 |      0 |    18 |    +0.0% |  -14.240 |      -33.4 |     98 | ex_stage_i.i_mult.i_multiplier.mult_result_q[62]$_DFF_PN0_/D
      168 |       0 |      65 |       27 |      0 |    18 |    +0.0% |  -14.240 |      -33.4 |     97 | ex_stage_i.i_mult.i_multiplier.mult_result_q[62]$_DFF_PN0_/D
      169 |       0 |      65 |       27 |      0 |    18 |    +0.0% |  -14.240 |      -33.4 |     96 | ex_stage_i.i_mult.i_multiplier.mult_result_q[62]$_DFF_PN0_/D
      170 |       0 |      65 |       27 |      0 |    18 |    +0.0% |  -14.240 |      -33.4 |     96 | ex_stage_i.i_mult.i_multiplier.mult_result_q[62]$_DFF_PN0_/D
      170 |       0 |      65 |       27 |      0 |    18 |    +0.0% |  -14.240 |      -33.4 |     95 | ex_stage_i.i_mult.i_multiplier.mult_result_q[62]$_DFF_PN0_/D
      171 |       0 |      65 |       27 |      0 |    18 |    +0.0% |  -14.240 |      -33.4 |     94 | ex_stage_i.i_mult.i_multiplier.mult_result_q[62]$_DFF_PN0_/D
      172 |       0 |      65 |       27 |      0 |    18 |    +0.0% |  -14.240 |      -33.4 |     93 | ex_stage_i.i_mult.i_multiplier.mult_result_q[62]$_DFF_PN0_/D
      173 |       0 |      65 |       27 |      0 |    18 |    +0.0% |  -14.240 |      -33.4 |     92 | ex_stage_i.i_mult.i_multiplier.mult_result_q[62]$_DFF_PN0_/D
      174 |       0 |      65 |       27 |      0 |    18 |    +0.0% |  -14.240 |      -33.4 |     91 | ex_stage_i.i_mult.i_multiplier.mult_result_q[62]$_DFF_PN0_/D
      175 |       0 |      65 |       27 |      0 |    18 |    +0.0% |  -14.240 |      -33.4 |     90 | ex_stage_i.i_mult.i_multiplier.mult_result_q[62]$_DFF_PN0_/D
      176 |       0 |      65 |       27 |      0 |    18 |    +0.0% |  -14.240 |      -33.4 |     89 | ex_stage_i.i_mult.i_multiplier.mult_result_q[62]$_DFF_PN0_/D
      177 |       0 |      65 |       27 |      0 |    18 |    +0.0% |  -14.240 |      -33.4 |     88 | ex_stage_i.i_mult.i_multiplier.mult_result_q[62]$_DFF_PN0_/D
      178 |       0 |      65 |       27 |      0 |    18 |    +0.0% |  -14.240 |      -33.4 |     87 | ex_stage_i.i_mult.i_multiplier.mult_result_q[62]$_DFF_PN0_/D
      179 |       0 |      65 |       27 |      0 |    18 |    +0.0% |  -14.240 |      -33.4 |     86 | ex_stage_i.i_mult.i_multiplier.mult_result_q[62]$_DFF_PN0_/D
      180 |       0 |      65 |       27 |      0 |    18 |    +0.0% |  -14.240 |      -33.4 |     86 | ex_stage_i.i_mult.i_multiplier.mult_result_q[62]$_DFF_PN0_/D
      180 |       0 |      65 |       27 |      0 |    18 |    +0.0% |  -14.240 |      -33.4 |     85 | ex_stage_i.i_mult.i_multiplier.mult_result_q[62]$_DFF_PN0_/D
      181 |       0 |      65 |       27 |      0 |    18 |    +0.0% |  -14.240 |      -33.4 |     84 | ex_stage_i.i_mult.i_multiplier.mult_result_q[62]$_DFF_PN0_/D
      182 |       0 |      65 |       27 |      0 |    18 |    +0.0% |  -14.240 |      -33.4 |     83 | ex_stage_i.i_mult.i_multiplier.mult_result_q[62]$_DFF_PN0_/D
      183 |       0 |      65 |       27 |      0 |    18 |    +0.0% |  -14.240 |      -33.4 |     82 | ex_stage_i.i_mult.i_multiplier.mult_result_q[62]$_DFF_PN0_/D
      184 |       0 |      65 |       27 |      0 |    18 |    +0.0% |  -14.240 |      -33.4 |     81 | ex_stage_i.i_mult.i_multiplier.mult_result_q[62]$_DFF_PN0_/D
      185 |       0 |      65 |       27 |      0 |    18 |    +0.0% |  -14.240 |      -33.4 |     80 | ex_stage_i.i_mult.i_multiplier.mult_result_q[62]$_DFF_PN0_/D
      186 |       0 |      65 |       27 |      0 |    18 |    +0.0% |  -14.240 |      -33.4 |     79 | ex_stage_i.i_mult.i_multiplier.mult_result_q[62]$_DFF_PN0_/D
      187 |       0 |      65 |       27 |      0 |    18 |    +0.0% |  -14.240 |      -33.4 |     78 | ex_stage_i.i_mult.i_multiplier.mult_result_q[62]$_DFF_PN0_/D
      188 |       0 |      65 |       27 |      0 |    18 |    +0.0% |  -14.240 |      -33.4 |     77 | ex_stage_i.i_mult.i_multiplier.mult_result_q[62]$_DFF_PN0_/D
      189 |       0 |      65 |       27 |      0 |    18 |    +0.0% |  -14.240 |      -33.4 |     76 | ex_stage_i.i_mult.i_multiplier.mult_result_q[62]$_DFF_PN0_/D
      190 |       0 |      65 |       27 |      0 |    18 |    +0.0% |  -14.240 |      -33.4 |     76 | ex_stage_i.i_mult.i_multiplier.mult_result_q[62]$_DFF_PN0_/D
      190 |       0 |      65 |       27 |      0 |    18 |    +0.0% |  -14.240 |      -33.4 |     75 | ex_stage_i.i_mult.i_multiplier.mult_result_q[62]$_DFF_PN0_/D
      191 |       0 |      65 |       27 |      0 |    18 |    +0.0% |  -14.240 |      -33.4 |     74 | ex_stage_i.i_mult.i_multiplier.mult_result_q[62]$_DFF_PN0_/D
      192 |       0 |      65 |       27 |      0 |    18 |    +0.0% |  -14.240 |      -33.4 |     73 | ex_stage_i.i_mult.i_multiplier.mult_result_q[62]$_DFF_PN0_/D
      193 |       0 |      65 |       27 |      0 |    18 |    +0.0% |  -14.240 |      -33.4 |     72 | ex_stage_i.i_mult.i_multiplier.mult_result_q[62]$_DFF_PN0_/D
      194 |       0 |      65 |       27 |      0 |    18 |    +0.0% |  -14.240 |      -33.4 |     71 | ex_stage_i.i_mult.i_multiplier.mult_result_q[62]$_DFF_PN0_/D
      195 |       0 |      65 |       27 |      0 |    18 |    +0.0% |  -14.240 |      -33.4 |     70 | ex_stage_i.i_mult.i_multiplier.mult_result_q[62]$_DFF_PN0_/D
      196 |       0 |      65 |       27 |      0 |    18 |    +0.0% |  -14.240 |      -33.4 |     69 | ex_stage_i.i_mult.i_multiplier.mult_result_q[62]$_DFF_PN0_/D
      197 |       0 |      65 |       27 |      0 |    18 |    +0.0% |  -14.240 |      -33.4 |     68 | ex_stage_i.i_mult.i_multiplier.mult_result_q[62]$_DFF_PN0_/D
      198 |       0 |      65 |       27 |      0 |    18 |    +0.0% |  -14.240 |      -33.4 |     67 | ex_stage_i.i_mult.i_multiplier.mult_result_q[62]$_DFF_PN0_/D
      199 |       0 |      65 |       27 |      0 |    18 |    +0.0% |  -14.240 |      -33.4 |     66 | ex_stage_i.i_mult.i_multiplier.mult_result_q[62]$_DFF_PN0_/D
      200 |       0 |      65 |       27 |      0 |    18 |    +0.0% |  -14.240 |      -33.4 |     66 | ex_stage_i.i_mult.i_multiplier.mult_result_q[62]$_DFF_PN0_/D
      200 |       0 |      65 |       27 |      0 |    18 |    +0.0% |  -14.240 |      -33.4 |     65 | ex_stage_i.i_mult.i_multiplier.mult_result_q[62]$_DFF_PN0_/D
      201 |       0 |      65 |       27 |      0 |    18 |    +0.0% |  -14.240 |      -33.4 |     64 | ex_stage_i.i_mult.i_multiplier.mult_result_q[62]$_DFF_PN0_/D
      202 |       0 |      65 |       27 |      0 |    18 |    +0.0% |  -14.240 |      -33.4 |     63 | ex_stage_i.i_mult.i_multiplier.mult_result_q[62]$_DFF_PN0_/D
      204 |       0 |      66 |       27 |      0 |    18 |    +0.0% |  -14.240 |      -17.0 |     61 | ex_stage_i.i_mult.i_multiplier.mult_result_q[62]$_DFF_PN0_/D
      205 |       0 |      66 |       27 |      0 |    18 |    +0.0% |  -14.240 |      -17.0 |     60 | ex_stage_i.i_mult.i_multiplier.mult_result_q[62]$_DFF_PN0_/D
      206 |       0 |      66 |       27 |      0 |    18 |    +0.0% |  -14.240 |      -17.0 |     59 | ex_stage_i.i_mult.i_multiplier.mult_result_q[62]$_DFF_PN0_/D
      207 |       0 |      66 |       27 |      0 |    18 |    +0.0% |  -14.240 |      -17.0 |     58 | ex_stage_i.i_mult.i_multiplier.mult_result_q[62]$_DFF_PN0_/D
      208 |       0 |      66 |       27 |      0 |    18 |    +0.0% |  -14.240 |      -17.0 |     57 | ex_stage_i.i_mult.i_multiplier.mult_result_q[62]$_DFF_PN0_/D
      209 |       0 |      66 |       27 |      0 |    18 |    +0.0% |  -14.240 |      -17.0 |     56 | ex_stage_i.i_mult.i_multiplier.mult_result_q[62]$_DFF_PN0_/D
      210 |       0 |      66 |       27 |      0 |    18 |    +0.0% |  -14.240 |      -17.0 |     56 | ex_stage_i.i_mult.i_multiplier.mult_result_q[62]$_DFF_PN0_/D
      210 |       0 |      66 |       27 |      0 |    18 |    +0.0% |  -14.240 |      -17.0 |     55 | ex_stage_i.i_mult.i_multiplier.mult_result_q[62]$_DFF_PN0_/D
      211 |       0 |      66 |       27 |      0 |    18 |    +0.0% |  -14.240 |      -17.0 |     54 | ex_stage_i.i_mult.i_multiplier.mult_result_q[62]$_DFF_PN0_/D
      212 |       0 |      66 |       27 |      0 |    18 |    +0.0% |  -14.240 |      -17.0 |     53 | ex_stage_i.i_mult.i_multiplier.mult_result_q[62]$_DFF_PN0_/D
      213 |       0 |      66 |       27 |      0 |    18 |    +0.0% |  -14.240 |      -17.0 |     52 | ex_stage_i.i_mult.i_multiplier.mult_result_q[62]$_DFF_PN0_/D
      214 |       0 |      66 |       27 |      0 |    18 |    +0.0% |  -14.240 |      -17.0 |     51 | ex_stage_i.i_mult.i_multiplier.mult_result_q[62]$_DFF_PN0_/D
      215 |       0 |      66 |       27 |      0 |    18 |    +0.0% |  -14.240 |      -17.0 |     50 | ex_stage_i.i_mult.i_multiplier.mult_result_q[62]$_DFF_PN0_/D
      216 |       0 |      66 |       27 |      0 |    18 |    +0.0% |  -14.240 |      -17.0 |     49 | ex_stage_i.i_mult.i_multiplier.mult_result_q[62]$_DFF_PN0_/D
      217 |       0 |      66 |       27 |      0 |    18 |    +0.0% |  -14.240 |      -17.0 |     48 | ex_stage_i.i_mult.i_multiplier.mult_result_q[62]$_DFF_PN0_/D
      218 |       0 |      66 |       27 |      0 |    18 |    +0.0% |  -14.240 |      -17.0 |     47 | ex_stage_i.i_mult.i_multiplier.mult_result_q[62]$_DFF_PN0_/D
      219 |       0 |      66 |       27 |      0 |    18 |    +0.0% |  -14.240 |      -17.0 |     46 | ex_stage_i.i_mult.i_multiplier.mult_result_q[62]$_DFF_PN0_/D
      220 |       0 |      66 |       27 |      0 |    18 |    +0.0% |  -14.240 |      -17.0 |     46 | ex_stage_i.i_mult.i_multiplier.mult_result_q[62]$_DFF_PN0_/D
      220 |       0 |      66 |       27 |      0 |    18 |    +0.0% |  -14.240 |      -17.0 |     45 | ex_stage_i.i_mult.i_multiplier.mult_result_q[62]$_DFF_PN0_/D
      221 |       0 |      66 |       27 |      0 |    18 |    +0.0% |  -14.240 |      -17.0 |     44 | ex_stage_i.i_mult.i_multiplier.mult_result_q[62]$_DFF_PN0_/D
      222 |       0 |      66 |       27 |      0 |    18 |    +0.0% |  -14.240 |      -17.0 |     43 | ex_stage_i.i_mult.i_multiplier.mult_result_q[62]$_DFF_PN0_/D
      223 |       0 |      66 |       27 |      0 |    18 |    +0.0% |  -14.240 |      -17.0 |     42 | ex_stage_i.i_mult.i_multiplier.mult_result_q[62]$_DFF_PN0_/D
      224 |       0 |      66 |       27 |      0 |    18 |    +0.0% |  -14.240 |      -17.0 |     41 | ex_stage_i.i_mult.i_multiplier.mult_result_q[62]$_DFF_PN0_/D
      225 |       0 |      66 |       27 |      0 |    18 |    +0.0% |  -14.240 |      -17.0 |     40 | ex_stage_i.i_mult.i_multiplier.mult_result_q[62]$_DFF_PN0_/D
      226 |       0 |      66 |       27 |      0 |    18 |    +0.0% |  -14.240 |      -17.0 |     39 | ex_stage_i.i_mult.i_multiplier.mult_result_q[62]$_DFF_PN0_/D
      227 |       0 |      66 |       27 |      0 |    18 |    +0.0% |  -14.240 |      -17.0 |     38 | ex_stage_i.i_mult.i_multiplier.mult_result_q[62]$_DFF_PN0_/D
      228 |       0 |      66 |       27 |      0 |    18 |    +0.0% |  -14.240 |      -17.0 |     37 | ex_stage_i.i_mult.i_multiplier.mult_result_q[62]$_DFF_PN0_/D
      229 |       0 |      66 |       27 |      0 |    18 |    +0.0% |  -14.240 |      -17.0 |     36 | ex_stage_i.i_mult.i_multiplier.mult_result_q[62]$_DFF_PN0_/D
      230 |       0 |      66 |       27 |      0 |    18 |    +0.0% |  -14.240 |      -17.0 |     36 | ex_stage_i.i_mult.i_multiplier.mult_result_q[62]$_DFF_PN0_/D
      230 |       0 |      66 |       27 |      0 |    18 |    +0.0% |  -14.240 |      -17.0 |     35 | ex_stage_i.i_mult.i_multiplier.mult_result_q[62]$_DFF_PN0_/D
      231 |       0 |      66 |       27 |      0 |    18 |    +0.0% |  -14.240 |      -17.0 |     34 | ex_stage_i.i_mult.i_multiplier.mult_result_q[62]$_DFF_PN0_/D
      232 |       0 |      66 |       27 |      0 |    18 |    +0.0% |  -14.240 |      -17.0 |     33 | ex_stage_i.i_mult.i_multiplier.mult_result_q[62]$_DFF_PN0_/D
      233 |       0 |      66 |       27 |      0 |    18 |    +0.0% |  -14.240 |      -17.0 |     32 | ex_stage_i.i_mult.i_multiplier.mult_result_q[62]$_DFF_PN0_/D
      234 |       0 |      66 |       27 |      0 |    18 |    +0.0% |  -14.240 |      -17.0 |     31 | ex_stage_i.i_mult.i_multiplier.mult_result_q[62]$_DFF_PN0_/D
      235 |       0 |      66 |       27 |      0 |    18 |    +0.0% |  -14.240 |      -17.0 |     30 | ex_stage_i.i_mult.i_multiplier.mult_result_q[62]$_DFF_PN0_/D
      239 |       0 |      67 |       28 |      0 |    19 |    +0.0% |  -14.240 |      -14.2 |     28 | ex_stage_i.i_mult.i_multiplier.mult_result_q[62]$_DFF_PN0_/D
      240 |       0 |      67 |       28 |      0 |    19 |    +0.0% |  -14.240 |      -14.2 |     28 | ex_stage_i.i_mult.i_multiplier.mult_result_q[62]$_DFF_PN0_/D
      240 |       0 |      67 |       28 |      0 |    19 |    +0.0% |  -14.240 |      -14.2 |     27 | ex_stage_i.i_mult.i_multiplier.mult_result_q[62]$_DFF_PN0_/D
      241 |       0 |      67 |       28 |      0 |    19 |    +0.0% |  -14.240 |      -14.2 |     26 | ex_stage_i.i_mult.i_multiplier.mult_result_q[62]$_DFF_PN0_/D
      242 |       0 |      67 |       28 |      0 |    19 |    +0.0% |  -14.240 |      -14.2 |     25 | ex_stage_i.i_mult.i_multiplier.mult_result_q[62]$_DFF_PN0_/D
      243 |       0 |      67 |       28 |      0 |    19 |    +0.0% |  -14.240 |      -14.2 |     24 | ex_stage_i.i_mult.i_multiplier.mult_result_q[62]$_DFF_PN0_/D
      244 |       0 |      67 |       28 |      0 |    19 |    +0.0% |  -14.240 |      -14.2 |     23 | ex_stage_i.i_mult.i_multiplier.mult_result_q[62]$_DFF_PN0_/D
      245 |       0 |      67 |       28 |      0 |    19 |    +0.0% |  -14.240 |      -14.2 |     22 | ex_stage_i.i_mult.i_multiplier.mult_result_q[62]$_DFF_PN0_/D
      246 |       0 |      67 |       28 |      0 |    19 |    +0.0% |  -14.240 |      -14.2 |     21 | ex_stage_i.i_mult.i_multiplier.mult_result_q[62]$_DFF_PN0_/D
      247 |       0 |      67 |       28 |      0 |    19 |    +0.0% |  -14.240 |      -14.2 |     20 | ex_stage_i.i_mult.i_multiplier.mult_result_q[62]$_DFF_PN0_/D
      248 |       0 |      67 |       28 |      0 |    19 |    +0.0% |  -14.240 |      -14.2 |     19 | ex_stage_i.i_mult.i_multiplier.mult_result_q[62]$_DFF_PN0_/D
      249 |       0 |      67 |       28 |      0 |    19 |    +0.0% |  -14.240 |      -14.2 |     18 | ex_stage_i.i_mult.i_multiplier.mult_result_q[62]$_DFF_PN0_/D
      250 |       0 |      67 |       28 |      0 |    19 |    +0.0% |  -14.240 |      -14.2 |     18 | ex_stage_i.i_mult.i_multiplier.mult_result_q[62]$_DFF_PN0_/D
      250 |       0 |      67 |       28 |      0 |    19 |    +0.0% |  -14.240 |      -14.2 |     17 | ex_stage_i.i_mult.i_multiplier.mult_result_q[62]$_DFF_PN0_/D
      251 |       0 |      67 |       28 |      0 |    19 |    +0.0% |  -14.240 |      -14.2 |     16 | ex_stage_i.i_mult.i_multiplier.mult_result_q[62]$_DFF_PN0_/D
      252 |       0 |      67 |       28 |      0 |    19 |    +0.0% |  -14.240 |      -14.2 |     15 | ex_stage_i.i_mult.i_multiplier.mult_result_q[62]$_DFF_PN0_/D
      253 |       0 |      67 |       28 |      0 |    19 |    +0.0% |  -14.240 |      -14.2 |     14 | ex_stage_i.i_mult.i_multiplier.mult_result_q[62]$_DFF_PN0_/D
      254 |       0 |      67 |       28 |      0 |    19 |    +0.0% |  -14.240 |      -14.2 |     13 | ex_stage_i.i_mult.i_multiplier.mult_result_q[62]$_DFF_PN0_/D
      255 |       0 |      67 |       28 |      0 |    19 |    +0.0% |  -14.240 |      -14.2 |     12 | ex_stage_i.i_mult.i_multiplier.mult_result_q[62]$_DFF_PN0_/D
      256 |       0 |      67 |       28 |      0 |    19 |    +0.0% |  -14.240 |      -14.2 |     11 | ex_stage_i.i_mult.i_multiplier.mult_result_q[62]$_DFF_PN0_/D
      257 |       0 |      67 |       28 |      0 |    19 |    +0.0% |  -14.240 |      -14.2 |     10 | ex_stage_i.i_mult.i_multiplier.mult_result_q[62]$_DFF_PN0_/D
      258 |       0 |      67 |       28 |      0 |    19 |    +0.0% |  -14.240 |      -14.2 |      9 | ex_stage_i.i_mult.i_multiplier.mult_result_q[62]$_DFF_PN0_/D
      259 |       0 |      67 |       28 |      0 |    19 |    +0.0% |  -14.240 |      -14.2 |      8 | ex_stage_i.i_mult.i_multiplier.mult_result_q[62]$_DFF_PN0_/D
      260 |       0 |      67 |       28 |      0 |    19 |    +0.0% |  -14.240 |      -14.2 |      8 | ex_stage_i.i_mult.i_multiplier.mult_result_q[62]$_DFF_PN0_/D
      260 |       0 |      67 |       28 |      0 |    19 |    +0.0% |  -14.240 |      -14.2 |      7 | ex_stage_i.i_mult.i_multiplier.mult_result_q[62]$_DFF_PN0_/D
      261 |       0 |      67 |       28 |      0 |    19 |    +0.0% |  -14.240 |      -14.2 |      6 | ex_stage_i.i_mult.i_multiplier.mult_result_q[62]$_DFF_PN0_/D
      262 |       0 |      67 |       28 |      0 |    19 |    +0.0% |  -14.240 |      -14.2 |      5 | ex_stage_i.i_mult.i_multiplier.mult_result_q[62]$_DFF_PN0_/D
      263 |       0 |      67 |       28 |      0 |    19 |    +0.0% |  -14.240 |      -14.2 |      4 | ex_stage_i.i_mult.i_multiplier.mult_result_q[62]$_DFF_PN0_/D
      264 |       0 |      67 |       28 |      0 |    19 |    +0.0% |  -14.240 |      -14.2 |      3 | ex_stage_i.i_mult.i_multiplier.mult_result_q[62]$_DFF_PN0_/D
      265 |       0 |      67 |       28 |      0 |    19 |    +0.0% |  -14.240 |      -14.2 |      2 | ex_stage_i.i_mult.i_multiplier.mult_result_q[62]$_DFF_PN0_/D
      266 |       0 |      67 |       28 |      0 |    19 |    +0.0% |  -14.240 |      -14.2 |      1 | ex_stage_i.i_mult.i_multiplier.mult_result_q[62]$_DFF_PN0_/D
      267 |       0 |      67 |       28 |      0 |    19 |    +0.0% |  -14.240 |      -14.2 |      0 | ex_stage_i.i_mult.i_multiplier.mult_result_q[62]$_DFF_PN0_/D
      268 |       0 |      67 |       28 |      0 |    19 |    +0.0% |  -14.240 |      -14.2 |      0 | ex_stage_i.i_mult.i_multiplier.mult_result_q[62]$_DFF_PN0_/D
      269 |       0 |      67 |       28 |      0 |    19 |    +0.0% |  -14.240 |      -14.2 |      0 | ex_stage_i.i_mult.i_multiplier.mult_result_q[62]$_DFF_PN0_/D
      270 |       0 |      67 |       28 |      0 |    19 |    +0.0% |  -14.240 |      -14.2 |      0 | ex_stage_i.i_mult.i_multiplier.mult_result_q[62]$_DFF_PN0_/D
      270 |       0 |      67 |       28 |      0 |    19 |    +0.0% |  -14.240 |      -14.2 |      0 | ex_stage_i.i_mult.i_multiplier.mult_result_q[62]$_DFF_PN0_/D
      271 |       0 |      67 |       28 |      0 |    19 |    +0.0% |  -14.240 |      -14.2 |      0 | ex_stage_i.i_mult.i_multiplier.mult_result_q[62]$_DFF_PN0_/D
      272 |       0 |      67 |       28 |      0 |    19 |    +0.0% |  -14.240 |      -14.2 |      0 | ex_stage_i.i_mult.i_multiplier.mult_result_q[62]$_DFF_PN0_/D
      273 |       0 |      67 |       28 |      0 |    19 |    +0.0% |  -14.240 |      -14.2 |      0 | ex_stage_i.i_mult.i_multiplier.mult_result_q[62]$_DFF_PN0_/D
      274 |       0 |      67 |       28 |      0 |    19 |    +0.0% |  -14.240 |      -14.2 |      0 | ex_stage_i.i_mult.i_multiplier.mult_result_q[62]$_DFF_PN0_/D
      275 |       0 |      67 |       28 |      0 |    19 |    +0.0% |  -14.240 |      -14.2 |      0 | ex_stage_i.i_mult.i_multiplier.mult_result_q[62]$_DFF_PN0_/D
     280* |       0 |      71 |       28 |      0 |    19 |    +0.0% |  -12.904 |      -12.9 |      1 | ex_stage_i.i_mult.i_multiplier.mult_result_q[62]$_DFF_PN0_/D
     282* |       0 |      73 |       28 |      0 |    19 |    +0.0% |  -11.200 |      -11.2 |      1 | ex_stage_i.i_mult.i_multiplier.mult_result_q[62]$_DFF_PN0_/D
    final |       0 |     123 |       28 |      0 |    19 |    +0.0% |    0.238 |        0.0 |      0 | ex_stage_i.i_mult.i_multiplier.mult_result_q[62]$_DFF_PN0_/D
--------------------------------------------------------------------------------------------------------------
[INFO RSZ-0040] Inserted 28 buffers.
[INFO RSZ-0051] Resized 123 instances: 4 up, 0 up match, 0 down, 119 VT
[INFO RSZ-0043] Swapped pins on 19 instances.
[INFO RSZ-0033] No hold violations found.
Took 16 seconds: repair_timing -setup_margin 0 -hold_margin 0 -repair_tns 100 -verbose
global_route -start_incremental
detailed_placement
[INFO DPL-0005] Max displacement: +/- 500 sites horizontally, +/- 100 rows vertically.
Movements Summary
---------------------------------------
Total cells:                  112793
Diamond Move Success:         112793 (100.00%)
Diamond Move Failure:              0
Rip-up and replace Success:        0 (  0.00% of diamond failures)
Rip-up and replace Failure:        0
Total Placement Failures:          0
---------------------------------------
Placement Analysis
---------------------------------
total displacement         44.8 u
average displacement        0.0 u
max displacement            1.0 u
original HPWL          525400.1 u
legalized HPWL         525443.5 u
delta HPWL                    0 %

global_route -end_incremental -congestion_report_file ./reports/asap7/cva6/modified_alpha_-beta_0.1-v3_run_9/congestion_post_repair_timing.rpt
global_route -start_incremental
global_route -end_incremental -congestion_report_file ./reports/asap7/cva6/modified_alpha_-beta_0.1-v3_run_9/congestion_post_recover_power.rpt
Repair antennas...
[WARNING GRT-0246] No diode with LEF class CORE ANTENNACELL found.
[INFO ANT-0002] Found 0 net violations.
[INFO ANT-0001] Found 0 pin violations.
Estimate parasitics...
estimate_parasitics -global_routing
Report metrics stage 5, global route...

==========================================================================
global route report_design_area
--------------------------------------------------------------------------
Design area 17723 um^2 75% utilization.
[INFO FLW-0007] clock main_clk period 1000.000000
[INFO FLW-0008] Clock main_clk period 950.216
[INFO FLW-0009] Clock main_clk slack -0.228
[INFO FLW-0011] Path endpoint path count 17611
write_db ./results/asap7/cva6/modified_alpha_-beta_0.1-v3_run_9/5_1_grt.odb
write_sdc -no_timestamp ./results/asap7/cva6/modified_alpha_-beta_0.1-v3_run_9/5_1_grt.sdc
Elapsed time: 2:45.13[h:]min:sec. CPU time: user 2917.16 sys 64.01 (1805%). Peak memory: 2842528KB.
Log                        Elapsed/s Peak Memory/MB  sha1sum .odb [0:20)
5_1_grt                          165           2775 55e6866f58fe360e943b
