OpenROAD ee3d65ce03b2656092ed62bf9205c5c11049c575 
Features included (+) or not (-): +GPU +GUI +Python
This program is licensed under the BSD-3 license. See the LICENSE file for details.
Components of this program may be licensed under more restrictive licenses which must be honored.
[INFO ORD-0030] Using 32 thread(s).
source /home/lucast/workspace/OR-flow-TCC/flow/platforms/asap7/liberty_suppressions.tcl
read_liberty /home/lucast/workspace/OR-flow-TCC/flow/platforms/asap7/lib/NLDM/asap7sc7p5t_AO_RVT_FF_nldm_211120.lib.gz
read_liberty /home/lucast/workspace/OR-flow-TCC/flow/platforms/asap7/lib/NLDM/asap7sc7p5t_INVBUF_RVT_FF_nldm_220122.lib.gz
read_liberty /home/lucast/workspace/OR-flow-TCC/flow/platforms/asap7/lib/NLDM/asap7sc7p5t_OA_RVT_FF_nldm_211120.lib.gz
read_liberty /home/lucast/workspace/OR-flow-TCC/flow/platforms/asap7/lib/NLDM/asap7sc7p5t_SIMPLE_RVT_FF_nldm_211120.lib.gz
read_liberty /home/lucast/workspace/OR-flow-TCC/flow/platforms/asap7/lib/NLDM/asap7sc7p5t_SEQ_RVT_FF_nldm_220123.lib
read_liberty /home/lucast/workspace/OR-flow-TCC/flow/platforms/asap7/lib/NLDM/asap7sc7p5t_DFFHQNH2V2X_RVT_TT_nldm_FAKE.lib
read_liberty /home/lucast/workspace/OR-flow-TCC/flow/platforms/asap7/lib/NLDM/asap7sc7p5t_DFFHQNV2X_RVT_TT_nldm_FAKE.lib
read_db -hier ./results/asap7/ibex/modified_alpha_8-beta_0.1/4_cts.odb
[WARNING ORD-0012] Hierarchical flow (-hier) is currently in development and may cause multiple issues. Do not use in production environments.
source /home/lucast/workspace/OR-flow-TCC/flow/platforms/asap7/setRC.tcl
pin_access
[INFO DRT-0149] Reading tech and libs.

Units:                1000
Number of layers:     21
Number of macros:     230
Number of vias:       14
Number of viarulegen: 11

[INFO DRT-0150] Reading design.

Design:                   ibex_core
Die area:                 ( 0 0 ) ( 78100 78100 )
Number of track patterns: 32
Number of DEF vias:       0
Number of components:     21418
Number of terminals:      266
Number of snets:          2
Number of nets:           21526

[INFO DRT-0167] List of default vias:
  Layer V2
    default via: VIA23
  Layer V3
    default via: VIA34
  Layer V4
    default via: VIA45
  Layer V5
    default via: VIA56
  Layer V6
    default via: VIA67
  Layer V7
    default via: VIA78
  Layer V8
    default via: VIA89
  Layer V9
    default via: VIA9Pad
[INFO DRT-0162] Library cell analysis.
[INFO DRT-0163] Instance analysis.
[INFO DRT-0164] Number of unique instances = 305.
[INFO DRT-0168] Init region query.
[INFO DRT-0024]   Complete Active.
[INFO DRT-0024]   Complete V0.
[INFO DRT-0024]   Complete M1.
[INFO DRT-0024]   Complete V1.
[INFO DRT-0024]   Complete M2.
[INFO DRT-0024]   Complete V2.
[INFO DRT-0024]   Complete M3.
[INFO DRT-0024]   Complete V3.
[INFO DRT-0024]   Complete M4.
[INFO DRT-0024]   Complete V4.
[INFO DRT-0024]   Complete M5.
[INFO DRT-0024]   Complete V5.
[INFO DRT-0024]   Complete M6.
[INFO DRT-0024]   Complete V6.
[INFO DRT-0024]   Complete M7.
[INFO DRT-0024]   Complete V7.
[INFO DRT-0024]   Complete M8.
[INFO DRT-0024]   Complete V8.
[INFO DRT-0024]   Complete M9.
[INFO DRT-0024]   Complete V9.
[INFO DRT-0024]   Complete Pad.
[INFO DRT-0033] Active shape region query size = 0.
[INFO DRT-0033] V0 shape region query size = 0.
[INFO DRT-0033] M1 shape region query size = 346966.
[INFO DRT-0033] V1 shape region query size = 604801.
[INFO DRT-0033] M2 shape region query size = 20026.
[INFO DRT-0033] V2 shape region query size = 11632.
[INFO DRT-0033] M3 shape region query size = 11570.
[INFO DRT-0033] V3 shape region query size = 7672.
[INFO DRT-0033] M4 shape region query size = 7836.
[INFO DRT-0033] V4 shape region query size = 7672.
[INFO DRT-0033] M5 shape region query size = 4356.
[INFO DRT-0033] V5 shape region query size = 784.
[INFO DRT-0033] M6 shape region query size = 448.
[INFO DRT-0033] V6 shape region query size = 0.
[INFO DRT-0033] M7 shape region query size = 0.
[INFO DRT-0033] V7 shape region query size = 0.
[INFO DRT-0033] M8 shape region query size = 0.
[INFO DRT-0033] V8 shape region query size = 0.
[INFO DRT-0033] M9 shape region query size = 0.
[INFO DRT-0033] V9 shape region query size = 0.
[INFO DRT-0033] Pad shape region query size = 0.
[INFO DRT-0165] Start pin access.
[INFO DRT-0076]   Complete 1000 pins.
[INFO DRT-0078]   Complete 1820 pins.
[INFO DRT-0079]   Complete 100 unique inst patterns.
[INFO DRT-0079]   Complete 200 unique inst patterns.
[INFO DRT-0079]   Complete 300 unique inst patterns.
[INFO DRT-0081]   Complete 305 unique inst patterns.
[INFO DRT-0082]   Complete 10000 groups.
[INFO DRT-0084]   Complete 14210 groups.
#scanned instances     = 21418
#unique  instances     = 305
#stdCellGenAp          = 9917
#stdCellValidPlanarAp  = 76
#stdCellValidViaAp     = 7727
#stdCellPinNoAp        = 0
#stdCellPinCnt         = 69172
#instTermValidViaApCnt = 0
#macroGenAp            = 0
#macroValidPlanarAp    = 0
#macroValidViaAp       = 0
#macroNoAp             = 0
[INFO DRT-0166] Complete pin access.
[INFO DRT-0267] cpu time = 00:06:12, elapsed time = 00:00:18, memory = 336.85 (MB), peak = 332.62 (MB)
Took 18 seconds: pin_access
global_route -congestion_report_file ./reports/asap7/ibex/modified_alpha_8-beta_0.1/congestion.rpt -congestion_iterations 30 -congestion_report_iter_step 5 -verbose
[INFO GRT-0020] Min routing layer: M2
[INFO GRT-0021] Max routing layer: M7
[INFO GRT-0022] Global adjustment: 0%
[INFO GRT-0023] Grid origin: (0, 0)
[INFO GRT-0088] Layer M1      Track-Pitch = 0.0360  line-2-Via Pitch: 0.0360
[INFO GRT-0088] Layer M2      Track-Pitch = 0.0390  line-2-Via Pitch: 0.0360
[INFO GRT-0088] Layer M3      Track-Pitch = 0.0360  line-2-Via Pitch: 0.0360
[INFO GRT-0088] Layer M4      Track-Pitch = 0.0480  line-2-Via Pitch: 0.0480
[INFO GRT-0088] Layer M5      Track-Pitch = 0.0480  line-2-Via Pitch: 0.0480
[INFO GRT-0088] Layer M6      Track-Pitch = 0.0640  line-2-Via Pitch: 0.0640
[INFO GRT-0088] Layer M7      Track-Pitch = 0.0640  line-2-Via Pitch: 0.0640
[INFO GRT-0003] Macros: 0
[INFO GRT-0004] Blockages: 10812
[INFO GRT-0019] Found 109 clock nets.
[INFO GRT-0001] Minimum degree: 2
[INFO GRT-0002] Maximum degree: 93

[INFO GRT-0053] Routing resources analysis:
          Routing      Original      Derated      Resource
Layer     Direction    Resources     Resources    Reduction (%)
---------------------------------------------------------------
M1         Vertical            0             0          0.00%
M2         Horizontal     218022        156697          28.13%
M3         Vertical       283742        210768          25.72%
M4         Horizontal     217240        161376          25.72%
M5         Vertical       210092        155876          25.81%
M6         Horizontal     146940         99312          32.41%
M7         Vertical       165920        111792          32.62%
---------------------------------------------------------------

[INFO GRT-0197] Via related to pin nodes: 128820
[INFO GRT-0198] Via related Steiner nodes: 4697
[INFO GRT-0199] Via filling finished.
[INFO GRT-0111] Final number of vias: 167766
[INFO GRT-0112] Final usage 3D: 669406

[INFO GRT-0096] Final congestion report:
Layer         Resource        Demand        Usage (%)    Max H / Max V / Total Overflow
---------------------------------------------------------------------------------------
M1                   0             0            0.00%             0 /  0 /  0
M2              156697         60298           38.48%             0 /  0 /  0
M3              210768         70086           33.25%             0 /  0 /  0
M4              161376         27915           17.30%             0 /  0 /  0
M5              155876          7426            4.76%             0 /  0 /  0
M6               99312           356            0.36%             0 /  0 /  0
M7              111792            27            0.02%             0 /  0 /  0
---------------------------------------------------------------------------------------
Total           895821        166108           18.54%             0 /  0 /  0

[INFO GRT-0018] Total wirelength: 128904 um
[INFO GRT-0014] Routed nets: 21435
[INFO GRT-0303] Global routing runtime = 00:00:01
estimate_parasitics -global_routing
Perform buffer insertion and gate resizing...
repair_design -verbose
Iteration |   Area    | Resized | Buffers | Nets repaired | Remaining
---------------------------------------------------------------------
        0 |     +0.0% |       0 |       0 |             0 |     21617
     1000 |     +0.0% |       0 |       0 |             0 |     20617
[WARNING RSZ-0104] Net _18080_/CO[33] only has one pin. Check if it is intended to be dangling.
[WARNING RSZ-0104] Net _18080_/CO[22] only has one pin. Check if it is intended to be dangling.
[WARNING RSZ-0104] Net _18080_/CO[20] only has one pin. Check if it is intended to be dangling.
     2000 |     +0.0% |       0 |       0 |             0 |     19617
[WARNING RSZ-0104] Net _18080_/CO[8] only has one pin. Check if it is intended to be dangling.
[WARNING RSZ-0104] Net _18080_/X[28] only has one pin. Check if it is intended to be dangling.
[WARNING RSZ-0104] Net _18080_/X[31] only has one pin. Check if it is intended to be dangling.
[WARNING RSZ-0104] Net _18080_/X[30] only has one pin. Check if it is intended to be dangling.
[WARNING RSZ-0104] Net _18080_/X[29] only has one pin. Check if it is intended to be dangling.
[WARNING RSZ-0104] Net _18080_/X[27] only has one pin. Check if it is intended to be dangling.
[WARNING RSZ-0104] Net _18080_/X[26] only has one pin. Check if it is intended to be dangling.
[WARNING RSZ-0104] Net _18080_/X[33] only has one pin. Check if it is intended to be dangling.
[WARNING RSZ-0104] Net _18080_/X[25] only has one pin. Check if it is intended to be dangling.
[WARNING RSZ-0104] Net _18080_/X[24] only has one pin. Check if it is intended to be dangling.
[WARNING RSZ-0104] Net _18080_/X[22] only has one pin. Check if it is intended to be dangling.
[WARNING RSZ-0104] Net _18080_/X[18] only has one pin. Check if it is intended to be dangling.
[WARNING RSZ-0104] Net _18080_/X[17] only has one pin. Check if it is intended to be dangling.
[WARNING RSZ-0104] Net _18080_/X[13] only has one pin. Check if it is intended to be dangling.
[WARNING RSZ-0104] Net _18080_/X[11] only has one pin. Check if it is intended to be dangling.
[WARNING RSZ-0104] Net _18080_/X[20] only has one pin. Check if it is intended to be dangling.
[WARNING RSZ-0104] Net _18080_/X[19] only has one pin. Check if it is intended to be dangling.
[WARNING RSZ-0104] Net _18080_/X[16] only has one pin. Check if it is intended to be dangling.
[WARNING RSZ-0104] Net _18080_/X[15] only has one pin. Check if it is intended to be dangling.
[WARNING RSZ-0104] Net _18080_/X[14] only has one pin. Check if it is intended to be dangling.
[WARNING RSZ-0104] Net _18080_/X[12] only has one pin. Check if it is intended to be dangling.
[WARNING RSZ-0104] Net _18080_/X[10] only has one pin. Check if it is intended to be dangling.
[WARNING RSZ-0104] Net _18080_/X[8] only has one pin. Check if it is intended to be dangling.
[WARNING RSZ-0104] Net _18080_/X[7] only has one pin. Check if it is intended to be dangling.
[WARNING RSZ-0104] Net _18080_/X[6] only has one pin. Check if it is intended to be dangling.
[WARNING RSZ-0104] Net _18080_/X[5] only has one pin. Check if it is intended to be dangling.
[WARNING RSZ-0104] Net _18080_/X[4] only has one pin. Check if it is intended to be dangling.
[WARNING RSZ-0104] Net _18080_/X[3] only has one pin. Check if it is intended to be dangling.
     3000 |     +0.0% |       0 |       0 |             0 |     18617
     4000 |     +0.0% |       0 |       0 |             0 |     17617
[WARNING RSZ-0104] Net _03034_ only has one pin. Check if it is intended to be dangling.
[WARNING RSZ-0104] Net _03032_ only has one pin. Check if it is intended to be dangling.
     5000 |     +0.0% |       0 |       0 |             0 |     16617
     6000 |     +0.0% |       0 |       0 |             0 |     15617
     7000 |     +0.0% |       0 |       0 |             0 |     14617
[WARNING RSZ-0104] Net _03022_ only has one pin. Check if it is intended to be dangling.
[WARNING RSZ-0104] Net _03020_ only has one pin. Check if it is intended to be dangling.
[WARNING RSZ-0104] Net _03018_ only has one pin. Check if it is intended to be dangling.
[WARNING RSZ-0104] Net _18080_/X[1] only has one pin. Check if it is intended to be dangling.
     8000 |     +0.0% |       0 |       0 |             0 |     13617
[WARNING RSZ-0104] Net _18080_/X[0] only has one pin. Check if it is intended to be dangling.
[WARNING RSZ-0104] Net _02786_ only has one pin. Check if it is intended to be dangling.
[WARNING RSZ-0104] Net _02834_ only has one pin. Check if it is intended to be dangling.
     9000 |     +0.0% |       0 |       0 |             0 |     12617
[WARNING RSZ-0104] Net _02864_ only has one pin. Check if it is intended to be dangling.
[WARNING RSZ-0104] Net _02858_ only has one pin. Check if it is intended to be dangling.
[WARNING RSZ-0104] Net _02777_ only has one pin. Check if it is intended to be dangling.
[WARNING RSZ-0104] Net _02861_ only has one pin. Check if it is intended to be dangling.
[WARNING RSZ-0104] Net _02849_ only has one pin. Check if it is intended to be dangling.
[WARNING RSZ-0104] Net _02846_ only has one pin. Check if it is intended to be dangling.
[WARNING RSZ-0104] Net _02825_ only has one pin. Check if it is intended to be dangling.
[WARNING RSZ-0104] Net _02816_ only has one pin. Check if it is intended to be dangling.
[WARNING RSZ-0104] Net _02813_ only has one pin. Check if it is intended to be dangling.
[WARNING RSZ-0104] Net _02798_ only has one pin. Check if it is intended to be dangling.
[WARNING RSZ-0104] Net _02789_ only has one pin. Check if it is intended to be dangling.
[WARNING RSZ-0104] Net _02878_ only has one pin. Check if it is intended to be dangling.
[WARNING RSZ-0104] Net _02867_ only has one pin. Check if it is intended to be dangling.
[WARNING RSZ-0104] Net _02855_ only has one pin. Check if it is intended to be dangling.
[WARNING RSZ-0104] Net _02840_ only has one pin. Check if it is intended to be dangling.
[WARNING RSZ-0104] Net _02819_ only has one pin. Check if it is intended to be dangling.
[WARNING RSZ-0104] Net _02807_ only has one pin. Check if it is intended to be dangling.
[WARNING RSZ-0104] Net _02780_ only has one pin. Check if it is intended to be dangling.
    10000 |     +0.0% |       0 |       0 |             0 |     11617
[WARNING RSZ-0104] Net _03037_ only has one pin. Check if it is intended to be dangling.
[WARNING RSZ-0104] Net _02852_ only has one pin. Check if it is intended to be dangling.
[WARNING RSZ-0104] Net _02843_ only has one pin. Check if it is intended to be dangling.
[WARNING RSZ-0104] Net _02837_ only has one pin. Check if it is intended to be dangling.
[WARNING RSZ-0104] Net _02831_ only has one pin. Check if it is intended to be dangling.
[WARNING RSZ-0104] Net _02828_ only has one pin. Check if it is intended to be dangling.
[WARNING RSZ-0104] Net _02822_ only has one pin. Check if it is intended to be dangling.
[WARNING RSZ-0104] Net _02810_ only has one pin. Check if it is intended to be dangling.
[WARNING RSZ-0104] Net _02804_ only has one pin. Check if it is intended to be dangling.
[WARNING RSZ-0104] Net _02801_ only has one pin. Check if it is intended to be dangling.
[WARNING RSZ-0104] Net _02795_ only has one pin. Check if it is intended to be dangling.
[WARNING RSZ-0104] Net _02792_ only has one pin. Check if it is intended to be dangling.
[WARNING RSZ-0104] Net _02783_ only has one pin. Check if it is intended to be dangling.
    11000 |     +0.0% |       0 |       0 |             0 |     10617
[WARNING RSZ-0104] Net _02929_ only has one pin. Check if it is intended to be dangling.
[WARNING RSZ-0104] Net _02927_ only has one pin. Check if it is intended to be dangling.
    12000 |     +0.0% |       0 |       0 |             0 |      9617
[WARNING RSZ-0104] Net _02937_ only has one pin. Check if it is intended to be dangling.
[WARNING RSZ-0104] Net _02935_ only has one pin. Check if it is intended to be dangling.
[WARNING RSZ-0104] Net _02933_ only has one pin. Check if it is intended to be dangling.
[WARNING RSZ-0104] Net _02931_ only has one pin. Check if it is intended to be dangling.
[WARNING RSZ-0104] Net _02938_ only has one pin. Check if it is intended to be dangling.
    13000 |     +0.0% |       0 |       0 |             0 |      8617
    14000 |     +0.0% |       0 |       0 |             0 |      7617
    15000 |     +0.0% |       0 |       0 |             0 |      6617
[WARNING RSZ-0104] Net _02723_ only has one pin. Check if it is intended to be dangling.
[WARNING RSZ-0104] Net _02721_ only has one pin. Check if it is intended to be dangling.
[WARNING RSZ-0104] Net _02719_ only has one pin. Check if it is intended to be dangling.
    16000 |     +0.0% |       0 |       0 |             0 |      5617
    17000 |     +0.0% |       0 |       0 |             0 |      4617
    18000 |     +0.0% |       0 |       0 |             0 |      3617
    19000 |     +0.0% |       0 |       0 |             0 |      2617
    20000 |     +0.0% |       0 |       0 |             0 |      1617
    21000 |     +0.0% |       0 |       0 |             0 |       617
[WARNING RSZ-0104] Net boot_addr_i[7] only has one pin. Check if it is intended to be dangling.
[WARNING RSZ-0104] Net boot_addr_i[6] only has one pin. Check if it is intended to be dangling.
[WARNING RSZ-0104] Net boot_addr_i[5] only has one pin. Check if it is intended to be dangling.
[WARNING RSZ-0104] Net boot_addr_i[4] only has one pin. Check if it is intended to be dangling.
[WARNING RSZ-0104] Net boot_addr_i[3] only has one pin. Check if it is intended to be dangling.
[WARNING RSZ-0104] Net boot_addr_i[2] only has one pin. Check if it is intended to be dangling.
[WARNING RSZ-0104] Net boot_addr_i[1] only has one pin. Check if it is intended to be dangling.
[WARNING RSZ-0104] Net boot_addr_i[0] only has one pin. Check if it is intended to be dangling.
    final |     +0.0% |       0 |       0 |             0 |         0
---------------------------------------------------------------------
global_route -start_incremental
detailed_placement
[INFO DPL-0005] Max displacement: +/- 500 sites horizontally, +/- 100 rows vertically.
Movements Summary
---------------------------------------
Total cells:                   20597
Diamond Move Success:          20597 (100.00%)
Diamond Move Failure:              0
Rip-up and replace Success:        0 (  0.00% of diamond failures)
Rip-up and replace Failure:        0
Total Placement Failures:          0
---------------------------------------
Placement Analysis
---------------------------------
total displacement          0.0 u
average displacement        0.0 u
max displacement            0.0 u
original HPWL           77457.4 u
legalized HPWL          77457.4 u
delta HPWL                    0 %

global_route -end_incremental -congestion_report_file ./reports/asap7/ibex/modified_alpha_8-beta_0.1/congestion_post_repair_design.rpt
Repair setup and hold violations...
estimate_parasitics -global_routing
repair_timing -setup_margin 0 -hold_margin 0 -repair_tns 100 -verbose
[INFO RSZ-0100] Repair move sequence: UnbufferMove SizeUpMove SwapPinsMove BufferMove CloneMove SplitLoadMove 
[INFO RSZ-0094] Found 737 endpoints with setup violations.
[INFO RSZ-0099] Repairing 737 out of 737 (100.00%) violating endpoints...
   Iter   | Removed | Resized | Inserted | Cloned |  Pin  |   Area   |    WNS   |   TNS      |  Viol  | Worst
          | Buffers |  Gates  | Buffers  |  Gates | Swaps |          |          |            | Endpts | Endpt
--------------------------------------------------------------------------------------------------------------
        0 |       0 |       0 |        0 |      0 |     0 |    +0.0% |  -80.982 |   -21009.7 |    737 | instr_addr_o[31]
       10 |       0 |       2 |        2 |      1 |     5 |    +0.0% |  -68.259 |   -20958.1 |    737 | instr_addr_o[31]
       20 |       0 |       4 |       10 |      1 |     9 |    +0.0% |  -66.083 |   -21022.8 |    737 | instr_addr_o[31]
       30 |       0 |       7 |       15 |      1 |    11 |    +0.1% |  -64.936 |   -20741.2 |    737 | instr_addr_o[31]
       40 |       0 |      14 |       15 |      2 |    13 |    +0.1% |  -68.228 |   -20487.3 |    737 | instr_addr_o[31]
       50 |       0 |      19 |       18 |      2 |    15 |    +0.1% |  -67.515 |   -20458.5 |    737 | instr_addr_o[31]
       60 |       0 |      24 |       18 |      7 |    15 |    +0.1% |  -63.688 |   -20884.5 |    737 | instr_addr_o[31]
       70 |       0 |      29 |       19 |      8 |    18 |    +0.2% |  -65.078 |   -24823.6 |    737 | instr_addr_o[31]
       80 |       0 |      32 |       23 |      9 |    21 |    +0.2% |  -63.738 |   -25098.9 |    737 | instr_addr_o[31]
       90 |       0 |      38 |       26 |      9 |    23 |    +0.2% |  -62.366 |   -22772.6 |    737 | instr_addr_o[31]
      100 |       0 |      42 |       29 |      9 |    27 |    +0.2% |  -61.438 |   -22999.7 |    737 | instr_addr_o[31]
      110 |       0 |      44 |       31 |      9 |    33 |    +0.2% |  -63.918 |   -21764.1 |    737 | instr_addr_o[31]
      120 |       0 |      46 |       35 |      9 |    38 |    +0.3% |  -61.675 |   -22009.9 |    737 | instr_addr_o[31]
      130 |       0 |      50 |       36 |      9 |    43 |    +0.3% |  -61.745 |   -22002.9 |    737 | instr_addr_o[31]
      140 |       1 |      53 |       38 |      9 |    47 |    +0.3% |  -60.674 |   -21941.7 |    737 | instr_addr_o[28]
      150 |       1 |      56 |       40 |     10 |    51 |    +0.3% |  -58.269 |   -23675.6 |    737 | instr_addr_o[28]
      160 |       1 |      59 |       40 |     10 |    58 |    +0.3% |  -60.157 |   -23676.6 |    737 | instr_addr_o[28]
      170 |       1 |      61 |       43 |     11 |    62 |    +0.3% |  -55.887 |   -24731.3 |    737 | instr_addr_o[31]
      180 |       1 |      64 |       45 |     11 |    67 |    +0.3% |  -55.562 |   -24276.0 |    737 | instr_addr_o[28]
      190 |       1 |      66 |       46 |     11 |    74 |    +0.3% |  -55.956 |   -24222.7 |    737 | instr_addr_o[28]
      200 |       2 |      69 |       47 |     11 |    79 |    +0.3% |  -55.610 |   -21901.8 |    737 | instr_addr_o[29]
      210 |       2 |      71 |       49 |     11 |    85 |    +0.3% |  -55.087 |   -21464.9 |    737 | instr_addr_o[28]
      220 |       2 |      72 |       54 |     11 |    91 |    +0.4% |  -52.934 |   -21461.3 |    737 | instr_addr_o[28]
      225 |       3 |      73 |       57 |     11 |    91 |    +0.4% |  -52.813 |   -21432.8 |    737 | instr_addr_o[31]
      230 |       3 |      75 |       58 |     11 |    92 |    +0.4% |  -52.824 |   -21431.9 |    737 | instr_addr_o[31]
      240 |       3 |      78 |       58 |     11 |    99 |    +0.4% |  -52.824 |   -21427.8 |    737 | instr_addr_o[31]
      250 |       3 |      80 |       62 |     11 |   104 |    +0.4% |  -52.824 |   -21323.1 |    737 | instr_addr_o[31]
      260 |       3 |      80 |       70 |     12 |   106 |    +0.4% |  -52.824 |   -22733.6 |    737 | instr_addr_o[31]
      261 |       3 |      75 |       58 |     11 |    91 |    +0.4% |  -52.813 |   -21426.1 |    737 | instr_addr_o[31]
      270 |       3 |      78 |       59 |     11 |    95 |    +0.4% |  -52.813 |   -21416.2 |    737 | instr_addr_o[31]
      280 |       3 |      79 |       65 |     12 |   100 |    +0.4% |  -53.996 |   -21502.1 |    737 | instr_addr_o[31]
      284 |       3 |      79 |       65 |     12 |    98 |    +0.4% |  -52.813 |   -21453.8 |    737 | instr_addr_o[31]
      290 |       3 |      81 |       68 |     12 |    99 |    +0.4% |  -53.256 |   -21399.9 |    737 | instr_addr_o[31]
      300 |       3 |      86 |       69 |     12 |   103 |    +0.5% |  -53.256 |   -20471.9 |    737 | instr_addr_o[31]
      300 |       3 |      79 |       68 |     12 |    98 |    +0.4% |  -52.813 |   -21443.3 |    737 | instr_addr_o[31]
      304 |       3 |      80 |       69 |     12 |    98 |    +0.4% |  -52.813 |   -21440.0 |    737 | instr_addr_o[31]
      310 |       3 |      80 |       73 |     12 |   100 |    +0.5% |  -52.813 |   -21423.5 |    737 | instr_addr_o[31]
      320 |       3 |      85 |       75 |     12 |   103 |    +0.5% |  -52.813 |   -20741.3 |    737 | instr_addr_o[31]
      330 |       4 |      88 |       82 |     12 |   105 |    +0.5% |  -53.932 |   -19317.4 |    737 | instr_addr_o[31]
      340 |       4 |      91 |       84 |     12 |   110 |    +0.5% |  -53.253 |   -19237.5 |    737 | instr_addr_o[31]
      350 |       4 |      93 |       87 |     12 |   115 |    +0.5% |  -53.253 |   -19832.1 |    737 | instr_addr_o[31]
      360 |       4 |      95 |       91 |     12 |   120 |    +0.5% |  -53.253 |   -19826.5 |    737 | instr_addr_o[31]
      370 |       5 |      98 |       93 |     12 |   124 |    +0.5% |  -53.226 |   -19833.0 |    737 | instr_addr_o[31]
      375 |       3 |      86 |       78 |     12 |   105 |    +0.5% |  -52.813 |   -20751.6 |    737 | instr_addr_o[31]
      380 |       3 |      86 |       80 |     12 |   107 |    +0.5% |  -52.813 |   -20748.9 |    737 | instr_addr_o[31]
      386 |       3 |      86 |       81 |     12 |   109 |    +0.5% |  -52.813 |   -20725.1 |    737 | instr_addr_o[31]
      390 |       3 |      86 |       81 |     12 |   112 |    +0.5% |  -52.813 |   -20725.4 |    737 | instr_addr_o[31]
      400 |       3 |      90 |       83 |     12 |   116 |    +0.5% |  -53.253 |   -20716.2 |    737 | instr_addr_o[31]
      400 |       3 |      86 |       82 |     12 |   112 |    +0.5% |  -52.813 |   -20734.1 |    737 | instr_addr_o[31]
      410 |       3 |      87 |       82 |     12 |   120 |    +0.5% |  -52.813 |   -20588.4 |    737 | instr_addr_o[31]
      420 |       3 |      91 |       84 |     12 |   124 |    +0.5% |  -52.766 |   -20399.4 |    737 | instr_addr_o[31]
      430 |       3 |      99 |       86 |     12 |   125 |    +0.5% |  -52.766 |   -17029.0 |    737 | instr_addr_o[31]
      439 |       3 |      99 |       86 |     12 |   125 |    +0.5% |  -52.766 |   -17028.2 |    737 | instr_addr_o[31]
      440 |       3 |      99 |       86 |     12 |   125 |    +0.5% |  -52.766 |   -17028.2 |    737 | instr_addr_o[31]
      442 |       3 |     101 |       86 |     12 |   125 |    +0.5% |  -52.766 |   -17024.1 |    737 | instr_addr_o[31]
      443 |       3 |     101 |       86 |     12 |   125 |    +0.5% |  -52.766 |   -17024.1 |    737 | instr_addr_o[31]
      444 |       3 |     101 |       86 |     12 |   125 |    +0.5% |  -52.766 |   -17024.1 |    737 | instr_addr_o[31]
      445 |       3 |     101 |       86 |     12 |   125 |    +0.5% |  -52.766 |   -17024.1 |    737 | instr_addr_o[31]
      446 |       3 |     101 |       86 |     12 |   125 |    +0.5% |  -52.766 |   -17024.1 |    737 | instr_addr_o[31]
      447 |       3 |     101 |       86 |     12 |   125 |    +0.5% |  -52.766 |   -17024.1 |    737 | instr_addr_o[31]
      448 |       3 |     101 |       86 |     12 |   125 |    +0.5% |  -52.766 |   -17024.1 |    737 | instr_addr_o[31]
      449 |       3 |     101 |       86 |     12 |   125 |    +0.5% |  -52.766 |   -17024.1 |    737 | instr_addr_o[31]
      450 |       3 |     101 |       86 |     12 |   125 |    +0.5% |  -52.766 |   -17024.1 |    737 | instr_addr_o[31]
      450 |       3 |     101 |       86 |     12 |   125 |    +0.5% |  -52.766 |   -17024.1 |    737 | instr_addr_o[31]
      451 |       3 |     101 |       86 |     12 |   125 |    +0.5% |  -52.766 |   -17024.1 |    737 | instr_addr_o[31]
      452 |       3 |     101 |       86 |     12 |   125 |    +0.5% |  -52.766 |   -17024.1 |    737 | instr_addr_o[31]
      453 |       3 |     101 |       86 |     12 |   125 |    +0.5% |  -52.766 |   -17024.1 |    737 | instr_addr_o[31]
      454 |       3 |     101 |       86 |     12 |   125 |    +0.5% |  -52.766 |   -17024.1 |    737 | instr_addr_o[31]
      455 |       3 |     101 |       86 |     12 |   125 |    +0.5% |  -52.766 |   -17024.1 |    737 | instr_addr_o[31]
      456 |       3 |     101 |       86 |     12 |   125 |    +0.5% |  -52.766 |   -17024.1 |    737 | instr_addr_o[31]
      457 |       3 |     101 |       86 |     12 |   125 |    +0.5% |  -52.766 |   -17024.1 |    737 | instr_addr_o[31]
      458 |       3 |     101 |       86 |     12 |   125 |    +0.5% |  -52.766 |   -17024.1 |    737 | instr_addr_o[31]
      459 |       3 |     101 |       86 |     12 |   125 |    +0.5% |  -52.766 |   -17024.1 |    737 | instr_addr_o[31]
      460 |       3 |     101 |       86 |     12 |   125 |    +0.5% |  -52.766 |   -17024.1 |    737 | instr_addr_o[31]
      460 |       3 |     101 |       86 |     12 |   125 |    +0.5% |  -52.766 |   -17024.1 |    737 | instr_addr_o[31]
      461 |       3 |     101 |       86 |     12 |   125 |    +0.5% |  -52.766 |   -17024.1 |    737 | instr_addr_o[31]
      470 |       3 |     105 |       87 |     12 |   128 |    +0.6% |  -53.201 |   -17034.7 |    737 | instr_addr_o[31]
      472 |       3 |     102 |       87 |     12 |   128 |    +0.5% |  -52.766 |   -16984.2 |    737 | instr_addr_o[31]
      473 |       3 |     102 |       87 |     12 |   128 |    +0.5% |  -52.766 |   -16984.2 |    737 | instr_addr_o[31]
      474 |       3 |     102 |       87 |     12 |   128 |    +0.5% |  -52.766 |   -16984.2 |    737 | instr_addr_o[31]
      476 |       3 |     103 |       87 |     12 |   128 |    +0.6% |  -52.766 |   -17004.6 |    737 | instr_addr_o[31]
      477 |       3 |     103 |       87 |     12 |   128 |    +0.6% |  -52.766 |   -17004.6 |    737 | instr_addr_o[31]
      478 |       3 |     103 |       87 |     12 |   128 |    +0.6% |  -52.766 |   -17004.6 |    737 | instr_addr_o[31]
      479 |       3 |     103 |       87 |     12 |   128 |    +0.6% |  -52.766 |   -17004.6 |    737 | instr_addr_o[31]
      480 |       3 |     103 |       87 |     12 |   128 |    +0.6% |  -52.766 |   -17004.6 |    737 | instr_addr_o[31]
      486 |       3 |     103 |       87 |     12 |   129 |    +0.6% |  -52.766 |   -16970.0 |    737 | instr_addr_o[31]
      490 |       3 |     104 |       87 |     12 |   131 |    +0.6% |  -52.766 |   -16778.0 |    737 | instr_addr_o[31]
      500 |       3 |     107 |       87 |     13 |   137 |    +0.6% |  -52.766 |   -15927.0 |    737 | instr_addr_o[31]
      510 |       3 |     108 |       89 |     13 |   144 |    +0.6% |  -52.766 |   -15807.2 |    737 | instr_addr_o[31]
      520 |       3 |     110 |       89 |     13 |   152 |    +0.6% |  -52.766 |   -15440.8 |    737 | instr_addr_o[31]
      530 |       3 |     114 |       91 |     13 |   156 |    +0.6% |  -52.766 |   -15552.7 |    737 | instr_addr_o[31]
      533 |       3 |     107 |       87 |     13 |   137 |    +0.6% |  -52.766 |   -15927.0 |    737 | instr_addr_o[31]
      540 |       3 |     109 |       90 |     13 |   138 |    +0.6% |  -52.826 |   -15938.3 |    737 | instr_addr_o[31]
      544 |       3 |     108 |       89 |     13 |   138 |    +0.6% |  -52.766 |   -15941.6 |    737 | instr_addr_o[31]
      550 |       3 |     111 |       91 |     14 |   138 |    +0.6% |  -52.766 |   -15899.7 |    737 | instr_addr_o[31]
      560 |       3 |     118 |       93 |     14 |   139 |    +0.6% |  -52.766 |   -16063.1 |    737 | instr_addr_o[31]
      565 |       3 |     122 |       94 |     14 |   139 |    +0.6% |  -52.766 |   -15350.0 |    737 | instr_addr_o[31]
      566 |       3 |     122 |       94 |     14 |   139 |    +0.6% |  -52.766 |   -15350.0 |    737 | instr_addr_o[31]
      567 |       3 |     122 |       94 |     14 |   139 |    +0.6% |  -52.766 |   -15350.0 |    737 | instr_addr_o[31]
      568 |       3 |     122 |       94 |     14 |   139 |    +0.6% |  -52.766 |   -15350.0 |    737 | instr_addr_o[31]
      569 |       3 |     122 |       94 |     14 |   139 |    +0.6% |  -52.766 |   -15350.0 |    737 | instr_addr_o[31]
      570 |       3 |     122 |       94 |     14 |   139 |    +0.6% |  -52.766 |   -15350.0 |    737 | instr_addr_o[31]
      570 |       3 |     122 |       94 |     14 |   139 |    +0.6% |  -52.766 |   -15350.0 |    737 | instr_addr_o[31]
      575 |       3 |     125 |       94 |     15 |   139 |    +0.6% |  -52.766 |   -15360.7 |    737 | instr_addr_o[31]
      576 |       3 |     125 |       94 |     15 |   139 |    +0.6% |  -52.766 |   -15360.7 |    737 | instr_addr_o[31]
      580 |       3 |     127 |       95 |     15 |   139 |    +0.6% |  -52.766 |   -15017.9 |    737 | instr_addr_o[31]
      590 |       3 |     127 |       97 |     17 |   145 |    +0.6% |  -52.766 |   -14840.4 |    737 | instr_addr_o[31]
      600 |       3 |     127 |       99 |     17 |   153 |    +0.7% |  -52.766 |   -14663.9 |    737 | instr_addr_o[31]
      601 |       3 |     127 |       99 |     17 |   152 |    +0.7% |  -52.766 |   -14666.5 |    737 | instr_addr_o[31]
      602 |       3 |     127 |       99 |     17 |   152 |    +0.7% |  -52.766 |   -14666.5 |    737 | instr_addr_o[31]
      604 |       3 |     127 |       99 |     17 |   152 |    +0.7% |  -52.766 |   -14666.5 |    737 | instr_addr_o[31]
      605 |       3 |     127 |       99 |     17 |   152 |    +0.7% |  -52.766 |   -14666.5 |    737 | instr_addr_o[31]
      606 |       3 |     127 |       99 |     17 |   152 |    +0.7% |  -52.766 |   -14666.5 |    737 | instr_addr_o[31]
      607 |       3 |     127 |       99 |     17 |   152 |    +0.7% |  -52.766 |   -14666.5 |    737 | instr_addr_o[31]
      609 |       3 |     127 |       99 |     17 |   152 |    +0.7% |  -52.766 |   -14666.5 |    737 | instr_addr_o[31]
      610 |       3 |     127 |       99 |     17 |   152 |    +0.7% |  -52.766 |   -14666.5 |    737 | instr_addr_o[31]
      610 |       3 |     127 |       99 |     17 |   152 |    +0.7% |  -52.766 |   -14666.5 |    737 | instr_addr_o[31]
      611 |       3 |     127 |       99 |     17 |   152 |    +0.7% |  -52.766 |   -14666.5 |    737 | instr_addr_o[31]
      615 |       3 |     128 |       99 |     18 |   152 |    +0.7% |  -52.766 |   -14684.6 |    737 | instr_addr_o[31]
      616 |       3 |     128 |       99 |     18 |   152 |    +0.7% |  -52.766 |   -14684.6 |    737 | instr_addr_o[31]
      618 |       3 |     128 |       99 |     18 |   152 |    +0.7% |  -52.766 |   -14684.6 |    737 | instr_addr_o[31]
      620 |       3 |     128 |       99 |     18 |   153 |    +0.7% |  -52.766 |   -14687.1 |    737 | instr_addr_o[31]
      629 |       3 |     128 |      101 |     18 |   154 |    +0.7% |  -52.766 |   -14683.2 |    737 | instr_addr_o[31]
      630 |       3 |     128 |      101 |     18 |   154 |    +0.7% |  -52.766 |   -14683.2 |    737 | instr_addr_o[31]
      632 |       3 |     128 |      102 |     18 |   154 |    +0.7% |  -52.766 |   -14644.6 |    737 | instr_addr_o[31]
      634 |       3 |     128 |      102 |     18 |   154 |    +0.7% |  -52.766 |   -14644.6 |    737 | instr_addr_o[31]
      636 |       3 |     128 |      102 |     18 |   154 |    +0.7% |  -52.766 |   -14644.6 |    737 | instr_addr_o[31]
      638 |       3 |     128 |      102 |     18 |   154 |    +0.7% |  -52.766 |   -14644.6 |    737 | instr_addr_o[31]
      639 |       3 |     128 |      102 |     18 |   154 |    +0.7% |  -52.766 |   -14644.6 |    737 | instr_addr_o[31]
      640 |       3 |     128 |      102 |     18 |   154 |    +0.7% |  -52.766 |   -14644.6 |    737 | instr_addr_o[31]
      640 |       3 |     128 |      102 |     18 |   154 |    +0.7% |  -52.766 |   -14644.6 |    737 | instr_addr_o[31]
      642 |       3 |     128 |      102 |     18 |   154 |    +0.7% |  -52.766 |   -14644.6 |    737 | instr_addr_o[31]
      644 |       3 |     128 |      102 |     18 |   154 |    +0.7% |  -52.766 |   -14644.6 |    737 | instr_addr_o[31]
      646 |       3 |     128 |      102 |     18 |   154 |    +0.7% |  -52.766 |   -14644.6 |    737 | instr_addr_o[31]
      648 |       3 |     128 |      102 |     18 |   154 |    +0.7% |  -52.766 |   -14644.6 |    737 | instr_addr_o[31]
      649 |       3 |     128 |      102 |     18 |   154 |    +0.7% |  -52.766 |   -14644.6 |    737 | instr_addr_o[31]
      650 |       3 |     128 |      102 |     18 |   154 |    +0.7% |  -52.766 |   -14644.6 |    737 | instr_addr_o[31]
      650 |       3 |     128 |      102 |     18 |   154 |    +0.7% |  -52.766 |   -14644.6 |    737 | instr_addr_o[31]
      651 |       3 |     128 |      102 |     18 |   154 |    +0.7% |  -52.766 |   -14644.6 |    737 | instr_addr_o[31]
      656 |       3 |     131 |      102 |     18 |   154 |    +0.7% |  -52.766 |   -14639.1 |    737 | instr_addr_o[31]
      658 |       3 |     131 |      102 |     18 |   154 |    +0.7% |  -52.766 |   -14639.1 |    737 | instr_addr_o[31]
      659 |       3 |     131 |      102 |     18 |   154 |    +0.7% |  -52.766 |   -14639.1 |    737 | instr_addr_o[31]
      660 |       3 |     131 |      102 |     18 |   154 |    +0.7% |  -52.766 |   -14639.1 |    737 | instr_addr_o[31]
      660 |       3 |     131 |      102 |     18 |   154 |    +0.7% |  -52.766 |   -14639.1 |    737 | instr_addr_o[31]
      661 |       3 |     131 |      102 |     18 |   154 |    +0.7% |  -52.766 |   -14639.1 |    737 | instr_addr_o[31]
      662 |       3 |     131 |      102 |     18 |   154 |    +0.7% |  -52.766 |   -14639.1 |    737 | instr_addr_o[31]
      663 |       3 |     131 |      102 |     18 |   154 |    +0.7% |  -52.766 |   -14639.1 |    737 | instr_addr_o[31]
      664 |       3 |     131 |      102 |     18 |   154 |    +0.7% |  -52.766 |   -14639.1 |    737 | instr_addr_o[31]
      665 |       3 |     131 |      102 |     18 |   154 |    +0.7% |  -52.766 |   -14639.1 |    737 | instr_addr_o[31]
      666 |       3 |     131 |      102 |     18 |   154 |    +0.7% |  -52.766 |   -14639.1 |    737 | instr_addr_o[31]
      667 |       3 |     131 |      102 |     18 |   154 |    +0.7% |  -52.766 |   -14639.1 |    737 | instr_addr_o[31]
      668 |       3 |     131 |      102 |     18 |   154 |    +0.7% |  -52.766 |   -14639.1 |    737 | instr_addr_o[31]
      669 |       3 |     131 |      102 |     18 |   154 |    +0.7% |  -52.766 |   -14639.1 |    737 | instr_addr_o[31]
      670 |       3 |     131 |      102 |     18 |   154 |    +0.7% |  -52.766 |   -14639.1 |    737 | instr_addr_o[31]
      670 |       3 |     131 |      102 |     18 |   154 |    +0.7% |  -52.766 |   -14639.1 |    737 | instr_addr_o[31]
      671 |       3 |     131 |      102 |     18 |   154 |    +0.7% |  -52.766 |   -14639.1 |    737 | instr_addr_o[31]
      680 |       3 |     132 |      106 |     18 |   158 |    +0.7% |  -52.724 |   -14626.7 |    737 | instr_addr_o[31]
      690 |       3 |     133 |      110 |     18 |   163 |    +0.7% |  -52.723 |   -14482.3 |    737 | instr_addr_o[31]
      694 |       3 |     133 |      109 |     18 |   162 |    +0.7% |  -52.723 |   -14492.3 |    737 | instr_addr_o[31]
      698 |       3 |     135 |      109 |     19 |   162 |    +0.7% |  -52.723 |   -14572.2 |    737 | instr_addr_o[31]
      699 |       3 |     135 |      109 |     19 |   162 |    +0.7% |  -52.723 |   -14572.2 |    737 | instr_addr_o[31]
      700 |       3 |     135 |      109 |     19 |   162 |    +0.7% |  -52.723 |   -14572.2 |    737 | instr_addr_o[31]
      700 |       3 |     135 |      109 |     19 |   162 |    +0.7% |  -52.723 |   -14572.2 |    737 | instr_addr_o[31]
      701 |       3 |     135 |      109 |     19 |   162 |    +0.7% |  -52.723 |   -14572.2 |    737 | instr_addr_o[31]
      702 |       3 |     135 |      109 |     19 |   162 |    +0.7% |  -52.723 |   -14572.2 |    737 | instr_addr_o[31]
      703 |       3 |     135 |      109 |     19 |   162 |    +0.7% |  -52.723 |   -14572.2 |    737 | instr_addr_o[31]
      710 |       3 |     136 |      113 |     19 |   164 |    +0.7% |  -52.723 |   -14561.2 |    737 | instr_addr_o[31]
      714 |       3 |     136 |      113 |     19 |   164 |    +0.7% |  -52.723 |   -14561.2 |    737 | instr_addr_o[31]
      715 |       3 |     136 |      113 |     19 |   164 |    +0.7% |  -52.723 |   -14561.2 |    737 | instr_addr_o[31]
      716 |       3 |     136 |      113 |     19 |   164 |    +0.7% |  -52.723 |   -14561.2 |    737 | instr_addr_o[31]
      720 |       3 |     136 |      114 |     19 |   166 |    +0.7% |  -52.723 |   -14460.0 |    737 | instr_addr_o[31]
      725 |       3 |     136 |      114 |     19 |   166 |    +0.7% |  -52.723 |   -14460.0 |    737 | instr_addr_o[31]
      730 |       3 |     139 |      114 |     19 |   167 |    +0.7% |  -52.723 |   -14457.0 |    737 | instr_addr_o[31]
      730 |       3 |     139 |      114 |     19 |   166 |    +0.7% |  -52.723 |   -14457.1 |    737 | instr_addr_o[31]
      731 |       3 |     139 |      114 |     19 |   166 |    +0.7% |  -52.723 |   -14457.1 |    737 | instr_addr_o[31]
      732 |       3 |     139 |      114 |     19 |   166 |    +0.7% |  -52.723 |   -14457.1 |    737 | instr_addr_o[31]
      733 |       3 |     139 |      114 |     19 |   166 |    +0.7% |  -52.723 |   -14457.1 |    737 | instr_addr_o[31]
      734 |       3 |     139 |      114 |     19 |   166 |    +0.7% |  -52.723 |   -14457.1 |    737 | instr_addr_o[31]
      735 |       3 |     139 |      114 |     19 |   166 |    +0.7% |  -52.723 |   -14457.1 |    737 | instr_addr_o[31]
      736 |       3 |     139 |      114 |     19 |   166 |    +0.7% |  -52.723 |   -14457.1 |    737 | instr_addr_o[31]
      737 |       3 |     139 |      114 |     19 |   166 |    +0.7% |  -52.723 |   -14457.1 |    737 | instr_addr_o[31]
      738 |       3 |     139 |      114 |     19 |   166 |    +0.7% |  -52.723 |   -14457.1 |    737 | instr_addr_o[31]
      740 |       3 |     139 |      114 |     19 |   167 |    +0.7% |  -52.723 |   -14457.9 |    737 | instr_addr_o[31]
      740 |       3 |     139 |      114 |     19 |   166 |    +0.7% |  -52.723 |   -14457.1 |    737 | instr_addr_o[31]
      742 |       3 |     139 |      114 |     19 |   166 |    +0.7% |  -52.723 |   -14457.1 |    737 | instr_addr_o[31]
      744 |       3 |     139 |      114 |     19 |   166 |    +0.7% |  -52.723 |   -14457.1 |    737 | instr_addr_o[31]
      745 |       3 |     139 |      114 |     19 |   166 |    +0.7% |  -52.723 |   -14457.1 |    737 | instr_addr_o[31]
      746 |       3 |     139 |      114 |     19 |   166 |    +0.7% |  -52.723 |   -14457.1 |    737 | instr_addr_o[31]
      748 |       3 |     139 |      114 |     19 |   166 |    +0.7% |  -52.723 |   -14457.1 |    737 | instr_addr_o[31]
      749 |       3 |     139 |      114 |     19 |   166 |    +0.7% |  -52.723 |   -14457.1 |    737 | instr_addr_o[31]
      750 |       3 |     139 |      114 |     19 |   166 |    +0.7% |  -52.723 |   -14457.1 |    737 | instr_addr_o[31]
      760 |       3 |     143 |      119 |     19 |   168 |    +0.8% |  -52.723 |   -14430.7 |    737 | instr_addr_o[31]
      762 |       3 |     145 |      119 |     19 |   168 |    +0.8% |  -52.723 |   -14431.4 |    737 | instr_addr_o[31]
      764 |       3 |     145 |      119 |     19 |   168 |    +0.8% |  -52.723 |   -14431.4 |    737 | instr_addr_o[31]
      766 |       3 |     145 |      119 |     19 |   168 |    +0.8% |  -52.723 |   -14431.4 |    737 | instr_addr_o[31]
      768 |       3 |     145 |      119 |     19 |   168 |    +0.8% |  -52.723 |   -14431.4 |    737 | instr_addr_o[31]
      770 |       3 |     145 |      119 |     19 |   169 |    +0.8% |  -52.723 |   -14432.2 |    737 | instr_addr_o[31]
      770 |       3 |     145 |      119 |     19 |   168 |    +0.8% |  -52.723 |   -14431.4 |    737 | instr_addr_o[31]
      771 |       3 |     145 |      119 |     19 |   168 |    +0.8% |  -52.723 |   -14431.4 |    737 | instr_addr_o[31]
      773 |       3 |     145 |      119 |     19 |   168 |    +0.8% |  -52.723 |   -14431.4 |    737 | instr_addr_o[31]
      774 |       3 |     145 |      119 |     19 |   168 |    +0.8% |  -52.723 |   -14431.4 |    737 | instr_addr_o[31]
      779 |       3 |     146 |      119 |     19 |   168 |    +0.8% |  -52.723 |   -14420.2 |    737 | instr_addr_o[31]
      780 |       3 |     146 |      119 |     19 |   168 |    +0.8% |  -52.723 |   -14420.2 |    737 | instr_addr_o[31]
      783 |       3 |     146 |      119 |     19 |   168 |    +0.8% |  -52.723 |   -14420.2 |    737 | instr_addr_o[31]
      790 |       3 |     146 |      124 |     20 |   170 |    +0.8% |  -52.723 |   -14263.7 |    737 | instr_addr_o[31]
      800 |       3 |     148 |      128 |     20 |   174 |    +0.8% |  -52.723 |   -13713.5 |    737 | instr_addr_o[31]
      810 |       3 |     150 |      131 |     20 |   179 |    +0.8% |  -52.723 |   -13879.4 |    737 | instr_addr_o[31]
      820 |       3 |     153 |      131 |     20 |   186 |    +0.8% |  -52.723 |   -14193.2 |    737 | instr_addr_o[31]
      829 |       3 |     149 |      128 |     20 |   177 |    +0.8% |  -52.723 |   -13650.7 |    737 | instr_addr_o[31]
      830 |       3 |     149 |      128 |     20 |   177 |    +0.8% |  -52.723 |   -13650.7 |    737 | instr_addr_o[31]
      840 |       3 |     153 |      131 |     20 |   180 |    +0.8% |  -52.723 |   -13722.8 |    737 | instr_addr_o[31]
      850 |       3 |     157 |      133 |     20 |   184 |    +0.8% |  -52.723 |   -13664.1 |    737 | instr_addr_o[31]
      858 |       3 |     149 |      128 |     20 |   177 |    +0.8% |  -52.723 |   -13650.7 |    737 | instr_addr_o[31]
      860 |       3 |     149 |      129 |     20 |   177 |    +0.8% |  -52.723 |   -13914.9 |    737 | instr_addr_o[31]
      870 |       3 |     155 |      133 |     20 |   177 |    +0.8% |  -52.723 |   -13518.1 |    737 | instr_addr_o[31]
      871 |       3 |     149 |      128 |     20 |   177 |    +0.8% |  -52.723 |   -13650.7 |    737 | instr_addr_o[31]
      880 |       3 |     154 |      131 |     20 |   177 |    +0.8% |  -52.723 |   -13582.4 |    737 | instr_addr_o[31]
      884 |       3 |     149 |      128 |     20 |   177 |    +0.8% |  -52.723 |   -13650.7 |    737 | instr_addr_o[31]
      890 |       3 |     151 |      131 |     20 |   177 |    +0.8% |  -52.723 |   -13598.6 |    737 | instr_addr_o[31]
      897 |       3 |     149 |      128 |     20 |   177 |    +0.8% |  -52.723 |   -13650.7 |    737 | instr_addr_o[31]
      900 |       3 |     150 |      129 |     20 |   177 |    +0.8% |  -52.723 |   -13843.0 |    737 | instr_addr_o[31]
      910 |       3 |     156 |      133 |     20 |   177 |    +0.8% |  -52.723 |   -13518.6 |    737 | instr_addr_o[31]
      910 |       3 |     149 |      128 |     20 |   177 |    +0.8% |  -52.723 |   -13650.7 |    737 | instr_addr_o[31]
      920 |       3 |     152 |      129 |     21 |   181 |    +0.8% |  -52.723 |   -13699.1 |    737 | instr_addr_o[31]
      930 |       3 |     152 |      135 |     21 |   186 |    +0.8% |  -52.723 |   -13623.7 |    737 | instr_addr_o[31]
      934 |       3 |     153 |      136 |     22 |   187 |    +0.8% |  -52.723 |   -13611.3 |    737 | instr_addr_o[31]
      938 |       3 |     153 |      136 |     22 |   187 |    +0.8% |  -52.723 |   -13611.3 |    737 | instr_addr_o[31]
      940 |       3 |     153 |      137 |     22 |   187 |    +0.9% |  -52.723 |   -13602.4 |    737 | instr_addr_o[31]
      942 |       3 |     153 |      136 |     22 |   187 |    +0.8% |  -52.723 |   -13611.3 |    737 | instr_addr_o[31]
      943 |       3 |     153 |      136 |     22 |   187 |    +0.8% |  -52.723 |   -13611.3 |    737 | instr_addr_o[31]
      947 |       3 |     153 |      136 |     22 |   187 |    +0.8% |  -52.723 |   -13611.3 |    737 | instr_addr_o[31]
      949 |       3 |     153 |      137 |     22 |   187 |    +0.9% |  -52.723 |   -13602.4 |    737 | instr_addr_o[31]
      950 |       3 |     153 |      137 |     22 |   187 |    +0.9% |  -52.723 |   -13602.4 |    737 | instr_addr_o[31]
      953 |       3 |     154 |      137 |     23 |   187 |    +0.9% |  -52.723 |   -13587.3 |    737 | instr_addr_o[31]
      954 |       3 |     154 |      137 |     23 |   187 |    +0.9% |  -52.723 |   -13587.3 |    737 | instr_addr_o[31]
      956 |       3 |     154 |      137 |     23 |   187 |    +0.9% |  -52.723 |   -13587.3 |    737 | instr_addr_o[31]
      958 |       3 |     154 |      138 |     23 |   187 |    +0.9% |  -52.723 |   -13635.0 |    737 | instr_addr_o[31]
      960 |       3 |     154 |      138 |     23 |   188 |    +0.9% |  -52.723 |   -13565.4 |    737 | instr_addr_o[31]
      970 |       3 |     157 |      140 |     23 |   193 |    +0.9% |  -52.723 |   -13506.4 |    737 | instr_addr_o[31]
      973 |       3 |     156 |      138 |     23 |   190 |    +0.9% |  -52.723 |   -13490.0 |    737 | instr_addr_o[31]
      980 |       3 |     158 |      142 |     23 |   190 |    +0.9% |  -52.723 |   -13805.4 |    737 | instr_addr_o[31]
      988 |       3 |     156 |      138 |     23 |   190 |    +0.9% |  -52.723 |   -13490.0 |    737 | instr_addr_o[31]
      989 |       3 |     156 |      138 |     23 |   190 |    +0.9% |  -52.723 |   -13490.0 |    737 | instr_addr_o[31]
      990 |       3 |     156 |      138 |     23 |   190 |    +0.9% |  -52.723 |   -13490.0 |    737 | instr_addr_o[31]
     1000 |       3 |     161 |      143 |     23 |   190 |    +0.9% |  -52.723 |   -13088.7 |    737 | instr_addr_o[31]
     1004 |       3 |     156 |      138 |     23 |   190 |    +0.9% |  -52.723 |   -13490.0 |    737 | instr_addr_o[31]
     1010 |       3 |     157 |      138 |     23 |   194 |    +0.9% |  -52.723 |   -13339.1 |    737 | instr_addr_o[31]
     1020 |       3 |     160 |      139 |     24 |   199 |    +0.9% |  -52.723 |   -13477.3 |    737 | instr_addr_o[31]
     1030 |       3 |     161 |      141 |     24 |   206 |    +0.9% |  -52.723 |   -13139.6 |    737 | instr_addr_o[31]
     1040 |       3 |     166 |      141 |     24 |   211 |    +0.9% |  -52.723 |   -12988.1 |    737 | instr_addr_o[31]
     1050 |       3 |     167 |      142 |     24 |   219 |    +0.9% |  -52.723 |   -13625.5 |    737 | instr_addr_o[31]
     1056 |       3 |     169 |      142 |     25 |   222 |    +0.9% |  -52.723 |   -12828.7 |    737 | instr_addr_o[31]
     1058 |       3 |     169 |      142 |     25 |   222 |    +0.9% |  -52.723 |   -12828.7 |    737 | instr_addr_o[31]
     1059 |       3 |     169 |      142 |     25 |   222 |    +0.9% |  -52.723 |   -12828.7 |    737 | instr_addr_o[31]
     1060 |       3 |     169 |      142 |     25 |   222 |    +0.9% |  -52.723 |   -12828.7 |    737 | instr_addr_o[31]
     1060 |       3 |     169 |      142 |     25 |   222 |    +0.9% |  -52.723 |   -12828.7 |    737 | instr_addr_o[31]
     1061 |       3 |     169 |      142 |     25 |   222 |    +0.9% |  -52.723 |   -12828.7 |    737 | instr_addr_o[31]
     1062 |       3 |     169 |      142 |     25 |   222 |    +0.9% |  -52.723 |   -12828.7 |    737 | instr_addr_o[31]
     1070 |       3 |     171 |      146 |     25 |   223 |    +0.9% |  -52.723 |   -12706.1 |    737 | instr_addr_o[31]
     1078 |       3 |     169 |      142 |     25 |   222 |    +0.9% |  -52.723 |   -12828.7 |    737 | instr_addr_o[31]
     1080 |       3 |     169 |      142 |     25 |   223 |    +0.9% |  -52.723 |   -12831.3 |    737 | instr_addr_o[31]
     1088 |       3 |     169 |      142 |     25 |   222 |    +0.9% |  -52.723 |   -12828.6 |    737 | instr_addr_o[31]
     1090 |       3 |     170 |      142 |     25 |   222 |    +0.9% |  -52.723 |   -12807.1 |    737 | instr_addr_o[31]
     1091 |       3 |     171 |      142 |     25 |   222 |    +0.9% |  -52.723 |   -12799.8 |    737 | instr_addr_o[31]
     1100 |       3 |     175 |      144 |     26 |   223 |    +0.9% |  -52.723 |   -12456.5 |    737 | instr_addr_o[31]
     1108 |       3 |     174 |      142 |     26 |   223 |    +0.9% |  -52.723 |   -12629.9 |    737 | instr_addr_o[31]
     1109 |       3 |     174 |      142 |     26 |   223 |    +0.9% |  -52.723 |   -12629.9 |    737 | instr_addr_o[31]
     1110 |       3 |     174 |      142 |     26 |   223 |    +0.9% |  -52.723 |   -12629.9 |    737 | instr_addr_o[31]
     1117 |       3 |     174 |      142 |     26 |   223 |    +0.9% |  -52.723 |   -12629.9 |    737 | instr_addr_o[31]
     1118 |       3 |     174 |      142 |     26 |   223 |    +0.9% |  -52.723 |   -12629.9 |    737 | instr_addr_o[31]
     1120 |       3 |     174 |      143 |     26 |   223 |    +0.9% |  -52.723 |   -12639.2 |    737 | instr_addr_o[31]
     1126 |       3 |     174 |      142 |     26 |   223 |    +0.9% |  -52.723 |   -12629.9 |    737 | instr_addr_o[31]
     1127 |       3 |     174 |      142 |     26 |   223 |    +0.9% |  -52.723 |   -12629.9 |    737 | instr_addr_o[31]
     1130 |       3 |     175 |      143 |     26 |   223 |    +0.9% |  -52.723 |   -12636.0 |    737 | instr_addr_o[31]
     1140 |       3 |     180 |      147 |     27 |   223 |    +0.9% |  -52.723 |   -12222.6 |    737 | instr_addr_o[31]
     1143 |       3 |     178 |      146 |     27 |   223 |    +0.9% |  -52.723 |   -12201.0 |    737 | instr_addr_o[31]
     1144 |       3 |     178 |      146 |     27 |   223 |    +0.9% |  -52.723 |   -12201.0 |    737 | instr_addr_o[31]
     1150 |       3 |     182 |      147 |     27 |   223 |    +1.0% |  -52.723 |   -12435.5 |    737 | instr_addr_o[31]
     1151 |       3 |     178 |      146 |     27 |   223 |    +0.9% |  -52.723 |   -12201.0 |    737 | instr_addr_o[31]
     1155 |       3 |     180 |      147 |     27 |   223 |    +0.9% |  -52.723 |   -12502.9 |    737 | instr_addr_o[31]
     1156 |       3 |     180 |      147 |     27 |   223 |    +0.9% |  -52.723 |   -12502.9 |    737 | instr_addr_o[31]
     1157 |       3 |     180 |      147 |     27 |   223 |    +0.9% |  -52.723 |   -12502.9 |    737 | instr_addr_o[31]
     1160 |       3 |     181 |      148 |     27 |   223 |    +1.0% |  -52.723 |   -12523.9 |    737 | instr_addr_o[31]
     1164 |       3 |     180 |      147 |     27 |   223 |    +0.9% |  -52.723 |   -12502.9 |    737 | instr_addr_o[31]
     1165 |       3 |     180 |      147 |     27 |   223 |    +0.9% |  -52.723 |   -12502.9 |    737 | instr_addr_o[31]
     1166 |       3 |     180 |      147 |     27 |   223 |    +0.9% |  -52.723 |   -12502.9 |    737 | instr_addr_o[31]
     1170 |       3 |     181 |      149 |     27 |   224 |    +1.0% |  -52.723 |   -11895.7 |    737 | instr_addr_o[31]
     1179 |       3 |     182 |      149 |     28 |   225 |    +1.0% |  -52.723 |   -11648.4 |    737 | instr_addr_o[31]
     1180 |       3 |     182 |      149 |     28 |   225 |    +1.0% |  -52.723 |   -11648.4 |    737 | instr_addr_o[31]
     1180 |       3 |     182 |      149 |     28 |   225 |    +1.0% |  -52.723 |   -11648.4 |    737 | instr_addr_o[31]
     1181 |       3 |     182 |      149 |     28 |   225 |    +1.0% |  -52.723 |   -11648.4 |    737 | instr_addr_o[31]
     1188 |       3 |     182 |      149 |     28 |   225 |    +1.0% |  -52.723 |   -11648.4 |    737 | instr_addr_o[31]
     1190 |       3 |     183 |      149 |     28 |   225 |    +1.0% |  -52.723 |   -11608.0 |    737 | instr_addr_o[31]
     1193 |       3 |     185 |      149 |     28 |   225 |    +1.0% |  -52.723 |   -11596.7 |    737 | instr_addr_o[31]
     1200 |       3 |     190 |      150 |     28 |   225 |    +1.0% |  -52.723 |   -11408.7 |    737 | instr_addr_o[31]
     1200 |       3 |     185 |      149 |     28 |   225 |    +1.0% |  -52.723 |   -11596.7 |    737 | instr_addr_o[31]
     1202 |       3 |     185 |      150 |     28 |   225 |    +1.0% |  -52.723 |   -11619.7 |    737 | instr_addr_o[31]
     1203 |       3 |     185 |      150 |     28 |   225 |    +1.0% |  -52.723 |   -11619.7 |    737 | instr_addr_o[31]
     1210 |       3 |     190 |      151 |     28 |   225 |    +1.0% |  -52.723 |   -11431.7 |    737 | instr_addr_o[31]
     1210 |       3 |     185 |      150 |     28 |   225 |    +1.0% |  -52.723 |   -11619.7 |    737 | instr_addr_o[31]
     1218 |       3 |     191 |      151 |     28 |   225 |    +1.0% |  -52.723 |   -11429.6 |    737 | instr_addr_o[31]
     1219 |       3 |     191 |      151 |     28 |   225 |    +1.0% |  -52.723 |   -11429.6 |    737 | instr_addr_o[31]
     1220 |       3 |     191 |      151 |     28 |   225 |    +1.0% |  -52.723 |   -11429.6 |    737 | instr_addr_o[31]
     1225 |       3 |     193 |      153 |     29 |   225 |    +1.0% |  -52.723 |   -11318.9 |    737 | instr_addr_o[31]
     1226 |       3 |     193 |      153 |     29 |   225 |    +1.0% |  -52.723 |   -11318.9 |    737 | instr_addr_o[31]
     1230 |       3 |     196 |      153 |     29 |   225 |    +1.0% |  -52.723 |   -11285.8 |    737 | instr_addr_o[31]
     1231 |       3 |     196 |      153 |     29 |   225 |    +1.0% |  -52.723 |   -11285.6 |    737 | instr_addr_o[31]
     1232 |       3 |     196 |      153 |     29 |   225 |    +1.0% |  -52.723 |   -11285.6 |    737 | instr_addr_o[31]
     1234 |       3 |     196 |      154 |     29 |   225 |    +1.0% |  -52.723 |   -11308.7 |    737 | instr_addr_o[31]
     1236 |       3 |     197 |      154 |     29 |   225 |    +1.0% |  -52.723 |   -11297.1 |    737 | instr_addr_o[31]
     1240 |       3 |     200 |      154 |     29 |   225 |    +1.0% |  -52.723 |   -11251.3 |    737 | instr_addr_o[31]
     1242 |       3 |     200 |      154 |     29 |   225 |    +1.0% |  -52.723 |   -11251.1 |    737 | instr_addr_o[31]
     1243 |       3 |     200 |      154 |     29 |   225 |    +1.0% |  -52.723 |   -11251.1 |    737 | instr_addr_o[31]
     1246 |       3 |     200 |      154 |     29 |   225 |    +1.0% |  -52.723 |   -11251.1 |    737 | instr_addr_o[31]
     1250 |       3 |     200 |      155 |     29 |   227 |    +1.0% |  -52.723 |   -11246.7 |    737 | instr_addr_o[31]
     1255 |       4 |     201 |      155 |     29 |   230 |    +1.0% |  -52.723 |   -11234.8 |    737 | instr_addr_o[31]
     1257 |       4 |     201 |      156 |     29 |   230 |    +1.0% |  -52.723 |   -11290.4 |    737 | instr_addr_o[31]
     1260 |       4 |     203 |      156 |     29 |   230 |    +1.0% |  -52.723 |   -11168.8 |    737 | instr_addr_o[31]
     1265 |       4 |     203 |      156 |     29 |   230 |    +1.0% |  -52.723 |   -11166.9 |    737 | instr_addr_o[31]
     1266 |       4 |     203 |      156 |     29 |   230 |    +1.0% |  -52.723 |   -11166.9 |    737 | instr_addr_o[31]
     1267 |       4 |     203 |      156 |     29 |   230 |    +1.0% |  -52.723 |   -11166.9 |    737 | instr_addr_o[31]
     1270 |       4 |     204 |      156 |     30 |   230 |    +1.0% |  -52.723 |   -11219.4 |    737 | instr_addr_o[31]
     1273 |       4 |     203 |      156 |     29 |   230 |    +1.0% |  -52.723 |   -11166.9 |    737 | instr_addr_o[31]
     1274 |       4 |     203 |      156 |     29 |   230 |    +1.0% |  -52.723 |   -11166.9 |    737 | instr_addr_o[31]
     1280 |       4 |     206 |      157 |     30 |   230 |    +1.0% |  -52.723 |   -11206.5 |    737 | instr_addr_o[31]
     1280 |       4 |     203 |      156 |     29 |   230 |    +1.0% |  -52.723 |   -11166.9 |    737 | instr_addr_o[31]
     1281 |       4 |     203 |      156 |     29 |   230 |    +1.0% |  -52.723 |   -11166.9 |    737 | instr_addr_o[31]
     1282 |       4 |     203 |      156 |     29 |   230 |    +1.0% |  -52.723 |   -11166.9 |    737 | instr_addr_o[31]
     1284 |       4 |     204 |      156 |     29 |   230 |    +1.0% |  -52.723 |   -11172.2 |    737 | instr_addr_o[31]
     1285 |       4 |     204 |      156 |     29 |   230 |    +1.0% |  -52.723 |   -11172.2 |    737 | instr_addr_o[31]
     1286 |       4 |     204 |      156 |     29 |   230 |    +1.0% |  -52.723 |   -11172.2 |    737 | instr_addr_o[31]
     1287 |       4 |     204 |      156 |     29 |   230 |    +1.0% |  -52.723 |   -11172.2 |    737 | instr_addr_o[31]
     1290 |       4 |     206 |      156 |     29 |   230 |    +1.0% |  -52.723 |   -11149.4 |    737 | instr_addr_o[31]
     1290 |       4 |     206 |      156 |     29 |   230 |    +1.0% |  -52.723 |   -11149.4 |    737 | instr_addr_o[31]
     1291 |       4 |     206 |      156 |     29 |   230 |    +1.0% |  -52.723 |   -11149.4 |    737 | instr_addr_o[31]
     1292 |       4 |     206 |      156 |     29 |   230 |    +1.0% |  -52.723 |   -11149.4 |    737 | instr_addr_o[31]
     1293 |       4 |     206 |      156 |     29 |   230 |    +1.0% |  -52.723 |   -11149.4 |    737 | instr_addr_o[31]
     1296 |       4 |     206 |      156 |     30 |   230 |    +1.0% |  -52.723 |   -11223.1 |    737 | instr_addr_o[31]
     1300 |       4 |     208 |      157 |     30 |   230 |    +1.0% |  -52.723 |   -11200.5 |    737 | instr_addr_o[31]
     1301 |       4 |     207 |      156 |     30 |   230 |    +1.0% |  -52.723 |   -11200.0 |    737 | instr_addr_o[31]
     1302 |       4 |     207 |      156 |     30 |   230 |    +1.0% |  -52.723 |   -11200.0 |    737 | instr_addr_o[31]
     1309 |       4 |     208 |      156 |     30 |   233 |    +1.0% |  -52.723 |   -11222.5 |    737 | instr_addr_o[31]
     1310 |       4 |     208 |      156 |     30 |   233 |    +1.0% |  -52.723 |   -11222.5 |    737 | instr_addr_o[31]
     1310 |       4 |     208 |      156 |     30 |   233 |    +1.0% |  -52.723 |   -11222.5 |    737 | instr_addr_o[31]
     1311 |       4 |     208 |      156 |     30 |   233 |    +1.0% |  -52.723 |   -11222.5 |    737 | instr_addr_o[31]
     1314 |       4 |     210 |      156 |     30 |   233 |    +1.0% |  -52.723 |   -11217.1 |    737 | instr_addr_o[31]
     1317 |       4 |     212 |      156 |     30 |   233 |    +1.0% |  -52.723 |   -11191.1 |    735 | instr_addr_o[31]
     1318 |       4 |     212 |      156 |     30 |   233 |    +1.0% |  -52.723 |   -11191.1 |    735 | instr_addr_o[31]
     1320 |       4 |     212 |      157 |     30 |   233 |    +1.0% |  -52.723 |   -11482.9 |    735 | instr_addr_o[31]
     1321 |       4 |     212 |      156 |     30 |   233 |    +1.0% |  -52.723 |   -11191.1 |    735 | instr_addr_o[31]
     1323 |       4 |     213 |      156 |     30 |   233 |    +1.0% |  -52.723 |   -11202.8 |    735 | instr_addr_o[31]
     1327 |       4 |     213 |      156 |     31 |   233 |    +1.0% |  -52.723 |   -11266.3 |    735 | instr_addr_o[31]
     1330 |       4 |     215 |      156 |     31 |   233 |    +1.0% |  -52.723 |   -11018.1 |    735 | instr_addr_o[31]
     1338 |       4 |     218 |      158 |     32 |   235 |    +1.1% |  -52.723 |   -10811.7 |    735 | instr_addr_o[31]
     1339 |       4 |     218 |      158 |     32 |   235 |    +1.1% |  -52.723 |   -10811.7 |    735 | instr_addr_o[31]
     1340 |       4 |     218 |      158 |     32 |   235 |    +1.1% |  -52.723 |   -10811.7 |    735 | instr_addr_o[31]
     1340 |       4 |     218 |      158 |     32 |   235 |    +1.1% |  -52.723 |   -10811.7 |    735 | instr_addr_o[31]
     1341 |       4 |     218 |      158 |     32 |   235 |    +1.1% |  -52.723 |   -10811.7 |    735 | instr_addr_o[31]
     1342 |       4 |     218 |      158 |     32 |   235 |    +1.1% |  -52.723 |   -10811.7 |    735 | instr_addr_o[31]
     1343 |       4 |     218 |      158 |     32 |   235 |    +1.1% |  -52.723 |   -10811.7 |    735 | instr_addr_o[31]
     1345 |       4 |     218 |      158 |     33 |   235 |    +1.1% |  -52.723 |   -10873.1 |    735 | instr_addr_o[31]
     1346 |       4 |     218 |      158 |     33 |   235 |    +1.1% |  -52.723 |   -10873.1 |    735 | instr_addr_o[31]
     1347 |       4 |     218 |      158 |     33 |   235 |    +1.1% |  -52.723 |   -10873.1 |    735 | instr_addr_o[31]
     1348 |       4 |     218 |      158 |     33 |   235 |    +1.1% |  -52.723 |   -10873.1 |    735 | instr_addr_o[31]
     1349 |       4 |     218 |      158 |     33 |   235 |    +1.1% |  -52.723 |   -10873.1 |    735 | instr_addr_o[31]
     1350 |       4 |     218 |      158 |     33 |   235 |    +1.1% |  -52.723 |   -10873.1 |    735 | instr_addr_o[31]
     1350 |       4 |     218 |      158 |     33 |   235 |    +1.1% |  -52.723 |   -10873.1 |    734 | instr_addr_o[31]
     1358 |       4 |     218 |      158 |     33 |   235 |    +1.1% |  -52.723 |   -10871.8 |    734 | instr_addr_o[31]
     1359 |       4 |     218 |      158 |     33 |   235 |    +1.1% |  -52.723 |   -10871.8 |    734 | instr_addr_o[31]
     1360 |       4 |     218 |      158 |     33 |   235 |    +1.1% |  -52.723 |   -10871.8 |    734 | instr_addr_o[31]
     1364 |       4 |     220 |      159 |     34 |   235 |    +1.1% |  -52.723 |   -10886.2 |    734 | instr_addr_o[31]
     1365 |       4 |     220 |      159 |     34 |   235 |    +1.1% |  -52.723 |   -10886.2 |    734 | instr_addr_o[31]
     1366 |       4 |     220 |      159 |     34 |   235 |    +1.1% |  -52.723 |   -10886.2 |    734 | instr_addr_o[31]
     1367 |       4 |     220 |      159 |     34 |   235 |    +1.1% |  -52.723 |   -10886.2 |    734 | instr_addr_o[31]
     1368 |       4 |     220 |      159 |     34 |   235 |    +1.1% |  -52.723 |   -10886.2 |    734 | instr_addr_o[31]
     1369 |       4 |     220 |      159 |     34 |   235 |    +1.1% |  -52.723 |   -10886.2 |    734 | instr_addr_o[31]
     1370 |       4 |     220 |      159 |     34 |   235 |    +1.1% |  -52.723 |   -10886.2 |    734 | instr_addr_o[31]
     1370 |       4 |     220 |      159 |     34 |   235 |    +1.1% |  -52.723 |   -10886.2 |    734 | instr_addr_o[31]
     1371 |       4 |     220 |      159 |     34 |   235 |    +1.1% |  -52.723 |   -10886.2 |    734 | instr_addr_o[31]
     1372 |       4 |     220 |      159 |     34 |   235 |    +1.1% |  -52.723 |   -10886.2 |    733 | instr_addr_o[31]
     1373 |       4 |     220 |      159 |     34 |   235 |    +1.1% |  -52.723 |   -10886.2 |    733 | instr_addr_o[31]
     1374 |       4 |     220 |      159 |     34 |   235 |    +1.1% |  -52.723 |   -10886.2 |    733 | instr_addr_o[31]
     1378 |       4 |     223 |      159 |     34 |   235 |    +1.1% |  -52.723 |   -10879.9 |    733 | instr_addr_o[31]
     1379 |       4 |     223 |      159 |     34 |   235 |    +1.1% |  -52.723 |   -10879.9 |    733 | instr_addr_o[31]
     1380 |       4 |     223 |      159 |     34 |   235 |    +1.1% |  -52.723 |   -10879.9 |    733 | instr_addr_o[31]
     1380 |       4 |     223 |      159 |     34 |   235 |    +1.1% |  -52.723 |   -10879.9 |    733 | instr_addr_o[31]
     1381 |       4 |     223 |      159 |     34 |   235 |    +1.1% |  -52.723 |   -10879.9 |    733 | instr_addr_o[31]
     1382 |       4 |     223 |      159 |     34 |   235 |    +1.1% |  -52.723 |   -10879.9 |    733 | instr_addr_o[31]
     1383 |       4 |     223 |      159 |     34 |   235 |    +1.1% |  -52.723 |   -10879.9 |    733 | instr_addr_o[31]
     1384 |       4 |     223 |      159 |     34 |   235 |    +1.1% |  -52.723 |   -10879.9 |    733 | instr_addr_o[31]
     1385 |       4 |     223 |      159 |     34 |   235 |    +1.1% |  -52.723 |   -10879.9 |    733 | instr_addr_o[31]
     1386 |       4 |     223 |      159 |     34 |   235 |    +1.1% |  -52.723 |   -10879.9 |    733 | instr_addr_o[31]
     1388 |       4 |     223 |      160 |     34 |   235 |    +1.1% |  -52.723 |   -10833.1 |    733 | instr_addr_o[31]
     1390 |       4 |     224 |      160 |     34 |   235 |    +1.1% |  -52.723 |   -10821.7 |    733 | instr_addr_o[31]
     1391 |       4 |     225 |      160 |     34 |   235 |    +1.1% |  -52.723 |   -10840.6 |    733 | instr_addr_o[31]
     1392 |       4 |     225 |      160 |     34 |   235 |    +1.1% |  -52.723 |   -10840.6 |    733 | instr_addr_o[31]
     1393 |       4 |     225 |      160 |     34 |   235 |    +1.1% |  -52.723 |   -10840.6 |    733 | instr_addr_o[31]
     1394 |       4 |     225 |      160 |     34 |   235 |    +1.1% |  -52.723 |   -10840.6 |    733 | instr_addr_o[31]
     1395 |       4 |     225 |      160 |     34 |   235 |    +1.1% |  -52.723 |   -10840.6 |    733 | instr_addr_o[31]
     1396 |       4 |     225 |      160 |     34 |   235 |    +1.1% |  -52.723 |   -10840.6 |    733 | instr_addr_o[31]
     1398 |       4 |     226 |      160 |     34 |   235 |    +1.1% |  -52.723 |   -10858.6 |    733 | instr_addr_o[31]
     1399 |       4 |     226 |      160 |     34 |   235 |    +1.1% |  -52.723 |   -10858.6 |    733 | instr_addr_o[31]
     1400 |       4 |     226 |      160 |     34 |   235 |    +1.1% |  -52.723 |   -10858.6 |    733 | instr_addr_o[31]
     1400 |       4 |     226 |      160 |     34 |   235 |    +1.1% |  -52.723 |   -10858.6 |    733 | instr_addr_o[31]
     1401 |       4 |     226 |      160 |     34 |   235 |    +1.1% |  -52.723 |   -10858.6 |    733 | instr_addr_o[31]
     1402 |       4 |     226 |      160 |     34 |   235 |    +1.1% |  -52.723 |   -10858.6 |    733 | instr_addr_o[31]
     1403 |       4 |     226 |      160 |     34 |   235 |    +1.1% |  -52.723 |   -10858.6 |    733 | instr_addr_o[31]
     1404 |       4 |     226 |      160 |     34 |   235 |    +1.1% |  -52.723 |   -10858.6 |    733 | instr_addr_o[31]
     1405 |       4 |     226 |      160 |     34 |   235 |    +1.1% |  -52.723 |   -10858.6 |    733 | instr_addr_o[31]
     1406 |       4 |     226 |      160 |     34 |   235 |    +1.1% |  -52.723 |   -10858.6 |    733 | instr_addr_o[31]
     1407 |       4 |     226 |      160 |     34 |   235 |    +1.1% |  -52.723 |   -10858.6 |    733 | instr_addr_o[31]
     1410 |       4 |     228 |      160 |     34 |   235 |    +1.1% |  -52.723 |   -10874.4 |    733 | instr_addr_o[31]
     1410 |       4 |     228 |      160 |     34 |   235 |    +1.1% |  -52.723 |   -10874.4 |    733 | instr_addr_o[31]
     1414 |       4 |     228 |      160 |     34 |   235 |    +1.1% |  -52.723 |   -10874.4 |    733 | instr_addr_o[31]
     1415 |       4 |     228 |      160 |     34 |   235 |    +1.1% |  -52.723 |   -10874.4 |    733 | instr_addr_o[31]
     1416 |       4 |     228 |      160 |     34 |   235 |    +1.1% |  -52.723 |   -10874.4 |    733 | instr_addr_o[31]
     1417 |       4 |     228 |      160 |     34 |   235 |    +1.1% |  -52.723 |   -10874.4 |    733 | instr_addr_o[31]
     1418 |       4 |     228 |      160 |     34 |   235 |    +1.1% |  -52.723 |   -10874.4 |    733 | instr_addr_o[31]
     1419 |       4 |     228 |      160 |     34 |   235 |    +1.1% |  -52.723 |   -10874.4 |    733 | instr_addr_o[31]
     1420 |       4 |     228 |      160 |     34 |   235 |    +1.1% |  -52.723 |   -10874.4 |    733 | instr_addr_o[31]
     1420 |       4 |     228 |      160 |     34 |   235 |    +1.1% |  -52.723 |   -10874.4 |    733 | instr_addr_o[31]
     1421 |       4 |     228 |      160 |     34 |   235 |    +1.1% |  -52.723 |   -10874.4 |    733 | instr_addr_o[31]
     1422 |       4 |     228 |      160 |     34 |   235 |    +1.1% |  -52.723 |   -10874.4 |    733 | instr_addr_o[31]
     1423 |       4 |     228 |      160 |     34 |   235 |    +1.1% |  -52.723 |   -10874.4 |    733 | instr_addr_o[31]
     1424 |       4 |     228 |      160 |     34 |   235 |    +1.1% |  -52.723 |   -10874.4 |    733 | instr_addr_o[31]
     1425 |       4 |     228 |      160 |     34 |   235 |    +1.1% |  -52.723 |   -10874.4 |    733 | instr_addr_o[31]
     1426 |       4 |     228 |      160 |     34 |   235 |    +1.1% |  -52.723 |   -10874.4 |    733 | instr_addr_o[31]
     1427 |       4 |     228 |      160 |     34 |   235 |    +1.1% |  -52.723 |   -10874.4 |    733 | instr_addr_o[31]
     1428 |       4 |     228 |      160 |     34 |   235 |    +1.1% |  -52.723 |   -10874.4 |    733 | instr_addr_o[31]
     1429 |       4 |     228 |      160 |     34 |   235 |    +1.1% |  -52.723 |   -10874.4 |    733 | instr_addr_o[31]
     1430 |       4 |     228 |      160 |     34 |   235 |    +1.1% |  -52.723 |   -10874.4 |    733 | instr_addr_o[31]
     1440 |       4 |     232 |      164 |     34 |   237 |    +1.1% |  -53.158 |   -11123.8 |    733 | instr_addr_o[31]
     1450 |       4 |     240 |      166 |     34 |   237 |    +1.1% |  -53.505 |   -11356.8 |    733 | instr_addr_o[31]
     1452 |       4 |     228 |      160 |     34 |   235 |    +1.1% |  -52.723 |   -10874.4 |    733 | instr_addr_o[31]
     1453 |       4 |     228 |      160 |     34 |   235 |    +1.1% |  -52.723 |   -10874.4 |    733 | instr_addr_o[31]
     1454 |       4 |     228 |      160 |     34 |   235 |    +1.1% |  -52.723 |   -10874.4 |    733 | instr_addr_o[31]
     1455 |       4 |     228 |      160 |     34 |   235 |    +1.1% |  -52.723 |   -10874.4 |    733 | instr_addr_o[31]
     1460 |       4 |     231 |      161 |     34 |   235 |    +1.1% |  -52.723 |   -10859.8 |    733 | instr_addr_o[31]
     1460 |       4 |     231 |      160 |     34 |   235 |    +1.1% |  -52.723 |   -10825.0 |    733 | instr_addr_o[31]
     1462 |       4 |     231 |      160 |     34 |   235 |    +1.1% |  -52.723 |   -10825.0 |    733 | instr_addr_o[31]
     1464 |       4 |     231 |      161 |     34 |   235 |    +1.1% |  -52.723 |   -10859.8 |    733 | instr_addr_o[31]
     1467 |       4 |     231 |      161 |     34 |   235 |    +1.1% |  -52.723 |   -10859.8 |    733 | instr_addr_o[31]
     1470 |       4 |     233 |      161 |     34 |   235 |    +1.1% |  -52.723 |   -10610.7 |    733 | instr_addr_o[31]
     1480 |       4 |     234 |      162 |     36 |   241 |    +1.1% |  -52.723 |   -11093.5 |    733 | instr_addr_o[31]
     1483 |       4 |     235 |      163 |     36 |   242 |    +1.1% |  -52.723 |   -10914.5 |    731 | instr_addr_o[31]
     1489 |       4 |     235 |      163 |     36 |   242 |    +1.1% |  -52.723 |   -10914.6 |    731 | instr_addr_o[31]
     1490 |       4 |     235 |      163 |     36 |   242 |    +1.1% |  -52.723 |   -10914.6 |    731 | instr_addr_o[31]
     1494 |       4 |     235 |      163 |     36 |   242 |    +1.1% |  -52.723 |   -10914.6 |    731 | instr_addr_o[31]
     1495 |       4 |     235 |      163 |     36 |   242 |    +1.1% |  -52.723 |   -10914.6 |    731 | instr_addr_o[31]
     1500 |       4 |     237 |      165 |     36 |   242 |    +1.1% |  -52.723 |   -10861.4 |    731 | instr_addr_o[31]
     1500 |       4 |     235 |      163 |     36 |   242 |    +1.1% |  -52.723 |   -10914.6 |    731 | instr_addr_o[31]
     1505 |       4 |     235 |      163 |     36 |   242 |    +1.1% |  -52.723 |   -10914.6 |    731 | instr_addr_o[31]
     1510 |       4 |     237 |      164 |     37 |   242 |    +1.1% |  -52.723 |   -10896.3 |    731 | instr_addr_o[31]
     1517 |       4 |     237 |      164 |     37 |   242 |    +1.1% |  -52.723 |   -10896.5 |    731 | instr_addr_o[31]
     1520 |       4 |     238 |      165 |     37 |   242 |    +1.1% |  -52.723 |   -10919.1 |    731 | instr_addr_o[31]
     1521 |       4 |     237 |      164 |     37 |   242 |    +1.1% |  -52.723 |   -10896.5 |    731 | instr_addr_o[31]
     1522 |       4 |     237 |      164 |     37 |   242 |    +1.1% |  -52.723 |   -10896.5 |    731 | instr_addr_o[31]
     1530 |       4 |     241 |      166 |     38 |   242 |    +1.2% |  -52.723 |   -10780.0 |    731 | instr_addr_o[31]
     1531 |       4 |     237 |      164 |     37 |   242 |    +1.1% |  -52.723 |   -10896.5 |    731 | instr_addr_o[31]
     1535 |       4 |     237 |      164 |     37 |   242 |    +1.1% |  -52.723 |   -10896.5 |    731 | instr_addr_o[31]
     1540 |       4 |     241 |      164 |     37 |   242 |    +1.1% |  -52.723 |   -10387.3 |    731 | instr_addr_o[31]
     1548 |       4 |     244 |      165 |     38 |   245 |    +1.2% |  -52.723 |   -10206.1 |    729 | instr_addr_o[31]
     1549 |       4 |     244 |      165 |     38 |   245 |    +1.2% |  -52.723 |   -10206.1 |    728 | instr_addr_o[31]
     1550 |       4 |     244 |      165 |     38 |   245 |    +1.2% |  -52.723 |   -10206.1 |    728 | instr_addr_o[31]
     1550 |       4 |     244 |      165 |     38 |   245 |    +1.2% |  -52.723 |   -10206.1 |    727 | instr_addr_o[31]
     1551 |       4 |     244 |      165 |     38 |   245 |    +1.2% |  -52.723 |   -10206.1 |    727 | instr_addr_o[31]
     1560 |       4 |     249 |      167 |     39 |   245 |    +1.2% |  -52.723 |   -10072.1 |    727 | instr_addr_o[31]
     1560 |       4 |     244 |      165 |     38 |   245 |    +1.2% |  -52.723 |   -10206.1 |    727 | instr_addr_o[31]
     1568 |       4 |     246 |      165 |     39 |   245 |    +1.2% |  -52.723 |   -10149.4 |    727 | instr_addr_o[31]
     1570 |       4 |     246 |      166 |     39 |   245 |    +1.2% |  -52.723 |   -10179.5 |    727 | instr_addr_o[31]
     1578 |       4 |     247 |      167 |     40 |   245 |    +1.2% |  -52.723 |   -10213.3 |    727 | instr_addr_o[31]
     1579 |       4 |     247 |      167 |     40 |   245 |    +1.2% |  -52.723 |   -10213.3 |    726 | instr_addr_o[31]
     1580 |       4 |     247 |      167 |     40 |   245 |    +1.2% |  -52.723 |   -10213.3 |    726 | instr_addr_o[31]
     1580 |       4 |     247 |      167 |     40 |   245 |    +1.2% |  -52.723 |   -10213.3 |    726 | instr_addr_o[31]
     1581 |       4 |     247 |      167 |     40 |   245 |    +1.2% |  -52.723 |   -10213.3 |    726 | instr_addr_o[31]
     1587 |       4 |     247 |      167 |     40 |   245 |    +1.2% |  -52.723 |   -10213.3 |    726 | instr_addr_o[31]
     1590 |       4 |     249 |      167 |     40 |   245 |    +1.2% |  -52.723 |   -10049.2 |    726 | instr_addr_o[31]
     1600 |       4 |     251 |      169 |     42 |   249 |    +1.2% |  -52.723 |   -10300.5 |    726 | instr_addr_o[31]
     1600 |       4 |     251 |      167 |     40 |   248 |    +1.2% |  -52.723 |    -9936.9 |    726 | instr_addr_o[31]
     1601 |       4 |     251 |      167 |     40 |   248 |    +1.2% |  -52.723 |    -9936.9 |    725 | instr_addr_o[31]
     1603 |       4 |     251 |      168 |     40 |   248 |    +1.2% |  -52.723 |   -10143.4 |    725 | instr_addr_o[31]
     1606 |       4 |     253 |      168 |     40 |   248 |    +1.2% |  -52.723 |   -10015.7 |    723 | instr_addr_o[31]
     1607 |       4 |     253 |      168 |     40 |   248 |    +1.2% |  -52.723 |   -10015.7 |    722 | instr_addr_o[31]
     1610 |       4 |     254 |      169 |     40 |   248 |    +1.2% |  -52.723 |    -9886.9 |    722 | instr_addr_o[31]
     1612 |       4 |     255 |      170 |     40 |   248 |    +1.2% |  -52.723 |    -9866.8 |    722 | instr_addr_o[31]
     1614 |       4 |     256 |      170 |     40 |   248 |    +1.2% |  -52.723 |    -9896.1 |    722 | instr_addr_o[31]
     1618 |       4 |     256 |      171 |     42 |   248 |    +1.2% |  -52.723 |   -10023.8 |    722 | instr_addr_o[31]
     1619 |       4 |     256 |      171 |     42 |   248 |    +1.2% |  -52.723 |   -10023.8 |    721 | instr_addr_o[31]
     1620 |       4 |     256 |      171 |     42 |   248 |    +1.2% |  -52.723 |   -10023.8 |    721 | instr_addr_o[31]
     1620 |       4 |     256 |      171 |     42 |   248 |    +1.2% |  -52.723 |   -10023.8 |    720 | instr_addr_o[31]
     1621 |       4 |     256 |      171 |     42 |   248 |    +1.2% |  -52.723 |   -10023.8 |    720 | instr_addr_o[31]
     1622 |       4 |     256 |      171 |     42 |   248 |    +1.2% |  -52.723 |   -10023.8 |    719 | instr_addr_o[31]
     1623 |       4 |     256 |      171 |     42 |   248 |    +1.2% |  -52.723 |   -10023.8 |    718 | instr_addr_o[31]
     1624 |       4 |     256 |      171 |     42 |   248 |    +1.2% |  -52.723 |   -10023.8 |    718 | instr_addr_o[31]
     1625 |       4 |     256 |      171 |     42 |   248 |    +1.2% |  -52.723 |   -10023.8 |    717 | instr_addr_o[31]
     1626 |       4 |     256 |      171 |     42 |   248 |    +1.2% |  -52.723 |   -10023.8 |    717 | instr_addr_o[31]
     1627 |       4 |     256 |      171 |     42 |   248 |    +1.2% |  -52.723 |   -10023.8 |    716 | instr_addr_o[31]
     1628 |       4 |     256 |      171 |     42 |   248 |    +1.2% |  -52.723 |   -10023.8 |    715 | instr_addr_o[31]
     1630 |       4 |     256 |      171 |     42 |   249 |    +1.2% |  -52.723 |   -10026.4 |    715 | instr_addr_o[31]
     1640 |       4 |     261 |      176 |     42 |   250 |    +1.2% |  -53.158 |   -10249.7 |    715 | instr_addr_o[31]
     1650 |       4 |     269 |      178 |     42 |   250 |    +1.3% |  -53.505 |   -10469.1 |    715 | instr_addr_o[31]
     1650 |       4 |     257 |      173 |     42 |   249 |    +1.2% |  -52.723 |   -10016.9 |    715 | instr_addr_o[31]
     1651 |       4 |     257 |      173 |     42 |   249 |    +1.2% |  -52.723 |   -10016.9 |    715 | instr_addr_o[31]
     1652 |       4 |     257 |      173 |     42 |   249 |    +1.2% |  -52.723 |   -10016.9 |    715 | instr_addr_o[31]
     1653 |       4 |     257 |      173 |     42 |   249 |    +1.2% |  -52.723 |   -10016.9 |    715 | instr_addr_o[31]
     1654 |       4 |     257 |      173 |     42 |   249 |    +1.2% |  -52.723 |   -10016.9 |    714 | instr_addr_o[31]
     1655 |       4 |     257 |      173 |     42 |   249 |    +1.2% |  -52.723 |   -10016.9 |    713 | instr_addr_o[31]
     1657 |       4 |     258 |      173 |     42 |   249 |    +1.2% |  -52.723 |   -10006.1 |    713 | instr_addr_o[31]
     1658 |       4 |     258 |      173 |     42 |   249 |    +1.2% |  -52.723 |   -10006.1 |    713 | instr_addr_o[31]
     1659 |       4 |     258 |      173 |     42 |   249 |    +1.2% |  -52.723 |   -10006.1 |    713 | instr_addr_o[31]
     1660 |       4 |     258 |      173 |     42 |   249 |    +1.2% |  -52.723 |   -10006.1 |    713 | instr_addr_o[31]
     1660 |       4 |     258 |      173 |     42 |   249 |    +1.2% |  -52.723 |   -10006.1 |    713 | instr_addr_o[31]
     1665 |       4 |     261 |      173 |     42 |   249 |    +1.2% |  -52.723 |    -9980.2 |    713 | instr_addr_o[31]
     1667 |       4 |     261 |      173 |     42 |   249 |    +1.2% |  -52.723 |    -9980.2 |    713 | instr_addr_o[31]
     1670 |       4 |     262 |      174 |     42 |   249 |    +1.2% |  -52.723 |    -9976.4 |    713 | instr_addr_o[31]
     1672 |       4 |     262 |      173 |     42 |   249 |    +1.2% |  -52.723 |    -9965.1 |    713 | instr_addr_o[31]
     1680 |       4 |     264 |      174 |     42 |   253 |    +1.2% |  -52.723 |    -9964.5 |    713 | instr_addr_o[31]
     1680 |       4 |     264 |      174 |     42 |   253 |    +1.2% |  -52.723 |    -9964.5 |    713 | instr_addr_o[31]
     1681 |       4 |     264 |      174 |     42 |   253 |    +1.2% |  -52.723 |    -9964.5 |    712 | instr_addr_o[31]
     1682 |       4 |     264 |      174 |     42 |   253 |    +1.2% |  -52.723 |    -9964.5 |    711 | instr_addr_o[31]
     1684 |       4 |     264 |      175 |     42 |   253 |    +1.2% |  -52.723 |   -10002.4 |    711 | instr_addr_o[31]
     1685 |       4 |     264 |      175 |     42 |   253 |    +1.2% |  -52.723 |   -10002.4 |    711 | instr_addr_o[31]
     1686 |       4 |     264 |      175 |     42 |   253 |    +1.2% |  -52.723 |   -10002.4 |    711 | instr_addr_o[31]
     1688 |       4 |     264 |      176 |     42 |   253 |    +1.2% |  -52.723 |   -10013.7 |    711 | instr_addr_o[31]
     1690 |       4 |     265 |      176 |     42 |   253 |    +1.2% |  -52.723 |   -10001.0 |    710 | instr_addr_o[31]
     1690 |       4 |     265 |      176 |     42 |   253 |    +1.2% |  -52.723 |   -10001.0 |    709 | instr_addr_o[31]
     1691 |       4 |     265 |      176 |     42 |   253 |    +1.2% |  -52.723 |   -10001.0 |    709 | instr_addr_o[31]
     1694 |       4 |     267 |      176 |     42 |   253 |    +1.2% |  -52.723 |   -10013.6 |    709 | instr_addr_o[31]
     1695 |       4 |     267 |      176 |     42 |   253 |    +1.2% |  -52.723 |   -10013.6 |    709 | instr_addr_o[31]
     1696 |       4 |     267 |      176 |     42 |   253 |    +1.2% |  -52.723 |   -10013.6 |    709 | instr_addr_o[31]
     1697 |       4 |     267 |      176 |     42 |   253 |    +1.2% |  -52.723 |   -10013.6 |    708 | instr_addr_o[31]
     1698 |       4 |     267 |      176 |     42 |   253 |    +1.2% |  -52.723 |   -10013.6 |    707 | instr_addr_o[31]
     1699 |       4 |     267 |      176 |     42 |   253 |    +1.2% |  -52.723 |   -10013.6 |    707 | instr_addr_o[31]
     1700 |       4 |     267 |      176 |     42 |   253 |    +1.2% |  -52.723 |   -10013.6 |    707 | instr_addr_o[31]
     1700 |       4 |     267 |      176 |     42 |   253 |    +1.2% |  -52.723 |   -10013.6 |    707 | instr_addr_o[31]
     1701 |       4 |     267 |      176 |     42 |   253 |    +1.2% |  -52.723 |   -10013.6 |    706 | instr_addr_o[31]
     1710 |       4 |     272 |      178 |     43 |   253 |    +1.3% |  -52.723 |   -10014.0 |    706 | instr_addr_o[31]
     1710 |       4 |     271 |      177 |     43 |   253 |    +1.2% |  -52.723 |   -10011.0 |    706 | instr_addr_o[31]
     1711 |       4 |     271 |      177 |     43 |   253 |    +1.2% |  -52.723 |   -10011.0 |    706 | instr_addr_o[31]
     1714 |       4 |     271 |      177 |     43 |   253 |    +1.2% |  -52.723 |   -10011.0 |    706 | instr_addr_o[31]
     1716 |       4 |     271 |      178 |     43 |   253 |    +1.3% |  -52.723 |   -10021.4 |    706 | instr_addr_o[31]
     1720 |       4 |     273 |      179 |     43 |   253 |    +1.3% |  -52.723 |   -10085.5 |    706 | instr_addr_o[31]
     1721 |       4 |     272 |      178 |     43 |   253 |    +1.3% |  -52.723 |   -10026.9 |    706 | instr_addr_o[31]
     1722 |       4 |     272 |      178 |     43 |   253 |    +1.3% |  -52.723 |   -10026.9 |    705 | instr_addr_o[31]
     1724 |       4 |     273 |      178 |     43 |   253 |    +1.3% |  -52.723 |   -10019.6 |    705 | instr_addr_o[31]
     1730 |       4 |     273 |      180 |     45 |   255 |    +1.3% |  -52.723 |    -9963.7 |    705 | instr_addr_o[31]
     1740 |       4 |     276 |      180 |     45 |   262 |    +1.3% |  -52.723 |    -9763.0 |    704 | instr_addr_o[31]
     1740 |       4 |     276 |      180 |     45 |   262 |    +1.3% |  -52.723 |    -9763.0 |    703 | instr_addr_o[31]
     1741 |       4 |     276 |      180 |     45 |   262 |    +1.3% |  -52.723 |    -9763.0 |    703 | instr_addr_o[31]
     1742 |       4 |     276 |      180 |     45 |   262 |    +1.3% |  -52.723 |    -9763.0 |    702 | instr_addr_o[31]
     1743 |       4 |     276 |      180 |     45 |   262 |    +1.3% |  -52.723 |    -9763.0 |    701 | instr_addr_o[31]
     1744 |       4 |     276 |      180 |     45 |   262 |    +1.3% |  -52.723 |    -9763.0 |    700 | instr_addr_o[31]
     1748 |       4 |     276 |      180 |     45 |   262 |    +1.3% |  -52.723 |    -9763.0 |    700 | instr_addr_o[31]
     1749 |       4 |     276 |      180 |     45 |   262 |    +1.3% |  -52.723 |    -9763.0 |    699 | instr_addr_o[31]
     1750 |       4 |     276 |      180 |     45 |   262 |    +1.3% |  -52.723 |    -9763.0 |    699 | instr_addr_o[31]
     1753 |       4 |     276 |      180 |     45 |   262 |    +1.3% |  -52.723 |    -9763.0 |    699 | instr_addr_o[31]
     1754 |       4 |     276 |      180 |     45 |   262 |    +1.3% |  -52.723 |    -9763.0 |    698 | instr_addr_o[31]
     1755 |       4 |     276 |      180 |     45 |   262 |    +1.3% |  -52.723 |    -9763.0 |    697 | instr_addr_o[31]
     1756 |       4 |     276 |      180 |     45 |   262 |    +1.3% |  -52.723 |    -9763.0 |    696 | instr_addr_o[31]
     1757 |       4 |     276 |      180 |     45 |   262 |    +1.3% |  -52.723 |    -9763.0 |    695 | instr_addr_o[31]
     1760 |       4 |     277 |      181 |     45 |   262 |    +1.3% |  -52.723 |    -9821.5 |    695 | instr_addr_o[31]
     1761 |       4 |     276 |      180 |     45 |   262 |    +1.3% |  -52.723 |    -9763.0 |    695 | instr_addr_o[31]
     1762 |       4 |     276 |      180 |     45 |   262 |    +1.3% |  -52.723 |    -9763.0 |    694 | instr_addr_o[31]
     1763 |       4 |     276 |      180 |     45 |   262 |    +1.3% |  -52.723 |    -9763.0 |    693 | instr_addr_o[31]
     1764 |       4 |     276 |      180 |     45 |   262 |    +1.3% |  -52.723 |    -9763.0 |    692 | instr_addr_o[31]
     1765 |       4 |     276 |      180 |     45 |   262 |    +1.3% |  -52.723 |    -9763.0 |    691 | instr_addr_o[31]
     1766 |       4 |     276 |      180 |     45 |   262 |    +1.3% |  -52.723 |    -9763.0 |    690 | instr_addr_o[31]
     1767 |       4 |     276 |      180 |     45 |   262 |    +1.3% |  -52.723 |    -9763.0 |    689 | instr_addr_o[31]
     1770 |       4 |     278 |      180 |     45 |   262 |    +1.3% |  -52.723 |    -9740.6 |    688 | instr_addr_o[31]
     1770 |       4 |     278 |      180 |     45 |   262 |    +1.3% |  -52.723 |    -9740.6 |    687 | instr_addr_o[31]
     1771 |       4 |     278 |      180 |     45 |   262 |    +1.3% |  -52.723 |    -9740.6 |    686 | instr_addr_o[31]
     1775 |       4 |     278 |      180 |     45 |   262 |    +1.3% |  -52.723 |    -9740.6 |    686 | instr_addr_o[31]
     1776 |       4 |     278 |      180 |     45 |   262 |    +1.3% |  -52.723 |    -9740.6 |    685 | instr_addr_o[31]
     1779 |       4 |     280 |      180 |     45 |   262 |    +1.3% |  -52.723 |    -9648.2 |    683 | instr_addr_o[31]
     1780 |       4 |     280 |      180 |     45 |   262 |    +1.3% |  -52.723 |    -9648.2 |    683 | instr_addr_o[31]
     1786 |       4 |     284 |      180 |     45 |   264 |    +1.3% |  -52.723 |    -9209.1 |    681 | instr_addr_o[31]
     1787 |       4 |     284 |      180 |     45 |   264 |    +1.3% |  -52.723 |    -9209.1 |    680 | instr_addr_o[31]
     1790 |       4 |     286 |      180 |     45 |   264 |    +1.3% |  -52.723 |    -9199.1 |    680 | instr_addr_o[31]
     1792 |       4 |     286 |      180 |     45 |   264 |    +1.3% |  -52.723 |    -9199.1 |    680 | instr_addr_o[31]
     1793 |       4 |     286 |      180 |     45 |   264 |    +1.3% |  -52.723 |    -9199.1 |    679 | instr_addr_o[31]
     1794 |       4 |     286 |      180 |     45 |   264 |    +1.3% |  -52.723 |    -9199.1 |    678 | instr_addr_o[31]
     1795 |       4 |     286 |      180 |     45 |   264 |    +1.3% |  -52.723 |    -9199.1 |    677 | instr_addr_o[31]
     1796 |       4 |     286 |      180 |     45 |   264 |    +1.3% |  -52.723 |    -9199.1 |    676 | instr_addr_o[31]
     1797 |       4 |     286 |      180 |     45 |   264 |    +1.3% |  -52.723 |    -9199.1 |    675 | instr_addr_o[31]
     1798 |       4 |     286 |      180 |     45 |   264 |    +1.3% |  -52.723 |    -9199.1 |    674 | instr_addr_o[31]
     1799 |       4 |     286 |      180 |     45 |   264 |    +1.3% |  -52.723 |    -9199.1 |    673 | instr_addr_o[31]
     1800 |       4 |     286 |      180 |     45 |   264 |    +1.3% |  -52.723 |    -9199.1 |    673 | instr_addr_o[31]
     1806 |       4 |     288 |      180 |     45 |   264 |    +1.3% |  -52.723 |    -9120.4 |    673 | instr_addr_o[31]
     1810 |       4 |     289 |      182 |     45 |   264 |    +1.3% |  -52.723 |    -9172.0 |    673 | instr_addr_o[31]
     1810 |       4 |     289 |      181 |     45 |   264 |    +1.3% |  -52.723 |    -9156.4 |    673 | instr_addr_o[31]
     1811 |       4 |     289 |      181 |     45 |   264 |    +1.3% |  -52.723 |    -9156.4 |    673 | instr_addr_o[31]
     1813 |       4 |     289 |      181 |     46 |   264 |    +1.3% |  -52.723 |    -9215.7 |    673 | instr_addr_o[31]
     1815 |       4 |     289 |      181 |     47 |   264 |    +1.3% |  -52.723 |    -9258.8 |    671 | instr_addr_o[31]
     1816 |       4 |     289 |      181 |     47 |   264 |    +1.3% |  -52.723 |    -9258.8 |    670 | instr_addr_o[31]
     1820 |       4 |     292 |      181 |     47 |   264 |    +1.3% |  -52.723 |    -9263.0 |    670 | instr_addr_o[31]
     1820 |       4 |     292 |      181 |     47 |   264 |    +1.3% |  -52.723 |    -9263.0 |    670 | instr_addr_o[31]
     1821 |       4 |     292 |      181 |     47 |   264 |    +1.3% |  -52.723 |    -9263.0 |    669 | instr_addr_o[31]
     1829 |       4 |     292 |      183 |     47 |   267 |    +1.3% |  -52.723 |    -9255.2 |    669 | instr_addr_o[31]
     1830 |       4 |     292 |      183 |     47 |   267 |    +1.3% |  -52.723 |    -9255.2 |    669 | instr_addr_o[31]
     1830 |       4 |     292 |      183 |     47 |   267 |    +1.3% |  -52.723 |    -9255.2 |    669 | instr_addr_o[31]
     1831 |       4 |     292 |      183 |     47 |   267 |    +1.3% |  -52.723 |    -9255.2 |    668 | instr_addr_o[31]
     1835 |       4 |     295 |      183 |     47 |   267 |    +1.3% |  -52.723 |    -9253.4 |    666 | instr_addr_o[31]
     1836 |       4 |     295 |      183 |     47 |   267 |    +1.3% |  -52.723 |    -9253.4 |    665 | instr_addr_o[31]
     1838 |       4 |     295 |      183 |     47 |   267 |    +1.3% |  -52.723 |    -9253.4 |    665 | instr_addr_o[31]
     1839 |       4 |     295 |      183 |     47 |   267 |    +1.3% |  -52.723 |    -9253.4 |    664 | instr_addr_o[31]
     1840 |       4 |     295 |      183 |     47 |   267 |    +1.3% |  -52.723 |    -9253.4 |    664 | instr_addr_o[31]
     1840 |       4 |     295 |      183 |     47 |   267 |    +1.3% |  -52.723 |    -9253.4 |    664 | instr_addr_o[31]
     1841 |       4 |     295 |      183 |     47 |   267 |    +1.3% |  -52.723 |    -9253.4 |    663 | instr_addr_o[31]
     1843 |       4 |     295 |      183 |     47 |   267 |    +1.3% |  -52.723 |    -9253.4 |    663 | instr_addr_o[31]
     1845 |       4 |     295 |      183 |     47 |   267 |    +1.3% |  -52.723 |    -9253.4 |    663 | instr_addr_o[31]
     1846 |       4 |     295 |      183 |     47 |   267 |    +1.3% |  -52.723 |    -9253.4 |    662 | instr_addr_o[31]
     1847 |       4 |     295 |      183 |     47 |   267 |    +1.3% |  -52.723 |    -9253.4 |    661 | instr_addr_o[31]
     1849 |       4 |     295 |      183 |     47 |   267 |    +1.3% |  -52.723 |    -9253.4 |    661 | instr_addr_o[31]
     1850 |       4 |     295 |      183 |     47 |   267 |    +1.3% |  -52.723 |    -9253.4 |    661 | instr_addr_o[31]
     1850 |       4 |     295 |      183 |     47 |   267 |    +1.3% |  -52.723 |    -9253.4 |    660 | instr_addr_o[31]
     1854 |       4 |     298 |      183 |     47 |   267 |    +1.3% |  -52.723 |    -9175.3 |    658 | instr_addr_o[31]
     1856 |       4 |     298 |      183 |     47 |   267 |    +1.3% |  -52.723 |    -9175.3 |    658 | instr_addr_o[31]
     1857 |       4 |     298 |      183 |     47 |   267 |    +1.3% |  -52.723 |    -9175.3 |    657 | instr_addr_o[31]
     1858 |       4 |     298 |      183 |     47 |   267 |    +1.3% |  -52.723 |    -9175.3 |    656 | instr_addr_o[31]
     1859 |       4 |     298 |      183 |     47 |   267 |    +1.3% |  -52.723 |    -9175.3 |    655 | instr_addr_o[31]
     1860 |       4 |     298 |      183 |     47 |   267 |    +1.3% |  -52.723 |    -9175.3 |    655 | instr_addr_o[31]
     1861 |       4 |     298 |      183 |     47 |   267 |    +1.3% |  -52.723 |    -9175.3 |    655 | instr_addr_o[31]
     1862 |       4 |     298 |      183 |     47 |   267 |    +1.3% |  -52.723 |    -9175.3 |    654 | instr_addr_o[31]
     1864 |       4 |     298 |      183 |     47 |   267 |    +1.3% |  -52.723 |    -9175.3 |    654 | instr_addr_o[31]
     1865 |       4 |     298 |      183 |     47 |   267 |    +1.3% |  -52.723 |    -9175.3 |    653 | instr_addr_o[31]
     1866 |       4 |     298 |      183 |     47 |   267 |    +1.3% |  -52.723 |    -9175.3 |    652 | instr_addr_o[31]
     1867 |       4 |     298 |      183 |     47 |   267 |    +1.3% |  -52.723 |    -9175.3 |    652 | instr_addr_o[31]
     1870 |       4 |     300 |      183 |     47 |   267 |    +1.3% |  -52.723 |    -9100.4 |    652 | instr_addr_o[31]
     1872 |       4 |     301 |      185 |     47 |   267 |    +1.3% |  -52.723 |    -8868.4 |    650 | instr_addr_o[31]
     1875 |       4 |     303 |      185 |     47 |   267 |    +1.3% |  -52.723 |    -8850.4 |    648 | instr_addr_o[31]
     1876 |       4 |     303 |      185 |     47 |   267 |    +1.3% |  -52.723 |    -8850.4 |    647 | instr_addr_o[31]
     1877 |       4 |     303 |      185 |     47 |   267 |    +1.3% |  -52.723 |    -8850.4 |    646 | instr_addr_o[31]
     1878 |       4 |     303 |      185 |     47 |   267 |    +1.3% |  -52.723 |    -8850.4 |    646 | instr_addr_o[31]
     1879 |       4 |     303 |      185 |     47 |   267 |    +1.3% |  -52.723 |    -8850.4 |    645 | instr_addr_o[31]
     1880 |       4 |     303 |      185 |     47 |   267 |    +1.3% |  -52.723 |    -8850.4 |    645 | instr_addr_o[31]
     1880 |       4 |     303 |      185 |     47 |   267 |    +1.3% |  -52.723 |    -8850.4 |    644 | instr_addr_o[31]
     1881 |       4 |     303 |      185 |     47 |   267 |    +1.3% |  -52.723 |    -8850.4 |    644 | instr_addr_o[31]
     1890 |       4 |     308 |      186 |     48 |   268 |    +1.3% |  -52.723 |    -8468.8 |    643 | instr_addr_o[31]
     1890 |       4 |     308 |      186 |     48 |   268 |    +1.3% |  -52.723 |    -8468.8 |    642 | instr_addr_o[31]
     1891 |       4 |     308 |      186 |     48 |   268 |    +1.3% |  -52.723 |    -8468.8 |    641 | instr_addr_o[31]
     1900 |       4 |     314 |      186 |     48 |   270 |    +1.3% |  -52.723 |    -7668.6 |    641 | instr_addr_o[31]
     1904 |       4 |     315 |      188 |     48 |   271 |    +1.4% |  -52.723 |    -7635.5 |    639 | instr_addr_o[31]
     1905 |       4 |     315 |      188 |     48 |   271 |    +1.4% |  -52.723 |    -7635.5 |    638 | instr_addr_o[31]
     1906 |       4 |     315 |      188 |     48 |   271 |    +1.4% |  -52.723 |    -7635.5 |    637 | instr_addr_o[31]
     1907 |       4 |     315 |      188 |     48 |   271 |    +1.4% |  -52.723 |    -7635.5 |    636 | instr_addr_o[31]
     1908 |       4 |     315 |      188 |     48 |   271 |    +1.4% |  -52.723 |    -7635.5 |    635 | instr_addr_o[31]
     1909 |       4 |     315 |      188 |     48 |   271 |    +1.4% |  -52.723 |    -7635.5 |    634 | instr_addr_o[31]
     1910 |       4 |     315 |      188 |     48 |   271 |    +1.4% |  -52.723 |    -7635.5 |    634 | instr_addr_o[31]
     1910 |       4 |     315 |      188 |     48 |   271 |    +1.4% |  -52.723 |    -7635.5 |    633 | instr_addr_o[31]
     1911 |       4 |     315 |      188 |     48 |   271 |    +1.4% |  -52.723 |    -7635.5 |    632 | instr_addr_o[31]
     1912 |       4 |     315 |      188 |     48 |   271 |    +1.4% |  -52.723 |    -7635.5 |    631 | instr_addr_o[31]
     1913 |       4 |     315 |      188 |     48 |   271 |    +1.4% |  -52.723 |    -7635.5 |    630 | instr_addr_o[31]
     1915 |       4 |     315 |      188 |     48 |   271 |    +1.4% |  -52.723 |    -7635.5 |    630 | instr_addr_o[31]
     1916 |       4 |     315 |      188 |     48 |   271 |    +1.4% |  -52.723 |    -7635.5 |    629 | instr_addr_o[31]
     1920 |       4 |     316 |      188 |     49 |   272 |    +1.4% |  -52.723 |    -7860.7 |    629 | instr_addr_o[31]
     1924 |       4 |     319 |      189 |     49 |   272 |    +1.4% |  -52.723 |    -7609.9 |    627 | instr_addr_o[31]
     1925 |       4 |     319 |      189 |     49 |   272 |    +1.4% |  -52.723 |    -7609.9 |    626 | instr_addr_o[31]
     1926 |       4 |     319 |      189 |     49 |   272 |    +1.4% |  -52.723 |    -7609.9 |    626 | instr_addr_o[31]
     1927 |       4 |     319 |      189 |     49 |   272 |    +1.4% |  -52.723 |    -7609.9 |    625 | instr_addr_o[31]
     1928 |       4 |     319 |      189 |     49 |   272 |    +1.4% |  -52.723 |    -7609.9 |    624 | instr_addr_o[31]
     1929 |       4 |     319 |      189 |     49 |   272 |    +1.4% |  -52.723 |    -7609.9 |    623 | instr_addr_o[31]
     1930 |       4 |     319 |      189 |     49 |   272 |    +1.4% |  -52.723 |    -7609.9 |    623 | instr_addr_o[31]
     1930 |       4 |     319 |      189 |     49 |   272 |    +1.4% |  -52.723 |    -7609.9 |    622 | instr_addr_o[31]
     1931 |       4 |     319 |      189 |     49 |   272 |    +1.4% |  -52.723 |    -7609.9 |    621 | instr_addr_o[31]
     1932 |       4 |     319 |      189 |     49 |   272 |    +1.4% |  -52.723 |    -7609.9 |    620 | instr_addr_o[31]
     1933 |       4 |     319 |      189 |     49 |   272 |    +1.4% |  -52.723 |    -7609.9 |    620 | instr_addr_o[31]
     1934 |       4 |     319 |      189 |     49 |   272 |    +1.4% |  -52.723 |    -7609.9 |    619 | instr_addr_o[31]
     1935 |       4 |     319 |      189 |     49 |   272 |    +1.4% |  -52.723 |    -7609.9 |    618 | instr_addr_o[31]
     1936 |       4 |     319 |      189 |     49 |   272 |    +1.4% |  -52.723 |    -7609.9 |    617 | instr_addr_o[31]
     1937 |       4 |     319 |      189 |     49 |   272 |    +1.4% |  -52.723 |    -7609.9 |    616 | instr_addr_o[31]
     1938 |       4 |     319 |      189 |     49 |   272 |    +1.4% |  -52.723 |    -7609.9 |    615 | instr_addr_o[31]
     1940 |       4 |     319 |      189 |     49 |   273 |    +1.4% |  -52.723 |    -7610.1 |    615 | instr_addr_o[31]
     1940 |       4 |     319 |      189 |     49 |   272 |    +1.4% |  -52.723 |    -7609.9 |    615 | instr_addr_o[31]
     1941 |       4 |     319 |      189 |     49 |   272 |    +1.4% |  -52.723 |    -7609.9 |    614 | instr_addr_o[31]
     1942 |       4 |     319 |      189 |     49 |   272 |    +1.4% |  -52.723 |    -7609.9 |    614 | instr_addr_o[31]
     1943 |       4 |     319 |      189 |     49 |   272 |    +1.4% |  -52.723 |    -7609.9 |    613 | instr_addr_o[31]
     1944 |       4 |     319 |      189 |     49 |   272 |    +1.4% |  -52.723 |    -7609.9 |    612 | instr_addr_o[31]
     1945 |       4 |     319 |      189 |     49 |   272 |    +1.4% |  -52.723 |    -7609.9 |    611 | instr_addr_o[31]
     1946 |       4 |     319 |      189 |     49 |   272 |    +1.4% |  -52.723 |    -7609.9 |    610 | instr_addr_o[31]
     1947 |       4 |     319 |      189 |     49 |   272 |    +1.4% |  -52.723 |    -7609.9 |    609 | instr_addr_o[31]
     1948 |       4 |     319 |      189 |     49 |   272 |    +1.4% |  -52.723 |    -7609.9 |    608 | instr_addr_o[31]
     1949 |       4 |     319 |      189 |     49 |   272 |    +1.4% |  -52.723 |    -7609.9 |    607 | instr_addr_o[31]
     1950 |       4 |     319 |      189 |     49 |   272 |    +1.4% |  -52.723 |    -7609.9 |    607 | instr_addr_o[31]
     1950 |       4 |     319 |      189 |     49 |   272 |    +1.4% |  -52.723 |    -7609.9 |    606 | instr_addr_o[31]
     1951 |       4 |     319 |      189 |     49 |   272 |    +1.4% |  -52.723 |    -7609.9 |    605 | instr_addr_o[31]
     1952 |       4 |     319 |      189 |     49 |   272 |    +1.4% |  -52.723 |    -7609.9 |    604 | instr_addr_o[31]
     1953 |       4 |     319 |      189 |     49 |   272 |    +1.4% |  -52.723 |    -7609.9 |    603 | instr_addr_o[31]
     1954 |       4 |     319 |      189 |     49 |   272 |    +1.4% |  -52.723 |    -7609.9 |    602 | instr_addr_o[31]
     1955 |       4 |     319 |      189 |     49 |   272 |    +1.4% |  -52.723 |    -7609.9 |    601 | instr_addr_o[31]
     1957 |       4 |     319 |      191 |     49 |   272 |    +1.4% |  -52.723 |    -7608.7 |    599 | instr_addr_o[31]
     1958 |       4 |     319 |      191 |     49 |   272 |    +1.4% |  -52.723 |    -7608.7 |    598 | instr_addr_o[31]
     1959 |       4 |     319 |      191 |     49 |   272 |    +1.4% |  -52.723 |    -7608.7 |    597 | instr_addr_o[31]
     1960 |       4 |     319 |      191 |     49 |   272 |    +1.4% |  -52.723 |    -7608.7 |    597 | instr_addr_o[31]
     1960 |       4 |     319 |      191 |     49 |   272 |    +1.4% |  -52.723 |    -7608.7 |    596 | instr_addr_o[31]
     1961 |       4 |     319 |      191 |     49 |   272 |    +1.4% |  -52.723 |    -7608.7 |    596 | instr_addr_o[31]
     1963 |       4 |     319 |      191 |     49 |   272 |    +1.4% |  -52.723 |    -7608.7 |    596 | instr_addr_o[31]
     1964 |       4 |     319 |      191 |     49 |   272 |    +1.4% |  -52.723 |    -7608.7 |    595 | instr_addr_o[31]
     1965 |       4 |     319 |      191 |     49 |   272 |    +1.4% |  -52.723 |    -7608.7 |    594 | instr_addr_o[31]
     1967 |       4 |     319 |      191 |     49 |   272 |    +1.4% |  -52.723 |    -7608.7 |    594 | instr_addr_o[31]
     1968 |       4 |     319 |      191 |     49 |   272 |    +1.4% |  -52.723 |    -7608.7 |    593 | instr_addr_o[31]
     1969 |       4 |     319 |      191 |     49 |   272 |    +1.4% |  -52.723 |    -7608.7 |    592 | instr_addr_o[31]
     1970 |       4 |     319 |      191 |     49 |   272 |    +1.4% |  -52.723 |    -7608.7 |    592 | instr_addr_o[31]
     1970 |       4 |     319 |      191 |     49 |   272 |    +1.4% |  -52.723 |    -7608.7 |    591 | instr_addr_o[31]
     1973 |       4 |     321 |      191 |     49 |   272 |    +1.4% |  -52.723 |    -7461.3 |    589 | instr_addr_o[31]
     1977 |       4 |     323 |      192 |     49 |   272 |    +1.4% |  -52.723 |    -7449.2 |    587 | instr_addr_o[31]
     1980 |       4 |     325 |      192 |     49 |   272 |    +1.4% |  -52.723 |    -7386.3 |    587 | instr_addr_o[31]
     1981 |       4 |     325 |      192 |     50 |   272 |    +1.4% |  -52.723 |    -7420.6 |    585 | instr_addr_o[31]
     1982 |       4 |     325 |      192 |     50 |   272 |    +1.4% |  -52.723 |    -7420.6 |    584 | instr_addr_o[31]
     1983 |       4 |     325 |      192 |     50 |   272 |    +1.4% |  -52.723 |    -7420.6 |    584 | instr_addr_o[31]
     1984 |       4 |     325 |      192 |     50 |   272 |    +1.4% |  -52.723 |    -7420.6 |    583 | instr_addr_o[31]
     1985 |       4 |     325 |      192 |     50 |   272 |    +1.4% |  -52.723 |    -7420.6 |    582 | instr_addr_o[31]
     1986 |       4 |     325 |      192 |     50 |   272 |    +1.4% |  -52.723 |    -7420.6 |    581 | instr_addr_o[31]
     1987 |       4 |     325 |      192 |     50 |   272 |    +1.4% |  -52.723 |    -7420.6 |    580 | instr_addr_o[31]
     1989 |       4 |     325 |      192 |     50 |   272 |    +1.4% |  -52.723 |    -7420.6 |    580 | instr_addr_o[31]
     1990 |       4 |     325 |      192 |     50 |   272 |    +1.4% |  -52.723 |    -7420.6 |    580 | instr_addr_o[31]
     1990 |       4 |     325 |      192 |     50 |   272 |    +1.4% |  -52.723 |    -7420.6 |    579 | instr_addr_o[31]
     1991 |       4 |     325 |      192 |     50 |   272 |    +1.4% |  -52.723 |    -7420.6 |    578 | instr_addr_o[31]
     1992 |       4 |     325 |      192 |     50 |   272 |    +1.4% |  -52.723 |    -7420.6 |    577 | instr_addr_o[31]
     1993 |       4 |     325 |      192 |     50 |   272 |    +1.4% |  -52.723 |    -7420.6 |    576 | instr_addr_o[31]
     1994 |       4 |     325 |      192 |     50 |   272 |    +1.4% |  -52.723 |    -7420.6 |    575 | instr_addr_o[31]
     1996 |       4 |     325 |      192 |     50 |   272 |    +1.4% |  -52.723 |    -7420.6 |    575 | instr_addr_o[31]
     1997 |       4 |     325 |      192 |     50 |   272 |    +1.4% |  -52.723 |    -7420.6 |    574 | instr_addr_o[31]
     1998 |       4 |     325 |      192 |     50 |   272 |    +1.4% |  -52.723 |    -7420.6 |    573 | instr_addr_o[31]
     1999 |       4 |     325 |      192 |     50 |   272 |    +1.4% |  -52.723 |    -7420.6 |    572 | instr_addr_o[31]
     2000 |       4 |     325 |      192 |     50 |   272 |    +1.4% |  -52.723 |    -7420.6 |    572 | instr_addr_o[31]
     2001 |       4 |     325 |      192 |     50 |   272 |    +1.4% |  -52.723 |    -7420.6 |    572 | instr_addr_o[31]
     2002 |       4 |     325 |      192 |     50 |   272 |    +1.4% |  -52.723 |    -7420.6 |    571 | instr_addr_o[31]
     2004 |       4 |     325 |      192 |     50 |   272 |    +1.4% |  -52.723 |    -7420.6 |    571 | instr_addr_o[31]
     2005 |       4 |     325 |      192 |     50 |   272 |    +1.4% |  -52.723 |    -7420.6 |    570 | instr_addr_o[31]
     2006 |       4 |     325 |      192 |     50 |   272 |    +1.4% |  -52.723 |    -7420.6 |    569 | instr_addr_o[31]
     2007 |       4 |     325 |      192 |     50 |   272 |    +1.4% |  -52.723 |    -7420.6 |    568 | instr_addr_o[31]
     2008 |       4 |     325 |      192 |     50 |   272 |    +1.4% |  -52.723 |    -7420.6 |    567 | instr_addr_o[31]
     2010 |       4 |     325 |      192 |     50 |   273 |    +1.4% |  -52.723 |    -7421.1 |    567 | instr_addr_o[31]
     2010 |       4 |     325 |      192 |     50 |   272 |    +1.4% |  -52.723 |    -7420.6 |    567 | instr_addr_o[31]
     2016 |       4 |     325 |      195 |     50 |   273 |    +1.4% |  -52.723 |    -7411.5 |    567 | instr_addr_o[31]
     2018 |       4 |     325 |      195 |     50 |   273 |    +1.4% |  -52.723 |    -7411.5 |    567 | instr_addr_o[31]
     2019 |       4 |     325 |      195 |     50 |   273 |    +1.4% |  -52.723 |    -7411.5 |    566 | instr_addr_o[31]
     2020 |       4 |     325 |      195 |     50 |   273 |    +1.4% |  -52.723 |    -7411.5 |    566 | instr_addr_o[31]
     2020 |       4 |     325 |      195 |     50 |   273 |    +1.4% |  -52.723 |    -7411.5 |    565 | instr_addr_o[31]
     2030 |       4 |     329 |      199 |     50 |   275 |    +1.4% |  -53.158 |    -7559.6 |    565 | instr_addr_o[31]
     2031 |       4 |     326 |      198 |     50 |   275 |    +1.4% |  -52.723 |    -7403.6 |    565 | instr_addr_o[31]
     2032 |       4 |     326 |      198 |     50 |   275 |    +1.4% |  -52.723 |    -7403.6 |    564 | instr_addr_o[31]
     2033 |       4 |     326 |      198 |     50 |   275 |    +1.4% |  -52.723 |    -7403.6 |    563 | instr_addr_o[31]
     2034 |       4 |     326 |      198 |     50 |   275 |    +1.4% |  -52.723 |    -7403.6 |    562 | instr_addr_o[31]
     2035 |       4 |     326 |      198 |     50 |   275 |    +1.4% |  -52.723 |    -7403.6 |    561 | instr_addr_o[31]
     2036 |       4 |     326 |      198 |     50 |   275 |    +1.4% |  -52.723 |    -7403.6 |    560 | instr_addr_o[31]
     2037 |       4 |     326 |      198 |     50 |   275 |    +1.4% |  -52.723 |    -7403.6 |    559 | instr_addr_o[31]
     2038 |       4 |     326 |      198 |     50 |   275 |    +1.4% |  -52.723 |    -7403.6 |    558 | instr_addr_o[31]
     2039 |       4 |     326 |      198 |     50 |   275 |    +1.4% |  -52.723 |    -7403.6 |    557 | instr_addr_o[31]
     2040 |       4 |     326 |      198 |     50 |   275 |    +1.4% |  -52.723 |    -7403.6 |    557 | instr_addr_o[31]
     2040 |       4 |     326 |      198 |     50 |   275 |    +1.4% |  -52.723 |    -7403.6 |    556 | instr_addr_o[31]
     2041 |       4 |     326 |      198 |     50 |   275 |    +1.4% |  -52.723 |    -7403.6 |    555 | instr_addr_o[31]
     2042 |       4 |     326 |      198 |     50 |   275 |    +1.4% |  -52.723 |    -7403.6 |    554 | instr_addr_o[31]
     2043 |       4 |     326 |      198 |     50 |   275 |    +1.4% |  -52.723 |    -7403.6 |    553 | instr_addr_o[31]
     2044 |       4 |     326 |      198 |     50 |   275 |    +1.4% |  -52.723 |    -7403.6 |    552 | instr_addr_o[31]
     2045 |       4 |     326 |      198 |     50 |   275 |    +1.4% |  -52.723 |    -7403.6 |    551 | instr_addr_o[31]
     2046 |       4 |     326 |      198 |     50 |   275 |    +1.4% |  -52.723 |    -7403.6 |    550 | instr_addr_o[31]
     2047 |       4 |     326 |      198 |     50 |   275 |    +1.4% |  -52.723 |    -7403.6 |    549 | instr_addr_o[31]
     2048 |       4 |     326 |      198 |     50 |   275 |    +1.4% |  -52.723 |    -7403.6 |    548 | instr_addr_o[31]
     2049 |       4 |     326 |      198 |     50 |   275 |    +1.4% |  -52.723 |    -7403.6 |    547 | instr_addr_o[31]
     2050 |       4 |     326 |      198 |     50 |   275 |    +1.4% |  -52.723 |    -7403.6 |    547 | instr_addr_o[31]
     2050 |       4 |     326 |      198 |     50 |   275 |    +1.4% |  -52.723 |    -7403.6 |    546 | instr_addr_o[31]
     2051 |       4 |     326 |      198 |     50 |   275 |    +1.4% |  -52.723 |    -7403.6 |    545 | instr_addr_o[31]
     2052 |       4 |     326 |      198 |     50 |   275 |    +1.4% |  -52.723 |    -7403.6 |    544 | instr_addr_o[31]
     2053 |       4 |     326 |      198 |     50 |   275 |    +1.4% |  -52.723 |    -7403.6 |    543 | instr_addr_o[31]
     2054 |       4 |     326 |      198 |     50 |   275 |    +1.4% |  -52.723 |    -7403.6 |    542 | instr_addr_o[31]
     2055 |       4 |     326 |      198 |     50 |   275 |    +1.4% |  -52.723 |    -7403.6 |    541 | instr_addr_o[31]
     2056 |       4 |     326 |      198 |     50 |   275 |    +1.4% |  -52.723 |    -7403.6 |    540 | instr_addr_o[31]
     2058 |       4 |     327 |      198 |     50 |   275 |    +1.4% |  -52.723 |    -7368.7 |    538 | instr_addr_o[31]
     2059 |       4 |     327 |      198 |     50 |   275 |    +1.4% |  -52.723 |    -7368.7 |    537 | instr_addr_o[31]
     2060 |       4 |     327 |      198 |     50 |   275 |    +1.4% |  -52.723 |    -7368.7 |    537 | instr_addr_o[31]
     2060 |       4 |     327 |      198 |     50 |   275 |    +1.4% |  -52.723 |    -7368.7 |    536 | instr_addr_o[31]
     2061 |       4 |     327 |      198 |     50 |   275 |    +1.4% |  -52.723 |    -7368.7 |    535 | instr_addr_o[31]
     2062 |       4 |     327 |      198 |     50 |   275 |    +1.4% |  -52.723 |    -7368.7 |    534 | instr_addr_o[31]
     2063 |       4 |     327 |      198 |     50 |   275 |    +1.4% |  -52.723 |    -7368.7 |    533 | instr_addr_o[31]
     2065 |       4 |     328 |      198 |     50 |   275 |    +1.4% |  -52.723 |    -7376.6 |    531 | instr_addr_o[31]
     2069 |       4 |     331 |      198 |     50 |   275 |    +1.4% |  -52.723 |    -7348.8 |    529 | instr_addr_o[31]
     2070 |       4 |     331 |      198 |     50 |   275 |    +1.4% |  -52.723 |    -7348.8 |    529 | instr_addr_o[31]
     2070 |       4 |     331 |      198 |     50 |   275 |    +1.4% |  -52.723 |    -7348.8 |    528 | instr_addr_o[31]
     2072 |       4 |     332 |      198 |     50 |   275 |    +1.4% |  -52.723 |    -7351.4 |    526 | instr_addr_o[31]
     2073 |       4 |     332 |      198 |     50 |   275 |    +1.4% |  -52.723 |    -7351.4 |    525 | instr_addr_o[31]
     2074 |       4 |     332 |      198 |     50 |   275 |    +1.4% |  -52.723 |    -7351.4 |    524 | instr_addr_o[31]
     2075 |       4 |     332 |      198 |     50 |   275 |    +1.4% |  -52.723 |    -7351.4 |    523 | instr_addr_o[31]
     2076 |       4 |     332 |      198 |     50 |   275 |    +1.4% |  -52.723 |    -7351.4 |    522 | instr_addr_o[31]
     2077 |       4 |     332 |      198 |     50 |   275 |    +1.4% |  -52.723 |    -7351.4 |    521 | instr_addr_o[31]
     2078 |       4 |     332 |      198 |     50 |   275 |    +1.4% |  -52.723 |    -7351.4 |    520 | instr_addr_o[31]
     2079 |       4 |     332 |      198 |     50 |   275 |    +1.4% |  -52.723 |    -7351.4 |    519 | instr_addr_o[31]
     2080 |       4 |     332 |      198 |     50 |   275 |    +1.4% |  -52.723 |    -7351.4 |    519 | instr_addr_o[31]
     2080 |       4 |     332 |      198 |     50 |   275 |    +1.4% |  -52.723 |    -7351.4 |    518 | instr_addr_o[31]
     2081 |       4 |     332 |      198 |     50 |   275 |    +1.4% |  -52.723 |    -7351.4 |    517 | instr_addr_o[31]
     2082 |       4 |     332 |      198 |     50 |   275 |    +1.4% |  -52.723 |    -7351.4 |    516 | instr_addr_o[31]
     2083 |       4 |     332 |      198 |     50 |   275 |    +1.4% |  -52.723 |    -7351.4 |    515 | instr_addr_o[31]
     2084 |       4 |     332 |      198 |     50 |   275 |    +1.4% |  -52.723 |    -7351.4 |    514 | instr_addr_o[31]
     2085 |       4 |     332 |      198 |     50 |   275 |    +1.4% |  -52.723 |    -7351.4 |    513 | instr_addr_o[31]
     2086 |       4 |     332 |      198 |     50 |   275 |    +1.4% |  -52.723 |    -7351.4 |    512 | instr_addr_o[31]
     2087 |       4 |     332 |      198 |     50 |   275 |    +1.4% |  -52.723 |    -7351.4 |    511 | instr_addr_o[31]
     2088 |       4 |     332 |      198 |     50 |   275 |    +1.4% |  -52.723 |    -7351.4 |    510 | instr_addr_o[31]
     2089 |       4 |     332 |      198 |     50 |   275 |    +1.4% |  -52.723 |    -7351.4 |    509 | instr_addr_o[31]
     2090 |       4 |     332 |      198 |     50 |   275 |    +1.4% |  -52.723 |    -7351.4 |    509 | instr_addr_o[31]
     2090 |       4 |     332 |      198 |     50 |   275 |    +1.4% |  -52.723 |    -7351.4 |    508 | instr_addr_o[31]
     2091 |       4 |     332 |      198 |     50 |   275 |    +1.4% |  -52.723 |    -7351.4 |    507 | instr_addr_o[31]
     2092 |       4 |     332 |      198 |     50 |   275 |    +1.4% |  -52.723 |    -7351.4 |    506 | instr_addr_o[31]
     2098 |       4 |     332 |      198 |     50 |   275 |    +1.4% |  -52.723 |    -7351.4 |    505 | instr_addr_o[31]
     2099 |       4 |     332 |      198 |     50 |   275 |    +1.4% |  -52.723 |    -7351.4 |    504 | instr_addr_o[31]
     2100 |       4 |     332 |      198 |     50 |   275 |    +1.4% |  -52.723 |    -7351.4 |    504 | instr_addr_o[31]
     2100 |       4 |     332 |      198 |     50 |   275 |    +1.4% |  -52.723 |    -7351.4 |    503 | instr_addr_o[31]
     2101 |       4 |     332 |      198 |     50 |   275 |    +1.4% |  -52.723 |    -7351.4 |    502 | instr_addr_o[31]
     2102 |       4 |     332 |      198 |     50 |   275 |    +1.4% |  -52.723 |    -7351.4 |    501 | instr_addr_o[31]
     2103 |       4 |     332 |      198 |     50 |   275 |    +1.4% |  -52.723 |    -7351.4 |    500 | instr_addr_o[31]
     2104 |       4 |     332 |      198 |     50 |   275 |    +1.4% |  -52.723 |    -7351.4 |    499 | instr_addr_o[31]
     2109 |       4 |     334 |      198 |     51 |   275 |    +1.4% |  -52.723 |    -7343.3 |    499 | instr_addr_o[31]
     2110 |       4 |     334 |      198 |     51 |   275 |    +1.4% |  -52.723 |    -7343.3 |    499 | instr_addr_o[31]
     2110 |       4 |     334 |      198 |     51 |   275 |    +1.4% |  -52.723 |    -7343.3 |    498 | instr_addr_o[31]
     2111 |       4 |     334 |      198 |     51 |   275 |    +1.4% |  -52.723 |    -7343.3 |    497 | instr_addr_o[31]
     2112 |       4 |     334 |      198 |     51 |   275 |    +1.4% |  -52.723 |    -7343.3 |    496 | instr_addr_o[31]
     2113 |       4 |     334 |      198 |     51 |   275 |    +1.4% |  -52.723 |    -7343.3 |    495 | instr_addr_o[31]
     2114 |       4 |     334 |      198 |     51 |   275 |    +1.4% |  -52.723 |    -7343.3 |    494 | instr_addr_o[31]
     2115 |       4 |     334 |      198 |     51 |   275 |    +1.4% |  -52.723 |    -7343.3 |    493 | instr_addr_o[31]
     2116 |       4 |     334 |      198 |     51 |   275 |    +1.4% |  -52.723 |    -7343.3 |    492 | instr_addr_o[31]
     2117 |       4 |     334 |      198 |     51 |   275 |    +1.4% |  -52.723 |    -7343.3 |    491 | instr_addr_o[31]
     2120 |       4 |     336 |      198 |     51 |   275 |    +1.4% |  -52.723 |    -7333.6 |    491 | instr_addr_o[31]
     2122 |       4 |     337 |      200 |     51 |   275 |    +1.4% |  -52.723 |    -7325.7 |    489 | instr_addr_o[31]
     2123 |       4 |     337 |      200 |     51 |   275 |    +1.4% |  -52.723 |    -7325.7 |    488 | instr_addr_o[31]
     2124 |       4 |     337 |      200 |     51 |   275 |    +1.4% |  -52.723 |    -7325.7 |    487 | instr_addr_o[31]
     2125 |       4 |     337 |      200 |     51 |   275 |    +1.4% |  -52.723 |    -7325.7 |    486 | instr_addr_o[31]
     2126 |       4 |     337 |      200 |     51 |   275 |    +1.4% |  -52.723 |    -7325.7 |    485 | instr_addr_o[31]
     2128 |       4 |     337 |      200 |     51 |   275 |    +1.4% |  -52.723 |    -7325.7 |    485 | instr_addr_o[31]
     2129 |       4 |     337 |      200 |     51 |   275 |    +1.4% |  -52.723 |    -7325.7 |    484 | instr_addr_o[31]
     2130 |       4 |     337 |      200 |     51 |   275 |    +1.4% |  -52.723 |    -7325.7 |    484 | instr_addr_o[31]
     2131 |       4 |     337 |      200 |     51 |   275 |    +1.4% |  -52.723 |    -7325.7 |    484 | instr_addr_o[31]
     2132 |       4 |     337 |      200 |     51 |   275 |    +1.4% |  -52.723 |    -7325.7 |    483 | instr_addr_o[31]
     2133 |       4 |     337 |      200 |     51 |   275 |    +1.4% |  -52.723 |    -7325.7 |    482 | instr_addr_o[31]
     2134 |       4 |     337 |      200 |     51 |   275 |    +1.4% |  -52.723 |    -7325.7 |    481 | instr_addr_o[31]
     2135 |       4 |     337 |      200 |     51 |   275 |    +1.4% |  -52.723 |    -7325.7 |    480 | instr_addr_o[31]
     2136 |       4 |     337 |      200 |     51 |   275 |    +1.4% |  -52.723 |    -7325.7 |    479 | instr_addr_o[31]
     2137 |       4 |     337 |      200 |     51 |   275 |    +1.4% |  -52.723 |    -7325.7 |    478 | instr_addr_o[31]
     2138 |       4 |     337 |      200 |     51 |   275 |    +1.4% |  -52.723 |    -7325.7 |    477 | instr_addr_o[31]
     2139 |       4 |     337 |      200 |     51 |   275 |    +1.4% |  -52.723 |    -7325.7 |    476 | instr_addr_o[31]
     2140 |       4 |     337 |      200 |     51 |   275 |    +1.4% |  -52.723 |    -7325.7 |    476 | instr_addr_o[31]
     2140 |       4 |     337 |      200 |     51 |   275 |    +1.4% |  -52.723 |    -7325.7 |    475 | instr_addr_o[31]
     2141 |       4 |     337 |      200 |     51 |   275 |    +1.4% |  -52.723 |    -7325.7 |    474 | instr_addr_o[31]
     2142 |       4 |     337 |      200 |     51 |   275 |    +1.4% |  -52.723 |    -7325.7 |    473 | instr_addr_o[31]
     2143 |       4 |     337 |      200 |     51 |   275 |    +1.4% |  -52.723 |    -7325.7 |    472 | instr_addr_o[31]
     2144 |       4 |     337 |      200 |     51 |   275 |    +1.4% |  -52.723 |    -7325.7 |    471 | instr_addr_o[31]
     2145 |       4 |     337 |      200 |     51 |   275 |    +1.4% |  -52.723 |    -7325.7 |    470 | instr_addr_o[31]
     2147 |       4 |     337 |      200 |     51 |   275 |    +1.4% |  -52.723 |    -7325.7 |    470 | instr_addr_o[31]
     2148 |       4 |     337 |      200 |     51 |   275 |    +1.4% |  -52.723 |    -7325.7 |    469 | instr_addr_o[31]
     2150 |       4 |     337 |      202 |     51 |   275 |    +1.4% |  -52.723 |    -7353.5 |    469 | instr_addr_o[31]
     2150 |       4 |     337 |      200 |     51 |   275 |    +1.4% |  -52.723 |    -7325.7 |    469 | instr_addr_o[31]
     2151 |       4 |     337 |      200 |     51 |   275 |    +1.4% |  -52.723 |    -7325.7 |    468 | instr_addr_o[31]
     2152 |       4 |     337 |      200 |     51 |   275 |    +1.4% |  -52.723 |    -7325.7 |    467 | instr_addr_o[31]
     2153 |       4 |     337 |      200 |     51 |   275 |    +1.4% |  -52.723 |    -7325.7 |    466 | instr_addr_o[31]
     2154 |       4 |     337 |      200 |     51 |   275 |    +1.4% |  -52.723 |    -7325.7 |    465 | instr_addr_o[31]
     2156 |       4 |     337 |      200 |     51 |   275 |    +1.4% |  -52.723 |    -7325.7 |    465 | instr_addr_o[31]
     2157 |       4 |     337 |      200 |     51 |   275 |    +1.4% |  -52.723 |    -7325.7 |    464 | instr_addr_o[31]
     2158 |       4 |     337 |      200 |     51 |   275 |    +1.4% |  -52.723 |    -7325.7 |    463 | instr_addr_o[31]
     2160 |       4 |     338 |      200 |     51 |   275 |    +1.4% |  -52.723 |    -7313.0 |    463 | instr_addr_o[31]
     2165 |       4 |     340 |      200 |     51 |   275 |    +1.4% |  -52.723 |    -7323.8 |    463 | instr_addr_o[31]
     2169 |       4 |     340 |      200 |     51 |   275 |    +1.4% |  -52.723 |    -7323.8 |    463 | instr_addr_o[31]
     2170 |       4 |     340 |      200 |     51 |   275 |    +1.4% |  -52.723 |    -7323.8 |    463 | instr_addr_o[31]
     2173 |       4 |     340 |      200 |     51 |   275 |    +1.4% |  -52.723 |    -7323.8 |    463 | instr_addr_o[31]
     2180 |       5 |     341 |      204 |     51 |   276 |    +1.5% |  -52.723 |    -7304.8 |    462 | instr_addr_o[31]
     2180 |       5 |     341 |      204 |     51 |   276 |    +1.5% |  -52.723 |    -7304.8 |    461 | instr_addr_o[31]
     2181 |       5 |     341 |      204 |     51 |   276 |    +1.5% |  -52.723 |    -7304.8 |    460 | instr_addr_o[31]
     2182 |       5 |     341 |      204 |     51 |   276 |    +1.5% |  -52.723 |    -7304.8 |    459 | instr_addr_o[31]
     2183 |       5 |     341 |      204 |     51 |   276 |    +1.5% |  -52.723 |    -7304.8 |    458 | instr_addr_o[31]
     2184 |       5 |     341 |      204 |     51 |   276 |    +1.5% |  -52.723 |    -7304.8 |    457 | instr_addr_o[31]
     2185 |       5 |     341 |      204 |     51 |   276 |    +1.5% |  -52.723 |    -7304.8 |    456 | instr_addr_o[31]
     2186 |       5 |     341 |      204 |     51 |   276 |    +1.5% |  -52.723 |    -7304.8 |    455 | instr_addr_o[31]
     2187 |       5 |     341 |      204 |     51 |   276 |    +1.5% |  -52.723 |    -7304.8 |    454 | instr_addr_o[31]
     2190 |       5 |     342 |      205 |     51 |   276 |    +1.5% |  -53.158 |    -7461.8 |    454 | instr_addr_o[31]
     2192 |       5 |     341 |      205 |     51 |   276 |    +1.5% |  -52.723 |    -7304.4 |    453 | instr_addr_o[31]
     2193 |       5 |     341 |      205 |     51 |   276 |    +1.5% |  -52.723 |    -7304.4 |    452 | instr_addr_o[31]
     2194 |       5 |     341 |      205 |     51 |   276 |    +1.5% |  -52.723 |    -7304.4 |    451 | instr_addr_o[31]
     2195 |       5 |     341 |      205 |     51 |   276 |    +1.5% |  -52.723 |    -7304.4 |    450 | instr_addr_o[31]
     2196 |       5 |     341 |      205 |     51 |   276 |    +1.5% |  -52.723 |    -7304.4 |    449 | instr_addr_o[31]
     2200 |       5 |     343 |      208 |     51 |   276 |    +1.5% |  -52.723 |    -7425.0 |    449 | instr_addr_o[31]
     2200 |       5 |     341 |      205 |     51 |   276 |    +1.5% |  -52.723 |    -7304.4 |    449 | instr_addr_o[31]
     2204 |       5 |     341 |      205 |     51 |   276 |    +1.5% |  -52.723 |    -7304.4 |    449 | instr_addr_o[31]
     2205 |       5 |     341 |      205 |     51 |   276 |    +1.5% |  -52.723 |    -7304.4 |    448 | instr_addr_o[31]
     2206 |       5 |     341 |      205 |     51 |   276 |    +1.5% |  -52.723 |    -7304.4 |    447 | instr_addr_o[31]
     2207 |       5 |     341 |      205 |     51 |   276 |    +1.5% |  -52.723 |    -7304.4 |    446 | instr_addr_o[31]
     2210 |       5 |     343 |      205 |     51 |   276 |    +1.5% |  -52.723 |    -7216.9 |    446 | instr_addr_o[31]
     2215 |       5 |     344 |      206 |     52 |   278 |    +1.5% |  -52.723 |    -7184.8 |    446 | instr_addr_o[31]
     2216 |       5 |     344 |      206 |     52 |   278 |    +1.5% |  -52.723 |    -7184.8 |    445 | instr_addr_o[31]
     2217 |       5 |     344 |      206 |     52 |   278 |    +1.5% |  -52.723 |    -7184.8 |    445 | instr_addr_o[31]
     2218 |       5 |     344 |      206 |     52 |   278 |    +1.5% |  -52.723 |    -7184.8 |    445 | instr_addr_o[31]
     2219 |       5 |     344 |      206 |     52 |   278 |    +1.5% |  -52.723 |    -7184.8 |    445 | instr_addr_o[31]
     2220 |       5 |     344 |      206 |     52 |   278 |    +1.5% |  -52.723 |    -7184.8 |    445 | instr_addr_o[31]
     2220 |       5 |     344 |      206 |     52 |   278 |    +1.5% |  -52.723 |    -7184.8 |    445 | instr_addr_o[31]
     2221 |       5 |     344 |      206 |     52 |   278 |    +1.5% |  -52.723 |    -7184.8 |    445 | instr_addr_o[31]
     2224 |       5 |     344 |      208 |     52 |   279 |    +1.5% |  -52.723 |    -7174.8 |    443 | instr_addr_o[31]
     2225 |       5 |     344 |      208 |     52 |   279 |    +1.5% |  -52.723 |    -7174.8 |    442 | instr_addr_o[31]
     2226 |       5 |     344 |      208 |     52 |   279 |    +1.5% |  -52.723 |    -7174.8 |    442 | instr_addr_o[31]
     2227 |       5 |     344 |      208 |     52 |   279 |    +1.5% |  -52.723 |    -7174.8 |    441 | instr_addr_o[31]
     2228 |       5 |     344 |      208 |     52 |   279 |    +1.5% |  -52.723 |    -7174.8 |    440 | instr_addr_o[31]
     2229 |       5 |     344 |      208 |     52 |   279 |    +1.5% |  -52.723 |    -7174.8 |    439 | instr_addr_o[31]
     2230 |       5 |     344 |      208 |     52 |   279 |    +1.5% |  -52.723 |    -7174.8 |    439 | instr_addr_o[31]
     2233 |       5 |     347 |      208 |     52 |   279 |    +1.5% |  -52.723 |    -7148.4 |    437 | instr_addr_o[31]
     2234 |       5 |     347 |      208 |     52 |   279 |    +1.5% |  -52.723 |    -7148.4 |    436 | instr_addr_o[31]
     2235 |       5 |     347 |      208 |     52 |   279 |    +1.5% |  -52.723 |    -7148.4 |    435 | instr_addr_o[31]
     2239 |       5 |     347 |      208 |     52 |   279 |    +1.5% |  -52.723 |    -7147.7 |    435 | instr_addr_o[31]
     2240 |       5 |     347 |      208 |     52 |   279 |    +1.5% |  -52.723 |    -7147.7 |    435 | instr_addr_o[31]
     2240 |       5 |     347 |      208 |     52 |   279 |    +1.5% |  -52.723 |    -7147.7 |    434 | instr_addr_o[31]
     2241 |       5 |     347 |      208 |     52 |   279 |    +1.5% |  -52.723 |    -7147.7 |    433 | instr_addr_o[31]
     2242 |       5 |     347 |      208 |     52 |   279 |    +1.5% |  -52.723 |    -7147.7 |    432 | instr_addr_o[31]
     2246 |       5 |     347 |      208 |     52 |   279 |    +1.5% |  -52.723 |    -7147.7 |    432 | instr_addr_o[31]
     2247 |       5 |     347 |      208 |     52 |   279 |    +1.5% |  -52.723 |    -7147.7 |    431 | instr_addr_o[31]
     2250 |       5 |     348 |      208 |     52 |   280 |    +1.5% |  -52.723 |    -7143.6 |    431 | instr_addr_o[31]
     2251 |       5 |     348 |      210 |     52 |   280 |    +1.5% |  -52.723 |    -7139.2 |    429 | instr_addr_o[31]
     2252 |       5 |     348 |      210 |     52 |   280 |    +1.5% |  -52.723 |    -7139.2 |    428 | instr_addr_o[31]
     2256 |       5 |     348 |      210 |     52 |   280 |    +1.5% |  -52.723 |    -7139.2 |    428 | instr_addr_o[31]
     2260 |       5 |     350 |      210 |     53 |   280 |    +1.5% |  -52.723 |    -7121.6 |    428 | instr_addr_o[31]
     2260 |       5 |     350 |      210 |     53 |   280 |    +1.5% |  -52.723 |    -7121.6 |    428 | instr_addr_o[31]
     2261 |       5 |     350 |      210 |     53 |   280 |    +1.5% |  -52.723 |    -7121.6 |    428 | instr_addr_o[31]
     2262 |       5 |     350 |      210 |     53 |   280 |    +1.5% |  -52.723 |    -7121.6 |    428 | instr_addr_o[31]
     2263 |       5 |     350 |      210 |     53 |   280 |    +1.5% |  -52.723 |    -7121.6 |    428 | instr_addr_o[31]
     2264 |       5 |     350 |      210 |     53 |   280 |    +1.5% |  -52.723 |    -7121.6 |    428 | instr_addr_o[31]
     2265 |       5 |     350 |      210 |     53 |   280 |    +1.5% |  -52.723 |    -7121.6 |    428 | instr_addr_o[31]
     2266 |       5 |     350 |      210 |     53 |   280 |    +1.5% |  -52.723 |    -7121.6 |    428 | instr_addr_o[31]
     2267 |       5 |     350 |      210 |     53 |   280 |    +1.5% |  -52.723 |    -7121.6 |    427 | instr_addr_o[31]
     2268 |       5 |     350 |      210 |     53 |   280 |    +1.5% |  -52.723 |    -7121.6 |    427 | instr_addr_o[31]
     2270 |       5 |     351 |      210 |     53 |   280 |    +1.5% |  -52.723 |    -7095.8 |    427 | instr_addr_o[31]
     2272 |       5 |     353 |      210 |     53 |   280 |    +1.5% |  -52.723 |    -7100.1 |    427 | instr_addr_o[31]
     2273 |       5 |     353 |      210 |     53 |   280 |    +1.5% |  -52.723 |    -7100.1 |    427 | instr_addr_o[31]
     2274 |       5 |     353 |      210 |     53 |   280 |    +1.5% |  -52.723 |    -7100.1 |    427 | instr_addr_o[31]
     2275 |       5 |     353 |      210 |     53 |   280 |    +1.5% |  -52.723 |    -7100.1 |    427 | instr_addr_o[31]
     2276 |       5 |     353 |      210 |     53 |   280 |    +1.5% |  -52.723 |    -7100.1 |    427 | instr_addr_o[31]
     2277 |       5 |     353 |      210 |     53 |   280 |    +1.5% |  -52.723 |    -7100.1 |    427 | instr_addr_o[31]
     2278 |       5 |     353 |      210 |     53 |   280 |    +1.5% |  -52.723 |    -7100.1 |    427 | instr_addr_o[31]
     2279 |       5 |     353 |      210 |     53 |   280 |    +1.5% |  -52.723 |    -7100.1 |    426 | instr_addr_o[31]
     2280 |       5 |     353 |      210 |     53 |   280 |    +1.5% |  -52.723 |    -7100.1 |    426 | instr_addr_o[31]
     2280 |       5 |     353 |      210 |     53 |   280 |    +1.5% |  -52.723 |    -7100.1 |    425 | instr_addr_o[31]
     2281 |       5 |     353 |      210 |     53 |   280 |    +1.5% |  -52.723 |    -7100.1 |    424 | instr_addr_o[31]
     2282 |       5 |     353 |      210 |     53 |   280 |    +1.5% |  -52.723 |    -7100.1 |    423 | instr_addr_o[31]
     2283 |       5 |     353 |      210 |     53 |   280 |    +1.5% |  -52.723 |    -7100.1 |    422 | instr_addr_o[31]
     2284 |       5 |     353 |      210 |     53 |   280 |    +1.5% |  -52.723 |    -7100.1 |    421 | instr_addr_o[31]
     2285 |       5 |     353 |      210 |     53 |   280 |    +1.5% |  -52.723 |    -7100.1 |    420 | instr_addr_o[31]
     2286 |       5 |     353 |      210 |     53 |   280 |    +1.5% |  -52.723 |    -7100.1 |    419 | instr_addr_o[31]
     2287 |       5 |     353 |      210 |     53 |   280 |    +1.5% |  -52.723 |    -7100.1 |    418 | instr_addr_o[31]
     2288 |       5 |     353 |      210 |     53 |   280 |    +1.5% |  -52.723 |    -7100.1 |    417 | instr_addr_o[31]
     2289 |       5 |     353 |      210 |     53 |   280 |    +1.5% |  -52.723 |    -7100.1 |    416 | instr_addr_o[31]
     2290 |       5 |     353 |      210 |     53 |   280 |    +1.5% |  -52.723 |    -7100.1 |    416 | instr_addr_o[31]
     2290 |       5 |     353 |      210 |     53 |   280 |    +1.5% |  -52.723 |    -7100.1 |    415 | instr_addr_o[31]
     2291 |       5 |     353 |      210 |     53 |   280 |    +1.5% |  -52.723 |    -7100.1 |    414 | instr_addr_o[31]
     2292 |       5 |     353 |      210 |     53 |   280 |    +1.5% |  -52.723 |    -7100.1 |    413 | instr_addr_o[31]
     2293 |       5 |     353 |      210 |     53 |   280 |    +1.5% |  -52.723 |    -7100.1 |    412 | instr_addr_o[31]
     2294 |       5 |     353 |      210 |     53 |   280 |    +1.5% |  -52.723 |    -7100.1 |    411 | instr_addr_o[31]
     2295 |       5 |     353 |      210 |     53 |   280 |    +1.5% |  -52.723 |    -7100.1 |    410 | instr_addr_o[31]
     2296 |       5 |     353 |      210 |     53 |   280 |    +1.5% |  -52.723 |    -7100.1 |    409 | instr_addr_o[31]
     2297 |       5 |     353 |      210 |     53 |   280 |    +1.5% |  -52.723 |    -7100.1 |    408 | instr_addr_o[31]
     2300 |       5 |     355 |      210 |     53 |   280 |    +1.5% |  -52.723 |    -7087.6 |    407 | instr_addr_o[31]
     2300 |       5 |     355 |      210 |     53 |   280 |    +1.5% |  -52.723 |    -7087.6 |    406 | instr_addr_o[31]
     2301 |       5 |     355 |      210 |     53 |   280 |    +1.5% |  -52.723 |    -7087.6 |    405 | instr_addr_o[31]
     2302 |       5 |     355 |      210 |     53 |   280 |    +1.5% |  -52.723 |    -7087.6 |    404 | instr_addr_o[31]
     2303 |       5 |     355 |      210 |     53 |   280 |    +1.5% |  -52.723 |    -7087.6 |    403 | instr_addr_o[31]
     2304 |       5 |     355 |      210 |     53 |   280 |    +1.5% |  -52.723 |    -7087.6 |    402 | instr_addr_o[31]
     2305 |       5 |     355 |      210 |     53 |   280 |    +1.5% |  -52.723 |    -7087.6 |    401 | instr_addr_o[31]
     2306 |       5 |     355 |      210 |     53 |   280 |    +1.5% |  -52.723 |    -7087.6 |    400 | instr_addr_o[31]
     2308 |       5 |     356 |      210 |     53 |   280 |    +1.5% |  -52.723 |    -7086.4 |    398 | instr_addr_o[31]
     2309 |       5 |     356 |      210 |     53 |   280 |    +1.5% |  -52.723 |    -7086.4 |    397 | instr_addr_o[31]
     2310 |       5 |     356 |      210 |     53 |   280 |    +1.5% |  -52.723 |    -7086.4 |    397 | instr_addr_o[31]
     2310 |       5 |     356 |      210 |     53 |   280 |    +1.5% |  -52.723 |    -7086.4 |    396 | instr_addr_o[31]
     2311 |       5 |     356 |      210 |     53 |   280 |    +1.5% |  -52.723 |    -7086.4 |    395 | instr_addr_o[31]
     2312 |       5 |     356 |      210 |     53 |   280 |    +1.5% |  -52.723 |    -7086.4 |    394 | instr_addr_o[31]
     2313 |       5 |     356 |      210 |     53 |   280 |    +1.5% |  -52.723 |    -7086.4 |    393 | instr_addr_o[31]
     2314 |       5 |     356 |      210 |     53 |   280 |    +1.5% |  -52.723 |    -7086.4 |    392 | instr_addr_o[31]
     2317 |       5 |     356 |      212 |     53 |   281 |    +1.5% |  -52.723 |    -7078.5 |    390 | instr_addr_o[31]
     2318 |       5 |     356 |      212 |     53 |   281 |    +1.5% |  -52.723 |    -7078.5 |    389 | instr_addr_o[31]
    2319* |       5 |     356 |      212 |     53 |   281 |    +1.5% |  -52.723 |    -7078.5 |    468 | instr_addr_o[31]
    2320* |       5 |     356 |      212 |     53 |   281 |    +1.5% |  -52.723 |    -7078.5 |    468 | instr_addr_o[31]
    2320* |       5 |     356 |      212 |     53 |   281 |    +1.5% |  -52.723 |    -7078.5 |    468 | instr_addr_o[31]
    2321* |       5 |     356 |      212 |     53 |   281 |    +1.5% |  -52.723 |    -7078.5 |    468 | instr_addr_o[31]
    2322* |       5 |     356 |      212 |     53 |   281 |    +1.5% |  -52.723 |    -7078.5 |    468 | instr_addr_o[31]
    2324* |       5 |     357 |      212 |     53 |   281 |    +1.5% |  -52.723 |    -7078.5 |    468 | instr_addr_o[31]
    2325* |       5 |     357 |      212 |     53 |   281 |    +1.5% |  -52.723 |    -7078.5 |    468 | instr_addr_o[31]
    2326* |       5 |     357 |      212 |     53 |   281 |    +1.5% |  -52.723 |    -7078.5 |    468 | instr_addr_o[31]
    2327* |       5 |     357 |      212 |     53 |   281 |    +1.5% |  -52.723 |    -7078.5 |    468 | instr_addr_o[31]
    2328* |       5 |     357 |      212 |     53 |   281 |    +1.5% |  -52.723 |    -7078.5 |    468 | instr_addr_o[31]
    2329* |       5 |     357 |      212 |     53 |   281 |    +1.5% |  -52.723 |    -7078.5 |    468 | instr_addr_o[31]
    2330* |       5 |     357 |      212 |     53 |   281 |    +1.5% |  -52.723 |    -7078.5 |    468 | instr_addr_o[31]
    2330* |       5 |     357 |      212 |     53 |   281 |    +1.5% |  -52.723 |    -7078.5 |    468 | instr_addr_o[31]
    2331* |       5 |     357 |      212 |     53 |   281 |    +1.5% |  -52.723 |    -7078.5 |    468 | instr_addr_o[31]
    2332* |       5 |     357 |      212 |     53 |   281 |    +1.5% |  -52.723 |    -7078.5 |    468 | instr_addr_o[31]
    2333* |       5 |     357 |      212 |     53 |   281 |    +1.5% |  -52.723 |    -7078.5 |    468 | instr_addr_o[31]
    2334* |       5 |     357 |      212 |     53 |   281 |    +1.5% |  -52.723 |    -7078.5 |    468 | instr_addr_o[31]
    2335* |       5 |     357 |      212 |     53 |   281 |    +1.5% |  -52.723 |    -7078.5 |    468 | instr_addr_o[31]
    2336* |       5 |     357 |      212 |     53 |   281 |    +1.5% |  -52.723 |    -7078.5 |    468 | instr_addr_o[31]
    2337* |       5 |     357 |      212 |     53 |   281 |    +1.5% |  -52.723 |    -7078.5 |    468 | instr_addr_o[31]
    2338* |       5 |     357 |      212 |     53 |   281 |    +1.5% |  -52.723 |    -7078.5 |    468 | instr_addr_o[31]
    2339* |       5 |     357 |      212 |     53 |   281 |    +1.5% |  -52.723 |    -7078.5 |    468 | instr_addr_o[31]
    2340* |       5 |     357 |      212 |     53 |   281 |    +1.5% |  -52.723 |    -7078.5 |    468 | instr_addr_o[31]
    2340* |       5 |     357 |      212 |     53 |   281 |    +1.5% |  -52.723 |    -7078.5 |    468 | instr_addr_o[31]
    2341* |       5 |     357 |      212 |     53 |   281 |    +1.5% |  -52.723 |    -7078.5 |    468 | instr_addr_o[31]
    2342* |       5 |     357 |      212 |     53 |   281 |    +1.5% |  -52.723 |    -7078.5 |    468 | instr_addr_o[31]
    2343* |       5 |     357 |      212 |     53 |   281 |    +1.5% |  -52.723 |    -7078.5 |    468 | instr_addr_o[31]
    2344* |       5 |     357 |      212 |     53 |   281 |    +1.5% |  -52.723 |    -7078.5 |    468 | instr_addr_o[31]
    2345* |       5 |     357 |      212 |     53 |   281 |    +1.5% |  -52.723 |    -7078.5 |    468 | instr_addr_o[31]
    2346* |       5 |     357 |      212 |     53 |   281 |    +1.5% |  -52.723 |    -7078.5 |    468 | instr_addr_o[31]
    2347* |       5 |     357 |      212 |     53 |   281 |    +1.5% |  -52.723 |    -7078.5 |    468 | instr_addr_o[31]
    2348* |       5 |     357 |      212 |     53 |   281 |    +1.5% |  -52.723 |    -7078.5 |    468 | instr_addr_o[31]
    2349* |       5 |     357 |      212 |     53 |   281 |    +1.5% |  -52.723 |    -7078.5 |    468 | instr_addr_o[31]
    2350* |       5 |     357 |      212 |     53 |   281 |    +1.5% |  -52.723 |    -7078.5 |    468 | instr_addr_o[31]
    2350* |       5 |     357 |      212 |     53 |   281 |    +1.5% |  -52.723 |    -7078.5 |    468 | instr_addr_o[31]
    2351* |       5 |     357 |      212 |     53 |   281 |    +1.5% |  -52.723 |    -7078.5 |    468 | instr_addr_o[31]
    2352* |       5 |     357 |      212 |     53 |   281 |    +1.5% |  -52.723 |    -7078.5 |    468 | instr_addr_o[31]
    2353* |       5 |     357 |      212 |     53 |   281 |    +1.5% |  -52.723 |    -7078.5 |    468 | instr_addr_o[31]
    2354* |       5 |     357 |      212 |     53 |   281 |    +1.5% |  -52.723 |    -7078.5 |    468 | instr_addr_o[31]
    2355* |       5 |     357 |      212 |     53 |   281 |    +1.5% |  -52.723 |    -7078.5 |    468 | instr_addr_o[31]
    2356* |       5 |     357 |      212 |     53 |   281 |    +1.5% |  -52.723 |    -7078.5 |    468 | instr_addr_o[31]
    2357* |       5 |     357 |      212 |     53 |   281 |    +1.5% |  -52.723 |    -7078.5 |    468 | instr_addr_o[31]
    2358* |       5 |     357 |      212 |     53 |   281 |    +1.5% |  -52.723 |    -7078.5 |    468 | instr_addr_o[31]
    2359* |       5 |     357 |      212 |     53 |   281 |    +1.5% |  -52.723 |    -7078.5 |    468 | instr_addr_o[31]
    2360* |       5 |     357 |      212 |     53 |   281 |    +1.5% |  -52.723 |    -7078.5 |    468 | instr_addr_o[31]
    2360* |       5 |     357 |      212 |     53 |   281 |    +1.5% |  -52.723 |    -7078.5 |    468 | instr_addr_o[31]
    2361* |       5 |     357 |      212 |     53 |   281 |    +1.5% |  -52.723 |    -7078.5 |    468 | instr_addr_o[31]
    2362* |       5 |     357 |      212 |     53 |   281 |    +1.5% |  -52.723 |    -7078.5 |    468 | instr_addr_o[31]
    2363* |       5 |     357 |      212 |     53 |   281 |    +1.5% |  -52.723 |    -7078.5 |    468 | instr_addr_o[31]
    2364* |       5 |     357 |      212 |     53 |   281 |    +1.5% |  -52.723 |    -7078.5 |    468 | instr_addr_o[31]
    2365* |       5 |     357 |      212 |     53 |   281 |    +1.5% |  -52.723 |    -7078.5 |    468 | instr_addr_o[31]
    2366* |       5 |     357 |      212 |     53 |   281 |    +1.5% |  -52.723 |    -7078.5 |    468 | instr_addr_o[31]
    2367* |       5 |     357 |      212 |     53 |   281 |    +1.5% |  -52.723 |    -7078.5 |    468 | instr_addr_o[31]
    2368* |       5 |     357 |      212 |     53 |   281 |    +1.5% |  -52.723 |    -7078.5 |    468 | instr_addr_o[31]
    2369* |       5 |     357 |      212 |     53 |   281 |    +1.5% |  -52.723 |    -7078.5 |    468 | instr_addr_o[31]
    2370* |       5 |     357 |      212 |     53 |   281 |    +1.5% |  -52.723 |    -7078.5 |    468 | instr_addr_o[31]
    2370* |       5 |     357 |      212 |     53 |   281 |    +1.5% |  -52.723 |    -7078.5 |    468 | instr_addr_o[31]
    2371* |       5 |     357 |      212 |     53 |   281 |    +1.5% |  -52.723 |    -7078.5 |    468 | instr_addr_o[31]
    2372* |       5 |     357 |      212 |     53 |   281 |    +1.5% |  -52.723 |    -7078.5 |    468 | instr_addr_o[31]
    2373* |       5 |     357 |      212 |     53 |   281 |    +1.5% |  -52.723 |    -7078.5 |    468 | instr_addr_o[31]
    2374* |       5 |     357 |      212 |     53 |   281 |    +1.5% |  -52.723 |    -7078.5 |    468 | instr_addr_o[31]
    2375* |       5 |     357 |      212 |     53 |   281 |    +1.5% |  -52.723 |    -7078.5 |    468 | instr_addr_o[31]
    2376* |       5 |     357 |      212 |     53 |   281 |    +1.5% |  -52.723 |    -7078.5 |    468 | instr_addr_o[31]
    2377* |       5 |     357 |      212 |     53 |   281 |    +1.5% |  -52.723 |    -7078.5 |    468 | instr_addr_o[31]
    2378* |       5 |     357 |      212 |     53 |   281 |    +1.5% |  -52.723 |    -7078.5 |    468 | instr_addr_o[31]
    2379* |       5 |     357 |      212 |     53 |   281 |    +1.5% |  -52.723 |    -7078.5 |    468 | instr_addr_o[31]
    2380* |       5 |     357 |      212 |     53 |   281 |    +1.5% |  -52.723 |    -7078.5 |    468 | instr_addr_o[31]
    2380* |       5 |     357 |      212 |     53 |   281 |    +1.5% |  -52.723 |    -7078.5 |    468 | instr_addr_o[31]
    2381* |       5 |     357 |      212 |     53 |   281 |    +1.5% |  -52.723 |    -7078.5 |    468 | instr_addr_o[31]
    2382* |       5 |     357 |      212 |     53 |   281 |    +1.5% |  -52.723 |    -7078.5 |    468 | instr_addr_o[31]
    2383* |       5 |     357 |      212 |     53 |   281 |    +1.5% |  -52.723 |    -7078.5 |    468 | instr_addr_o[31]
    2384* |       5 |     357 |      212 |     53 |   281 |    +1.5% |  -52.723 |    -7078.5 |    468 | instr_addr_o[31]
    2385* |       5 |     357 |      212 |     53 |   281 |    +1.5% |  -52.723 |    -7078.5 |    468 | instr_addr_o[31]
    2386* |       5 |     357 |      212 |     53 |   281 |    +1.5% |  -52.723 |    -7078.5 |    468 | instr_addr_o[31]
    2387* |       5 |     357 |      212 |     53 |   281 |    +1.5% |  -52.723 |    -7078.5 |    468 | instr_addr_o[31]
    2388* |       5 |     357 |      212 |     53 |   281 |    +1.5% |  -52.723 |    -7078.5 |    468 | instr_addr_o[31]
    2389* |       5 |     357 |      212 |     53 |   281 |    +1.5% |  -52.723 |    -7078.5 |    468 | instr_addr_o[31]
    2390* |       5 |     357 |      212 |     53 |   281 |    +1.5% |  -52.723 |    -7078.5 |    468 | instr_addr_o[31]
    2390* |       5 |     357 |      212 |     53 |   281 |    +1.5% |  -52.723 |    -7078.5 |    468 | instr_addr_o[31]
    2391* |       5 |     357 |      212 |     53 |   281 |    +1.5% |  -52.723 |    -7078.5 |    468 | instr_addr_o[31]
    2392* |       5 |     357 |      212 |     53 |   281 |    +1.5% |  -52.723 |    -7078.5 |    468 | instr_addr_o[31]
    2393* |       5 |     357 |      212 |     53 |   281 |    +1.5% |  -52.723 |    -7078.5 |    468 | instr_addr_o[31]
    2394* |       5 |     357 |      212 |     53 |   281 |    +1.5% |  -52.723 |    -7078.5 |    468 | instr_addr_o[31]
    2395* |       5 |     357 |      212 |     53 |   281 |    +1.5% |  -52.723 |    -7078.5 |    468 | instr_addr_o[31]
    2396* |       5 |     357 |      212 |     53 |   281 |    +1.5% |  -52.723 |    -7078.5 |    468 | instr_addr_o[31]
    2397* |       5 |     357 |      212 |     53 |   281 |    +1.5% |  -52.723 |    -7078.5 |    468 | instr_addr_o[31]
    2398* |       5 |     357 |      212 |     53 |   281 |    +1.5% |  -52.723 |    -7078.5 |    468 | instr_addr_o[31]
    2399* |       5 |     357 |      212 |     53 |   281 |    +1.5% |  -52.723 |    -7078.5 |    468 | instr_addr_o[31]
    2400* |       5 |     357 |      212 |     53 |   281 |    +1.5% |  -52.723 |    -7078.5 |    468 | instr_addr_o[31]
    2401* |       5 |     357 |      212 |     53 |   281 |    +1.5% |  -52.723 |    -7078.5 |    468 | instr_addr_o[31]
    2402* |       5 |     357 |      212 |     53 |   281 |    +1.5% |  -52.723 |    -7078.5 |    468 | instr_addr_o[31]
    2403* |       5 |     357 |      212 |     53 |   281 |    +1.5% |  -52.723 |    -7078.5 |    468 | instr_addr_o[31]
    2404* |       5 |     357 |      212 |     53 |   281 |    +1.5% |  -52.723 |    -7078.5 |    468 | instr_addr_o[31]
    2405* |       5 |     357 |      212 |     53 |   281 |    +1.5% |  -52.723 |    -7078.5 |    468 | instr_addr_o[31]
    2406* |       5 |     357 |      212 |     53 |   281 |    +1.5% |  -52.723 |    -7078.5 |    468 | instr_addr_o[31]
    2407* |       5 |     357 |      212 |     53 |   281 |    +1.5% |  -52.723 |    -7078.5 |    468 | instr_addr_o[31]
    2408* |       5 |     357 |      212 |     53 |   281 |    +1.5% |  -52.723 |    -7078.5 |    468 | instr_addr_o[31]
    2409* |       5 |     357 |      212 |     53 |   281 |    +1.5% |  -52.723 |    -7078.5 |    468 | instr_addr_o[31]
    2410* |       5 |     357 |      212 |     53 |   281 |    +1.5% |  -52.723 |    -7078.5 |    468 | instr_addr_o[31]
    2410* |       5 |     357 |      212 |     53 |   281 |    +1.5% |  -52.723 |    -7078.5 |    468 | instr_addr_o[31]
    2413* |       5 |     359 |      212 |     53 |   281 |    +1.5% |  -52.723 |    -7066.6 |    468 | instr_addr_o[31]
    2414* |       5 |     359 |      212 |     53 |   281 |    +1.5% |  -52.723 |    -7066.6 |    468 | instr_addr_o[31]
    2415* |       5 |     359 |      212 |     53 |   281 |    +1.5% |  -52.723 |    -7066.6 |    468 | instr_addr_o[31]
    2416* |       5 |     359 |      212 |     53 |   281 |    +1.5% |  -52.723 |    -7066.6 |    468 | instr_addr_o[31]
    2417* |       5 |     359 |      212 |     53 |   281 |    +1.5% |  -52.723 |    -7066.6 |    468 | instr_addr_o[31]
    2418* |       5 |     359 |      212 |     53 |   281 |    +1.5% |  -52.723 |    -7066.6 |    468 | instr_addr_o[31]
    2419* |       5 |     359 |      212 |     53 |   281 |    +1.5% |  -52.723 |    -7066.6 |    468 | instr_addr_o[31]
    2420* |       5 |     359 |      212 |     53 |   281 |    +1.5% |  -52.723 |    -7066.6 |    468 | instr_addr_o[31]
    2420* |       5 |     359 |      212 |     53 |   281 |    +1.5% |  -52.723 |    -7066.6 |    468 | instr_addr_o[31]
    2421* |       5 |     359 |      212 |     53 |   281 |    +1.5% |  -52.723 |    -7066.6 |    468 | instr_addr_o[31]
    2422* |       5 |     359 |      212 |     53 |   281 |    +1.5% |  -52.723 |    -7066.6 |    468 | instr_addr_o[31]
    2423* |       5 |     359 |      212 |     53 |   281 |    +1.5% |  -52.723 |    -7066.6 |    468 | instr_addr_o[31]
    2424* |       5 |     359 |      212 |     53 |   281 |    +1.5% |  -52.723 |    -7066.6 |    468 | instr_addr_o[31]
    2425* |       5 |     359 |      212 |     53 |   281 |    +1.5% |  -52.723 |    -7066.6 |    468 | instr_addr_o[31]
    2426* |       5 |     359 |      212 |     53 |   281 |    +1.5% |  -52.723 |    -7066.6 |    468 | instr_addr_o[31]
    2427* |       5 |     359 |      212 |     53 |   281 |    +1.5% |  -52.723 |    -7066.6 |    468 | instr_addr_o[31]
    2429* |       5 |     360 |      212 |     53 |   281 |    +1.5% |  -52.723 |    -7065.8 |    468 | instr_addr_o[31]
    2430* |       5 |     360 |      212 |     53 |   281 |    +1.5% |  -52.723 |    -7065.8 |    468 | instr_addr_o[31]
    2430* |       5 |     360 |      212 |     53 |   281 |    +1.5% |  -52.723 |    -7065.8 |    468 | instr_addr_o[31]
    2431* |       5 |     360 |      212 |     53 |   281 |    +1.5% |  -52.723 |    -7065.8 |    468 | instr_addr_o[31]
    2432* |       5 |     360 |      212 |     53 |   281 |    +1.5% |  -52.723 |    -7065.8 |    468 | instr_addr_o[31]
    2433* |       5 |     360 |      212 |     53 |   281 |    +1.5% |  -52.723 |    -7065.8 |    468 | instr_addr_o[31]
    2434* |       5 |     360 |      212 |     53 |   281 |    +1.5% |  -52.723 |    -7065.8 |    468 | instr_addr_o[31]
    2435* |       5 |     360 |      212 |     53 |   281 |    +1.5% |  -52.723 |    -7065.8 |    468 | instr_addr_o[31]
    2436* |       5 |     360 |      212 |     53 |   281 |    +1.5% |  -52.723 |    -7065.8 |    468 | instr_addr_o[31]
    2437* |       5 |     360 |      212 |     53 |   281 |    +1.5% |  -52.723 |    -7065.8 |    468 | instr_addr_o[31]
    2438* |       5 |     360 |      212 |     53 |   281 |    +1.5% |  -52.723 |    -7065.8 |    468 | instr_addr_o[31]
    2439* |       5 |     360 |      212 |     53 |   281 |    +1.5% |  -52.723 |    -7065.8 |    468 | instr_addr_o[31]
    2440* |       5 |     360 |      212 |     53 |   281 |    +1.5% |  -52.723 |    -7065.8 |    468 | instr_addr_o[31]
    2442* |       5 |     362 |      212 |     53 |   281 |    +1.5% |  -52.723 |    -7047.4 |    468 | instr_addr_o[31]
    2443* |       5 |     362 |      212 |     53 |   281 |    +1.5% |  -52.723 |    -7047.4 |    468 | instr_addr_o[31]
    2444* |       5 |     362 |      212 |     53 |   281 |    +1.5% |  -52.723 |    -7047.4 |    468 | instr_addr_o[31]
    2445* |       5 |     362 |      212 |     53 |   281 |    +1.5% |  -52.723 |    -7047.4 |    468 | instr_addr_o[31]
    2446* |       5 |     362 |      212 |     53 |   281 |    +1.5% |  -52.723 |    -7047.4 |    468 | instr_addr_o[31]
    2447* |       5 |     362 |      212 |     53 |   281 |    +1.5% |  -52.723 |    -7047.4 |    468 | instr_addr_o[31]
    2448* |       5 |     362 |      212 |     53 |   281 |    +1.5% |  -52.723 |    -7047.4 |    468 | instr_addr_o[31]
    2449* |       5 |     362 |      212 |     53 |   281 |    +1.5% |  -52.723 |    -7047.4 |    468 | instr_addr_o[31]
    2450* |       5 |     362 |      212 |     53 |   281 |    +1.5% |  -52.723 |    -7047.4 |    468 | instr_addr_o[31]
    2450* |       5 |     362 |      212 |     53 |   281 |    +1.5% |  -52.723 |    -7047.4 |    468 | instr_addr_o[31]
    2451* |       5 |     362 |      212 |     53 |   281 |    +1.5% |  -52.723 |    -7047.4 |    468 | instr_addr_o[31]
    2452* |       5 |     362 |      212 |     53 |   281 |    +1.5% |  -52.723 |    -7047.4 |    468 | instr_addr_o[31]
    2453* |       5 |     362 |      212 |     53 |   281 |    +1.5% |  -52.723 |    -7047.4 |    468 | instr_addr_o[31]
    2454* |       5 |     362 |      212 |     53 |   281 |    +1.5% |  -52.723 |    -7047.4 |    468 | instr_addr_o[31]
    2455* |       5 |     362 |      212 |     53 |   281 |    +1.5% |  -52.723 |    -7047.4 |    468 | instr_addr_o[31]
    2456* |       5 |     362 |      212 |     53 |   281 |    +1.5% |  -52.723 |    -7047.4 |    468 | instr_addr_o[31]
    2457* |       5 |     362 |      212 |     53 |   281 |    +1.5% |  -52.723 |    -7047.4 |    468 | instr_addr_o[31]
    2458* |       5 |     362 |      212 |     53 |   281 |    +1.5% |  -52.723 |    -7047.4 |    468 | instr_addr_o[31]
    2459* |       5 |     362 |      212 |     53 |   281 |    +1.5% |  -52.723 |    -7047.4 |    468 | instr_addr_o[31]
    2460* |       5 |     362 |      212 |     53 |   281 |    +1.5% |  -52.723 |    -7047.4 |    468 | instr_addr_o[31]
    2460* |       5 |     362 |      212 |     53 |   281 |    +1.5% |  -52.723 |    -7047.4 |    468 | instr_addr_o[31]
    2461* |       5 |     362 |      212 |     53 |   281 |    +1.5% |  -52.723 |    -7047.4 |    468 | instr_addr_o[31]
    2462* |       5 |     362 |      212 |     53 |   281 |    +1.5% |  -52.723 |    -7047.4 |    468 | instr_addr_o[31]
    2463* |       5 |     362 |      212 |     53 |   281 |    +1.5% |  -52.723 |    -7047.4 |    468 | instr_addr_o[31]
    2464* |       5 |     362 |      212 |     53 |   281 |    +1.5% |  -52.723 |    -7047.4 |    468 | instr_addr_o[31]
    2465* |       5 |     362 |      212 |     53 |   281 |    +1.5% |  -52.723 |    -7047.4 |    468 | instr_addr_o[31]
    2466* |       5 |     362 |      212 |     53 |   281 |    +1.5% |  -52.723 |    -7047.4 |    468 | instr_addr_o[31]
    2467* |       5 |     362 |      212 |     53 |   281 |    +1.5% |  -52.723 |    -7047.4 |    468 | instr_addr_o[31]
    2468* |       5 |     362 |      212 |     53 |   281 |    +1.5% |  -52.723 |    -7047.4 |    468 | instr_addr_o[31]
    2469* |       5 |     362 |      212 |     53 |   281 |    +1.5% |  -52.723 |    -7047.4 |    468 | instr_addr_o[31]
    2470* |       5 |     362 |      212 |     53 |   281 |    +1.5% |  -52.723 |    -7047.4 |    468 | instr_addr_o[31]
    2471* |       5 |     363 |      212 |     53 |   281 |    +1.5% |  -52.723 |    -7046.5 |    468 | instr_addr_o[31]
    2472* |       5 |     363 |      212 |     53 |   281 |    +1.5% |  -52.723 |    -7046.5 |    468 | instr_addr_o[31]
    2473* |       5 |     363 |      212 |     53 |   281 |    +1.5% |  -52.723 |    -7046.5 |    468 | instr_addr_o[31]
    2474* |       5 |     363 |      212 |     53 |   281 |    +1.5% |  -52.723 |    -7046.5 |    468 | instr_addr_o[31]
    2475* |       5 |     363 |      212 |     53 |   281 |    +1.5% |  -52.723 |    -7046.5 |    468 | instr_addr_o[31]
    2476* |       5 |     363 |      212 |     53 |   281 |    +1.5% |  -52.723 |    -7046.5 |    468 | instr_addr_o[31]
    2477* |       5 |     363 |      212 |     53 |   281 |    +1.5% |  -52.723 |    -7046.5 |    468 | instr_addr_o[31]
    2478* |       5 |     363 |      212 |     53 |   281 |    +1.5% |  -52.723 |    -7046.5 |    468 | instr_addr_o[31]
    2479* |       5 |     363 |      212 |     53 |   281 |    +1.5% |  -52.723 |    -7046.5 |    468 | instr_addr_o[31]
    2480* |       5 |     363 |      212 |     53 |   281 |    +1.5% |  -52.723 |    -7046.5 |    468 | instr_addr_o[31]
    2480* |       5 |     363 |      212 |     53 |   281 |    +1.5% |  -52.723 |    -7046.5 |    468 | instr_addr_o[31]
    2481* |       5 |     363 |      212 |     53 |   281 |    +1.5% |  -52.723 |    -7046.5 |    468 | instr_addr_o[31]
    2482* |       5 |     363 |      212 |     53 |   281 |    +1.5% |  -52.723 |    -7046.5 |    468 | instr_addr_o[31]
    2483* |       5 |     363 |      212 |     53 |   281 |    +1.5% |  -52.723 |    -7046.5 |    468 | instr_addr_o[31]
    2484* |       5 |     363 |      212 |     53 |   281 |    +1.5% |  -52.723 |    -7046.5 |    468 | instr_addr_o[31]
    2485* |       5 |     363 |      212 |     53 |   281 |    +1.5% |  -52.723 |    -7046.5 |    468 | instr_addr_o[31]
    2486* |       5 |     363 |      212 |     53 |   281 |    +1.5% |  -52.723 |    -7046.5 |    468 | instr_addr_o[31]
    2487* |       5 |     363 |      212 |     53 |   281 |    +1.5% |  -52.723 |    -7046.5 |    468 | instr_addr_o[31]
    2488* |       5 |     363 |      212 |     53 |   281 |    +1.5% |  -52.723 |    -7046.5 |    468 | instr_addr_o[31]
    2489* |       5 |     363 |      212 |     53 |   281 |    +1.5% |  -52.723 |    -7046.5 |    468 | instr_addr_o[31]
    2490* |       5 |     363 |      212 |     53 |   281 |    +1.5% |  -52.723 |    -7046.5 |    468 | instr_addr_o[31]
    2490* |       5 |     363 |      212 |     53 |   281 |    +1.5% |  -52.723 |    -7046.5 |    468 | instr_addr_o[31]
    2491* |       5 |     363 |      212 |     53 |   281 |    +1.5% |  -52.723 |    -7046.5 |    468 | instr_addr_o[31]
    2492* |       5 |     363 |      212 |     53 |   281 |    +1.5% |  -52.723 |    -7046.5 |    468 | instr_addr_o[31]
    2493* |       5 |     363 |      212 |     53 |   281 |    +1.5% |  -52.723 |    -7046.5 |    468 | instr_addr_o[31]
    2494* |       5 |     363 |      212 |     53 |   281 |    +1.5% |  -52.723 |    -7046.5 |    468 | instr_addr_o[31]
    2495* |       5 |     363 |      212 |     53 |   281 |    +1.5% |  -52.723 |    -7046.5 |    468 | instr_addr_o[31]
    2496* |       5 |     363 |      212 |     53 |   281 |    +1.5% |  -52.723 |    -7046.5 |    468 | instr_addr_o[31]
    2497* |       5 |     363 |      212 |     53 |   281 |    +1.5% |  -52.723 |    -7046.5 |    468 | instr_addr_o[31]
    2498* |       5 |     363 |      212 |     53 |   281 |    +1.5% |  -52.723 |    -7046.5 |    468 | instr_addr_o[31]
    2499* |       5 |     363 |      212 |     53 |   281 |    +1.5% |  -52.723 |    -7046.5 |    468 | instr_addr_o[31]
    2500* |       5 |     363 |      212 |     53 |   281 |    +1.5% |  -52.723 |    -7046.5 |    468 | instr_addr_o[31]
    final |       5 |     363 |      212 |     53 |   281 |    +1.5% |  -52.723 |    -7046.5 |    468 | instr_addr_o[31]
--------------------------------------------------------------------------------------------------------------
[INFO RSZ-0059] Removed 5 buffers.
[INFO RSZ-0040] Inserted 212 buffers.
[INFO RSZ-0051] Resized 363 instances: 363 up, 0 up match, 0 down, 0 VT
[INFO RSZ-0043] Swapped pins on 281 instances.
[INFO RSZ-0049] Cloned 53 instances.
[WARNING RSZ-0062] Unable to repair all setup violations.
[INFO RSZ-0033] No hold violations found.
Took 77 seconds: repair_timing -setup_margin 0 -hold_margin 0 -repair_tns 100 -verbose
global_route -start_incremental
detailed_placement
[INFO DPL-0005] Max displacement: +/- 500 sites horizontally, +/- 100 rows vertically.
Movements Summary
---------------------------------------
Total cells:                   20857
Diamond Move Success:          20857 (100.00%)
Diamond Move Failure:              0
Rip-up and replace Success:        0 (  0.00% of diamond failures)
Rip-up and replace Failure:        0
Total Placement Failures:          0
---------------------------------------
Placement Analysis
---------------------------------
total displacement        156.7 u
average displacement        0.0 u
max displacement            0.8 u
original HPWL           78629.2 u
legalized HPWL          78733.9 u
delta HPWL                    0 %

global_route -end_incremental -congestion_report_file ./reports/asap7/ibex/modified_alpha_8-beta_0.1/congestion_post_repair_timing.rpt
global_route -start_incremental
global_route -end_incremental -congestion_report_file ./reports/asap7/ibex/modified_alpha_8-beta_0.1/congestion_post_recover_power.rpt
Repair antennas...
[WARNING GRT-0246] No diode with LEF class CORE ANTENNACELL found.
[INFO ANT-0002] Found 0 net violations.
[INFO ANT-0001] Found 0 pin violations.
Estimate parasitics...
estimate_parasitics -global_routing
Report metrics stage 5, global route...

==========================================================================
global route report_design_area
--------------------------------------------------------------------------
Design area 2555 um^2 47% utilization.
[INFO FLW-0007] clock core_clock period 1000.000000
[INFO FLW-0008] Clock core_clock period 1000.780
[INFO FLW-0009] Clock core_clock slack -53.452
[INFO FLW-0011] Path endpoint path count 3887
write_db ./results/asap7/ibex/modified_alpha_8-beta_0.1/5_1_grt.odb
write_sdc -no_timestamp ./results/asap7/ibex/modified_alpha_8-beta_0.1/5_1_grt.sdc
Elapsed time: 1:47.57[h:]min:sec. CPU time: user 1290.93 sys 47.89 (1244%). Peak memory: 772480KB.
Log                        Elapsed/s Peak Memory/MB  sha1sum .odb [0:20)
5_1_grt                          107            754 1cc3ee1be1bb1e1aa506
