OpenROAD 1447ce3293b9688b91b8c635d3811ac25a1ea20f 
Features included (+) or not (-): +GPU +GUI +Python
This program is licensed under the BSD-3 license. See the LICENSE file for details.
Components of this program may be licensed under more restrictive licenses which must be honored.
[INFO ORD-0030] Using 32 thread(s).
source /home/lucast/workspace/OR-flow-TCC/flow/platforms/asap7/liberty_suppressions.tcl
read_liberty /home/lucast/workspace/OR-flow-TCC/flow/platforms/asap7/lib/NLDM/asap7sc7p5t_AO_RVT_FF_nldm_211120.lib.gz
read_liberty /home/lucast/workspace/OR-flow-TCC/flow/platforms/asap7/lib/NLDM/asap7sc7p5t_INVBUF_RVT_FF_nldm_220122.lib.gz
read_liberty /home/lucast/workspace/OR-flow-TCC/flow/platforms/asap7/lib/NLDM/asap7sc7p5t_OA_RVT_FF_nldm_211120.lib.gz
read_liberty /home/lucast/workspace/OR-flow-TCC/flow/platforms/asap7/lib/NLDM/asap7sc7p5t_SIMPLE_RVT_FF_nldm_211120.lib.gz
read_liberty /home/lucast/workspace/OR-flow-TCC/flow/platforms/asap7/lib/NLDM/asap7sc7p5t_SEQ_RVT_FF_nldm_220123.lib
read_liberty /home/lucast/workspace/OR-flow-TCC/flow/platforms/asap7/lib/NLDM/asap7sc7p5t_DFFHQNH2V2X_RVT_TT_nldm_FAKE.lib
read_liberty /home/lucast/workspace/OR-flow-TCC/flow/platforms/asap7/lib/NLDM/asap7sc7p5t_DFFHQNV2X_RVT_TT_nldm_FAKE.lib
read_db -hier ./results/asap7/mock-alu/modified_alpha_2-beta_0.1-v3/4_cts.odb
[WARNING ORD-0012] Hierarchical flow (-hier) is currently in development and may cause multiple issues. Do not use in production environments.
source /home/lucast/workspace/OR-flow-TCC/flow/platforms/asap7/setRC.tcl
pin_access
[INFO DRT-0149] Reading tech and libs.

Units:                1000
Number of layers:     21
Number of macros:     230
Number of vias:       14
Number of viarulegen: 11

[INFO DRT-0150] Reading design.

Design:                   MockAlu
Die area:                 ( 0 0 ) ( 57354 57354 )
Number of track patterns: 32
Number of DEF vias:       0
Number of components:     13201
Number of terminals:      202
Number of snets:          2
Number of nets:           14161

[INFO DRT-0167] List of default vias:
  Layer V2
    default via: VIA23
  Layer V3
    default via: VIA34
  Layer V4
    default via: VIA45
  Layer V5
    default via: VIA56
  Layer V6
    default via: VIA67
  Layer V7
    default via: VIA78
  Layer V8
    default via: VIA89
  Layer V9
    default via: VIA9Pad
[INFO DRT-0162] Library cell analysis.
[INFO DRT-0163] Instance analysis.
[INFO DRT-0164] Number of unique instances = 240.
[INFO DRT-0168] Init region query.
[INFO DRT-0024]   Complete Active.
[INFO DRT-0024]   Complete V0.
[INFO DRT-0024]   Complete M1.
[INFO DRT-0024]   Complete V1.
[INFO DRT-0024]   Complete M2.
[INFO DRT-0024]   Complete V2.
[INFO DRT-0024]   Complete M3.
[INFO DRT-0024]   Complete V3.
[INFO DRT-0024]   Complete M4.
[INFO DRT-0024]   Complete V4.
[INFO DRT-0024]   Complete M5.
[INFO DRT-0024]   Complete V5.
[INFO DRT-0024]   Complete M6.
[INFO DRT-0024]   Complete V6.
[INFO DRT-0024]   Complete M7.
[INFO DRT-0024]   Complete V7.
[INFO DRT-0024]   Complete M8.
[INFO DRT-0024]   Complete V8.
[INFO DRT-0024]   Complete M9.
[INFO DRT-0024]   Complete V9.
[INFO DRT-0024]   Complete Pad.
[INFO DRT-0033] Active shape region query size = 0.
[INFO DRT-0033] V0 shape region query size = 0.
[INFO DRT-0033] M1 shape region query size = 242718.
[INFO DRT-0033] V1 shape region query size = 321234.
[INFO DRT-0033] M2 shape region query size = 12981.
[INFO DRT-0033] V2 shape region query size = 6164.
[INFO DRT-0033] M3 shape region query size = 6052.
[INFO DRT-0033] V3 shape region query size = 3960.
[INFO DRT-0033] M4 shape region query size = 4088.
[INFO DRT-0033] V4 shape region query size = 3960.
[INFO DRT-0033] M5 shape region query size = 2272.
[INFO DRT-0033] V5 shape region query size = 400.
[INFO DRT-0033] M6 shape region query size = 240.
[INFO DRT-0033] V6 shape region query size = 0.
[INFO DRT-0033] M7 shape region query size = 0.
[INFO DRT-0033] V7 shape region query size = 0.
[INFO DRT-0033] M8 shape region query size = 0.
[INFO DRT-0033] V8 shape region query size = 0.
[INFO DRT-0033] M9 shape region query size = 0.
[INFO DRT-0033] V9 shape region query size = 0.
[INFO DRT-0033] Pad shape region query size = 0.
[INFO DRT-0165] Start pin access.
[INFO DRT-0076]   Complete 1000 pins.
[INFO DRT-0078]   Complete 1364 pins.
[INFO DRT-0079]   Complete 100 unique inst patterns.
[INFO DRT-0079]   Complete 200 unique inst patterns.
[INFO DRT-0081]   Complete 240 unique inst patterns.
[INFO DRT-0084]   Complete 6389 groups.
#scanned instances     = 13201
#unique  instances     = 240
#stdCellGenAp          = 7884
#stdCellValidPlanarAp  = 89
#stdCellValidViaAp     = 6003
#stdCellPinNoAp        = 0
#stdCellPinCnt         = 39608
#instTermValidViaApCnt = 0
#macroGenAp            = 0
#macroValidPlanarAp    = 0
#macroValidViaAp       = 0
#macroNoAp             = 0
[INFO DRT-0166] Complete pin access.
[INFO DRT-0267] cpu time = 00:07:40, elapsed time = 00:00:19, memory = 282.71 (MB), peak = 278.51 (MB)
Took 19 seconds: pin_access
global_route -congestion_report_file ./reports/asap7/mock-alu/modified_alpha_2-beta_0.1-v3/congestion.rpt -congestion_iterations 30 -congestion_report_iter_step 5 -verbose
[INFO GRT-0020] Min routing layer: M2
[INFO GRT-0021] Max routing layer: M7
[INFO GRT-0022] Global adjustment: 0%
[INFO GRT-0023] Grid origin: (0, 0)
[INFO GRT-0088] Layer M1      Track-Pitch = 0.0360  line-2-Via Pitch: 0.0360
[INFO GRT-0088] Layer M2      Track-Pitch = 0.0390  line-2-Via Pitch: 0.0360
[INFO GRT-0088] Layer M3      Track-Pitch = 0.0360  line-2-Via Pitch: 0.0360
[INFO GRT-0088] Layer M4      Track-Pitch = 0.0480  line-2-Via Pitch: 0.0480
[INFO GRT-0088] Layer M5      Track-Pitch = 0.0480  line-2-Via Pitch: 0.0480
[INFO GRT-0088] Layer M6      Track-Pitch = 0.0640  line-2-Via Pitch: 0.0640
[INFO GRT-0088] Layer M7      Track-Pitch = 0.0640  line-2-Via Pitch: 0.0640
[INFO GRT-0003] Macros: 0
[INFO GRT-0004] Blockages: 4239
[INFO GRT-0019] Found 69 clock nets.
[INFO GRT-0001] Minimum degree: 2
[INFO GRT-0002] Maximum degree: 73

[INFO GRT-0053] Routing resources analysis:
          Routing      Original      Derated      Resource
Layer     Direction    Resources     Resources    Reduction (%)
---------------------------------------------------------------
M1         Vertical            0             0          0.00%
M2         Horizontal     115065         82705          28.12%
M3         Vertical       151770        112715          25.73%
M4         Horizontal     116225         86339          25.71%
M5         Vertical       112477         83511          25.75%
M6         Horizontal      78928         53592          32.10%
M7         Vertical        88704         59796          32.59%
---------------------------------------------------------------

[INFO GRT-0197] Via related to pin nodes: 72977
[INFO GRT-0198] Via related Steiner nodes: 1953
[INFO GRT-0199] Via filling finished.
[INFO GRT-0111] Final number of vias: 95758
[INFO GRT-0112] Final usage 3D: 369864

[INFO GRT-0096] Final congestion report:
Layer         Resource        Demand        Usage (%)    Max H / Max V / Total Overflow
---------------------------------------------------------------------------------------
M1                   0             0            0.00%             0 /  0 /  0
M2               82705         27939           33.78%             0 /  0 /  0
M3              112715         38753           34.38%             0 /  0 /  0
M4               86339         10128           11.73%             0 /  0 /  0
M5               83511          5727            6.86%             0 /  0 /  0
M6               53592            39            0.07%             0 /  0 /  0
M7               59796             4            0.01%             0 /  0 /  0
---------------------------------------------------------------------------------------
Total           478658         82590           17.25%             0 /  0 /  0

[INFO GRT-0018] Total wirelength: 65541 um
[INFO GRT-0014] Routed nets: 14064
[INFO GRT-0303] Global routing runtime = 00:00:00
estimate_parasitics -global_routing
Perform buffer insertion and gate resizing...
repair_design -verbose
Iteration |   Area    | Resized | Buffers | Nets repaired | Remaining
---------------------------------------------------------------------
        0 |     +0.0% |       0 |       0 |             0 |     14218
[WARNING RSZ-0104] Net multResult_mult.con$7727 only has one pin. Check if it is intended to be dangling.
[WARNING RSZ-0104] Net multResult_mult.con$7120 only has one pin. Check if it is intended to be dangling.
[WARNING RSZ-0104] Net multResult_mult.con$6259 only has one pin. Check if it is intended to be dangling.
[WARNING RSZ-0104] Net multResult_mult.con$6254 only has one pin. Check if it is intended to be dangling.
     1000 |     +0.0% |       0 |       0 |             0 |     13218
[WARNING RSZ-0104] Net multResult_mult.con$4955 only has one pin. Check if it is intended to be dangling.
[WARNING RSZ-0104] Net multResult_mult.con$4960 only has one pin. Check if it is intended to be dangling.
     2000 |     +0.0% |       0 |       0 |             0 |     12218
[WARNING RSZ-0104] Net multResult_mult.con$4950 only has one pin. Check if it is intended to be dangling.
[WARNING RSZ-0104] Net _1384_ only has one pin. Check if it is intended to be dangling.
     3000 |     +0.0% |       0 |       0 |             0 |     11218
[WARNING RSZ-0104] Net multResult_mult.con$3418 only has one pin. Check if it is intended to be dangling.
[WARNING RSZ-0104] Net multResult_mult.con$3413 only has one pin. Check if it is intended to be dangling.
[WARNING RSZ-0104] Net multResult_mult.con$3408 only has one pin. Check if it is intended to be dangling.
[WARNING RSZ-0104] Net _1388_ only has one pin. Check if it is intended to be dangling.
[WARNING RSZ-0104] Net multResult_mult.con$1795 only has one pin. Check if it is intended to be dangling.
     4000 |     +0.0% |       0 |       0 |             0 |     10218
[WARNING RSZ-0104] Net multResult_mult.con$3403 only has one pin. Check if it is intended to be dangling.
     5000 |     +0.0% |       0 |       0 |             0 |      9218
     6000 |     +0.0% |       0 |       0 |             0 |      8218
[WARNING RSZ-0104] Net multResult_mult.con$1785 only has one pin. Check if it is intended to be dangling.
[WARNING RSZ-0104] Net multResult_mult.con$1780 only has one pin. Check if it is intended to be dangling.
[WARNING RSZ-0104] Net _1392_ only has one pin. Check if it is intended to be dangling.
[WARNING RSZ-0104] Net multResult_mult.con$542 only has one pin. Check if it is intended to be dangling.
     7000 |     +0.0% |       0 |       0 |             0 |      7218
[WARNING RSZ-0104] Net _1396_ only has one pin. Check if it is intended to be dangling.
     8000 |     +0.0% |       0 |       0 |             0 |      6218
[WARNING RSZ-0104] Net multResult_mult.con$1790 only has one pin. Check if it is intended to be dangling.
[WARNING RSZ-0104] Net multResult_mult.con$1770 only has one pin. Check if it is intended to be dangling.
[WARNING RSZ-0104] Net multResult_mult.con$547 only has one pin. Check if it is intended to be dangling.
[WARNING RSZ-0104] Net _1504_ only has one pin. Check if it is intended to be dangling.
[WARNING RSZ-0104] Net _1456_ only has one pin. Check if it is intended to be dangling.
[WARNING RSZ-0104] Net _1448_ only has one pin. Check if it is intended to be dangling.
[WARNING RSZ-0104] Net _1444_ only has one pin. Check if it is intended to be dangling.
[WARNING RSZ-0104] Net _1436_ only has one pin. Check if it is intended to be dangling.
[WARNING RSZ-0104] Net _1432_ only has one pin. Check if it is intended to be dangling.
[WARNING RSZ-0104] Net _1428_ only has one pin. Check if it is intended to be dangling.
[WARNING RSZ-0104] Net _1416_ only has one pin. Check if it is intended to be dangling.
[WARNING RSZ-0104] Net _1412_ only has one pin. Check if it is intended to be dangling.
[WARNING RSZ-0104] Net _1408_ only has one pin. Check if it is intended to be dangling.
[WARNING RSZ-0104] Net _1404_ only has one pin. Check if it is intended to be dangling.
[WARNING RSZ-0104] Net _1400_ only has one pin. Check if it is intended to be dangling.
[WARNING RSZ-0104] Net _1288_ only has one pin. Check if it is intended to be dangling.
[WARNING RSZ-0104] Net multResult_mult.con$1775 only has one pin. Check if it is intended to be dangling.
[WARNING RSZ-0104] Net multResult_mult.con$537 only has one pin. Check if it is intended to be dangling.
[WARNING RSZ-0104] Net _1540_ only has one pin. Check if it is intended to be dangling.
[WARNING RSZ-0104] Net _1536_ only has one pin. Check if it is intended to be dangling.
[WARNING RSZ-0104] Net _1532_ only has one pin. Check if it is intended to be dangling.
[WARNING RSZ-0104] Net _1528_ only has one pin. Check if it is intended to be dangling.
[WARNING RSZ-0104] Net _1524_ only has one pin. Check if it is intended to be dangling.
[WARNING RSZ-0104] Net _1520_ only has one pin. Check if it is intended to be dangling.
[WARNING RSZ-0104] Net _1516_ only has one pin. Check if it is intended to be dangling.
[WARNING RSZ-0104] Net _1512_ only has one pin. Check if it is intended to be dangling.
[WARNING RSZ-0104] Net _1508_ only has one pin. Check if it is intended to be dangling.
[WARNING RSZ-0104] Net _1500_ only has one pin. Check if it is intended to be dangling.
[WARNING RSZ-0104] Net _1496_ only has one pin. Check if it is intended to be dangling.
[WARNING RSZ-0104] Net _1492_ only has one pin. Check if it is intended to be dangling.
[WARNING RSZ-0104] Net _1488_ only has one pin. Check if it is intended to be dangling.
[WARNING RSZ-0104] Net _1484_ only has one pin. Check if it is intended to be dangling.
[WARNING RSZ-0104] Net _1480_ only has one pin. Check if it is intended to be dangling.
[WARNING RSZ-0104] Net _1476_ only has one pin. Check if it is intended to be dangling.
[WARNING RSZ-0104] Net _1472_ only has one pin. Check if it is intended to be dangling.
[WARNING RSZ-0104] Net _1468_ only has one pin. Check if it is intended to be dangling.
[WARNING RSZ-0104] Net _1464_ only has one pin. Check if it is intended to be dangling.
[WARNING RSZ-0104] Net _1460_ only has one pin. Check if it is intended to be dangling.
[WARNING RSZ-0104] Net _1452_ only has one pin. Check if it is intended to be dangling.
[WARNING RSZ-0104] Net _1440_ only has one pin. Check if it is intended to be dangling.
[WARNING RSZ-0104] Net _1424_ only has one pin. Check if it is intended to be dangling.
[WARNING RSZ-0104] Net _1420_ only has one pin. Check if it is intended to be dangling.
[WARNING RSZ-0104] Net _1380_ only has one pin. Check if it is intended to be dangling.
[WARNING RSZ-0104] Net _1376_ only has one pin. Check if it is intended to be dangling.
[WARNING RSZ-0104] Net _1372_ only has one pin. Check if it is intended to be dangling.
[WARNING RSZ-0104] Net _1368_ only has one pin. Check if it is intended to be dangling.
[WARNING RSZ-0104] Net _1364_ only has one pin. Check if it is intended to be dangling.
[WARNING RSZ-0104] Net _1360_ only has one pin. Check if it is intended to be dangling.
[WARNING RSZ-0104] Net _1356_ only has one pin. Check if it is intended to be dangling.
[WARNING RSZ-0104] Net _1352_ only has one pin. Check if it is intended to be dangling.
[WARNING RSZ-0104] Net _1348_ only has one pin. Check if it is intended to be dangling.
[WARNING RSZ-0104] Net _1344_ only has one pin. Check if it is intended to be dangling.
[WARNING RSZ-0104] Net _1340_ only has one pin. Check if it is intended to be dangling.
[WARNING RSZ-0104] Net _1336_ only has one pin. Check if it is intended to be dangling.
[WARNING RSZ-0104] Net _1332_ only has one pin. Check if it is intended to be dangling.
[WARNING RSZ-0104] Net _1328_ only has one pin. Check if it is intended to be dangling.
[WARNING RSZ-0104] Net _1324_ only has one pin. Check if it is intended to be dangling.
[WARNING RSZ-0104] Net _1320_ only has one pin. Check if it is intended to be dangling.
[WARNING RSZ-0104] Net _1316_ only has one pin. Check if it is intended to be dangling.
[WARNING RSZ-0104] Net _1312_ only has one pin. Check if it is intended to be dangling.
[WARNING RSZ-0104] Net _1308_ only has one pin. Check if it is intended to be dangling.
[WARNING RSZ-0104] Net _1304_ only has one pin. Check if it is intended to be dangling.
[WARNING RSZ-0104] Net _1300_ only has one pin. Check if it is intended to be dangling.
[WARNING RSZ-0104] Net _1296_ only has one pin. Check if it is intended to be dangling.
[WARNING RSZ-0104] Net _1292_ only has one pin. Check if it is intended to be dangling.
     9000 |     +0.0% |       0 |       0 |             0 |      5218
    10000 |     +0.0% |       0 |       0 |             0 |      4218
[WARNING RSZ-0104] Net multResult_mult.final_adder.con$252 only has one pin. Check if it is intended to be dangling.
[WARNING RSZ-0104] Net multResult_mult.con$57 only has one pin. Check if it is intended to be dangling.
[WARNING RSZ-0104] Net multResult_mult.con$535 only has one pin. Check if it is intended to be dangling.
[WARNING RSZ-0104] Net multResult_mult.con$533 only has one pin. Check if it is intended to be dangling.
[WARNING RSZ-0104] Net multResult_mult.con$531 only has one pin. Check if it is intended to be dangling.
[WARNING RSZ-0104] Net multResult_mult.con$529 only has one pin. Check if it is intended to be dangling.
[WARNING RSZ-0104] Net multResult_mult.con$527 only has one pin. Check if it is intended to be dangling.
[WARNING RSZ-0104] Net multResult_mult.con$525 only has one pin. Check if it is intended to be dangling.
[WARNING RSZ-0104] Net multResult_mult.con$55 only has one pin. Check if it is intended to be dangling.
[WARNING RSZ-0104] Net multResult_mult.con$53 only has one pin. Check if it is intended to be dangling.
[WARNING RSZ-0104] Net multResult_mult.con$51 only has one pin. Check if it is intended to be dangling.
[WARNING RSZ-0104] Net multResult_mult.con$49 only has one pin. Check if it is intended to be dangling.
    11000 |     +0.0% |       0 |       0 |             0 |      3218
    12000 |     +0.0% |       0 |       0 |             0 |      2218
    13000 |     +0.0% |       0 |       0 |             0 |      1218
    14000 |     +0.0% |       0 |       0 |             0 |       218
[WARNING RSZ-0104] Net reset only has one pin. Check if it is intended to be dangling.
    final |     +0.0% |       0 |       0 |             0 |         0
---------------------------------------------------------------------
global_route -start_incremental
detailed_placement
[INFO DPL-0005] Max displacement: +/- 500 sites horizontally, +/- 100 rows vertically.
Movements Summary
---------------------------------------
Total cells:                   12608
Diamond Move Success:          12608 (100.00%)
Diamond Move Failure:              0
Rip-up and replace Success:        0 (  0.00% of diamond failures)
Rip-up and replace Failure:        0
Total Placement Failures:          0
---------------------------------------
Placement Analysis
---------------------------------
total displacement          0.0 u
average displacement        0.0 u
max displacement            0.0 u
original HPWL           38634.8 u
legalized HPWL          38634.8 u
delta HPWL                    0 %

global_route -end_incremental -congestion_report_file ./reports/asap7/mock-alu/modified_alpha_2-beta_0.1-v3/congestion_post_repair_design.rpt
Repair setup and hold violations...
estimate_parasitics -global_routing
repair_timing -setup_margin 0 -hold_margin 0 -repair_tns 100 -verbose
[INFO RSZ-0100] Repair move sequence: UnbufferMove SizeUpMove SwapPinsMove BufferMove CloneMove SplitLoadMove 
[INFO RSZ-0094] Found 469 endpoints with setup violations.
[INFO RSZ-0099] Repairing 469 out of 469 (100.00%) violating endpoints...
   Iter   | Removed | Resized | Inserted | Cloned |  Pin  |   Area   |    WNS   |   TNS      |  Viol  | Worst
          | Buffers |  Gates  | Buffers  |  Gates | Swaps |          |          |            | Endpts | Endpt
--------------------------------------------------------------------------------------------------------------
        0 |       0 |       0 |        0 |      0 |     0 |    +0.0% | -304.159 |   -19806.6 |    469 | io_out_REG[0]$_DFF_P_/D
       10 |       0 |       0 |        2 |      0 |     7 |    +0.0% | -309.448 |   -19812.9 |    469 | io_out_REG[0]$_DFF_P_/D
       20 |       0 |       0 |        6 |      0 |    13 |    +0.0% | -307.881 |   -19863.6 |    469 | io_out_REG[0]$_DFF_P_/D
       30 |       0 |       0 |        8 |      0 |    21 |    +0.0% | -310.264 |   -19891.2 |    469 | io_out_REG[0]$_DFF_P_/D
       32 |       0 |       0 |        0 |      0 |     0 |    +0.0% | -304.159 |   -19806.6 |    469 | io_out_REG[0]$_DFF_P_/D
       40 |       0 |       1 |        1 |      0 |     5 |    +0.0% | -304.159 |   -19799.4 |    469 | io_out_REG[0]$_DFF_P_/D
       50 |       0 |       5 |        6 |      1 |     6 |    +0.1% | -304.366 |   -19830.1 |    469 | io_out_REG[0]$_DFF_P_/D
       60 |       1 |       8 |        7 |      1 |    11 |    +0.1% | -304.638 |   -19790.5 |    469 | io_out_REG[0]$_DFF_P_/D
       70 |       3 |      10 |        7 |      1 |    17 |    +0.1% | -305.004 |   -19777.5 |    469 | io_out_REG[0]$_DFF_P_/D
       74 |       0 |       1 |        4 |      0 |     5 |    +0.0% | -302.870 |   -19761.7 |    469 | io_out_REG[0]$_DFF_P_/D
       80 |       0 |       1 |        6 |      0 |     8 |    +0.0% | -302.870 |   -19778.8 |    469 | io_out_REG[0]$_DFF_P_/D
       88 |       0 |       1 |        4 |      0 |     5 |    +0.0% | -302.870 |   -19761.7 |    469 | io_out_REG[0]$_DFF_P_/D
       90 |       0 |       1 |        4 |      0 |     6 |    +0.0% | -306.574 |   -19774.2 |    469 | io_out_REG[0]$_DFF_P_/D
       94 |       0 |       1 |        4 |      0 |     5 |    +0.0% | -302.870 |   -19761.7 |    469 | io_out_REG[0]$_DFF_P_/D
      100 |       0 |       2 |        5 |      0 |     8 |    +0.0% | -302.870 |   -19753.2 |    469 | io_out_REG[0]$_DFF_P_/D
      110 |       0 |       7 |        7 |      1 |    10 |    +0.1% | -304.648 |   -19805.7 |    469 | io_out_REG[0]$_DFF_P_/D
      120 |       0 |      10 |        8 |      1 |    16 |    +0.1% | -305.208 |   -19828.9 |    469 | io_out_REG[0]$_DFF_P_/D
      123 |       0 |       1 |        5 |      0 |     5 |    +0.0% | -302.870 |   -19747.1 |    469 | io_out_REG[0]$_DFF_P_/D
      130 |       0 |       3 |        6 |      0 |     8 |    +0.0% | -303.976 |   -19765.3 |    469 | io_out_REG[0]$_DFF_P_/D
      140 |       0 |       7 |        7 |      1 |    12 |    +0.1% | -304.868 |   -19812.5 |    469 | io_out_REG[0]$_DFF_P_/D
      146 |       0 |       1 |        5 |      0 |     6 |    +0.0% | -302.870 |   -19744.0 |    469 | io_out_REG[0]$_DFF_P_/D
      150 |       0 |       1 |        5 |      0 |     9 |    +0.0% | -302.870 |   -19748.7 |    469 | io_out_REG[0]$_DFF_P_/D
      160 |       0 |       3 |        7 |      0 |    15 |    +0.1% | -304.775 |   -19851.8 |    469 | io_out_REG[0]$_DFF_P_/D
      167 |       0 |       1 |        5 |      0 |     8 |    +0.0% | -302.870 |   -19740.1 |    469 | io_out_REG[0]$_DFF_P_/D
      170 |       0 |       1 |        6 |      0 |     9 |    +0.0% | -302.870 |   -19748.7 |    469 | io_out_REG[0]$_DFF_P_/D
      174 |       0 |       1 |        6 |      0 |    10 |    +0.0% | -302.870 |   -19745.8 |    469 | io_out_REG[0]$_DFF_P_/D
      180 |       0 |       3 |        6 |      0 |    13 |    +0.0% | -303.915 |   -19761.5 |    469 | io_out_REG[0]$_DFF_P_/D
      180 |       0 |       1 |        6 |      0 |    10 |    +0.0% | -302.870 |   -19745.8 |    469 | io_out_REG[0]$_DFF_P_/D
      190 |       0 |       6 |        7 |      1 |    12 |    +0.1% | -304.868 |   -19797.2 |    469 | io_out_REG[0]$_DFF_P_/D
      190 |       0 |       1 |        6 |      0 |    11 |    +0.0% | -302.870 |   -19745.0 |    469 | io_out_REG[0]$_DFF_P_/D
      200 |       0 |       3 |        6 |      0 |    18 |    +0.0% | -303.168 |   -19756.2 |    469 | io_out_REG[0]$_DFF_P_/D
      203 |       0 |       1 |        6 |      0 |    11 |    +0.0% | -302.870 |   -19745.0 |    469 | io_out_REG[0]$_DFF_P_/D
      210 |       0 |       5 |        6 |      1 |    12 |    +0.1% | -304.365 |   -19830.6 |    469 | io_out_REG[0]$_DFF_P_/D
      220 |       2 |      11 |        8 |      1 |    12 |    +0.1% | -305.422 |   -19795.6 |    469 | io_out_REG[0]$_DFF_P_/D
      222 |       0 |       1 |        6 |      0 |    11 |    +0.0% | -302.870 |   -19745.0 |    469 | io_out_REG[0]$_DFF_P_/D
      225 |       0 |       1 |        7 |      0 |    12 |    +0.0% | -302.221 |   -19755.0 |    469 | io_out_REG[0]$_DFF_P_/D
      230 |       0 |       2 |        7 |      0 |    15 |    +0.0% | -302.221 |   -19761.2 |    469 | io_out_REG[0]$_DFF_P_/D
      232 |       0 |       1 |        7 |      0 |    12 |    +0.0% | -302.221 |   -19755.0 |    469 | io_out_REG[0]$_DFF_P_/D
      240 |       0 |       4 |        7 |      0 |    16 |    +0.1% | -302.518 |   -19755.6 |    469 | io_out_REG[0]$_DFF_P_/D
      245 |       0 |       2 |        7 |      0 |    16 |    +0.0% | -302.221 |   -19748.0 |    469 | io_out_REG[0]$_DFF_P_/D
      250 |       0 |       3 |        8 |      0 |    18 |    +0.1% | -303.327 |   -19766.3 |    469 | io_out_REG[0]$_DFF_P_/D
      256 |       0 |       2 |        7 |      0 |    17 |    +0.0% | -302.221 |   -19747.1 |    469 | io_out_REG[0]$_DFF_P_/D
      260 |       0 |       3 |        7 |      1 |    18 |    +0.1% | -304.008 |   -19819.2 |    469 | io_out_REG[0]$_DFF_P_/D
      266 |       0 |       2 |        7 |      0 |    17 |    +0.0% | -302.221 |   -19747.1 |    469 | io_out_REG[0]$_DFF_P_/D
      270 |       0 |       3 |        8 |      0 |    18 |    +0.1% | -303.327 |   -19760.6 |    469 | io_out_REG[0]$_DFF_P_/D
      271 |       0 |       2 |        7 |      0 |    17 |    +0.0% | -302.221 |   -19747.1 |    469 | io_out_REG[0]$_DFF_P_/D
      278 |       0 |       3 |        7 |      0 |    22 |    +0.0% | -302.221 |   -19720.3 |    469 | io_out_REG[0]$_DFF_P_/D
      280 |       0 |       3 |        7 |      0 |    23 |    +0.0% | -302.221 |   -19721.6 |    469 | io_out_REG[0]$_DFF_P_/D
      290 |       0 |       7 |       10 |      0 |    26 |    +0.1% | -303.617 |   -19751.2 |    469 | io_out_REG[0]$_DFF_P_/D
      296 |       0 |       3 |        7 |      0 |    22 |    +0.0% | -302.221 |   -19720.3 |    469 | io_out_REG[0]$_DFF_P_/D
      298 |       0 |       3 |        7 |      0 |    23 |    +0.0% | -302.221 |   -19718.6 |    469 | io_out_REG[0]$_DFF_P_/D
      300 |       0 |       4 |        7 |      0 |    23 |    +0.0% | -302.518 |   -19728.7 |    469 | io_out_REG[0]$_DFF_P_/D
      304 |       0 |       3 |        7 |      0 |    23 |    +0.0% | -302.221 |   -19718.6 |    469 | io_out_REG[0]$_DFF_P_/D
      305 |       0 |       3 |        7 |      0 |    23 |    +0.0% | -302.221 |   -19718.6 |    469 | io_out_REG[0]$_DFF_P_/D
      310 |       0 |       5 |        7 |      0 |    25 |    +0.1% | -303.327 |   -19734.9 |    469 | io_out_REG[0]$_DFF_P_/D
      312 |       0 |       3 |        7 |      0 |    23 |    +0.0% | -302.221 |   -19718.6 |    469 | io_out_REG[0]$_DFF_P_/D
      314 |       0 |       3 |        7 |      0 |    23 |    +0.0% | -302.221 |   -19718.6 |    469 | io_out_REG[0]$_DFF_P_/D
      317 |       0 |       3 |        7 |      0 |    23 |    +0.0% | -302.221 |   -19718.6 |    469 | io_out_REG[0]$_DFF_P_/D
      320 |       0 |       3 |        7 |      0 |    25 |    +0.0% | -302.221 |   -19712.7 |    469 | io_out_REG[0]$_DFF_P_/D
      330 |       1 |       6 |        9 |      0 |    29 |    +0.1% | -302.222 |   -19696.7 |    469 | io_out_REG[0]$_DFF_P_/D
      333 |       1 |       6 |        9 |      0 |    27 |    +0.1% | -302.221 |   -19704.3 |    469 | io_out_REG[0]$_DFF_P_/D
      339 |       1 |       6 |        9 |      0 |    27 |    +0.1% | -302.221 |   -19704.3 |    469 | io_out_REG[0]$_DFF_P_/D
      340 |       1 |       6 |        9 |      0 |    27 |    +0.1% | -302.221 |   -19704.3 |    469 | io_out_REG[0]$_DFF_P_/D
      343 |       1 |       7 |        9 |      0 |    29 |    +0.1% | -302.221 |   -19697.7 |    469 | io_out_REG[0]$_DFF_P_/D
      346 |       1 |       7 |        9 |      0 |    31 |    +0.1% | -302.221 |   -19696.6 |    469 | io_out_REG[0]$_DFF_P_/D
      350 |       1 |       9 |        9 |      0 |    32 |    +0.1% | -302.518 |   -19705.9 |    469 | io_out_REG[0]$_DFF_P_/D
      352 |       1 |       7 |        9 |      0 |    31 |    +0.1% | -302.221 |   -19696.6 |    469 | io_out_REG[0]$_DFF_P_/D
      356 |       1 |       7 |        9 |      0 |    31 |    +0.1% | -302.221 |   -19696.6 |    469 | io_out_REG[0]$_DFF_P_/D
      360 |       1 |       7 |       10 |      0 |    33 |    +0.1% | -302.221 |   -19694.9 |    469 | io_out_REG[0]$_DFF_P_/D
      365 |       1 |       7 |       10 |      0 |    32 |    +0.1% | -302.221 |   -19694.0 |    469 | io_out_REG[0]$_DFF_P_/D
      369 |       1 |       7 |       10 |      0 |    35 |    +0.1% | -302.221 |   -19689.3 |    469 | io_out_REG[0]$_DFF_P_/D
      370 |       1 |       7 |       10 |      0 |    35 |    +0.1% | -302.221 |   -19689.3 |    469 | io_out_REG[0]$_DFF_P_/D
      380 |       1 |      11 |       12 |      1 |    38 |    +0.1% | -302.221 |   -20542.7 |    469 | io_out_REG[0]$_DFF_P_/D
      381 |       2 |      11 |       12 |      1 |    38 |    +0.1% | -302.221 |   -20531.9 |    469 | io_out_REG[0]$_DFF_P_/D
      390 |       2 |      13 |       12 |      1 |    44 |    +0.1% | -302.221 |   -20529.7 |    469 | io_out_REG[0]$_DFF_P_/D
      397 |       2 |      15 |       12 |      1 |    47 |    +0.1% | -302.221 |   -20527.7 |    469 | io_out_REG[0]$_DFF_P_/D
      400 |       2 |      15 |       12 |      1 |    49 |    +0.1% | -302.221 |   -20527.4 |    469 | io_out_REG[0]$_DFF_P_/D
      400 |       2 |      15 |       12 |      1 |    48 |    +0.1% | -302.221 |   -20526.5 |    469 | io_out_REG[0]$_DFF_P_/D
      410 |       3 |      16 |       13 |      1 |    54 |    +0.1% | -302.221 |   -20518.7 |    469 | io_out_REG[0]$_DFF_P_/D
      420 |       3 |      20 |       13 |      1 |    60 |    +0.1% | -302.221 |   -20510.9 |    469 | io_out_REG[0]$_DFF_P_/D
      425 |       4 |      21 |       13 |      1 |    61 |    +0.1% | -302.221 |   -19946.0 |    469 | io_out_REG[0]$_DFF_P_/D
      430 |       4 |      21 |       13 |      1 |    65 |    +0.1% | -302.221 |   -19951.4 |    469 | io_out_REG[0]$_DFF_P_/D
      430 |       4 |      21 |       13 |      1 |    62 |    +0.1% | -302.221 |   -19945.5 |    469 | io_out_REG[0]$_DFF_P_/D
      433 |       4 |      21 |       13 |      1 |    62 |    +0.1% | -302.221 |   -19945.5 |    469 | io_out_REG[0]$_DFF_P_/D
      440 |       5 |      23 |       14 |      1 |    64 |    +0.1% | -302.221 |   -20481.9 |    469 | io_out_REG[0]$_DFF_P_/D
      441 |       5 |      24 |       14 |      1 |    64 |    +0.1% | -302.221 |   -20484.1 |    469 | io_out_REG[0]$_DFF_P_/D
      443 |       5 |      24 |       14 |      1 |    64 |    +0.1% | -302.221 |   -20484.1 |    469 | io_out_REG[0]$_DFF_P_/D
      450 |       5 |      29 |       14 |      1 |    65 |    +0.1% | -302.221 |   -20293.3 |    469 | io_out_REG[0]$_DFF_P_/D
      460 |       5 |      31 |       19 |      1 |    68 |    +0.2% | -302.221 |   -20299.7 |    469 | io_out_REG[0]$_DFF_P_/D
      470 |       5 |      34 |       23 |      2 |    72 |    +0.2% | -302.221 |   -20285.8 |    469 | io_out_REG[0]$_DFF_P_/D
      480 |       6 |      35 |       25 |      3 |    77 |    +0.2% | -302.221 |   -20291.0 |    469 | io_out_REG[0]$_DFF_P_/D
      480 |       6 |      35 |       25 |      3 |    76 |    +0.2% | -302.221 |   -20289.4 |    469 | io_out_REG[0]$_DFF_P_/D
      489 |       6 |      35 |       25 |      3 |    83 |    +0.2% | -302.221 |   -20287.6 |    469 | io_out_REG[0]$_DFF_P_/D
      490 |       6 |      35 |       25 |      3 |    83 |    +0.2% | -302.221 |   -20287.6 |    469 | io_out_REG[0]$_DFF_P_/D
      500 |       6 |      39 |       27 |      3 |    87 |    +0.2% | -302.221 |   -20285.3 |    469 | io_out_REG[0]$_DFF_P_/D
      502 |       6 |      38 |       27 |      3 |    85 |    +0.2% | -302.221 |   -20284.6 |    469 | io_out_REG[0]$_DFF_P_/D
      507 |       6 |      39 |       27 |      3 |    86 |    +0.2% | -302.221 |   -20284.8 |    469 | io_out_REG[0]$_DFF_P_/D
      510 |       6 |      40 |       27 |      3 |    87 |    +0.2% | -302.221 |   -20284.0 |    469 | io_out_REG[0]$_DFF_P_/D
      520 |       6 |      42 |       31 |      3 |    92 |    +0.2% | -302.221 |   -20287.6 |    469 | io_out_REG[0]$_DFF_P_/D
      527 |       6 |      44 |       33 |      3 |    93 |    +0.3% | -302.221 |   -20289.5 |    469 | io_out_REG[0]$_DFF_P_/D
      530 |       6 |      44 |       33 |      3 |    95 |    +0.3% | -302.221 |   -20278.4 |    469 | io_out_REG[0]$_DFF_P_/D
      533 |       6 |      44 |       33 |      3 |    96 |    +0.3% | -302.221 |   -20278.3 |    469 | io_out_REG[0]$_DFF_P_/D
      537 |       6 |      44 |       33 |      3 |    96 |    +0.3% | -302.221 |   -20278.3 |    469 | io_out_REG[0]$_DFF_P_/D
      540 |       6 |      44 |       33 |      3 |    98 |    +0.3% | -302.221 |   -20278.3 |    469 | io_out_REG[0]$_DFF_P_/D
      547 |       7 |      46 |       33 |      3 |   100 |    +0.3% | -302.221 |   -20291.7 |    469 | io_out_REG[0]$_DFF_P_/D
      550 |       7 |      46 |       33 |      3 |   102 |    +0.3% | -302.221 |   -20293.3 |    469 | io_out_REG[0]$_DFF_P_/D
      554 |       7 |      46 |       33 |      3 |   100 |    +0.3% | -302.221 |   -20291.7 |    469 | io_out_REG[0]$_DFF_P_/D
      558 |       7 |      46 |       33 |      3 |   100 |    +0.3% | -302.221 |   -20291.7 |    469 | io_out_REG[0]$_DFF_P_/D
      560 |       7 |      47 |       33 |      3 |   100 |    +0.3% | -303.122 |   -20325.0 |    469 | io_out_REG[0]$_DFF_P_/D
      564 |       7 |      46 |       33 |      3 |   100 |    +0.3% | -302.221 |   -20291.7 |    469 | io_out_REG[0]$_DFF_P_/D
      569 |       7 |      46 |       33 |      3 |   101 |    +0.3% | -302.221 |   -20284.3 |    469 | io_out_REG[0]$_DFF_P_/D
      570 |       7 |      46 |       33 |      3 |   101 |    +0.3% | -302.221 |   -20284.3 |    469 | io_out_REG[0]$_DFF_P_/D
      577 |       7 |      46 |       34 |      3 |   102 |    +0.3% | -302.221 |   -20281.9 |    469 | io_out_REG[0]$_DFF_P_/D
      580 |       7 |      47 |       34 |      3 |   103 |    +0.3% | -302.221 |   -20278.5 |    469 | io_out_REG[0]$_DFF_P_/D
      580 |       7 |      47 |       34 |      3 |   103 |    +0.3% | -302.221 |   -20278.5 |    469 | io_out_REG[0]$_DFF_P_/D
      584 |       7 |      47 |       34 |      3 |   103 |    +0.3% | -302.221 |   -20278.5 |    469 | io_out_REG[0]$_DFF_P_/D
      590 |       7 |      50 |       35 |      4 |   103 |    +0.3% | -302.221 |   -20275.5 |    469 | io_out_REG[0]$_DFF_P_/D
      599 |       7 |      56 |       35 |      4 |   105 |    +0.3% | -302.221 |   -20263.5 |    469 | io_out_REG[0]$_DFF_P_/D
      600 |       7 |      56 |       35 |      4 |   105 |    +0.3% | -302.221 |   -20263.5 |    469 | io_out_REG[0]$_DFF_P_/D
      604 |       7 |      56 |       35 |      4 |   105 |    +0.3% | -302.221 |   -20263.5 |    469 | io_out_REG[0]$_DFF_P_/D
      607 |       7 |      56 |       35 |      4 |   105 |    +0.3% | -302.221 |   -20263.5 |    469 | io_out_REG[0]$_DFF_P_/D
      610 |       7 |      56 |       35 |      4 |   107 |    +0.3% | -302.221 |   -20261.5 |    469 | io_out_REG[0]$_DFF_P_/D
      616 |       7 |      57 |       35 |      4 |   109 |    +0.3% | -302.221 |   -20262.4 |    469 | io_out_REG[0]$_DFF_P_/D
      620 |       7 |      57 |       36 |      4 |   111 |    +0.3% | -302.221 |   -20261.2 |    469 | io_out_REG[0]$_DFF_P_/D
      621 |       7 |      57 |       36 |      4 |   111 |    +0.3% | -302.221 |   -20261.2 |    469 | io_out_REG[0]$_DFF_P_/D
      630 |       7 |      57 |       36 |      4 |   119 |    +0.3% | -302.221 |   -20264.9 |    469 | io_out_REG[0]$_DFF_P_/D
      630 |       7 |      57 |       36 |      4 |   112 |    +0.3% | -302.221 |   -20256.3 |    469 | io_out_REG[0]$_DFF_P_/D
      636 |       7 |      57 |       36 |      4 |   113 |    +0.3% | -302.221 |   -20255.1 |    469 | io_out_REG[0]$_DFF_P_/D
      640 |       7 |      58 |       36 |      4 |   115 |    +0.3% | -302.221 |   -20256.0 |    469 | io_out_REG[0]$_DFF_P_/D
      642 |       7 |      60 |       36 |      4 |   115 |    +0.3% | -302.221 |   -20255.0 |    469 | io_out_REG[0]$_DFF_P_/D
      648 |       7 |      60 |       36 |      4 |   115 |    +0.3% | -302.221 |   -20255.0 |    469 | io_out_REG[0]$_DFF_P_/D
      650 |       7 |      60 |       36 |      4 |   116 |    +0.3% | -302.221 |   -20260.5 |    469 | io_out_REG[0]$_DFF_P_/D
      656 |       7 |      60 |       36 |      4 |   115 |    +0.3% | -302.221 |   -20255.0 |    469 | io_out_REG[0]$_DFF_P_/D
      660 |       7 |      60 |       36 |      4 |   118 |    +0.3% | -302.221 |   -20263.5 |    469 | io_out_REG[0]$_DFF_P_/D
      665 |       7 |      60 |       36 |      4 |   115 |    +0.3% | -302.221 |   -20255.0 |    469 | io_out_REG[0]$_DFF_P_/D
      670 |       7 |      60 |       36 |      4 |   119 |    +0.3% | -302.221 |   -20265.0 |    469 | io_out_REG[0]$_DFF_P_/D
      674 |       7 |      60 |       36 |      4 |   115 |    +0.3% | -302.221 |   -20255.0 |    469 | io_out_REG[0]$_DFF_P_/D
      680 |       7 |      60 |       36 |      4 |   120 |    +0.3% | -302.221 |   -20257.9 |    469 | io_out_REG[0]$_DFF_P_/D
      683 |       7 |      60 |       36 |      4 |   119 |    +0.3% | -302.221 |   -20250.2 |    469 | io_out_REG[0]$_DFF_P_/D
      690 |       7 |      60 |       36 |      4 |   125 |    +0.3% | -302.221 |   -20264.7 |    469 | io_out_REG[0]$_DFF_P_/D
      692 |       7 |      60 |       36 |      4 |   119 |    +0.3% | -302.221 |   -20250.2 |    469 | io_out_REG[0]$_DFF_P_/D
      699 |       7 |      60 |       36 |      4 |   119 |    +0.3% | -302.221 |   -20250.2 |    469 | io_out_REG[0]$_DFF_P_/D
      700 |       7 |      60 |       36 |      4 |   119 |    +0.3% | -302.221 |   -20250.2 |    469 | io_out_REG[0]$_DFF_P_/D
      708 |       7 |      60 |       36 |      4 |   121 |    +0.3% | -302.221 |   -20246.4 |    469 | io_out_REG[0]$_DFF_P_/D
      710 |       7 |      60 |       36 |      4 |   122 |    +0.3% | -302.221 |   -20244.3 |    469 | io_out_REG[0]$_DFF_P_/D
      719 |       7 |      60 |       36 |      4 |   123 |    +0.3% | -302.221 |   -20242.2 |    469 | io_out_REG[0]$_DFF_P_/D
      720 |       7 |      60 |       36 |      4 |   123 |    +0.3% | -302.221 |   -20242.2 |    469 | io_out_REG[0]$_DFF_P_/D
      727 |       7 |      60 |       36 |      4 |   129 |    +0.3% | -302.221 |   -20241.6 |    469 | io_out_REG[0]$_DFF_P_/D
      730 |       7 |      60 |       36 |      4 |   131 |    +0.3% | -302.221 |   -20243.2 |    469 | io_out_REG[0]$_DFF_P_/D
      735 |       7 |      60 |       36 |      4 |   129 |    +0.3% | -302.221 |   -20241.6 |    469 | io_out_REG[0]$_DFF_P_/D
      736 |       7 |      60 |       36 |      4 |   129 |    +0.3% | -302.221 |   -20241.6 |    469 | io_out_REG[0]$_DFF_P_/D
      740 |       7 |      60 |       36 |      4 |   132 |    +0.3% | -302.221 |   -20253.2 |    469 | io_out_REG[0]$_DFF_P_/D
      744 |       7 |      60 |       36 |      4 |   129 |    +0.3% | -302.221 |   -20241.6 |    469 | io_out_REG[0]$_DFF_P_/D
      750 |       7 |      60 |       36 |      4 |   134 |    +0.3% | -302.221 |   -20245.7 |    469 | io_out_REG[0]$_DFF_P_/D
      752 |       7 |      60 |       36 |      4 |   129 |    +0.3% | -302.221 |   -20241.6 |    469 | io_out_REG[0]$_DFF_P_/D
      753 |       7 |      60 |       36 |      4 |   129 |    +0.3% | -302.221 |   -20241.6 |    469 | io_out_REG[0]$_DFF_P_/D
      754 |       7 |      60 |       36 |      4 |   129 |    +0.3% | -302.221 |   -20241.6 |    469 | io_out_REG[0]$_DFF_P_/D
      760 |       7 |      60 |       36 |      4 |   134 |    +0.3% | -302.221 |   -20247.7 |    469 | io_out_REG[0]$_DFF_P_/D
      762 |       7 |      60 |       36 |      4 |   131 |    +0.3% | -302.221 |   -20240.7 |    469 | io_out_REG[0]$_DFF_P_/D
      770 |       7 |      60 |       36 |      4 |   138 |    +0.3% | -302.221 |   -20238.2 |    469 | io_out_REG[0]$_DFF_P_/D
      772 |       7 |      60 |       36 |      4 |   139 |    +0.3% | -302.221 |   -20235.1 |    469 | io_out_REG[0]$_DFF_P_/D
      780 |       7 |      60 |       36 |      4 |   146 |    +0.3% | -302.221 |   -20242.0 |    469 | io_out_REG[0]$_DFF_P_/D
      780 |       7 |      60 |       36 |      4 |   140 |    +0.3% | -302.221 |   -20232.0 |    469 | io_out_REG[0]$_DFF_P_/D
      781 |       7 |      60 |       36 |      4 |   140 |    +0.3% | -302.221 |   -20232.0 |    469 | io_out_REG[0]$_DFF_P_/D
      783 |       7 |      60 |       36 |      4 |   140 |    +0.3% | -302.221 |   -20232.0 |    469 | io_out_REG[0]$_DFF_P_/D
      784 |       7 |      60 |       36 |      4 |   140 |    +0.3% | -302.221 |   -20232.0 |    469 | io_out_REG[0]$_DFF_P_/D
      785 |       7 |      60 |       36 |      4 |   140 |    +0.3% | -302.221 |   -20232.0 |    469 | io_out_REG[0]$_DFF_P_/D
      790 |       7 |      60 |       36 |      4 |   144 |    +0.3% | -302.221 |   -20233.2 |    469 | io_out_REG[0]$_DFF_P_/D
      794 |       7 |      60 |       36 |      4 |   141 |    +0.3% | -302.221 |   -20229.1 |    469 | io_out_REG[0]$_DFF_P_/D
      799 |       7 |      60 |       36 |      4 |   141 |    +0.3% | -302.221 |   -20229.1 |    469 | io_out_REG[0]$_DFF_P_/D
      800 |       7 |      60 |       36 |      4 |   141 |    +0.3% | -302.221 |   -20229.1 |    469 | io_out_REG[0]$_DFF_P_/D
      807 |       7 |      60 |       36 |      4 |   141 |    +0.3% | -302.221 |   -20229.1 |    469 | io_out_REG[0]$_DFF_P_/D
      808 |       7 |      60 |       36 |      4 |   141 |    +0.3% | -302.221 |   -20229.1 |    469 | io_out_REG[0]$_DFF_P_/D
      810 |       7 |      60 |       36 |      4 |   142 |    +0.3% | -302.221 |   -20228.3 |    469 | io_out_REG[0]$_DFF_P_/D
      818 |       7 |      60 |       36 |      4 |   142 |    +0.3% | -302.221 |   -20228.3 |    469 | io_out_REG[0]$_DFF_P_/D
      819 |       7 |      60 |       36 |      4 |   142 |    +0.3% | -302.221 |   -20228.3 |    469 | io_out_REG[0]$_DFF_P_/D
      820 |       7 |      60 |       36 |      4 |   142 |    +0.3% | -302.221 |   -20228.3 |    469 | io_out_REG[0]$_DFF_P_/D
      820 |       7 |      60 |       36 |      4 |   142 |    +0.3% | -302.221 |   -20228.3 |    469 | io_out_REG[0]$_DFF_P_/D
      827 |       7 |      60 |       36 |      4 |   148 |    +0.3% | -302.221 |   -20224.5 |    469 | io_out_REG[0]$_DFF_P_/D
      830 |       7 |      60 |       36 |      4 |   150 |    +0.3% | -302.221 |   -20221.5 |    469 | io_out_REG[0]$_DFF_P_/D
      837 |       7 |      60 |       36 |      4 |   152 |    +0.3% | -302.221 |   -20220.9 |    469 | io_out_REG[0]$_DFF_P_/D
      838 |       7 |      60 |       36 |      4 |   152 |    +0.3% | -302.221 |   -20220.9 |    469 | io_out_REG[0]$_DFF_P_/D
      839 |       7 |      60 |       36 |      4 |   152 |    +0.3% | -302.221 |   -20220.9 |    469 | io_out_REG[0]$_DFF_P_/D
      840 |       7 |      60 |       36 |      4 |   152 |    +0.3% | -302.221 |   -20220.9 |    469 | io_out_REG[0]$_DFF_P_/D
      842 |       7 |      60 |       36 |      4 |   152 |    +0.3% | -302.221 |   -20220.9 |    469 | io_out_REG[0]$_DFF_P_/D
      844 |       7 |      60 |       36 |      4 |   152 |    +0.3% | -302.221 |   -20220.9 |    469 | io_out_REG[0]$_DFF_P_/D
      846 |       7 |      60 |       36 |      4 |   152 |    +0.3% | -302.221 |   -20220.9 |    469 | io_out_REG[0]$_DFF_P_/D
      850 |       7 |      62 |       36 |      4 |   153 |    +0.3% | -302.221 |   -20214.0 |    469 | io_out_REG[0]$_DFF_P_/D
      850 |       7 |      62 |       36 |      4 |   153 |    +0.3% | -302.221 |   -20214.0 |    469 | io_out_REG[0]$_DFF_P_/D
      851 |       7 |      62 |       36 |      4 |   153 |    +0.3% | -302.221 |   -20214.0 |    469 | io_out_REG[0]$_DFF_P_/D
      854 |       7 |      62 |       36 |      4 |   153 |    +0.3% | -302.221 |   -20214.0 |    469 | io_out_REG[0]$_DFF_P_/D
      855 |       7 |      62 |       36 |      4 |   153 |    +0.3% | -302.221 |   -20214.0 |    469 | io_out_REG[0]$_DFF_P_/D
      858 |       7 |      64 |       36 |      4 |   153 |    +0.3% | -302.221 |   -20211.8 |    469 | io_out_REG[0]$_DFF_P_/D
      859 |       7 |      64 |       36 |      4 |   153 |    +0.3% | -302.221 |   -20211.8 |    469 | io_out_REG[0]$_DFF_P_/D
      860 |       7 |      64 |       36 |      4 |   153 |    +0.3% | -302.221 |   -20211.8 |    469 | io_out_REG[0]$_DFF_P_/D
      860 |       7 |      64 |       36 |      4 |   153 |    +0.3% | -302.221 |   -20211.8 |    469 | io_out_REG[0]$_DFF_P_/D
      861 |       7 |      64 |       36 |      4 |   153 |    +0.3% | -302.221 |   -20211.8 |    469 | io_out_REG[0]$_DFF_P_/D
      862 |       7 |      64 |       36 |      4 |   153 |    +0.3% | -302.221 |   -20211.8 |    469 | io_out_REG[0]$_DFF_P_/D
      869 |       7 |      64 |       36 |      4 |   158 |    +0.3% | -302.221 |   -20204.4 |    469 | io_out_REG[0]$_DFF_P_/D
      870 |       7 |      64 |       36 |      4 |   158 |    +0.3% | -302.221 |   -20204.4 |    469 | io_out_REG[0]$_DFF_P_/D
      876 |       7 |      64 |       36 |      4 |   158 |    +0.3% | -302.221 |   -20204.4 |    469 | io_out_REG[0]$_DFF_P_/D
      880 |       7 |      64 |       36 |      4 |   161 |    +0.3% | -302.221 |   -20208.5 |    469 | io_out_REG[0]$_DFF_P_/D
      883 |       7 |      64 |       36 |      4 |   159 |    +0.3% | -302.221 |   -20201.1 |    469 | io_out_REG[0]$_DFF_P_/D
      890 |       7 |      64 |       36 |      4 |   165 |    +0.3% | -302.221 |   -20212.5 |    469 | io_out_REG[0]$_DFF_P_/D
      890 |       7 |      64 |       36 |      4 |   159 |    +0.3% | -302.221 |   -20201.1 |    469 | io_out_REG[0]$_DFF_P_/D
      892 |       7 |      64 |       36 |      4 |   160 |    +0.3% | -302.221 |   -20198.4 |    469 | io_out_REG[0]$_DFF_P_/D
      899 |       7 |      64 |       36 |      4 |   166 |    +0.3% | -302.221 |   -20194.9 |    469 | io_out_REG[0]$_DFF_P_/D
      900 |       7 |      64 |       36 |      4 |   166 |    +0.3% | -302.221 |   -20194.9 |    469 | io_out_REG[0]$_DFF_P_/D
      906 |       7 |      64 |       36 |      4 |   166 |    +0.3% | -302.221 |   -20194.9 |    469 | io_out_REG[0]$_DFF_P_/D
      910 |       7 |      64 |       36 |      4 |   169 |    +0.3% | -302.221 |   -20207.2 |    469 | io_out_REG[0]$_DFF_P_/D
      913 |       7 |      64 |       36 |      4 |   166 |    +0.3% | -302.221 |   -20194.9 |    469 | io_out_REG[0]$_DFF_P_/D
      920 |       7 |      64 |       36 |      4 |   172 |    +0.3% | -302.221 |   -20207.9 |    469 | io_out_REG[0]$_DFF_P_/D
      920 |       7 |      64 |       36 |      4 |   166 |    +0.3% | -302.221 |   -20194.9 |    469 | io_out_REG[0]$_DFF_P_/D
      921 |       7 |      64 |       36 |      4 |   166 |    +0.3% | -302.221 |   -20194.9 |    469 | io_out_REG[0]$_DFF_P_/D
      928 |       7 |      64 |       36 |      4 |   166 |    +0.3% | -302.221 |   -20194.9 |    469 | io_out_REG[0]$_DFF_P_/D
      930 |       7 |      65 |       36 |      4 |   166 |    +0.3% | -302.221 |   -19742.9 |    469 | io_out_REG[0]$_DFF_P_/D
      940 |       7 |      71 |       39 |      5 |   167 |    +0.4% | -302.221 |   -19052.6 |    469 | io_out_REG[0]$_DFF_P_/D
      941 |       7 |      71 |       39 |      5 |   168 |    +0.4% | -302.221 |   -19042.8 |    467 | io_out_REG[0]$_DFF_P_/D
      942 |       7 |      71 |       39 |      5 |   168 |    +0.4% | -302.221 |   -19042.8 |    466 | io_out_REG[0]$_DFF_P_/D
      943 |       7 |      71 |       39 |      5 |   168 |    +0.4% | -302.221 |   -19042.8 |    465 | io_out_REG[0]$_DFF_P_/D
      944 |       7 |      71 |       39 |      5 |   168 |    +0.4% | -302.221 |   -19042.8 |    464 | io_out_REG[0]$_DFF_P_/D
      945 |       7 |      71 |       39 |      5 |   168 |    +0.4% | -302.221 |   -19042.8 |    463 | io_out_REG[0]$_DFF_P_/D
      946 |       7 |      71 |       39 |      5 |   168 |    +0.4% | -302.221 |   -19042.8 |    462 | io_out_REG[0]$_DFF_P_/D
      947 |       7 |      71 |       39 |      5 |   168 |    +0.4% | -302.221 |   -19042.8 |    461 | io_out_REG[0]$_DFF_P_/D
      948 |       7 |      71 |       39 |      5 |   168 |    +0.4% | -302.221 |   -19042.8 |    460 | io_out_REG[0]$_DFF_P_/D
      949 |       7 |      71 |       39 |      5 |   168 |    +0.4% | -302.221 |   -19042.8 |    460 | io_out_REG[0]$_DFF_P_/D
      950 |       7 |      71 |       39 |      5 |   168 |    +0.4% | -302.221 |   -19042.8 |    460 | io_out_REG[0]$_DFF_P_/D
      950 |       7 |      71 |       39 |      5 |   168 |    +0.4% | -302.221 |   -19042.8 |    459 | io_out_REG[0]$_DFF_P_/D
      951 |       7 |      71 |       39 |      5 |   168 |    +0.4% | -302.221 |   -19042.8 |    458 | io_out_REG[0]$_DFF_P_/D
      952 |       7 |      71 |       39 |      5 |   168 |    +0.4% | -302.221 |   -19042.8 |    457 | io_out_REG[0]$_DFF_P_/D
      953 |       7 |      71 |       39 |      5 |   168 |    +0.4% | -302.221 |   -19042.8 |    456 | io_out_REG[0]$_DFF_P_/D
      954 |       7 |      71 |       39 |      5 |   168 |    +0.4% | -302.221 |   -19042.8 |    455 | io_out_REG[0]$_DFF_P_/D
      955 |       7 |      71 |       39 |      5 |   168 |    +0.4% | -302.221 |   -19042.8 |    455 | io_out_REG[0]$_DFF_P_/D
      960 |       7 |      71 |       39 |      5 |   172 |    +0.4% | -302.221 |   -19056.1 |    455 | io_out_REG[0]$_DFF_P_/D
      962 |       7 |      71 |       39 |      5 |   168 |    +0.4% | -302.221 |   -19042.8 |    455 | io_out_REG[0]$_DFF_P_/D
      963 |       7 |      71 |       39 |      5 |   168 |    +0.4% | -302.221 |   -19042.8 |    454 | io_out_REG[0]$_DFF_P_/D
      964 |       7 |      71 |       39 |      5 |   168 |    +0.4% | -302.221 |   -19042.8 |    453 | io_out_REG[0]$_DFF_P_/D
      968 |       7 |      71 |       39 |      5 |   168 |    +0.4% | -302.221 |   -19042.8 |    453 | io_out_REG[0]$_DFF_P_/D
      969 |       7 |      71 |       39 |      5 |   168 |    +0.4% | -302.221 |   -19042.8 |    452 | io_out_REG[0]$_DFF_P_/D
      970 |       7 |      71 |       39 |      5 |   168 |    +0.4% | -302.221 |   -19042.8 |    452 | io_out_REG[0]$_DFF_P_/D
      970 |       7 |      71 |       39 |      5 |   168 |    +0.4% | -302.221 |   -19042.8 |    451 | io_out_REG[0]$_DFF_P_/D
      971 |       7 |      71 |       39 |      5 |   168 |    +0.4% | -302.221 |   -19042.8 |    450 | io_out_REG[0]$_DFF_P_/D
      972 |       7 |      71 |       39 |      5 |   168 |    +0.4% | -302.221 |   -19042.8 |    449 | io_out_REG[0]$_DFF_P_/D
      973 |       7 |      71 |       39 |      5 |   168 |    +0.4% | -302.221 |   -19042.8 |    449 | io_out_REG[0]$_DFF_P_/D
      974 |       7 |      71 |       39 |      5 |   168 |    +0.4% | -302.221 |   -19042.8 |    448 | io_out_REG[0]$_DFF_P_/D
      980 |       7 |      71 |       39 |      5 |   173 |    +0.4% | -302.221 |   -19042.1 |    448 | io_out_REG[0]$_DFF_P_/D
      980 |       7 |      71 |       39 |      5 |   172 |    +0.4% | -302.221 |   -19041.6 |    448 | io_out_REG[0]$_DFF_P_/D
      986 |       7 |      71 |       39 |      5 |   173 |    +0.4% | -302.221 |   -19042.5 |    448 | io_out_REG[0]$_DFF_P_/D
      987 |       7 |      71 |       39 |      5 |   173 |    +0.4% | -302.221 |   -19042.5 |    448 | io_out_REG[0]$_DFF_P_/D
      988 |       7 |      71 |       39 |      5 |   173 |    +0.4% | -302.221 |   -19042.5 |    448 | io_out_REG[0]$_DFF_P_/D
      989 |       7 |      71 |       39 |      5 |   173 |    +0.4% | -302.221 |   -19042.5 |    447 | io_out_REG[0]$_DFF_P_/D
      990 |       7 |      71 |       39 |      5 |   173 |    +0.4% | -302.221 |   -19042.5 |    447 | io_out_REG[0]$_DFF_P_/D
      990 |       7 |      71 |       39 |      5 |   173 |    +0.4% | -302.221 |   -19042.5 |    447 | io_out_REG[0]$_DFF_P_/D
      995 |       7 |      73 |       41 |      5 |   174 |    +0.4% | -302.221 |   -18614.9 |    445 | io_out_REG[0]$_DFF_P_/D
      996 |       7 |      73 |       41 |      5 |   174 |    +0.4% | -302.221 |   -18614.9 |    445 | io_out_REG[0]$_DFF_P_/D
      997 |       7 |      73 |       41 |      5 |   174 |    +0.4% | -302.221 |   -18614.9 |    444 | io_out_REG[0]$_DFF_P_/D
      998 |       7 |      73 |       41 |      5 |   174 |    +0.4% | -302.221 |   -18614.9 |    443 | io_out_REG[0]$_DFF_P_/D
      999 |       7 |      73 |       41 |      5 |   174 |    +0.4% | -302.221 |   -18614.9 |    442 | io_out_REG[0]$_DFF_P_/D
     1000 |       7 |      73 |       41 |      5 |   174 |    +0.4% | -302.221 |   -18614.9 |    442 | io_out_REG[0]$_DFF_P_/D
     1000 |       7 |      73 |       41 |      5 |   174 |    +0.4% | -302.221 |   -18614.9 |    441 | io_out_REG[0]$_DFF_P_/D
     1001 |       7 |      73 |       41 |      5 |   174 |    +0.4% | -302.221 |   -18614.9 |    440 | io_out_REG[0]$_DFF_P_/D
     1002 |       7 |      73 |       41 |      5 |   174 |    +0.4% | -302.221 |   -18614.9 |    440 | io_out_REG[0]$_DFF_P_/D
     1003 |       7 |      73 |       41 |      5 |   174 |    +0.4% | -302.221 |   -18614.9 |    439 | io_out_REG[0]$_DFF_P_/D
     1004 |       7 |      73 |       41 |      5 |   174 |    +0.4% | -302.221 |   -18614.9 |    438 | io_out_REG[0]$_DFF_P_/D
     1005 |       7 |      73 |       41 |      5 |   174 |    +0.4% | -302.221 |   -18614.9 |    437 | io_out_REG[0]$_DFF_P_/D
     1006 |       7 |      73 |       41 |      5 |   174 |    +0.4% | -302.221 |   -18614.9 |    436 | io_out_REG[0]$_DFF_P_/D
     1007 |       7 |      73 |       41 |      5 |   174 |    +0.4% | -302.221 |   -18614.9 |    435 | io_out_REG[0]$_DFF_P_/D
     1008 |       7 |      73 |       41 |      5 |   174 |    +0.4% | -302.221 |   -18614.9 |    434 | io_out_REG[0]$_DFF_P_/D
     1010 |       7 |      74 |       41 |      5 |   174 |    +0.4% | -302.221 |   -18769.5 |    434 | io_out_REG[0]$_DFF_P_/D
     1020 |       7 |      81 |       42 |      6 |   175 |    +0.4% | -302.221 |   -18492.9 |    433 | io_out_REG[0]$_DFF_P_/D
     1020 |       7 |      81 |       42 |      6 |   175 |    +0.4% | -302.221 |   -18492.9 |    432 | io_out_REG[0]$_DFF_P_/D
     1030 |       7 |      83 |       46 |      8 |   176 |    +0.4% | -302.221 |   -18179.6 |    432 | io_out_REG[0]$_DFF_P_/D
     1039 |       7 |      90 |       52 |      8 |   176 |    +0.5% | -302.221 |   -17742.2 |    430 | io_out_REG[0]$_DFF_P_/D
     1040 |       7 |      90 |       52 |      8 |   176 |    +0.5% | -302.221 |   -17742.2 |    430 | io_out_REG[0]$_DFF_P_/D
     1040 |       7 |      90 |       52 |      8 |   176 |    +0.5% | -302.221 |   -17742.2 |    429 | io_out_REG[0]$_DFF_P_/D
     1041 |       7 |      90 |       52 |      8 |   176 |    +0.5% | -302.221 |   -17742.2 |    428 | io_out_REG[0]$_DFF_P_/D
     1042 |       7 |      90 |       52 |      8 |   176 |    +0.5% | -302.221 |   -17742.2 |    427 | io_out_REG[0]$_DFF_P_/D
     1043 |       7 |      90 |       52 |      8 |   176 |    +0.5% | -302.221 |   -17742.2 |    426 | io_out_REG[0]$_DFF_P_/D
     1044 |       7 |      90 |       52 |      8 |   176 |    +0.5% | -302.221 |   -17742.2 |    425 | io_out_REG[0]$_DFF_P_/D
     1045 |       7 |      90 |       52 |      8 |   176 |    +0.5% | -302.221 |   -17742.2 |    424 | io_out_REG[0]$_DFF_P_/D
     1046 |       7 |      90 |       52 |      8 |   176 |    +0.5% | -302.221 |   -17742.2 |    423 | io_out_REG[0]$_DFF_P_/D
     1047 |       7 |      90 |       52 |      8 |   176 |    +0.5% | -302.221 |   -17742.2 |    422 | io_out_REG[0]$_DFF_P_/D
     1048 |       7 |      90 |       52 |      8 |   176 |    +0.5% | -302.221 |   -17742.2 |    421 | io_out_REG[0]$_DFF_P_/D
     1050 |       7 |      91 |       52 |      8 |   176 |    +0.5% | -302.221 |   -17604.2 |    421 | io_out_REG[0]$_DFF_P_/D
     1054 |       7 |      94 |       52 |      9 |   176 |    +0.5% | -302.221 |   -17536.3 |    419 | io_out_REG[0]$_DFF_P_/D
     1055 |       7 |      94 |       52 |      9 |   176 |    +0.5% | -302.221 |   -17536.3 |    418 | io_out_REG[0]$_DFF_P_/D
     1056 |       7 |      94 |       52 |      9 |   176 |    +0.5% | -302.221 |   -17536.3 |    417 | io_out_REG[0]$_DFF_P_/D
     1057 |       7 |      94 |       52 |      9 |   176 |    +0.5% | -302.221 |   -17536.3 |    416 | io_out_REG[0]$_DFF_P_/D
     1058 |       7 |      94 |       52 |      9 |   176 |    +0.5% | -302.221 |   -17536.3 |    415 | io_out_REG[0]$_DFF_P_/D
     1059 |       7 |      94 |       52 |      9 |   176 |    +0.5% | -302.221 |   -17536.3 |    414 | io_out_REG[0]$_DFF_P_/D
     1060 |       7 |      94 |       52 |      9 |   176 |    +0.5% | -302.221 |   -17536.3 |    414 | io_out_REG[0]$_DFF_P_/D
     1060 |       7 |      94 |       52 |      9 |   176 |    +0.5% | -302.221 |   -17536.3 |    413 | io_out_REG[0]$_DFF_P_/D
     1061 |       7 |      94 |       52 |      9 |   176 |    +0.5% | -302.221 |   -17536.3 |    413 | io_out_REG[0]$_DFF_P_/D
     1062 |       7 |      94 |       52 |      9 |   176 |    +0.5% | -302.221 |   -17536.3 |    412 | io_out_REG[0]$_DFF_P_/D
     1063 |       7 |      94 |       52 |      9 |   176 |    +0.5% | -302.221 |   -17536.3 |    411 | io_out_REG[0]$_DFF_P_/D
     1064 |       7 |      94 |       52 |      9 |   176 |    +0.5% | -302.221 |   -17536.3 |    410 | io_out_REG[0]$_DFF_P_/D
     1065 |       7 |      94 |       52 |      9 |   176 |    +0.5% | -302.221 |   -17536.3 |    409 | io_out_REG[0]$_DFF_P_/D
     1066 |       7 |      94 |       52 |      9 |   176 |    +0.5% | -302.221 |   -17536.3 |    408 | io_out_REG[0]$_DFF_P_/D
     1067 |       7 |      94 |       52 |      9 |   176 |    +0.5% | -302.221 |   -17536.3 |    407 | io_out_REG[0]$_DFF_P_/D
     1068 |       7 |      94 |       52 |      9 |   176 |    +0.5% | -302.221 |   -17536.3 |    406 | io_out_REG[0]$_DFF_P_/D
     1069 |       7 |      94 |       52 |      9 |   176 |    +0.5% | -302.221 |   -17536.3 |    405 | io_out_REG[0]$_DFF_P_/D
     1070 |       7 |      94 |       52 |      9 |   176 |    +0.5% | -302.221 |   -17536.3 |    405 | io_out_REG[0]$_DFF_P_/D
     1070 |       7 |      94 |       52 |      9 |   176 |    +0.5% | -302.221 |   -17536.3 |    405 | io_out_REG[0]$_DFF_P_/D
     1080 |       7 |     101 |       53 |     10 |   176 |    +0.6% | -302.221 |   -16965.8 |    405 | io_out_REG[0]$_DFF_P_/D
     1082 |       7 |     103 |       53 |     10 |   176 |    +0.6% | -302.221 |   -16832.1 |    403 | io_out_REG[0]$_DFF_P_/D
     1083 |       7 |     103 |       53 |     10 |   176 |    +0.6% | -302.221 |   -16832.1 |    402 | io_out_REG[0]$_DFF_P_/D
     1084 |       7 |     103 |       53 |     10 |   176 |    +0.6% | -302.221 |   -16832.1 |    401 | io_out_REG[0]$_DFF_P_/D
     1085 |       7 |     103 |       53 |     10 |   176 |    +0.6% | -302.221 |   -16832.1 |    400 | io_out_REG[0]$_DFF_P_/D
     1086 |       7 |     103 |       53 |     10 |   176 |    +0.6% | -302.221 |   -16832.1 |    399 | io_out_REG[0]$_DFF_P_/D
     1090 |       7 |     105 |       54 |     10 |   176 |    +0.6% | -302.221 |   -16697.5 |    398 | io_out_REG[0]$_DFF_P_/D
     1090 |       7 |     105 |       54 |     10 |   176 |    +0.6% | -302.221 |   -16697.5 |    397 | io_out_REG[0]$_DFF_P_/D
     1091 |       7 |     105 |       54 |     10 |   176 |    +0.6% | -302.221 |   -16697.5 |    396 | io_out_REG[0]$_DFF_P_/D
     1092 |       7 |     105 |       54 |     10 |   176 |    +0.6% | -302.221 |   -16697.5 |    395 | io_out_REG[0]$_DFF_P_/D
     1094 |       7 |     106 |       54 |     10 |   176 |    +0.6% | -302.221 |   -16694.4 |    393 | io_out_REG[0]$_DFF_P_/D
     1095 |       7 |     106 |       54 |     10 |   176 |    +0.6% | -302.221 |   -16694.4 |    392 | io_out_REG[0]$_DFF_P_/D
     1096 |       7 |     106 |       54 |     10 |   176 |    +0.6% | -302.221 |   -16694.4 |    391 | io_out_REG[0]$_DFF_P_/D
     1097 |       7 |     106 |       54 |     10 |   176 |    +0.6% | -302.221 |   -16694.4 |    390 | io_out_REG[0]$_DFF_P_/D
     1098 |       7 |     106 |       54 |     10 |   176 |    +0.6% | -302.221 |   -16694.4 |    389 | io_out_REG[0]$_DFF_P_/D
     1099 |       7 |     106 |       54 |     10 |   176 |    +0.6% | -302.221 |   -16694.4 |    388 | io_out_REG[0]$_DFF_P_/D
     1100 |       7 |     106 |       54 |     10 |   176 |    +0.6% | -302.221 |   -16694.4 |    388 | io_out_REG[0]$_DFF_P_/D
     1100 |       7 |     106 |       54 |     10 |   176 |    +0.6% | -302.221 |   -16694.4 |    387 | io_out_REG[0]$_DFF_P_/D
     1101 |       7 |     106 |       54 |     10 |   176 |    +0.6% | -302.221 |   -16694.4 |    386 | io_out_REG[0]$_DFF_P_/D
     1102 |       7 |     106 |       54 |     10 |   176 |    +0.6% | -302.221 |   -16694.4 |    385 | io_out_REG[0]$_DFF_P_/D
     1103 |       7 |     106 |       54 |     10 |   176 |    +0.6% | -302.221 |   -16694.4 |    384 | io_out_REG[0]$_DFF_P_/D
     1105 |       7 |     107 |       54 |     10 |   176 |    +0.6% | -302.221 |   -16695.5 |    382 | io_out_REG[0]$_DFF_P_/D
     1106 |       7 |     107 |       54 |     10 |   176 |    +0.6% | -302.221 |   -16695.5 |    381 | io_out_REG[0]$_DFF_P_/D
     1107 |       7 |     107 |       54 |     10 |   176 |    +0.6% | -302.221 |   -16695.5 |    380 | io_out_REG[0]$_DFF_P_/D
     1110 |       7 |     109 |       54 |     10 |   176 |    +0.6% | -302.221 |   -16683.9 |    379 | io_out_REG[0]$_DFF_P_/D
     1110 |       7 |     109 |       54 |     10 |   176 |    +0.6% | -302.221 |   -16683.9 |    378 | io_out_REG[0]$_DFF_P_/D
     1112 |       7 |     110 |       54 |     10 |   176 |    +0.6% | -302.221 |   -16683.2 |    376 | io_out_REG[0]$_DFF_P_/D
     1113 |       7 |     110 |       54 |     10 |   176 |    +0.6% | -302.221 |   -16683.2 |    375 | io_out_REG[0]$_DFF_P_/D
     1120 |       7 |     113 |       55 |     11 |   177 |    +0.6% | -302.221 |   -16553.3 |    374 | io_out_REG[0]$_DFF_P_/D
     1120 |       7 |     113 |       55 |     11 |   177 |    +0.6% | -302.221 |   -16553.3 |    373 | io_out_REG[0]$_DFF_P_/D
     1125 |       7 |     117 |       55 |     11 |   177 |    +0.6% | -302.221 |   -16478.3 |    371 | io_out_REG[0]$_DFF_P_/D
     1126 |       7 |     117 |       55 |     11 |   177 |    +0.6% | -302.221 |   -16478.3 |    370 | io_out_REG[0]$_DFF_P_/D
     1130 |       7 |     118 |       56 |     11 |   178 |    +0.6% | -302.221 |   -16394.5 |    370 | io_out_REG[0]$_DFF_P_/D
     1131 |       7 |     118 |       56 |     12 |   178 |    +0.6% | -302.221 |   -16372.5 |    368 | io_out_REG[0]$_DFF_P_/D
     1132 |       7 |     118 |       56 |     12 |   178 |    +0.6% | -302.221 |   -16372.5 |    367 | io_out_REG[0]$_DFF_P_/D
     1133 |       7 |     118 |       56 |     12 |   178 |    +0.6% | -302.221 |   -16372.5 |    366 | io_out_REG[0]$_DFF_P_/D
     1134 |       7 |     118 |       56 |     12 |   178 |    +0.6% | -302.221 |   -16372.5 |    365 | io_out_REG[0]$_DFF_P_/D
     1135 |       7 |     118 |       56 |     12 |   178 |    +0.6% | -302.221 |   -16372.5 |    364 | io_out_REG[0]$_DFF_P_/D
     1137 |       7 |     119 |       56 |     12 |   178 |    +0.6% | -302.221 |   -16338.0 |    362 | io_out_REG[0]$_DFF_P_/D
     1138 |       7 |     119 |       56 |     12 |   178 |    +0.6% | -302.221 |   -16338.0 |    361 | io_out_REG[0]$_DFF_P_/D
     1139 |       7 |     119 |       56 |     12 |   178 |    +0.6% | -302.221 |   -16338.0 |    360 | io_out_REG[0]$_DFF_P_/D
     1140 |       7 |     119 |       56 |     12 |   178 |    +0.6% | -302.221 |   -16338.0 |    360 | io_out_REG[0]$_DFF_P_/D
     1141 |       7 |     120 |       56 |     12 |   178 |    +0.6% | -302.221 |   -16338.1 |    358 | io_out_REG[0]$_DFF_P_/D
     1142 |       7 |     120 |       56 |     12 |   178 |    +0.6% | -302.221 |   -16338.1 |    357 | io_out_REG[0]$_DFF_P_/D
     1143 |       7 |     120 |       56 |     12 |   178 |    +0.6% | -302.221 |   -16338.1 |    356 | io_out_REG[0]$_DFF_P_/D
     1144 |       7 |     120 |       56 |     12 |   178 |    +0.6% | -302.221 |   -16338.1 |    355 | io_out_REG[0]$_DFF_P_/D
     1145 |       7 |     120 |       56 |     12 |   178 |    +0.6% | -302.221 |   -16338.1 |    354 | io_out_REG[0]$_DFF_P_/D
     1147 |       7 |     121 |       56 |     12 |   178 |    +0.6% | -302.221 |   -16338.2 |    352 | io_out_REG[0]$_DFF_P_/D
     1149 |       7 |     122 |       56 |     12 |   178 |    +0.6% | -302.221 |   -16338.0 |    350 | io_out_REG[0]$_DFF_P_/D
     1150 |       7 |     122 |       56 |     12 |   178 |    +0.6% | -302.221 |   -16338.0 |    350 | io_out_REG[0]$_DFF_P_/D
     1151 |       7 |     123 |       56 |     12 |   178 |    +0.6% | -302.221 |   -16337.2 |    348 | io_out_REG[0]$_DFF_P_/D
     1152 |       7 |     123 |       56 |     12 |   178 |    +0.6% | -302.221 |   -16337.2 |    347 | io_out_REG[0]$_DFF_P_/D
     1155 |       7 |     125 |       56 |     12 |   178 |    +0.6% | -302.221 |   -16336.4 |    345 | io_out_REG[0]$_DFF_P_/D
     1156 |       7 |     125 |       56 |     12 |   178 |    +0.6% | -302.221 |   -16336.4 |    344 | io_out_REG[0]$_DFF_P_/D
     1157 |       7 |     125 |       56 |     12 |   178 |    +0.6% | -302.221 |   -16336.4 |    343 | io_out_REG[0]$_DFF_P_/D
     1158 |       7 |     125 |       56 |     12 |   178 |    +0.6% | -302.221 |   -16336.4 |    342 | io_out_REG[0]$_DFF_P_/D
     1159 |       7 |     125 |       56 |     12 |   178 |    +0.6% | -302.221 |   -16336.4 |    341 | io_out_REG[0]$_DFF_P_/D
     1160 |       7 |     125 |       56 |     12 |   178 |    +0.6% | -302.221 |   -16336.4 |    341 | io_out_REG[0]$_DFF_P_/D
     1160 |       7 |     125 |       56 |     12 |   178 |    +0.6% | -302.221 |   -16336.4 |    340 | io_out_REG[0]$_DFF_P_/D
     1161 |       7 |     125 |       56 |     12 |   178 |    +0.6% | -302.221 |   -16336.4 |    339 | io_out_REG[0]$_DFF_P_/D
     1162 |       7 |     125 |       56 |     12 |   178 |    +0.6% | -302.221 |   -16336.4 |    338 | io_out_REG[0]$_DFF_P_/D
     1163 |       7 |     125 |       56 |     12 |   178 |    +0.6% | -302.221 |   -16336.4 |    337 | io_out_REG[0]$_DFF_P_/D
     1164 |       7 |     125 |       56 |     12 |   178 |    +0.6% | -302.221 |   -16336.4 |    336 | io_out_REG[0]$_DFF_P_/D
     1165 |       7 |     125 |       56 |     12 |   178 |    +0.6% | -302.221 |   -16336.4 |    335 | io_out_REG[0]$_DFF_P_/D
     1166 |       7 |     125 |       56 |     12 |   178 |    +0.6% | -302.221 |   -16336.4 |    334 | io_out_REG[0]$_DFF_P_/D
     1167 |       7 |     125 |       56 |     12 |   178 |    +0.6% | -302.221 |   -16336.4 |    333 | io_out_REG[0]$_DFF_P_/D
     1168 |       7 |     125 |       56 |     12 |   178 |    +0.6% | -302.221 |   -16336.4 |    332 | io_out_REG[0]$_DFF_P_/D
     1170 |       7 |     126 |       56 |     12 |   178 |    +0.6% | -302.221 |   -16336.1 |    331 | io_out_REG[0]$_DFF_P_/D
     1170 |       7 |     126 |       56 |     12 |   178 |    +0.6% | -302.221 |   -16336.1 |    330 | io_out_REG[0]$_DFF_P_/D
     1171 |       7 |     126 |       56 |     12 |   178 |    +0.6% | -302.221 |   -16336.1 |    329 | io_out_REG[0]$_DFF_P_/D
     1172 |       7 |     126 |       56 |     12 |   178 |    +0.6% | -302.221 |   -16336.1 |    328 | io_out_REG[0]$_DFF_P_/D
     1173 |       7 |     126 |       56 |     12 |   178 |    +0.6% | -302.221 |   -16336.1 |    327 | io_out_REG[0]$_DFF_P_/D
     1174 |       7 |     126 |       56 |     12 |   178 |    +0.6% | -302.221 |   -16336.1 |    326 | io_out_REG[0]$_DFF_P_/D
     1176 |       7 |     127 |       56 |     12 |   178 |    +0.6% | -302.221 |   -16317.9 |    324 | io_out_REG[0]$_DFF_P_/D
     1177 |       7 |     127 |       56 |     12 |   178 |    +0.6% | -302.221 |   -16317.9 |    323 | io_out_REG[0]$_DFF_P_/D
     1178 |       7 |     127 |       56 |     12 |   178 |    +0.6% | -302.221 |   -16317.9 |    322 | io_out_REG[0]$_DFF_P_/D
     1179 |       7 |     127 |       56 |     12 |   178 |    +0.6% | -302.221 |   -16317.9 |    321 | io_out_REG[0]$_DFF_P_/D
     1180 |       7 |     127 |       56 |     12 |   178 |    +0.6% | -302.221 |   -16317.9 |    321 | io_out_REG[0]$_DFF_P_/D
     1180 |       7 |     127 |       56 |     12 |   178 |    +0.6% | -302.221 |   -16317.9 |    320 | io_out_REG[0]$_DFF_P_/D
     1181 |       7 |     127 |       56 |     12 |   178 |    +0.6% | -302.221 |   -16317.9 |    319 | io_out_REG[0]$_DFF_P_/D
     1182 |       7 |     127 |       56 |     12 |   178 |    +0.6% | -302.221 |   -16317.9 |    318 | io_out_REG[0]$_DFF_P_/D
     1183 |       7 |     127 |       56 |     12 |   178 |    +0.6% | -302.221 |   -16317.9 |    317 | io_out_REG[0]$_DFF_P_/D
     1184 |       7 |     127 |       56 |     12 |   178 |    +0.6% | -302.221 |   -16317.9 |    316 | io_out_REG[0]$_DFF_P_/D
     1185 |       7 |     127 |       56 |     12 |   178 |    +0.6% | -302.221 |   -16317.9 |    315 | io_out_REG[0]$_DFF_P_/D
     1186 |       7 |     127 |       56 |     12 |   178 |    +0.6% | -302.221 |   -16317.9 |    314 | io_out_REG[0]$_DFF_P_/D
     1187 |       7 |     127 |       56 |     12 |   178 |    +0.6% | -302.221 |   -16317.9 |    313 | io_out_REG[0]$_DFF_P_/D
     1188 |       7 |     127 |       56 |     12 |   178 |    +0.6% | -302.221 |   -16317.9 |    312 | io_out_REG[0]$_DFF_P_/D
     1190 |       7 |     127 |       56 |     12 |   179 |    +0.6% | -302.221 |   -16320.7 |    312 | io_out_REG[0]$_DFF_P_/D
     1193 |       7 |     127 |       56 |     12 |   178 |    +0.6% | -302.221 |   -16317.9 |    312 | io_out_REG[0]$_DFF_P_/D
     1194 |       7 |     127 |       56 |     12 |   178 |    +0.6% | -302.221 |   -16317.9 |    311 | io_out_REG[0]$_DFF_P_/D
     1195 |       7 |     127 |       56 |     12 |   178 |    +0.6% | -302.221 |   -16317.9 |    310 | io_out_REG[0]$_DFF_P_/D
     1196 |       7 |     127 |       56 |     12 |   178 |    +0.6% | -302.221 |   -16317.9 |    309 | io_out_REG[0]$_DFF_P_/D
     1200 |       7 |     129 |       56 |     12 |   179 |    +0.6% | -302.221 |   -16344.5 |    309 | io_out_REG[0]$_DFF_P_/D
     1210 |       7 |     136 |       64 |     12 |   179 |    +0.7% | -302.221 |   -16923.3 |    309 | io_out_REG[0]$_DFF_P_/D
     1220 |       7 |     142 |       72 |     12 |   179 |    +0.8% | -302.221 |   -16393.6 |    309 | io_out_REG[0]$_DFF_P_/D
     1224 |       7 |     143 |       73 |     14 |   179 |    +0.8% | -302.221 |   -16300.4 |    307 | io_out_REG[0]$_DFF_P_/D
     1225 |       7 |     143 |       73 |     14 |   179 |    +0.8% | -302.221 |   -16300.4 |    306 | io_out_REG[0]$_DFF_P_/D
     1226 |       7 |     143 |       73 |     14 |   179 |    +0.8% | -302.221 |   -16300.4 |    305 | io_out_REG[0]$_DFF_P_/D
     1227 |       7 |     143 |       73 |     14 |   179 |    +0.8% | -302.221 |   -16300.4 |    304 | io_out_REG[0]$_DFF_P_/D
     1228 |       7 |     143 |       73 |     14 |   179 |    +0.8% | -302.221 |   -16300.4 |    303 | io_out_REG[0]$_DFF_P_/D
     1229 |       7 |     143 |       73 |     14 |   179 |    +0.8% | -302.221 |   -16300.4 |    302 | io_out_REG[0]$_DFF_P_/D
     1230 |       7 |     143 |       73 |     14 |   179 |    +0.8% | -302.221 |   -16300.4 |    302 | io_out_REG[0]$_DFF_P_/D
     1230 |       7 |     143 |       73 |     14 |   179 |    +0.8% | -302.221 |   -16300.4 |    301 | io_out_REG[0]$_DFF_P_/D
     1231 |       7 |     143 |       73 |     14 |   179 |    +0.8% | -302.221 |   -16300.4 |    300 | io_out_REG[0]$_DFF_P_/D
     1232 |       7 |     143 |       73 |     14 |   179 |    +0.8% | -302.221 |   -16300.4 |    299 | io_out_REG[0]$_DFF_P_/D
     1233 |       7 |     143 |       73 |     14 |   179 |    +0.8% | -302.221 |   -16300.4 |    298 | io_out_REG[0]$_DFF_P_/D
     1234 |       7 |     143 |       73 |     14 |   179 |    +0.8% | -302.221 |   -16300.4 |    297 | io_out_REG[0]$_DFF_P_/D
     1235 |       7 |     143 |       73 |     14 |   179 |    +0.8% | -302.221 |   -16300.4 |    296 | io_out_REG[0]$_DFF_P_/D
     1236 |       7 |     143 |       73 |     14 |   179 |    +0.8% | -302.221 |   -16300.4 |    295 | io_out_REG[0]$_DFF_P_/D
     1237 |       7 |     143 |       73 |     14 |   179 |    +0.8% | -302.221 |   -16300.4 |    294 | io_out_REG[0]$_DFF_P_/D
     1239 |       7 |     144 |       73 |     14 |   179 |    +0.8% | -302.221 |   -16300.7 |    292 | io_out_REG[0]$_DFF_P_/D
     1240 |       7 |     144 |       73 |     14 |   179 |    +0.8% | -302.221 |   -16300.7 |    292 | io_out_REG[0]$_DFF_P_/D
     1240 |       7 |     144 |       73 |     14 |   179 |    +0.8% | -302.221 |   -16300.7 |    291 | io_out_REG[0]$_DFF_P_/D
     1241 |       7 |     144 |       73 |     14 |   179 |    +0.8% | -302.221 |   -16300.7 |    290 | io_out_REG[0]$_DFF_P_/D
     1243 |       7 |     144 |       73 |     14 |   179 |    +0.8% | -302.221 |   -16300.7 |    290 | io_out_REG[0]$_DFF_P_/D
     1244 |       7 |     144 |       73 |     14 |   179 |    +0.8% | -302.221 |   -16300.7 |    289 | io_out_REG[0]$_DFF_P_/D
     1247 |       7 |     146 |       73 |     14 |   179 |    +0.8% | -302.221 |   -16233.6 |    287 | io_out_REG[0]$_DFF_P_/D
     1248 |       7 |     146 |       73 |     14 |   179 |    +0.8% | -302.221 |   -16233.6 |    286 | io_out_REG[0]$_DFF_P_/D
     1249 |       7 |     146 |       73 |     14 |   179 |    +0.8% | -302.221 |   -16233.6 |    285 | io_out_REG[0]$_DFF_P_/D
     1250 |       7 |     146 |       73 |     14 |   179 |    +0.8% | -302.221 |   -16233.6 |    285 | io_out_REG[0]$_DFF_P_/D
     1250 |       7 |     146 |       73 |     14 |   179 |    +0.8% | -302.221 |   -16233.6 |    284 | io_out_REG[0]$_DFF_P_/D
     1251 |       7 |     146 |       73 |     14 |   179 |    +0.8% | -302.221 |   -16233.6 |    283 | io_out_REG[0]$_DFF_P_/D
     1253 |       7 |     147 |       73 |     14 |   179 |    +0.8% | -302.221 |   -16233.1 |    281 | io_out_REG[0]$_DFF_P_/D
     1256 |       7 |     149 |       73 |     14 |   179 |    +0.8% | -302.221 |   -16072.7 |    279 | io_out_REG[0]$_DFF_P_/D
     1257 |       7 |     149 |       73 |     14 |   179 |    +0.8% | -302.221 |   -16072.7 |    278 | io_out_REG[0]$_DFF_P_/D
     1258 |       7 |     149 |       73 |     14 |   179 |    +0.8% | -302.221 |   -16072.7 |    277 | io_out_REG[0]$_DFF_P_/D
     1259 |       7 |     149 |       73 |     14 |   179 |    +0.8% | -302.221 |   -16072.7 |    276 | io_out_REG[0]$_DFF_P_/D
     1260 |       7 |     149 |       73 |     14 |   179 |    +0.8% | -302.221 |   -16072.7 |    276 | io_out_REG[0]$_DFF_P_/D
     1260 |       7 |     149 |       73 |     14 |   179 |    +0.8% | -302.221 |   -16072.7 |    275 | io_out_REG[0]$_DFF_P_/D
     1261 |       7 |     149 |       73 |     14 |   179 |    +0.8% | -302.221 |   -16072.7 |    274 | io_out_REG[0]$_DFF_P_/D
     1262 |       7 |     149 |       73 |     14 |   179 |    +0.8% | -302.221 |   -16072.7 |    273 | io_out_REG[0]$_DFF_P_/D
     1263 |       7 |     149 |       73 |     14 |   179 |    +0.8% | -302.221 |   -16072.7 |    272 | io_out_REG[0]$_DFF_P_/D
     1264 |       7 |     149 |       73 |     14 |   179 |    +0.8% | -302.221 |   -16072.7 |    271 | io_out_REG[0]$_DFF_P_/D
     1265 |       7 |     149 |       73 |     14 |   179 |    +0.8% | -302.221 |   -16072.7 |    270 | io_out_REG[0]$_DFF_P_/D
     1266 |       7 |     149 |       73 |     14 |   179 |    +0.8% | -302.221 |   -16072.7 |    269 | io_out_REG[0]$_DFF_P_/D
     1267 |       7 |     149 |       73 |     14 |   179 |    +0.8% | -302.221 |   -16072.7 |    268 | io_out_REG[0]$_DFF_P_/D
     1268 |       7 |     149 |       73 |     14 |   179 |    +0.8% | -302.221 |   -16072.7 |    267 | io_out_REG[0]$_DFF_P_/D
     1269 |       7 |     149 |       73 |     14 |   179 |    +0.8% | -302.221 |   -16072.7 |    266 | io_out_REG[0]$_DFF_P_/D
     1270 |       7 |     149 |       73 |     14 |   179 |    +0.8% | -302.221 |   -16072.7 |    266 | io_out_REG[0]$_DFF_P_/D
     1270 |       7 |     149 |       73 |     14 |   179 |    +0.8% | -302.221 |   -16072.7 |    265 | io_out_REG[0]$_DFF_P_/D
     1271 |       7 |     149 |       73 |     14 |   179 |    +0.8% | -302.221 |   -16072.7 |    264 | io_out_REG[0]$_DFF_P_/D
     1272 |       7 |     149 |       73 |     14 |   179 |    +0.8% | -302.221 |   -16072.7 |    263 | io_out_REG[0]$_DFF_P_/D
     1273 |       7 |     149 |       73 |     14 |   179 |    +0.8% | -302.221 |   -16072.7 |    262 | io_out_REG[0]$_DFF_P_/D
     1274 |       7 |     149 |       73 |     14 |   179 |    +0.8% | -302.221 |   -16072.7 |    261 | io_out_REG[0]$_DFF_P_/D
     1275 |       7 |     149 |       73 |     14 |   179 |    +0.8% | -302.221 |   -16072.7 |    260 | io_out_REG[0]$_DFF_P_/D
     1276 |       7 |     149 |       73 |     14 |   179 |    +0.8% | -302.221 |   -16072.7 |    259 | io_out_REG[0]$_DFF_P_/D
     1277 |       7 |     149 |       73 |     14 |   179 |    +0.8% | -302.221 |   -16072.7 |    258 | io_out_REG[0]$_DFF_P_/D
     1278 |       7 |     149 |       73 |     14 |   179 |    +0.8% | -302.221 |   -16072.7 |    257 | io_out_REG[0]$_DFF_P_/D
     1279 |       7 |     149 |       73 |     14 |   179 |    +0.8% | -302.221 |   -16072.7 |    256 | io_out_REG[0]$_DFF_P_/D
     1280 |       7 |     149 |       73 |     14 |   179 |    +0.8% | -302.221 |   -16072.7 |    256 | io_out_REG[0]$_DFF_P_/D
     1280 |       7 |     149 |       73 |     14 |   179 |    +0.8% | -302.221 |   -16072.7 |    255 | io_out_REG[0]$_DFF_P_/D
     1281 |       7 |     149 |       73 |     14 |   179 |    +0.8% | -302.221 |   -16072.7 |    254 | io_out_REG[0]$_DFF_P_/D
     1282 |       7 |     149 |       73 |     14 |   179 |    +0.8% | -302.221 |   -16072.7 |    253 | io_out_REG[0]$_DFF_P_/D
     1283 |       7 |     149 |       73 |     14 |   179 |    +0.8% | -302.221 |   -16072.7 |    252 | io_out_REG[0]$_DFF_P_/D
     1284 |       7 |     149 |       73 |     14 |   179 |    +0.8% | -302.221 |   -16072.7 |    251 | io_out_REG[0]$_DFF_P_/D
     1286 |       7 |     150 |       73 |     14 |   179 |    +0.8% | -302.221 |   -16072.4 |    249 | io_out_REG[0]$_DFF_P_/D
     1287 |       7 |     150 |       73 |     14 |   179 |    +0.8% | -302.221 |   -16072.4 |    248 | io_out_REG[0]$_DFF_P_/D
     1288 |       7 |     150 |       73 |     14 |   179 |    +0.8% | -302.221 |   -16072.4 |    247 | io_out_REG[0]$_DFF_P_/D
     1289 |       7 |     150 |       73 |     14 |   179 |    +0.8% | -302.221 |   -16072.4 |    246 | io_out_REG[0]$_DFF_P_/D
     1290 |       7 |     150 |       73 |     14 |   179 |    +0.8% | -302.221 |   -16072.4 |    246 | io_out_REG[0]$_DFF_P_/D
     1290 |       7 |     150 |       73 |     14 |   179 |    +0.8% | -302.221 |   -16072.4 |    245 | io_out_REG[0]$_DFF_P_/D
     1291 |       7 |     150 |       73 |     14 |   179 |    +0.8% | -302.221 |   -16072.4 |    244 | io_out_REG[0]$_DFF_P_/D
     1292 |       7 |     150 |       73 |     14 |   179 |    +0.8% | -302.221 |   -16072.4 |    243 | io_out_REG[0]$_DFF_P_/D
     1293 |       7 |     150 |       73 |     14 |   179 |    +0.8% | -302.221 |   -16072.4 |    242 | io_out_REG[0]$_DFF_P_/D
     1299 |       7 |     150 |       73 |     14 |   184 |    +0.8% | -302.221 |   -16071.0 |    242 | io_out_REG[0]$_DFF_P_/D
     1300 |       7 |     150 |       73 |     14 |   184 |    +0.8% | -302.221 |   -16071.0 |    242 | io_out_REG[0]$_DFF_P_/D
     1300 |       7 |     150 |       73 |     14 |   184 |    +0.8% | -302.221 |   -16071.0 |    241 | io_out_REG[0]$_DFF_P_/D
     1301 |       7 |     150 |       73 |     14 |   184 |    +0.8% | -302.221 |   -16071.0 |    240 | io_out_REG[0]$_DFF_P_/D
     1310 |       7 |     154 |       74 |     15 |   186 |    +0.8% | -302.221 |   -16980.5 |    240 | io_out_REG[0]$_DFF_P_/D
     1320 |       7 |     159 |       75 |     18 |   187 |    +0.8% | -302.221 |   -17065.9 |    240 | io_out_REG[0]$_DFF_P_/D
     1330 |       7 |     164 |       80 |     18 |   187 |    +0.9% | -302.221 |   -22476.1 |    240 | io_out_REG[0]$_DFF_P_/D
     1340 |       7 |     169 |       85 |     18 |   187 |    +0.9% | -302.221 |   -28726.5 |    240 | io_out_REG[0]$_DFF_P_/D
     1350 |       7 |     174 |       90 |     18 |   187 |    +1.0% | -302.221 |   -35300.3 |    240 | io_out_REG[0]$_DFF_P_/D
     1359 |       7 |     154 |       73 |     15 |   186 |    +0.8% | -302.221 |   -16374.1 |    240 | io_out_REG[0]$_DFF_P_/D
     1360 |       7 |     154 |       73 |     15 |   186 |    +0.8% | -302.221 |   -16374.1 |    240 | io_out_REG[0]$_DFF_P_/D
     1360 |       7 |     154 |       73 |     15 |   186 |    +0.8% | -302.221 |   -16374.1 |    239 | io_out_REG[0]$_DFF_P_/D
     1361 |       7 |     154 |       73 |     15 |   186 |    +0.8% | -302.221 |   -16374.1 |    238 | io_out_REG[0]$_DFF_P_/D
     1362 |       7 |     154 |       73 |     15 |   186 |    +0.8% | -302.221 |   -16374.1 |    237 | io_out_REG[0]$_DFF_P_/D
     1366 |       7 |     155 |       74 |     15 |   187 |    +0.8% | -302.221 |   -16370.6 |    235 | io_out_REG[0]$_DFF_P_/D
     1367 |       7 |     155 |       74 |     15 |   187 |    +0.8% | -302.221 |   -16370.6 |    234 | io_out_REG[0]$_DFF_P_/D
     1368 |       7 |     155 |       74 |     15 |   187 |    +0.8% | -302.221 |   -16370.6 |    233 | io_out_REG[0]$_DFF_P_/D
     1369 |       7 |     155 |       74 |     15 |   187 |    +0.8% | -302.221 |   -16370.6 |    232 | io_out_REG[0]$_DFF_P_/D
     1370 |       7 |     155 |       74 |     15 |   187 |    +0.8% | -302.221 |   -16370.6 |    232 | io_out_REG[0]$_DFF_P_/D
     1370 |       7 |     155 |       74 |     15 |   187 |    +0.8% | -302.221 |   -16370.6 |    231 | io_out_REG[0]$_DFF_P_/D
     1371 |       7 |     155 |       74 |     15 |   187 |    +0.8% | -302.221 |   -16370.6 |    230 | io_out_REG[0]$_DFF_P_/D
     1372 |       7 |     155 |       74 |     15 |   187 |    +0.8% | -302.221 |   -16370.6 |    229 | io_out_REG[0]$_DFF_P_/D
     1373 |       7 |     155 |       74 |     15 |   187 |    +0.8% | -302.221 |   -16370.6 |    228 | io_out_REG[0]$_DFF_P_/D
     1374 |       7 |     155 |       74 |     15 |   187 |    +0.8% | -302.221 |   -16370.6 |    227 | io_out_REG[0]$_DFF_P_/D
     1375 |       7 |     155 |       74 |     15 |   187 |    +0.8% | -302.221 |   -16370.6 |    226 | io_out_REG[0]$_DFF_P_/D
     1376 |       7 |     155 |       74 |     15 |   187 |    +0.8% | -302.221 |   -16370.6 |    225 | io_out_REG[0]$_DFF_P_/D
     1378 |       7 |     156 |       74 |     15 |   187 |    +0.8% | -302.221 |   -16369.4 |    223 | io_out_REG[0]$_DFF_P_/D
     1379 |       7 |     156 |       74 |     15 |   187 |    +0.8% | -302.221 |   -16369.4 |    222 | io_out_REG[0]$_DFF_P_/D
     1380 |       7 |     156 |       74 |     15 |   187 |    +0.8% | -302.221 |   -16369.4 |    222 | io_out_REG[0]$_DFF_P_/D
     1380 |       7 |     156 |       74 |     15 |   187 |    +0.8% | -302.221 |   -16369.4 |    221 | io_out_REG[0]$_DFF_P_/D
     1381 |       7 |     156 |       74 |     15 |   187 |    +0.8% | -302.221 |   -16369.4 |    220 | io_out_REG[0]$_DFF_P_/D
     1382 |       7 |     156 |       74 |     15 |   187 |    +0.8% | -302.221 |   -16369.4 |    219 | io_out_REG[0]$_DFF_P_/D
     1383 |       7 |     156 |       74 |     15 |   187 |    +0.8% | -302.221 |   -16369.4 |    218 | io_out_REG[0]$_DFF_P_/D
     1384 |       7 |     156 |       74 |     15 |   187 |    +0.8% | -302.221 |   -16369.4 |    217 | io_out_REG[0]$_DFF_P_/D
     1385 |       7 |     156 |       74 |     15 |   187 |    +0.8% | -302.221 |   -16369.4 |    216 | io_out_REG[0]$_DFF_P_/D
     1386 |       7 |     156 |       74 |     15 |   187 |    +0.8% | -302.221 |   -16369.4 |    215 | io_out_REG[0]$_DFF_P_/D
     1387 |       7 |     156 |       74 |     15 |   187 |    +0.8% | -302.221 |   -16369.4 |    214 | io_out_REG[0]$_DFF_P_/D
     1388 |       7 |     156 |       74 |     15 |   187 |    +0.8% | -302.221 |   -16369.4 |    213 | io_out_REG[0]$_DFF_P_/D
     1389 |       7 |     156 |       74 |     15 |   187 |    +0.8% | -302.221 |   -16369.4 |    212 | io_out_REG[0]$_DFF_P_/D
     1390 |       7 |     156 |       74 |     15 |   187 |    +0.8% | -302.221 |   -16369.4 |    212 | io_out_REG[0]$_DFF_P_/D
     1390 |       7 |     156 |       74 |     15 |   187 |    +0.8% | -302.221 |   -16369.4 |    211 | io_out_REG[0]$_DFF_P_/D
     1392 |       7 |     156 |       75 |     15 |   187 |    +0.8% | -302.221 |   -16363.5 |    209 | io_out_REG[0]$_DFF_P_/D
     1393 |       7 |     156 |       75 |     15 |   187 |    +0.8% | -302.221 |   -16363.5 |    208 | io_out_REG[0]$_DFF_P_/D
     1394 |       7 |     156 |       75 |     15 |   187 |    +0.8% | -302.221 |   -16363.5 |    207 | io_out_REG[0]$_DFF_P_/D
     1395 |       7 |     156 |       75 |     15 |   187 |    +0.8% | -302.221 |   -16363.5 |    206 | io_out_REG[0]$_DFF_P_/D
     1396 |       7 |     156 |       75 |     15 |   187 |    +0.8% | -302.221 |   -16363.5 |    205 | io_out_REG[0]$_DFF_P_/D
     1400 |       7 |     157 |       76 |     15 |   188 |    +0.8% | -302.221 |   -16970.8 |    205 | io_out_REG[0]$_DFF_P_/D
     1400 |       7 |     157 |       75 |     15 |   187 |    +0.8% | -302.221 |   -16364.7 |    205 | io_out_REG[0]$_DFF_P_/D
     1401 |       7 |     157 |       75 |     15 |   187 |    +0.8% | -302.221 |   -16364.7 |    204 | io_out_REG[0]$_DFF_P_/D
     1402 |       7 |     157 |       75 |     15 |   187 |    +0.8% | -302.221 |   -16364.7 |    203 | io_out_REG[0]$_DFF_P_/D
     1410 |       7 |     160 |       76 |     17 |   188 |    +0.8% | -302.221 |   -17185.9 |    203 | io_out_REG[0]$_DFF_P_/D
     1420 |       7 |     166 |       80 |     17 |   188 |    +0.9% | -302.221 |   -19699.2 |    203 | io_out_REG[0]$_DFF_P_/D
     1430 |       7 |     171 |       85 |     17 |   188 |    +0.9% | -302.221 |   -25868.7 |    203 | io_out_REG[0]$_DFF_P_/D
     1440 |       7 |     176 |       90 |     17 |   188 |    +1.0% | -302.221 |   -32246.0 |    203 | io_out_REG[0]$_DFF_P_/D
     1450 |       7 |     182 |       94 |     17 |   188 |    +1.0% | -302.221 |   -37457.1 |    203 | io_out_REG[0]$_DFF_P_/D
     1454 |       7 |     158 |       75 |     15 |   187 |    +0.8% | -302.221 |   -16366.3 |    203 | io_out_REG[0]$_DFF_P_/D
     1455 |       7 |     158 |       75 |     15 |   187 |    +0.8% | -302.221 |   -16366.3 |    202 | io_out_REG[0]$_DFF_P_/D
     1456 |       7 |     158 |       75 |     15 |   187 |    +0.8% | -302.221 |   -16366.3 |    201 | io_out_REG[0]$_DFF_P_/D
     1457 |       7 |     158 |       75 |     15 |   187 |    +0.8% | -302.221 |   -16366.3 |    200 | io_out_REG[0]$_DFF_P_/D
     1458 |       7 |     158 |       75 |     15 |   187 |    +0.8% | -302.221 |   -16366.3 |    199 | io_out_REG[0]$_DFF_P_/D
     1459 |       7 |     158 |       75 |     15 |   187 |    +0.8% | -302.221 |   -16366.3 |    198 | io_out_REG[0]$_DFF_P_/D
     1460 |       7 |     158 |       75 |     15 |   187 |    +0.8% | -302.221 |   -16366.3 |    198 | io_out_REG[0]$_DFF_P_/D
     1460 |       7 |     158 |       75 |     15 |   187 |    +0.8% | -302.221 |   -16366.3 |    197 | io_out_REG[0]$_DFF_P_/D
     1461 |       7 |     158 |       75 |     15 |   187 |    +0.8% | -302.221 |   -16366.3 |    196 | io_out_REG[0]$_DFF_P_/D
     1462 |       7 |     158 |       75 |     15 |   187 |    +0.8% | -302.221 |   -16366.3 |    195 | io_out_REG[0]$_DFF_P_/D
     1463 |       7 |     158 |       75 |     15 |   187 |    +0.8% | -302.221 |   -16366.3 |    194 | io_out_REG[0]$_DFF_P_/D
     1464 |       7 |     158 |       75 |     15 |   187 |    +0.8% | -302.221 |   -16366.3 |    193 | io_out_REG[0]$_DFF_P_/D
     1465 |       7 |     158 |       75 |     15 |   187 |    +0.8% | -302.221 |   -16366.3 |    192 | io_out_REG[0]$_DFF_P_/D
     1466 |       7 |     158 |       75 |     15 |   187 |    +0.8% | -302.221 |   -16366.3 |    191 | io_out_REG[0]$_DFF_P_/D
     1470 |       7 |     158 |       75 |     15 |   190 |    +0.8% | -302.221 |   -16368.2 |    191 | io_out_REG[0]$_DFF_P_/D
     1472 |       7 |     158 |       75 |     15 |   192 |    +0.8% | -302.221 |   -16365.2 |    191 | io_out_REG[0]$_DFF_P_/D
     1473 |       7 |     158 |       75 |     15 |   192 |    +0.8% | -302.221 |   -16365.2 |    190 | io_out_REG[0]$_DFF_P_/D
     1475 |       7 |     159 |       75 |     15 |   192 |    +0.8% | -302.221 |   -16349.7 |    188 | io_out_REG[0]$_DFF_P_/D
     1476 |       7 |     159 |       75 |     15 |   192 |    +0.8% | -302.221 |   -16349.7 |    187 | io_out_REG[0]$_DFF_P_/D
     1477 |       7 |     159 |       75 |     15 |   192 |    +0.8% | -302.221 |   -16349.7 |    186 | io_out_REG[0]$_DFF_P_/D
     1478 |       7 |     159 |       75 |     15 |   192 |    +0.8% | -302.221 |   -16349.7 |    185 | io_out_REG[0]$_DFF_P_/D
     1479 |       7 |     159 |       75 |     15 |   192 |    +0.8% | -302.221 |   -16349.7 |    184 | io_out_REG[0]$_DFF_P_/D
     1480 |       7 |     159 |       75 |     15 |   192 |    +0.8% | -302.221 |   -16349.7 |    184 | io_out_REG[0]$_DFF_P_/D
     1480 |       7 |     159 |       75 |     15 |   192 |    +0.8% | -302.221 |   -16349.7 |    183 | io_out_REG[0]$_DFF_P_/D
     1481 |       7 |     159 |       75 |     15 |   192 |    +0.8% | -302.221 |   -16349.7 |    182 | io_out_REG[0]$_DFF_P_/D
     1482 |       7 |     159 |       75 |     15 |   192 |    +0.8% | -302.221 |   -16349.7 |    181 | io_out_REG[0]$_DFF_P_/D
     1490 |       7 |     162 |       76 |     17 |   193 |    +0.8% | -302.221 |   -17167.7 |    181 | io_out_REG[0]$_DFF_P_/D
     1500 |       7 |     167 |       81 |     17 |   193 |    +0.9% | -302.221 |   -21341.6 |    181 | io_out_REG[0]$_DFF_P_/D
     1500 |       7 |     160 |       75 |     15 |   192 |    +0.8% | -302.221 |   -16352.3 |    181 | io_out_REG[0]$_DFF_P_/D
    1500* |       7 |     160 |       75 |     15 |   192 |    +0.8% | -302.221 |   -16352.3 |    209 | io_out_REG[0]$_DFF_P_/D
    1501* |       7 |     160 |       75 |     15 |   192 |    +0.8% | -302.221 |   -16352.3 |    209 | io_out_REG[0]$_DFF_P_/D
    1502* |       7 |     160 |       75 |     15 |   192 |    +0.8% | -302.221 |   -16352.3 |    209 | io_out_REG[0]$_DFF_P_/D
    1503* |       7 |     160 |       75 |     15 |   192 |    +0.8% | -302.221 |   -16352.3 |    209 | io_out_REG[0]$_DFF_P_/D
    1504* |       7 |     160 |       75 |     15 |   192 |    +0.8% | -302.221 |   -16352.3 |    209 | io_out_REG[0]$_DFF_P_/D
    1505* |       7 |     160 |       75 |     15 |   192 |    +0.8% | -302.221 |   -16352.3 |    209 | io_out_REG[0]$_DFF_P_/D
    1506* |       7 |     160 |       75 |     15 |   192 |    +0.8% | -302.221 |   -16352.3 |    209 | io_out_REG[0]$_DFF_P_/D
    1507* |       7 |     160 |       75 |     15 |   192 |    +0.8% | -302.221 |   -16352.3 |    209 | io_out_REG[0]$_DFF_P_/D
    1508* |       7 |     160 |       75 |     15 |   192 |    +0.8% | -302.221 |   -16352.3 |    209 | io_out_REG[0]$_DFF_P_/D
    1510* |       7 |     161 |       75 |     15 |   192 |    +0.8% | -302.221 |   -16350.4 |    209 | io_out_REG[0]$_DFF_P_/D
    1510* |       7 |     161 |       75 |     15 |   192 |    +0.8% | -302.221 |   -16350.4 |    209 | io_out_REG[0]$_DFF_P_/D
    1511* |       7 |     161 |       75 |     15 |   192 |    +0.8% | -302.221 |   -16350.4 |    209 | io_out_REG[0]$_DFF_P_/D
    1512* |       7 |     161 |       75 |     15 |   192 |    +0.8% | -302.221 |   -16350.4 |    209 | io_out_REG[0]$_DFF_P_/D
    1513* |       7 |     161 |       75 |     15 |   192 |    +0.8% | -302.221 |   -16350.4 |    209 | io_out_REG[0]$_DFF_P_/D
    1514* |       7 |     161 |       75 |     15 |   192 |    +0.8% | -302.221 |   -16350.4 |    209 | io_out_REG[0]$_DFF_P_/D
    1515* |       7 |     161 |       75 |     15 |   192 |    +0.8% | -302.221 |   -16350.4 |    209 | io_out_REG[0]$_DFF_P_/D
    1516* |       7 |     161 |       75 |     15 |   192 |    +0.8% | -302.221 |   -16350.4 |    209 | io_out_REG[0]$_DFF_P_/D
    1517* |       7 |     161 |       75 |     15 |   192 |    +0.8% | -302.221 |   -16350.4 |    209 | io_out_REG[0]$_DFF_P_/D
    1518* |       7 |     161 |       75 |     15 |   192 |    +0.8% | -302.221 |   -16350.4 |    209 | io_out_REG[0]$_DFF_P_/D
    1519* |       7 |     161 |       75 |     15 |   192 |    +0.8% | -302.221 |   -16350.4 |    209 | io_out_REG[0]$_DFF_P_/D
    1520* |       7 |     161 |       75 |     15 |   192 |    +0.8% | -302.221 |   -16350.4 |    209 | io_out_REG[0]$_DFF_P_/D
    1520* |       7 |     161 |       75 |     15 |   192 |    +0.8% | -302.221 |   -16350.4 |    209 | io_out_REG[0]$_DFF_P_/D
    1521* |       7 |     161 |       75 |     15 |   192 |    +0.8% | -302.221 |   -16350.4 |    209 | io_out_REG[0]$_DFF_P_/D
    1522* |       7 |     161 |       75 |     15 |   192 |    +0.8% | -302.221 |   -16350.4 |    209 | io_out_REG[0]$_DFF_P_/D
    1523* |       7 |     161 |       75 |     15 |   192 |    +0.8% | -302.221 |   -16350.4 |    209 | io_out_REG[0]$_DFF_P_/D
    1524* |       7 |     161 |       75 |     15 |   192 |    +0.8% | -302.221 |   -16350.4 |    209 | io_out_REG[0]$_DFF_P_/D
    1525* |       7 |     161 |       75 |     15 |   192 |    +0.8% | -302.221 |   -16350.4 |    209 | io_out_REG[0]$_DFF_P_/D
    1526* |       7 |     161 |       75 |     15 |   192 |    +0.8% | -302.221 |   -16350.4 |    209 | io_out_REG[0]$_DFF_P_/D
    1527* |       7 |     161 |       75 |     15 |   192 |    +0.8% | -302.221 |   -16350.4 |    209 | io_out_REG[0]$_DFF_P_/D
    1528* |       7 |     161 |       75 |     15 |   192 |    +0.8% | -302.221 |   -16350.4 |    209 | io_out_REG[0]$_DFF_P_/D
    1529* |       7 |     161 |       75 |     15 |   192 |    +0.8% | -302.221 |   -16350.4 |    209 | io_out_REG[0]$_DFF_P_/D
    1530* |       7 |     161 |       75 |     15 |   192 |    +0.8% | -302.221 |   -16350.4 |    209 | io_out_REG[0]$_DFF_P_/D
    1530* |       7 |     161 |       75 |     15 |   192 |    +0.8% | -302.221 |   -16350.4 |    209 | io_out_REG[0]$_DFF_P_/D
    1531* |       7 |     161 |       75 |     15 |   192 |    +0.8% | -302.221 |   -16350.4 |    209 | io_out_REG[0]$_DFF_P_/D
    1532* |       7 |     161 |       75 |     15 |   192 |    +0.8% | -302.221 |   -16350.4 |    209 | io_out_REG[0]$_DFF_P_/D
    1533* |       7 |     161 |       75 |     15 |   192 |    +0.8% | -302.221 |   -16350.4 |    209 | io_out_REG[0]$_DFF_P_/D
    1534* |       7 |     161 |       75 |     15 |   192 |    +0.8% | -302.221 |   -16350.4 |    209 | io_out_REG[0]$_DFF_P_/D
    1535* |       7 |     161 |       75 |     15 |   192 |    +0.8% | -302.221 |   -16350.4 |    209 | io_out_REG[0]$_DFF_P_/D
    1536* |       7 |     161 |       75 |     15 |   192 |    +0.8% | -302.221 |   -16350.4 |    209 | io_out_REG[0]$_DFF_P_/D
    1537* |       7 |     161 |       75 |     15 |   192 |    +0.8% | -302.221 |   -16350.4 |    209 | io_out_REG[0]$_DFF_P_/D
    1538* |       7 |     161 |       75 |     15 |   192 |    +0.8% | -302.221 |   -16350.4 |    209 | io_out_REG[0]$_DFF_P_/D
    1539* |       7 |     161 |       75 |     15 |   192 |    +0.8% | -302.221 |   -16350.4 |    209 | io_out_REG[0]$_DFF_P_/D
    1540* |       7 |     161 |       75 |     15 |   192 |    +0.8% | -302.221 |   -16350.4 |    209 | io_out_REG[0]$_DFF_P_/D
    1540* |       7 |     161 |       75 |     15 |   192 |    +0.8% | -302.221 |   -16350.4 |    209 | io_out_REG[0]$_DFF_P_/D
    1541* |       7 |     161 |       75 |     15 |   192 |    +0.8% | -302.221 |   -16350.4 |    209 | io_out_REG[0]$_DFF_P_/D
    1542* |       7 |     161 |       75 |     15 |   192 |    +0.8% | -302.221 |   -16350.4 |    209 | io_out_REG[0]$_DFF_P_/D
    1543* |       7 |     161 |       75 |     15 |   192 |    +0.8% | -302.221 |   -16350.4 |    209 | io_out_REG[0]$_DFF_P_/D
    1544* |       7 |     161 |       75 |     15 |   192 |    +0.8% | -302.221 |   -16350.4 |    209 | io_out_REG[0]$_DFF_P_/D
    1545* |       7 |     161 |       75 |     15 |   192 |    +0.8% | -302.221 |   -16350.4 |    209 | io_out_REG[0]$_DFF_P_/D
    1546* |       7 |     161 |       75 |     15 |   192 |    +0.8% | -302.221 |   -16350.4 |    209 | io_out_REG[0]$_DFF_P_/D
    1549* |       7 |     163 |       75 |     15 |   192 |    +0.8% | -302.221 |   -16349.3 |    209 | io_out_REG[0]$_DFF_P_/D
    1550* |       7 |     163 |       75 |     15 |   192 |    +0.8% | -302.221 |   -16349.3 |    209 | io_out_REG[0]$_DFF_P_/D
    1552* |       7 |     163 |       75 |     15 |   194 |    +0.8% | -302.221 |   -16348.5 |    209 | io_out_REG[0]$_DFF_P_/D
    1556* |       7 |     164 |       75 |     15 |   196 |    +0.8% | -302.221 |   -16346.3 |    209 | io_out_REG[0]$_DFF_P_/D
    1557* |       7 |     164 |       75 |     15 |   196 |    +0.8% | -302.221 |   -16346.3 |    209 | io_out_REG[0]$_DFF_P_/D
    1558* |       7 |     164 |       75 |     15 |   196 |    +0.8% | -302.221 |   -16346.3 |    209 | io_out_REG[0]$_DFF_P_/D
    1560* |       7 |     165 |       75 |     15 |   196 |    +0.8% | -302.221 |   -16346.0 |    209 | io_out_REG[0]$_DFF_P_/D
    1560* |       7 |     165 |       75 |     15 |   196 |    +0.8% | -302.221 |   -16346.0 |    209 | io_out_REG[0]$_DFF_P_/D
    1561* |       7 |     165 |       75 |     15 |   196 |    +0.8% | -302.221 |   -16346.0 |    209 | io_out_REG[0]$_DFF_P_/D
    1563* |       7 |     166 |       75 |     15 |   196 |    +0.8% | -302.221 |   -16344.8 |    209 | io_out_REG[0]$_DFF_P_/D
    1564* |       7 |     166 |       75 |     15 |   196 |    +0.8% | -302.221 |   -16344.8 |    209 | io_out_REG[0]$_DFF_P_/D
    1565* |       7 |     166 |       75 |     15 |   196 |    +0.8% | -302.221 |   -16344.8 |    209 | io_out_REG[0]$_DFF_P_/D
    1566* |       7 |     166 |       75 |     15 |   196 |    +0.8% | -302.221 |   -16344.8 |    209 | io_out_REG[0]$_DFF_P_/D
    1567* |       7 |     166 |       75 |     15 |   196 |    +0.8% | -302.221 |   -16344.8 |    209 | io_out_REG[0]$_DFF_P_/D
    1568* |       7 |     166 |       75 |     15 |   196 |    +0.8% | -302.221 |   -16344.8 |    209 | io_out_REG[0]$_DFF_P_/D
    1569* |       7 |     166 |       75 |     15 |   196 |    +0.8% | -302.221 |   -16344.8 |    209 | io_out_REG[0]$_DFF_P_/D
    1570* |       7 |     166 |       75 |     15 |   196 |    +0.8% | -302.221 |   -16344.8 |    209 | io_out_REG[0]$_DFF_P_/D
    1570* |       7 |     166 |       75 |     15 |   196 |    +0.8% | -302.221 |   -16344.8 |    209 | io_out_REG[0]$_DFF_P_/D
    1571* |       7 |     166 |       75 |     15 |   196 |    +0.8% | -302.221 |   -16344.8 |    209 | io_out_REG[0]$_DFF_P_/D
    1572* |       7 |     166 |       75 |     15 |   196 |    +0.8% | -302.221 |   -16344.8 |    209 | io_out_REG[0]$_DFF_P_/D
    1573* |       7 |     166 |       75 |     15 |   196 |    +0.8% | -302.221 |   -16344.8 |    209 | io_out_REG[0]$_DFF_P_/D
    1574* |       7 |     166 |       75 |     15 |   196 |    +0.8% | -302.221 |   -16344.8 |    209 | io_out_REG[0]$_DFF_P_/D
    1575* |       7 |     166 |       75 |     15 |   196 |    +0.8% | -302.221 |   -16344.8 |    209 | io_out_REG[0]$_DFF_P_/D
    1576* |       7 |     166 |       75 |     15 |   196 |    +0.8% | -302.221 |   -16344.8 |    209 | io_out_REG[0]$_DFF_P_/D
    1578* |       7 |     166 |       75 |     15 |   197 |    +0.8% | -302.221 |   -16344.2 |    209 | io_out_REG[0]$_DFF_P_/D
    1579* |       7 |     166 |       75 |     15 |   197 |    +0.8% | -302.221 |   -16344.2 |    209 | io_out_REG[0]$_DFF_P_/D
    1580* |       7 |     166 |       75 |     15 |   197 |    +0.8% | -302.221 |   -16344.2 |    209 | io_out_REG[0]$_DFF_P_/D
    1580* |       7 |     166 |       75 |     15 |   197 |    +0.8% | -302.221 |   -16344.2 |    209 | io_out_REG[0]$_DFF_P_/D
    1581* |       7 |     166 |       75 |     15 |   197 |    +0.8% | -302.221 |   -16344.2 |    209 | io_out_REG[0]$_DFF_P_/D
    1582* |       7 |     166 |       75 |     15 |   197 |    +0.8% | -302.221 |   -16344.2 |    209 | io_out_REG[0]$_DFF_P_/D
    1583* |       7 |     166 |       75 |     15 |   197 |    +0.8% | -302.221 |   -16344.2 |    209 | io_out_REG[0]$_DFF_P_/D
    1584* |       7 |     166 |       75 |     15 |   197 |    +0.8% | -302.221 |   -16344.2 |    209 | io_out_REG[0]$_DFF_P_/D
    1585* |       7 |     166 |       75 |     15 |   197 |    +0.8% | -302.221 |   -16344.2 |    209 | io_out_REG[0]$_DFF_P_/D
    1586* |       7 |     166 |       75 |     15 |   197 |    +0.8% | -302.221 |   -16344.2 |    209 | io_out_REG[0]$_DFF_P_/D
    1587* |       7 |     166 |       75 |     15 |   197 |    +0.8% | -302.221 |   -16344.2 |    209 | io_out_REG[0]$_DFF_P_/D
    1588* |       7 |     166 |       75 |     15 |   197 |    +0.8% | -302.221 |   -16344.2 |    209 | io_out_REG[0]$_DFF_P_/D
    1589* |       7 |     166 |       75 |     15 |   197 |    +0.8% | -302.221 |   -16344.2 |    209 | io_out_REG[0]$_DFF_P_/D
    1590* |       7 |     166 |       75 |     15 |   197 |    +0.8% | -302.221 |   -16344.2 |    209 | io_out_REG[0]$_DFF_P_/D
    1590* |       7 |     166 |       75 |     15 |   197 |    +0.8% | -302.221 |   -16344.2 |    209 | io_out_REG[0]$_DFF_P_/D
    1591* |       7 |     166 |       75 |     15 |   197 |    +0.8% | -302.221 |   -16344.2 |    209 | io_out_REG[0]$_DFF_P_/D
    1592* |       7 |     166 |       75 |     15 |   197 |    +0.8% | -302.221 |   -16344.2 |    209 | io_out_REG[0]$_DFF_P_/D
    1593* |       7 |     166 |       75 |     15 |   197 |    +0.8% | -302.221 |   -16344.2 |    209 | io_out_REG[0]$_DFF_P_/D
    1594* |       7 |     166 |       75 |     15 |   197 |    +0.8% | -302.221 |   -16344.2 |    209 | io_out_REG[0]$_DFF_P_/D
    1595* |       7 |     166 |       75 |     15 |   197 |    +0.8% | -302.221 |   -16344.2 |    209 | io_out_REG[0]$_DFF_P_/D
    1596* |       7 |     166 |       75 |     15 |   197 |    +0.8% | -302.221 |   -16344.2 |    209 | io_out_REG[0]$_DFF_P_/D
    1597* |       7 |     166 |       75 |     15 |   197 |    +0.8% | -302.221 |   -16344.2 |    209 | io_out_REG[0]$_DFF_P_/D
    1598* |       7 |     166 |       75 |     15 |   197 |    +0.8% | -302.221 |   -16344.2 |    209 | io_out_REG[0]$_DFF_P_/D
    1599* |       7 |     166 |       75 |     15 |   197 |    +0.8% | -302.221 |   -16344.2 |    209 | io_out_REG[0]$_DFF_P_/D
    1600* |       7 |     166 |       75 |     15 |   197 |    +0.8% | -302.221 |   -16344.2 |    209 | io_out_REG[0]$_DFF_P_/D
    1601* |       7 |     166 |       75 |     15 |   197 |    +0.8% | -302.221 |   -16344.2 |    209 | io_out_REG[0]$_DFF_P_/D
    1602* |       7 |     166 |       75 |     15 |   197 |    +0.8% | -302.221 |   -16344.2 |    209 | io_out_REG[0]$_DFF_P_/D
    1603* |       7 |     166 |       75 |     15 |   197 |    +0.8% | -302.221 |   -16344.2 |    209 | io_out_REG[0]$_DFF_P_/D
    1604* |       7 |     166 |       75 |     15 |   197 |    +0.8% | -302.221 |   -16344.2 |    209 | io_out_REG[0]$_DFF_P_/D
    1605* |       7 |     166 |       75 |     15 |   197 |    +0.8% | -302.221 |   -16344.2 |    209 | io_out_REG[0]$_DFF_P_/D
    1606* |       7 |     166 |       75 |     15 |   197 |    +0.8% | -302.221 |   -16344.2 |    209 | io_out_REG[0]$_DFF_P_/D
    1607* |       7 |     166 |       75 |     15 |   197 |    +0.8% | -302.221 |   -16344.2 |    209 | io_out_REG[0]$_DFF_P_/D
    1608* |       7 |     166 |       75 |     15 |   197 |    +0.8% | -302.221 |   -16344.2 |    209 | io_out_REG[0]$_DFF_P_/D
    1609* |       7 |     166 |       75 |     15 |   197 |    +0.8% | -302.221 |   -16344.2 |    209 | io_out_REG[0]$_DFF_P_/D
    1610* |       7 |     166 |       75 |     15 |   197 |    +0.8% | -302.221 |   -16344.2 |    209 | io_out_REG[0]$_DFF_P_/D
    1610* |       7 |     166 |       75 |     15 |   197 |    +0.8% | -302.221 |   -16344.2 |    209 | io_out_REG[0]$_DFF_P_/D
    1611* |       7 |     166 |       75 |     15 |   197 |    +0.8% | -302.221 |   -16344.2 |    209 | io_out_REG[0]$_DFF_P_/D
    1612* |       7 |     166 |       75 |     15 |   197 |    +0.8% | -302.221 |   -16344.2 |    209 | io_out_REG[0]$_DFF_P_/D
    1613* |       7 |     166 |       75 |     15 |   197 |    +0.8% | -302.221 |   -16344.2 |    209 | io_out_REG[0]$_DFF_P_/D
    1614* |       7 |     166 |       75 |     15 |   197 |    +0.8% | -302.221 |   -16344.2 |    209 | io_out_REG[0]$_DFF_P_/D
    1615* |       7 |     166 |       75 |     15 |   197 |    +0.8% | -302.221 |   -16344.2 |    209 | io_out_REG[0]$_DFF_P_/D
    1616* |       7 |     166 |       75 |     15 |   197 |    +0.8% | -302.221 |   -16344.2 |    209 | io_out_REG[0]$_DFF_P_/D
    1617* |       7 |     166 |       75 |     15 |   197 |    +0.8% | -302.221 |   -16344.2 |    209 | io_out_REG[0]$_DFF_P_/D
    1618* |       7 |     166 |       75 |     15 |   197 |    +0.8% | -302.221 |   -16344.2 |    209 | io_out_REG[0]$_DFF_P_/D
    1619* |       7 |     166 |       75 |     15 |   197 |    +0.8% | -302.221 |   -16344.2 |    209 | io_out_REG[0]$_DFF_P_/D
    1620* |       7 |     166 |       75 |     15 |   197 |    +0.8% | -302.221 |   -16344.2 |    209 | io_out_REG[0]$_DFF_P_/D
    1620* |       7 |     166 |       75 |     15 |   197 |    +0.8% | -302.221 |   -16344.2 |    209 | io_out_REG[0]$_DFF_P_/D
    1621* |       7 |     166 |       75 |     15 |   197 |    +0.8% | -302.221 |   -16344.2 |    209 | io_out_REG[0]$_DFF_P_/D
    1622* |       7 |     166 |       75 |     15 |   197 |    +0.8% | -302.221 |   -16344.2 |    209 | io_out_REG[0]$_DFF_P_/D
    1623* |       7 |     166 |       75 |     15 |   197 |    +0.8% | -302.221 |   -16344.2 |    209 | io_out_REG[0]$_DFF_P_/D
    1624* |       7 |     166 |       75 |     15 |   197 |    +0.8% | -302.221 |   -16344.2 |    209 | io_out_REG[0]$_DFF_P_/D
    1625* |       7 |     166 |       75 |     15 |   197 |    +0.8% | -302.221 |   -16344.2 |    209 | io_out_REG[0]$_DFF_P_/D
    1626* |       7 |     166 |       75 |     15 |   197 |    +0.8% | -302.221 |   -16344.2 |    209 | io_out_REG[0]$_DFF_P_/D
    1627* |       7 |     166 |       75 |     15 |   197 |    +0.8% | -302.221 |   -16344.2 |    209 | io_out_REG[0]$_DFF_P_/D
    1628* |       7 |     166 |       75 |     15 |   197 |    +0.8% | -302.221 |   -16344.2 |    209 | io_out_REG[0]$_DFF_P_/D
    1629* |       7 |     166 |       75 |     15 |   197 |    +0.8% | -302.221 |   -16344.2 |    209 | io_out_REG[0]$_DFF_P_/D
    1630* |       7 |     166 |       75 |     15 |   197 |    +0.8% | -302.221 |   -16344.2 |    209 | io_out_REG[0]$_DFF_P_/D
    1630* |       7 |     166 |       75 |     15 |   197 |    +0.8% | -302.221 |   -16344.2 |    209 | io_out_REG[0]$_DFF_P_/D
    1631* |       7 |     166 |       75 |     15 |   197 |    +0.8% | -302.221 |   -16344.2 |    209 | io_out_REG[0]$_DFF_P_/D
    1632* |       7 |     166 |       75 |     15 |   197 |    +0.8% | -302.221 |   -16344.2 |    209 | io_out_REG[0]$_DFF_P_/D
    1633* |       7 |     166 |       75 |     15 |   197 |    +0.8% | -302.221 |   -16344.2 |    209 | io_out_REG[0]$_DFF_P_/D
    1634* |       7 |     166 |       75 |     15 |   197 |    +0.8% | -302.221 |   -16344.2 |    209 | io_out_REG[0]$_DFF_P_/D
    1635* |       7 |     166 |       75 |     15 |   197 |    +0.8% | -302.221 |   -16344.2 |    209 | io_out_REG[0]$_DFF_P_/D
    1636* |       7 |     166 |       75 |     15 |   197 |    +0.8% | -302.221 |   -16344.2 |    209 | io_out_REG[0]$_DFF_P_/D
    1637* |       7 |     166 |       75 |     15 |   197 |    +0.8% | -302.221 |   -16344.2 |    209 | io_out_REG[0]$_DFF_P_/D
    1638* |       7 |     166 |       75 |     15 |   197 |    +0.8% | -302.221 |   -16344.2 |    209 | io_out_REG[0]$_DFF_P_/D
    1639* |       7 |     166 |       75 |     15 |   197 |    +0.8% | -302.221 |   -16344.2 |    209 | io_out_REG[0]$_DFF_P_/D
    1640* |       7 |     166 |       75 |     15 |   197 |    +0.8% | -302.221 |   -16344.2 |    209 | io_out_REG[0]$_DFF_P_/D
    1640* |       7 |     166 |       75 |     15 |   197 |    +0.8% | -302.221 |   -16344.2 |    209 | io_out_REG[0]$_DFF_P_/D
    1641* |       7 |     166 |       75 |     15 |   197 |    +0.8% | -302.221 |   -16344.2 |    209 | io_out_REG[0]$_DFF_P_/D
    1642* |       7 |     166 |       75 |     15 |   197 |    +0.8% | -302.221 |   -16344.2 |    209 | io_out_REG[0]$_DFF_P_/D
    1643* |       7 |     166 |       75 |     15 |   197 |    +0.8% | -302.221 |   -16344.2 |    209 | io_out_REG[0]$_DFF_P_/D
    1644* |       7 |     166 |       75 |     15 |   197 |    +0.8% | -302.221 |   -16344.2 |    209 | io_out_REG[0]$_DFF_P_/D
    1645* |       7 |     166 |       75 |     15 |   197 |    +0.8% | -302.221 |   -16344.2 |    209 | io_out_REG[0]$_DFF_P_/D
    1646* |       7 |     166 |       75 |     15 |   197 |    +0.8% | -302.221 |   -16344.2 |    209 | io_out_REG[0]$_DFF_P_/D
    1647* |       7 |     166 |       75 |     15 |   197 |    +0.8% | -302.221 |   -16344.2 |    209 | io_out_REG[0]$_DFF_P_/D
    1648* |       7 |     166 |       75 |     15 |   197 |    +0.8% | -302.221 |   -16344.2 |    209 | io_out_REG[0]$_DFF_P_/D
    1650* |       7 |     167 |       75 |     15 |   197 |    +0.8% | -302.221 |   -16260.0 |    209 | io_out_REG[0]$_DFF_P_/D
    1653* |       7 |     170 |       75 |     15 |   197 |    +0.8% | -302.221 |   -16229.3 |    207 | io_out_REG[0]$_DFF_P_/D
    1655* |       7 |     171 |       75 |     15 |   197 |    +0.8% | -302.221 |   -16227.0 |    205 | io_out_REG[0]$_DFF_P_/D
    1657* |       7 |     172 |       75 |     15 |   197 |    +0.8% | -302.221 |   -16226.2 |    203 | io_out_REG[0]$_DFF_P_/D
    1658* |       7 |     172 |       75 |     15 |   197 |    +0.8% | -302.221 |   -16226.2 |    203 | io_out_REG[0]$_DFF_P_/D
    1659* |       7 |     172 |       75 |     15 |   197 |    +0.8% | -302.221 |   -16226.2 |    203 | io_out_REG[0]$_DFF_P_/D
    1660* |       7 |     172 |       75 |     15 |   197 |    +0.8% | -302.221 |   -16226.2 |    203 | io_out_REG[0]$_DFF_P_/D
    1660* |       7 |     172 |       75 |     15 |   197 |    +0.8% | -302.221 |   -16226.2 |    202 | io_out_REG[0]$_DFF_P_/D
    1663* |       7 |     173 |       75 |     15 |   198 |    +0.8% | -302.221 |   -16224.6 |    202 | io_out_REG[0]$_DFF_P_/D
    1664* |       7 |     173 |       75 |     15 |   198 |    +0.8% | -302.221 |   -16224.6 |    201 | io_out_REG[0]$_DFF_P_/D
    1665* |       7 |     173 |       75 |     15 |   198 |    +0.8% | -302.221 |   -16224.6 |    201 | io_out_REG[0]$_DFF_P_/D
    1668* |       7 |     174 |       75 |     15 |   199 |    +0.8% | -302.221 |   -16221.1 |    199 | io_out_REG[0]$_DFF_P_/D
    1669* |       7 |     174 |       75 |     15 |   199 |    +0.8% | -302.221 |   -16221.1 |    198 | io_out_REG[0]$_DFF_P_/D
    1670* |       7 |     174 |       75 |     15 |   199 |    +0.8% | -302.221 |   -16221.1 |    198 | io_out_REG[0]$_DFF_P_/D
    1670* |       7 |     174 |       75 |     15 |   199 |    +0.8% | -302.221 |   -16221.1 |    198 | io_out_REG[0]$_DFF_P_/D
    1673* |       7 |     175 |       75 |     15 |   200 |    +0.8% | -302.221 |   -16218.1 |    196 | io_out_REG[0]$_DFF_P_/D
    1674* |       7 |     175 |       75 |     15 |   200 |    +0.8% | -302.221 |   -16218.1 |    195 | io_out_REG[0]$_DFF_P_/D
    1675* |       7 |     175 |       75 |     15 |   200 |    +0.8% | -302.221 |   -16218.1 |    194 | io_out_REG[0]$_DFF_P_/D
    1676* |       7 |     175 |       75 |     15 |   200 |    +0.8% | -302.221 |   -16218.1 |    193 | io_out_REG[0]$_DFF_P_/D
    1680* |       7 |     178 |       75 |     15 |   200 |    +0.9% | -302.221 |   -16014.2 |    193 | io_out_REG[0]$_DFF_P_/D
    1681* |       7 |     179 |       75 |     15 |   200 |    +0.9% | -302.221 |   -15988.4 |    191 | io_out_REG[0]$_DFF_P_/D
    1682* |       7 |     179 |       75 |     15 |   200 |    +0.9% | -302.221 |   -15988.4 |    190 | io_out_REG[0]$_DFF_P_/D
    1683* |       7 |     179 |       75 |     15 |   200 |    +0.9% | -302.221 |   -15988.4 |    189 | io_out_REG[0]$_DFF_P_/D
    1684* |       7 |     179 |       75 |     15 |   200 |    +0.9% | -302.221 |   -15988.4 |    188 | io_out_REG[0]$_DFF_P_/D
    1685* |       7 |     179 |       75 |     15 |   200 |    +0.9% | -302.221 |   -15988.4 |    187 | io_out_REG[0]$_DFF_P_/D
    1686* |       7 |     179 |       75 |     15 |   200 |    +0.9% | -302.221 |   -15988.4 |    186 | io_out_REG[0]$_DFF_P_/D
    1687* |       7 |     179 |       75 |     15 |   200 |    +0.9% | -302.221 |   -15988.4 |    185 | io_out_REG[0]$_DFF_P_/D
    1688* |       7 |     179 |       75 |     15 |   200 |    +0.9% | -302.221 |   -15988.4 |    184 | io_out_REG[0]$_DFF_P_/D
    1689* |       7 |     179 |       75 |     15 |   200 |    +0.9% | -302.221 |   -15988.4 |    183 | io_out_REG[0]$_DFF_P_/D
    1690* |       7 |     179 |       75 |     15 |   200 |    +0.9% | -302.221 |   -15988.4 |    183 | io_out_REG[0]$_DFF_P_/D
    1690* |       7 |     179 |       75 |     15 |   200 |    +0.9% | -302.221 |   -15988.4 |    182 | io_out_REG[0]$_DFF_P_/D
    1691* |       7 |     179 |       75 |     15 |   200 |    +0.9% | -302.221 |   -15988.4 |    181 | io_out_REG[0]$_DFF_P_/D
    1692* |       7 |     179 |       75 |     15 |   200 |    +0.9% | -302.221 |   -15988.4 |    181 | io_out_REG[0]$_DFF_P_/D
    1693* |       7 |     179 |       75 |     15 |   200 |    +0.9% | -302.221 |   -15988.4 |    180 | io_out_REG[0]$_DFF_P_/D
    1694* |       7 |     179 |       75 |     15 |   200 |    +0.9% | -302.221 |   -15988.4 |    179 | io_out_REG[0]$_DFF_P_/D
    1695* |       7 |     179 |       75 |     15 |   200 |    +0.9% | -302.221 |   -15988.4 |    178 | io_out_REG[0]$_DFF_P_/D
    1696* |       7 |     179 |       75 |     15 |   200 |    +0.9% | -302.221 |   -15988.4 |    177 | io_out_REG[0]$_DFF_P_/D
    1697* |       7 |     179 |       75 |     15 |   200 |    +0.9% | -302.221 |   -15988.4 |    176 | io_out_REG[0]$_DFF_P_/D
    1698* |       7 |     179 |       75 |     15 |   200 |    +0.9% | -302.221 |   -15988.4 |    175 | io_out_REG[0]$_DFF_P_/D
    1699* |       7 |     179 |       75 |     15 |   200 |    +0.9% | -302.221 |   -15988.4 |    174 | io_out_REG[0]$_DFF_P_/D
    1700* |       7 |     179 |       75 |     15 |   200 |    +0.9% | -302.221 |   -15988.4 |    174 | io_out_REG[0]$_DFF_P_/D
    final |       7 |     179 |       75 |     15 |   200 |    +0.9% | -302.221 |   -15988.4 |    174 | io_out_REG[0]$_DFF_P_/D
--------------------------------------------------------------------------------------------------------------
[INFO RSZ-0059] Removed 7 buffers.
[INFO RSZ-0045] Inserted 75 buffers, 3 to split loads.
[INFO RSZ-0051] Resized 179 instances: 179 up, 0 up match, 0 down, 0 VT
[INFO RSZ-0043] Swapped pins on 200 instances.
[INFO RSZ-0049] Cloned 15 instances.
[WARNING RSZ-0062] Unable to repair all setup violations.
[INFO RSZ-0033] No hold violations found.
Took 39 seconds: repair_timing -setup_margin 0 -hold_margin 0 -repair_tns 100 -verbose
global_route -start_incremental
detailed_placement
[INFO DPL-0005] Max displacement: +/- 500 sites horizontally, +/- 100 rows vertically.
Movements Summary
---------------------------------------
Total cells:                   12691
Diamond Move Success:          12691 (100.00%)
Diamond Move Failure:              0
Rip-up and replace Success:        0 (  0.00% of diamond failures)
Rip-up and replace Failure:        0
Total Placement Failures:          0
---------------------------------------
Placement Analysis
---------------------------------
total displacement        178.9 u
average displacement        0.0 u
max displacement            1.7 u
original HPWL           39263.6 u
legalized HPWL          39402.9 u
delta HPWL                    0 %

global_route -end_incremental -congestion_report_file ./reports/asap7/mock-alu/modified_alpha_2-beta_0.1-v3/congestion_post_repair_timing.rpt
global_route -start_incremental
global_route -end_incremental -congestion_report_file ./reports/asap7/mock-alu/modified_alpha_2-beta_0.1-v3/congestion_post_recover_power.rpt
Repair antennas...
[WARNING GRT-0246] No diode with LEF class CORE ANTENNACELL found.
[INFO ANT-0002] Found 0 net violations.
[INFO ANT-0001] Found 0 pin violations.
Estimate parasitics...
estimate_parasitics -global_routing
Report metrics stage 5, global route...

==========================================================================
global route report_design_area
--------------------------------------------------------------------------
Design area 1633 um^2 58% utilization.
[INFO FLW-0007] clock clock period 300.000000
[INFO FLW-0008] Clock clock period 570.686
[INFO FLW-0009] Clock clock slack -300.722
[INFO FLW-0011] Path endpoint path count 1632
write_db ./results/asap7/mock-alu/modified_alpha_2-beta_0.1-v3/5_1_grt.odb
write_sdc -no_timestamp ./results/asap7/mock-alu/modified_alpha_2-beta_0.1-v3/5_1_grt.sdc
Elapsed time: 1:04.50[h:]min:sec. CPU time: user 1090.39 sys 13.12 (1710%). Peak memory: 560808KB.
Log                        Elapsed/s Peak Memory/MB  sha1sum .odb [0:20)
5_1_grt                           64            547 8d242a2992f143d9a576
