
==========================================================================
cts final report_tns
--------------------------------------------------------------------------
tns max 0.00

==========================================================================
cts final report_wns
--------------------------------------------------------------------------
wns max 0.00

==========================================================================
cts final report_worst_slack
--------------------------------------------------------------------------
worst slack max 302.11

==========================================================================
cts final report_clock_min_period
--------------------------------------------------------------------------
core_clock period_min = 1297.89 fmax = 770.48

==========================================================================
cts final report_clock_skew
--------------------------------------------------------------------------
Clock core_clock
 231.67 source latency swerv.ifu.mem_ctl/axi_data_ff.dout[11]$_DFF_PN0_/CLK ^
-171.16 target latency mem.icm.ic_data_inst/WAYS_3__SUBBANKS_0__ic_bank_sb_way_data/mem/clk ^
  -1.89 CRPR
--------------
  58.62 setup skew


==========================================================================
cts final report_checks -path_delay min
--------------------------------------------------------------------------
Startpoint: swerv.dbg/dmcontrolff.dffs.dout[0]$_DFFE_PN0P_
            (rising edge-triggered flip-flop clocked by core_clock)
Endpoint: swerv.dec.arf/gpr_banks_0__gpr_31__gprff.genblock_dff.dout[6]$_DFF_PN0_
          (removal check against rising-edge clock core_clock)
Path Group: asynchronous
Path Type: min

Fanout     Cap    Slew   Delay    Time   Description
-----------------------------------------------------------------------------
                          0.00    0.00   clock core_clock (rise edge)
                          0.00    0.00   clock source latency
     1    0.45    0.00    0.00    0.00 ^ clk (in)
                                         clk (net)
                  0.00    0.00    0.00 ^ wire24257/A (BUFx2_ASAP7_75t_R)
     1    0.45    4.79    9.69    9.69 ^ wire24257/Y (BUFx2_ASAP7_75t_R)
                                         net24483 (net)
                  4.79    0.00    9.69 ^ wire24256/A (BUFx2_ASAP7_75t_R)
     1    0.85    5.93   11.81   21.51 ^ wire24256/Y (BUFx2_ASAP7_75t_R)
                                         net24482 (net)
                  5.93    0.00   21.51 ^ wire24255/A (BUFx4f_ASAP7_75t_R)
     2    4.01    9.22   13.54   35.05 ^ wire24255/Y (BUFx4f_ASAP7_75t_R)
                                         net24481 (net)
                  9.22    0.00   35.05 ^ clkbuf_regs_0_core_clock/A (BUFx24_ASAP7_75t_R)
     1    2.01    6.71   17.18   52.23 ^ clkbuf_regs_0_core_clock/Y (BUFx24_ASAP7_75t_R)
                                         clk_regs (net)
                  6.71    0.00   52.23 ^ clkbuf_0_clk_regs/A (BUFx24_ASAP7_75t_R)
     2    4.01    7.53   16.77   69.01 ^ clkbuf_0_clk_regs/Y (BUFx24_ASAP7_75t_R)
                                         clknet_0_clk_regs (net)
                  7.53    0.00   69.01 ^ clkbuf_1_1_0_clk_regs/A (BUFx24_ASAP7_75t_R)
     1    2.01    6.70   16.66   85.66 ^ clkbuf_1_1_0_clk_regs/Y (BUFx24_ASAP7_75t_R)
                                         clknet_1_1_0_clk_regs (net)
                  6.70    0.00   85.66 ^ clkbuf_1_1_1_clk_regs/A (BUFx24_ASAP7_75t_R)
     2    4.01    7.53   16.77  102.43 ^ clkbuf_1_1_1_clk_regs/Y (BUFx24_ASAP7_75t_R)
                                         clknet_1_1_1_clk_regs (net)
                  7.53    0.00  102.43 ^ clkbuf_2_3_0_clk_regs/A (BUFx24_ASAP7_75t_R)
     2    4.01    7.54   17.03  119.47 ^ clkbuf_2_3_0_clk_regs/Y (BUFx24_ASAP7_75t_R)
                                         clknet_2_3_0_clk_regs (net)
                  7.54    0.00  119.47 ^ clkbuf_3_7_0_clk_regs/A (BUFx24_ASAP7_75t_R)
     2    4.01    7.54   17.03  136.50 ^ clkbuf_3_7_0_clk_regs/Y (BUFx24_ASAP7_75t_R)
                                         clknet_3_7_0_clk_regs (net)
                  7.54    0.00  136.50 ^ clkbuf_4_15_0_clk_regs/A (BUFx24_ASAP7_75t_R)
     2    4.01    7.54   17.03  153.53 ^ clkbuf_4_15_0_clk_regs/Y (BUFx24_ASAP7_75t_R)
                                         clknet_4_15_0_clk_regs (net)
                  7.54    0.00  153.53 ^ clkbuf_5_31_0_clk_regs/A (BUFx24_ASAP7_75t_R)
     2    4.01    7.54   17.03  170.57 ^ clkbuf_5_31_0_clk_regs/Y (BUFx24_ASAP7_75t_R)
                                         clknet_5_31_0_clk_regs (net)
                  7.54    0.00  170.57 ^ clkbuf_6_63__f_clk_regs/A (BUFx24_ASAP7_75t_R)
    19   38.12   21.81   23.43  193.99 ^ clkbuf_6_63__f_clk_regs/Y (BUFx24_ASAP7_75t_R)
                                         clknet_6_63__leaf_clk_regs (net)
                 21.81    0.00  193.99 ^ clkbuf_leaf_353_clk_regs/A (BUFx24_ASAP7_75t_R)
    19    6.89    8.94   21.75  215.75 ^ clkbuf_leaf_353_clk_regs/Y (BUFx24_ASAP7_75t_R)
                                         clknet_leaf_353_clk_regs_1 (net)
                  8.94    0.00  215.75 ^ swerv.dbg/dmcontrolff.dffs.dout[0]$_DFFE_PN0P_/CLK (DFFASRHQNx1_ASAP7_75t_R)
     7    3.07   28.48   48.15  263.89 ^ swerv.dbg/dmcontrolff.dffs.dout[0]$_DFFE_PN0P_/QN (DFFASRHQNx1_ASAP7_75t_R)
                                         swerv.dbg_core_rst_l (net)
                 28.48    0.00  263.89 ^ _0661_/A2 (OA21x2_ASAP7_75t_R)
     5    3.02   12.80   23.67  287.56 ^ _0661_/Y (OA21x2_ASAP7_75t_R)
                                         _0162_ (net)
                 12.80    0.00  287.56 ^ swerv.dec.arf/gpr_banks_0__gpr_31__gprff.genblock_dff.dout[6]$_DFF_PN0_/RESETN (DFFASRHQNx1_ASAP7_75t_R)
                                287.56   data arrival time

                          0.00    0.00   clock core_clock (rise edge)
                          0.00    0.00   clock source latency
     1    0.58    0.00    0.00    0.00 ^ clk (in)
                                         clk (net)
                  0.00    0.00    0.00 ^ wire24257/A (BUFx2_ASAP7_75t_R)
     1    0.58    5.16    9.90    9.90 ^ wire24257/Y (BUFx2_ASAP7_75t_R)
                                         net24483 (net)
                  5.16    0.00    9.90 ^ wire24256/A (BUFx2_ASAP7_75t_R)
     1    1.09    6.62   12.32   22.22 ^ wire24256/Y (BUFx2_ASAP7_75t_R)
                                         net24482 (net)
                  6.62    0.00   22.22 ^ wire24255/A (BUFx4f_ASAP7_75t_R)
     2    5.21   10.96   14.72   36.94 ^ wire24255/Y (BUFx4f_ASAP7_75t_R)
                                         net24481 (net)
                 10.96    0.00   36.94 ^ clkbuf_regs_0_core_clock/A (BUFx24_ASAP7_75t_R)
     1    2.61    6.97   17.83   54.77 ^ clkbuf_regs_0_core_clock/Y (BUFx24_ASAP7_75t_R)
                                         clk_regs (net)
                  6.97    0.00   54.77 ^ clkbuf_0_clk_regs/A (BUFx24_ASAP7_75t_R)
     2    5.21    8.04   17.08   71.85 ^ clkbuf_0_clk_regs/Y (BUFx24_ASAP7_75t_R)
                                         clknet_0_clk_regs (net)
                  8.04    0.00   71.85 ^ clkbuf_1_1_0_clk_regs/A (BUFx24_ASAP7_75t_R)
     1    2.61    6.95   16.93   88.78 ^ clkbuf_1_1_0_clk_regs/Y (BUFx24_ASAP7_75t_R)
                                         clknet_1_1_0_clk_regs (net)
                  6.95    0.00   88.78 ^ clkbuf_1_1_1_clk_regs/A (BUFx24_ASAP7_75t_R)
     2    5.21    8.04   17.08  105.85 ^ clkbuf_1_1_1_clk_regs/Y (BUFx24_ASAP7_75t_R)
                                         clknet_1_1_1_clk_regs (net)
                  8.04    0.00  105.85 ^ clkbuf_2_3_0_clk_regs/A (BUFx24_ASAP7_75t_R)
     2    5.21    8.04   17.42  123.27 ^ clkbuf_2_3_0_clk_regs/Y (BUFx24_ASAP7_75t_R)
                                         clknet_2_3_0_clk_regs (net)
                  8.04    0.00  123.27 ^ clkbuf_3_7_0_clk_regs/A (BUFx24_ASAP7_75t_R)
     2    5.21    8.04   17.42  140.68 ^ clkbuf_3_7_0_clk_regs/Y (BUFx24_ASAP7_75t_R)
                                         clknet_3_7_0_clk_regs (net)
                  8.04    0.00  140.68 ^ clkbuf_4_15_0_clk_regs/A (BUFx24_ASAP7_75t_R)
     2    5.21    8.04   17.42  158.10 ^ clkbuf_4_15_0_clk_regs/Y (BUFx24_ASAP7_75t_R)
                                         clknet_4_15_0_clk_regs (net)
                  8.04    0.00  158.10 ^ clkbuf_5_31_0_clk_regs/A (BUFx24_ASAP7_75t_R)
     2    5.21    8.04   17.42  175.51 ^ clkbuf_5_31_0_clk_regs/Y (BUFx24_ASAP7_75t_R)
                                         clknet_5_31_0_clk_regs (net)
                  8.04    0.00  175.51 ^ clkbuf_6_63__f_clk_regs/A (BUFx24_ASAP7_75t_R)
    19   49.54   26.61   25.66  201.18 ^ clkbuf_6_63__f_clk_regs/Y (BUFx24_ASAP7_75t_R)
                                         clknet_6_63__leaf_clk_regs (net)
                 26.61    0.00  201.18 ^ clkbuf_leaf_343_clk_regs/A (BUFx24_ASAP7_75t_R)
    22   11.07   10.87   23.72  224.89 ^ clkbuf_leaf_343_clk_regs/Y (BUFx24_ASAP7_75t_R)
                                         clknet_leaf_343_clk_regs_1 (net)
                 10.87    0.00  224.89 ^ swerv.dec.arf/gpr_banks_0__gpr_31__gprff.genblock_dff.dout[6]$_DFF_PN0_/CLK (DFFASRHQNx1_ASAP7_75t_R)
                         -7.18  217.71   clock reconvergence pessimism
                         21.70  239.41   library removal time
                                239.41   data required time
-----------------------------------------------------------------------------
                                239.41   data required time
                               -287.56   data arrival time
-----------------------------------------------------------------------------
                                 48.15   slack (MET)


Startpoint: swerv.dec.decode/i1wbinstff.genblock_dff.dout[8]$_DFF_PN0_
            (rising edge-triggered flip-flop clocked by core_clock)
Endpoint: swerv.dec.decode/i1wb1instff.genblock_dff.dout[8]$_DFF_PN0_
          (rising edge-triggered flip-flop clocked by core_clock)
Path Group: core_clock
Path Type: min

Fanout     Cap    Slew   Delay    Time   Description
-----------------------------------------------------------------------------
                          0.00    0.00   clock core_clock (rise edge)
                          0.00    0.00   clock source latency
     1    0.45    0.00    0.00    0.00 ^ clk (in)
                                         clk (net)
                  0.00    0.00    0.00 ^ wire24257/A (BUFx2_ASAP7_75t_R)
     1    0.45    4.79    9.69    9.69 ^ wire24257/Y (BUFx2_ASAP7_75t_R)
                                         net24483 (net)
                  4.79    0.00    9.69 ^ wire24256/A (BUFx2_ASAP7_75t_R)
     1    0.85    5.93   11.81   21.51 ^ wire24256/Y (BUFx2_ASAP7_75t_R)
                                         net24482 (net)
                  5.93    0.00   21.51 ^ wire24255/A (BUFx4f_ASAP7_75t_R)
     2    4.01    9.22   13.54   35.05 ^ wire24255/Y (BUFx4f_ASAP7_75t_R)
                                         net24481 (net)
                  9.22    0.00   35.05 ^ clkbuf_regs_0_core_clock/A (BUFx24_ASAP7_75t_R)
     1    2.01    6.71   17.18   52.23 ^ clkbuf_regs_0_core_clock/Y (BUFx24_ASAP7_75t_R)
                                         clk_regs (net)
                  6.71    0.00   52.23 ^ clkbuf_0_clk_regs/A (BUFx24_ASAP7_75t_R)
     2    4.01    7.53   16.77   69.01 ^ clkbuf_0_clk_regs/Y (BUFx24_ASAP7_75t_R)
                                         clknet_0_clk_regs (net)
                  7.53    0.00   69.01 ^ clkbuf_1_0_0_clk_regs/A (BUFx24_ASAP7_75t_R)
     1    2.01    6.70   16.66   85.66 ^ clkbuf_1_0_0_clk_regs/Y (BUFx24_ASAP7_75t_R)
                                         clknet_1_0_0_clk_regs (net)
                  6.70    0.00   85.66 ^ clkbuf_1_0_1_clk_regs/A (BUFx24_ASAP7_75t_R)
     2    4.01    7.53   16.77  102.43 ^ clkbuf_1_0_1_clk_regs/Y (BUFx24_ASAP7_75t_R)
                                         clknet_1_0_1_clk_regs (net)
                  7.53    0.00  102.43 ^ clkbuf_2_1_0_clk_regs/A (BUFx24_ASAP7_75t_R)
     2    4.01    7.54   17.03  119.47 ^ clkbuf_2_1_0_clk_regs/Y (BUFx24_ASAP7_75t_R)
                                         clknet_2_1_0_clk_regs (net)
                  7.54    0.00  119.47 ^ clkbuf_3_2_0_clk_regs/A (BUFx24_ASAP7_75t_R)
     2    4.01    7.54   17.03  136.50 ^ clkbuf_3_2_0_clk_regs/Y (BUFx24_ASAP7_75t_R)
                                         clknet_3_2_0_clk_regs (net)
                  7.54    0.00  136.50 ^ clkbuf_4_5_0_clk_regs/A (BUFx24_ASAP7_75t_R)
     2    4.01    7.54   17.03  153.53 ^ clkbuf_4_5_0_clk_regs/Y (BUFx24_ASAP7_75t_R)
                                         clknet_4_5_0_clk_regs (net)
                  7.54    0.00  153.53 ^ clkbuf_5_11_0_clk_regs/A (BUFx24_ASAP7_75t_R)
     2    4.01    7.54   17.03  170.57 ^ clkbuf_5_11_0_clk_regs/Y (BUFx24_ASAP7_75t_R)
                                         clknet_5_11_0_clk_regs (net)
                  7.54    0.00  170.57 ^ clkbuf_6_22__f_clk_regs/A (BUFx24_ASAP7_75t_R)
     6   12.04   10.89   18.54  189.10 ^ clkbuf_6_22__f_clk_regs/Y (BUFx24_ASAP7_75t_R)
                                         clknet_6_22__leaf_clk_regs (net)
                 10.89    0.00  189.10 ^ clkbuf_leaf_546_clk_regs/A (BUFx24_ASAP7_75t_R)
    21    7.66    9.08   18.75  207.86 ^ clkbuf_leaf_546_clk_regs/Y (BUFx24_ASAP7_75t_R)
                                         clknet_leaf_546_clk_regs_1 (net)
                  9.08    0.00  207.86 ^ swerv.dec.decode/i1wbinstff.genblock_dff.dout[8]$_DFF_PN0_/CLK (DFFASRHQNx1_ASAP7_75t_R)
     1    0.51   11.95   37.17  245.02 ^ swerv.dec.decode/i1wbinstff.genblock_dff.dout[8]$_DFF_PN0_/QN (DFFASRHQNx1_ASAP7_75t_R)
                                         swerv.dec.decode/_01390_ (net)
                 11.95    0.00  245.02 ^ swerv.dec.decode/_13474_/A (INVx1_ASAP7_75t_R)
     1    0.55    6.17    5.68  250.71 v swerv.dec.decode/_13474_/Y (INVx1_ASAP7_75t_R)
                                         swerv.dec.decode/_06552_ (net)
                  6.17    0.00  250.71 v swerv.dec.decode/i1wb1instff.genblock_dff.dout[8]$_DFF_PN0_/D (DFFASRHQNx1_ASAP7_75t_R)
                                250.71   data arrival time

                          0.00    0.00   clock core_clock (rise edge)
                          0.00    0.00   clock source latency
     1    0.58    0.00    0.00    0.00 ^ clk (in)
                                         clk (net)
                  0.00    0.00    0.00 ^ wire24257/A (BUFx2_ASAP7_75t_R)
     1    0.58    5.16    9.90    9.90 ^ wire24257/Y (BUFx2_ASAP7_75t_R)
                                         net24483 (net)
                  5.16    0.00    9.90 ^ wire24256/A (BUFx2_ASAP7_75t_R)
     1    1.09    6.62   12.32   22.22 ^ wire24256/Y (BUFx2_ASAP7_75t_R)
                                         net24482 (net)
                  6.62    0.00   22.22 ^ wire24255/A (BUFx4f_ASAP7_75t_R)
     2    5.21   10.96   14.72   36.94 ^ wire24255/Y (BUFx4f_ASAP7_75t_R)
                                         net24481 (net)
                 10.96    0.00   36.94 ^ clkbuf_regs_0_core_clock/A (BUFx24_ASAP7_75t_R)
     1    2.61    6.97   17.83   54.77 ^ clkbuf_regs_0_core_clock/Y (BUFx24_ASAP7_75t_R)
                                         clk_regs (net)
                  6.97    0.00   54.77 ^ clkbuf_0_clk_regs/A (BUFx24_ASAP7_75t_R)
     2    5.21    8.04   17.08   71.85 ^ clkbuf_0_clk_regs/Y (BUFx24_ASAP7_75t_R)
                                         clknet_0_clk_regs (net)
                  8.04    0.00   71.85 ^ clkbuf_1_0_0_clk_regs/A (BUFx24_ASAP7_75t_R)
     1    2.61    6.95   16.93   88.78 ^ clkbuf_1_0_0_clk_regs/Y (BUFx24_ASAP7_75t_R)
                                         clknet_1_0_0_clk_regs (net)
                  6.95    0.00   88.78 ^ clkbuf_1_0_1_clk_regs/A (BUFx24_ASAP7_75t_R)
     2    5.21    8.04   17.08  105.85 ^ clkbuf_1_0_1_clk_regs/Y (BUFx24_ASAP7_75t_R)
                                         clknet_1_0_1_clk_regs (net)
                  8.04    0.00  105.85 ^ clkbuf_2_1_0_clk_regs/A (BUFx24_ASAP7_75t_R)
     2    5.21    8.04   17.42  123.27 ^ clkbuf_2_1_0_clk_regs/Y (BUFx24_ASAP7_75t_R)
                                         clknet_2_1_0_clk_regs (net)
                  8.04    0.00  123.27 ^ clkbuf_3_2_0_clk_regs/A (BUFx24_ASAP7_75t_R)
     2    5.21    8.04   17.42  140.68 ^ clkbuf_3_2_0_clk_regs/Y (BUFx24_ASAP7_75t_R)
                                         clknet_3_2_0_clk_regs (net)
                  8.04    0.00  140.68 ^ clkbuf_4_4_0_clk_regs/A (BUFx24_ASAP7_75t_R)
     2    5.21    8.04   17.42  158.10 ^ clkbuf_4_4_0_clk_regs/Y (BUFx24_ASAP7_75t_R)
                                         clknet_4_4_0_clk_regs (net)
                  8.04    0.00  158.10 ^ clkbuf_5_8_0_clk_regs/A (BUFx24_ASAP7_75t_R)
     2    5.21    8.04   17.42  175.51 ^ clkbuf_5_8_0_clk_regs/Y (BUFx24_ASAP7_75t_R)
                                         clknet_5_8_0_clk_regs (net)
                  8.04    0.00  175.51 ^ clkbuf_6_17__f_clk_regs/A (BUFx24_ASAP7_75t_R)
     3    8.82    9.55   18.09  193.61 ^ clkbuf_6_17__f_clk_regs/Y (BUFx24_ASAP7_75t_R)
                                         clknet_6_17__leaf_clk_regs (net)
                  9.55    0.00  193.61 ^ wire24272/A (BUFx4f_ASAP7_75t_R)
     3    7.82   14.80   17.51  211.12 ^ wire24272/Y (BUFx4f_ASAP7_75t_R)
                                         net24498 (net)
                 14.80    0.00  211.12 ^ clkbuf_leaf_544_clk_regs/A (BUFx24_ASAP7_75t_R)
    10    4.53    7.82   19.32  230.44 ^ clkbuf_leaf_544_clk_regs/Y (BUFx24_ASAP7_75t_R)
                                         clknet_leaf_544_clk_regs_1 (net)
                  7.82    0.00  230.44 ^ swerv.dec.decode/i1wb1instff.genblock_dff.dout[8]$_DFF_PN0_/CLK (DFFASRHQNx1_ASAP7_75t_R)
                         -4.18  226.26   clock reconvergence pessimism
                         11.24  237.50   library hold time
                                237.50   data required time
-----------------------------------------------------------------------------
                                237.50   data required time
                               -250.71   data arrival time
-----------------------------------------------------------------------------
                                 13.21   slack (MET)



==========================================================================
cts final report_checks -path_delay max
--------------------------------------------------------------------------
Startpoint: rst_l (input port clocked by core_clock)
Endpoint: swerv.exu/mul_e1.prod_e3_ff.dout[11]$_DFF_PN0_
          (recovery check against rising-edge clock core_clock)
Path Group: asynchronous
Path Type: max

Fanout     Cap    Slew   Delay    Time   Description
-----------------------------------------------------------------------------
                          0.00    0.00   clock core_clock (rise edge)
                          0.00    0.00   clock network delay (propagated)
                        320.00  320.00 ^ input external delay
     1    0.58    0.00    0.00  320.00 ^ rst_l (in)
                                         rst_l (net)
                  0.00    0.00  320.00 ^ input12702/A (BUFx2_ASAP7_75t_R)
     9    6.89   23.27   19.23  339.23 ^ input12702/Y (BUFx2_ASAP7_75t_R)
                                         net12652 (net)
                 23.27    0.00  339.23 ^ _0661_/B (OA21x2_ASAP7_75t_R)
     5    3.69   15.70   23.17  362.41 ^ _0661_/Y (OA21x2_ASAP7_75t_R)
                                         _0162_ (net)
                 15.70    0.00  362.41 ^ place23733/A (BUFx3_ASAP7_75t_R)
     6    4.80   12.96   18.26  380.66 ^ place23733/Y (BUFx3_ASAP7_75t_R)
                                         net23955 (net)
                 12.96    0.00  380.66 ^ place23648/A (BUFx3_ASAP7_75t_R)
    40   32.32   67.56   42.26  422.93 ^ place23648/Y (BUFx3_ASAP7_75t_R)
                                         net23866 (net)
                 67.56    0.00  422.93 ^ place23595/A (BUFx3_ASAP7_75t_R)
    38   30.18   63.90   49.36  472.29 ^ place23595/Y (BUFx3_ASAP7_75t_R)
                                         net23805 (net)
                 63.90    0.00  472.29 ^ place23591/A (BUFx3_ASAP7_75t_R)
    40   32.65   68.75   51.09  523.38 ^ place23591/Y (BUFx3_ASAP7_75t_R)
                                         net23801 (net)
                 68.75    0.00  523.38 ^ place23590/A (BUFx6f_ASAP7_75t_R)
    75   60.11   65.94   49.09  572.47 ^ place23590/Y (BUFx6f_ASAP7_75t_R)
                                         net23800 (net)
                 65.94    0.00  572.47 ^ place23589/A (BUFx3_ASAP7_75t_R)
    56   44.96   93.27   62.26  634.73 ^ place23589/Y (BUFx3_ASAP7_75t_R)
                                         net23799 (net)
                 93.27    0.00  634.73 ^ swerv.exu/mul_e1.prod_e3_ff.dout[11]$_DFF_PN0_/RESETN (DFFASRHQNx1_ASAP7_75t_R)
                                634.73   data arrival time

                       1600.00 1600.00   clock core_clock (rise edge)
                          0.00 1600.00   clock source latency
     1    0.45    0.00    0.00 1600.00 ^ clk (in)
                                         clk (net)
                  0.00    0.00 1600.00 ^ wire24257/A (BUFx2_ASAP7_75t_R)
     1    0.45    4.79    9.69 1609.69 ^ wire24257/Y (BUFx2_ASAP7_75t_R)
                                         net24483 (net)
                  4.79    0.00 1609.69 ^ wire24256/A (BUFx2_ASAP7_75t_R)
     1    0.85    5.93   11.81 1621.51 ^ wire24256/Y (BUFx2_ASAP7_75t_R)
                                         net24482 (net)
                  5.93    0.00 1621.51 ^ wire24255/A (BUFx4f_ASAP7_75t_R)
     2    4.01    9.22   13.54 1635.05 ^ wire24255/Y (BUFx4f_ASAP7_75t_R)
                                         net24481 (net)
                  9.22    0.00 1635.05 ^ clkbuf_regs_0_core_clock/A (BUFx24_ASAP7_75t_R)
     1    2.01    6.71   17.18 1652.23 ^ clkbuf_regs_0_core_clock/Y (BUFx24_ASAP7_75t_R)
                                         clk_regs (net)
                  6.71    0.00 1652.23 ^ clkbuf_0_clk_regs/A (BUFx24_ASAP7_75t_R)
     2    4.01    7.53   16.77 1669.01 ^ clkbuf_0_clk_regs/Y (BUFx24_ASAP7_75t_R)
                                         clknet_0_clk_regs (net)
                  7.53    0.00 1669.01 ^ clkbuf_1_1_0_clk_regs/A (BUFx24_ASAP7_75t_R)
     1    2.01    6.70   16.66 1685.66 ^ clkbuf_1_1_0_clk_regs/Y (BUFx24_ASAP7_75t_R)
                                         clknet_1_1_0_clk_regs (net)
                  6.70    0.00 1685.66 ^ clkbuf_1_1_1_clk_regs/A (BUFx24_ASAP7_75t_R)
     2    4.01    7.53   16.77 1702.43 ^ clkbuf_1_1_1_clk_regs/Y (BUFx24_ASAP7_75t_R)
                                         clknet_1_1_1_clk_regs (net)
                  7.53    0.00 1702.43 ^ clkbuf_2_3_0_clk_regs/A (BUFx24_ASAP7_75t_R)
     2    4.01    7.54   17.03 1719.47 ^ clkbuf_2_3_0_clk_regs/Y (BUFx24_ASAP7_75t_R)
                                         clknet_2_3_0_clk_regs (net)
                  7.54    0.00 1719.47 ^ clkbuf_3_7_0_clk_regs/A (BUFx24_ASAP7_75t_R)
     2    4.01    7.54   17.03 1736.50 ^ clkbuf_3_7_0_clk_regs/Y (BUFx24_ASAP7_75t_R)
                                         clknet_3_7_0_clk_regs (net)
                  7.54    0.00 1736.50 ^ clkbuf_4_14_0_clk_regs/A (BUFx24_ASAP7_75t_R)
     2    4.01    7.54   17.03 1753.53 ^ clkbuf_4_14_0_clk_regs/Y (BUFx24_ASAP7_75t_R)
                                         clknet_4_14_0_clk_regs (net)
                  7.54    0.00 1753.53 ^ clkbuf_5_28_0_clk_regs/A (BUFx24_ASAP7_75t_R)
     2    4.01    7.54   17.03 1770.57 ^ clkbuf_5_28_0_clk_regs/Y (BUFx24_ASAP7_75t_R)
                                         clknet_5_28_0_clk_regs (net)
                  7.54    0.00 1770.57 ^ clkbuf_6_56__f_clk_regs/A (BUFx24_ASAP7_75t_R)
    11   22.07   15.09   20.42 1790.99 ^ clkbuf_6_56__f_clk_regs/Y (BUFx24_ASAP7_75t_R)
                                         clknet_6_56__leaf_clk_regs (net)
                 15.09    0.00 1790.99 ^ clkbuf_leaf_282_clk_regs/A (BUFx24_ASAP7_75t_R)
    17    6.12    8.49   19.71 1810.69 ^ clkbuf_leaf_282_clk_regs/Y (BUFx24_ASAP7_75t_R)
                                         clknet_leaf_282_clk_regs_1 (net)
                  8.49    0.00 1810.69 ^ swerv.exu/mul_e1.prod_e3_ff.dout[11]$_DFF_PN0_/CLK (DFFASRHQNx1_ASAP7_75t_R)
                          0.00 1810.69   clock reconvergence pessimism
                         19.20 1829.89   library recovery time
                               1829.89   data required time
-----------------------------------------------------------------------------
                               1829.89   data required time
                               -634.73   data arrival time
-----------------------------------------------------------------------------
                               1195.17   slack (MET)


Startpoint: swerv.lsu.lsu_lsc_ctl/addr_in_pic_dc3ff.dout$_DFF_PN0_
            (rising edge-triggered flip-flop clocked by core_clock)
Endpoint: swerv.lsu.lsu_lsc_ctl/sddc1ff.dout[24]$_DFF_PN0_
          (rising edge-triggered flip-flop clocked by core_clock)
Path Group: core_clock
Path Type: max

Fanout     Cap    Slew   Delay    Time   Description
-----------------------------------------------------------------------------
                          0.00    0.00   clock core_clock (rise edge)
                          0.00    0.00   clock source latency
     1    0.58    0.00    0.00    0.00 ^ clk (in)
                                         clk (net)
                  0.00    0.00    0.00 ^ wire24257/A (BUFx2_ASAP7_75t_R)
     1    0.58    5.16    9.90    9.90 ^ wire24257/Y (BUFx2_ASAP7_75t_R)
                                         net24483 (net)
                  5.16    0.00    9.90 ^ wire24256/A (BUFx2_ASAP7_75t_R)
     1    1.09    6.62   12.32   22.22 ^ wire24256/Y (BUFx2_ASAP7_75t_R)
                                         net24482 (net)
                  6.62    0.00   22.22 ^ wire24255/A (BUFx4f_ASAP7_75t_R)
     2    5.21   10.96   14.72   36.94 ^ wire24255/Y (BUFx4f_ASAP7_75t_R)
                                         net24481 (net)
                 10.96    0.00   36.94 ^ clkbuf_regs_0_core_clock/A (BUFx24_ASAP7_75t_R)
     1    2.61    6.97   17.83   54.77 ^ clkbuf_regs_0_core_clock/Y (BUFx24_ASAP7_75t_R)
                                         clk_regs (net)
                  6.97    0.00   54.77 ^ clkbuf_0_clk_regs/A (BUFx24_ASAP7_75t_R)
     2    5.21    8.04   17.08   71.85 ^ clkbuf_0_clk_regs/Y (BUFx24_ASAP7_75t_R)
                                         clknet_0_clk_regs (net)
                  8.04    0.00   71.85 ^ clkbuf_1_1_0_clk_regs/A (BUFx24_ASAP7_75t_R)
     1    2.61    6.95   16.93   88.78 ^ clkbuf_1_1_0_clk_regs/Y (BUFx24_ASAP7_75t_R)
                                         clknet_1_1_0_clk_regs (net)
                  6.95    0.00   88.78 ^ clkbuf_1_1_1_clk_regs/A (BUFx24_ASAP7_75t_R)
     2    5.21    8.04   17.08  105.85 ^ clkbuf_1_1_1_clk_regs/Y (BUFx24_ASAP7_75t_R)
                                         clknet_1_1_1_clk_regs (net)
                  8.04    0.00  105.85 ^ clkbuf_2_2_0_clk_regs/A (BUFx24_ASAP7_75t_R)
     2    5.21    8.04   17.42  123.27 ^ clkbuf_2_2_0_clk_regs/Y (BUFx24_ASAP7_75t_R)
                                         clknet_2_2_0_clk_regs (net)
                  8.04    0.00  123.27 ^ clkbuf_3_4_0_clk_regs/A (BUFx24_ASAP7_75t_R)
     2    5.21    8.04   17.42  140.68 ^ clkbuf_3_4_0_clk_regs/Y (BUFx24_ASAP7_75t_R)
                                         clknet_3_4_0_clk_regs (net)
                  8.04    0.00  140.68 ^ clkbuf_4_9_0_clk_regs/A (BUFx24_ASAP7_75t_R)
     2    5.21    8.04   17.42  158.10 ^ clkbuf_4_9_0_clk_regs/Y (BUFx24_ASAP7_75t_R)
                                         clknet_4_9_0_clk_regs (net)
                  8.04    0.00  158.10 ^ clkbuf_5_19_0_clk_regs/A (BUFx24_ASAP7_75t_R)
     2    5.21    8.04   17.42  175.51 ^ clkbuf_5_19_0_clk_regs/Y (BUFx24_ASAP7_75t_R)
                                         clknet_5_19_0_clk_regs (net)
                  8.04    0.00  175.51 ^ clkbuf_6_38__f_clk_regs/A (BUFx24_ASAP7_75t_R)
    10   26.07   16.77   21.33  196.84 ^ clkbuf_6_38__f_clk_regs/Y (BUFx24_ASAP7_75t_R)
                                         clknet_6_38__leaf_clk_regs (net)
                 16.77    0.00  196.84 ^ clkbuf_leaf_186_clk_regs/A (BUFx24_ASAP7_75t_R)
    14    6.54    8.68   20.28  217.13 ^ clkbuf_leaf_186_clk_regs/Y (BUFx24_ASAP7_75t_R)
                                         clknet_leaf_186_clk_regs_1 (net)
                  8.68    0.00  217.13 ^ swerv.lsu.lsu_lsc_ctl/addr_in_pic_dc3ff.dout$_DFF_PN0_/CLK (DFFASRHQNx1_ASAP7_75t_R)
     1    0.69   13.22   37.93  255.05 ^ swerv.lsu.lsu_lsc_ctl/addr_in_pic_dc3ff.dout$_DFF_PN0_/QN (DFFASRHQNx1_ASAP7_75t_R)
                                         swerv.lsu.lsu_lsc_ctl/N655 (net)
                 13.22    0.00  255.05 ^ swerv.lsu.lsu_lsc_ctl/place23900/A (BUFx3_ASAP7_75t_R)
    33   22.71   48.25   33.83  288.88 ^ swerv.lsu.lsu_lsc_ctl/place23900/Y (BUFx3_ASAP7_75t_R)
                                         swerv.lsu.lsu_lsc_ctl/net24126 (net)
                 48.25    0.00  288.88 ^ swerv.lsu.lsu_lsc_ctl/_2296_/A (INVx3_ASAP7_75t_R)
    37   39.12   71.44   46.93  335.81 v swerv.lsu.lsu_lsc_ctl/_2296_/Y (INVx3_ASAP7_75t_R)
                                         swerv.lsu.addr_in_pic_dc3 (net)
                 71.44    0.00  335.81 v place22868/A (BUFx6f_ASAP7_75t_R)
    65   62.51   58.45   51.51  387.32 v place22868/Y (BUFx6f_ASAP7_75t_R)
                                         net23025 (net)
                 58.45    0.00  387.32 v swerv.lsu.dccm_ctl/place22867/A (BUFx3_ASAP7_75t_R)
    47   46.03   78.85   61.14  448.47 v swerv.lsu.dccm_ctl/place22867/Y (BUFx3_ASAP7_75t_R)
                                         swerv.lsu.dccm_ctl/net23024 (net)
                 78.85    0.00  448.47 v swerv.lsu.dccm_ctl/_0862_/A1 (AO21x1_ASAP7_75t_R)
     2    1.27   11.46   30.51  478.98 v swerv.lsu.dccm_ctl/_0862_/Y (AO21x1_ASAP7_75t_R)
                                         swerv.lsu.dccm_ctl/_0180_ (net)
                 11.46    0.00  478.98 v swerv.lsu.dccm_ctl/_1241_/B (AO21x1_ASAP7_75t_R)
     2    1.82   13.15   19.60  498.59 v swerv.lsu.dccm_ctl/_1241_/Y (AO21x1_ASAP7_75t_R)
                                         swerv.lsu.dccm_ctl/_0477_ (net)
                 13.15    0.00  498.59 v swerv.lsu.dccm_ctl/_1243_/A2 (AOI22x1_ASAP7_75t_R)
     2    1.27   17.04   12.15  510.73 ^ swerv.lsu.dccm_ctl/_1243_/Y (AOI22x1_ASAP7_75t_R)
                                         swerv.lsu.dccm_ctl/_0479_ (net)
                 17.04    0.00  510.73 ^ swerv.lsu.dccm_ctl/_1247_/A2 (AO21x1_ASAP7_75t_R)
     1    0.57    7.72   14.81  525.54 ^ swerv.lsu.dccm_ctl/_1247_/Y (AO21x1_ASAP7_75t_R)
                                         swerv.lsu.lsu_ld_data_dc3[2] (net)
                  7.72    0.00  525.54 ^ swerv.lsu.lsu_lsc_ctl/_2944_/A (AND2x2_ASAP7_75t_R)
     1    0.65    8.30   13.81  539.35 ^ swerv.lsu.lsu_lsc_ctl/_2944_/Y (AND2x2_ASAP7_75t_R)
                                         swerv.lsu.lsu_lsc_ctl/_0923_ (net)
                  8.30    0.00  539.35 ^ swerv.lsu.lsu_lsc_ctl/_2945_/A2 (OA21x2_ASAP7_75t_R)
     8    6.08   22.60   23.48  562.83 ^ swerv.lsu.lsu_lsc_ctl/_2945_/Y (OA21x2_ASAP7_75t_R)
                                         swerv.dec.lsu_result_dc3[2] (net)
                 22.60    0.00  562.83 ^ swerv.lsu.lsu_lsc_ctl/_2946_/A2 (AO21x1_ASAP7_75t_R)
     3    4.25   28.65   26.37  589.20 ^ swerv.lsu.lsu_lsc_ctl/_2946_/Y (AO21x1_ASAP7_75t_R)
                                         swerv_wrapper/lsu_lsc_ctl/_0924_ (net)
                 28.65    0.00  589.20 ^ swerv.lsu.lsu_lsc_ctl/end_addr_dc1\\ALU_32_0_32_0_32_unused_CO_X_HAN_CARLSON/_325_/B (XOR2x2_ASAP7_75t_R)
     2    2.58   12.59   23.09  612.29 ^ swerv.lsu.lsu_lsc_ctl/end_addr_dc1\\ALU_32_0_32_0_32_unused_CO_X_HAN_CARLSON/_325_/Y (XOR2x2_ASAP7_75t_R)
                                         swerv.lsu.lsu_lsc_ctl/end_addr_dc1\\ALU_32_0_32_0_32_unused_CO_X_HAN_CARLSON/_109_ (net)
                 12.59    0.00  612.29 ^ swerv.lsu.lsu_lsc_ctl/end_addr_dc1\\ALU_32_0_32_0_32_unused_CO_X_HAN_CARLSON/_242_/CI (FAx1_ASAP7_75t_R)
     1    0.68   21.45   27.92  640.21 v swerv.lsu.lsu_lsc_ctl/end_addr_dc1\\ALU_32_0_32_0_32_unused_CO_X_HAN_CARLSON/_242_/SN (FAx1_ASAP7_75t_R)
                                         swerv.lsu.lsu_lsc_ctl/end_addr_dc1\\ALU_32_0_32_0_32_unused_CO_X_HAN_CARLSON/_027_ (net)
                 21.45    0.00  640.21 v swerv.lsu.lsu_lsc_ctl/end_addr_dc1\\ALU_32_0_32_0_32_unused_CO_X_HAN_CARLSON/_308_/A (INVx1_ASAP7_75t_R)
     2    1.39   14.01   11.62  651.83 ^ swerv.lsu.lsu_lsc_ctl/end_addr_dc1\\ALU_32_0_32_0_32_unused_CO_X_HAN_CARLSON/_308_/Y (INVx1_ASAP7_75t_R)
                                         swerv.lsu.end_addr_dc1[2] (net)
                 14.01    0.00  651.83 ^ place20329/A (BUFx3_ASAP7_75t_R)
     6    4.84   12.99   17.83  669.66 ^ place20329/Y (BUFx3_ASAP7_75t_R)
                                         dccm_rd_addr_hi[2] (net)
                 12.99    0.00  669.66 ^ swerv.lsu.bus_intf/_3689_/A (XOR2x2_ASAP7_75t_R)
     3    1.96    9.84   22.16  691.82 v swerv.lsu.bus_intf/_3689_/Y (XOR2x2_ASAP7_75t_R)
                                         swerv_wrapper/lsu_bus_intf/_1820_ (net)
                  9.84    0.00  691.82 v swerv.lsu.bus_intf/bus_buffer/_12021_/A (INVx1_ASAP7_75t_R)
     1    0.65    7.17    6.36  698.19 ^ swerv.lsu.bus_intf/bus_buffer/_12021_/Y (INVx1_ASAP7_75t_R)
                                         swerv.lsu.bus_intf/bus_buffer/_02079_ (net)
                  7.17    0.00  698.19 ^ swerv.lsu.bus_intf/bus_buffer/_14378_/A (AND3x1_ASAP7_75t_R)
     1    2.04   16.73   21.05  719.24 ^ swerv.lsu.bus_intf/bus_buffer/_14378_/Y (AND3x1_ASAP7_75t_R)
                                         swerv.lsu.bus_intf/bus_buffer/_04396_ (net)
                 16.73    0.00  719.24 ^ swerv.lsu.bus_intf/bus_buffer/_10850_/A (FAx1_ASAP7_75t_R)
     1    0.68   20.52   29.33  748.56 v swerv.lsu.bus_intf/bus_buffer/_10850_/SN (FAx1_ASAP7_75t_R)
                                         swerv.lsu.bus_intf/bus_buffer/_01000_ (net)
                 20.52    0.00  748.56 v swerv.lsu.bus_intf/bus_buffer/_14053_/A (INVx1_ASAP7_75t_R)
     1    2.24   18.14   14.18  762.75 ^ swerv.lsu.bus_intf/bus_buffer/_14053_/Y (INVx1_ASAP7_75t_R)
                                         swerv.lsu.bus_intf/bus_buffer/_04071_ (net)
                 18.14    0.00  762.75 ^ swerv.lsu.bus_intf/bus_buffer/_10837_/B (FAx1_ASAP7_75t_R)
     1    0.68   23.62   29.29  792.03 v swerv.lsu.bus_intf/bus_buffer/_10837_/SN (FAx1_ASAP7_75t_R)
                                         swerv.lsu.bus_intf/bus_buffer/_00974_ (net)
                 23.62    0.00  792.03 v swerv.lsu.bus_intf/bus_buffer/_14114_/A (INVx1_ASAP7_75t_R)
     1    2.24   18.92   14.91  806.94 ^ swerv.lsu.bus_intf/bus_buffer/_14114_/Y (INVx1_ASAP7_75t_R)
                                         swerv.lsu.bus_intf/bus_buffer/_04132_ (net)
                 18.92    0.00  806.94 ^ swerv.lsu.bus_intf/bus_buffer/_10847_/B (FAx1_ASAP7_75t_R)
     1    0.68   19.95   29.51  836.46 v swerv.lsu.bus_intf/bus_buffer/_10847_/SN (FAx1_ASAP7_75t_R)
                                         swerv.lsu.bus_intf/bus_buffer/_00994_ (net)
                 19.95    0.00  836.46 v swerv.lsu.bus_intf/bus_buffer/_14151_/A (INVx1_ASAP7_75t_R)
     1    1.65   15.00   12.20  848.66 ^ swerv.lsu.bus_intf/bus_buffer/_14151_/Y (INVx1_ASAP7_75t_R)
                                         swerv.lsu.bus_intf/bus_buffer/_04169_ (net)
                 15.00    0.00  848.66 ^ swerv.lsu.bus_intf/bus_buffer/_10836_/CI (FAx1_ASAP7_75t_R)
     1    0.68   21.57   28.62  877.27 v swerv.lsu.bus_intf/bus_buffer/_10836_/SN (FAx1_ASAP7_75t_R)
                                         swerv.lsu.bus_intf/bus_buffer/_00972_ (net)
                 21.57    0.00  877.27 v swerv.lsu.bus_intf/bus_buffer/_14168_/A (INVx1_ASAP7_75t_R)
     1    0.93   11.59    9.77  887.04 ^ swerv.lsu.bus_intf/bus_buffer/_14168_/Y (INVx1_ASAP7_75t_R)
                                         swerv.lsu.bus_intf/bus_buffer/_04186_ (net)
                 11.59    0.00  887.04 ^ swerv.lsu.bus_intf/bus_buffer/_10864_/B (HAxp5_ASAP7_75t_R)
     1    0.68   17.57   10.65  897.69 v swerv.lsu.bus_intf/bus_buffer/_10864_/CON (HAxp5_ASAP7_75t_R)
                                         swerv.lsu.bus_intf/bus_buffer/_01023_ (net)
                 17.57    0.00  897.69 v swerv.lsu.bus_intf/bus_buffer/_14170_/A (INVx1_ASAP7_75t_R)
     1    1.65   14.39   11.51  909.20 ^ swerv.lsu.bus_intf/bus_buffer/_14170_/Y (INVx1_ASAP7_75t_R)
                                         swerv.lsu.bus_intf/bus_buffer/_04188_ (net)
                 14.39    0.00  909.20 ^ swerv.lsu.bus_intf/bus_buffer/_10854_/CI (FAx1_ASAP7_75t_R)
     1    0.68   19.06   13.56  922.75 v swerv.lsu.bus_intf/bus_buffer/_10854_/CON (FAx1_ASAP7_75t_R)
                                         swerv.lsu.bus_intf/bus_buffer/_01007_ (net)
                 19.06    0.00  922.75 v swerv.lsu.bus_intf/bus_buffer/_14178_/A (INVx1_ASAP7_75t_R)
     1    1.65   14.77   11.94  934.69 ^ swerv.lsu.bus_intf/bus_buffer/_14178_/Y (INVx1_ASAP7_75t_R)
                                         swerv.lsu.bus_intf/bus_buffer/_04196_ (net)
                 14.77    0.00  934.69 ^ swerv.lsu.bus_intf/bus_buffer/_10858_/CI (FAx1_ASAP7_75t_R)
     1    1.08   21.89   15.39  950.08 v swerv.lsu.bus_intf/bus_buffer/_10858_/CON (FAx1_ASAP7_75t_R)
                                         swerv.lsu.bus_intf/bus_buffer/_01012_ (net)
     1    0.63   24.77   12.77  962.85 ^ swerv.lsu.bus_intf/bus_buffer/_10858_/SN (FAx1_ASAP7_75t_R)
                                         swerv.lsu.bus_intf/bus_buffer/_01013_ (net)
                 24.77    0.00  962.85 ^ swerv.lsu.bus_intf/bus_buffer/_19584_/C (OR3x1_ASAP7_75t_R)
     1    1.08    9.33   16.53  979.39 ^ swerv.lsu.bus_intf/bus_buffer/_19584_/Y (OR3x1_ASAP7_75t_R)
                                         swerv.lsu.bus_intf/bus_buffer/_09480_ (net)
                  9.33    0.00  979.39 ^ swerv.lsu.bus_intf/bus_buffer/_19587_/A (NAND2x1_ASAP7_75t_R)
     1    0.69    6.88    6.35  985.74 v swerv.lsu.bus_intf/bus_buffer/_19587_/Y (NAND2x1_ASAP7_75t_R)
                                         swerv.dec.lsu_load_stall_any (net)
                  6.88    0.00  985.74 v place19953/A (BUFx3_ASAP7_75t_R)
     2    1.14    5.41   12.45  998.19 v place19953/Y (BUFx3_ASAP7_75t_R)
                                         net20061 (net)
                  5.41    0.00  998.19 v _0683_/B (OR2x2_ASAP7_75t_R)
     2    1.26    7.54   16.03 1014.22 v _0683_/Y (OR2x2_ASAP7_75t_R)
                                         _0184_ (net)
                  7.54    0.00 1014.22 v swerv.dec.decode/_14467_/B (OR2x2_ASAP7_75t_R)
     2    1.13    7.38   16.45 1030.67 v swerv.dec.decode/_14467_/Y (OR2x2_ASAP7_75t_R)
                                         swerv.dec.decode/_07408_ (net)
                  7.38    0.00 1030.67 v swerv.dec.decode/_07609_/A3 (AO32x1_ASAP7_75t_R)
     1    0.65    8.59   22.14 1052.80 v swerv.dec.decode/_07609_/Y (AO32x1_ASAP7_75t_R)
                                         swerv.dec.decode/_01743_ (net)
                  8.59    0.00 1052.80 v swerv.dec.decode/_07610_/C1 (AO222x2_ASAP7_75t_R)
     1    0.57    9.10   27.14 1079.95 v swerv.dec.decode/_07610_/Y (AO222x2_ASAP7_75t_R)
                                         swerv.dec.decode/_01744_ (net)
                  9.10    0.00 1079.95 v swerv.dec.decode/_07611_/B1 (AO221x1_ASAP7_75t_R)
     1    0.65    8.91   19.69 1099.64 v swerv.dec.decode/_07611_/Y (AO221x1_ASAP7_75t_R)
                                         swerv.dec.decode/_01745_ (net)
                  8.91    0.00 1099.64 v swerv.dec.decode/_07887_/C (OR3x1_ASAP7_75t_R)
     1    0.63    8.12   20.12 1119.76 v swerv.dec.decode/_07887_/Y (OR3x1_ASAP7_75t_R)
                                         swerv.dec.decode/_02015_ (net)
                  8.12    0.00 1119.76 v swerv.dec.decode/_07890_/D (OR4x1_ASAP7_75t_R)
     1    0.65    9.54   25.68 1145.44 v swerv.dec.decode/_07890_/Y (OR4x1_ASAP7_75t_R)
                                         swerv.dec.decode/_02018_ (net)
                  9.54    0.00 1145.44 v swerv.dec.decode/_07892_/C (OR3x1_ASAP7_75t_R)
     7    5.51   31.27   34.13 1179.57 v swerv.dec.decode/_07892_/Y (OR3x1_ASAP7_75t_R)
                                         swerv.dec.decode/_02019_ (net)
                 31.27    0.00 1179.57 v swerv.dec.decode/_07891_/A (INVx1_ASAP7_75t_R)
     2    1.35   16.04   13.29 1192.86 ^ swerv.dec.decode/_07891_/Y (INVx1_ASAP7_75t_R)
                                         swerv.dec.dec_i0_decode_d (net)
                 16.04    0.00 1192.86 ^ swerv.dec.decode/_08615_/A (AND4x1_ASAP7_75t_R)
     6    3.59   27.05   31.54 1224.40 ^ swerv.dec.decode/_08615_/Y (AND4x1_ASAP7_75t_R)
                                         swerv.dec.dec_i1_decode_d (net)
                 27.05    0.00 1224.40 ^ place19949/A (BUFx3_ASAP7_75t_R)
     6    4.71   13.10   20.63 1245.03 ^ place19949/Y (BUFx3_ASAP7_75t_R)
                                         net20057 (net)
                 13.10    0.00 1245.03 ^ place19948/A (BUFx3_ASAP7_75t_R)
    14    8.88   20.83   21.38 1266.41 ^ place19948/Y (BUFx3_ASAP7_75t_R)
                                         net20056 (net)
                 20.83    0.00 1266.41 ^ swerv.dec.decode/_13251_/A2 (AO21x1_ASAP7_75t_R)
     2    1.23   11.01   17.71 1284.12 ^ swerv.dec.decode/_13251_/Y (AO21x1_ASAP7_75t_R)
                                         swerv.dec.lsu_p[0] (net)
                 11.01    0.00 1284.12 ^ _0679_/C (OR4x1_ASAP7_75t_R)
     1    0.68    7.58   12.65 1296.77 ^ _0679_/Y (OR4x1_ASAP7_75t_R)
                                         _0180_ (net)
                  7.58    0.00 1296.77 ^ _0678_/A (INVx1_ASAP7_75t_R)
     1    0.68    5.78    5.23 1301.99 v _0678_/Y (INVx1_ASAP7_75t_R)
                                         _0179_ (net)
                  5.78    0.00 1301.99 v swerv.dma_ctrl/_5018_/A (INVx1_ASAP7_75t_R)
     2    1.22    9.29    6.77 1308.76 ^ swerv.dma_ctrl/_5018_/Y (INVx1_ASAP7_75t_R)
                                         swerv.dma_ctrl/_2033_ (net)
                  9.29    0.00 1308.76 ^ swerv.dma_ctrl/_4957_/A (OR4x1_ASAP7_75t_R)
     9    6.13   38.52   25.89 1334.65 ^ swerv.dma_ctrl/_4957_/Y (OR4x1_ASAP7_75t_R)
                                         swerv.dma_ctrl/_1974_ (net)
                 38.52    0.00 1334.65 ^ swerv.dma_ctrl/_4956_/A (INVx1_ASAP7_75t_R)
     2    2.01   18.55   15.02 1349.67 v swerv.dma_ctrl/_4956_/Y (INVx1_ASAP7_75t_R)
                                         swerv.dma_dccm_req (net)
                 18.55    0.00 1349.67 v swerv.lsu.lsu_lsc_ctl/_2473_/A (INVx2_ASAP7_75t_R)
    51   32.15   97.02   49.98 1399.66 ^ swerv.lsu.lsu_lsc_ctl/_2473_/Y (INVx2_ASAP7_75t_R)
                                         swerv.lsu.lsu_lsc_ctl/_0759_ (net)
                 97.02    0.00 1399.66 ^ swerv.lsu.lsu_lsc_ctl/_3933_/A (NOR2x1_ASAP7_75t_R)
    24   14.10   88.05   66.11 1465.77 v swerv.lsu.lsu_lsc_ctl/_3933_/Y (NOR2x1_ASAP7_75t_R)
                                         swerv.lsu.lsu_lsc_ctl/_1830_ (net)
                 88.05    0.00 1465.77 v swerv.lsu.lsu_lsc_ctl/_3939_/B1 (AO222x2_ASAP7_75t_R)
     1    0.62   10.21   43.68 1509.45 v swerv.lsu.lsu_lsc_ctl/_3939_/Y (AO222x2_ASAP7_75t_R)
                                         swerv.lsu.lsu_lsc_ctl/_1836_ (net)
                 10.21    0.00 1509.45 v swerv.lsu.lsu_lsc_ctl/sddc1ff.dout[24]$_DFF_PN0_/D (DFFASRHQNx1_ASAP7_75t_R)
                               1509.45   data arrival time

                       1600.00 1600.00   clock core_clock (rise edge)
                          0.00 1600.00   clock source latency
     1    0.45    0.00    0.00 1600.00 ^ clk (in)
                                         clk (net)
                  0.00    0.00 1600.00 ^ wire24257/A (BUFx2_ASAP7_75t_R)
     1    0.45    4.79    9.69 1609.69 ^ wire24257/Y (BUFx2_ASAP7_75t_R)
                                         net24483 (net)
                  4.79    0.00 1609.69 ^ wire24256/A (BUFx2_ASAP7_75t_R)
     1    0.85    5.93   11.81 1621.51 ^ wire24256/Y (BUFx2_ASAP7_75t_R)
                                         net24482 (net)
                  5.93    0.00 1621.51 ^ wire24255/A (BUFx4f_ASAP7_75t_R)
     2    4.01    9.22   13.54 1635.05 ^ wire24255/Y (BUFx4f_ASAP7_75t_R)
                                         net24481 (net)
                  9.22    0.00 1635.05 ^ clkbuf_regs_0_core_clock/A (BUFx24_ASAP7_75t_R)
     1    2.01    6.71   17.18 1652.23 ^ clkbuf_regs_0_core_clock/Y (BUFx24_ASAP7_75t_R)
                                         clk_regs (net)
                  6.71    0.00 1652.23 ^ clkbuf_0_clk_regs/A (BUFx24_ASAP7_75t_R)
     2    4.01    7.53   16.77 1669.01 ^ clkbuf_0_clk_regs/Y (BUFx24_ASAP7_75t_R)
                                         clknet_0_clk_regs (net)
                  7.53    0.00 1669.01 ^ clkbuf_1_1_0_clk_regs/A (BUFx24_ASAP7_75t_R)
     1    2.01    6.70   16.66 1685.66 ^ clkbuf_1_1_0_clk_regs/Y (BUFx24_ASAP7_75t_R)
                                         clknet_1_1_0_clk_regs (net)
                  6.70    0.00 1685.66 ^ clkbuf_1_1_1_clk_regs/A (BUFx24_ASAP7_75t_R)
     2    4.01    7.53   16.77 1702.43 ^ clkbuf_1_1_1_clk_regs/Y (BUFx24_ASAP7_75t_R)
                                         clknet_1_1_1_clk_regs (net)
                  7.53    0.00 1702.43 ^ clkbuf_2_2_0_clk_regs/A (BUFx24_ASAP7_75t_R)
     2    4.01    7.54   17.03 1719.47 ^ clkbuf_2_2_0_clk_regs/Y (BUFx24_ASAP7_75t_R)
                                         clknet_2_2_0_clk_regs (net)
                  7.54    0.00 1719.47 ^ clkbuf_3_5_0_clk_regs/A (BUFx24_ASAP7_75t_R)
     2    4.01    7.54   17.03 1736.50 ^ clkbuf_3_5_0_clk_regs/Y (BUFx24_ASAP7_75t_R)
                                         clknet_3_5_0_clk_regs (net)
                  7.54    0.00 1736.50 ^ clkbuf_4_11_0_clk_regs/A (BUFx24_ASAP7_75t_R)
     2    4.01    7.54   17.03 1753.53 ^ clkbuf_4_11_0_clk_regs/Y (BUFx24_ASAP7_75t_R)
                                         clknet_4_11_0_clk_regs (net)
                  7.54    0.00 1753.53 ^ clkbuf_5_22_0_clk_regs/A (BUFx24_ASAP7_75t_R)
     2    4.01    7.54   17.03 1770.57 ^ clkbuf_5_22_0_clk_regs/Y (BUFx24_ASAP7_75t_R)
                                         clknet_5_22_0_clk_regs (net)
                  7.54    0.00 1770.57 ^ clkbuf_6_45__f_clk_regs/A (BUFx24_ASAP7_75t_R)
    12   24.08   15.93   20.80 1791.36 ^ clkbuf_6_45__f_clk_regs/Y (BUFx24_ASAP7_75t_R)
                                         clknet_6_45__leaf_clk_regs (net)
                 15.93    0.00 1791.36 ^ clkbuf_leaf_171_clk_regs/A (BUFx24_ASAP7_75t_R)
    20    7.27    8.98   20.17 1811.53 ^ clkbuf_leaf_171_clk_regs/Y (BUFx24_ASAP7_75t_R)
                                         clknet_leaf_171_clk_regs_1 (net)
                  8.98    0.00 1811.53 ^ swerv.lsu.lsu_lsc_ctl/sddc1ff.dout[24]$_DFF_PN0_/CLK (DFFASRHQNx1_ASAP7_75t_R)
                          3.80 1815.33   clock reconvergence pessimism
                         -3.78 1811.56   library setup time
                               1811.56   data required time
-----------------------------------------------------------------------------
                               1811.56   data required time
                               -1509.45   data arrival time
-----------------------------------------------------------------------------
                                302.11   slack (MET)



==========================================================================
cts final report_checks -unconstrained
--------------------------------------------------------------------------
Startpoint: rst_l (input port clocked by core_clock)
Endpoint: swerv.exu/mul_e1.prod_e3_ff.dout[11]$_DFF_PN0_
          (recovery check against rising-edge clock core_clock)
Path Group: asynchronous
Path Type: max

Fanout     Cap    Slew   Delay    Time   Description
-----------------------------------------------------------------------------
                          0.00    0.00   clock core_clock (rise edge)
                          0.00    0.00   clock network delay (propagated)
                        320.00  320.00 ^ input external delay
     1    0.58    0.00    0.00  320.00 ^ rst_l (in)
                                         rst_l (net)
                  0.00    0.00  320.00 ^ input12702/A (BUFx2_ASAP7_75t_R)
     9    6.89   23.27   19.23  339.23 ^ input12702/Y (BUFx2_ASAP7_75t_R)
                                         net12652 (net)
                 23.27    0.00  339.23 ^ _0661_/B (OA21x2_ASAP7_75t_R)
     5    3.69   15.70   23.17  362.41 ^ _0661_/Y (OA21x2_ASAP7_75t_R)
                                         _0162_ (net)
                 15.70    0.00  362.41 ^ place23733/A (BUFx3_ASAP7_75t_R)
     6    4.80   12.96   18.26  380.66 ^ place23733/Y (BUFx3_ASAP7_75t_R)
                                         net23955 (net)
                 12.96    0.00  380.66 ^ place23648/A (BUFx3_ASAP7_75t_R)
    40   32.32   67.56   42.26  422.93 ^ place23648/Y (BUFx3_ASAP7_75t_R)
                                         net23866 (net)
                 67.56    0.00  422.93 ^ place23595/A (BUFx3_ASAP7_75t_R)
    38   30.18   63.90   49.36  472.29 ^ place23595/Y (BUFx3_ASAP7_75t_R)
                                         net23805 (net)
                 63.90    0.00  472.29 ^ place23591/A (BUFx3_ASAP7_75t_R)
    40   32.65   68.75   51.09  523.38 ^ place23591/Y (BUFx3_ASAP7_75t_R)
                                         net23801 (net)
                 68.75    0.00  523.38 ^ place23590/A (BUFx6f_ASAP7_75t_R)
    75   60.11   65.94   49.09  572.47 ^ place23590/Y (BUFx6f_ASAP7_75t_R)
                                         net23800 (net)
                 65.94    0.00  572.47 ^ place23589/A (BUFx3_ASAP7_75t_R)
    56   44.96   93.27   62.26  634.73 ^ place23589/Y (BUFx3_ASAP7_75t_R)
                                         net23799 (net)
                 93.27    0.00  634.73 ^ swerv.exu/mul_e1.prod_e3_ff.dout[11]$_DFF_PN0_/RESETN (DFFASRHQNx1_ASAP7_75t_R)
                                634.73   data arrival time

                       1600.00 1600.00   clock core_clock (rise edge)
                          0.00 1600.00   clock source latency
     1    0.45    0.00    0.00 1600.00 ^ clk (in)
                                         clk (net)
                  0.00    0.00 1600.00 ^ wire24257/A (BUFx2_ASAP7_75t_R)
     1    0.45    4.79    9.69 1609.69 ^ wire24257/Y (BUFx2_ASAP7_75t_R)
                                         net24483 (net)
                  4.79    0.00 1609.69 ^ wire24256/A (BUFx2_ASAP7_75t_R)
     1    0.85    5.93   11.81 1621.51 ^ wire24256/Y (BUFx2_ASAP7_75t_R)
                                         net24482 (net)
                  5.93    0.00 1621.51 ^ wire24255/A (BUFx4f_ASAP7_75t_R)
     2    4.01    9.22   13.54 1635.05 ^ wire24255/Y (BUFx4f_ASAP7_75t_R)
                                         net24481 (net)
                  9.22    0.00 1635.05 ^ clkbuf_regs_0_core_clock/A (BUFx24_ASAP7_75t_R)
     1    2.01    6.71   17.18 1652.23 ^ clkbuf_regs_0_core_clock/Y (BUFx24_ASAP7_75t_R)
                                         clk_regs (net)
                  6.71    0.00 1652.23 ^ clkbuf_0_clk_regs/A (BUFx24_ASAP7_75t_R)
     2    4.01    7.53   16.77 1669.01 ^ clkbuf_0_clk_regs/Y (BUFx24_ASAP7_75t_R)
                                         clknet_0_clk_regs (net)
                  7.53    0.00 1669.01 ^ clkbuf_1_1_0_clk_regs/A (BUFx24_ASAP7_75t_R)
     1    2.01    6.70   16.66 1685.66 ^ clkbuf_1_1_0_clk_regs/Y (BUFx24_ASAP7_75t_R)
                                         clknet_1_1_0_clk_regs (net)
                  6.70    0.00 1685.66 ^ clkbuf_1_1_1_clk_regs/A (BUFx24_ASAP7_75t_R)
     2    4.01    7.53   16.77 1702.43 ^ clkbuf_1_1_1_clk_regs/Y (BUFx24_ASAP7_75t_R)
                                         clknet_1_1_1_clk_regs (net)
                  7.53    0.00 1702.43 ^ clkbuf_2_3_0_clk_regs/A (BUFx24_ASAP7_75t_R)
     2    4.01    7.54   17.03 1719.47 ^ clkbuf_2_3_0_clk_regs/Y (BUFx24_ASAP7_75t_R)
                                         clknet_2_3_0_clk_regs (net)
                  7.54    0.00 1719.47 ^ clkbuf_3_7_0_clk_regs/A (BUFx24_ASAP7_75t_R)
     2    4.01    7.54   17.03 1736.50 ^ clkbuf_3_7_0_clk_regs/Y (BUFx24_ASAP7_75t_R)
                                         clknet_3_7_0_clk_regs (net)
                  7.54    0.00 1736.50 ^ clkbuf_4_14_0_clk_regs/A (BUFx24_ASAP7_75t_R)
     2    4.01    7.54   17.03 1753.53 ^ clkbuf_4_14_0_clk_regs/Y (BUFx24_ASAP7_75t_R)
                                         clknet_4_14_0_clk_regs (net)
                  7.54    0.00 1753.53 ^ clkbuf_5_28_0_clk_regs/A (BUFx24_ASAP7_75t_R)
     2    4.01    7.54   17.03 1770.57 ^ clkbuf_5_28_0_clk_regs/Y (BUFx24_ASAP7_75t_R)
                                         clknet_5_28_0_clk_regs (net)
                  7.54    0.00 1770.57 ^ clkbuf_6_56__f_clk_regs/A (BUFx24_ASAP7_75t_R)
    11   22.07   15.09   20.42 1790.99 ^ clkbuf_6_56__f_clk_regs/Y (BUFx24_ASAP7_75t_R)
                                         clknet_6_56__leaf_clk_regs (net)
                 15.09    0.00 1790.99 ^ clkbuf_leaf_282_clk_regs/A (BUFx24_ASAP7_75t_R)
    17    6.12    8.49   19.71 1810.69 ^ clkbuf_leaf_282_clk_regs/Y (BUFx24_ASAP7_75t_R)
                                         clknet_leaf_282_clk_regs_1 (net)
                  8.49    0.00 1810.69 ^ swerv.exu/mul_e1.prod_e3_ff.dout[11]$_DFF_PN0_/CLK (DFFASRHQNx1_ASAP7_75t_R)
                          0.00 1810.69   clock reconvergence pessimism
                         19.20 1829.89   library recovery time
                               1829.89   data required time
-----------------------------------------------------------------------------
                               1829.89   data required time
                               -634.73   data arrival time
-----------------------------------------------------------------------------
                               1195.17   slack (MET)


Startpoint: swerv.lsu.lsu_lsc_ctl/addr_in_pic_dc3ff.dout$_DFF_PN0_
            (rising edge-triggered flip-flop clocked by core_clock)
Endpoint: swerv.lsu.lsu_lsc_ctl/sddc1ff.dout[24]$_DFF_PN0_
          (rising edge-triggered flip-flop clocked by core_clock)
Path Group: core_clock
Path Type: max

Fanout     Cap    Slew   Delay    Time   Description
-----------------------------------------------------------------------------
                          0.00    0.00   clock core_clock (rise edge)
                          0.00    0.00   clock source latency
     1    0.58    0.00    0.00    0.00 ^ clk (in)
                                         clk (net)
                  0.00    0.00    0.00 ^ wire24257/A (BUFx2_ASAP7_75t_R)
     1    0.58    5.16    9.90    9.90 ^ wire24257/Y (BUFx2_ASAP7_75t_R)
                                         net24483 (net)
                  5.16    0.00    9.90 ^ wire24256/A (BUFx2_ASAP7_75t_R)
     1    1.09    6.62   12.32   22.22 ^ wire24256/Y (BUFx2_ASAP7_75t_R)
                                         net24482 (net)
                  6.62    0.00   22.22 ^ wire24255/A (BUFx4f_ASAP7_75t_R)
     2    5.21   10.96   14.72   36.94 ^ wire24255/Y (BUFx4f_ASAP7_75t_R)
                                         net24481 (net)
                 10.96    0.00   36.94 ^ clkbuf_regs_0_core_clock/A (BUFx24_ASAP7_75t_R)
     1    2.61    6.97   17.83   54.77 ^ clkbuf_regs_0_core_clock/Y (BUFx24_ASAP7_75t_R)
                                         clk_regs (net)
                  6.97    0.00   54.77 ^ clkbuf_0_clk_regs/A (BUFx24_ASAP7_75t_R)
     2    5.21    8.04   17.08   71.85 ^ clkbuf_0_clk_regs/Y (BUFx24_ASAP7_75t_R)
                                         clknet_0_clk_regs (net)
                  8.04    0.00   71.85 ^ clkbuf_1_1_0_clk_regs/A (BUFx24_ASAP7_75t_R)
     1    2.61    6.95   16.93   88.78 ^ clkbuf_1_1_0_clk_regs/Y (BUFx24_ASAP7_75t_R)
                                         clknet_1_1_0_clk_regs (net)
                  6.95    0.00   88.78 ^ clkbuf_1_1_1_clk_regs/A (BUFx24_ASAP7_75t_R)
     2    5.21    8.04   17.08  105.85 ^ clkbuf_1_1_1_clk_regs/Y (BUFx24_ASAP7_75t_R)
                                         clknet_1_1_1_clk_regs (net)
                  8.04    0.00  105.85 ^ clkbuf_2_2_0_clk_regs/A (BUFx24_ASAP7_75t_R)
     2    5.21    8.04   17.42  123.27 ^ clkbuf_2_2_0_clk_regs/Y (BUFx24_ASAP7_75t_R)
                                         clknet_2_2_0_clk_regs (net)
                  8.04    0.00  123.27 ^ clkbuf_3_4_0_clk_regs/A (BUFx24_ASAP7_75t_R)
     2    5.21    8.04   17.42  140.68 ^ clkbuf_3_4_0_clk_regs/Y (BUFx24_ASAP7_75t_R)
                                         clknet_3_4_0_clk_regs (net)
                  8.04    0.00  140.68 ^ clkbuf_4_9_0_clk_regs/A (BUFx24_ASAP7_75t_R)
     2    5.21    8.04   17.42  158.10 ^ clkbuf_4_9_0_clk_regs/Y (BUFx24_ASAP7_75t_R)
                                         clknet_4_9_0_clk_regs (net)
                  8.04    0.00  158.10 ^ clkbuf_5_19_0_clk_regs/A (BUFx24_ASAP7_75t_R)
     2    5.21    8.04   17.42  175.51 ^ clkbuf_5_19_0_clk_regs/Y (BUFx24_ASAP7_75t_R)
                                         clknet_5_19_0_clk_regs (net)
                  8.04    0.00  175.51 ^ clkbuf_6_38__f_clk_regs/A (BUFx24_ASAP7_75t_R)
    10   26.07   16.77   21.33  196.84 ^ clkbuf_6_38__f_clk_regs/Y (BUFx24_ASAP7_75t_R)
                                         clknet_6_38__leaf_clk_regs (net)
                 16.77    0.00  196.84 ^ clkbuf_leaf_186_clk_regs/A (BUFx24_ASAP7_75t_R)
    14    6.54    8.68   20.28  217.13 ^ clkbuf_leaf_186_clk_regs/Y (BUFx24_ASAP7_75t_R)
                                         clknet_leaf_186_clk_regs_1 (net)
                  8.68    0.00  217.13 ^ swerv.lsu.lsu_lsc_ctl/addr_in_pic_dc3ff.dout$_DFF_PN0_/CLK (DFFASRHQNx1_ASAP7_75t_R)
     1    0.69   13.22   37.93  255.05 ^ swerv.lsu.lsu_lsc_ctl/addr_in_pic_dc3ff.dout$_DFF_PN0_/QN (DFFASRHQNx1_ASAP7_75t_R)
                                         swerv.lsu.lsu_lsc_ctl/N655 (net)
                 13.22    0.00  255.05 ^ swerv.lsu.lsu_lsc_ctl/place23900/A (BUFx3_ASAP7_75t_R)
    33   22.71   48.25   33.83  288.88 ^ swerv.lsu.lsu_lsc_ctl/place23900/Y (BUFx3_ASAP7_75t_R)
                                         swerv.lsu.lsu_lsc_ctl/net24126 (net)
                 48.25    0.00  288.88 ^ swerv.lsu.lsu_lsc_ctl/_2296_/A (INVx3_ASAP7_75t_R)
    37   39.12   71.44   46.93  335.81 v swerv.lsu.lsu_lsc_ctl/_2296_/Y (INVx3_ASAP7_75t_R)
                                         swerv.lsu.addr_in_pic_dc3 (net)
                 71.44    0.00  335.81 v place22868/A (BUFx6f_ASAP7_75t_R)
    65   62.51   58.45   51.51  387.32 v place22868/Y (BUFx6f_ASAP7_75t_R)
                                         net23025 (net)
                 58.45    0.00  387.32 v swerv.lsu.dccm_ctl/place22867/A (BUFx3_ASAP7_75t_R)
    47   46.03   78.85   61.14  448.47 v swerv.lsu.dccm_ctl/place22867/Y (BUFx3_ASAP7_75t_R)
                                         swerv.lsu.dccm_ctl/net23024 (net)
                 78.85    0.00  448.47 v swerv.lsu.dccm_ctl/_0862_/A1 (AO21x1_ASAP7_75t_R)
     2    1.27   11.46   30.51  478.98 v swerv.lsu.dccm_ctl/_0862_/Y (AO21x1_ASAP7_75t_R)
                                         swerv.lsu.dccm_ctl/_0180_ (net)
                 11.46    0.00  478.98 v swerv.lsu.dccm_ctl/_1241_/B (AO21x1_ASAP7_75t_R)
     2    1.82   13.15   19.60  498.59 v swerv.lsu.dccm_ctl/_1241_/Y (AO21x1_ASAP7_75t_R)
                                         swerv.lsu.dccm_ctl/_0477_ (net)
                 13.15    0.00  498.59 v swerv.lsu.dccm_ctl/_1243_/A2 (AOI22x1_ASAP7_75t_R)
     2    1.27   17.04   12.15  510.73 ^ swerv.lsu.dccm_ctl/_1243_/Y (AOI22x1_ASAP7_75t_R)
                                         swerv.lsu.dccm_ctl/_0479_ (net)
                 17.04    0.00  510.73 ^ swerv.lsu.dccm_ctl/_1247_/A2 (AO21x1_ASAP7_75t_R)
     1    0.57    7.72   14.81  525.54 ^ swerv.lsu.dccm_ctl/_1247_/Y (AO21x1_ASAP7_75t_R)
                                         swerv.lsu.lsu_ld_data_dc3[2] (net)
                  7.72    0.00  525.54 ^ swerv.lsu.lsu_lsc_ctl/_2944_/A (AND2x2_ASAP7_75t_R)
     1    0.65    8.30   13.81  539.35 ^ swerv.lsu.lsu_lsc_ctl/_2944_/Y (AND2x2_ASAP7_75t_R)
                                         swerv.lsu.lsu_lsc_ctl/_0923_ (net)
                  8.30    0.00  539.35 ^ swerv.lsu.lsu_lsc_ctl/_2945_/A2 (OA21x2_ASAP7_75t_R)
     8    6.08   22.60   23.48  562.83 ^ swerv.lsu.lsu_lsc_ctl/_2945_/Y (OA21x2_ASAP7_75t_R)
                                         swerv.dec.lsu_result_dc3[2] (net)
                 22.60    0.00  562.83 ^ swerv.lsu.lsu_lsc_ctl/_2946_/A2 (AO21x1_ASAP7_75t_R)
     3    4.25   28.65   26.37  589.20 ^ swerv.lsu.lsu_lsc_ctl/_2946_/Y (AO21x1_ASAP7_75t_R)
                                         swerv_wrapper/lsu_lsc_ctl/_0924_ (net)
                 28.65    0.00  589.20 ^ swerv.lsu.lsu_lsc_ctl/end_addr_dc1\\ALU_32_0_32_0_32_unused_CO_X_HAN_CARLSON/_325_/B (XOR2x2_ASAP7_75t_R)
     2    2.58   12.59   23.09  612.29 ^ swerv.lsu.lsu_lsc_ctl/end_addr_dc1\\ALU_32_0_32_0_32_unused_CO_X_HAN_CARLSON/_325_/Y (XOR2x2_ASAP7_75t_R)
                                         swerv.lsu.lsu_lsc_ctl/end_addr_dc1\\ALU_32_0_32_0_32_unused_CO_X_HAN_CARLSON/_109_ (net)
                 12.59    0.00  612.29 ^ swerv.lsu.lsu_lsc_ctl/end_addr_dc1\\ALU_32_0_32_0_32_unused_CO_X_HAN_CARLSON/_242_/CI (FAx1_ASAP7_75t_R)
     1    0.68   21.45   27.92  640.21 v swerv.lsu.lsu_lsc_ctl/end_addr_dc1\\ALU_32_0_32_0_32_unused_CO_X_HAN_CARLSON/_242_/SN (FAx1_ASAP7_75t_R)
                                         swerv.lsu.lsu_lsc_ctl/end_addr_dc1\\ALU_32_0_32_0_32_unused_CO_X_HAN_CARLSON/_027_ (net)
                 21.45    0.00  640.21 v swerv.lsu.lsu_lsc_ctl/end_addr_dc1\\ALU_32_0_32_0_32_unused_CO_X_HAN_CARLSON/_308_/A (INVx1_ASAP7_75t_R)
     2    1.39   14.01   11.62  651.83 ^ swerv.lsu.lsu_lsc_ctl/end_addr_dc1\\ALU_32_0_32_0_32_unused_CO_X_HAN_CARLSON/_308_/Y (INVx1_ASAP7_75t_R)
                                         swerv.lsu.end_addr_dc1[2] (net)
                 14.01    0.00  651.83 ^ place20329/A (BUFx3_ASAP7_75t_R)
     6    4.84   12.99   17.83  669.66 ^ place20329/Y (BUFx3_ASAP7_75t_R)
                                         dccm_rd_addr_hi[2] (net)
                 12.99    0.00  669.66 ^ swerv.lsu.bus_intf/_3689_/A (XOR2x2_ASAP7_75t_R)
     3    1.96    9.84   22.16  691.82 v swerv.lsu.bus_intf/_3689_/Y (XOR2x2_ASAP7_75t_R)
                                         swerv_wrapper/lsu_bus_intf/_1820_ (net)
                  9.84    0.00  691.82 v swerv.lsu.bus_intf/bus_buffer/_12021_/A (INVx1_ASAP7_75t_R)
     1    0.65    7.17    6.36  698.19 ^ swerv.lsu.bus_intf/bus_buffer/_12021_/Y (INVx1_ASAP7_75t_R)
                                         swerv.lsu.bus_intf/bus_buffer/_02079_ (net)
                  7.17    0.00  698.19 ^ swerv.lsu.bus_intf/bus_buffer/_14378_/A (AND3x1_ASAP7_75t_R)
     1    2.04   16.73   21.05  719.24 ^ swerv.lsu.bus_intf/bus_buffer/_14378_/Y (AND3x1_ASAP7_75t_R)
                                         swerv.lsu.bus_intf/bus_buffer/_04396_ (net)
                 16.73    0.00  719.24 ^ swerv.lsu.bus_intf/bus_buffer/_10850_/A (FAx1_ASAP7_75t_R)
     1    0.68   20.52   29.33  748.56 v swerv.lsu.bus_intf/bus_buffer/_10850_/SN (FAx1_ASAP7_75t_R)
                                         swerv.lsu.bus_intf/bus_buffer/_01000_ (net)
                 20.52    0.00  748.56 v swerv.lsu.bus_intf/bus_buffer/_14053_/A (INVx1_ASAP7_75t_R)
     1    2.24   18.14   14.18  762.75 ^ swerv.lsu.bus_intf/bus_buffer/_14053_/Y (INVx1_ASAP7_75t_R)
                                         swerv.lsu.bus_intf/bus_buffer/_04071_ (net)
                 18.14    0.00  762.75 ^ swerv.lsu.bus_intf/bus_buffer/_10837_/B (FAx1_ASAP7_75t_R)
     1    0.68   23.62   29.29  792.03 v swerv.lsu.bus_intf/bus_buffer/_10837_/SN (FAx1_ASAP7_75t_R)
                                         swerv.lsu.bus_intf/bus_buffer/_00974_ (net)
                 23.62    0.00  792.03 v swerv.lsu.bus_intf/bus_buffer/_14114_/A (INVx1_ASAP7_75t_R)
     1    2.24   18.92   14.91  806.94 ^ swerv.lsu.bus_intf/bus_buffer/_14114_/Y (INVx1_ASAP7_75t_R)
                                         swerv.lsu.bus_intf/bus_buffer/_04132_ (net)
                 18.92    0.00  806.94 ^ swerv.lsu.bus_intf/bus_buffer/_10847_/B (FAx1_ASAP7_75t_R)
     1    0.68   19.95   29.51  836.46 v swerv.lsu.bus_intf/bus_buffer/_10847_/SN (FAx1_ASAP7_75t_R)
                                         swerv.lsu.bus_intf/bus_buffer/_00994_ (net)
                 19.95    0.00  836.46 v swerv.lsu.bus_intf/bus_buffer/_14151_/A (INVx1_ASAP7_75t_R)
     1    1.65   15.00   12.20  848.66 ^ swerv.lsu.bus_intf/bus_buffer/_14151_/Y (INVx1_ASAP7_75t_R)
                                         swerv.lsu.bus_intf/bus_buffer/_04169_ (net)
                 15.00    0.00  848.66 ^ swerv.lsu.bus_intf/bus_buffer/_10836_/CI (FAx1_ASAP7_75t_R)
     1    0.68   21.57   28.62  877.27 v swerv.lsu.bus_intf/bus_buffer/_10836_/SN (FAx1_ASAP7_75t_R)
                                         swerv.lsu.bus_intf/bus_buffer/_00972_ (net)
                 21.57    0.00  877.27 v swerv.lsu.bus_intf/bus_buffer/_14168_/A (INVx1_ASAP7_75t_R)
     1    0.93   11.59    9.77  887.04 ^ swerv.lsu.bus_intf/bus_buffer/_14168_/Y (INVx1_ASAP7_75t_R)
                                         swerv.lsu.bus_intf/bus_buffer/_04186_ (net)
                 11.59    0.00  887.04 ^ swerv.lsu.bus_intf/bus_buffer/_10864_/B (HAxp5_ASAP7_75t_R)
     1    0.68   17.57   10.65  897.69 v swerv.lsu.bus_intf/bus_buffer/_10864_/CON (HAxp5_ASAP7_75t_R)
                                         swerv.lsu.bus_intf/bus_buffer/_01023_ (net)
                 17.57    0.00  897.69 v swerv.lsu.bus_intf/bus_buffer/_14170_/A (INVx1_ASAP7_75t_R)
     1    1.65   14.39   11.51  909.20 ^ swerv.lsu.bus_intf/bus_buffer/_14170_/Y (INVx1_ASAP7_75t_R)
                                         swerv.lsu.bus_intf/bus_buffer/_04188_ (net)
                 14.39    0.00  909.20 ^ swerv.lsu.bus_intf/bus_buffer/_10854_/CI (FAx1_ASAP7_75t_R)
     1    0.68   19.06   13.56  922.75 v swerv.lsu.bus_intf/bus_buffer/_10854_/CON (FAx1_ASAP7_75t_R)
                                         swerv.lsu.bus_intf/bus_buffer/_01007_ (net)
                 19.06    0.00  922.75 v swerv.lsu.bus_intf/bus_buffer/_14178_/A (INVx1_ASAP7_75t_R)
     1    1.65   14.77   11.94  934.69 ^ swerv.lsu.bus_intf/bus_buffer/_14178_/Y (INVx1_ASAP7_75t_R)
                                         swerv.lsu.bus_intf/bus_buffer/_04196_ (net)
                 14.77    0.00  934.69 ^ swerv.lsu.bus_intf/bus_buffer/_10858_/CI (FAx1_ASAP7_75t_R)
     1    1.08   21.89   15.39  950.08 v swerv.lsu.bus_intf/bus_buffer/_10858_/CON (FAx1_ASAP7_75t_R)
                                         swerv.lsu.bus_intf/bus_buffer/_01012_ (net)
     1    0.63   24.77   12.77  962.85 ^ swerv.lsu.bus_intf/bus_buffer/_10858_/SN (FAx1_ASAP7_75t_R)
                                         swerv.lsu.bus_intf/bus_buffer/_01013_ (net)
                 24.77    0.00  962.85 ^ swerv.lsu.bus_intf/bus_buffer/_19584_/C (OR3x1_ASAP7_75t_R)
     1    1.08    9.33   16.53  979.39 ^ swerv.lsu.bus_intf/bus_buffer/_19584_/Y (OR3x1_ASAP7_75t_R)
                                         swerv.lsu.bus_intf/bus_buffer/_09480_ (net)
                  9.33    0.00  979.39 ^ swerv.lsu.bus_intf/bus_buffer/_19587_/A (NAND2x1_ASAP7_75t_R)
     1    0.69    6.88    6.35  985.74 v swerv.lsu.bus_intf/bus_buffer/_19587_/Y (NAND2x1_ASAP7_75t_R)
                                         swerv.dec.lsu_load_stall_any (net)
                  6.88    0.00  985.74 v place19953/A (BUFx3_ASAP7_75t_R)
     2    1.14    5.41   12.45  998.19 v place19953/Y (BUFx3_ASAP7_75t_R)
                                         net20061 (net)
                  5.41    0.00  998.19 v _0683_/B (OR2x2_ASAP7_75t_R)
     2    1.26    7.54   16.03 1014.22 v _0683_/Y (OR2x2_ASAP7_75t_R)
                                         _0184_ (net)
                  7.54    0.00 1014.22 v swerv.dec.decode/_14467_/B (OR2x2_ASAP7_75t_R)
     2    1.13    7.38   16.45 1030.67 v swerv.dec.decode/_14467_/Y (OR2x2_ASAP7_75t_R)
                                         swerv.dec.decode/_07408_ (net)
                  7.38    0.00 1030.67 v swerv.dec.decode/_07609_/A3 (AO32x1_ASAP7_75t_R)
     1    0.65    8.59   22.14 1052.80 v swerv.dec.decode/_07609_/Y (AO32x1_ASAP7_75t_R)
                                         swerv.dec.decode/_01743_ (net)
                  8.59    0.00 1052.80 v swerv.dec.decode/_07610_/C1 (AO222x2_ASAP7_75t_R)
     1    0.57    9.10   27.14 1079.95 v swerv.dec.decode/_07610_/Y (AO222x2_ASAP7_75t_R)
                                         swerv.dec.decode/_01744_ (net)
                  9.10    0.00 1079.95 v swerv.dec.decode/_07611_/B1 (AO221x1_ASAP7_75t_R)
     1    0.65    8.91   19.69 1099.64 v swerv.dec.decode/_07611_/Y (AO221x1_ASAP7_75t_R)
                                         swerv.dec.decode/_01745_ (net)
                  8.91    0.00 1099.64 v swerv.dec.decode/_07887_/C (OR3x1_ASAP7_75t_R)
     1    0.63    8.12   20.12 1119.76 v swerv.dec.decode/_07887_/Y (OR3x1_ASAP7_75t_R)
                                         swerv.dec.decode/_02015_ (net)
                  8.12    0.00 1119.76 v swerv.dec.decode/_07890_/D (OR4x1_ASAP7_75t_R)
     1    0.65    9.54   25.68 1145.44 v swerv.dec.decode/_07890_/Y (OR4x1_ASAP7_75t_R)
                                         swerv.dec.decode/_02018_ (net)
                  9.54    0.00 1145.44 v swerv.dec.decode/_07892_/C (OR3x1_ASAP7_75t_R)
     7    5.51   31.27   34.13 1179.57 v swerv.dec.decode/_07892_/Y (OR3x1_ASAP7_75t_R)
                                         swerv.dec.decode/_02019_ (net)
                 31.27    0.00 1179.57 v swerv.dec.decode/_07891_/A (INVx1_ASAP7_75t_R)
     2    1.35   16.04   13.29 1192.86 ^ swerv.dec.decode/_07891_/Y (INVx1_ASAP7_75t_R)
                                         swerv.dec.dec_i0_decode_d (net)
                 16.04    0.00 1192.86 ^ swerv.dec.decode/_08615_/A (AND4x1_ASAP7_75t_R)
     6    3.59   27.05   31.54 1224.40 ^ swerv.dec.decode/_08615_/Y (AND4x1_ASAP7_75t_R)
                                         swerv.dec.dec_i1_decode_d (net)
                 27.05    0.00 1224.40 ^ place19949/A (BUFx3_ASAP7_75t_R)
     6    4.71   13.10   20.63 1245.03 ^ place19949/Y (BUFx3_ASAP7_75t_R)
                                         net20057 (net)
                 13.10    0.00 1245.03 ^ place19948/A (BUFx3_ASAP7_75t_R)
    14    8.88   20.83   21.38 1266.41 ^ place19948/Y (BUFx3_ASAP7_75t_R)
                                         net20056 (net)
                 20.83    0.00 1266.41 ^ swerv.dec.decode/_13251_/A2 (AO21x1_ASAP7_75t_R)
     2    1.23   11.01   17.71 1284.12 ^ swerv.dec.decode/_13251_/Y (AO21x1_ASAP7_75t_R)
                                         swerv.dec.lsu_p[0] (net)
                 11.01    0.00 1284.12 ^ _0679_/C (OR4x1_ASAP7_75t_R)
     1    0.68    7.58   12.65 1296.77 ^ _0679_/Y (OR4x1_ASAP7_75t_R)
                                         _0180_ (net)
                  7.58    0.00 1296.77 ^ _0678_/A (INVx1_ASAP7_75t_R)
     1    0.68    5.78    5.23 1301.99 v _0678_/Y (INVx1_ASAP7_75t_R)
                                         _0179_ (net)
                  5.78    0.00 1301.99 v swerv.dma_ctrl/_5018_/A (INVx1_ASAP7_75t_R)
     2    1.22    9.29    6.77 1308.76 ^ swerv.dma_ctrl/_5018_/Y (INVx1_ASAP7_75t_R)
                                         swerv.dma_ctrl/_2033_ (net)
                  9.29    0.00 1308.76 ^ swerv.dma_ctrl/_4957_/A (OR4x1_ASAP7_75t_R)
     9    6.13   38.52   25.89 1334.65 ^ swerv.dma_ctrl/_4957_/Y (OR4x1_ASAP7_75t_R)
                                         swerv.dma_ctrl/_1974_ (net)
                 38.52    0.00 1334.65 ^ swerv.dma_ctrl/_4956_/A (INVx1_ASAP7_75t_R)
     2    2.01   18.55   15.02 1349.67 v swerv.dma_ctrl/_4956_/Y (INVx1_ASAP7_75t_R)
                                         swerv.dma_dccm_req (net)
                 18.55    0.00 1349.67 v swerv.lsu.lsu_lsc_ctl/_2473_/A (INVx2_ASAP7_75t_R)
    51   32.15   97.02   49.98 1399.66 ^ swerv.lsu.lsu_lsc_ctl/_2473_/Y (INVx2_ASAP7_75t_R)
                                         swerv.lsu.lsu_lsc_ctl/_0759_ (net)
                 97.02    0.00 1399.66 ^ swerv.lsu.lsu_lsc_ctl/_3933_/A (NOR2x1_ASAP7_75t_R)
    24   14.10   88.05   66.11 1465.77 v swerv.lsu.lsu_lsc_ctl/_3933_/Y (NOR2x1_ASAP7_75t_R)
                                         swerv.lsu.lsu_lsc_ctl/_1830_ (net)
                 88.05    0.00 1465.77 v swerv.lsu.lsu_lsc_ctl/_3939_/B1 (AO222x2_ASAP7_75t_R)
     1    0.62   10.21   43.68 1509.45 v swerv.lsu.lsu_lsc_ctl/_3939_/Y (AO222x2_ASAP7_75t_R)
                                         swerv.lsu.lsu_lsc_ctl/_1836_ (net)
                 10.21    0.00 1509.45 v swerv.lsu.lsu_lsc_ctl/sddc1ff.dout[24]$_DFF_PN0_/D (DFFASRHQNx1_ASAP7_75t_R)
                               1509.45   data arrival time

                       1600.00 1600.00   clock core_clock (rise edge)
                          0.00 1600.00   clock source latency
     1    0.45    0.00    0.00 1600.00 ^ clk (in)
                                         clk (net)
                  0.00    0.00 1600.00 ^ wire24257/A (BUFx2_ASAP7_75t_R)
     1    0.45    4.79    9.69 1609.69 ^ wire24257/Y (BUFx2_ASAP7_75t_R)
                                         net24483 (net)
                  4.79    0.00 1609.69 ^ wire24256/A (BUFx2_ASAP7_75t_R)
     1    0.85    5.93   11.81 1621.51 ^ wire24256/Y (BUFx2_ASAP7_75t_R)
                                         net24482 (net)
                  5.93    0.00 1621.51 ^ wire24255/A (BUFx4f_ASAP7_75t_R)
     2    4.01    9.22   13.54 1635.05 ^ wire24255/Y (BUFx4f_ASAP7_75t_R)
                                         net24481 (net)
                  9.22    0.00 1635.05 ^ clkbuf_regs_0_core_clock/A (BUFx24_ASAP7_75t_R)
     1    2.01    6.71   17.18 1652.23 ^ clkbuf_regs_0_core_clock/Y (BUFx24_ASAP7_75t_R)
                                         clk_regs (net)
                  6.71    0.00 1652.23 ^ clkbuf_0_clk_regs/A (BUFx24_ASAP7_75t_R)
     2    4.01    7.53   16.77 1669.01 ^ clkbuf_0_clk_regs/Y (BUFx24_ASAP7_75t_R)
                                         clknet_0_clk_regs (net)
                  7.53    0.00 1669.01 ^ clkbuf_1_1_0_clk_regs/A (BUFx24_ASAP7_75t_R)
     1    2.01    6.70   16.66 1685.66 ^ clkbuf_1_1_0_clk_regs/Y (BUFx24_ASAP7_75t_R)
                                         clknet_1_1_0_clk_regs (net)
                  6.70    0.00 1685.66 ^ clkbuf_1_1_1_clk_regs/A (BUFx24_ASAP7_75t_R)
     2    4.01    7.53   16.77 1702.43 ^ clkbuf_1_1_1_clk_regs/Y (BUFx24_ASAP7_75t_R)
                                         clknet_1_1_1_clk_regs (net)
                  7.53    0.00 1702.43 ^ clkbuf_2_2_0_clk_regs/A (BUFx24_ASAP7_75t_R)
     2    4.01    7.54   17.03 1719.47 ^ clkbuf_2_2_0_clk_regs/Y (BUFx24_ASAP7_75t_R)
                                         clknet_2_2_0_clk_regs (net)
                  7.54    0.00 1719.47 ^ clkbuf_3_5_0_clk_regs/A (BUFx24_ASAP7_75t_R)
     2    4.01    7.54   17.03 1736.50 ^ clkbuf_3_5_0_clk_regs/Y (BUFx24_ASAP7_75t_R)
                                         clknet_3_5_0_clk_regs (net)
                  7.54    0.00 1736.50 ^ clkbuf_4_11_0_clk_regs/A (BUFx24_ASAP7_75t_R)
     2    4.01    7.54   17.03 1753.53 ^ clkbuf_4_11_0_clk_regs/Y (BUFx24_ASAP7_75t_R)
                                         clknet_4_11_0_clk_regs (net)
                  7.54    0.00 1753.53 ^ clkbuf_5_22_0_clk_regs/A (BUFx24_ASAP7_75t_R)
     2    4.01    7.54   17.03 1770.57 ^ clkbuf_5_22_0_clk_regs/Y (BUFx24_ASAP7_75t_R)
                                         clknet_5_22_0_clk_regs (net)
                  7.54    0.00 1770.57 ^ clkbuf_6_45__f_clk_regs/A (BUFx24_ASAP7_75t_R)
    12   24.08   15.93   20.80 1791.36 ^ clkbuf_6_45__f_clk_regs/Y (BUFx24_ASAP7_75t_R)
                                         clknet_6_45__leaf_clk_regs (net)
                 15.93    0.00 1791.36 ^ clkbuf_leaf_171_clk_regs/A (BUFx24_ASAP7_75t_R)
    20    7.27    8.98   20.17 1811.53 ^ clkbuf_leaf_171_clk_regs/Y (BUFx24_ASAP7_75t_R)
                                         clknet_leaf_171_clk_regs_1 (net)
                  8.98    0.00 1811.53 ^ swerv.lsu.lsu_lsc_ctl/sddc1ff.dout[24]$_DFF_PN0_/CLK (DFFASRHQNx1_ASAP7_75t_R)
                          3.80 1815.33   clock reconvergence pessimism
                         -3.78 1811.56   library setup time
                               1811.56   data required time
-----------------------------------------------------------------------------
                               1811.56   data required time
                               -1509.45   data arrival time
-----------------------------------------------------------------------------
                                302.11   slack (MET)



==========================================================================
cts final report_check_types -max_slew -max_cap -max_fanout -violators
--------------------------------------------------------------------------
max slew

Pin                                    Limit    Slew   Slack
------------------------------------------------------------
swerv.dma_ctrl/_5105_/Y               320.00  438.89 -118.89 (VIOLATED)
swerv.dma_ctrl/_5106_/B               320.00  438.89 -118.89 (VIOLATED)
swerv.dma_ctrl/_5109_/A1              320.00  438.89 -118.89 (VIOLATED)
swerv.dma_ctrl/_5152_/C               320.00  438.89 -118.89 (VIOLATED)
swerv.dma_ctrl/_5154_/B               320.00  438.89 -118.89 (VIOLATED)
swerv.dma_ctrl/_5156_/C               320.00  438.89 -118.89 (VIOLATED)
swerv.dma_ctrl/_5174_/B               320.00  438.89 -118.89 (VIOLATED)
swerv.dma_ctrl/_5178_/A1              320.00  438.89 -118.89 (VIOLATED)
swerv.dma_ctrl/_5184_/B               320.00  438.89 -118.89 (VIOLATED)
swerv.dma_ctrl/_5187_/A1              320.00  438.89 -118.89 (VIOLATED)
swerv.dma_ctrl/_5193_/B               320.00  438.89 -118.89 (VIOLATED)
swerv.dma_ctrl/_5197_/A1              320.00  438.89 -118.89 (VIOLATED)
swerv.dma_ctrl/_5205_/B               320.00  438.89 -118.89 (VIOLATED)
swerv.dma_ctrl/_5208_/A1              320.00  438.89 -118.89 (VIOLATED)
swerv.dma_ctrl/_5216_/B               320.00  438.89 -118.89 (VIOLATED)
swerv.dma_ctrl/_5219_/A1              320.00  438.89 -118.89 (VIOLATED)
swerv.dma_ctrl/_5227_/B               320.00  438.89 -118.89 (VIOLATED)
swerv.dma_ctrl/_5230_/A1              320.00  438.89 -118.89 (VIOLATED)
swerv.dma_ctrl/_5238_/B               320.00  438.89 -118.89 (VIOLATED)
swerv.dma_ctrl/_5241_/A1              320.00  438.89 -118.89 (VIOLATED)
swerv.dma_ctrl/_5249_/B               320.00  438.89 -118.89 (VIOLATED)
swerv.dma_ctrl/_5252_/A1              320.00  438.89 -118.89 (VIOLATED)
swerv.dma_ctrl/_5261_/B               320.00  438.89 -118.89 (VIOLATED)
swerv.dma_ctrl/_5265_/A1              320.00  438.89 -118.89 (VIOLATED)
swerv.dma_ctrl/_5273_/B               320.00  438.89 -118.89 (VIOLATED)
swerv.dma_ctrl/_5276_/A1              320.00  438.89 -118.89 (VIOLATED)
swerv.dma_ctrl/_5284_/B               320.00  438.89 -118.89 (VIOLATED)
swerv.dma_ctrl/_5287_/A1              320.00  438.89 -118.89 (VIOLATED)
swerv.dma_ctrl/_5295_/B               320.00  438.89 -118.89 (VIOLATED)
swerv.dma_ctrl/_5298_/A1              320.00  438.89 -118.89 (VIOLATED)
swerv.dma_ctrl/_5307_/B               320.00  438.89 -118.89 (VIOLATED)
swerv.dma_ctrl/_5310_/A1              320.00  438.89 -118.89 (VIOLATED)
swerv.dma_ctrl/_5318_/B               320.00  438.89 -118.89 (VIOLATED)
swerv.dma_ctrl/_5321_/A1              320.00  438.89 -118.89 (VIOLATED)
swerv.dma_ctrl/_5329_/B               320.00  438.89 -118.89 (VIOLATED)
swerv.dma_ctrl/_5332_/A1              320.00  438.89 -118.89 (VIOLATED)
swerv.dma_ctrl/_5338_/B               320.00  438.89 -118.89 (VIOLATED)
swerv.dma_ctrl/_5341_/A1              320.00  438.89 -118.89 (VIOLATED)
swerv.dma_ctrl/_5349_/B               320.00  438.89 -118.89 (VIOLATED)
swerv.dma_ctrl/_5352_/A1              320.00  438.89 -118.89 (VIOLATED)
swerv.dma_ctrl/_5360_/B               320.00  438.89 -118.89 (VIOLATED)
swerv.dma_ctrl/_5364_/A1              320.00  438.89 -118.89 (VIOLATED)
swerv.dma_ctrl/_5372_/B               320.00  438.89 -118.89 (VIOLATED)
swerv.dma_ctrl/_5375_/A1              320.00  438.89 -118.89 (VIOLATED)
swerv.dma_ctrl/_5381_/B               320.00  438.89 -118.89 (VIOLATED)
swerv.dma_ctrl/_5384_/A1              320.00  438.89 -118.89 (VIOLATED)
swerv.dma_ctrl/_5392_/B               320.00  438.89 -118.89 (VIOLATED)
swerv.dma_ctrl/_5395_/A1              320.00  438.89 -118.89 (VIOLATED)
swerv.dma_ctrl/_5403_/B               320.00  438.89 -118.89 (VIOLATED)
swerv.dma_ctrl/_5406_/A1              320.00  438.89 -118.89 (VIOLATED)
swerv.dma_ctrl/_5414_/B               320.00  438.89 -118.89 (VIOLATED)
swerv.dma_ctrl/_5417_/A1              320.00  438.89 -118.89 (VIOLATED)
swerv.dma_ctrl/_5425_/B               320.00  438.89 -118.89 (VIOLATED)
swerv.dma_ctrl/_5429_/A1              320.00  438.89 -118.89 (VIOLATED)
swerv.dma_ctrl/_5437_/B               320.00  438.89 -118.89 (VIOLATED)
swerv.dma_ctrl/_5440_/A1              320.00  438.89 -118.89 (VIOLATED)
swerv.dma_ctrl/_5448_/B               320.00  438.89 -118.89 (VIOLATED)
swerv.dma_ctrl/_5451_/A1              320.00  438.89 -118.89 (VIOLATED)
swerv.dma_ctrl/_5459_/B               320.00  438.89 -118.89 (VIOLATED)
swerv.dma_ctrl/_5462_/A1              320.00  438.89 -118.89 (VIOLATED)
swerv.dma_ctrl/_5472_/B               320.00  438.89 -118.89 (VIOLATED)
swerv.dma_ctrl/_5476_/A1              320.00  438.89 -118.89 (VIOLATED)
swerv.dma_ctrl/_5484_/B               320.00  438.89 -118.89 (VIOLATED)
swerv.dma_ctrl/_5487_/A1              320.00  438.89 -118.89 (VIOLATED)
swerv.dma_ctrl/_5495_/B               320.00  438.89 -118.89 (VIOLATED)
swerv.dma_ctrl/_5498_/A1              320.00  438.89 -118.89 (VIOLATED)
swerv.dma_ctrl/_5506_/B               320.00  438.89 -118.89 (VIOLATED)
swerv.dma_ctrl/_5509_/A1              320.00  438.89 -118.89 (VIOLATED)
swerv.dma_ctrl/_5518_/B               320.00  438.89 -118.89 (VIOLATED)
swerv.dma_ctrl/_5521_/A               320.00  438.89 -118.89 (VIOLATED)
swerv.dma_ctrl/_5523_/B               320.00  438.89 -118.89 (VIOLATED)
swerv.dma_ctrl/_5526_/B               320.00  438.89 -118.89 (VIOLATED)
swerv.dma_ctrl/_5529_/A               320.00  438.89 -118.89 (VIOLATED)
swerv.dma_ctrl/_5534_/A               320.00  438.89 -118.89 (VIOLATED)
swerv.dma_ctrl/_5539_/A               320.00  438.89 -118.89 (VIOLATED)
swerv.dma_ctrl/_5546_/B               320.00  438.89 -118.89 (VIOLATED)
swerv.dma_ctrl/_5551_/A               320.00  438.89 -118.89 (VIOLATED)
swerv.dma_ctrl/_5556_/A               320.00  438.89 -118.89 (VIOLATED)
swerv.dma_ctrl/_5561_/A               320.00  438.89 -118.89 (VIOLATED)
swerv.dma_ctrl/_5578_/A               320.00  438.89 -118.89 (VIOLATED)
swerv.dma_ctrl/_5583_/A               320.00  438.89 -118.89 (VIOLATED)
swerv.dma_ctrl/_5588_/A               320.00  438.89 -118.89 (VIOLATED)
swerv.dma_ctrl/_5593_/A               320.00  438.89 -118.89 (VIOLATED)
swerv.dma_ctrl/_5598_/A               320.00  438.89 -118.89 (VIOLATED)
swerv.dma_ctrl/_5603_/A               320.00  438.89 -118.89 (VIOLATED)
swerv.dma_ctrl/_5609_/A               320.00  438.89 -118.89 (VIOLATED)
swerv.dma_ctrl/_5614_/A               320.00  438.89 -118.89 (VIOLATED)
swerv.dma_ctrl/_5619_/A               320.00  438.89 -118.89 (VIOLATED)
swerv.dma_ctrl/_5624_/A               320.00  438.89 -118.89 (VIOLATED)
swerv.dma_ctrl/_5629_/A               320.00  438.89 -118.89 (VIOLATED)
swerv.dma_ctrl/_5634_/A               320.00  438.89 -118.89 (VIOLATED)
swerv.dma_ctrl/_5639_/A               320.00  438.89 -118.89 (VIOLATED)
swerv.dma_ctrl/_5644_/A               320.00  438.89 -118.89 (VIOLATED)
swerv.dma_ctrl/_5649_/A               320.00  438.89 -118.89 (VIOLATED)
swerv.dma_ctrl/_5654_/A               320.00  438.89 -118.89 (VIOLATED)
swerv.dma_ctrl/_5659_/A               320.00  438.89 -118.89 (VIOLATED)
swerv.dma_ctrl/_5664_/A               320.00  438.89 -118.89 (VIOLATED)
swerv.dma_ctrl/_5669_/A               320.00  438.89 -118.89 (VIOLATED)
swerv.dma_ctrl/_5674_/A               320.00  438.89 -118.89 (VIOLATED)
swerv.dma_ctrl/_5679_/A               320.00  438.89 -118.89 (VIOLATED)
swerv.dma_ctrl/_5684_/A               320.00  438.89 -118.89 (VIOLATED)


==========================================================================
cts final max_slew_check_slack
--------------------------------------------------------------------------
-118.88700866699219

==========================================================================
cts final max_slew_check_limit
--------------------------------------------------------------------------
320.0

==========================================================================
cts final max_slew_check_slack_limit
--------------------------------------------------------------------------
-0.3715

==========================================================================
cts final max_fanout_check_slack
--------------------------------------------------------------------------
1.0000000150474662e+30

==========================================================================
cts final max_fanout_check_limit
--------------------------------------------------------------------------
1.0000000150474662e+30

==========================================================================
cts final max_capacitance_check_slack
--------------------------------------------------------------------------
8.119940757751465

==========================================================================
cts final max_capacitance_check_limit
--------------------------------------------------------------------------
23.040000915527344

==========================================================================
cts final max_capacitance_check_slack_limit
--------------------------------------------------------------------------
0.3524

==========================================================================
cts final max_slew_violation_count
--------------------------------------------------------------------------
max slew violation count 101

==========================================================================
cts final max_fanout_violation_count
--------------------------------------------------------------------------
max fanout violation count 0

==========================================================================
cts final max_cap_violation_count
--------------------------------------------------------------------------
max cap violation count 0

==========================================================================
cts final setup_violation_count
--------------------------------------------------------------------------
setup violation count 0

==========================================================================
cts final hold_violation_count
--------------------------------------------------------------------------
hold violation count 0

==========================================================================
cts final report_checks -path_delay max reg to reg
--------------------------------------------------------------------------
Startpoint: swerv.dbg/dmcontrolff.dffs.dout[0]$_DFFE_PN0P_
            (rising edge-triggered flip-flop clocked by core_clock)
Endpoint: swerv.lsu.stbuf/GenStBuf_0__stbuf_addrff.genblock_dff.dout[9]$_DFF_PN0_
          (recovery check against rising-edge clock core_clock)
Path Group: asynchronous
Path Type: max

  Delay    Time   Description
---------------------------------------------------------
   0.00    0.00   clock core_clock (rise edge)
   0.00    0.00   clock source latency
   0.00    0.00 ^ clk (in)
   9.90    9.90 ^ wire24257/Y (BUFx2_ASAP7_75t_R)
  12.32   22.22 ^ wire24256/Y (BUFx2_ASAP7_75t_R)
  14.72   36.94 ^ wire24255/Y (BUFx4f_ASAP7_75t_R)
  17.83   54.77 ^ clkbuf_regs_0_core_clock/Y (BUFx24_ASAP7_75t_R)
  17.08   71.85 ^ clkbuf_0_clk_regs/Y (BUFx24_ASAP7_75t_R)
  16.93   88.78 ^ clkbuf_1_1_0_clk_regs/Y (BUFx24_ASAP7_75t_R)
  17.08  105.85 ^ clkbuf_1_1_1_clk_regs/Y (BUFx24_ASAP7_75t_R)
  17.42  123.27 ^ clkbuf_2_3_0_clk_regs/Y (BUFx24_ASAP7_75t_R)
  17.42  140.68 ^ clkbuf_3_7_0_clk_regs/Y (BUFx24_ASAP7_75t_R)
  17.42  158.10 ^ clkbuf_4_15_0_clk_regs/Y (BUFx24_ASAP7_75t_R)
  17.42  175.51 ^ clkbuf_5_31_0_clk_regs/Y (BUFx24_ASAP7_75t_R)
  25.66  201.18 ^ clkbuf_6_63__f_clk_regs/Y (BUFx24_ASAP7_75t_R)
  23.34  224.52 ^ clkbuf_leaf_353_clk_regs/Y (BUFx24_ASAP7_75t_R)
   0.00  224.52 ^ swerv.dbg/dmcontrolff.dffs.dout[0]$_DFFE_PN0P_/CLK (DFFASRHQNx1_ASAP7_75t_R)
  52.52  277.03 ^ swerv.dbg/dmcontrolff.dffs.dout[0]$_DFFE_PN0P_/QN (DFFASRHQNx1_ASAP7_75t_R)
  25.99  303.03 ^ _0661_/Y (OA21x2_ASAP7_75t_R)
  18.26  321.28 ^ place23733/Y (BUFx3_ASAP7_75t_R)
  42.26  363.55 ^ place23648/Y (BUFx3_ASAP7_75t_R)
  24.25  387.80 ^ place23647/Y (BUFx3_ASAP7_75t_R)
  26.39  414.19 ^ place23646/Y (BUFx3_ASAP7_75t_R)
  55.14  469.33 ^ place23639/Y (BUFx3_ASAP7_75t_R)
  53.04  522.37 ^ place23636/Y (BUFx3_ASAP7_75t_R)
  55.37  577.73 ^ place23635/Y (BUFx3_ASAP7_75t_R)
   0.00  577.73 ^ swerv.lsu.stbuf/GenStBuf_0__stbuf_addrff.genblock_dff.dout[9]$_DFF_PN0_/RESETN (DFFASRHQNx1_ASAP7_75t_R)
         577.73   data arrival time

1600.00 1600.00   clock core_clock (rise edge)
   0.00 1600.00   clock source latency
   0.00 1600.00 ^ clk (in)
   9.69 1609.69 ^ wire24257/Y (BUFx2_ASAP7_75t_R)
  11.81 1621.51 ^ wire24256/Y (BUFx2_ASAP7_75t_R)
  13.54 1635.05 ^ wire24255/Y (BUFx4f_ASAP7_75t_R)
  17.18 1652.23 ^ clkbuf_regs_0_core_clock/Y (BUFx24_ASAP7_75t_R)
  16.77 1669.01 ^ clkbuf_0_clk_regs/Y (BUFx24_ASAP7_75t_R)
  16.66 1685.66 ^ clkbuf_1_1_0_clk_regs/Y (BUFx24_ASAP7_75t_R)
  16.77 1702.43 ^ clkbuf_1_1_1_clk_regs/Y (BUFx24_ASAP7_75t_R)
  17.03 1719.47 ^ clkbuf_2_2_0_clk_regs/Y (BUFx24_ASAP7_75t_R)
  17.03 1736.50 ^ clkbuf_3_5_0_clk_regs/Y (BUFx24_ASAP7_75t_R)
  17.03 1753.53 ^ clkbuf_4_10_0_clk_regs/Y (BUFx24_ASAP7_75t_R)
  17.03 1770.57 ^ clkbuf_5_20_0_clk_regs/Y (BUFx24_ASAP7_75t_R)
  22.26 1792.82 ^ clkbuf_6_40__f_clk_regs/Y (BUFx24_ASAP7_75t_R)
  20.92 1813.74 ^ clkbuf_leaf_55_clk_regs/Y (BUFx24_ASAP7_75t_R)
   0.00 1813.74 ^ swerv.lsu.stbuf/GenStBuf_0__stbuf_addrff.genblock_dff.dout[9]$_DFF_PN0_/CLK (DFFASRHQNx1_ASAP7_75t_R)
   3.42 1817.16   clock reconvergence pessimism
  18.74 1835.90   library recovery time
        1835.90   data required time
---------------------------------------------------------
        1835.90   data required time
        -577.73   data arrival time
---------------------------------------------------------
        1258.17   slack (MET)


Startpoint: swerv.lsu.lsu_lsc_ctl/addr_in_pic_dc3ff.dout$_DFF_PN0_
            (rising edge-triggered flip-flop clocked by core_clock)
Endpoint: swerv.lsu.lsu_lsc_ctl/sddc1ff.dout[24]$_DFF_PN0_
          (rising edge-triggered flip-flop clocked by core_clock)
Path Group: core_clock
Path Type: max

  Delay    Time   Description
---------------------------------------------------------
   0.00    0.00   clock core_clock (rise edge)
   0.00    0.00   clock source latency
   0.00    0.00 ^ clk (in)
   9.90    9.90 ^ wire24257/Y (BUFx2_ASAP7_75t_R)
  12.32   22.22 ^ wire24256/Y (BUFx2_ASAP7_75t_R)
  14.72   36.94 ^ wire24255/Y (BUFx4f_ASAP7_75t_R)
  17.83   54.77 ^ clkbuf_regs_0_core_clock/Y (BUFx24_ASAP7_75t_R)
  17.08   71.85 ^ clkbuf_0_clk_regs/Y (BUFx24_ASAP7_75t_R)
  16.93   88.78 ^ clkbuf_1_1_0_clk_regs/Y (BUFx24_ASAP7_75t_R)
  17.08  105.85 ^ clkbuf_1_1_1_clk_regs/Y (BUFx24_ASAP7_75t_R)
  17.42  123.27 ^ clkbuf_2_2_0_clk_regs/Y (BUFx24_ASAP7_75t_R)
  17.42  140.68 ^ clkbuf_3_4_0_clk_regs/Y (BUFx24_ASAP7_75t_R)
  17.42  158.10 ^ clkbuf_4_9_0_clk_regs/Y (BUFx24_ASAP7_75t_R)
  17.42  175.51 ^ clkbuf_5_19_0_clk_regs/Y (BUFx24_ASAP7_75t_R)
  21.33  196.84 ^ clkbuf_6_38__f_clk_regs/Y (BUFx24_ASAP7_75t_R)
  20.28  217.13 ^ clkbuf_leaf_186_clk_regs/Y (BUFx24_ASAP7_75t_R)
   0.00  217.13 ^ swerv.lsu.lsu_lsc_ctl/addr_in_pic_dc3ff.dout$_DFF_PN0_/CLK (DFFASRHQNx1_ASAP7_75t_R)
  37.93  255.05 ^ swerv.lsu.lsu_lsc_ctl/addr_in_pic_dc3ff.dout$_DFF_PN0_/QN (DFFASRHQNx1_ASAP7_75t_R)
  33.83  288.88 ^ swerv.lsu.lsu_lsc_ctl/place23900/Y (BUFx3_ASAP7_75t_R)
  46.93  335.81 v swerv.lsu.lsu_lsc_ctl/_2296_/Y (INVx3_ASAP7_75t_R)
  51.51  387.32 v place22868/Y (BUFx6f_ASAP7_75t_R)
  61.14  448.47 v swerv.lsu.dccm_ctl/place22867/Y (BUFx3_ASAP7_75t_R)
  30.51  478.98 v swerv.lsu.dccm_ctl/_0862_/Y (AO21x1_ASAP7_75t_R)
  19.60  498.59 v swerv.lsu.dccm_ctl/_1241_/Y (AO21x1_ASAP7_75t_R)
  12.15  510.73 ^ swerv.lsu.dccm_ctl/_1243_/Y (AOI22x1_ASAP7_75t_R)
  14.81  525.54 ^ swerv.lsu.dccm_ctl/_1247_/Y (AO21x1_ASAP7_75t_R)
  13.81  539.35 ^ swerv.lsu.lsu_lsc_ctl/_2944_/Y (AND2x2_ASAP7_75t_R)
  23.48  562.83 ^ swerv.lsu.lsu_lsc_ctl/_2945_/Y (OA21x2_ASAP7_75t_R)
  26.37  589.20 ^ swerv.lsu.lsu_lsc_ctl/_2946_/Y (AO21x1_ASAP7_75t_R)
  23.09  612.29 ^ swerv.lsu.lsu_lsc_ctl/end_addr_dc1\\ALU_32_0_32_0_32_unused_CO_X_HAN_CARLSON/_325_/Y (XOR2x2_ASAP7_75t_R)
  27.92  640.21 v swerv.lsu.lsu_lsc_ctl/end_addr_dc1\\ALU_32_0_32_0_32_unused_CO_X_HAN_CARLSON/_242_/SN (FAx1_ASAP7_75t_R)
  11.62  651.83 ^ swerv.lsu.lsu_lsc_ctl/end_addr_dc1\\ALU_32_0_32_0_32_unused_CO_X_HAN_CARLSON/_308_/Y (INVx1_ASAP7_75t_R)
  17.83  669.66 ^ place20329/Y (BUFx3_ASAP7_75t_R)
  22.16  691.82 v swerv.lsu.bus_intf/_3689_/Y (XOR2x2_ASAP7_75t_R)
   6.36  698.19 ^ swerv.lsu.bus_intf/bus_buffer/_12021_/Y (INVx1_ASAP7_75t_R)
  21.05  719.24 ^ swerv.lsu.bus_intf/bus_buffer/_14378_/Y (AND3x1_ASAP7_75t_R)
  29.33  748.56 v swerv.lsu.bus_intf/bus_buffer/_10850_/SN (FAx1_ASAP7_75t_R)
  14.18  762.75 ^ swerv.lsu.bus_intf/bus_buffer/_14053_/Y (INVx1_ASAP7_75t_R)
  29.29  792.03 v swerv.lsu.bus_intf/bus_buffer/_10837_/SN (FAx1_ASAP7_75t_R)
  14.91  806.94 ^ swerv.lsu.bus_intf/bus_buffer/_14114_/Y (INVx1_ASAP7_75t_R)
  29.51  836.46 v swerv.lsu.bus_intf/bus_buffer/_10847_/SN (FAx1_ASAP7_75t_R)
  12.20  848.66 ^ swerv.lsu.bus_intf/bus_buffer/_14151_/Y (INVx1_ASAP7_75t_R)
  28.62  877.27 v swerv.lsu.bus_intf/bus_buffer/_10836_/SN (FAx1_ASAP7_75t_R)
   9.77  887.04 ^ swerv.lsu.bus_intf/bus_buffer/_14168_/Y (INVx1_ASAP7_75t_R)
  10.65  897.69 v swerv.lsu.bus_intf/bus_buffer/_10864_/CON (HAxp5_ASAP7_75t_R)
  11.51  909.20 ^ swerv.lsu.bus_intf/bus_buffer/_14170_/Y (INVx1_ASAP7_75t_R)
  13.56  922.75 v swerv.lsu.bus_intf/bus_buffer/_10854_/CON (FAx1_ASAP7_75t_R)
  11.94  934.69 ^ swerv.lsu.bus_intf/bus_buffer/_14178_/Y (INVx1_ASAP7_75t_R)
  15.39  950.08 v swerv.lsu.bus_intf/bus_buffer/_10858_/CON (FAx1_ASAP7_75t_R)
  12.77  962.85 ^ swerv.lsu.bus_intf/bus_buffer/_10858_/SN (FAx1_ASAP7_75t_R)
  16.53  979.39 ^ swerv.lsu.bus_intf/bus_buffer/_19584_/Y (OR3x1_ASAP7_75t_R)
   6.35  985.74 v swerv.lsu.bus_intf/bus_buffer/_19587_/Y (NAND2x1_ASAP7_75t_R)
  12.45  998.19 v place19953/Y (BUFx3_ASAP7_75t_R)
  16.03 1014.22 v _0683_/Y (OR2x2_ASAP7_75t_R)
  16.45 1030.67 v swerv.dec.decode/_14467_/Y (OR2x2_ASAP7_75t_R)
  22.14 1052.80 v swerv.dec.decode/_07609_/Y (AO32x1_ASAP7_75t_R)
  27.14 1079.95 v swerv.dec.decode/_07610_/Y (AO222x2_ASAP7_75t_R)
  19.69 1099.64 v swerv.dec.decode/_07611_/Y (AO221x1_ASAP7_75t_R)
  20.12 1119.76 v swerv.dec.decode/_07887_/Y (OR3x1_ASAP7_75t_R)
  25.68 1145.44 v swerv.dec.decode/_07890_/Y (OR4x1_ASAP7_75t_R)
  34.13 1179.57 v swerv.dec.decode/_07892_/Y (OR3x1_ASAP7_75t_R)
  13.29 1192.86 ^ swerv.dec.decode/_07891_/Y (INVx1_ASAP7_75t_R)
  31.54 1224.40 ^ swerv.dec.decode/_08615_/Y (AND4x1_ASAP7_75t_R)
  20.63 1245.03 ^ place19949/Y (BUFx3_ASAP7_75t_R)
  21.38 1266.41 ^ place19948/Y (BUFx3_ASAP7_75t_R)
  17.71 1284.12 ^ swerv.dec.decode/_13251_/Y (AO21x1_ASAP7_75t_R)
  12.65 1296.77 ^ _0679_/Y (OR4x1_ASAP7_75t_R)
   5.23 1301.99 v _0678_/Y (INVx1_ASAP7_75t_R)
   6.77 1308.76 ^ swerv.dma_ctrl/_5018_/Y (INVx1_ASAP7_75t_R)
  25.89 1334.65 ^ swerv.dma_ctrl/_4957_/Y (OR4x1_ASAP7_75t_R)
  15.02 1349.67 v swerv.dma_ctrl/_4956_/Y (INVx1_ASAP7_75t_R)
  49.98 1399.66 ^ swerv.lsu.lsu_lsc_ctl/_2473_/Y (INVx2_ASAP7_75t_R)
  66.11 1465.77 v swerv.lsu.lsu_lsc_ctl/_3933_/Y (NOR2x1_ASAP7_75t_R)
  43.68 1509.45 v swerv.lsu.lsu_lsc_ctl/_3939_/Y (AO222x2_ASAP7_75t_R)
   0.00 1509.45 v swerv.lsu.lsu_lsc_ctl/sddc1ff.dout[24]$_DFF_PN0_/D (DFFASRHQNx1_ASAP7_75t_R)
        1509.45   data arrival time

1600.00 1600.00   clock core_clock (rise edge)
   0.00 1600.00   clock source latency
   0.00 1600.00 ^ clk (in)
   9.69 1609.69 ^ wire24257/Y (BUFx2_ASAP7_75t_R)
  11.81 1621.51 ^ wire24256/Y (BUFx2_ASAP7_75t_R)
  13.54 1635.05 ^ wire24255/Y (BUFx4f_ASAP7_75t_R)
  17.18 1652.23 ^ clkbuf_regs_0_core_clock/Y (BUFx24_ASAP7_75t_R)
  16.77 1669.01 ^ clkbuf_0_clk_regs/Y (BUFx24_ASAP7_75t_R)
  16.66 1685.66 ^ clkbuf_1_1_0_clk_regs/Y (BUFx24_ASAP7_75t_R)
  16.77 1702.43 ^ clkbuf_1_1_1_clk_regs/Y (BUFx24_ASAP7_75t_R)
  17.03 1719.47 ^ clkbuf_2_2_0_clk_regs/Y (BUFx24_ASAP7_75t_R)
  17.03 1736.50 ^ clkbuf_3_5_0_clk_regs/Y (BUFx24_ASAP7_75t_R)
  17.03 1753.53 ^ clkbuf_4_11_0_clk_regs/Y (BUFx24_ASAP7_75t_R)
  17.03 1770.57 ^ clkbuf_5_22_0_clk_regs/Y (BUFx24_ASAP7_75t_R)
  20.80 1791.36 ^ clkbuf_6_45__f_clk_regs/Y (BUFx24_ASAP7_75t_R)
  20.17 1811.53 ^ clkbuf_leaf_171_clk_regs/Y (BUFx24_ASAP7_75t_R)
   0.00 1811.53 ^ swerv.lsu.lsu_lsc_ctl/sddc1ff.dout[24]$_DFF_PN0_/CLK (DFFASRHQNx1_ASAP7_75t_R)
   3.80 1815.33   clock reconvergence pessimism
  -3.78 1811.56   library setup time
        1811.56   data required time
---------------------------------------------------------
        1811.56   data required time
        -1509.45   data arrival time
---------------------------------------------------------
         302.11   slack (MET)



==========================================================================
cts final report_checks -path_delay min reg to reg
--------------------------------------------------------------------------
Startpoint: swerv.dbg/dmcontrolff.dffs.dout[0]$_DFFE_PN0P_
            (rising edge-triggered flip-flop clocked by core_clock)
Endpoint: swerv.dec.arf/gpr_banks_0__gpr_31__gprff.genblock_dff.dout[6]$_DFF_PN0_
          (removal check against rising-edge clock core_clock)
Path Group: asynchronous
Path Type: min

  Delay    Time   Description
---------------------------------------------------------
   0.00    0.00   clock core_clock (rise edge)
   0.00    0.00   clock source latency
   0.00    0.00 ^ clk (in)
   9.69    9.69 ^ wire24257/Y (BUFx2_ASAP7_75t_R)
  11.81   21.51 ^ wire24256/Y (BUFx2_ASAP7_75t_R)
  13.54   35.05 ^ wire24255/Y (BUFx4f_ASAP7_75t_R)
  17.18   52.23 ^ clkbuf_regs_0_core_clock/Y (BUFx24_ASAP7_75t_R)
  16.77   69.01 ^ clkbuf_0_clk_regs/Y (BUFx24_ASAP7_75t_R)
  16.66   85.66 ^ clkbuf_1_1_0_clk_regs/Y (BUFx24_ASAP7_75t_R)
  16.77  102.43 ^ clkbuf_1_1_1_clk_regs/Y (BUFx24_ASAP7_75t_R)
  17.03  119.47 ^ clkbuf_2_3_0_clk_regs/Y (BUFx24_ASAP7_75t_R)
  17.03  136.50 ^ clkbuf_3_7_0_clk_regs/Y (BUFx24_ASAP7_75t_R)
  17.03  153.53 ^ clkbuf_4_15_0_clk_regs/Y (BUFx24_ASAP7_75t_R)
  17.03  170.57 ^ clkbuf_5_31_0_clk_regs/Y (BUFx24_ASAP7_75t_R)
  23.43  193.99 ^ clkbuf_6_63__f_clk_regs/Y (BUFx24_ASAP7_75t_R)
  21.75  215.75 ^ clkbuf_leaf_353_clk_regs/Y (BUFx24_ASAP7_75t_R)
   0.00  215.75 ^ swerv.dbg/dmcontrolff.dffs.dout[0]$_DFFE_PN0P_/CLK (DFFASRHQNx1_ASAP7_75t_R)
  48.15  263.89 ^ swerv.dbg/dmcontrolff.dffs.dout[0]$_DFFE_PN0P_/QN (DFFASRHQNx1_ASAP7_75t_R)
  23.67  287.56 ^ _0661_/Y (OA21x2_ASAP7_75t_R)
   0.00  287.56 ^ swerv.dec.arf/gpr_banks_0__gpr_31__gprff.genblock_dff.dout[6]$_DFF_PN0_/RESETN (DFFASRHQNx1_ASAP7_75t_R)
         287.56   data arrival time

   0.00    0.00   clock core_clock (rise edge)
   0.00    0.00   clock source latency
   0.00    0.00 ^ clk (in)
   9.90    9.90 ^ wire24257/Y (BUFx2_ASAP7_75t_R)
  12.32   22.22 ^ wire24256/Y (BUFx2_ASAP7_75t_R)
  14.72   36.94 ^ wire24255/Y (BUFx4f_ASAP7_75t_R)
  17.83   54.77 ^ clkbuf_regs_0_core_clock/Y (BUFx24_ASAP7_75t_R)
  17.08   71.85 ^ clkbuf_0_clk_regs/Y (BUFx24_ASAP7_75t_R)
  16.93   88.78 ^ clkbuf_1_1_0_clk_regs/Y (BUFx24_ASAP7_75t_R)
  17.08  105.85 ^ clkbuf_1_1_1_clk_regs/Y (BUFx24_ASAP7_75t_R)
  17.42  123.27 ^ clkbuf_2_3_0_clk_regs/Y (BUFx24_ASAP7_75t_R)
  17.42  140.68 ^ clkbuf_3_7_0_clk_regs/Y (BUFx24_ASAP7_75t_R)
  17.42  158.10 ^ clkbuf_4_15_0_clk_regs/Y (BUFx24_ASAP7_75t_R)
  17.42  175.51 ^ clkbuf_5_31_0_clk_regs/Y (BUFx24_ASAP7_75t_R)
  25.66  201.18 ^ clkbuf_6_63__f_clk_regs/Y (BUFx24_ASAP7_75t_R)
  23.72  224.89 ^ clkbuf_leaf_343_clk_regs/Y (BUFx24_ASAP7_75t_R)
   0.00  224.89 ^ swerv.dec.arf/gpr_banks_0__gpr_31__gprff.genblock_dff.dout[6]$_DFF_PN0_/CLK (DFFASRHQNx1_ASAP7_75t_R)
  -7.18  217.71   clock reconvergence pessimism
  21.70  239.41   library removal time
         239.41   data required time
---------------------------------------------------------
         239.41   data required time
        -287.56   data arrival time
---------------------------------------------------------
          48.15   slack (MET)


Startpoint: swerv.dec.decode/i1wbinstff.genblock_dff.dout[8]$_DFF_PN0_
            (rising edge-triggered flip-flop clocked by core_clock)
Endpoint: swerv.dec.decode/i1wb1instff.genblock_dff.dout[8]$_DFF_PN0_
          (rising edge-triggered flip-flop clocked by core_clock)
Path Group: core_clock
Path Type: min

  Delay    Time   Description
---------------------------------------------------------
   0.00    0.00   clock core_clock (rise edge)
   0.00    0.00   clock source latency
   0.00    0.00 ^ clk (in)
   9.69    9.69 ^ wire24257/Y (BUFx2_ASAP7_75t_R)
  11.81   21.51 ^ wire24256/Y (BUFx2_ASAP7_75t_R)
  13.54   35.05 ^ wire24255/Y (BUFx4f_ASAP7_75t_R)
  17.18   52.23 ^ clkbuf_regs_0_core_clock/Y (BUFx24_ASAP7_75t_R)
  16.77   69.01 ^ clkbuf_0_clk_regs/Y (BUFx24_ASAP7_75t_R)
  16.66   85.66 ^ clkbuf_1_0_0_clk_regs/Y (BUFx24_ASAP7_75t_R)
  16.77  102.43 ^ clkbuf_1_0_1_clk_regs/Y (BUFx24_ASAP7_75t_R)
  17.03  119.47 ^ clkbuf_2_1_0_clk_regs/Y (BUFx24_ASAP7_75t_R)
  17.03  136.50 ^ clkbuf_3_2_0_clk_regs/Y (BUFx24_ASAP7_75t_R)
  17.03  153.53 ^ clkbuf_4_5_0_clk_regs/Y (BUFx24_ASAP7_75t_R)
  17.03  170.57 ^ clkbuf_5_11_0_clk_regs/Y (BUFx24_ASAP7_75t_R)
  18.54  189.10 ^ clkbuf_6_22__f_clk_regs/Y (BUFx24_ASAP7_75t_R)
  18.75  207.86 ^ clkbuf_leaf_546_clk_regs/Y (BUFx24_ASAP7_75t_R)
   0.00  207.86 ^ swerv.dec.decode/i1wbinstff.genblock_dff.dout[8]$_DFF_PN0_/CLK (DFFASRHQNx1_ASAP7_75t_R)
  37.17  245.02 ^ swerv.dec.decode/i1wbinstff.genblock_dff.dout[8]$_DFF_PN0_/QN (DFFASRHQNx1_ASAP7_75t_R)
   5.68  250.71 v swerv.dec.decode/_13474_/Y (INVx1_ASAP7_75t_R)
   0.00  250.71 v swerv.dec.decode/i1wb1instff.genblock_dff.dout[8]$_DFF_PN0_/D (DFFASRHQNx1_ASAP7_75t_R)
         250.71   data arrival time

   0.00    0.00   clock core_clock (rise edge)
   0.00    0.00   clock source latency
   0.00    0.00 ^ clk (in)
   9.90    9.90 ^ wire24257/Y (BUFx2_ASAP7_75t_R)
  12.32   22.22 ^ wire24256/Y (BUFx2_ASAP7_75t_R)
  14.72   36.94 ^ wire24255/Y (BUFx4f_ASAP7_75t_R)
  17.83   54.77 ^ clkbuf_regs_0_core_clock/Y (BUFx24_ASAP7_75t_R)
  17.08   71.85 ^ clkbuf_0_clk_regs/Y (BUFx24_ASAP7_75t_R)
  16.93   88.78 ^ clkbuf_1_0_0_clk_regs/Y (BUFx24_ASAP7_75t_R)
  17.08  105.85 ^ clkbuf_1_0_1_clk_regs/Y (BUFx24_ASAP7_75t_R)
  17.42  123.27 ^ clkbuf_2_1_0_clk_regs/Y (BUFx24_ASAP7_75t_R)
  17.42  140.68 ^ clkbuf_3_2_0_clk_regs/Y (BUFx24_ASAP7_75t_R)
  17.42  158.10 ^ clkbuf_4_4_0_clk_regs/Y (BUFx24_ASAP7_75t_R)
  17.42  175.51 ^ clkbuf_5_8_0_clk_regs/Y (BUFx24_ASAP7_75t_R)
  18.09  193.61 ^ clkbuf_6_17__f_clk_regs/Y (BUFx24_ASAP7_75t_R)
  17.51  211.12 ^ wire24272/Y (BUFx4f_ASAP7_75t_R)
  19.32  230.44 ^ clkbuf_leaf_544_clk_regs/Y (BUFx24_ASAP7_75t_R)
   0.00  230.44 ^ swerv.dec.decode/i1wb1instff.genblock_dff.dout[8]$_DFF_PN0_/CLK (DFFASRHQNx1_ASAP7_75t_R)
  -4.18  226.26   clock reconvergence pessimism
  11.24  237.50   library hold time
         237.50   data required time
---------------------------------------------------------
         237.50   data required time
        -250.71   data arrival time
---------------------------------------------------------
          13.21   slack (MET)



==========================================================================
cts final critical path target clock latency max path
--------------------------------------------------------------------------
210.6934

==========================================================================
cts final critical path target clock latency min path
--------------------------------------------------------------------------
224.5165

==========================================================================
cts final critical path source clock latency min path
--------------------------------------------------------------------------
0.0000

==========================================================================
cts final critical path delay
--------------------------------------------------------------------------
1509.4454

==========================================================================
cts final critical path slack
--------------------------------------------------------------------------
302.1120

==========================================================================
cts final slack div critical path delay
--------------------------------------------------------------------------
20.014768

==========================================================================
cts final report_power
--------------------------------------------------------------------------
Group                  Internal  Switching    Leakage      Total
                          Power      Power      Power      Power (Watts)
----------------------------------------------------------------
Sequential             8.25e-03   9.61e-04   1.21e-06   9.21e-03   8.9%
Combinational          9.05e-03   8.68e-03   7.14e-06   1.77e-02  17.1%
Clock                  6.88e-03   3.21e-03   3.95e-07   1.01e-02   9.7%
Macro                  6.30e-02   0.00e+00   3.61e-03   6.66e-02  64.3%
Pad                    0.00e+00   0.00e+00   0.00e+00   0.00e+00   0.0%
----------------------------------------------------------------
Total                  8.72e-02   1.28e-02   3.61e-03   1.04e-01 100.0%
                          84.1%      12.4%       3.5%
