OpenROAD ee3d65ce03b2656092ed62bf9205c5c11049c575 
Features included (+) or not (-): +GPU +GUI +Python
This program is licensed under the BSD-3 license. See the LICENSE file for details.
Components of this program may be licensed under more restrictive licenses which must be honored.
[INFO ORD-0030] Using 32 thread(s).
source /home/lucast/workspace/OR-flow-TCC/flow/platforms/asap7/liberty_suppressions.tcl
read_liberty /home/lucast/workspace/OR-flow-TCC/flow/platforms/asap7/lib/NLDM/asap7sc7p5t_AO_RVT_FF_nldm_211120.lib.gz
read_liberty /home/lucast/workspace/OR-flow-TCC/flow/platforms/asap7/lib/NLDM/asap7sc7p5t_INVBUF_RVT_FF_nldm_220122.lib.gz
read_liberty /home/lucast/workspace/OR-flow-TCC/flow/platforms/asap7/lib/NLDM/asap7sc7p5t_OA_RVT_FF_nldm_211120.lib.gz
read_liberty /home/lucast/workspace/OR-flow-TCC/flow/platforms/asap7/lib/NLDM/asap7sc7p5t_SIMPLE_RVT_FF_nldm_211120.lib.gz
read_liberty /home/lucast/workspace/OR-flow-TCC/flow/platforms/asap7/lib/NLDM/asap7sc7p5t_SEQ_RVT_FF_nldm_220123.lib
read_liberty ./results/asap7/riscv32i-mock-sram_fakeram7_256x32/modified_alpha_2-beta_0.1/fakeram7_256x32_typ.lib
read_liberty /home/lucast/workspace/OR-flow-TCC/flow/platforms/asap7/lib/NLDM/asap7sc7p5t_DFFHQNH2V2X_RVT_TT_nldm_FAKE.lib
read_liberty /home/lucast/workspace/OR-flow-TCC/flow/platforms/asap7/lib/NLDM/asap7sc7p5t_DFFHQNV2X_RVT_TT_nldm_FAKE.lib
read_db -hier ./results/asap7/riscv32i-mock-sram/modified_alpha_2-beta_0.1/3_place.odb
[WARNING ORD-0012] Hierarchical flow (-hier) is currently in development and may cause multiple issues. Do not use in production environments.
source /home/lucast/workspace/OR-flow-TCC/flow/platforms/asap7/setRC.tcl
clock_tree_synthesis -sink_clustering_enable -repair_clock_nets -sink_clustering_size 10 -sink_clustering_max_diameter 50
[INFO CTS-0050] Root buffer is BUFx16f_ASAP7_75t_R.
[INFO CTS-0051] Sink buffer is BUFx24_ASAP7_75t_R.
[INFO CTS-0052] The following clock buffers will be used for CTS:
                    BUFx16f_ASAP7_75t_R
                    BUFx24_ASAP7_75t_R
[INFO CTS-0049] Characterization buffer is BUFx24_ASAP7_75t_R.
[INFO CTS-0007] Net "clk" found for clock "clk".
[INFO CTS-0011]  Clock net "clk" for macros has 4 sinks.
[INFO CTS-0011]  Clock net "clk_regs" for registers has 896 sinks.
[INFO CTS-0008] TritonCTS found 2 clock nets.
[INFO CTS-0097] Characterization used 2 buffer(s) types.
[INFO CTS-0201] 4 blockages from hard placement blockages and placed macros will be used.
[INFO CTS-0027] Generating H-Tree topology for net clk.
[INFO CTS-0028]  Total number of sinks: 4.
[INFO CTS-0029]  Macro  sinks will be clustered in groups of up to 4 and with maximum cluster diameter of 64.8 um.
[INFO CTS-0030]  Number of static layers: 0.
[INFO CTS-0020]  Wire segment unit: 1350  dbu (1 um).
[INFO CTS-0023]  Original sink region: [(22126, 29196), (51532, 29196)].
[INFO CTS-0024]  Normalized sink region: [(16.3896, 21.6267), (38.1719, 21.6267)].
[INFO CTS-0025]     Width:  21.7822.
[INFO CTS-0026]     Height: 0.0000.
 Level 1
    Direction: Horizontal
    Sinks per sub-region: 2
    Sub-region size: 10.8911 X 0.0000
[INFO CTS-0034]     Segment length (rounded): 5.
[INFO CTS-0032]  Stop criterion found. Max number of sinks is 15.
[INFO CTS-0035]  Number of sinks covered: 4.
[INFO CTS-0201] 4 blockages from hard placement blockages and placed macros will be used.
[INFO CTS-0027] Generating H-Tree topology for net clk_regs.
[INFO CTS-0028]  Total number of sinks: 896.
[INFO CTS-0029]  Register sinks will be clustered in groups of up to 10 and with maximum cluster diameter of 50.0 um.
[INFO CTS-0030]  Number of static layers: 0.
[INFO CTS-0020]  Wire segment unit: 1350  dbu (1 um).
[INFO CTS-0204] A clustering solution was found from clustering size of 10 and clustering diameter of 50.
[INFO CTS-0205] Better solution may be possible if either -sink_clustering_size, -sink_clustering_max_diameter, or both options are omitted to enable automatic clustering.
[INFO CTS-0019]  Total number of sinks after clustering: 90.
[INFO CTS-0024]  Normalized sink region: [(4.47074, 4.16), (42.2162, 28.5732)].
[INFO CTS-0025]     Width:  37.7455.
[INFO CTS-0026]     Height: 24.4132.
 Level 1
    Direction: Horizontal
    Sinks per sub-region: 45
    Sub-region size: 18.8727 X 24.4132
[INFO CTS-0034]     Segment length (rounded): 10.
 Level 2
    Direction: Vertical
    Sinks per sub-region: 23
    Sub-region size: 18.8727 X 12.2066
[INFO CTS-0034]     Segment length (rounded): 6.
 Level 3
    Direction: Horizontal
    Sinks per sub-region: 12
    Sub-region size: 9.4364 X 12.2066
[INFO CTS-0034]     Segment length (rounded): 4.
[INFO CTS-0032]  Stop criterion found. Max number of sinks is 15.
[INFO CTS-0035]  Number of sinks covered: 90.
[INFO CTS-0018]     Created 3 clock buffers.
[INFO CTS-0012]     Minimum number of buffers in the clock path: 2.
[INFO CTS-0013]     Maximum number of buffers in the clock path: 2.
[INFO CTS-0015]     Created 3 clock nets.
[INFO CTS-0016]     Fanout distribution for the current clock = 2:2..
[INFO CTS-0017]     Max level of the clock tree: 1.
[INFO CTS-0018]     Created 99 clock buffers.
[INFO CTS-0012]     Minimum number of buffers in the clock path: 3.
[INFO CTS-0013]     Maximum number of buffers in the clock path: 3.
[INFO CTS-0015]     Created 99 clock nets.
[INFO CTS-0016]     Fanout distribution for the current clock = 6:1, 8:1, 9:2, 10:89, 12:3, 14:2..
[INFO CTS-0017]     Max level of the clock tree: 3.
[INFO CTS-0098] Clock net "clk"
[INFO CTS-0099]  Sinks 4
[INFO CTS-0100]  Leaf buffers 0
[INFO CTS-0101]  Average sink wire length 75.03 um
[INFO CTS-0102]  Path depth 2 - 2
[INFO CTS-0207]  Dummy loads inserted 0
[INFO CTS-0098] Clock net "clk_regs"
[INFO CTS-0099]  Sinks 953
[INFO CTS-0100]  Leaf buffers 90
[INFO CTS-0101]  Average sink wire length 32.30 um
[INFO CTS-0102]  Path depth 2 - 3
[INFO CTS-0207]  Dummy loads inserted 57
[INFO CTS-0033] Balancing latency for clock clk
[INFO CTS-0036]  inserted 1 delay buffers
[INFO CTS-0037] Total number of delay buffers: 1
estimate_parasitics -placement
[INFO DPL-0005] Max displacement: +/- 500 sites horizontally, +/- 100 rows vertically.
Movements Summary
---------------------------------------
Total cells:                    9653
Diamond Move Success:           9653 (100.00%)
Diamond Move Failure:              0
Rip-up and replace Success:        0 (  0.00% of diamond failures)
Rip-up and replace Failure:        0
Total Placement Failures:          0
---------------------------------------
Placement Analysis
---------------------------------
total displacement        936.7 u
average displacement        0.1 u
max displacement            9.5 u
original HPWL           41936.2 u
legalized HPWL          43454.3 u
delta HPWL                    4 %

estimate_parasitics -placement
repair_timing -setup_margin 0 -hold_margin 0 -repair_tns 100 -verbose
[INFO RSZ-0100] Repair move sequence: UnbufferMove SizeUpMove SwapPinsMove BufferMove CloneMove SplitLoadMove 
[INFO RSZ-0094] Found 733 endpoints with setup violations.
[INFO RSZ-0099] Repairing 733 out of 733 (100.00%) violating endpoints...
   Iter   | Removed | Resized | Inserted | Cloned |  Pin  |   Area   |    WNS   |   TNS      |  Viol  | Worst
          | Buffers |  Gates  | Buffers  |  Gates | Swaps |          |          |            | Endpts | Endpt
--------------------------------------------------------------------------------------------------------------
        0 |       0 |       0 |        0 |      0 |     0 |    +0.0% | -130.159 |   -10269.1 |    733 | dataadr[0]
       10 |       0 |       0 |        9 |      0 |     5 |    +0.0% | -106.615 |    -2298.7 |    733 | dataadr[31]
       20 |       0 |       0 |       18 |      0 |    10 |    +0.1% |  -95.737 |    -1270.0 |    733 | dataadr[31]
       30 |       0 |       7 |       21 |      0 |    11 |    +0.1% |  -69.622 |     -814.7 |    733 | dataadr[0]
       40 |       0 |      11 |       28 |      0 |    13 |    +0.2% |  -58.005 |     -718.8 |    733 | dataadr[0]
       50 |       0 |      16 |       32 |      0 |    16 |    +0.2% |  -55.389 |     -663.5 |    733 | dataadr[0]
       60 |       0 |      23 |       34 |      0 |    18 |    +0.2% |  -47.560 |     -531.7 |    733 | dataadr[23]
       70 |       0 |      27 |       37 |      2 |    19 |    +0.2% |  -38.275 |     -487.5 |    733 | dataadr[0]
       80 |       0 |      34 |       38 |      2 |    21 |    +0.3% |  -34.813 |     -496.4 |    733 | dataadr[0]
       90 |       0 |      44 |       38 |      2 |    21 |    +0.3% |  -30.916 |     -324.8 |    733 | dataadr[0]
      100 |       0 |      52 |       39 |      2 |    22 |    +0.3% |  -26.469 |     -296.2 |    733 | dataadr[0]
      110 |       0 |      59 |       39 |      3 |    24 |    +0.3% |  -25.213 |     -284.5 |    733 | dataadr[0]
      120 |       0 |      67 |       42 |      3 |    24 |    +0.3% |  -21.282 |     -109.0 |    733 | dataadr[0]
      130 |       0 |      74 |       43 |      3 |    26 |    +0.4% |  -17.251 |      -84.0 |    733 | dataadr[0]
      140 |       0 |      78 |       47 |      3 |    28 |    +0.4% |  -12.922 |      -81.4 |    733 | dataadr[0]
      150 |       0 |      83 |       50 |      3 |    30 |    +0.4% |  -11.982 |      -69.6 |    733 | dataadr[0]
      160 |       0 |      88 |       51 |      3 |    34 |    +0.4% |   -9.993 |      -43.5 |    733 | dataadr[0]
      170 |       0 |      94 |       52 |      3 |    37 |    +0.4% |   -8.309 |      -34.6 |    733 | dataadr[0]
      180 |       0 |     101 |       54 |      3 |    39 |    +0.5% |   -6.448 |      -14.5 |    733 | dataadr[0]
      190 |       0 |     106 |       56 |      3 |    42 |    +0.5% |   -1.588 |       -2.5 |    733 | dataadr[0]
      198 |       0 |     111 |       58 |      3 |    44 |    +0.5% |   -0.403 |       -0.4 |    731 | dataadr[0]
      199 |       0 |     111 |       58 |      3 |    44 |    +0.5% |   -0.403 |       -0.4 |    730 | dataadr[0]
      200 |       0 |     111 |       58 |      3 |    44 |    +0.5% |   -0.403 |       -0.4 |    730 | dataadr[0]
      200 |       0 |     111 |       58 |      3 |    44 |    +0.5% |   -0.403 |       -0.4 |    729 | dataadr[0]
      201 |       0 |     111 |       58 |      3 |    44 |    +0.5% |   -0.403 |       -0.4 |    728 | dataadr[0]
      202 |       0 |     111 |       58 |      3 |    44 |    +0.5% |   -0.403 |       -0.4 |    727 | dataadr[0]
      203 |       0 |     111 |       58 |      3 |    44 |    +0.5% |   -0.403 |       -0.4 |    726 | dataadr[0]
      204 |       0 |     111 |       58 |      3 |    44 |    +0.5% |   -0.403 |       -0.4 |    725 | dataadr[0]
      205 |       0 |     111 |       58 |      3 |    44 |    +0.5% |   -0.403 |       -0.4 |    724 | dataadr[0]
      206 |       0 |     111 |       58 |      3 |    44 |    +0.5% |   -0.403 |       -0.4 |    723 | dataadr[0]
      207 |       0 |     111 |       58 |      3 |    44 |    +0.5% |   -0.403 |       -0.4 |    722 | dataadr[0]
      208 |       0 |     111 |       58 |      3 |    44 |    +0.5% |   -0.403 |       -0.4 |    721 | dataadr[0]
      209 |       0 |     111 |       58 |      3 |    44 |    +0.5% |   -0.403 |       -0.4 |    720 | dataadr[0]
      210 |       0 |     111 |       58 |      3 |    44 |    +0.5% |   -0.403 |       -0.4 |    720 | dataadr[0]
      210 |       0 |     111 |       58 |      3 |    44 |    +0.5% |   -0.403 |       -0.4 |    719 | dataadr[0]
      211 |       0 |     111 |       58 |      3 |    44 |    +0.5% |   -0.403 |       -0.4 |    718 | dataadr[0]
      212 |       0 |     111 |       58 |      3 |    44 |    +0.5% |   -0.403 |       -0.4 |    717 | dataadr[0]
      213 |       0 |     111 |       58 |      3 |    44 |    +0.5% |   -0.403 |       -0.4 |    716 | dataadr[0]
      214 |       0 |     111 |       58 |      3 |    44 |    +0.5% |   -0.403 |       -0.4 |    715 | dataadr[0]
      215 |       0 |     111 |       58 |      3 |    44 |    +0.5% |   -0.403 |       -0.4 |    714 | dataadr[0]
      216 |       0 |     111 |       58 |      3 |    44 |    +0.5% |   -0.403 |       -0.4 |    713 | dataadr[0]
      217 |       0 |     111 |       58 |      3 |    44 |    +0.5% |   -0.403 |       -0.4 |    712 | dataadr[0]
      218 |       0 |     111 |       58 |      3 |    44 |    +0.5% |   -0.403 |       -0.4 |    711 | dataadr[0]
      219 |       0 |     111 |       58 |      3 |    44 |    +0.5% |   -0.403 |       -0.4 |    710 | dataadr[0]
      220 |       0 |     111 |       58 |      3 |    44 |    +0.5% |   -0.403 |       -0.4 |    710 | dataadr[0]
      220 |       0 |     111 |       58 |      3 |    44 |    +0.5% |   -0.403 |       -0.4 |    709 | dataadr[0]
      221 |       0 |     111 |       58 |      3 |    44 |    +0.5% |   -0.403 |       -0.4 |    708 | dataadr[0]
      222 |       0 |     111 |       58 |      3 |    44 |    +0.5% |   -0.403 |       -0.4 |    707 | dataadr[0]
      223 |       0 |     111 |       58 |      3 |    44 |    +0.5% |   -0.403 |       -0.4 |    706 | dataadr[0]
      224 |       0 |     111 |       58 |      3 |    44 |    +0.5% |   -0.403 |       -0.4 |    705 | dataadr[0]
      225 |       0 |     111 |       58 |      3 |    44 |    +0.5% |   -0.403 |       -0.4 |    704 | dataadr[0]
      226 |       0 |     111 |       58 |      3 |    44 |    +0.5% |   -0.403 |       -0.4 |    703 | dataadr[0]
      227 |       0 |     111 |       58 |      3 |    44 |    +0.5% |   -0.403 |       -0.4 |    702 | dataadr[0]
      228 |       0 |     111 |       58 |      3 |    44 |    +0.5% |   -0.403 |       -0.4 |    701 | dataadr[0]
      229 |       0 |     111 |       58 |      3 |    44 |    +0.5% |   -0.403 |       -0.4 |    700 | dataadr[0]
      230 |       0 |     111 |       58 |      3 |    44 |    +0.5% |   -0.403 |       -0.4 |    700 | dataadr[0]
      230 |       0 |     111 |       58 |      3 |    44 |    +0.5% |   -0.403 |       -0.4 |    699 | dataadr[0]
      231 |       0 |     111 |       58 |      3 |    44 |    +0.5% |   -0.403 |       -0.4 |    698 | dataadr[0]
      232 |       0 |     111 |       58 |      3 |    44 |    +0.5% |   -0.403 |       -0.4 |    697 | dataadr[0]
      233 |       0 |     111 |       58 |      3 |    44 |    +0.5% |   -0.403 |       -0.4 |    696 | dataadr[0]
      234 |       0 |     111 |       58 |      3 |    44 |    +0.5% |   -0.403 |       -0.4 |    695 | dataadr[0]
      235 |       0 |     111 |       58 |      3 |    44 |    +0.5% |   -0.403 |       -0.4 |    694 | dataadr[0]
      236 |       0 |     111 |       58 |      3 |    44 |    +0.5% |   -0.403 |       -0.4 |    693 | dataadr[0]
      237 |       0 |     111 |       58 |      3 |    44 |    +0.5% |   -0.403 |       -0.4 |    692 | dataadr[0]
      238 |       0 |     111 |       58 |      3 |    44 |    +0.5% |   -0.403 |       -0.4 |    691 | dataadr[0]
      239 |       0 |     111 |       58 |      3 |    44 |    +0.5% |   -0.403 |       -0.4 |    690 | dataadr[0]
      240 |       0 |     111 |       58 |      3 |    44 |    +0.5% |   -0.403 |       -0.4 |    690 | dataadr[0]
      240 |       0 |     111 |       58 |      3 |    44 |    +0.5% |   -0.403 |       -0.4 |    689 | dataadr[0]
      241 |       0 |     111 |       58 |      3 |    44 |    +0.5% |   -0.403 |       -0.4 |    688 | dataadr[0]
      242 |       0 |     111 |       58 |      3 |    44 |    +0.5% |   -0.403 |       -0.4 |    687 | dataadr[0]
      243 |       0 |     111 |       58 |      3 |    44 |    +0.5% |   -0.403 |       -0.4 |    686 | dataadr[0]
      244 |       0 |     111 |       58 |      3 |    44 |    +0.5% |   -0.403 |       -0.4 |    685 | dataadr[0]
      245 |       0 |     111 |       58 |      3 |    44 |    +0.5% |   -0.403 |       -0.4 |    684 | dataadr[0]
      246 |       0 |     111 |       58 |      3 |    44 |    +0.5% |   -0.403 |       -0.4 |    683 | dataadr[0]
      247 |       0 |     111 |       58 |      3 |    44 |    +0.5% |   -0.403 |       -0.4 |    682 | dataadr[0]
      248 |       0 |     111 |       58 |      3 |    44 |    +0.5% |   -0.403 |       -0.4 |    681 | dataadr[0]
      249 |       0 |     111 |       58 |      3 |    44 |    +0.5% |   -0.403 |       -0.4 |    680 | dataadr[0]
      250 |       0 |     111 |       58 |      3 |    44 |    +0.5% |   -0.403 |       -0.4 |    680 | dataadr[0]
      250 |       0 |     111 |       58 |      3 |    44 |    +0.5% |   -0.403 |       -0.4 |    679 | dataadr[0]
      251 |       0 |     111 |       58 |      3 |    44 |    +0.5% |   -0.403 |       -0.4 |    678 | dataadr[0]
      252 |       0 |     111 |       58 |      3 |    44 |    +0.5% |   -0.403 |       -0.4 |    677 | dataadr[0]
      253 |       0 |     111 |       58 |      3 |    44 |    +0.5% |   -0.403 |       -0.4 |    676 | dataadr[0]
      254 |       0 |     111 |       58 |      3 |    44 |    +0.5% |   -0.403 |       -0.4 |    675 | dataadr[0]
      255 |       0 |     111 |       58 |      3 |    44 |    +0.5% |   -0.403 |       -0.4 |    674 | dataadr[0]
      256 |       0 |     111 |       58 |      3 |    44 |    +0.5% |   -0.403 |       -0.4 |    673 | dataadr[0]
      257 |       0 |     111 |       58 |      3 |    44 |    +0.5% |   -0.403 |       -0.4 |    672 | dataadr[0]
      258 |       0 |     111 |       58 |      3 |    44 |    +0.5% |   -0.403 |       -0.4 |    671 | dataadr[0]
      259 |       0 |     111 |       58 |      3 |    44 |    +0.5% |   -0.403 |       -0.4 |    670 | dataadr[0]
      260 |       0 |     111 |       58 |      3 |    44 |    +0.5% |   -0.403 |       -0.4 |    670 | dataadr[0]
      260 |       0 |     111 |       58 |      3 |    44 |    +0.5% |   -0.403 |       -0.4 |    669 | dataadr[0]
      261 |       0 |     111 |       58 |      3 |    44 |    +0.5% |   -0.403 |       -0.4 |    668 | dataadr[0]
      262 |       0 |     111 |       58 |      3 |    44 |    +0.5% |   -0.403 |       -0.4 |    667 | dataadr[0]
      263 |       0 |     111 |       58 |      3 |    44 |    +0.5% |   -0.403 |       -0.4 |    666 | dataadr[0]
      264 |       0 |     111 |       58 |      3 |    44 |    +0.5% |   -0.403 |       -0.4 |    665 | dataadr[0]
      265 |       0 |     111 |       58 |      3 |    44 |    +0.5% |   -0.403 |       -0.4 |    664 | dataadr[0]
      266 |       0 |     111 |       58 |      3 |    44 |    +0.5% |   -0.403 |       -0.4 |    663 | dataadr[0]
      267 |       0 |     111 |       58 |      3 |    44 |    +0.5% |   -0.403 |       -0.4 |    662 | dataadr[0]
      268 |       0 |     111 |       58 |      3 |    44 |    +0.5% |   -0.403 |       -0.4 |    661 | dataadr[0]
      269 |       0 |     111 |       58 |      3 |    44 |    +0.5% |   -0.403 |       -0.4 |    660 | dataadr[0]
      270 |       0 |     111 |       58 |      3 |    44 |    +0.5% |   -0.403 |       -0.4 |    660 | dataadr[0]
      270 |       0 |     111 |       58 |      3 |    44 |    +0.5% |   -0.403 |       -0.4 |    659 | dataadr[0]
      271 |       0 |     111 |       58 |      3 |    44 |    +0.5% |   -0.403 |       -0.4 |    658 | dataadr[0]
      272 |       0 |     111 |       58 |      3 |    44 |    +0.5% |   -0.403 |       -0.4 |    657 | dataadr[0]
      273 |       0 |     111 |       58 |      3 |    44 |    +0.5% |   -0.403 |       -0.4 |    656 | dataadr[0]
      274 |       0 |     111 |       58 |      3 |    44 |    +0.5% |   -0.403 |       -0.4 |    655 | dataadr[0]
      275 |       0 |     111 |       58 |      3 |    44 |    +0.5% |   -0.403 |       -0.4 |    654 | dataadr[0]
      276 |       0 |     111 |       58 |      3 |    44 |    +0.5% |   -0.403 |       -0.4 |    653 | dataadr[0]
      277 |       0 |     111 |       58 |      3 |    44 |    +0.5% |   -0.403 |       -0.4 |    652 | dataadr[0]
      278 |       0 |     111 |       58 |      3 |    44 |    +0.5% |   -0.403 |       -0.4 |    651 | dataadr[0]
      279 |       0 |     111 |       58 |      3 |    44 |    +0.5% |   -0.403 |       -0.4 |    650 | dataadr[0]
      280 |       0 |     111 |       58 |      3 |    44 |    +0.5% |   -0.403 |       -0.4 |    650 | dataadr[0]
      280 |       0 |     111 |       58 |      3 |    44 |    +0.5% |   -0.403 |       -0.4 |    649 | dataadr[0]
      281 |       0 |     111 |       58 |      3 |    44 |    +0.5% |   -0.403 |       -0.4 |    648 | dataadr[0]
      282 |       0 |     111 |       58 |      3 |    44 |    +0.5% |   -0.403 |       -0.4 |    647 | dataadr[0]
      283 |       0 |     111 |       58 |      3 |    44 |    +0.5% |   -0.403 |       -0.4 |    646 | dataadr[0]
      284 |       0 |     111 |       58 |      3 |    44 |    +0.5% |   -0.403 |       -0.4 |    645 | dataadr[0]
      285 |       0 |     111 |       58 |      3 |    44 |    +0.5% |   -0.403 |       -0.4 |    644 | dataadr[0]
      286 |       0 |     111 |       58 |      3 |    44 |    +0.5% |   -0.403 |       -0.4 |    643 | dataadr[0]
      287 |       0 |     111 |       58 |      3 |    44 |    +0.5% |   -0.403 |       -0.4 |    642 | dataadr[0]
      288 |       0 |     111 |       58 |      3 |    44 |    +0.5% |   -0.403 |       -0.4 |    641 | dataadr[0]
      289 |       0 |     111 |       58 |      3 |    44 |    +0.5% |   -0.403 |       -0.4 |    640 | dataadr[0]
      290 |       0 |     111 |       58 |      3 |    44 |    +0.5% |   -0.403 |       -0.4 |    640 | dataadr[0]
      290 |       0 |     111 |       58 |      3 |    44 |    +0.5% |   -0.403 |       -0.4 |    639 | dataadr[0]
      291 |       0 |     111 |       58 |      3 |    44 |    +0.5% |   -0.403 |       -0.4 |    638 | dataadr[0]
      292 |       0 |     111 |       58 |      3 |    44 |    +0.5% |   -0.403 |       -0.4 |    637 | dataadr[0]
      293 |       0 |     111 |       58 |      3 |    44 |    +0.5% |   -0.403 |       -0.4 |    636 | dataadr[0]
      294 |       0 |     111 |       58 |      3 |    44 |    +0.5% |   -0.403 |       -0.4 |    635 | dataadr[0]
      295 |       0 |     111 |       58 |      3 |    44 |    +0.5% |   -0.403 |       -0.4 |    634 | dataadr[0]
      296 |       0 |     111 |       58 |      3 |    44 |    +0.5% |   -0.403 |       -0.4 |    633 | dataadr[0]
      297 |       0 |     111 |       58 |      3 |    44 |    +0.5% |   -0.403 |       -0.4 |    632 | dataadr[0]
      298 |       0 |     111 |       58 |      3 |    44 |    +0.5% |   -0.403 |       -0.4 |    631 | dataadr[0]
      299 |       0 |     111 |       58 |      3 |    44 |    +0.5% |   -0.403 |       -0.4 |    630 | dataadr[0]
      300 |       0 |     111 |       58 |      3 |    44 |    +0.5% |   -0.403 |       -0.4 |    630 | dataadr[0]
      300 |       0 |     111 |       58 |      3 |    44 |    +0.5% |   -0.403 |       -0.4 |    629 | dataadr[0]
      301 |       0 |     111 |       58 |      3 |    44 |    +0.5% |   -0.403 |       -0.4 |    628 | dataadr[0]
      302 |       0 |     111 |       58 |      3 |    44 |    +0.5% |   -0.403 |       -0.4 |    627 | dataadr[0]
      303 |       0 |     111 |       58 |      3 |    44 |    +0.5% |   -0.403 |       -0.4 |    626 | dataadr[0]
      304 |       0 |     111 |       58 |      3 |    44 |    +0.5% |   -0.403 |       -0.4 |    625 | dataadr[0]
      305 |       0 |     111 |       58 |      3 |    44 |    +0.5% |   -0.403 |       -0.4 |    624 | dataadr[0]
      306 |       0 |     111 |       58 |      3 |    44 |    +0.5% |   -0.403 |       -0.4 |    623 | dataadr[0]
      307 |       0 |     111 |       58 |      3 |    44 |    +0.5% |   -0.403 |       -0.4 |    622 | dataadr[0]
      308 |       0 |     111 |       58 |      3 |    44 |    +0.5% |   -0.403 |       -0.4 |    621 | dataadr[0]
      309 |       0 |     111 |       58 |      3 |    44 |    +0.5% |   -0.403 |       -0.4 |    620 | dataadr[0]
      310 |       0 |     111 |       58 |      3 |    44 |    +0.5% |   -0.403 |       -0.4 |    620 | dataadr[0]
      310 |       0 |     111 |       58 |      3 |    44 |    +0.5% |   -0.403 |       -0.4 |    619 | dataadr[0]
      311 |       0 |     111 |       58 |      3 |    44 |    +0.5% |   -0.403 |       -0.4 |    618 | dataadr[0]
      312 |       0 |     111 |       58 |      3 |    44 |    +0.5% |   -0.403 |       -0.4 |    617 | dataadr[0]
      313 |       0 |     111 |       58 |      3 |    44 |    +0.5% |   -0.403 |       -0.4 |    616 | dataadr[0]
      314 |       0 |     111 |       58 |      3 |    44 |    +0.5% |   -0.403 |       -0.4 |    615 | dataadr[0]
      315 |       0 |     111 |       58 |      3 |    44 |    +0.5% |   -0.403 |       -0.4 |    614 | dataadr[0]
      316 |       0 |     111 |       58 |      3 |    44 |    +0.5% |   -0.403 |       -0.4 |    613 | dataadr[0]
      317 |       0 |     111 |       58 |      3 |    44 |    +0.5% |   -0.403 |       -0.4 |    612 | dataadr[0]
      318 |       0 |     111 |       58 |      3 |    44 |    +0.5% |   -0.403 |       -0.4 |    611 | dataadr[0]
      319 |       0 |     111 |       58 |      3 |    44 |    +0.5% |   -0.403 |       -0.4 |    610 | dataadr[0]
      320 |       0 |     111 |       58 |      3 |    44 |    +0.5% |   -0.403 |       -0.4 |    610 | dataadr[0]
      320 |       0 |     111 |       58 |      3 |    44 |    +0.5% |   -0.403 |       -0.4 |    609 | dataadr[0]
      321 |       0 |     111 |       58 |      3 |    44 |    +0.5% |   -0.403 |       -0.4 |    608 | dataadr[0]
      322 |       0 |     111 |       58 |      3 |    44 |    +0.5% |   -0.403 |       -0.4 |    607 | dataadr[0]
      323 |       0 |     111 |       58 |      3 |    44 |    +0.5% |   -0.403 |       -0.4 |    606 | dataadr[0]
      324 |       0 |     111 |       58 |      3 |    44 |    +0.5% |   -0.403 |       -0.4 |    605 | dataadr[0]
      325 |       0 |     111 |       58 |      3 |    44 |    +0.5% |   -0.403 |       -0.4 |    604 | dataadr[0]
      326 |       0 |     111 |       58 |      3 |    44 |    +0.5% |   -0.403 |       -0.4 |    603 | dataadr[0]
      327 |       0 |     111 |       58 |      3 |    44 |    +0.5% |   -0.403 |       -0.4 |    602 | dataadr[0]
      328 |       0 |     111 |       58 |      3 |    44 |    +0.5% |   -0.403 |       -0.4 |    601 | dataadr[0]
      329 |       0 |     111 |       58 |      3 |    44 |    +0.5% |   -0.403 |       -0.4 |    600 | dataadr[0]
      330 |       0 |     111 |       58 |      3 |    44 |    +0.5% |   -0.403 |       -0.4 |    600 | dataadr[0]
      330 |       0 |     111 |       58 |      3 |    44 |    +0.5% |   -0.403 |       -0.4 |    599 | dataadr[0]
      331 |       0 |     111 |       58 |      3 |    44 |    +0.5% |   -0.403 |       -0.4 |    598 | dataadr[0]
      332 |       0 |     111 |       58 |      3 |    44 |    +0.5% |   -0.403 |       -0.4 |    597 | dataadr[0]
      333 |       0 |     111 |       58 |      3 |    44 |    +0.5% |   -0.403 |       -0.4 |    596 | dataadr[0]
      334 |       0 |     111 |       58 |      3 |    44 |    +0.5% |   -0.403 |       -0.4 |    595 | dataadr[0]
      335 |       0 |     111 |       58 |      3 |    44 |    +0.5% |   -0.403 |       -0.4 |    594 | dataadr[0]
      336 |       0 |     111 |       58 |      3 |    44 |    +0.5% |   -0.403 |       -0.4 |    593 | dataadr[0]
      337 |       0 |     111 |       58 |      3 |    44 |    +0.5% |   -0.403 |       -0.4 |    592 | dataadr[0]
      338 |       0 |     111 |       58 |      3 |    44 |    +0.5% |   -0.403 |       -0.4 |    591 | dataadr[0]
      339 |       0 |     111 |       58 |      3 |    44 |    +0.5% |   -0.403 |       -0.4 |    590 | dataadr[0]
      340 |       0 |     111 |       58 |      3 |    44 |    +0.5% |   -0.403 |       -0.4 |    590 | dataadr[0]
      340 |       0 |     111 |       58 |      3 |    44 |    +0.5% |   -0.403 |       -0.4 |    589 | dataadr[0]
      341 |       0 |     111 |       58 |      3 |    44 |    +0.5% |   -0.403 |       -0.4 |    588 | dataadr[0]
      342 |       0 |     111 |       58 |      3 |    44 |    +0.5% |   -0.403 |       -0.4 |    587 | dataadr[0]
      343 |       0 |     111 |       58 |      3 |    44 |    +0.5% |   -0.403 |       -0.4 |    586 | dataadr[0]
      344 |       0 |     111 |       58 |      3 |    44 |    +0.5% |   -0.403 |       -0.4 |    585 | dataadr[0]
      345 |       0 |     111 |       58 |      3 |    44 |    +0.5% |   -0.403 |       -0.4 |    584 | dataadr[0]
      346 |       0 |     111 |       58 |      3 |    44 |    +0.5% |   -0.403 |       -0.4 |    583 | dataadr[0]
      347 |       0 |     111 |       58 |      3 |    44 |    +0.5% |   -0.403 |       -0.4 |    582 | dataadr[0]
      348 |       0 |     111 |       58 |      3 |    44 |    +0.5% |   -0.403 |       -0.4 |    581 | dataadr[0]
      349 |       0 |     111 |       58 |      3 |    44 |    +0.5% |   -0.403 |       -0.4 |    580 | dataadr[0]
      350 |       0 |     111 |       58 |      3 |    44 |    +0.5% |   -0.403 |       -0.4 |    580 | dataadr[0]
      350 |       0 |     111 |       58 |      3 |    44 |    +0.5% |   -0.403 |       -0.4 |    579 | dataadr[0]
      351 |       0 |     111 |       58 |      3 |    44 |    +0.5% |   -0.403 |       -0.4 |    578 | dataadr[0]
      352 |       0 |     111 |       58 |      3 |    44 |    +0.5% |   -0.403 |       -0.4 |    577 | dataadr[0]
      353 |       0 |     111 |       58 |      3 |    44 |    +0.5% |   -0.403 |       -0.4 |    576 | dataadr[0]
      354 |       0 |     111 |       58 |      3 |    44 |    +0.5% |   -0.403 |       -0.4 |    575 | dataadr[0]
      355 |       0 |     111 |       58 |      3 |    44 |    +0.5% |   -0.403 |       -0.4 |    574 | dataadr[0]
      356 |       0 |     111 |       58 |      3 |    44 |    +0.5% |   -0.403 |       -0.4 |    573 | dataadr[0]
      357 |       0 |     111 |       58 |      3 |    44 |    +0.5% |   -0.403 |       -0.4 |    572 | dataadr[0]
      358 |       0 |     111 |       58 |      3 |    44 |    +0.5% |   -0.403 |       -0.4 |    571 | dataadr[0]
      359 |       0 |     111 |       58 |      3 |    44 |    +0.5% |   -0.403 |       -0.4 |    570 | dataadr[0]
      360 |       0 |     111 |       58 |      3 |    44 |    +0.5% |   -0.403 |       -0.4 |    570 | dataadr[0]
      360 |       0 |     111 |       58 |      3 |    44 |    +0.5% |   -0.403 |       -0.4 |    569 | dataadr[0]
      361 |       0 |     111 |       58 |      3 |    44 |    +0.5% |   -0.403 |       -0.4 |    568 | dataadr[0]
      362 |       0 |     111 |       58 |      3 |    44 |    +0.5% |   -0.403 |       -0.4 |    567 | dataadr[0]
      363 |       0 |     111 |       58 |      3 |    44 |    +0.5% |   -0.403 |       -0.4 |    566 | dataadr[0]
      364 |       0 |     111 |       58 |      3 |    44 |    +0.5% |   -0.403 |       -0.4 |    565 | dataadr[0]
      365 |       0 |     111 |       58 |      3 |    44 |    +0.5% |   -0.403 |       -0.4 |    564 | dataadr[0]
      366 |       0 |     111 |       58 |      3 |    44 |    +0.5% |   -0.403 |       -0.4 |    563 | dataadr[0]
      367 |       0 |     111 |       58 |      3 |    44 |    +0.5% |   -0.403 |       -0.4 |    562 | dataadr[0]
      368 |       0 |     111 |       58 |      3 |    44 |    +0.5% |   -0.403 |       -0.4 |    561 | dataadr[0]
      369 |       0 |     111 |       58 |      3 |    44 |    +0.5% |   -0.403 |       -0.4 |    560 | dataadr[0]
      370 |       0 |     111 |       58 |      3 |    44 |    +0.5% |   -0.403 |       -0.4 |    560 | dataadr[0]
      370 |       0 |     111 |       58 |      3 |    44 |    +0.5% |   -0.403 |       -0.4 |    559 | dataadr[0]
      371 |       0 |     111 |       58 |      3 |    44 |    +0.5% |   -0.403 |       -0.4 |    558 | dataadr[0]
      372 |       0 |     111 |       58 |      3 |    44 |    +0.5% |   -0.403 |       -0.4 |    557 | dataadr[0]
      373 |       0 |     111 |       58 |      3 |    44 |    +0.5% |   -0.403 |       -0.4 |    556 | dataadr[0]
      374 |       0 |     111 |       58 |      3 |    44 |    +0.5% |   -0.403 |       -0.4 |    555 | dataadr[0]
      375 |       0 |     111 |       58 |      3 |    44 |    +0.5% |   -0.403 |       -0.4 |    554 | dataadr[0]
      376 |       0 |     111 |       58 |      3 |    44 |    +0.5% |   -0.403 |       -0.4 |    553 | dataadr[0]
      377 |       0 |     111 |       58 |      3 |    44 |    +0.5% |   -0.403 |       -0.4 |    552 | dataadr[0]
      378 |       0 |     111 |       58 |      3 |    44 |    +0.5% |   -0.403 |       -0.4 |    551 | dataadr[0]
      379 |       0 |     111 |       58 |      3 |    44 |    +0.5% |   -0.403 |       -0.4 |    550 | dataadr[0]
      380 |       0 |     111 |       58 |      3 |    44 |    +0.5% |   -0.403 |       -0.4 |    550 | dataadr[0]
      380 |       0 |     111 |       58 |      3 |    44 |    +0.5% |   -0.403 |       -0.4 |    549 | dataadr[0]
      381 |       0 |     111 |       58 |      3 |    44 |    +0.5% |   -0.403 |       -0.4 |    548 | dataadr[0]
      382 |       0 |     111 |       58 |      3 |    44 |    +0.5% |   -0.403 |       -0.4 |    547 | dataadr[0]
      383 |       0 |     111 |       58 |      3 |    44 |    +0.5% |   -0.403 |       -0.4 |    546 | dataadr[0]
      384 |       0 |     111 |       58 |      3 |    44 |    +0.5% |   -0.403 |       -0.4 |    545 | dataadr[0]
      385 |       0 |     111 |       58 |      3 |    44 |    +0.5% |   -0.403 |       -0.4 |    544 | dataadr[0]
      386 |       0 |     111 |       58 |      3 |    44 |    +0.5% |   -0.403 |       -0.4 |    543 | dataadr[0]
      387 |       0 |     111 |       58 |      3 |    44 |    +0.5% |   -0.403 |       -0.4 |    542 | dataadr[0]
      388 |       0 |     111 |       58 |      3 |    44 |    +0.5% |   -0.403 |       -0.4 |    541 | dataadr[0]
      389 |       0 |     111 |       58 |      3 |    44 |    +0.5% |   -0.403 |       -0.4 |    540 | dataadr[0]
      390 |       0 |     111 |       58 |      3 |    44 |    +0.5% |   -0.403 |       -0.4 |    540 | dataadr[0]
      390 |       0 |     111 |       58 |      3 |    44 |    +0.5% |   -0.403 |       -0.4 |    539 | dataadr[0]
      391 |       0 |     111 |       58 |      3 |    44 |    +0.5% |   -0.403 |       -0.4 |    538 | dataadr[0]
      392 |       0 |     111 |       58 |      3 |    44 |    +0.5% |   -0.403 |       -0.4 |    537 | dataadr[0]
      393 |       0 |     111 |       58 |      3 |    44 |    +0.5% |   -0.403 |       -0.4 |    536 | dataadr[0]
      394 |       0 |     111 |       58 |      3 |    44 |    +0.5% |   -0.403 |       -0.4 |    535 | dataadr[0]
      395 |       0 |     111 |       58 |      3 |    44 |    +0.5% |   -0.403 |       -0.4 |    534 | dataadr[0]
      396 |       0 |     111 |       58 |      3 |    44 |    +0.5% |   -0.403 |       -0.4 |    533 | dataadr[0]
      397 |       0 |     111 |       58 |      3 |    44 |    +0.5% |   -0.403 |       -0.4 |    532 | dataadr[0]
      398 |       0 |     111 |       58 |      3 |    44 |    +0.5% |   -0.403 |       -0.4 |    531 | dataadr[0]
      399 |       0 |     111 |       58 |      3 |    44 |    +0.5% |   -0.403 |       -0.4 |    530 | dataadr[0]
      400 |       0 |     111 |       58 |      3 |    44 |    +0.5% |   -0.403 |       -0.4 |    530 | dataadr[0]
      400 |       0 |     111 |       58 |      3 |    44 |    +0.5% |   -0.403 |       -0.4 |    529 | dataadr[0]
      401 |       0 |     111 |       58 |      3 |    44 |    +0.5% |   -0.403 |       -0.4 |    528 | dataadr[0]
      402 |       0 |     111 |       58 |      3 |    44 |    +0.5% |   -0.403 |       -0.4 |    527 | dataadr[0]
      403 |       0 |     111 |       58 |      3 |    44 |    +0.5% |   -0.403 |       -0.4 |    526 | dataadr[0]
      404 |       0 |     111 |       58 |      3 |    44 |    +0.5% |   -0.403 |       -0.4 |    525 | dataadr[0]
      405 |       0 |     111 |       58 |      3 |    44 |    +0.5% |   -0.403 |       -0.4 |    524 | dataadr[0]
      406 |       0 |     111 |       58 |      3 |    44 |    +0.5% |   -0.403 |       -0.4 |    523 | dataadr[0]
      407 |       0 |     111 |       58 |      3 |    44 |    +0.5% |   -0.403 |       -0.4 |    522 | dataadr[0]
      408 |       0 |     111 |       58 |      3 |    44 |    +0.5% |   -0.403 |       -0.4 |    521 | dataadr[0]
      409 |       0 |     111 |       58 |      3 |    44 |    +0.5% |   -0.403 |       -0.4 |    520 | dataadr[0]
      410 |       0 |     111 |       58 |      3 |    44 |    +0.5% |   -0.403 |       -0.4 |    520 | dataadr[0]
      410 |       0 |     111 |       58 |      3 |    44 |    +0.5% |   -0.403 |       -0.4 |    519 | dataadr[0]
      411 |       0 |     111 |       58 |      3 |    44 |    +0.5% |   -0.403 |       -0.4 |    518 | dataadr[0]
      412 |       0 |     111 |       58 |      3 |    44 |    +0.5% |   -0.403 |       -0.4 |    517 | dataadr[0]
      413 |       0 |     111 |       58 |      3 |    44 |    +0.5% |   -0.403 |       -0.4 |    516 | dataadr[0]
      414 |       0 |     111 |       58 |      3 |    44 |    +0.5% |   -0.403 |       -0.4 |    515 | dataadr[0]
      415 |       0 |     111 |       58 |      3 |    44 |    +0.5% |   -0.403 |       -0.4 |    514 | dataadr[0]
      416 |       0 |     111 |       58 |      3 |    44 |    +0.5% |   -0.403 |       -0.4 |    513 | dataadr[0]
      417 |       0 |     111 |       58 |      3 |    44 |    +0.5% |   -0.403 |       -0.4 |    512 | dataadr[0]
      418 |       0 |     111 |       58 |      3 |    44 |    +0.5% |   -0.403 |       -0.4 |    511 | dataadr[0]
      419 |       0 |     111 |       58 |      3 |    44 |    +0.5% |   -0.403 |       -0.4 |    510 | dataadr[0]
      420 |       0 |     111 |       58 |      3 |    44 |    +0.5% |   -0.403 |       -0.4 |    510 | dataadr[0]
      420 |       0 |     111 |       58 |      3 |    44 |    +0.5% |   -0.403 |       -0.4 |    509 | dataadr[0]
      421 |       0 |     111 |       58 |      3 |    44 |    +0.5% |   -0.403 |       -0.4 |    508 | dataadr[0]
      422 |       0 |     111 |       58 |      3 |    44 |    +0.5% |   -0.403 |       -0.4 |    507 | dataadr[0]
      423 |       0 |     111 |       58 |      3 |    44 |    +0.5% |   -0.403 |       -0.4 |    506 | dataadr[0]
      424 |       0 |     111 |       58 |      3 |    44 |    +0.5% |   -0.403 |       -0.4 |    505 | dataadr[0]
      425 |       0 |     111 |       58 |      3 |    44 |    +0.5% |   -0.403 |       -0.4 |    504 | dataadr[0]
      426 |       0 |     111 |       58 |      3 |    44 |    +0.5% |   -0.403 |       -0.4 |    503 | dataadr[0]
      427 |       0 |     111 |       58 |      3 |    44 |    +0.5% |   -0.403 |       -0.4 |    502 | dataadr[0]
      428 |       0 |     111 |       58 |      3 |    44 |    +0.5% |   -0.403 |       -0.4 |    501 | dataadr[0]
      429 |       0 |     111 |       58 |      3 |    44 |    +0.5% |   -0.403 |       -0.4 |    500 | dataadr[0]
      430 |       0 |     111 |       58 |      3 |    44 |    +0.5% |   -0.403 |       -0.4 |    500 | dataadr[0]
      430 |       0 |     111 |       58 |      3 |    44 |    +0.5% |   -0.403 |       -0.4 |    499 | dataadr[0]
      431 |       0 |     111 |       58 |      3 |    44 |    +0.5% |   -0.403 |       -0.4 |    498 | dataadr[0]
      432 |       0 |     111 |       58 |      3 |    44 |    +0.5% |   -0.403 |       -0.4 |    497 | dataadr[0]
      433 |       0 |     111 |       58 |      3 |    44 |    +0.5% |   -0.403 |       -0.4 |    496 | dataadr[0]
      434 |       0 |     111 |       58 |      3 |    44 |    +0.5% |   -0.403 |       -0.4 |    495 | dataadr[0]
      435 |       0 |     111 |       58 |      3 |    44 |    +0.5% |   -0.403 |       -0.4 |    494 | dataadr[0]
      436 |       0 |     111 |       58 |      3 |    44 |    +0.5% |   -0.403 |       -0.4 |    493 | dataadr[0]
      437 |       0 |     111 |       58 |      3 |    44 |    +0.5% |   -0.403 |       -0.4 |    492 | dataadr[0]
      438 |       0 |     111 |       58 |      3 |    44 |    +0.5% |   -0.403 |       -0.4 |    491 | dataadr[0]
      439 |       0 |     111 |       58 |      3 |    44 |    +0.5% |   -0.403 |       -0.4 |    490 | dataadr[0]
      440 |       0 |     111 |       58 |      3 |    44 |    +0.5% |   -0.403 |       -0.4 |    490 | dataadr[0]
      440 |       0 |     111 |       58 |      3 |    44 |    +0.5% |   -0.403 |       -0.4 |    489 | dataadr[0]
      441 |       0 |     111 |       58 |      3 |    44 |    +0.5% |   -0.403 |       -0.4 |    488 | dataadr[0]
      442 |       0 |     111 |       58 |      3 |    44 |    +0.5% |   -0.403 |       -0.4 |    487 | dataadr[0]
      443 |       0 |     111 |       58 |      3 |    44 |    +0.5% |   -0.403 |       -0.4 |    486 | dataadr[0]
      444 |       0 |     111 |       58 |      3 |    44 |    +0.5% |   -0.403 |       -0.4 |    485 | dataadr[0]
      445 |       0 |     111 |       58 |      3 |    44 |    +0.5% |   -0.403 |       -0.4 |    484 | dataadr[0]
      446 |       0 |     111 |       58 |      3 |    44 |    +0.5% |   -0.403 |       -0.4 |    483 | dataadr[0]
      447 |       0 |     111 |       58 |      3 |    44 |    +0.5% |   -0.403 |       -0.4 |    482 | dataadr[0]
      448 |       0 |     111 |       58 |      3 |    44 |    +0.5% |   -0.403 |       -0.4 |    481 | dataadr[0]
      449 |       0 |     111 |       58 |      3 |    44 |    +0.5% |   -0.403 |       -0.4 |    480 | dataadr[0]
      450 |       0 |     111 |       58 |      3 |    44 |    +0.5% |   -0.403 |       -0.4 |    480 | dataadr[0]
      450 |       0 |     111 |       58 |      3 |    44 |    +0.5% |   -0.403 |       -0.4 |    479 | dataadr[0]
      451 |       0 |     111 |       58 |      3 |    44 |    +0.5% |   -0.403 |       -0.4 |    478 | dataadr[0]
      452 |       0 |     111 |       58 |      3 |    44 |    +0.5% |   -0.403 |       -0.4 |    477 | dataadr[0]
      453 |       0 |     111 |       58 |      3 |    44 |    +0.5% |   -0.403 |       -0.4 |    476 | dataadr[0]
      454 |       0 |     111 |       58 |      3 |    44 |    +0.5% |   -0.403 |       -0.4 |    475 | dataadr[0]
      455 |       0 |     111 |       58 |      3 |    44 |    +0.5% |   -0.403 |       -0.4 |    474 | dataadr[0]
      456 |       0 |     111 |       58 |      3 |    44 |    +0.5% |   -0.403 |       -0.4 |    473 | dataadr[0]
      457 |       0 |     111 |       58 |      3 |    44 |    +0.5% |   -0.403 |       -0.4 |    472 | dataadr[0]
      458 |       0 |     111 |       58 |      3 |    44 |    +0.5% |   -0.403 |       -0.4 |    471 | dataadr[0]
      459 |       0 |     111 |       58 |      3 |    44 |    +0.5% |   -0.403 |       -0.4 |    470 | dataadr[0]
      460 |       0 |     111 |       58 |      3 |    44 |    +0.5% |   -0.403 |       -0.4 |    470 | dataadr[0]
      460 |       0 |     111 |       58 |      3 |    44 |    +0.5% |   -0.403 |       -0.4 |    469 | dataadr[0]
      461 |       0 |     111 |       58 |      3 |    44 |    +0.5% |   -0.403 |       -0.4 |    468 | dataadr[0]
      462 |       0 |     111 |       58 |      3 |    44 |    +0.5% |   -0.403 |       -0.4 |    467 | dataadr[0]
      463 |       0 |     111 |       58 |      3 |    44 |    +0.5% |   -0.403 |       -0.4 |    466 | dataadr[0]
      464 |       0 |     111 |       58 |      3 |    44 |    +0.5% |   -0.403 |       -0.4 |    465 | dataadr[0]
      465 |       0 |     111 |       58 |      3 |    44 |    +0.5% |   -0.403 |       -0.4 |    464 | dataadr[0]
      466 |       0 |     111 |       58 |      3 |    44 |    +0.5% |   -0.403 |       -0.4 |    463 | dataadr[0]
      467 |       0 |     111 |       58 |      3 |    44 |    +0.5% |   -0.403 |       -0.4 |    462 | dataadr[0]
      468 |       0 |     111 |       58 |      3 |    44 |    +0.5% |   -0.403 |       -0.4 |    461 | dataadr[0]
      469 |       0 |     111 |       58 |      3 |    44 |    +0.5% |   -0.403 |       -0.4 |    460 | dataadr[0]
      470 |       0 |     111 |       58 |      3 |    44 |    +0.5% |   -0.403 |       -0.4 |    460 | dataadr[0]
      470 |       0 |     111 |       58 |      3 |    44 |    +0.5% |   -0.403 |       -0.4 |    459 | dataadr[0]
      471 |       0 |     111 |       58 |      3 |    44 |    +0.5% |   -0.403 |       -0.4 |    458 | dataadr[0]
      472 |       0 |     111 |       58 |      3 |    44 |    +0.5% |   -0.403 |       -0.4 |    457 | dataadr[0]
      473 |       0 |     111 |       58 |      3 |    44 |    +0.5% |   -0.403 |       -0.4 |    456 | dataadr[0]
      474 |       0 |     111 |       58 |      3 |    44 |    +0.5% |   -0.403 |       -0.4 |    455 | dataadr[0]
      475 |       0 |     111 |       58 |      3 |    44 |    +0.5% |   -0.403 |       -0.4 |    454 | dataadr[0]
      476 |       0 |     111 |       58 |      3 |    44 |    +0.5% |   -0.403 |       -0.4 |    453 | dataadr[0]
      477 |       0 |     111 |       58 |      3 |    44 |    +0.5% |   -0.403 |       -0.4 |    452 | dataadr[0]
      478 |       0 |     111 |       58 |      3 |    44 |    +0.5% |   -0.403 |       -0.4 |    451 | dataadr[0]
      479 |       0 |     111 |       58 |      3 |    44 |    +0.5% |   -0.403 |       -0.4 |    450 | dataadr[0]
      480 |       0 |     111 |       58 |      3 |    44 |    +0.5% |   -0.403 |       -0.4 |    450 | dataadr[0]
      480 |       0 |     111 |       58 |      3 |    44 |    +0.5% |   -0.403 |       -0.4 |    449 | dataadr[0]
      481 |       0 |     111 |       58 |      3 |    44 |    +0.5% |   -0.403 |       -0.4 |    448 | dataadr[0]
      482 |       0 |     111 |       58 |      3 |    44 |    +0.5% |   -0.403 |       -0.4 |    447 | dataadr[0]
      483 |       0 |     111 |       58 |      3 |    44 |    +0.5% |   -0.403 |       -0.4 |    446 | dataadr[0]
      484 |       0 |     111 |       58 |      3 |    44 |    +0.5% |   -0.403 |       -0.4 |    445 | dataadr[0]
      485 |       0 |     111 |       58 |      3 |    44 |    +0.5% |   -0.403 |       -0.4 |    444 | dataadr[0]
      486 |       0 |     111 |       58 |      3 |    44 |    +0.5% |   -0.403 |       -0.4 |    443 | dataadr[0]
      487 |       0 |     111 |       58 |      3 |    44 |    +0.5% |   -0.403 |       -0.4 |    442 | dataadr[0]
      488 |       0 |     111 |       58 |      3 |    44 |    +0.5% |   -0.403 |       -0.4 |    441 | dataadr[0]
      489 |       0 |     111 |       58 |      3 |    44 |    +0.5% |   -0.403 |       -0.4 |    440 | dataadr[0]
      490 |       0 |     111 |       58 |      3 |    44 |    +0.5% |   -0.403 |       -0.4 |    440 | dataadr[0]
      490 |       0 |     111 |       58 |      3 |    44 |    +0.5% |   -0.403 |       -0.4 |    439 | dataadr[0]
      491 |       0 |     111 |       58 |      3 |    44 |    +0.5% |   -0.403 |       -0.4 |    438 | dataadr[0]
      492 |       0 |     111 |       58 |      3 |    44 |    +0.5% |   -0.403 |       -0.4 |    437 | dataadr[0]
      493 |       0 |     111 |       58 |      3 |    44 |    +0.5% |   -0.403 |       -0.4 |    436 | dataadr[0]
      494 |       0 |     111 |       58 |      3 |    44 |    +0.5% |   -0.403 |       -0.4 |    435 | dataadr[0]
      495 |       0 |     111 |       58 |      3 |    44 |    +0.5% |   -0.403 |       -0.4 |    434 | dataadr[0]
      496 |       0 |     111 |       58 |      3 |    44 |    +0.5% |   -0.403 |       -0.4 |    433 | dataadr[0]
      497 |       0 |     111 |       58 |      3 |    44 |    +0.5% |   -0.403 |       -0.4 |    432 | dataadr[0]
      498 |       0 |     111 |       58 |      3 |    44 |    +0.5% |   -0.403 |       -0.4 |    431 | dataadr[0]
      499 |       0 |     111 |       58 |      3 |    44 |    +0.5% |   -0.403 |       -0.4 |    430 | dataadr[0]
      500 |       0 |     111 |       58 |      3 |    44 |    +0.5% |   -0.403 |       -0.4 |    430 | dataadr[0]
      500 |       0 |     111 |       58 |      3 |    44 |    +0.5% |   -0.403 |       -0.4 |    429 | dataadr[0]
      501 |       0 |     111 |       58 |      3 |    44 |    +0.5% |   -0.403 |       -0.4 |    428 | dataadr[0]
      502 |       0 |     111 |       58 |      3 |    44 |    +0.5% |   -0.403 |       -0.4 |    427 | dataadr[0]
      503 |       0 |     111 |       58 |      3 |    44 |    +0.5% |   -0.403 |       -0.4 |    426 | dataadr[0]
      504 |       0 |     111 |       58 |      3 |    44 |    +0.5% |   -0.403 |       -0.4 |    425 | dataadr[0]
      505 |       0 |     111 |       58 |      3 |    44 |    +0.5% |   -0.403 |       -0.4 |    424 | dataadr[0]
      506 |       0 |     111 |       58 |      3 |    44 |    +0.5% |   -0.403 |       -0.4 |    423 | dataadr[0]
      507 |       0 |     111 |       58 |      3 |    44 |    +0.5% |   -0.403 |       -0.4 |    422 | dataadr[0]
      508 |       0 |     111 |       58 |      3 |    44 |    +0.5% |   -0.403 |       -0.4 |    421 | dataadr[0]
      509 |       0 |     111 |       58 |      3 |    44 |    +0.5% |   -0.403 |       -0.4 |    420 | dataadr[0]
      510 |       0 |     111 |       58 |      3 |    44 |    +0.5% |   -0.403 |       -0.4 |    420 | dataadr[0]
      510 |       0 |     111 |       58 |      3 |    44 |    +0.5% |   -0.403 |       -0.4 |    419 | dataadr[0]
      511 |       0 |     111 |       58 |      3 |    44 |    +0.5% |   -0.403 |       -0.4 |    418 | dataadr[0]
      512 |       0 |     111 |       58 |      3 |    44 |    +0.5% |   -0.403 |       -0.4 |    417 | dataadr[0]
      513 |       0 |     111 |       58 |      3 |    44 |    +0.5% |   -0.403 |       -0.4 |    416 | dataadr[0]
      514 |       0 |     111 |       58 |      3 |    44 |    +0.5% |   -0.403 |       -0.4 |    415 | dataadr[0]
      515 |       0 |     111 |       58 |      3 |    44 |    +0.5% |   -0.403 |       -0.4 |    414 | dataadr[0]
      516 |       0 |     111 |       58 |      3 |    44 |    +0.5% |   -0.403 |       -0.4 |    413 | dataadr[0]
      517 |       0 |     111 |       58 |      3 |    44 |    +0.5% |   -0.403 |       -0.4 |    412 | dataadr[0]
      518 |       0 |     111 |       58 |      3 |    44 |    +0.5% |   -0.403 |       -0.4 |    411 | dataadr[0]
      519 |       0 |     111 |       58 |      3 |    44 |    +0.5% |   -0.403 |       -0.4 |    410 | dataadr[0]
      520 |       0 |     111 |       58 |      3 |    44 |    +0.5% |   -0.403 |       -0.4 |    410 | dataadr[0]
      520 |       0 |     111 |       58 |      3 |    44 |    +0.5% |   -0.403 |       -0.4 |    409 | dataadr[0]
      521 |       0 |     111 |       58 |      3 |    44 |    +0.5% |   -0.403 |       -0.4 |    408 | dataadr[0]
      522 |       0 |     111 |       58 |      3 |    44 |    +0.5% |   -0.403 |       -0.4 |    407 | dataadr[0]
      523 |       0 |     111 |       58 |      3 |    44 |    +0.5% |   -0.403 |       -0.4 |    406 | dataadr[0]
      524 |       0 |     111 |       58 |      3 |    44 |    +0.5% |   -0.403 |       -0.4 |    405 | dataadr[0]
      525 |       0 |     111 |       58 |      3 |    44 |    +0.5% |   -0.403 |       -0.4 |    404 | dataadr[0]
      526 |       0 |     111 |       58 |      3 |    44 |    +0.5% |   -0.403 |       -0.4 |    403 | dataadr[0]
      527 |       0 |     111 |       58 |      3 |    44 |    +0.5% |   -0.403 |       -0.4 |    402 | dataadr[0]
      528 |       0 |     111 |       58 |      3 |    44 |    +0.5% |   -0.403 |       -0.4 |    401 | dataadr[0]
      529 |       0 |     111 |       58 |      3 |    44 |    +0.5% |   -0.403 |       -0.4 |    400 | dataadr[0]
      530 |       0 |     111 |       58 |      3 |    44 |    +0.5% |   -0.403 |       -0.4 |    400 | dataadr[0]
      530 |       0 |     111 |       58 |      3 |    44 |    +0.5% |   -0.403 |       -0.4 |    399 | dataadr[0]
      531 |       0 |     111 |       58 |      3 |    44 |    +0.5% |   -0.403 |       -0.4 |    398 | dataadr[0]
      532 |       0 |     111 |       58 |      3 |    44 |    +0.5% |   -0.403 |       -0.4 |    397 | dataadr[0]
      533 |       0 |     111 |       58 |      3 |    44 |    +0.5% |   -0.403 |       -0.4 |    396 | dataadr[0]
      534 |       0 |     111 |       58 |      3 |    44 |    +0.5% |   -0.403 |       -0.4 |    395 | dataadr[0]
      535 |       0 |     111 |       58 |      3 |    44 |    +0.5% |   -0.403 |       -0.4 |    394 | dataadr[0]
      536 |       0 |     111 |       58 |      3 |    44 |    +0.5% |   -0.403 |       -0.4 |    393 | dataadr[0]
      537 |       0 |     111 |       58 |      3 |    44 |    +0.5% |   -0.403 |       -0.4 |    392 | dataadr[0]
      538 |       0 |     111 |       58 |      3 |    44 |    +0.5% |   -0.403 |       -0.4 |    391 | dataadr[0]
      539 |       0 |     111 |       58 |      3 |    44 |    +0.5% |   -0.403 |       -0.4 |    390 | dataadr[0]
      540 |       0 |     111 |       58 |      3 |    44 |    +0.5% |   -0.403 |       -0.4 |    390 | dataadr[0]
      540 |       0 |     111 |       58 |      3 |    44 |    +0.5% |   -0.403 |       -0.4 |    389 | dataadr[0]
      541 |       0 |     111 |       58 |      3 |    44 |    +0.5% |   -0.403 |       -0.4 |    388 | dataadr[0]
      542 |       0 |     111 |       58 |      3 |    44 |    +0.5% |   -0.403 |       -0.4 |    387 | dataadr[0]
      543 |       0 |     111 |       58 |      3 |    44 |    +0.5% |   -0.403 |       -0.4 |    386 | dataadr[0]
      544 |       0 |     111 |       58 |      3 |    44 |    +0.5% |   -0.403 |       -0.4 |    385 | dataadr[0]
      545 |       0 |     111 |       58 |      3 |    44 |    +0.5% |   -0.403 |       -0.4 |    384 | dataadr[0]
      546 |       0 |     111 |       58 |      3 |    44 |    +0.5% |   -0.403 |       -0.4 |    383 | dataadr[0]
      547 |       0 |     111 |       58 |      3 |    44 |    +0.5% |   -0.403 |       -0.4 |    382 | dataadr[0]
      548 |       0 |     111 |       58 |      3 |    44 |    +0.5% |   -0.403 |       -0.4 |    381 | dataadr[0]
      549 |       0 |     111 |       58 |      3 |    44 |    +0.5% |   -0.403 |       -0.4 |    380 | dataadr[0]
      550 |       0 |     111 |       58 |      3 |    44 |    +0.5% |   -0.403 |       -0.4 |    380 | dataadr[0]
      550 |       0 |     111 |       58 |      3 |    44 |    +0.5% |   -0.403 |       -0.4 |    379 | dataadr[0]
      551 |       0 |     111 |       58 |      3 |    44 |    +0.5% |   -0.403 |       -0.4 |    378 | dataadr[0]
      552 |       0 |     111 |       58 |      3 |    44 |    +0.5% |   -0.403 |       -0.4 |    377 | dataadr[0]
      553 |       0 |     111 |       58 |      3 |    44 |    +0.5% |   -0.403 |       -0.4 |    376 | dataadr[0]
      554 |       0 |     111 |       58 |      3 |    44 |    +0.5% |   -0.403 |       -0.4 |    375 | dataadr[0]
      555 |       0 |     111 |       58 |      3 |    44 |    +0.5% |   -0.403 |       -0.4 |    374 | dataadr[0]
      556 |       0 |     111 |       58 |      3 |    44 |    +0.5% |   -0.403 |       -0.4 |    373 | dataadr[0]
      557 |       0 |     111 |       58 |      3 |    44 |    +0.5% |   -0.403 |       -0.4 |    372 | dataadr[0]
      558 |       0 |     111 |       58 |      3 |    44 |    +0.5% |   -0.403 |       -0.4 |    371 | dataadr[0]
      559 |       0 |     111 |       58 |      3 |    44 |    +0.5% |   -0.403 |       -0.4 |    370 | dataadr[0]
      560 |       0 |     111 |       58 |      3 |    44 |    +0.5% |   -0.403 |       -0.4 |    370 | dataadr[0]
      560 |       0 |     111 |       58 |      3 |    44 |    +0.5% |   -0.403 |       -0.4 |    369 | dataadr[0]
      561 |       0 |     111 |       58 |      3 |    44 |    +0.5% |   -0.403 |       -0.4 |    368 | dataadr[0]
      562 |       0 |     111 |       58 |      3 |    44 |    +0.5% |   -0.403 |       -0.4 |    367 | dataadr[0]
      563 |       0 |     111 |       58 |      3 |    44 |    +0.5% |   -0.403 |       -0.4 |    366 | dataadr[0]
      564 |       0 |     111 |       58 |      3 |    44 |    +0.5% |   -0.403 |       -0.4 |    365 | dataadr[0]
      565 |       0 |     111 |       58 |      3 |    44 |    +0.5% |   -0.403 |       -0.4 |    364 | dataadr[0]
      566 |       0 |     111 |       58 |      3 |    44 |    +0.5% |   -0.403 |       -0.4 |    363 | dataadr[0]
      567 |       0 |     111 |       58 |      3 |    44 |    +0.5% |   -0.403 |       -0.4 |    362 | dataadr[0]
      568 |       0 |     111 |       58 |      3 |    44 |    +0.5% |   -0.403 |       -0.4 |    361 | dataadr[0]
      569 |       0 |     111 |       58 |      3 |    44 |    +0.5% |   -0.403 |       -0.4 |    360 | dataadr[0]
      570 |       0 |     111 |       58 |      3 |    44 |    +0.5% |   -0.403 |       -0.4 |    360 | dataadr[0]
      570 |       0 |     111 |       58 |      3 |    44 |    +0.5% |   -0.403 |       -0.4 |    359 | dataadr[0]
      571 |       0 |     111 |       58 |      3 |    44 |    +0.5% |   -0.403 |       -0.4 |    358 | dataadr[0]
      572 |       0 |     111 |       58 |      3 |    44 |    +0.5% |   -0.403 |       -0.4 |    357 | dataadr[0]
      573 |       0 |     111 |       58 |      3 |    44 |    +0.5% |   -0.403 |       -0.4 |    356 | dataadr[0]
      574 |       0 |     111 |       58 |      3 |    44 |    +0.5% |   -0.403 |       -0.4 |    355 | dataadr[0]
      575 |       0 |     111 |       58 |      3 |    44 |    +0.5% |   -0.403 |       -0.4 |    354 | dataadr[0]
      576 |       0 |     111 |       58 |      3 |    44 |    +0.5% |   -0.403 |       -0.4 |    353 | dataadr[0]
      577 |       0 |     111 |       58 |      3 |    44 |    +0.5% |   -0.403 |       -0.4 |    352 | dataadr[0]
      578 |       0 |     111 |       58 |      3 |    44 |    +0.5% |   -0.403 |       -0.4 |    351 | dataadr[0]
      579 |       0 |     111 |       58 |      3 |    44 |    +0.5% |   -0.403 |       -0.4 |    350 | dataadr[0]
      580 |       0 |     111 |       58 |      3 |    44 |    +0.5% |   -0.403 |       -0.4 |    350 | dataadr[0]
      580 |       0 |     111 |       58 |      3 |    44 |    +0.5% |   -0.403 |       -0.4 |    349 | dataadr[0]
      581 |       0 |     111 |       58 |      3 |    44 |    +0.5% |   -0.403 |       -0.4 |    348 | dataadr[0]
      582 |       0 |     111 |       58 |      3 |    44 |    +0.5% |   -0.403 |       -0.4 |    347 | dataadr[0]
      583 |       0 |     111 |       58 |      3 |    44 |    +0.5% |   -0.403 |       -0.4 |    346 | dataadr[0]
      584 |       0 |     111 |       58 |      3 |    44 |    +0.5% |   -0.403 |       -0.4 |    345 | dataadr[0]
      585 |       0 |     111 |       58 |      3 |    44 |    +0.5% |   -0.403 |       -0.4 |    344 | dataadr[0]
      586 |       0 |     111 |       58 |      3 |    44 |    +0.5% |   -0.403 |       -0.4 |    343 | dataadr[0]
      587 |       0 |     111 |       58 |      3 |    44 |    +0.5% |   -0.403 |       -0.4 |    342 | dataadr[0]
      588 |       0 |     111 |       58 |      3 |    44 |    +0.5% |   -0.403 |       -0.4 |    341 | dataadr[0]
      589 |       0 |     111 |       58 |      3 |    44 |    +0.5% |   -0.403 |       -0.4 |    340 | dataadr[0]
      590 |       0 |     111 |       58 |      3 |    44 |    +0.5% |   -0.403 |       -0.4 |    340 | dataadr[0]
      590 |       0 |     111 |       58 |      3 |    44 |    +0.5% |   -0.403 |       -0.4 |    339 | dataadr[0]
      591 |       0 |     111 |       58 |      3 |    44 |    +0.5% |   -0.403 |       -0.4 |    338 | dataadr[0]
      592 |       0 |     111 |       58 |      3 |    44 |    +0.5% |   -0.403 |       -0.4 |    337 | dataadr[0]
      593 |       0 |     111 |       58 |      3 |    44 |    +0.5% |   -0.403 |       -0.4 |    336 | dataadr[0]
      594 |       0 |     111 |       58 |      3 |    44 |    +0.5% |   -0.403 |       -0.4 |    335 | dataadr[0]
      595 |       0 |     111 |       58 |      3 |    44 |    +0.5% |   -0.403 |       -0.4 |    334 | dataadr[0]
      596 |       0 |     111 |       58 |      3 |    44 |    +0.5% |   -0.403 |       -0.4 |    333 | dataadr[0]
      597 |       0 |     111 |       58 |      3 |    44 |    +0.5% |   -0.403 |       -0.4 |    332 | dataadr[0]
      598 |       0 |     111 |       58 |      3 |    44 |    +0.5% |   -0.403 |       -0.4 |    331 | dataadr[0]
      599 |       0 |     111 |       58 |      3 |    44 |    +0.5% |   -0.403 |       -0.4 |    330 | dataadr[0]
      600 |       0 |     111 |       58 |      3 |    44 |    +0.5% |   -0.403 |       -0.4 |    330 | dataadr[0]
      600 |       0 |     111 |       58 |      3 |    44 |    +0.5% |   -0.403 |       -0.4 |    329 | dataadr[0]
      601 |       0 |     111 |       58 |      3 |    44 |    +0.5% |   -0.403 |       -0.4 |    328 | dataadr[0]
      602 |       0 |     111 |       58 |      3 |    44 |    +0.5% |   -0.403 |       -0.4 |    327 | dataadr[0]
      603 |       0 |     111 |       58 |      3 |    44 |    +0.5% |   -0.403 |       -0.4 |    326 | dataadr[0]
      604 |       0 |     111 |       58 |      3 |    44 |    +0.5% |   -0.403 |       -0.4 |    325 | dataadr[0]
      605 |       0 |     111 |       58 |      3 |    44 |    +0.5% |   -0.403 |       -0.4 |    324 | dataadr[0]
      606 |       0 |     111 |       58 |      3 |    44 |    +0.5% |   -0.403 |       -0.4 |    323 | dataadr[0]
      607 |       0 |     111 |       58 |      3 |    44 |    +0.5% |   -0.403 |       -0.4 |    322 | dataadr[0]
      608 |       0 |     111 |       58 |      3 |    44 |    +0.5% |   -0.403 |       -0.4 |    321 | dataadr[0]
      609 |       0 |     111 |       58 |      3 |    44 |    +0.5% |   -0.403 |       -0.4 |    320 | dataadr[0]
      610 |       0 |     111 |       58 |      3 |    44 |    +0.5% |   -0.403 |       -0.4 |    320 | dataadr[0]
      610 |       0 |     111 |       58 |      3 |    44 |    +0.5% |   -0.403 |       -0.4 |    319 | dataadr[0]
      611 |       0 |     111 |       58 |      3 |    44 |    +0.5% |   -0.403 |       -0.4 |    318 | dataadr[0]
      612 |       0 |     111 |       58 |      3 |    44 |    +0.5% |   -0.403 |       -0.4 |    317 | dataadr[0]
      613 |       0 |     111 |       58 |      3 |    44 |    +0.5% |   -0.403 |       -0.4 |    316 | dataadr[0]
      614 |       0 |     111 |       58 |      3 |    44 |    +0.5% |   -0.403 |       -0.4 |    315 | dataadr[0]
      615 |       0 |     111 |       58 |      3 |    44 |    +0.5% |   -0.403 |       -0.4 |    314 | dataadr[0]
      616 |       0 |     111 |       58 |      3 |    44 |    +0.5% |   -0.403 |       -0.4 |    313 | dataadr[0]
      617 |       0 |     111 |       58 |      3 |    44 |    +0.5% |   -0.403 |       -0.4 |    312 | dataadr[0]
      618 |       0 |     111 |       58 |      3 |    44 |    +0.5% |   -0.403 |       -0.4 |    311 | dataadr[0]
      619 |       0 |     111 |       58 |      3 |    44 |    +0.5% |   -0.403 |       -0.4 |    310 | dataadr[0]
      620 |       0 |     111 |       58 |      3 |    44 |    +0.5% |   -0.403 |       -0.4 |    310 | dataadr[0]
      620 |       0 |     111 |       58 |      3 |    44 |    +0.5% |   -0.403 |       -0.4 |    309 | dataadr[0]
      621 |       0 |     111 |       58 |      3 |    44 |    +0.5% |   -0.403 |       -0.4 |    308 | dataadr[0]
      622 |       0 |     111 |       58 |      3 |    44 |    +0.5% |   -0.403 |       -0.4 |    307 | dataadr[0]
      623 |       0 |     111 |       58 |      3 |    44 |    +0.5% |   -0.403 |       -0.4 |    306 | dataadr[0]
      624 |       0 |     111 |       58 |      3 |    44 |    +0.5% |   -0.403 |       -0.4 |    305 | dataadr[0]
      625 |       0 |     111 |       58 |      3 |    44 |    +0.5% |   -0.403 |       -0.4 |    304 | dataadr[0]
      626 |       0 |     111 |       58 |      3 |    44 |    +0.5% |   -0.403 |       -0.4 |    303 | dataadr[0]
      627 |       0 |     111 |       58 |      3 |    44 |    +0.5% |   -0.403 |       -0.4 |    302 | dataadr[0]
      628 |       0 |     111 |       58 |      3 |    44 |    +0.5% |   -0.403 |       -0.4 |    301 | dataadr[0]
      629 |       0 |     111 |       58 |      3 |    44 |    +0.5% |   -0.403 |       -0.4 |    300 | dataadr[0]
      630 |       0 |     111 |       58 |      3 |    44 |    +0.5% |   -0.403 |       -0.4 |    300 | dataadr[0]
      630 |       0 |     111 |       58 |      3 |    44 |    +0.5% |   -0.403 |       -0.4 |    299 | dataadr[0]
      631 |       0 |     111 |       58 |      3 |    44 |    +0.5% |   -0.403 |       -0.4 |    298 | dataadr[0]
      632 |       0 |     111 |       58 |      3 |    44 |    +0.5% |   -0.403 |       -0.4 |    297 | dataadr[0]
      633 |       0 |     111 |       58 |      3 |    44 |    +0.5% |   -0.403 |       -0.4 |    296 | dataadr[0]
      634 |       0 |     111 |       58 |      3 |    44 |    +0.5% |   -0.403 |       -0.4 |    295 | dataadr[0]
      635 |       0 |     111 |       58 |      3 |    44 |    +0.5% |   -0.403 |       -0.4 |    294 | dataadr[0]
      636 |       0 |     111 |       58 |      3 |    44 |    +0.5% |   -0.403 |       -0.4 |    293 | dataadr[0]
      637 |       0 |     111 |       58 |      3 |    44 |    +0.5% |   -0.403 |       -0.4 |    292 | dataadr[0]
      638 |       0 |     111 |       58 |      3 |    44 |    +0.5% |   -0.403 |       -0.4 |    291 | dataadr[0]
      639 |       0 |     111 |       58 |      3 |    44 |    +0.5% |   -0.403 |       -0.4 |    290 | dataadr[0]
      640 |       0 |     111 |       58 |      3 |    44 |    +0.5% |   -0.403 |       -0.4 |    290 | dataadr[0]
      640 |       0 |     111 |       58 |      3 |    44 |    +0.5% |   -0.403 |       -0.4 |    289 | dataadr[0]
      641 |       0 |     111 |       58 |      3 |    44 |    +0.5% |   -0.403 |       -0.4 |    288 | dataadr[0]
      642 |       0 |     111 |       58 |      3 |    44 |    +0.5% |   -0.403 |       -0.4 |    287 | dataadr[0]
      643 |       0 |     111 |       58 |      3 |    44 |    +0.5% |   -0.403 |       -0.4 |    286 | dataadr[0]
      644 |       0 |     111 |       58 |      3 |    44 |    +0.5% |   -0.403 |       -0.4 |    285 | dataadr[0]
      645 |       0 |     111 |       58 |      3 |    44 |    +0.5% |   -0.403 |       -0.4 |    284 | dataadr[0]
      646 |       0 |     111 |       58 |      3 |    44 |    +0.5% |   -0.403 |       -0.4 |    283 | dataadr[0]
      647 |       0 |     111 |       58 |      3 |    44 |    +0.5% |   -0.403 |       -0.4 |    282 | dataadr[0]
      648 |       0 |     111 |       58 |      3 |    44 |    +0.5% |   -0.403 |       -0.4 |    281 | dataadr[0]
      649 |       0 |     111 |       58 |      3 |    44 |    +0.5% |   -0.403 |       -0.4 |    280 | dataadr[0]
      650 |       0 |     111 |       58 |      3 |    44 |    +0.5% |   -0.403 |       -0.4 |    280 | dataadr[0]
      650 |       0 |     111 |       58 |      3 |    44 |    +0.5% |   -0.403 |       -0.4 |    279 | dataadr[0]
      651 |       0 |     111 |       58 |      3 |    44 |    +0.5% |   -0.403 |       -0.4 |    278 | dataadr[0]
      652 |       0 |     111 |       58 |      3 |    44 |    +0.5% |   -0.403 |       -0.4 |    277 | dataadr[0]
      653 |       0 |     111 |       58 |      3 |    44 |    +0.5% |   -0.403 |       -0.4 |    276 | dataadr[0]
      654 |       0 |     111 |       58 |      3 |    44 |    +0.5% |   -0.403 |       -0.4 |    275 | dataadr[0]
      655 |       0 |     111 |       58 |      3 |    44 |    +0.5% |   -0.403 |       -0.4 |    274 | dataadr[0]
      656 |       0 |     111 |       58 |      3 |    44 |    +0.5% |   -0.403 |       -0.4 |    273 | dataadr[0]
      657 |       0 |     111 |       58 |      3 |    44 |    +0.5% |   -0.403 |       -0.4 |    272 | dataadr[0]
      658 |       0 |     111 |       58 |      3 |    44 |    +0.5% |   -0.403 |       -0.4 |    271 | dataadr[0]
      659 |       0 |     111 |       58 |      3 |    44 |    +0.5% |   -0.403 |       -0.4 |    270 | dataadr[0]
      660 |       0 |     111 |       58 |      3 |    44 |    +0.5% |   -0.403 |       -0.4 |    270 | dataadr[0]
      660 |       0 |     111 |       58 |      3 |    44 |    +0.5% |   -0.403 |       -0.4 |    269 | dataadr[0]
      661 |       0 |     111 |       58 |      3 |    44 |    +0.5% |   -0.403 |       -0.4 |    268 | dataadr[0]
      662 |       0 |     111 |       58 |      3 |    44 |    +0.5% |   -0.403 |       -0.4 |    267 | dataadr[0]
      663 |       0 |     111 |       58 |      3 |    44 |    +0.5% |   -0.403 |       -0.4 |    266 | dataadr[0]
      664 |       0 |     111 |       58 |      3 |    44 |    +0.5% |   -0.403 |       -0.4 |    265 | dataadr[0]
      665 |       0 |     111 |       58 |      3 |    44 |    +0.5% |   -0.403 |       -0.4 |    264 | dataadr[0]
      666 |       0 |     111 |       58 |      3 |    44 |    +0.5% |   -0.403 |       -0.4 |    263 | dataadr[0]
      667 |       0 |     111 |       58 |      3 |    44 |    +0.5% |   -0.403 |       -0.4 |    262 | dataadr[0]
      668 |       0 |     111 |       58 |      3 |    44 |    +0.5% |   -0.403 |       -0.4 |    261 | dataadr[0]
      669 |       0 |     111 |       58 |      3 |    44 |    +0.5% |   -0.403 |       -0.4 |    260 | dataadr[0]
      670 |       0 |     111 |       58 |      3 |    44 |    +0.5% |   -0.403 |       -0.4 |    260 | dataadr[0]
      670 |       0 |     111 |       58 |      3 |    44 |    +0.5% |   -0.403 |       -0.4 |    259 | dataadr[0]
      671 |       0 |     111 |       58 |      3 |    44 |    +0.5% |   -0.403 |       -0.4 |    258 | dataadr[0]
      672 |       0 |     111 |       58 |      3 |    44 |    +0.5% |   -0.403 |       -0.4 |    257 | dataadr[0]
      673 |       0 |     111 |       58 |      3 |    44 |    +0.5% |   -0.403 |       -0.4 |    256 | dataadr[0]
      674 |       0 |     111 |       58 |      3 |    44 |    +0.5% |   -0.403 |       -0.4 |    255 | dataadr[0]
      675 |       0 |     111 |       58 |      3 |    44 |    +0.5% |   -0.403 |       -0.4 |    254 | dataadr[0]
      676 |       0 |     111 |       58 |      3 |    44 |    +0.5% |   -0.403 |       -0.4 |    253 | dataadr[0]
      677 |       0 |     111 |       58 |      3 |    44 |    +0.5% |   -0.403 |       -0.4 |    252 | dataadr[0]
      678 |       0 |     111 |       58 |      3 |    44 |    +0.5% |   -0.403 |       -0.4 |    251 | dataadr[0]
      679 |       0 |     111 |       58 |      3 |    44 |    +0.5% |   -0.403 |       -0.4 |    250 | dataadr[0]
      680 |       0 |     111 |       58 |      3 |    44 |    +0.5% |   -0.403 |       -0.4 |    250 | dataadr[0]
      680 |       0 |     111 |       58 |      3 |    44 |    +0.5% |   -0.403 |       -0.4 |    249 | dataadr[0]
      681 |       0 |     111 |       58 |      3 |    44 |    +0.5% |   -0.403 |       -0.4 |    248 | dataadr[0]
      682 |       0 |     111 |       58 |      3 |    44 |    +0.5% |   -0.403 |       -0.4 |    247 | dataadr[0]
      683 |       0 |     111 |       58 |      3 |    44 |    +0.5% |   -0.403 |       -0.4 |    246 | dataadr[0]
      684 |       0 |     111 |       58 |      3 |    44 |    +0.5% |   -0.403 |       -0.4 |    245 | dataadr[0]
      685 |       0 |     111 |       58 |      3 |    44 |    +0.5% |   -0.403 |       -0.4 |    244 | dataadr[0]
      686 |       0 |     111 |       58 |      3 |    44 |    +0.5% |   -0.403 |       -0.4 |    243 | dataadr[0]
      687 |       0 |     111 |       58 |      3 |    44 |    +0.5% |   -0.403 |       -0.4 |    242 | dataadr[0]
      688 |       0 |     111 |       58 |      3 |    44 |    +0.5% |   -0.403 |       -0.4 |    241 | dataadr[0]
      689 |       0 |     111 |       58 |      3 |    44 |    +0.5% |   -0.403 |       -0.4 |    240 | dataadr[0]
      690 |       0 |     111 |       58 |      3 |    44 |    +0.5% |   -0.403 |       -0.4 |    240 | dataadr[0]
      690 |       0 |     111 |       58 |      3 |    44 |    +0.5% |   -0.403 |       -0.4 |    239 | dataadr[0]
      691 |       0 |     111 |       58 |      3 |    44 |    +0.5% |   -0.403 |       -0.4 |    238 | dataadr[0]
      692 |       0 |     111 |       58 |      3 |    44 |    +0.5% |   -0.403 |       -0.4 |    237 | dataadr[0]
      693 |       0 |     111 |       58 |      3 |    44 |    +0.5% |   -0.403 |       -0.4 |    236 | dataadr[0]
      694 |       0 |     111 |       58 |      3 |    44 |    +0.5% |   -0.403 |       -0.4 |    235 | dataadr[0]
      695 |       0 |     111 |       58 |      3 |    44 |    +0.5% |   -0.403 |       -0.4 |    234 | dataadr[0]
      696 |       0 |     111 |       58 |      3 |    44 |    +0.5% |   -0.403 |       -0.4 |    233 | dataadr[0]
      697 |       0 |     111 |       58 |      3 |    44 |    +0.5% |   -0.403 |       -0.4 |    232 | dataadr[0]
      698 |       0 |     111 |       58 |      3 |    44 |    +0.5% |   -0.403 |       -0.4 |    231 | dataadr[0]
      699 |       0 |     111 |       58 |      3 |    44 |    +0.5% |   -0.403 |       -0.4 |    230 | dataadr[0]
      700 |       0 |     111 |       58 |      3 |    44 |    +0.5% |   -0.403 |       -0.4 |    230 | dataadr[0]
      700 |       0 |     111 |       58 |      3 |    44 |    +0.5% |   -0.403 |       -0.4 |    229 | dataadr[0]
      701 |       0 |     111 |       58 |      3 |    44 |    +0.5% |   -0.403 |       -0.4 |    228 | dataadr[0]
      702 |       0 |     111 |       58 |      3 |    44 |    +0.5% |   -0.403 |       -0.4 |    227 | dataadr[0]
      703 |       0 |     111 |       58 |      3 |    44 |    +0.5% |   -0.403 |       -0.4 |    226 | dataadr[0]
      704 |       0 |     111 |       58 |      3 |    44 |    +0.5% |   -0.403 |       -0.4 |    225 | dataadr[0]
      705 |       0 |     111 |       58 |      3 |    44 |    +0.5% |   -0.403 |       -0.4 |    224 | dataadr[0]
      706 |       0 |     111 |       58 |      3 |    44 |    +0.5% |   -0.403 |       -0.4 |    223 | dataadr[0]
      707 |       0 |     111 |       58 |      3 |    44 |    +0.5% |   -0.403 |       -0.4 |    222 | dataadr[0]
      708 |       0 |     111 |       58 |      3 |    44 |    +0.5% |   -0.403 |       -0.4 |    221 | dataadr[0]
      709 |       0 |     111 |       58 |      3 |    44 |    +0.5% |   -0.403 |       -0.4 |    220 | dataadr[0]
      710 |       0 |     111 |       58 |      3 |    44 |    +0.5% |   -0.403 |       -0.4 |    220 | dataadr[0]
      710 |       0 |     111 |       58 |      3 |    44 |    +0.5% |   -0.403 |       -0.4 |    219 | dataadr[0]
      711 |       0 |     111 |       58 |      3 |    44 |    +0.5% |   -0.403 |       -0.4 |    218 | dataadr[0]
      712 |       0 |     111 |       58 |      3 |    44 |    +0.5% |   -0.403 |       -0.4 |    217 | dataadr[0]
      713 |       0 |     111 |       58 |      3 |    44 |    +0.5% |   -0.403 |       -0.4 |    216 | dataadr[0]
      714 |       0 |     111 |       58 |      3 |    44 |    +0.5% |   -0.403 |       -0.4 |    215 | dataadr[0]
      715 |       0 |     111 |       58 |      3 |    44 |    +0.5% |   -0.403 |       -0.4 |    214 | dataadr[0]
      716 |       0 |     111 |       58 |      3 |    44 |    +0.5% |   -0.403 |       -0.4 |    213 | dataadr[0]
      717 |       0 |     111 |       58 |      3 |    44 |    +0.5% |   -0.403 |       -0.4 |    212 | dataadr[0]
      718 |       0 |     111 |       58 |      3 |    44 |    +0.5% |   -0.403 |       -0.4 |    211 | dataadr[0]
      719 |       0 |     111 |       58 |      3 |    44 |    +0.5% |   -0.403 |       -0.4 |    210 | dataadr[0]
      720 |       0 |     111 |       58 |      3 |    44 |    +0.5% |   -0.403 |       -0.4 |    210 | dataadr[0]
      720 |       0 |     111 |       58 |      3 |    44 |    +0.5% |   -0.403 |       -0.4 |    209 | dataadr[0]
      721 |       0 |     111 |       58 |      3 |    44 |    +0.5% |   -0.403 |       -0.4 |    208 | dataadr[0]
      722 |       0 |     111 |       58 |      3 |    44 |    +0.5% |   -0.403 |       -0.4 |    207 | dataadr[0]
      723 |       0 |     111 |       58 |      3 |    44 |    +0.5% |   -0.403 |       -0.4 |    206 | dataadr[0]
      724 |       0 |     111 |       58 |      3 |    44 |    +0.5% |   -0.403 |       -0.4 |    205 | dataadr[0]
      725 |       0 |     111 |       58 |      3 |    44 |    +0.5% |   -0.403 |       -0.4 |    204 | dataadr[0]
      726 |       0 |     111 |       58 |      3 |    44 |    +0.5% |   -0.403 |       -0.4 |    203 | dataadr[0]
      727 |       0 |     111 |       58 |      3 |    44 |    +0.5% |   -0.403 |       -0.4 |    202 | dataadr[0]
      728 |       0 |     111 |       58 |      3 |    44 |    +0.5% |   -0.403 |       -0.4 |    201 | dataadr[0]
      729 |       0 |     111 |       58 |      3 |    44 |    +0.5% |   -0.403 |       -0.4 |    200 | dataadr[0]
      730 |       0 |     111 |       58 |      3 |    44 |    +0.5% |   -0.403 |       -0.4 |    200 | dataadr[0]
      730 |       0 |     111 |       58 |      3 |    44 |    +0.5% |   -0.403 |       -0.4 |    199 | dataadr[0]
      731 |       0 |     111 |       58 |      3 |    44 |    +0.5% |   -0.403 |       -0.4 |    198 | dataadr[0]
      732 |       0 |     111 |       58 |      3 |    44 |    +0.5% |   -0.403 |       -0.4 |    197 | dataadr[0]
      733 |       0 |     111 |       58 |      3 |    44 |    +0.5% |   -0.403 |       -0.4 |    196 | dataadr[0]
      734 |       0 |     111 |       58 |      3 |    44 |    +0.5% |   -0.403 |       -0.4 |    195 | dataadr[0]
      735 |       0 |     111 |       58 |      3 |    44 |    +0.5% |   -0.403 |       -0.4 |    194 | dataadr[0]
      736 |       0 |     111 |       58 |      3 |    44 |    +0.5% |   -0.403 |       -0.4 |    193 | dataadr[0]
      737 |       0 |     111 |       58 |      3 |    44 |    +0.5% |   -0.403 |       -0.4 |    192 | dataadr[0]
      738 |       0 |     111 |       58 |      3 |    44 |    +0.5% |   -0.403 |       -0.4 |    191 | dataadr[0]
      739 |       0 |     111 |       58 |      3 |    44 |    +0.5% |   -0.403 |       -0.4 |    190 | dataadr[0]
      740 |       0 |     111 |       58 |      3 |    44 |    +0.5% |   -0.403 |       -0.4 |    190 | dataadr[0]
      740 |       0 |     111 |       58 |      3 |    44 |    +0.5% |   -0.403 |       -0.4 |    189 | dataadr[0]
      741 |       0 |     111 |       58 |      3 |    44 |    +0.5% |   -0.403 |       -0.4 |    188 | dataadr[0]
      742 |       0 |     111 |       58 |      3 |    44 |    +0.5% |   -0.403 |       -0.4 |    187 | dataadr[0]
      743 |       0 |     111 |       58 |      3 |    44 |    +0.5% |   -0.403 |       -0.4 |    186 | dataadr[0]
      744 |       0 |     111 |       58 |      3 |    44 |    +0.5% |   -0.403 |       -0.4 |    185 | dataadr[0]
      745 |       0 |     111 |       58 |      3 |    44 |    +0.5% |   -0.403 |       -0.4 |    184 | dataadr[0]
      746 |       0 |     111 |       58 |      3 |    44 |    +0.5% |   -0.403 |       -0.4 |    183 | dataadr[0]
      747 |       0 |     111 |       58 |      3 |    44 |    +0.5% |   -0.403 |       -0.4 |    182 | dataadr[0]
      748 |       0 |     111 |       58 |      3 |    44 |    +0.5% |   -0.403 |       -0.4 |    181 | dataadr[0]
      749 |       0 |     111 |       58 |      3 |    44 |    +0.5% |   -0.403 |       -0.4 |    180 | dataadr[0]
      750 |       0 |     111 |       58 |      3 |    44 |    +0.5% |   -0.403 |       -0.4 |    180 | dataadr[0]
      750 |       0 |     111 |       58 |      3 |    44 |    +0.5% |   -0.403 |       -0.4 |    179 | dataadr[0]
      751 |       0 |     111 |       58 |      3 |    44 |    +0.5% |   -0.403 |       -0.4 |    178 | dataadr[0]
      752 |       0 |     111 |       58 |      3 |    44 |    +0.5% |   -0.403 |       -0.4 |    177 | dataadr[0]
      753 |       0 |     111 |       58 |      3 |    44 |    +0.5% |   -0.403 |       -0.4 |    176 | dataadr[0]
      754 |       0 |     111 |       58 |      3 |    44 |    +0.5% |   -0.403 |       -0.4 |    175 | dataadr[0]
      755 |       0 |     111 |       58 |      3 |    44 |    +0.5% |   -0.403 |       -0.4 |    174 | dataadr[0]
      756 |       0 |     111 |       58 |      3 |    44 |    +0.5% |   -0.403 |       -0.4 |    173 | dataadr[0]
      757 |       0 |     111 |       58 |      3 |    44 |    +0.5% |   -0.403 |       -0.4 |    172 | dataadr[0]
      758 |       0 |     111 |       58 |      3 |    44 |    +0.5% |   -0.403 |       -0.4 |    171 | dataadr[0]
      759 |       0 |     111 |       58 |      3 |    44 |    +0.5% |   -0.403 |       -0.4 |    170 | dataadr[0]
      760 |       0 |     111 |       58 |      3 |    44 |    +0.5% |   -0.403 |       -0.4 |    170 | dataadr[0]
      760 |       0 |     111 |       58 |      3 |    44 |    +0.5% |   -0.403 |       -0.4 |    169 | dataadr[0]
      761 |       0 |     111 |       58 |      3 |    44 |    +0.5% |   -0.403 |       -0.4 |    168 | dataadr[0]
      762 |       0 |     111 |       58 |      3 |    44 |    +0.5% |   -0.403 |       -0.4 |    167 | dataadr[0]
      763 |       0 |     111 |       58 |      3 |    44 |    +0.5% |   -0.403 |       -0.4 |    166 | dataadr[0]
      764 |       0 |     111 |       58 |      3 |    44 |    +0.5% |   -0.403 |       -0.4 |    165 | dataadr[0]
      765 |       0 |     111 |       58 |      3 |    44 |    +0.5% |   -0.403 |       -0.4 |    164 | dataadr[0]
      766 |       0 |     111 |       58 |      3 |    44 |    +0.5% |   -0.403 |       -0.4 |    163 | dataadr[0]
      767 |       0 |     111 |       58 |      3 |    44 |    +0.5% |   -0.403 |       -0.4 |    162 | dataadr[0]
      768 |       0 |     111 |       58 |      3 |    44 |    +0.5% |   -0.403 |       -0.4 |    161 | dataadr[0]
      769 |       0 |     111 |       58 |      3 |    44 |    +0.5% |   -0.403 |       -0.4 |    160 | dataadr[0]
      770 |       0 |     111 |       58 |      3 |    44 |    +0.5% |   -0.403 |       -0.4 |    160 | dataadr[0]
      770 |       0 |     111 |       58 |      3 |    44 |    +0.5% |   -0.403 |       -0.4 |    159 | dataadr[0]
      771 |       0 |     111 |       58 |      3 |    44 |    +0.5% |   -0.403 |       -0.4 |    158 | dataadr[0]
      772 |       0 |     111 |       58 |      3 |    44 |    +0.5% |   -0.403 |       -0.4 |    157 | dataadr[0]
      773 |       0 |     111 |       58 |      3 |    44 |    +0.5% |   -0.403 |       -0.4 |    156 | dataadr[0]
      774 |       0 |     111 |       58 |      3 |    44 |    +0.5% |   -0.403 |       -0.4 |    155 | dataadr[0]
      775 |       0 |     111 |       58 |      3 |    44 |    +0.5% |   -0.403 |       -0.4 |    154 | dataadr[0]
      776 |       0 |     111 |       58 |      3 |    44 |    +0.5% |   -0.403 |       -0.4 |    153 | dataadr[0]
      777 |       0 |     111 |       58 |      3 |    44 |    +0.5% |   -0.403 |       -0.4 |    152 | dataadr[0]
      778 |       0 |     111 |       58 |      3 |    44 |    +0.5% |   -0.403 |       -0.4 |    151 | dataadr[0]
      779 |       0 |     111 |       58 |      3 |    44 |    +0.5% |   -0.403 |       -0.4 |    150 | dataadr[0]
      780 |       0 |     111 |       58 |      3 |    44 |    +0.5% |   -0.403 |       -0.4 |    150 | dataadr[0]
      780 |       0 |     111 |       58 |      3 |    44 |    +0.5% |   -0.403 |       -0.4 |    149 | dataadr[0]
      781 |       0 |     111 |       58 |      3 |    44 |    +0.5% |   -0.403 |       -0.4 |    148 | dataadr[0]
      782 |       0 |     111 |       58 |      3 |    44 |    +0.5% |   -0.403 |       -0.4 |    147 | dataadr[0]
      783 |       0 |     111 |       58 |      3 |    44 |    +0.5% |   -0.403 |       -0.4 |    146 | dataadr[0]
      784 |       0 |     111 |       58 |      3 |    44 |    +0.5% |   -0.403 |       -0.4 |    145 | dataadr[0]
      785 |       0 |     111 |       58 |      3 |    44 |    +0.5% |   -0.403 |       -0.4 |    144 | dataadr[0]
      786 |       0 |     111 |       58 |      3 |    44 |    +0.5% |   -0.403 |       -0.4 |    143 | dataadr[0]
      787 |       0 |     111 |       58 |      3 |    44 |    +0.5% |   -0.403 |       -0.4 |    142 | dataadr[0]
      788 |       0 |     111 |       58 |      3 |    44 |    +0.5% |   -0.403 |       -0.4 |    141 | dataadr[0]
      789 |       0 |     111 |       58 |      3 |    44 |    +0.5% |   -0.403 |       -0.4 |    140 | dataadr[0]
      790 |       0 |     111 |       58 |      3 |    44 |    +0.5% |   -0.403 |       -0.4 |    140 | dataadr[0]
      790 |       0 |     111 |       58 |      3 |    44 |    +0.5% |   -0.403 |       -0.4 |    139 | dataadr[0]
      791 |       0 |     111 |       58 |      3 |    44 |    +0.5% |   -0.403 |       -0.4 |    138 | dataadr[0]
      792 |       0 |     111 |       58 |      3 |    44 |    +0.5% |   -0.403 |       -0.4 |    137 | dataadr[0]
      793 |       0 |     111 |       58 |      3 |    44 |    +0.5% |   -0.403 |       -0.4 |    136 | dataadr[0]
      794 |       0 |     111 |       58 |      3 |    44 |    +0.5% |   -0.403 |       -0.4 |    135 | dataadr[0]
      795 |       0 |     111 |       58 |      3 |    44 |    +0.5% |   -0.403 |       -0.4 |    134 | dataadr[0]
      796 |       0 |     111 |       58 |      3 |    44 |    +0.5% |   -0.403 |       -0.4 |    133 | dataadr[0]
      797 |       0 |     111 |       58 |      3 |    44 |    +0.5% |   -0.403 |       -0.4 |    132 | dataadr[0]
      798 |       0 |     111 |       58 |      3 |    44 |    +0.5% |   -0.403 |       -0.4 |    131 | dataadr[0]
      799 |       0 |     111 |       58 |      3 |    44 |    +0.5% |   -0.403 |       -0.4 |    130 | dataadr[0]
      800 |       0 |     111 |       58 |      3 |    44 |    +0.5% |   -0.403 |       -0.4 |    130 | dataadr[0]
      800 |       0 |     111 |       58 |      3 |    44 |    +0.5% |   -0.403 |       -0.4 |    129 | dataadr[0]
      801 |       0 |     111 |       58 |      3 |    44 |    +0.5% |   -0.403 |       -0.4 |    128 | dataadr[0]
      802 |       0 |     111 |       58 |      3 |    44 |    +0.5% |   -0.403 |       -0.4 |    127 | dataadr[0]
      803 |       0 |     111 |       58 |      3 |    44 |    +0.5% |   -0.403 |       -0.4 |    126 | dataadr[0]
      804 |       0 |     111 |       58 |      3 |    44 |    +0.5% |   -0.403 |       -0.4 |    125 | dataadr[0]
      805 |       0 |     111 |       58 |      3 |    44 |    +0.5% |   -0.403 |       -0.4 |    124 | dataadr[0]
      806 |       0 |     111 |       58 |      3 |    44 |    +0.5% |   -0.403 |       -0.4 |    123 | dataadr[0]
      807 |       0 |     111 |       58 |      3 |    44 |    +0.5% |   -0.403 |       -0.4 |    122 | dataadr[0]
      808 |       0 |     111 |       58 |      3 |    44 |    +0.5% |   -0.403 |       -0.4 |    121 | dataadr[0]
      809 |       0 |     111 |       58 |      3 |    44 |    +0.5% |   -0.403 |       -0.4 |    120 | dataadr[0]
      810 |       0 |     111 |       58 |      3 |    44 |    +0.5% |   -0.403 |       -0.4 |    120 | dataadr[0]
      810 |       0 |     111 |       58 |      3 |    44 |    +0.5% |   -0.403 |       -0.4 |    119 | dataadr[0]
      811 |       0 |     111 |       58 |      3 |    44 |    +0.5% |   -0.403 |       -0.4 |    118 | dataadr[0]
      812 |       0 |     111 |       58 |      3 |    44 |    +0.5% |   -0.403 |       -0.4 |    117 | dataadr[0]
      813 |       0 |     111 |       58 |      3 |    44 |    +0.5% |   -0.403 |       -0.4 |    116 | dataadr[0]
      814 |       0 |     111 |       58 |      3 |    44 |    +0.5% |   -0.403 |       -0.4 |    115 | dataadr[0]
      815 |       0 |     111 |       58 |      3 |    44 |    +0.5% |   -0.403 |       -0.4 |    114 | dataadr[0]
      816 |       0 |     111 |       58 |      3 |    44 |    +0.5% |   -0.403 |       -0.4 |    113 | dataadr[0]
      817 |       0 |     111 |       58 |      3 |    44 |    +0.5% |   -0.403 |       -0.4 |    112 | dataadr[0]
      818 |       0 |     111 |       58 |      3 |    44 |    +0.5% |   -0.403 |       -0.4 |    111 | dataadr[0]
      819 |       0 |     111 |       58 |      3 |    44 |    +0.5% |   -0.403 |       -0.4 |    110 | dataadr[0]
      820 |       0 |     111 |       58 |      3 |    44 |    +0.5% |   -0.403 |       -0.4 |    110 | dataadr[0]
      820 |       0 |     111 |       58 |      3 |    44 |    +0.5% |   -0.403 |       -0.4 |    109 | dataadr[0]
      821 |       0 |     111 |       58 |      3 |    44 |    +0.5% |   -0.403 |       -0.4 |    108 | dataadr[0]
      822 |       0 |     111 |       58 |      3 |    44 |    +0.5% |   -0.403 |       -0.4 |    107 | dataadr[0]
      823 |       0 |     111 |       58 |      3 |    44 |    +0.5% |   -0.403 |       -0.4 |    106 | dataadr[0]
      824 |       0 |     111 |       58 |      3 |    44 |    +0.5% |   -0.403 |       -0.4 |    105 | dataadr[0]
      825 |       0 |     111 |       58 |      3 |    44 |    +0.5% |   -0.403 |       -0.4 |    104 | dataadr[0]
      826 |       0 |     111 |       58 |      3 |    44 |    +0.5% |   -0.403 |       -0.4 |    103 | dataadr[0]
      827 |       0 |     111 |       58 |      3 |    44 |    +0.5% |   -0.403 |       -0.4 |    102 | dataadr[0]
      828 |       0 |     111 |       58 |      3 |    44 |    +0.5% |   -0.403 |       -0.4 |    101 | dataadr[0]
      829 |       0 |     111 |       58 |      3 |    44 |    +0.5% |   -0.403 |       -0.4 |    100 | dataadr[0]
      830 |       0 |     111 |       58 |      3 |    44 |    +0.5% |   -0.403 |       -0.4 |    100 | dataadr[0]
      830 |       0 |     111 |       58 |      3 |    44 |    +0.5% |   -0.403 |       -0.4 |     99 | dataadr[0]
      831 |       0 |     111 |       58 |      3 |    44 |    +0.5% |   -0.403 |       -0.4 |     98 | dataadr[0]
      832 |       0 |     111 |       58 |      3 |    44 |    +0.5% |   -0.403 |       -0.4 |     97 | dataadr[0]
      833 |       0 |     111 |       58 |      3 |    44 |    +0.5% |   -0.403 |       -0.4 |     96 | dataadr[0]
      834 |       0 |     111 |       58 |      3 |    44 |    +0.5% |   -0.403 |       -0.4 |     95 | dataadr[0]
      835 |       0 |     111 |       58 |      3 |    44 |    +0.5% |   -0.403 |       -0.4 |     94 | dataadr[0]
      836 |       0 |     111 |       58 |      3 |    44 |    +0.5% |   -0.403 |       -0.4 |     93 | dataadr[0]
      837 |       0 |     111 |       58 |      3 |    44 |    +0.5% |   -0.403 |       -0.4 |     92 | dataadr[0]
      838 |       0 |     111 |       58 |      3 |    44 |    +0.5% |   -0.403 |       -0.4 |     91 | dataadr[0]
      839 |       0 |     111 |       58 |      3 |    44 |    +0.5% |   -0.403 |       -0.4 |     90 | dataadr[0]
      840 |       0 |     111 |       58 |      3 |    44 |    +0.5% |   -0.403 |       -0.4 |     90 | dataadr[0]
      840 |       0 |     111 |       58 |      3 |    44 |    +0.5% |   -0.403 |       -0.4 |     89 | dataadr[0]
      841 |       0 |     111 |       58 |      3 |    44 |    +0.5% |   -0.403 |       -0.4 |     88 | dataadr[0]
      842 |       0 |     111 |       58 |      3 |    44 |    +0.5% |   -0.403 |       -0.4 |     87 | dataadr[0]
      843 |       0 |     111 |       58 |      3 |    44 |    +0.5% |   -0.403 |       -0.4 |     86 | dataadr[0]
      844 |       0 |     111 |       58 |      3 |    44 |    +0.5% |   -0.403 |       -0.4 |     85 | dataadr[0]
      845 |       0 |     111 |       58 |      3 |    44 |    +0.5% |   -0.403 |       -0.4 |     84 | dataadr[0]
      846 |       0 |     111 |       58 |      3 |    44 |    +0.5% |   -0.403 |       -0.4 |     83 | dataadr[0]
      847 |       0 |     111 |       58 |      3 |    44 |    +0.5% |   -0.403 |       -0.4 |     82 | dataadr[0]
      848 |       0 |     111 |       58 |      3 |    44 |    +0.5% |   -0.403 |       -0.4 |     81 | dataadr[0]
      849 |       0 |     111 |       58 |      3 |    44 |    +0.5% |   -0.403 |       -0.4 |     80 | dataadr[0]
      850 |       0 |     111 |       58 |      3 |    44 |    +0.5% |   -0.403 |       -0.4 |     80 | dataadr[0]
      850 |       0 |     111 |       58 |      3 |    44 |    +0.5% |   -0.403 |       -0.4 |     79 | dataadr[0]
      851 |       0 |     111 |       58 |      3 |    44 |    +0.5% |   -0.403 |       -0.4 |     78 | dataadr[0]
      852 |       0 |     111 |       58 |      3 |    44 |    +0.5% |   -0.403 |       -0.4 |     77 | dataadr[0]
      853 |       0 |     111 |       58 |      3 |    44 |    +0.5% |   -0.403 |       -0.4 |     76 | dataadr[0]
      854 |       0 |     111 |       58 |      3 |    44 |    +0.5% |   -0.403 |       -0.4 |     75 | dataadr[0]
      855 |       0 |     111 |       58 |      3 |    44 |    +0.5% |   -0.403 |       -0.4 |     74 | dataadr[0]
      856 |       0 |     111 |       58 |      3 |    44 |    +0.5% |   -0.403 |       -0.4 |     73 | dataadr[0]
      857 |       0 |     111 |       58 |      3 |    44 |    +0.5% |   -0.403 |       -0.4 |     72 | dataadr[0]
      858 |       0 |     111 |       58 |      3 |    44 |    +0.5% |   -0.403 |       -0.4 |     71 | dataadr[0]
      859 |       0 |     111 |       58 |      3 |    44 |    +0.5% |   -0.403 |       -0.4 |     70 | dataadr[0]
      860 |       0 |     111 |       58 |      3 |    44 |    +0.5% |   -0.403 |       -0.4 |     70 | dataadr[0]
      860 |       0 |     111 |       58 |      3 |    44 |    +0.5% |   -0.403 |       -0.4 |     69 | dataadr[0]
      861 |       0 |     111 |       58 |      3 |    44 |    +0.5% |   -0.403 |       -0.4 |     68 | dataadr[0]
      862 |       0 |     111 |       58 |      3 |    44 |    +0.5% |   -0.403 |       -0.4 |     67 | dataadr[0]
      863 |       0 |     111 |       58 |      3 |    44 |    +0.5% |   -0.403 |       -0.4 |     66 | dataadr[0]
      864 |       0 |     111 |       58 |      3 |    44 |    +0.5% |   -0.403 |       -0.4 |     65 | dataadr[0]
      865 |       0 |     111 |       58 |      3 |    44 |    +0.5% |   -0.403 |       -0.4 |     64 | dataadr[0]
      866 |       0 |     111 |       58 |      3 |    44 |    +0.5% |   -0.403 |       -0.4 |     63 | dataadr[0]
      867 |       0 |     111 |       58 |      3 |    44 |    +0.5% |   -0.403 |       -0.4 |     62 | dataadr[0]
      868 |       0 |     111 |       58 |      3 |    44 |    +0.5% |   -0.403 |       -0.4 |     61 | dataadr[0]
      869 |       0 |     111 |       58 |      3 |    44 |    +0.5% |   -0.403 |       -0.4 |     60 | dataadr[0]
      870 |       0 |     111 |       58 |      3 |    44 |    +0.5% |   -0.403 |       -0.4 |     60 | dataadr[0]
      870 |       0 |     111 |       58 |      3 |    44 |    +0.5% |   -0.403 |       -0.4 |     59 | dataadr[0]
      871 |       0 |     111 |       58 |      3 |    44 |    +0.5% |   -0.403 |       -0.4 |     58 | dataadr[0]
      872 |       0 |     111 |       58 |      3 |    44 |    +0.5% |   -0.403 |       -0.4 |     57 | dataadr[0]
      873 |       0 |     111 |       58 |      3 |    44 |    +0.5% |   -0.403 |       -0.4 |     56 | dataadr[0]
      874 |       0 |     111 |       58 |      3 |    44 |    +0.5% |   -0.403 |       -0.4 |     55 | dataadr[0]
      875 |       0 |     111 |       58 |      3 |    44 |    +0.5% |   -0.403 |       -0.4 |     54 | dataadr[0]
      876 |       0 |     111 |       58 |      3 |    44 |    +0.5% |   -0.403 |       -0.4 |     53 | dataadr[0]
      877 |       0 |     111 |       58 |      3 |    44 |    +0.5% |   -0.403 |       -0.4 |     52 | dataadr[0]
      878 |       0 |     111 |       58 |      3 |    44 |    +0.5% |   -0.403 |       -0.4 |     51 | dataadr[0]
      879 |       0 |     111 |       58 |      3 |    44 |    +0.5% |   -0.403 |       -0.4 |     50 | dataadr[0]
      880 |       0 |     111 |       58 |      3 |    44 |    +0.5% |   -0.403 |       -0.4 |     50 | dataadr[0]
      880 |       0 |     111 |       58 |      3 |    44 |    +0.5% |   -0.403 |       -0.4 |     49 | dataadr[0]
      881 |       0 |     111 |       58 |      3 |    44 |    +0.5% |   -0.403 |       -0.4 |     48 | dataadr[0]
      882 |       0 |     111 |       58 |      3 |    44 |    +0.5% |   -0.403 |       -0.4 |     47 | dataadr[0]
      883 |       0 |     111 |       58 |      3 |    44 |    +0.5% |   -0.403 |       -0.4 |     46 | dataadr[0]
      884 |       0 |     111 |       58 |      3 |    44 |    +0.5% |   -0.403 |       -0.4 |     45 | dataadr[0]
      885 |       0 |     111 |       58 |      3 |    44 |    +0.5% |   -0.403 |       -0.4 |     44 | dataadr[0]
      886 |       0 |     111 |       58 |      3 |    44 |    +0.5% |   -0.403 |       -0.4 |     43 | dataadr[0]
      887 |       0 |     111 |       58 |      3 |    44 |    +0.5% |   -0.403 |       -0.4 |     42 | dataadr[0]
      888 |       0 |     111 |       58 |      3 |    44 |    +0.5% |   -0.403 |       -0.4 |     41 | dataadr[0]
      889 |       0 |     111 |       58 |      3 |    44 |    +0.5% |   -0.403 |       -0.4 |     40 | dataadr[0]
      890 |       0 |     111 |       58 |      3 |    44 |    +0.5% |   -0.403 |       -0.4 |     40 | dataadr[0]
      890 |       0 |     111 |       58 |      3 |    44 |    +0.5% |   -0.403 |       -0.4 |     39 | dataadr[0]
      891 |       0 |     111 |       58 |      3 |    44 |    +0.5% |   -0.403 |       -0.4 |     38 | dataadr[0]
      892 |       0 |     111 |       58 |      3 |    44 |    +0.5% |   -0.403 |       -0.4 |     37 | dataadr[0]
      893 |       0 |     111 |       58 |      3 |    44 |    +0.5% |   -0.403 |       -0.4 |     36 | dataadr[0]
      894 |       0 |     111 |       58 |      3 |    44 |    +0.5% |   -0.403 |       -0.4 |     35 | dataadr[0]
      895 |       0 |     111 |       58 |      3 |    44 |    +0.5% |   -0.403 |       -0.4 |     34 | dataadr[0]
      896 |       0 |     111 |       58 |      3 |    44 |    +0.5% |   -0.403 |       -0.4 |     33 | dataadr[0]
      897 |       0 |     111 |       58 |      3 |    44 |    +0.5% |   -0.403 |       -0.4 |     32 | dataadr[0]
      898 |       0 |     111 |       58 |      3 |    44 |    +0.5% |   -0.403 |       -0.4 |     31 | dataadr[0]
      899 |       0 |     111 |       58 |      3 |    44 |    +0.5% |   -0.403 |       -0.4 |     30 | dataadr[0]
      900 |       0 |     111 |       58 |      3 |    44 |    +0.5% |   -0.403 |       -0.4 |     30 | dataadr[0]
      900 |       0 |     111 |       58 |      3 |    44 |    +0.5% |   -0.403 |       -0.4 |     29 | dataadr[0]
      901 |       0 |     111 |       58 |      3 |    44 |    +0.5% |   -0.403 |       -0.4 |     28 | dataadr[0]
      902 |       0 |     111 |       58 |      3 |    44 |    +0.5% |   -0.403 |       -0.4 |     27 | dataadr[0]
      903 |       0 |     111 |       58 |      3 |    44 |    +0.5% |   -0.403 |       -0.4 |     26 | dataadr[0]
      904 |       0 |     111 |       58 |      3 |    44 |    +0.5% |   -0.403 |       -0.4 |     25 | dataadr[0]
      905 |       0 |     111 |       58 |      3 |    44 |    +0.5% |   -0.403 |       -0.4 |     24 | dataadr[0]
      906 |       0 |     111 |       58 |      3 |    44 |    +0.5% |   -0.403 |       -0.4 |     23 | dataadr[0]
      907 |       0 |     111 |       58 |      3 |    44 |    +0.5% |   -0.403 |       -0.4 |     22 | dataadr[0]
      908 |       0 |     111 |       58 |      3 |    44 |    +0.5% |   -0.403 |       -0.4 |     21 | dataadr[0]
      909 |       0 |     111 |       58 |      3 |    44 |    +0.5% |   -0.403 |       -0.4 |     20 | dataadr[0]
      910 |       0 |     111 |       58 |      3 |    44 |    +0.5% |   -0.403 |       -0.4 |     20 | dataadr[0]
      910 |       0 |     111 |       58 |      3 |    44 |    +0.5% |   -0.403 |       -0.4 |     19 | dataadr[0]
      911 |       0 |     111 |       58 |      3 |    44 |    +0.5% |   -0.403 |       -0.4 |     18 | dataadr[0]
      912 |       0 |     111 |       58 |      3 |    44 |    +0.5% |   -0.403 |       -0.4 |     17 | dataadr[0]
      913 |       0 |     111 |       58 |      3 |    44 |    +0.5% |   -0.403 |       -0.4 |     16 | dataadr[0]
      914 |       0 |     111 |       58 |      3 |    44 |    +0.5% |   -0.403 |       -0.4 |     15 | dataadr[0]
      915 |       0 |     111 |       58 |      3 |    44 |    +0.5% |   -0.403 |       -0.4 |     14 | dataadr[0]
      916 |       0 |     111 |       58 |      3 |    44 |    +0.5% |   -0.403 |       -0.4 |     13 | dataadr[0]
      917 |       0 |     111 |       58 |      3 |    44 |    +0.5% |   -0.403 |       -0.4 |     12 | dataadr[0]
      918 |       0 |     111 |       58 |      3 |    44 |    +0.5% |   -0.403 |       -0.4 |     11 | dataadr[0]
      919 |       0 |     111 |       58 |      3 |    44 |    +0.5% |   -0.403 |       -0.4 |     10 | dataadr[0]
      920 |       0 |     111 |       58 |      3 |    44 |    +0.5% |   -0.403 |       -0.4 |     10 | dataadr[0]
      920 |       0 |     111 |       58 |      3 |    44 |    +0.5% |   -0.403 |       -0.4 |      9 | dataadr[0]
      921 |       0 |     111 |       58 |      3 |    44 |    +0.5% |   -0.403 |       -0.4 |      8 | dataadr[0]
      922 |       0 |     111 |       58 |      3 |    44 |    +0.5% |   -0.403 |       -0.4 |      7 | dataadr[0]
      923 |       0 |     111 |       58 |      3 |    44 |    +0.5% |   -0.403 |       -0.4 |      6 | dataadr[0]
      924 |       0 |     111 |       58 |      3 |    44 |    +0.5% |   -0.403 |       -0.4 |      5 | dataadr[0]
      925 |       0 |     111 |       58 |      3 |    44 |    +0.5% |   -0.403 |       -0.4 |      4 | dataadr[0]
      926 |       0 |     111 |       58 |      3 |    44 |    +0.5% |   -0.403 |       -0.4 |      3 | dataadr[0]
      927 |       0 |     111 |       58 |      3 |    44 |    +0.5% |   -0.403 |       -0.4 |      2 | dataadr[0]
      928 |       0 |     111 |       58 |      3 |    44 |    +0.5% |   -0.403 |       -0.4 |      1 | dataadr[0]
      929 |       0 |     111 |       58 |      3 |    44 |    +0.5% |   -0.403 |       -0.4 |      0 | dataadr[0]
      930 |       0 |     111 |       58 |      3 |    44 |    +0.5% |   -0.403 |       -0.4 |      0 | dataadr[0]
      930 |       0 |     111 |       58 |      3 |    44 |    +0.5% |   -0.403 |       -0.4 |      0 | dataadr[0]
     930* |       0 |     111 |       58 |      3 |    44 |    +0.5% |   -0.403 |       -0.4 |      1 | dataadr[0]
     935* |       0 |     113 |       58 |      3 |    46 |    +0.5% |   -0.019 |       -0.0 |      1 | dataadr[0]
    final |       0 |     113 |       58 |      3 |    46 |    +0.5% |   -0.019 |       -0.0 |      1 | dataadr[0]
--------------------------------------------------------------------------------------------------------------
[INFO RSZ-0040] Inserted 58 buffers.
[INFO RSZ-0051] Resized 113 instances: 113 up, 0 up match, 0 down, 0 VT
[INFO RSZ-0043] Swapped pins on 46 instances.
[INFO RSZ-0049] Cloned 3 instances.
[WARNING RSZ-0062] Unable to repair all setup violations.
[INFO RSZ-0033] No hold violations found.
Took 10 seconds: repair_timing -setup_margin 0 -hold_margin 0 -repair_tns 100 -verbose
[INFO DPL-0005] Max displacement: +/- 500 sites horizontally, +/- 100 rows vertically.
Movements Summary
---------------------------------------
Total cells:                    9714
Diamond Move Success:           9714 (100.00%)
Diamond Move Failure:              0
Rip-up and replace Success:        0 (  0.00% of diamond failures)
Rip-up and replace Failure:        0
Total Placement Failures:          0
---------------------------------------
Placement Analysis
---------------------------------
total displacement        244.1 u
average displacement        0.0 u
max displacement            7.7 u
original HPWL           43739.7 u
legalized HPWL          43935.0 u
delta HPWL                    0 %

Report metrics stage 4, cts final...

==========================================================================
cts final report_design_area
--------------------------------------------------------------------------
Design area 1977 um^2 67% utilization.
write_db ./results/asap7/riscv32i-mock-sram/modified_alpha_2-beta_0.1/4_1_cts.odb
write_sdc -no_timestamp ./results/asap7/riscv32i-mock-sram/modified_alpha_2-beta_0.1/4_cts.sdc
Elapsed time: 0:15.10[h:]min:sec. CPU time: user 61.51 sys 30.08 (606%). Peak memory: 398052KB.
Log                        Elapsed/s Peak Memory/MB  sha1sum .odb [0:20)
4_1_cts                           15            388 10dd88674394f785be73
