OpenROAD fe1aa0f9d0254fac87b82c886c04ee1544e46885 
Features included (+) or not (-): +GPU +GUI +Python
This program is licensed under the BSD-3 license. See the LICENSE file for details.
Components of this program may be licensed under more restrictive licenses which must be honored.
[INFO ORD-0030] Using 32 thread(s).
source /home/lucast/workspace/OR-flow-TCC/flow/platforms/asap7/liberty_suppressions.tcl
read_liberty /home/lucast/workspace/OR-flow-TCC/flow/platforms/asap7/lib/NLDM/asap7sc7p5t_AO_RVT_FF_nldm_211120.lib.gz
read_liberty /home/lucast/workspace/OR-flow-TCC/flow/platforms/asap7/lib/NLDM/asap7sc7p5t_INVBUF_RVT_FF_nldm_220122.lib.gz
read_liberty /home/lucast/workspace/OR-flow-TCC/flow/platforms/asap7/lib/NLDM/asap7sc7p5t_OA_RVT_FF_nldm_211120.lib.gz
read_liberty /home/lucast/workspace/OR-flow-TCC/flow/platforms/asap7/lib/NLDM/asap7sc7p5t_SIMPLE_RVT_FF_nldm_211120.lib.gz
read_liberty /home/lucast/workspace/OR-flow-TCC/flow/platforms/asap7/lib/NLDM/asap7sc7p5t_SEQ_RVT_FF_nldm_220123.lib
read_db ./results/asap7/mock-cpu/base/5_1_grt.odb
[WARNING STA-1554] ./results/asap7/mock-cpu/base/5_1_grt.sdc line 112390, 'fifo_in.fifomem.mem[0][0]$_DFFE_PP_/QN' is not a valid start point.
[WARNING STA-1554] ./results/asap7/mock-cpu/base/5_1_grt.sdc line 112390, 'fifo_in.fifomem.mem[0][10]$_DFFE_PP_/QN' is not a valid start point.
[WARNING STA-1554] ./results/asap7/mock-cpu/base/5_1_grt.sdc line 112390, 'fifo_in.fifomem.mem[0][11]$_DFFE_PP_/QN' is not a valid start point.
[WARNING STA-1554] ./results/asap7/mock-cpu/base/5_1_grt.sdc line 112390, 'fifo_in.fifomem.mem[0][12]$_DFFE_PP_/QN' is not a valid start point.
[WARNING STA-1554] ./results/asap7/mock-cpu/base/5_1_grt.sdc line 112390, 'fifo_in.fifomem.mem[0][13]$_DFFE_PP_/QN' is not a valid start point.
[WARNING STA-1554] ./results/asap7/mock-cpu/base/5_1_grt.sdc line 112390, 'fifo_in.fifomem.mem[0][14]$_DFFE_PP_/QN' is not a valid start point.
[WARNING STA-1554] ./results/asap7/mock-cpu/base/5_1_grt.sdc line 112390, 'fifo_in.fifomem.mem[0][15]$_DFFE_PP_/QN' is not a valid start point.
[WARNING STA-1554] ./results/asap7/mock-cpu/base/5_1_grt.sdc line 112390, 'fifo_in.fifomem.mem[0][16]$_DFFE_PP_/QN' is not a valid start point.
[WARNING STA-1554] ./results/asap7/mock-cpu/base/5_1_grt.sdc line 112390, 'fifo_in.fifomem.mem[0][17]$_DFFE_PP_/QN' is not a valid start point.
[WARNING STA-1554] ./results/asap7/mock-cpu/base/5_1_grt.sdc line 112390, 'fifo_in.fifomem.mem[0][18]$_DFFE_PP_/QN' is not a valid start point.
[WARNING STA-1554] ./results/asap7/mock-cpu/base/5_1_grt.sdc line 112390, 'fifo_in.fifomem.mem[0][19]$_DFFE_PP_/QN' is not a valid start point.
[WARNING STA-1554] ./results/asap7/mock-cpu/base/5_1_grt.sdc line 112390, 'fifo_in.fifomem.mem[0][1]$_DFFE_PP_/QN' is not a valid start point.
[WARNING STA-1554] ./results/asap7/mock-cpu/base/5_1_grt.sdc line 112390, 'fifo_in.fifomem.mem[0][20]$_DFFE_PP_/QN' is not a valid start point.
[WARNING STA-1554] ./results/asap7/mock-cpu/base/5_1_grt.sdc line 112390, 'fifo_in.fifomem.mem[0][21]$_DFFE_PP_/QN' is not a valid start point.
[WARNING STA-1554] ./results/asap7/mock-cpu/base/5_1_grt.sdc line 112390, 'fifo_in.fifomem.mem[0][22]$_DFFE_PP_/QN' is not a valid start point.
[WARNING STA-1554] ./results/asap7/mock-cpu/base/5_1_grt.sdc line 112390, 'fifo_in.fifomem.mem[0][23]$_DFFE_PP_/QN' is not a valid start point.
[WARNING STA-1554] ./results/asap7/mock-cpu/base/5_1_grt.sdc line 112390, 'fifo_in.fifomem.mem[0][24]$_DFFE_PP_/QN' is not a valid start point.
[WARNING STA-1554] ./results/asap7/mock-cpu/base/5_1_grt.sdc line 112390, 'fifo_in.fifomem.mem[0][25]$_DFFE_PP_/QN' is not a valid start point.
[WARNING STA-1554] ./results/asap7/mock-cpu/base/5_1_grt.sdc line 112390, 'fifo_in.fifomem.mem[0][26]$_DFFE_PP_/QN' is not a valid start point.
[WARNING STA-1554] ./results/asap7/mock-cpu/base/5_1_grt.sdc line 112390, 'fifo_in.fifomem.mem[0][27]$_DFFE_PP_/QN' is not a valid start point.
[WARNING STA-1554] ./results/asap7/mock-cpu/base/5_1_grt.sdc line 112390, 'fifo_in.fifomem.mem[0][28]$_DFFE_PP_/QN' is not a valid start point.
[WARNING STA-1554] ./results/asap7/mock-cpu/base/5_1_grt.sdc line 112390, 'fifo_in.fifomem.mem[0][29]$_DFFE_PP_/QN' is not a valid start point.
[WARNING STA-1554] ./results/asap7/mock-cpu/base/5_1_grt.sdc line 112390, 'fifo_in.fifomem.mem[0][2]$_DFFE_PP_/QN' is not a valid start point.
[WARNING STA-1554] ./results/asap7/mock-cpu/base/5_1_grt.sdc line 112390, 'fifo_in.fifomem.mem[0][30]$_DFFE_PP_/QN' is not a valid start point.
[WARNING STA-1554] ./results/asap7/mock-cpu/base/5_1_grt.sdc line 112390, 'fifo_in.fifomem.mem[0][31]$_DFFE_PP_/QN' is not a valid start point.
[WARNING STA-1554] ./results/asap7/mock-cpu/base/5_1_grt.sdc line 112390, 'fifo_in.fifomem.mem[0][3]$_DFFE_PP_/QN' is not a valid start point.
[WARNING STA-1554] ./results/asap7/mock-cpu/base/5_1_grt.sdc line 112390, 'fifo_in.fifomem.mem[0][4]$_DFFE_PP_/QN' is not a valid start point.
[WARNING STA-1554] ./results/asap7/mock-cpu/base/5_1_grt.sdc line 112390, 'fifo_in.fifomem.mem[0][5]$_DFFE_PP_/QN' is not a valid start point.
[WARNING STA-1554] ./results/asap7/mock-cpu/base/5_1_grt.sdc line 112390, 'fifo_in.fifomem.mem[0][6]$_DFFE_PP_/QN' is not a valid start point.
[WARNING STA-1554] ./results/asap7/mock-cpu/base/5_1_grt.sdc line 112390, 'fifo_in.fifomem.mem[0][7]$_DFFE_PP_/QN' is not a valid start point.
[WARNING STA-1554] ./results/asap7/mock-cpu/base/5_1_grt.sdc line 112390, 'fifo_in.fifomem.mem[0][8]$_DFFE_PP_/QN' is not a valid start point.
[WARNING STA-1554] ./results/asap7/mock-cpu/base/5_1_grt.sdc line 112390, 'fifo_in.fifomem.mem[0][9]$_DFFE_PP_/QN' is not a valid start point.
[WARNING STA-1554] ./results/asap7/mock-cpu/base/5_1_grt.sdc line 112390, 'fifo_in.fifomem.mem[1][0]$_DFFE_PP_/QN' is not a valid start point.
[WARNING STA-1554] ./results/asap7/mock-cpu/base/5_1_grt.sdc line 112390, 'fifo_in.fifomem.mem[1][10]$_DFFE_PP_/QN' is not a valid start point.
[WARNING STA-1554] ./results/asap7/mock-cpu/base/5_1_grt.sdc line 112390, 'fifo_in.fifomem.mem[1][11]$_DFFE_PP_/QN' is not a valid start point.
[WARNING STA-1554] ./results/asap7/mock-cpu/base/5_1_grt.sdc line 112390, 'fifo_in.fifomem.mem[1][12]$_DFFE_PP_/QN' is not a valid start point.
[WARNING STA-1554] ./results/asap7/mock-cpu/base/5_1_grt.sdc line 112390, 'fifo_in.fifomem.mem[1][13]$_DFFE_PP_/QN' is not a valid start point.
[WARNING STA-1554] ./results/asap7/mock-cpu/base/5_1_grt.sdc line 112390, 'fifo_in.fifomem.mem[1][14]$_DFFE_PP_/QN' is not a valid start point.
[WARNING STA-1554] ./results/asap7/mock-cpu/base/5_1_grt.sdc line 112390, 'fifo_in.fifomem.mem[1][15]$_DFFE_PP_/QN' is not a valid start point.
[WARNING STA-1554] ./results/asap7/mock-cpu/base/5_1_grt.sdc line 112390, 'fifo_in.fifomem.mem[1][16]$_DFFE_PP_/QN' is not a valid start point.
[WARNING STA-1554] ./results/asap7/mock-cpu/base/5_1_grt.sdc line 112390, 'fifo_in.fifomem.mem[1][17]$_DFFE_PP_/QN' is not a valid start point.
[WARNING STA-1554] ./results/asap7/mock-cpu/base/5_1_grt.sdc line 112390, 'fifo_in.fifomem.mem[1][18]$_DFFE_PP_/QN' is not a valid start point.
[WARNING STA-1554] ./results/asap7/mock-cpu/base/5_1_grt.sdc line 112390, 'fifo_in.fifomem.mem[1][19]$_DFFE_PP_/QN' is not a valid start point.
[WARNING STA-1554] ./results/asap7/mock-cpu/base/5_1_grt.sdc line 112390, 'fifo_in.fifomem.mem[1][1]$_DFFE_PP_/QN' is not a valid start point.
[WARNING STA-1554] ./results/asap7/mock-cpu/base/5_1_grt.sdc line 112390, 'fifo_in.fifomem.mem[1][20]$_DFFE_PP_/QN' is not a valid start point.
[WARNING STA-1554] ./results/asap7/mock-cpu/base/5_1_grt.sdc line 112390, 'fifo_in.fifomem.mem[1][21]$_DFFE_PP_/QN' is not a valid start point.
[WARNING STA-1554] ./results/asap7/mock-cpu/base/5_1_grt.sdc line 112390, 'fifo_in.fifomem.mem[1][22]$_DFFE_PP_/QN' is not a valid start point.
[WARNING STA-1554] ./results/asap7/mock-cpu/base/5_1_grt.sdc line 112390, 'fifo_in.fifomem.mem[1][23]$_DFFE_PP_/QN' is not a valid start point.
[WARNING STA-1554] ./results/asap7/mock-cpu/base/5_1_grt.sdc line 112390, 'fifo_in.fifomem.mem[1][24]$_DFFE_PP_/QN' is not a valid start point.
[WARNING STA-1554] ./results/asap7/mock-cpu/base/5_1_grt.sdc line 112390, 'fifo_in.fifomem.mem[1][25]$_DFFE_PP_/QN' is not a valid start point.
[WARNING STA-1554] ./results/asap7/mock-cpu/base/5_1_grt.sdc line 112390, 'fifo_in.fifomem.mem[1][26]$_DFFE_PP_/QN' is not a valid start point.
[WARNING STA-1554] ./results/asap7/mock-cpu/base/5_1_grt.sdc line 112390, 'fifo_in.fifomem.mem[1][27]$_DFFE_PP_/QN' is not a valid start point.
[WARNING STA-1554] ./results/asap7/mock-cpu/base/5_1_grt.sdc line 112390, 'fifo_in.fifomem.mem[1][28]$_DFFE_PP_/QN' is not a valid start point.
[WARNING STA-1554] ./results/asap7/mock-cpu/base/5_1_grt.sdc line 112390, 'fifo_in.fifomem.mem[1][29]$_DFFE_PP_/QN' is not a valid start point.
[WARNING STA-1554] ./results/asap7/mock-cpu/base/5_1_grt.sdc line 112390, 'fifo_in.fifomem.mem[1][2]$_DFFE_PP_/QN' is not a valid start point.
[WARNING STA-1554] ./results/asap7/mock-cpu/base/5_1_grt.sdc line 112390, 'fifo_in.fifomem.mem[1][30]$_DFFE_PP_/QN' is not a valid start point.
[WARNING STA-1554] ./results/asap7/mock-cpu/base/5_1_grt.sdc line 112390, 'fifo_in.fifomem.mem[1][31]$_DFFE_PP_/QN' is not a valid start point.
[WARNING STA-1554] ./results/asap7/mock-cpu/base/5_1_grt.sdc line 112390, 'fifo_in.fifomem.mem[1][3]$_DFFE_PP_/QN' is not a valid start point.
[WARNING STA-1554] ./results/asap7/mock-cpu/base/5_1_grt.sdc line 112390, 'fifo_in.fifomem.mem[1][4]$_DFFE_PP_/QN' is not a valid start point.
[WARNING STA-1554] ./results/asap7/mock-cpu/base/5_1_grt.sdc line 112390, 'fifo_in.fifomem.mem[1][5]$_DFFE_PP_/QN' is not a valid start point.
[WARNING STA-1554] ./results/asap7/mock-cpu/base/5_1_grt.sdc line 112390, 'fifo_in.fifomem.mem[1][6]$_DFFE_PP_/QN' is not a valid start point.
[WARNING STA-1554] ./results/asap7/mock-cpu/base/5_1_grt.sdc line 112390, 'fifo_in.fifomem.mem[1][7]$_DFFE_PP_/QN' is not a valid start point.
[WARNING STA-1554] ./results/asap7/mock-cpu/base/5_1_grt.sdc line 112390, 'fifo_in.fifomem.mem[1][8]$_DFFE_PP_/QN' is not a valid start point.
[WARNING STA-1554] ./results/asap7/mock-cpu/base/5_1_grt.sdc line 112390, 'fifo_in.fifomem.mem[1][9]$_DFFE_PP_/QN' is not a valid start point.
[WARNING STA-1554] ./results/asap7/mock-cpu/base/5_1_grt.sdc line 112390, 'fifo_in.rptr_empty.rbin[0]$_DFF_PN0_/QN' is not a valid start point.
[WARNING STA-1554] ./results/asap7/mock-cpu/base/5_1_grt.sdc line 112390, 'fifo_in.rptr_empty.rempty$_DFF_PN1_/QN' is not a valid start point.
[WARNING STA-1554] ./results/asap7/mock-cpu/base/5_1_grt.sdc line 112390, 'fifo_in.rptr_empty.rptr[0]$_DFF_PN0_/QN' is not a valid start point.
[WARNING STA-1554] ./results/asap7/mock-cpu/base/5_1_grt.sdc line 112390, 'fifo_in.rptr_empty.rptr[1]$_DFF_PN0_/QN' is not a valid start point.
[WARNING STA-1554] ./results/asap7/mock-cpu/base/5_1_grt.sdc line 112390, 'fifo_in.sync_r2w.wq1_rptr[0]$_DFF_PN0_/QN' is not a valid start point.
[WARNING STA-1554] ./results/asap7/mock-cpu/base/5_1_grt.sdc line 112390, 'fifo_in.sync_r2w.wq1_rptr[1]$_DFF_PN0_/QN' is not a valid start point.
[WARNING STA-1554] ./results/asap7/mock-cpu/base/5_1_grt.sdc line 112390, 'fifo_in.sync_r2w.wq2_rptr[0]$_DFF_PN0_/QN' is not a valid start point.
[WARNING STA-1554] ./results/asap7/mock-cpu/base/5_1_grt.sdc line 112390, 'fifo_in.sync_r2w.wq2_rptr[1]$_DFF_PN0_/QN' is not a valid start point.
[WARNING STA-1554] ./results/asap7/mock-cpu/base/5_1_grt.sdc line 112390, 'fifo_in.sync_w2r.rq1_wptr[0]$_DFF_PN0_/QN' is not a valid start point.
[WARNING STA-1554] ./results/asap7/mock-cpu/base/5_1_grt.sdc line 112390, 'fifo_in.sync_w2r.rq1_wptr[1]$_DFF_PN0_/QN' is not a valid start point.
[WARNING STA-1554] ./results/asap7/mock-cpu/base/5_1_grt.sdc line 112390, 'fifo_in.sync_w2r.rq2_wptr[0]$_DFF_PN0_/QN' is not a valid start point.
[WARNING STA-1554] ./results/asap7/mock-cpu/base/5_1_grt.sdc line 112390, 'fifo_in.sync_w2r.rq2_wptr[1]$_DFF_PN0_/QN' is not a valid start point.
[WARNING STA-1554] ./results/asap7/mock-cpu/base/5_1_grt.sdc line 112390, 'fifo_in.wptr_full.wbin[0]$_DFF_PN0_/QN' is not a valid start point.
[WARNING STA-1554] ./results/asap7/mock-cpu/base/5_1_grt.sdc line 112390, 'fifo_in.wptr_full.wfull$_DFF_PN0_/QN' is not a valid start point.
[WARNING STA-1554] ./results/asap7/mock-cpu/base/5_1_grt.sdc line 112390, 'fifo_in.wptr_full.wptr[0]$_DFF_PN0_/QN' is not a valid start point.
[WARNING STA-1554] ./results/asap7/mock-cpu/base/5_1_grt.sdc line 112390, 'fifo_in.wptr_full.wptr[1]$_DFF_PN0_/QN' is not a valid start point.
[WARNING STA-1554] ./results/asap7/mock-cpu/base/5_1_grt.sdc line 112390, 'fifo_out.fifomem.mem[0][0]$_DFFE_PP_/QN' is not a valid start point.
[WARNING STA-1554] ./results/asap7/mock-cpu/base/5_1_grt.sdc line 112390, 'fifo_out.fifomem.mem[0][10]$_DFFE_PP_/QN' is not a valid start point.
[WARNING STA-1554] ./results/asap7/mock-cpu/base/5_1_grt.sdc line 112390, 'fifo_out.fifomem.mem[0][11]$_DFFE_PP_/QN' is not a valid start point.
[WARNING STA-1554] ./results/asap7/mock-cpu/base/5_1_grt.sdc line 112390, 'fifo_out.fifomem.mem[0][12]$_DFFE_PP_/QN' is not a valid start point.
[WARNING STA-1554] ./results/asap7/mock-cpu/base/5_1_grt.sdc line 112390, 'fifo_out.fifomem.mem[0][13]$_DFFE_PP_/QN' is not a valid start point.
[WARNING STA-1554] ./results/asap7/mock-cpu/base/5_1_grt.sdc line 112390, 'fifo_out.fifomem.mem[0][14]$_DFFE_PP_/QN' is not a valid start point.
[WARNING STA-1554] ./results/asap7/mock-cpu/base/5_1_grt.sdc line 112390, 'fifo_out.fifomem.mem[0][15]$_DFFE_PP_/QN' is not a valid start point.
[WARNING STA-1554] ./results/asap7/mock-cpu/base/5_1_grt.sdc line 112390, 'fifo_out.fifomem.mem[0][16]$_DFFE_PP_/QN' is not a valid start point.
[WARNING STA-1554] ./results/asap7/mock-cpu/base/5_1_grt.sdc line 112390, 'fifo_out.fifomem.mem[0][1]$_DFFE_PP_/QN' is not a valid start point.
[WARNING STA-1554] ./results/asap7/mock-cpu/base/5_1_grt.sdc line 112390, 'fifo_out.fifomem.mem[0][2]$_DFFE_PP_/QN' is not a valid start point.
[WARNING STA-1554] ./results/asap7/mock-cpu/base/5_1_grt.sdc line 112390, 'fifo_out.fifomem.mem[0][3]$_DFFE_PP_/QN' is not a valid start point.
[WARNING STA-1554] ./results/asap7/mock-cpu/base/5_1_grt.sdc line 112390, 'fifo_out.fifomem.mem[0][4]$_DFFE_PP_/QN' is not a valid start point.
[WARNING STA-1554] ./results/asap7/mock-cpu/base/5_1_grt.sdc line 112390, 'fifo_out.fifomem.mem[0][5]$_DFFE_PP_/QN' is not a valid start point.
[WARNING STA-1554] ./results/asap7/mock-cpu/base/5_1_grt.sdc line 112390, 'fifo_out.fifomem.mem[0][6]$_DFFE_PP_/QN' is not a valid start point.
[WARNING STA-1554] ./results/asap7/mock-cpu/base/5_1_grt.sdc line 112390, 'fifo_out.fifomem.mem[0][7]$_DFFE_PP_/QN' is not a valid start point.
[WARNING STA-1554] ./results/asap7/mock-cpu/base/5_1_grt.sdc line 112390, 'fifo_out.fifomem.mem[0][8]$_DFFE_PP_/QN' is not a valid start point.
[WARNING STA-1554] ./results/asap7/mock-cpu/base/5_1_grt.sdc line 112390, 'fifo_out.fifomem.mem[0][9]$_DFFE_PP_/QN' is not a valid start point.
[WARNING STA-1554] ./results/asap7/mock-cpu/base/5_1_grt.sdc line 112390, 'fifo_out.fifomem.mem[1][0]$_DFFE_PP_/QN' is not a valid start point.
[WARNING STA-1554] ./results/asap7/mock-cpu/base/5_1_grt.sdc line 112390, 'fifo_out.fifomem.mem[1][10]$_DFFE_PP_/QN' is not a valid start point.
[WARNING STA-1554] ./results/asap7/mock-cpu/base/5_1_grt.sdc line 112390, 'fifo_out.fifomem.mem[1][11]$_DFFE_PP_/QN' is not a valid start point.
[WARNING STA-1554] ./results/asap7/mock-cpu/base/5_1_grt.sdc line 112390, 'fifo_out.fifomem.mem[1][12]$_DFFE_PP_/QN' is not a valid start point.
[WARNING STA-1554] ./results/asap7/mock-cpu/base/5_1_grt.sdc line 112390, 'fifo_out.fifomem.mem[1][13]$_DFFE_PP_/QN' is not a valid start point.
[WARNING STA-1554] ./results/asap7/mock-cpu/base/5_1_grt.sdc line 112390, 'fifo_out.fifomem.mem[1][14]$_DFFE_PP_/QN' is not a valid start point.
[WARNING STA-1554] ./results/asap7/mock-cpu/base/5_1_grt.sdc line 112390, 'fifo_out.fifomem.mem[1][15]$_DFFE_PP_/QN' is not a valid start point.
[WARNING STA-1554] ./results/asap7/mock-cpu/base/5_1_grt.sdc line 112390, 'fifo_out.fifomem.mem[1][16]$_DFFE_PP_/QN' is not a valid start point.
[WARNING STA-1554] ./results/asap7/mock-cpu/base/5_1_grt.sdc line 112390, 'fifo_out.fifomem.mem[1][1]$_DFFE_PP_/QN' is not a valid start point.
[WARNING STA-1554] ./results/asap7/mock-cpu/base/5_1_grt.sdc line 112390, 'fifo_out.fifomem.mem[1][2]$_DFFE_PP_/QN' is not a valid start point.
[WARNING STA-1554] ./results/asap7/mock-cpu/base/5_1_grt.sdc line 112390, 'fifo_out.fifomem.mem[1][3]$_DFFE_PP_/QN' is not a valid start point.
[WARNING STA-1554] ./results/asap7/mock-cpu/base/5_1_grt.sdc line 112390, 'fifo_out.fifomem.mem[1][4]$_DFFE_PP_/QN' is not a valid start point.
[WARNING STA-1554] ./results/asap7/mock-cpu/base/5_1_grt.sdc line 112390, 'fifo_out.fifomem.mem[1][5]$_DFFE_PP_/QN' is not a valid start point.
[WARNING STA-1554] ./results/asap7/mock-cpu/base/5_1_grt.sdc line 112390, 'fifo_out.fifomem.mem[1][6]$_DFFE_PP_/QN' is not a valid start point.
[WARNING STA-1554] ./results/asap7/mock-cpu/base/5_1_grt.sdc line 112390, 'fifo_out.fifomem.mem[1][7]$_DFFE_PP_/QN' is not a valid start point.
[WARNING STA-1554] ./results/asap7/mock-cpu/base/5_1_grt.sdc line 112390, 'fifo_out.fifomem.mem[1][8]$_DFFE_PP_/QN' is not a valid start point.
[WARNING STA-1554] ./results/asap7/mock-cpu/base/5_1_grt.sdc line 112390, 'fifo_out.fifomem.mem[1][9]$_DFFE_PP_/QN' is not a valid start point.
[WARNING STA-1554] ./results/asap7/mock-cpu/base/5_1_grt.sdc line 112390, 'fifo_out.fifomem.mem[2][0]$_DFFE_PP_/QN' is not a valid start point.
[WARNING STA-1554] ./results/asap7/mock-cpu/base/5_1_grt.sdc line 112390, 'fifo_out.fifomem.mem[2][10]$_DFFE_PP_/QN' is not a valid start point.
[WARNING STA-1554] ./results/asap7/mock-cpu/base/5_1_grt.sdc line 112390, 'fifo_out.fifomem.mem[2][11]$_DFFE_PP_/QN' is not a valid start point.
[WARNING STA-1554] ./results/asap7/mock-cpu/base/5_1_grt.sdc line 112390, 'fifo_out.fifomem.mem[2][12]$_DFFE_PP_/QN' is not a valid start point.
[WARNING STA-1554] ./results/asap7/mock-cpu/base/5_1_grt.sdc line 112390, 'fifo_out.fifomem.mem[2][13]$_DFFE_PP_/QN' is not a valid start point.
[WARNING STA-1554] ./results/asap7/mock-cpu/base/5_1_grt.sdc line 112390, 'fifo_out.fifomem.mem[2][14]$_DFFE_PP_/QN' is not a valid start point.
[WARNING STA-1554] ./results/asap7/mock-cpu/base/5_1_grt.sdc line 112390, 'fifo_out.fifomem.mem[2][15]$_DFFE_PP_/QN' is not a valid start point.
[WARNING STA-1554] ./results/asap7/mock-cpu/base/5_1_grt.sdc line 112390, 'fifo_out.fifomem.mem[2][16]$_DFFE_PP_/QN' is not a valid start point.
[WARNING STA-1554] ./results/asap7/mock-cpu/base/5_1_grt.sdc line 112390, 'fifo_out.fifomem.mem[2][1]$_DFFE_PP_/QN' is not a valid start point.
[WARNING STA-1554] ./results/asap7/mock-cpu/base/5_1_grt.sdc line 112390, 'fifo_out.fifomem.mem[2][2]$_DFFE_PP_/QN' is not a valid start point.
[WARNING STA-1554] ./results/asap7/mock-cpu/base/5_1_grt.sdc line 112390, 'fifo_out.fifomem.mem[2][3]$_DFFE_PP_/QN' is not a valid start point.
[WARNING STA-1554] ./results/asap7/mock-cpu/base/5_1_grt.sdc line 112390, 'fifo_out.fifomem.mem[2][4]$_DFFE_PP_/QN' is not a valid start point.
[WARNING STA-1554] ./results/asap7/mock-cpu/base/5_1_grt.sdc line 112390, 'fifo_out.fifomem.mem[2][5]$_DFFE_PP_/QN' is not a valid start point.
[WARNING STA-1554] ./results/asap7/mock-cpu/base/5_1_grt.sdc line 112390, 'fifo_out.fifomem.mem[2][6]$_DFFE_PP_/QN' is not a valid start point.
[WARNING STA-1554] ./results/asap7/mock-cpu/base/5_1_grt.sdc line 112390, 'fifo_out.fifomem.mem[2][7]$_DFFE_PP_/QN' is not a valid start point.
[WARNING STA-1554] ./results/asap7/mock-cpu/base/5_1_grt.sdc line 112390, 'fifo_out.fifomem.mem[2][8]$_DFFE_PP_/QN' is not a valid start point.
[WARNING STA-1554] ./results/asap7/mock-cpu/base/5_1_grt.sdc line 112390, 'fifo_out.fifomem.mem[2][9]$_DFFE_PP_/QN' is not a valid start point.
[WARNING STA-1554] ./results/asap7/mock-cpu/base/5_1_grt.sdc line 112390, 'fifo_out.fifomem.mem[3][0]$_DFFE_PP_/QN' is not a valid start point.
[WARNING STA-1554] ./results/asap7/mock-cpu/base/5_1_grt.sdc line 112390, 'fifo_out.fifomem.mem[3][10]$_DFFE_PP_/QN' is not a valid start point.
[WARNING STA-1554] ./results/asap7/mock-cpu/base/5_1_grt.sdc line 112390, 'fifo_out.fifomem.mem[3][11]$_DFFE_PP_/QN' is not a valid start point.
[WARNING STA-1554] ./results/asap7/mock-cpu/base/5_1_grt.sdc line 112390, 'fifo_out.fifomem.mem[3][12]$_DFFE_PP_/QN' is not a valid start point.
[WARNING STA-1554] ./results/asap7/mock-cpu/base/5_1_grt.sdc line 112390, 'fifo_out.fifomem.mem[3][13]$_DFFE_PP_/QN' is not a valid start point.
[WARNING STA-1554] ./results/asap7/mock-cpu/base/5_1_grt.sdc line 112390, 'fifo_out.fifomem.mem[3][14]$_DFFE_PP_/QN' is not a valid start point.
[WARNING STA-1554] ./results/asap7/mock-cpu/base/5_1_grt.sdc line 112390, 'fifo_out.fifomem.mem[3][15]$_DFFE_PP_/QN' is not a valid start point.
[WARNING STA-1554] ./results/asap7/mock-cpu/base/5_1_grt.sdc line 112390, 'fifo_out.fifomem.mem[3][16]$_DFFE_PP_/QN' is not a valid start point.
[WARNING STA-1554] ./results/asap7/mock-cpu/base/5_1_grt.sdc line 112390, 'fifo_out.fifomem.mem[3][1]$_DFFE_PP_/QN' is not a valid start point.
[WARNING STA-1554] ./results/asap7/mock-cpu/base/5_1_grt.sdc line 112390, 'fifo_out.fifomem.mem[3][2]$_DFFE_PP_/QN' is not a valid start point.
[WARNING STA-1554] ./results/asap7/mock-cpu/base/5_1_grt.sdc line 112390, 'fifo_out.fifomem.mem[3][3]$_DFFE_PP_/QN' is not a valid start point.
[WARNING STA-1554] ./results/asap7/mock-cpu/base/5_1_grt.sdc line 112390, 'fifo_out.fifomem.mem[3][4]$_DFFE_PP_/QN' is not a valid start point.
[WARNING STA-1554] ./results/asap7/mock-cpu/base/5_1_grt.sdc line 112390, 'fifo_out.fifomem.mem[3][5]$_DFFE_PP_/QN' is not a valid start point.
[WARNING STA-1554] ./results/asap7/mock-cpu/base/5_1_grt.sdc line 112390, 'fifo_out.fifomem.mem[3][6]$_DFFE_PP_/QN' is not a valid start point.
[WARNING STA-1554] ./results/asap7/mock-cpu/base/5_1_grt.sdc line 112390, 'fifo_out.fifomem.mem[3][7]$_DFFE_PP_/QN' is not a valid start point.
[WARNING STA-1554] ./results/asap7/mock-cpu/base/5_1_grt.sdc line 112390, 'fifo_out.fifomem.mem[3][8]$_DFFE_PP_/QN' is not a valid start point.
[WARNING STA-1554] ./results/asap7/mock-cpu/base/5_1_grt.sdc line 112390, 'fifo_out.fifomem.mem[3][9]$_DFFE_PP_/QN' is not a valid start point.
[WARNING STA-1554] ./results/asap7/mock-cpu/base/5_1_grt.sdc line 112390, 'fifo_out.fifomem.mem[4][0]$_DFFE_PP_/QN' is not a valid start point.
[WARNING STA-1554] ./results/asap7/mock-cpu/base/5_1_grt.sdc line 112390, 'fifo_out.fifomem.mem[4][10]$_DFFE_PP_/QN' is not a valid start point.
[WARNING STA-1554] ./results/asap7/mock-cpu/base/5_1_grt.sdc line 112390, 'fifo_out.fifomem.mem[4][11]$_DFFE_PP_/QN' is not a valid start point.
[WARNING STA-1554] ./results/asap7/mock-cpu/base/5_1_grt.sdc line 112390, 'fifo_out.fifomem.mem[4][12]$_DFFE_PP_/QN' is not a valid start point.
[WARNING STA-1554] ./results/asap7/mock-cpu/base/5_1_grt.sdc line 112390, 'fifo_out.fifomem.mem[4][13]$_DFFE_PP_/QN' is not a valid start point.
[WARNING STA-1554] ./results/asap7/mock-cpu/base/5_1_grt.sdc line 112390, 'fifo_out.fifomem.mem[4][14]$_DFFE_PP_/QN' is not a valid start point.
[WARNING STA-1554] ./results/asap7/mock-cpu/base/5_1_grt.sdc line 112390, 'fifo_out.fifomem.mem[4][15]$_DFFE_PP_/QN' is not a valid start point.
[WARNING STA-1554] ./results/asap7/mock-cpu/base/5_1_grt.sdc line 112390, 'fifo_out.fifomem.mem[4][16]$_DFFE_PP_/QN' is not a valid start point.
[WARNING STA-1554] ./results/asap7/mock-cpu/base/5_1_grt.sdc line 112390, 'fifo_out.fifomem.mem[4][1]$_DFFE_PP_/QN' is not a valid start point.
[WARNING STA-1554] ./results/asap7/mock-cpu/base/5_1_grt.sdc line 112390, 'fifo_out.fifomem.mem[4][2]$_DFFE_PP_/QN' is not a valid start point.
[WARNING STA-1554] ./results/asap7/mock-cpu/base/5_1_grt.sdc line 112390, 'fifo_out.fifomem.mem[4][3]$_DFFE_PP_/QN' is not a valid start point.
[WARNING STA-1554] ./results/asap7/mock-cpu/base/5_1_grt.sdc line 112390, 'fifo_out.fifomem.mem[4][4]$_DFFE_PP_/QN' is not a valid start point.
[WARNING STA-1554] ./results/asap7/mock-cpu/base/5_1_grt.sdc line 112390, 'fifo_out.fifomem.mem[4][5]$_DFFE_PP_/QN' is not a valid start point.
[WARNING STA-1554] ./results/asap7/mock-cpu/base/5_1_grt.sdc line 112390, 'fifo_out.fifomem.mem[4][6]$_DFFE_PP_/QN' is not a valid start point.
[WARNING STA-1554] ./results/asap7/mock-cpu/base/5_1_grt.sdc line 112390, 'fifo_out.fifomem.mem[4][7]$_DFFE_PP_/QN' is not a valid start point.
[WARNING STA-1554] ./results/asap7/mock-cpu/base/5_1_grt.sdc line 112390, 'fifo_out.fifomem.mem[4][8]$_DFFE_PP_/QN' is not a valid start point.
[WARNING STA-1554] ./results/asap7/mock-cpu/base/5_1_grt.sdc line 112390, 'fifo_out.fifomem.mem[4][9]$_DFFE_PP_/QN' is not a valid start point.
[WARNING STA-1554] ./results/asap7/mock-cpu/base/5_1_grt.sdc line 112390, 'fifo_out.fifomem.mem[5][0]$_DFFE_PP_/QN' is not a valid start point.
[WARNING STA-1554] ./results/asap7/mock-cpu/base/5_1_grt.sdc line 112390, 'fifo_out.fifomem.mem[5][10]$_DFFE_PP_/QN' is not a valid start point.
[WARNING STA-1554] ./results/asap7/mock-cpu/base/5_1_grt.sdc line 112390, 'fifo_out.fifomem.mem[5][11]$_DFFE_PP_/QN' is not a valid start point.
[WARNING STA-1554] ./results/asap7/mock-cpu/base/5_1_grt.sdc line 112390, 'fifo_out.fifomem.mem[5][12]$_DFFE_PP_/QN' is not a valid start point.
[WARNING STA-1554] ./results/asap7/mock-cpu/base/5_1_grt.sdc line 112390, 'fifo_out.fifomem.mem[5][13]$_DFFE_PP_/QN' is not a valid start point.
[WARNING STA-1554] ./results/asap7/mock-cpu/base/5_1_grt.sdc line 112390, 'fifo_out.fifomem.mem[5][14]$_DFFE_PP_/QN' is not a valid start point.
[WARNING STA-1554] ./results/asap7/mock-cpu/base/5_1_grt.sdc line 112390, 'fifo_out.fifomem.mem[5][15]$_DFFE_PP_/QN' is not a valid start point.
[WARNING STA-1554] ./results/asap7/mock-cpu/base/5_1_grt.sdc line 112390, 'fifo_out.fifomem.mem[5][16]$_DFFE_PP_/QN' is not a valid start point.
[WARNING STA-1554] ./results/asap7/mock-cpu/base/5_1_grt.sdc line 112390, 'fifo_out.fifomem.mem[5][1]$_DFFE_PP_/QN' is not a valid start point.
[WARNING STA-1554] ./results/asap7/mock-cpu/base/5_1_grt.sdc line 112390, 'fifo_out.fifomem.mem[5][2]$_DFFE_PP_/QN' is not a valid start point.
[WARNING STA-1554] ./results/asap7/mock-cpu/base/5_1_grt.sdc line 112390, 'fifo_out.fifomem.mem[5][3]$_DFFE_PP_/QN' is not a valid start point.
[WARNING STA-1554] ./results/asap7/mock-cpu/base/5_1_grt.sdc line 112390, 'fifo_out.fifomem.mem[5][4]$_DFFE_PP_/QN' is not a valid start point.
[WARNING STA-1554] ./results/asap7/mock-cpu/base/5_1_grt.sdc line 112390, 'fifo_out.fifomem.mem[5][5]$_DFFE_PP_/QN' is not a valid start point.
[WARNING STA-1554] ./results/asap7/mock-cpu/base/5_1_grt.sdc line 112390, 'fifo_out.fifomem.mem[5][6]$_DFFE_PP_/QN' is not a valid start point.
[WARNING STA-1554] ./results/asap7/mock-cpu/base/5_1_grt.sdc line 112390, 'fifo_out.fifomem.mem[5][7]$_DFFE_PP_/QN' is not a valid start point.
[WARNING STA-1554] ./results/asap7/mock-cpu/base/5_1_grt.sdc line 112390, 'fifo_out.fifomem.mem[5][8]$_DFFE_PP_/QN' is not a valid start point.
[WARNING STA-1554] ./results/asap7/mock-cpu/base/5_1_grt.sdc line 112390, 'fifo_out.fifomem.mem[5][9]$_DFFE_PP_/QN' is not a valid start point.
[WARNING STA-1554] ./results/asap7/mock-cpu/base/5_1_grt.sdc line 112390, 'fifo_out.fifomem.mem[6][0]$_DFFE_PP_/QN' is not a valid start point.
[WARNING STA-1554] ./results/asap7/mock-cpu/base/5_1_grt.sdc line 112390, 'fifo_out.fifomem.mem[6][10]$_DFFE_PP_/QN' is not a valid start point.
[WARNING STA-1554] ./results/asap7/mock-cpu/base/5_1_grt.sdc line 112390, 'fifo_out.fifomem.mem[6][11]$_DFFE_PP_/QN' is not a valid start point.
[WARNING STA-1554] ./results/asap7/mock-cpu/base/5_1_grt.sdc line 112390, 'fifo_out.fifomem.mem[6][12]$_DFFE_PP_/QN' is not a valid start point.
[WARNING STA-1554] ./results/asap7/mock-cpu/base/5_1_grt.sdc line 112390, 'fifo_out.fifomem.mem[6][13]$_DFFE_PP_/QN' is not a valid start point.
[WARNING STA-1554] ./results/asap7/mock-cpu/base/5_1_grt.sdc line 112390, 'fifo_out.fifomem.mem[6][14]$_DFFE_PP_/QN' is not a valid start point.
[WARNING STA-1554] ./results/asap7/mock-cpu/base/5_1_grt.sdc line 112390, 'fifo_out.fifomem.mem[6][15]$_DFFE_PP_/QN' is not a valid start point.
[WARNING STA-1554] ./results/asap7/mock-cpu/base/5_1_grt.sdc line 112390, 'fifo_out.fifomem.mem[6][16]$_DFFE_PP_/QN' is not a valid start point.
[WARNING STA-1554] ./results/asap7/mock-cpu/base/5_1_grt.sdc line 112390, 'fifo_out.fifomem.mem[6][1]$_DFFE_PP_/QN' is not a valid start point.
[WARNING STA-1554] ./results/asap7/mock-cpu/base/5_1_grt.sdc line 112390, 'fifo_out.fifomem.mem[6][2]$_DFFE_PP_/QN' is not a valid start point.
[WARNING STA-1554] ./results/asap7/mock-cpu/base/5_1_grt.sdc line 112390, 'fifo_out.fifomem.mem[6][3]$_DFFE_PP_/QN' is not a valid start point.
[WARNING STA-1554] ./results/asap7/mock-cpu/base/5_1_grt.sdc line 112390, 'fifo_out.fifomem.mem[6][4]$_DFFE_PP_/QN' is not a valid start point.
[WARNING STA-1554] ./results/asap7/mock-cpu/base/5_1_grt.sdc line 112390, 'fifo_out.fifomem.mem[6][5]$_DFFE_PP_/QN' is not a valid start point.
[WARNING STA-1554] ./results/asap7/mock-cpu/base/5_1_grt.sdc line 112390, 'fifo_out.fifomem.mem[6][6]$_DFFE_PP_/QN' is not a valid start point.
[WARNING STA-1554] ./results/asap7/mock-cpu/base/5_1_grt.sdc line 112390, 'fifo_out.fifomem.mem[6][7]$_DFFE_PP_/QN' is not a valid start point.
[WARNING STA-1554] ./results/asap7/mock-cpu/base/5_1_grt.sdc line 112390, 'fifo_out.fifomem.mem[6][8]$_DFFE_PP_/QN' is not a valid start point.
[WARNING STA-1554] ./results/asap7/mock-cpu/base/5_1_grt.sdc line 112390, 'fifo_out.fifomem.mem[6][9]$_DFFE_PP_/QN' is not a valid start point.
[WARNING STA-1554] ./results/asap7/mock-cpu/base/5_1_grt.sdc line 112390, 'fifo_out.fifomem.mem[7][0]$_DFFE_PP_/QN' is not a valid start point.
[WARNING STA-1554] ./results/asap7/mock-cpu/base/5_1_grt.sdc line 112390, 'fifo_out.fifomem.mem[7][10]$_DFFE_PP_/QN' is not a valid start point.
[WARNING STA-1554] ./results/asap7/mock-cpu/base/5_1_grt.sdc line 112390, 'fifo_out.fifomem.mem[7][11]$_DFFE_PP_/QN' is not a valid start point.
[WARNING STA-1554] ./results/asap7/mock-cpu/base/5_1_grt.sdc line 112390, 'fifo_out.fifomem.mem[7][12]$_DFFE_PP_/QN' is not a valid start point.
[WARNING STA-1554] ./results/asap7/mock-cpu/base/5_1_grt.sdc line 112390, 'fifo_out.fifomem.mem[7][13]$_DFFE_PP_/QN' is not a valid start point.
[WARNING STA-1554] ./results/asap7/mock-cpu/base/5_1_grt.sdc line 112390, 'fifo_out.fifomem.mem[7][14]$_DFFE_PP_/QN' is not a valid start point.
[WARNING STA-1554] ./results/asap7/mock-cpu/base/5_1_grt.sdc line 112390, 'fifo_out.fifomem.mem[7][15]$_DFFE_PP_/QN' is not a valid start point.
[WARNING STA-1554] ./results/asap7/mock-cpu/base/5_1_grt.sdc line 112390, 'fifo_out.fifomem.mem[7][16]$_DFFE_PP_/QN' is not a valid start point.
[WARNING STA-1554] ./results/asap7/mock-cpu/base/5_1_grt.sdc line 112390, 'fifo_out.fifomem.mem[7][1]$_DFFE_PP_/QN' is not a valid start point.
[WARNING STA-1554] ./results/asap7/mock-cpu/base/5_1_grt.sdc line 112390, 'fifo_out.fifomem.mem[7][2]$_DFFE_PP_/QN' is not a valid start point.
[WARNING STA-1554] ./results/asap7/mock-cpu/base/5_1_grt.sdc line 112390, 'fifo_out.fifomem.mem[7][3]$_DFFE_PP_/QN' is not a valid start point.
[WARNING STA-1554] ./results/asap7/mock-cpu/base/5_1_grt.sdc line 112390, 'fifo_out.fifomem.mem[7][4]$_DFFE_PP_/QN' is not a valid start point.
[WARNING STA-1554] ./results/asap7/mock-cpu/base/5_1_grt.sdc line 112390, 'fifo_out.fifomem.mem[7][5]$_DFFE_PP_/QN' is not a valid start point.
[WARNING STA-1554] ./results/asap7/mock-cpu/base/5_1_grt.sdc line 112390, 'fifo_out.fifomem.mem[7][6]$_DFFE_PP_/QN' is not a valid start point.
[WARNING STA-1554] ./results/asap7/mock-cpu/base/5_1_grt.sdc line 112390, 'fifo_out.fifomem.mem[7][7]$_DFFE_PP_/QN' is not a valid start point.
[WARNING STA-1554] ./results/asap7/mock-cpu/base/5_1_grt.sdc line 112390, 'fifo_out.fifomem.mem[7][8]$_DFFE_PP_/QN' is not a valid start point.
[WARNING STA-1554] ./results/asap7/mock-cpu/base/5_1_grt.sdc line 112390, 'fifo_out.fifomem.mem[7][9]$_DFFE_PP_/QN' is not a valid start point.
[WARNING STA-1554] ./results/asap7/mock-cpu/base/5_1_grt.sdc line 112390, 'fifo_out.rptr_empty.rbin[0]$_DFF_PN0_/QN' is not a valid start point.
[WARNING STA-1554] ./results/asap7/mock-cpu/base/5_1_grt.sdc line 112390, 'fifo_out.rptr_empty.rbin[1]$_DFF_PN0_/QN' is not a valid start point.
[WARNING STA-1554] ./results/asap7/mock-cpu/base/5_1_grt.sdc line 112390, 'fifo_out.rptr_empty.rbin[2]$_DFF_PN0_/QN' is not a valid start point.
[WARNING STA-1554] ./results/asap7/mock-cpu/base/5_1_grt.sdc line 112390, 'fifo_out.rptr_empty.rempty$_DFF_PN1_/QN' is not a valid start point.
[WARNING STA-1554] ./results/asap7/mock-cpu/base/5_1_grt.sdc line 112390, 'fifo_out.rptr_empty.rptr[0]$_DFF_PN0_/QN' is not a valid start point.
[WARNING STA-1554] ./results/asap7/mock-cpu/base/5_1_grt.sdc line 112390, 'fifo_out.rptr_empty.rptr[1]$_DFF_PN0_/QN' is not a valid start point.
[WARNING STA-1554] ./results/asap7/mock-cpu/base/5_1_grt.sdc line 112390, 'fifo_out.rptr_empty.rptr[2]$_DFF_PN0_/QN' is not a valid start point.
[WARNING STA-1554] ./results/asap7/mock-cpu/base/5_1_grt.sdc line 112390, 'fifo_out.rptr_empty.rptr[3]$_DFF_PN0_/QN' is not a valid start point.
[WARNING STA-1554] ./results/asap7/mock-cpu/base/5_1_grt.sdc line 112390, 'fifo_out.sync_r2w.wq1_rptr[0]$_DFF_PN0_/QN' is not a valid start point.
[WARNING STA-1554] ./results/asap7/mock-cpu/base/5_1_grt.sdc line 112390, 'fifo_out.sync_r2w.wq1_rptr[1]$_DFF_PN0_/QN' is not a valid start point.
[WARNING STA-1554] ./results/asap7/mock-cpu/base/5_1_grt.sdc line 112390, 'fifo_out.sync_r2w.wq1_rptr[2]$_DFF_PN0_/QN' is not a valid start point.
[WARNING STA-1554] ./results/asap7/mock-cpu/base/5_1_grt.sdc line 112390, 'fifo_out.sync_r2w.wq1_rptr[3]$_DFF_PN0_/QN' is not a valid start point.
[WARNING STA-1554] ./results/asap7/mock-cpu/base/5_1_grt.sdc line 112390, 'fifo_out.sync_r2w.wq2_rptr[0]$_DFF_PN0_/QN' is not a valid start point.
[WARNING STA-1554] ./results/asap7/mock-cpu/base/5_1_grt.sdc line 112390, 'fifo_out.sync_r2w.wq2_rptr[1]$_DFF_PN0_/QN' is not a valid start point.
[WARNING STA-1554] ./results/asap7/mock-cpu/base/5_1_grt.sdc line 112390, 'fifo_out.sync_r2w.wq2_rptr[2]$_DFF_PN0_/QN' is not a valid start point.
[WARNING STA-1554] ./results/asap7/mock-cpu/base/5_1_grt.sdc line 112390, 'fifo_out.sync_r2w.wq2_rptr[3]$_DFF_PN0_/QN' is not a valid start point.
[WARNING STA-1554] ./results/asap7/mock-cpu/base/5_1_grt.sdc line 112390, 'fifo_out.sync_w2r.rq1_wptr[0]$_DFF_PN0_/QN' is not a valid start point.
[WARNING STA-1554] ./results/asap7/mock-cpu/base/5_1_grt.sdc line 112390, 'fifo_out.sync_w2r.rq1_wptr[1]$_DFF_PN0_/QN' is not a valid start point.
[WARNING STA-1554] ./results/asap7/mock-cpu/base/5_1_grt.sdc line 112390, 'fifo_out.sync_w2r.rq1_wptr[2]$_DFF_PN0_/QN' is not a valid start point.
[WARNING STA-1554] ./results/asap7/mock-cpu/base/5_1_grt.sdc line 112390, 'fifo_out.sync_w2r.rq1_wptr[3]$_DFF_PN0_/QN' is not a valid start point.
[WARNING STA-1554] ./results/asap7/mock-cpu/base/5_1_grt.sdc line 112390, 'fifo_out.sync_w2r.rq2_wptr[0]$_DFF_PN0_/QN' is not a valid start point.
[WARNING STA-1554] ./results/asap7/mock-cpu/base/5_1_grt.sdc line 112390, 'fifo_out.sync_w2r.rq2_wptr[1]$_DFF_PN0_/QN' is not a valid start point.
[WARNING STA-1554] ./results/asap7/mock-cpu/base/5_1_grt.sdc line 112390, 'fifo_out.sync_w2r.rq2_wptr[2]$_DFF_PN0_/QN' is not a valid start point.
[WARNING STA-1554] ./results/asap7/mock-cpu/base/5_1_grt.sdc line 112390, 'fifo_out.sync_w2r.rq2_wptr[3]$_DFF_PN0_/QN' is not a valid start point.
[WARNING STA-1554] ./results/asap7/mock-cpu/base/5_1_grt.sdc line 112390, 'fifo_out.wptr_full.wbin[0]$_DFF_PN0_/QN' is not a valid start point.
[WARNING STA-1554] ./results/asap7/mock-cpu/base/5_1_grt.sdc line 112390, 'fifo_out.wptr_full.wbin[1]$_DFF_PN0_/QN' is not a valid start point.
[WARNING STA-1554] ./results/asap7/mock-cpu/base/5_1_grt.sdc line 112390, 'fifo_out.wptr_full.wbin[2]$_DFF_PN0_/QN' is not a valid start point.
[WARNING STA-1554] ./results/asap7/mock-cpu/base/5_1_grt.sdc line 112390, 'fifo_out.wptr_full.wfull$_DFF_PN0_/QN' is not a valid start point.
[WARNING STA-1554] ./results/asap7/mock-cpu/base/5_1_grt.sdc line 112390, 'fifo_out.wptr_full.wptr[0]$_DFF_PN0_/QN' is not a valid start point.
[WARNING STA-1554] ./results/asap7/mock-cpu/base/5_1_grt.sdc line 112390, 'fifo_out.wptr_full.wptr[1]$_DFF_PN0_/QN' is not a valid start point.
[WARNING STA-1554] ./results/asap7/mock-cpu/base/5_1_grt.sdc line 112390, 'fifo_out.wptr_full.wptr[2]$_DFF_PN0_/QN' is not a valid start point.
[WARNING STA-1554] ./results/asap7/mock-cpu/base/5_1_grt.sdc line 112390, 'fifo_out.wptr_full.wptr[3]$_DFF_PN0_/QN' is not a valid start point.
[WARNING STA-1554] ./results/asap7/mock-cpu/base/5_1_grt.sdc line 112390, 'mult_result[0][0]$_DFF_P_/QN' is not a valid start point.
[WARNING STA-1554] ./results/asap7/mock-cpu/base/5_1_grt.sdc line 112390, 'mult_result[0][10]$_DFF_P_/QN' is not a valid start point.
[WARNING STA-1554] ./results/asap7/mock-cpu/base/5_1_grt.sdc line 112390, 'mult_result[0][11]$_DFF_P_/QN' is not a valid start point.
[WARNING STA-1554] ./results/asap7/mock-cpu/base/5_1_grt.sdc line 112390, 'mult_result[0][12]$_DFF_P_/QN' is not a valid start point.
[WARNING STA-1554] ./results/asap7/mock-cpu/base/5_1_grt.sdc line 112390, 'mult_result[0][13]$_DFF_P_/QN' is not a valid start point.
[WARNING STA-1554] ./results/asap7/mock-cpu/base/5_1_grt.sdc line 112390, 'mult_result[0][14]$_DFF_P_/QN' is not a valid start point.
[WARNING STA-1554] ./results/asap7/mock-cpu/base/5_1_grt.sdc line 112390, 'mult_result[0][15]$_DFF_P_/QN' is not a valid start point.
[WARNING STA-1554] ./results/asap7/mock-cpu/base/5_1_grt.sdc line 112390, 'mult_result[0][16]$_DFF_P_/QN' is not a valid start point.
[WARNING STA-1554] ./results/asap7/mock-cpu/base/5_1_grt.sdc line 112390, 'mult_result[0][1]$_DFF_P_/QN' is not a valid start point.
[WARNING STA-1554] ./results/asap7/mock-cpu/base/5_1_grt.sdc line 112390, 'mult_result[0][2]$_DFF_P_/QN' is not a valid start point.
[WARNING STA-1554] ./results/asap7/mock-cpu/base/5_1_grt.sdc line 112390, 'mult_result[0][3]$_DFF_P_/QN' is not a valid start point.
[WARNING STA-1554] ./results/asap7/mock-cpu/base/5_1_grt.sdc line 112390, 'mult_result[0][4]$_DFF_P_/QN' is not a valid start point.
[WARNING STA-1554] ./results/asap7/mock-cpu/base/5_1_grt.sdc line 112390, 'mult_result[0][5]$_DFF_P_/QN' is not a valid start point.
[WARNING STA-1554] ./results/asap7/mock-cpu/base/5_1_grt.sdc line 112390, 'mult_result[0][6]$_DFF_P_/QN' is not a valid start point.
[WARNING STA-1554] ./results/asap7/mock-cpu/base/5_1_grt.sdc line 112390, 'mult_result[0][7]$_DFF_P_/QN' is not a valid start point.
[WARNING STA-1554] ./results/asap7/mock-cpu/base/5_1_grt.sdc line 112390, 'mult_result[0][8]$_DFF_P_/QN' is not a valid start point.
[WARNING STA-1554] ./results/asap7/mock-cpu/base/5_1_grt.sdc line 112390, 'mult_result[0][9]$_DFF_P_/QN' is not a valid start point.
[WARNING STA-1554] ./results/asap7/mock-cpu/base/5_1_grt.sdc line 112390, 'mult_result[1000][0]$_DFF_P_/QN' is not a valid start point.
[WARNING STA-1554] ./results/asap7/mock-cpu/base/5_1_grt.sdc line 112390, 'mult_result[1000][10]$_DFF_P_/QN' is not a valid start point.
[WARNING STA-1554] ./results/asap7/mock-cpu/base/5_1_grt.sdc line 112390, 'mult_result[1000][11]$_DFF_P_/QN' is not a valid start point.
[WARNING STA-1554] ./results/asap7/mock-cpu/base/5_1_grt.sdc line 112390, 'mult_result[1000][12]$_DFF_P_/QN' is not a valid start point.
[WARNING STA-1554] ./results/asap7/mock-cpu/base/5_1_grt.sdc line 112390, 'mult_result[1000][13]$_DFF_P_/QN' is not a valid start point.
[WARNING STA-1554] ./results/asap7/mock-cpu/base/5_1_grt.sdc line 112390, 'mult_result[1000][14]$_DFF_P_/QN' is not a valid start point.
[WARNING STA-1554] ./results/asap7/mock-cpu/base/5_1_grt.sdc line 112390, 'mult_result[1000][15]$_DFF_P_/QN' is not a valid start point.
[WARNING STA-1554] ./results/asap7/mock-cpu/base/5_1_grt.sdc line 112390, 'mult_result[1000][16]$_DFF_P_/QN' is not a valid start point.
[WARNING STA-1554] ./results/asap7/mock-cpu/base/5_1_grt.sdc line 112390, 'mult_result[1000][1]$_DFF_P_/QN' is not a valid start point.
[WARNING STA-1554] ./results/asap7/mock-cpu/base/5_1_grt.sdc line 112390, 'mult_result[1000][2]$_DFF_P_/QN' is not a valid start point.
[WARNING STA-1554] ./results/asap7/mock-cpu/base/5_1_grt.sdc line 112390, 'mult_result[1000][3]$_DFF_P_/QN' is not a valid start point.
[WARNING STA-1554] ./results/asap7/mock-cpu/base/5_1_grt.sdc line 112390, 'mult_result[1000][4]$_DFF_P_/QN' is not a valid start point.
[WARNING STA-1554] ./results/asap7/mock-cpu/base/5_1_grt.sdc line 112390, 'mult_result[1000][5]$_DFF_P_/QN' is not a valid start point.
[WARNING STA-1554] ./results/asap7/mock-cpu/base/5_1_grt.sdc line 112390, 'mult_result[1000][6]$_DFF_P_/QN' is not a valid start point.
[WARNING STA-1554] ./results/asap7/mock-cpu/base/5_1_grt.sdc line 112390, 'mult_result[1000][7]$_DFF_P_/QN' is not a valid start point.
[WARNING STA-1554] ./results/asap7/mock-cpu/base/5_1_grt.sdc line 112390, 'mult_result[1000][8]$_DFF_P_/QN' is not a valid start point.
[WARNING STA-1554] ./results/asap7/mock-cpu/base/5_1_grt.sdc line 112390, 'mult_result[1000][9]$_DFF_P_/QN' is not a valid start point.
[WARNING STA-1554] ./results/asap7/mock-cpu/base/5_1_grt.sdc line 112390, 'mult_result[1001][0]$_DFF_P_/QN' is not a valid start point.
[WARNING STA-1554] ./results/asap7/mock-cpu/base/5_1_grt.sdc line 112390, 'mult_result[1001][10]$_DFF_P_/QN' is not a valid start point.
[WARNING STA-1554] ./results/asap7/mock-cpu/base/5_1_grt.sdc line 112390, 'mult_result[1001][11]$_DFF_P_/QN' is not a valid start point.
[WARNING STA-1554] ./results/asap7/mock-cpu/base/5_1_grt.sdc line 112390, 'mult_result[1001][12]$_DFF_P_/QN' is not a valid start point.
[WARNING STA-1554] ./results/asap7/mock-cpu/base/5_1_grt.sdc line 112390, 'mult_result[1001][13]$_DFF_P_/QN' is not a valid start point.
[WARNING STA-1554] ./results/asap7/mock-cpu/base/5_1_grt.sdc line 112390, 'mult_result[1001][14]$_DFF_P_/QN' is not a valid start point.
[WARNING STA-1554] ./results/asap7/mock-cpu/base/5_1_grt.sdc line 112390, 'mult_result[1001][15]$_DFF_P_/QN' is not a valid start point.
[WARNING STA-1554] ./results/asap7/mock-cpu/base/5_1_grt.sdc line 112390, 'mult_result[1001][16]$_DFF_P_/QN' is not a valid start point.
[WARNING STA-1554] ./results/asap7/mock-cpu/base/5_1_grt.sdc line 112390, 'mult_result[1001][1]$_DFF_P_/QN' is not a valid start point.
[WARNING STA-1554] ./results/asap7/mock-cpu/base/5_1_grt.sdc line 112390, 'mult_result[1001][2]$_DFF_P_/QN' is not a valid start point.
[WARNING STA-1554] ./results/asap7/mock-cpu/base/5_1_grt.sdc line 112390, 'mult_result[1001][3]$_DFF_P_/QN' is not a valid start point.
[WARNING STA-1554] ./results/asap7/mock-cpu/base/5_1_grt.sdc line 112390, 'mult_result[1001][4]$_DFF_P_/QN' is not a valid start point.
[WARNING STA-1554] ./results/asap7/mock-cpu/base/5_1_grt.sdc line 112390, 'mult_result[1001][5]$_DFF_P_/QN' is not a valid start point.
[WARNING STA-1554] ./results/asap7/mock-cpu/base/5_1_grt.sdc line 112390, 'mult_result[1001][6]$_DFF_P_/QN' is not a valid start point.
[WARNING STA-1554] ./results/asap7/mock-cpu/base/5_1_grt.sdc line 112390, 'mult_result[1001][7]$_DFF_P_/QN' is not a valid start point.
[WARNING STA-1554] ./results/asap7/mock-cpu/base/5_1_grt.sdc line 112390, 'mult_result[1001][8]$_DFF_P_/QN' is not a valid start point.
[WARNING STA-1554] ./results/asap7/mock-cpu/base/5_1_grt.sdc line 112390, 'mult_result[1001][9]$_DFF_P_/QN' is not a valid start point.
[WARNING STA-1554] ./results/asap7/mock-cpu/base/5_1_grt.sdc line 112390, 'mult_result[1002][0]$_DFF_P_/QN' is not a valid start point.
[WARNING STA-1554] ./results/asap7/mock-cpu/base/5_1_grt.sdc line 112390, 'mult_result[1002][10]$_DFF_P_/QN' is not a valid start point.
[WARNING STA-1554] ./results/asap7/mock-cpu/base/5_1_grt.sdc line 112390, 'mult_result[1002][11]$_DFF_P_/QN' is not a valid start point.
[WARNING STA-1554] ./results/asap7/mock-cpu/base/5_1_grt.sdc line 112390, 'mult_result[1002][12]$_DFF_P_/QN' is not a valid start point.
[WARNING STA-1554] ./results/asap7/mock-cpu/base/5_1_grt.sdc line 112390, 'mult_result[1002][13]$_DFF_P_/QN' is not a valid start point.
[WARNING STA-1554] ./results/asap7/mock-cpu/base/5_1_grt.sdc line 112390, 'mult_result[1002][14]$_DFF_P_/QN' is not a valid start point.
[WARNING STA-1554] ./results/asap7/mock-cpu/base/5_1_grt.sdc line 112390, 'mult_result[1002][15]$_DFF_P_/QN' is not a valid start point.
[WARNING STA-1554] ./results/asap7/mock-cpu/base/5_1_grt.sdc line 112390, 'mult_result[1002][16]$_DFF_P_/QN' is not a valid start point.
[WARNING STA-1554] ./results/asap7/mock-cpu/base/5_1_grt.sdc line 112390, 'mult_result[1002][1]$_DFF_P_/QN' is not a valid start point.
[WARNING STA-1554] ./results/asap7/mock-cpu/base/5_1_grt.sdc line 112390, 'mult_result[1002][2]$_DFF_P_/QN' is not a valid start point.
[WARNING STA-1554] ./results/asap7/mock-cpu/base/5_1_grt.sdc line 112390, 'mult_result[1002][3]$_DFF_P_/QN' is not a valid start point.
[WARNING STA-1554] ./results/asap7/mock-cpu/base/5_1_grt.sdc line 112390, 'mult_result[1002][4]$_DFF_P_/QN' is not a valid start point.
[WARNING STA-1554] ./results/asap7/mock-cpu/base/5_1_grt.sdc line 112390, 'mult_result[1002][5]$_DFF_P_/QN' is not a valid start point.
[WARNING STA-1554] ./results/asap7/mock-cpu/base/5_1_grt.sdc line 112390, 'mult_result[1002][6]$_DFF_P_/QN' is not a valid start point.
[WARNING STA-1554] ./results/asap7/mock-cpu/base/5_1_grt.sdc line 112390, 'mult_result[1002][7]$_DFF_P_/QN' is not a valid start point.
[WARNING STA-1554] ./results/asap7/mock-cpu/base/5_1_grt.sdc line 112390, 'mult_result[1002][8]$_DFF_P_/QN' is not a valid start point.
[WARNING STA-1554] ./results/asap7/mock-cpu/base/5_1_grt.sdc line 112390, 'mult_result[1002][9]$_DFF_P_/QN' is not a valid start point.
[WARNING STA-1554] ./results/asap7/mock-cpu/base/5_1_grt.sdc line 112390, 'mult_result[1003][0]$_DFF_P_/QN' is not a valid start point.
[WARNING STA-1554] ./results/asap7/mock-cpu/base/5_1_grt.sdc line 112390, 'mult_result[1003][10]$_DFF_P_/QN' is not a valid start point.
[WARNING STA-1554] ./results/asap7/mock-cpu/base/5_1_grt.sdc line 112390, 'mult_result[1003][11]$_DFF_P_/QN' is not a valid start point.
[WARNING STA-1554] ./results/asap7/mock-cpu/base/5_1_grt.sdc line 112390, 'mult_result[1003][12]$_DFF_P_/QN' is not a valid start point.
[WARNING STA-1554] ./results/asap7/mock-cpu/base/5_1_grt.sdc line 112390, 'mult_result[1003][13]$_DFF_P_/QN' is not a valid start point.
[WARNING STA-1554] ./results/asap7/mock-cpu/base/5_1_grt.sdc line 112390, 'mult_result[1003][14]$_DFF_P_/QN' is not a valid start point.
[WARNING STA-1554] ./results/asap7/mock-cpu/base/5_1_grt.sdc line 112390, 'mult_result[1003][15]$_DFF_P_/QN' is not a valid start point.
[WARNING STA-1554] ./results/asap7/mock-cpu/base/5_1_grt.sdc line 112390, 'mult_result[1003][16]$_DFF_P_/QN' is not a valid start point.
[WARNING STA-1554] ./results/asap7/mock-cpu/base/5_1_grt.sdc line 112390, 'mult_result[1003][1]$_DFF_P_/QN' is not a valid start point.
[WARNING STA-1554] ./results/asap7/mock-cpu/base/5_1_grt.sdc line 112390, 'mult_result[1003][2]$_DFF_P_/QN' is not a valid start point.
[WARNING STA-1554] ./results/asap7/mock-cpu/base/5_1_grt.sdc line 112390, 'mult_result[1003][3]$_DFF_P_/QN' is not a valid start point.
[WARNING STA-1554] ./results/asap7/mock-cpu/base/5_1_grt.sdc line 112390, 'mult_result[1003][4]$_DFF_P_/QN' is not a valid start point.
[WARNING STA-1554] ./results/asap7/mock-cpu/base/5_1_grt.sdc line 112390, 'mult_result[1003][5]$_DFF_P_/QN' is not a valid start point.
[WARNING STA-1554] ./results/asap7/mock-cpu/base/5_1_grt.sdc line 112390, 'mult_result[1003][6]$_DFF_P_/QN' is not a valid start point.
[WARNING STA-1554] ./results/asap7/mock-cpu/base/5_1_grt.sdc line 112390, 'mult_result[1003][7]$_DFF_P_/QN' is not a valid start point.
[WARNING STA-1554] ./results/asap7/mock-cpu/base/5_1_grt.sdc line 112390, 'mult_result[1003][8]$_DFF_P_/QN' is not a valid start point.
[WARNING STA-1554] ./results/asap7/mock-cpu/base/5_1_grt.sdc line 112390, 'mult_result[1003][9]$_DFF_P_/QN' is not a valid start point.
[WARNING STA-1554] ./results/asap7/mock-cpu/base/5_1_grt.sdc line 112390, 'mult_result[1004][0]$_DFF_P_/QN' is not a valid start point.
[WARNING STA-1554] ./results/asap7/mock-cpu/base/5_1_grt.sdc line 112390, 'mult_result[1004][10]$_DFF_P_/QN' is not a valid start point.
[WARNING STA-1554] ./results/asap7/mock-cpu/base/5_1_grt.sdc line 112390, 'mult_result[1004][11]$_DFF_P_/QN' is not a valid start point.
[WARNING STA-1554] ./results/asap7/mock-cpu/base/5_1_grt.sdc line 112390, 'mult_result[1004][12]$_DFF_P_/QN' is not a valid start point.
[WARNING STA-1554] ./results/asap7/mock-cpu/base/5_1_grt.sdc line 112390, 'mult_result[1004][13]$_DFF_P_/QN' is not a valid start point.
[WARNING STA-1554] ./results/asap7/mock-cpu/base/5_1_grt.sdc line 112390, 'mult_result[1004][14]$_DFF_P_/QN' is not a valid start point.
[WARNING STA-1554] ./results/asap7/mock-cpu/base/5_1_grt.sdc line 112390, 'mult_result[1004][15]$_DFF_P_/QN' is not a valid start point.
[WARNING STA-1554] ./results/asap7/mock-cpu/base/5_1_grt.sdc line 112390, 'mult_result[1004][16]$_DFF_P_/QN' is not a valid start point.
[WARNING STA-1554] ./results/asap7/mock-cpu/base/5_1_grt.sdc line 112390, 'mult_result[1004][1]$_DFF_P_/QN' is not a valid start point.
[WARNING STA-1554] ./results/asap7/mock-cpu/base/5_1_grt.sdc line 112390, 'mult_result[1004][2]$_DFF_P_/QN' is not a valid start point.
[WARNING STA-1554] ./results/asap7/mock-cpu/base/5_1_grt.sdc line 112390, 'mult_result[1004][3]$_DFF_P_/QN' is not a valid start point.
[WARNING STA-1554] ./results/asap7/mock-cpu/base/5_1_grt.sdc line 112390, 'mult_result[1004][4]$_DFF_P_/QN' is not a valid start point.
[WARNING STA-1554] ./results/asap7/mock-cpu/base/5_1_grt.sdc line 112390, 'mult_result[1004][5]$_DFF_P_/QN' is not a valid start point.
[WARNING STA-1554] ./results/asap7/mock-cpu/base/5_1_grt.sdc line 112390, 'mult_result[1004][6]$_DFF_P_/QN' is not a valid start point.
[WARNING STA-1554] ./results/asap7/mock-cpu/base/5_1_grt.sdc line 112390, 'mult_result[1004][7]$_DFF_P_/QN' is not a valid start point.
[WARNING STA-1554] ./results/asap7/mock-cpu/base/5_1_grt.sdc line 112390, 'mult_result[1004][8]$_DFF_P_/QN' is not a valid start point.
[WARNING STA-1554] ./results/asap7/mock-cpu/base/5_1_grt.sdc line 112390, 'mult_result[1004][9]$_DFF_P_/QN' is not a valid start point.
[WARNING STA-1554] ./results/asap7/mock-cpu/base/5_1_grt.sdc line 112390, 'mult_result[1005][0]$_DFF_P_/QN' is not a valid start point.
[WARNING STA-1554] ./results/asap7/mock-cpu/base/5_1_grt.sdc line 112390, 'mult_result[1005][10]$_DFF_P_/QN' is not a valid start point.
[WARNING STA-1554] ./results/asap7/mock-cpu/base/5_1_grt.sdc line 112390, 'mult_result[1005][11]$_DFF_P_/QN' is not a valid start point.
[WARNING STA-1554] ./results/asap7/mock-cpu/base/5_1_grt.sdc line 112390, 'mult_result[1005][12]$_DFF_P_/QN' is not a valid start point.
[WARNING STA-1554] ./results/asap7/mock-cpu/base/5_1_grt.sdc line 112390, 'mult_result[1005][13]$_DFF_P_/QN' is not a valid start point.
[WARNING STA-1554] ./results/asap7/mock-cpu/base/5_1_grt.sdc line 112390, 'mult_result[1005][14]$_DFF_P_/QN' is not a valid start point.
[WARNING STA-1554] ./results/asap7/mock-cpu/base/5_1_grt.sdc line 112390, 'mult_result[1005][15]$_DFF_P_/QN' is not a valid start point.
[WARNING STA-1554] ./results/asap7/mock-cpu/base/5_1_grt.sdc line 112390, 'mult_result[1005][16]$_DFF_P_/QN' is not a valid start point.
[WARNING STA-1554] ./results/asap7/mock-cpu/base/5_1_grt.sdc line 112390, 'mult_result[1005][1]$_DFF_P_/QN' is not a valid start point.
[WARNING STA-1554] ./results/asap7/mock-cpu/base/5_1_grt.sdc line 112390, 'mult_result[1005][2]$_DFF_P_/QN' is not a valid start point.
[WARNING STA-1554] ./results/asap7/mock-cpu/base/5_1_grt.sdc line 112390, 'mult_result[1005][3]$_DFF_P_/QN' is not a valid start point.
[WARNING STA-1554] ./results/asap7/mock-cpu/base/5_1_grt.sdc line 112390, 'mult_result[1005][4]$_DFF_P_/QN' is not a valid start point.
[WARNING STA-1554] ./results/asap7/mock-cpu/base/5_1_grt.sdc line 112390, 'mult_result[1005][5]$_DFF_P_/QN' is not a valid start point.
[WARNING STA-1554] ./results/asap7/mock-cpu/base/5_1_grt.sdc line 112390, 'mult_result[1005][6]$_DFF_P_/QN' is not a valid start point.
[WARNING STA-1554] ./results/asap7/mock-cpu/base/5_1_grt.sdc line 112390, 'mult_result[1005][7]$_DFF_P_/QN' is not a valid start point.
[WARNING STA-1554] ./results/asap7/mock-cpu/base/5_1_grt.sdc line 112390, 'mult_result[1005][8]$_DFF_P_/QN' is not a valid start point.
[WARNING STA-1554] ./results/asap7/mock-cpu/base/5_1_grt.sdc line 112390, 'mult_result[1005][9]$_DFF_P_/QN' is not a valid start point.
[WARNING STA-1554] ./results/asap7/mock-cpu/base/5_1_grt.sdc line 112390, 'mult_result[1006][0]$_DFF_P_/QN' is not a valid start point.
[WARNING STA-1554] ./results/asap7/mock-cpu/base/5_1_grt.sdc line 112390, 'mult_result[1006][10]$_DFF_P_/QN' is not a valid start point.
[WARNING STA-1554] ./results/asap7/mock-cpu/base/5_1_grt.sdc line 112390, 'mult_result[1006][11]$_DFF_P_/QN' is not a valid start point.
[WARNING STA-1554] ./results/asap7/mock-cpu/base/5_1_grt.sdc line 112390, 'mult_result[1006][12]$_DFF_P_/QN' is not a valid start point.
[WARNING STA-1554] ./results/asap7/mock-cpu/base/5_1_grt.sdc line 112390, 'mult_result[1006][13]$_DFF_P_/QN' is not a valid start point.
[WARNING STA-1554] ./results/asap7/mock-cpu/base/5_1_grt.sdc line 112390, 'mult_result[1006][14]$_DFF_P_/QN' is not a valid start point.
[WARNING STA-1554] ./results/asap7/mock-cpu/base/5_1_grt.sdc line 112390, 'mult_result[1006][15]$_DFF_P_/QN' is not a valid start point.
[WARNING STA-1554] ./results/asap7/mock-cpu/base/5_1_grt.sdc line 112390, 'mult_result[1006][16]$_DFF_P_/QN' is not a valid start point.
[WARNING STA-1554] ./results/asap7/mock-cpu/base/5_1_grt.sdc line 112390, 'mult_result[1006][1]$_DFF_P_/QN' is not a valid start point.
[WARNING STA-1554] ./results/asap7/mock-cpu/base/5_1_grt.sdc line 112390, 'mult_result[1006][2]$_DFF_P_/QN' is not a valid start point.
[WARNING STA-1554] ./results/asap7/mock-cpu/base/5_1_grt.sdc line 112390, 'mult_result[1006][3]$_DFF_P_/QN' is not a valid start point.
[WARNING STA-1554] ./results/asap7/mock-cpu/base/5_1_grt.sdc line 112390, 'mult_result[1006][4]$_DFF_P_/QN' is not a valid start point.
[WARNING STA-1554] ./results/asap7/mock-cpu/base/5_1_grt.sdc line 112390, 'mult_result[1006][5]$_DFF_P_/QN' is not a valid start point.
[WARNING STA-1554] ./results/asap7/mock-cpu/base/5_1_grt.sdc line 112390, 'mult_result[1006][6]$_DFF_P_/QN' is not a valid start point.
[WARNING STA-1554] ./results/asap7/mock-cpu/base/5_1_grt.sdc line 112390, 'mult_result[1006][7]$_DFF_P_/QN' is not a valid start point.
[WARNING STA-1554] ./results/asap7/mock-cpu/base/5_1_grt.sdc line 112390, 'mult_result[1006][8]$_DFF_P_/QN' is not a valid start point.
[WARNING STA-1554] ./results/asap7/mock-cpu/base/5_1_grt.sdc line 112390, 'mult_result[1006][9]$_DFF_P_/QN' is not a valid start point.
[WARNING STA-1554] ./results/asap7/mock-cpu/base/5_1_grt.sdc line 112390, 'mult_result[1007][0]$_DFF_P_/QN' is not a valid start point.
[WARNING STA-1554] ./results/asap7/mock-cpu/base/5_1_grt.sdc line 112390, 'mult_result[1007][10]$_DFF_P_/QN' is not a valid start point.
[WARNING STA-1554] ./results/asap7/mock-cpu/base/5_1_grt.sdc line 112390, 'mult_result[1007][11]$_DFF_P_/QN' is not a valid start point.
[WARNING STA-1554] ./results/asap7/mock-cpu/base/5_1_grt.sdc line 112390, 'mult_result[1007][12]$_DFF_P_/QN' is not a valid start point.
[WARNING STA-1554] ./results/asap7/mock-cpu/base/5_1_grt.sdc line 112390, 'mult_result[1007][13]$_DFF_P_/QN' is not a valid start point.
[WARNING STA-1554] ./results/asap7/mock-cpu/base/5_1_grt.sdc line 112390, 'mult_result[1007][14]$_DFF_P_/QN' is not a valid start point.
[WARNING STA-1554] ./results/asap7/mock-cpu/base/5_1_grt.sdc line 112390, 'mult_result[1007][15]$_DFF_P_/QN' is not a valid start point.
[WARNING STA-1554] ./results/asap7/mock-cpu/base/5_1_grt.sdc line 112390, 'mult_result[1007][16]$_DFF_P_/QN' is not a valid start point.
[WARNING STA-1554] ./results/asap7/mock-cpu/base/5_1_grt.sdc line 112390, 'mult_result[1007][1]$_DFF_P_/QN' is not a valid start point.
[WARNING STA-1554] ./results/asap7/mock-cpu/base/5_1_grt.sdc line 112390, 'mult_result[1007][2]$_DFF_P_/QN' is not a valid start point.
[WARNING STA-1554] ./results/asap7/mock-cpu/base/5_1_grt.sdc line 112390, 'mult_result[1007][3]$_DFF_P_/QN' is not a valid start point.
[WARNING STA-1554] ./results/asap7/mock-cpu/base/5_1_grt.sdc line 112390, 'mult_result[1007][4]$_DFF_P_/QN' is not a valid start point.
[WARNING STA-1554] ./results/asap7/mock-cpu/base/5_1_grt.sdc line 112390, 'mult_result[1007][5]$_DFF_P_/QN' is not a valid start point.
[WARNING STA-1554] ./results/asap7/mock-cpu/base/5_1_grt.sdc line 112390, 'mult_result[1007][6]$_DFF_P_/QN' is not a valid start point.
[WARNING STA-1554] ./results/asap7/mock-cpu/base/5_1_grt.sdc line 112390, 'mult_result[1007][7]$_DFF_P_/QN' is not a valid start point.
[WARNING STA-1554] ./results/asap7/mock-cpu/base/5_1_grt.sdc line 112390, 'mult_result[1007][8]$_DFF_P_/QN' is not a valid start point.
[WARNING STA-1554] ./results/asap7/mock-cpu/base/5_1_grt.sdc line 112390, 'mult_result[1007][9]$_DFF_P_/QN' is not a valid start point.
[WARNING STA-1554] ./results/asap7/mock-cpu/base/5_1_grt.sdc line 112390, 'mult_result[1008][0]$_DFF_P_/QN' is not a valid start point.
[WARNING STA-1554] ./results/asap7/mock-cpu/base/5_1_grt.sdc line 112390, 'mult_result[1008][10]$_DFF_P_/QN' is not a valid start point.
[WARNING STA-1554] ./results/asap7/mock-cpu/base/5_1_grt.sdc line 112390, 'mult_result[1008][11]$_DFF_P_/QN' is not a valid start point.
[WARNING STA-1554] ./results/asap7/mock-cpu/base/5_1_grt.sdc line 112390, 'mult_result[1008][12]$_DFF_P_/QN' is not a valid start point.
[WARNING STA-1554] ./results/asap7/mock-cpu/base/5_1_grt.sdc line 112390, 'mult_result[1008][13]$_DFF_P_/QN' is not a valid start point.
[WARNING STA-1554] ./results/asap7/mock-cpu/base/5_1_grt.sdc line 112390, 'mult_result[1008][14]$_DFF_P_/QN' is not a valid start point.
[WARNING STA-1554] ./results/asap7/mock-cpu/base/5_1_grt.sdc line 112390, 'mult_result[1008][15]$_DFF_P_/QN' is not a valid start point.
[WARNING STA-1554] ./results/asap7/mock-cpu/base/5_1_grt.sdc line 112390, 'mult_result[1008][16]$_DFF_P_/QN' is not a valid start point.
[WARNING STA-1554] ./results/asap7/mock-cpu/base/5_1_grt.sdc line 112390, 'mult_result[1008][1]$_DFF_P_/QN' is not a valid start point.
[WARNING STA-1554] ./results/asap7/mock-cpu/base/5_1_grt.sdc line 112390, 'mult_result[1008][2]$_DFF_P_/QN' is not a valid start point.
[WARNING STA-1554] ./results/asap7/mock-cpu/base/5_1_grt.sdc line 112390, 'mult_result[1008][3]$_DFF_P_/QN' is not a valid start point.
[WARNING STA-1554] ./results/asap7/mock-cpu/base/5_1_grt.sdc line 112390, 'mult_result[1008][4]$_DFF_P_/QN' is not a valid start point.
[WARNING STA-1554] ./results/asap7/mock-cpu/base/5_1_grt.sdc line 112390, 'mult_result[1008][5]$_DFF_P_/QN' is not a valid start point.
[WARNING STA-1554] ./results/asap7/mock-cpu/base/5_1_grt.sdc line 112390, 'mult_result[1008][6]$_DFF_P_/QN' is not a valid start point.
[WARNING STA-1554] ./results/asap7/mock-cpu/base/5_1_grt.sdc line 112390, 'mult_result[1008][7]$_DFF_P_/QN' is not a valid start point.
[WARNING STA-1554] ./results/asap7/mock-cpu/base/5_1_grt.sdc line 112390, 'mult_result[1008][8]$_DFF_P_/QN' is not a valid start point.
[WARNING STA-1554] ./results/asap7/mock-cpu/base/5_1_grt.sdc line 112390, 'mult_result[1008][9]$_DFF_P_/QN' is not a valid start point.
[WARNING STA-1554] ./results/asap7/mock-cpu/base/5_1_grt.sdc line 112390, 'mult_result[1009][0]$_DFF_P_/QN' is not a valid start point.
[WARNING STA-1554] ./results/asap7/mock-cpu/base/5_1_grt.sdc line 112390, 'mult_result[1009][10]$_DFF_P_/QN' is not a valid start point.
[WARNING STA-1554] ./results/asap7/mock-cpu/base/5_1_grt.sdc line 112390, 'mult_result[1009][11]$_DFF_P_/QN' is not a valid start point.
[WARNING STA-1554] ./results/asap7/mock-cpu/base/5_1_grt.sdc line 112390, 'mult_result[1009][12]$_DFF_P_/QN' is not a valid start point.
[WARNING STA-1554] ./results/asap7/mock-cpu/base/5_1_grt.sdc line 112390, 'mult_result[1009][13]$_DFF_P_/QN' is not a valid start point.
[WARNING STA-1554] ./results/asap7/mock-cpu/base/5_1_grt.sdc line 112390, 'mult_result[1009][14]$_DFF_P_/QN' is not a valid start point.
[WARNING STA-1554] ./results/asap7/mock-cpu/base/5_1_grt.sdc line 112390, 'mult_result[1009][15]$_DFF_P_/QN' is not a valid start point.
[WARNING STA-1554] ./results/asap7/mock-cpu/base/5_1_grt.sdc line 112390, 'mult_result[1009][16]$_DFF_P_/QN' is not a valid start point.
[WARNING STA-1554] ./results/asap7/mock-cpu/base/5_1_grt.sdc line 112390, 'mult_result[1009][1]$_DFF_P_/QN' is not a valid start point.
[WARNING STA-1554] ./results/asap7/mock-cpu/base/5_1_grt.sdc line 112390, 'mult_result[1009][2]$_DFF_P_/QN' is not a valid start point.
[WARNING STA-1554] ./results/asap7/mock-cpu/base/5_1_grt.sdc line 112390, 'mult_result[1009][3]$_DFF_P_/QN' is not a valid start point.
[WARNING STA-1554] ./results/asap7/mock-cpu/base/5_1_grt.sdc line 112390, 'mult_result[1009][4]$_DFF_P_/QN' is not a valid start point.
[WARNING STA-1554] ./results/asap7/mock-cpu/base/5_1_grt.sdc line 112390, 'mult_result[1009][5]$_DFF_P_/QN' is not a valid start point.
[WARNING STA-1554] ./results/asap7/mock-cpu/base/5_1_grt.sdc line 112390, 'mult_result[1009][6]$_DFF_P_/QN' is not a valid start point.
[WARNING STA-1554] ./results/asap7/mock-cpu/base/5_1_grt.sdc line 112390, 'mult_result[1009][7]$_DFF_P_/QN' is not a valid start point.
[WARNING STA-1554] ./results/asap7/mock-cpu/base/5_1_grt.sdc line 112390, 'mult_result[1009][8]$_DFF_P_/QN' is not a valid start point.
[WARNING STA-1554] ./results/asap7/mock-cpu/base/5_1_grt.sdc line 112390, 'mult_result[1009][9]$_DFF_P_/QN' is not a valid start point.
[WARNING STA-1554] ./results/asap7/mock-cpu/base/5_1_grt.sdc line 112390, 'mult_result[100][0]$_DFF_P_/QN' is not a valid start point.
[WARNING STA-1554] ./results/asap7/mock-cpu/base/5_1_grt.sdc line 112390, 'mult_result[100][10]$_DFF_P_/QN' is not a valid start point.
[WARNING STA-1554] ./results/asap7/mock-cpu/base/5_1_grt.sdc line 112390, 'mult_result[100][11]$_DFF_P_/QN' is not a valid start point.
[WARNING STA-1554] ./results/asap7/mock-cpu/base/5_1_grt.sdc line 112390, 'mult_result[100][12]$_DFF_P_/QN' is not a valid start point.
[WARNING STA-1554] ./results/asap7/mock-cpu/base/5_1_grt.sdc line 112390, 'mult_result[100][13]$_DFF_P_/QN' is not a valid start point.
[WARNING STA-1554] ./results/asap7/mock-cpu/base/5_1_grt.sdc line 112390, 'mult_result[100][14]$_DFF_P_/QN' is not a valid start point.
[WARNING STA-1554] ./results/asap7/mock-cpu/base/5_1_grt.sdc line 112390, 'mult_result[100][15]$_DFF_P_/QN' is not a valid start point.
[WARNING STA-1554] ./results/asap7/mock-cpu/base/5_1_grt.sdc line 112390, 'mult_result[100][16]$_DFF_P_/QN' is not a valid start point.
[WARNING STA-1554] ./results/asap7/mock-cpu/base/5_1_grt.sdc line 112390, 'mult_result[100][1]$_DFF_P_/QN' is not a valid start point.
[WARNING STA-1554] ./results/asap7/mock-cpu/base/5_1_grt.sdc line 112390, 'mult_result[100][2]$_DFF_P_/QN' is not a valid start point.
[WARNING STA-1554] ./results/asap7/mock-cpu/base/5_1_grt.sdc line 112390, 'mult_result[100][3]$_DFF_P_/QN' is not a valid start point.
[WARNING STA-1554] ./results/asap7/mock-cpu/base/5_1_grt.sdc line 112390, 'mult_result[100][4]$_DFF_P_/QN' is not a valid start point.
[WARNING STA-1554] ./results/asap7/mock-cpu/base/5_1_grt.sdc line 112390, 'mult_result[100][5]$_DFF_P_/QN' is not a valid start point.
[WARNING STA-1554] ./results/asap7/mock-cpu/base/5_1_grt.sdc line 112390, 'mult_result[100][6]$_DFF_P_/QN' is not a valid start point.
[WARNING STA-1554] ./results/asap7/mock-cpu/base/5_1_grt.sdc line 112390, 'mult_result[100][7]$_DFF_P_/QN' is not a valid start point.
[WARNING STA-1554] ./results/asap7/mock-cpu/base/5_1_grt.sdc line 112390, 'mult_result[100][8]$_DFF_P_/QN' is not a valid start point.
[WARNING STA-1554] ./results/asap7/mock-cpu/base/5_1_grt.sdc line 112390, 'mult_result[100][9]$_DFF_P_/QN' is not a valid start point.
[WARNING STA-1554] ./results/asap7/mock-cpu/base/5_1_grt.sdc line 112390, 'mult_result[1010][0]$_DFF_P_/QN' is not a valid start point.
[WARNING STA-1554] ./results/asap7/mock-cpu/base/5_1_grt.sdc line 112390, 'mult_result[1010][10]$_DFF_P_/QN' is not a valid start point.
[WARNING STA-1554] ./results/asap7/mock-cpu/base/5_1_grt.sdc line 112390, 'mult_result[1010][11]$_DFF_P_/QN' is not a valid start point.
[WARNING STA-1554] ./results/asap7/mock-cpu/base/5_1_grt.sdc line 112390, 'mult_result[1010][12]$_DFF_P_/QN' is not a valid start point.
[WARNING STA-1554] ./results/asap7/mock-cpu/base/5_1_grt.sdc line 112390, 'mult_result[1010][13]$_DFF_P_/QN' is not a valid start point.
[WARNING STA-1554] ./results/asap7/mock-cpu/base/5_1_grt.sdc line 112390, 'mult_result[1010][14]$_DFF_P_/QN' is not a valid start point.
[WARNING STA-1554] ./results/asap7/mock-cpu/base/5_1_grt.sdc line 112390, 'mult_result[1010][15]$_DFF_P_/QN' is not a valid start point.
[WARNING STA-1554] ./results/asap7/mock-cpu/base/5_1_grt.sdc line 112390, 'mult_result[1010][16]$_DFF_P_/QN' is not a valid start point.
[WARNING STA-1554] ./results/asap7/mock-cpu/base/5_1_grt.sdc line 112390, 'mult_result[1010][1]$_DFF_P_/QN' is not a valid start point.
[WARNING STA-1554] ./results/asap7/mock-cpu/base/5_1_grt.sdc line 112390, 'mult_result[1010][2]$_DFF_P_/QN' is not a valid start point.
[WARNING STA-1554] ./results/asap7/mock-cpu/base/5_1_grt.sdc line 112390, 'mult_result[1010][3]$_DFF_P_/QN' is not a valid start point.
[WARNING STA-1554] ./results/asap7/mock-cpu/base/5_1_grt.sdc line 112390, 'mult_result[1010][4]$_DFF_P_/QN' is not a valid start point.
[WARNING STA-1554] ./results/asap7/mock-cpu/base/5_1_grt.sdc line 112390, 'mult_result[1010][5]$_DFF_P_/QN' is not a valid start point.
[WARNING STA-1554] ./results/asap7/mock-cpu/base/5_1_grt.sdc line 112390, 'mult_result[1010][6]$_DFF_P_/QN' is not a valid start point.
[WARNING STA-1554] ./results/asap7/mock-cpu/base/5_1_grt.sdc line 112390, 'mult_result[1010][7]$_DFF_P_/QN' is not a valid start point.
[WARNING STA-1554] ./results/asap7/mock-cpu/base/5_1_grt.sdc line 112390, 'mult_result[1010][8]$_DFF_P_/QN' is not a valid start point.
[WARNING STA-1554] ./results/asap7/mock-cpu/base/5_1_grt.sdc line 112390, 'mult_result[1010][9]$_DFF_P_/QN' is not a valid start point.
[WARNING STA-1554] ./results/asap7/mock-cpu/base/5_1_grt.sdc line 112390, 'mult_result[1011][0]$_DFF_P_/QN' is not a valid start point.
[WARNING STA-1554] ./results/asap7/mock-cpu/base/5_1_grt.sdc line 112390, 'mult_result[1011][10]$_DFF_P_/QN' is not a valid start point.
[WARNING STA-1554] ./results/asap7/mock-cpu/base/5_1_grt.sdc line 112390, 'mult_result[1011][11]$_DFF_P_/QN' is not a valid start point.
[WARNING STA-1554] ./results/asap7/mock-cpu/base/5_1_grt.sdc line 112390, 'mult_result[1011][12]$_DFF_P_/QN' is not a valid start point.
[WARNING STA-1554] ./results/asap7/mock-cpu/base/5_1_grt.sdc line 112390, 'mult_result[1011][13]$_DFF_P_/QN' is not a valid start point.
[WARNING STA-1554] ./results/asap7/mock-cpu/base/5_1_grt.sdc line 112390, 'mult_result[1011][14]$_DFF_P_/QN' is not a valid start point.
[WARNING STA-1554] ./results/asap7/mock-cpu/base/5_1_grt.sdc line 112390, 'mult_result[1011][15]$_DFF_P_/QN' is not a valid start point.
[WARNING STA-1554] ./results/asap7/mock-cpu/base/5_1_grt.sdc line 112390, 'mult_result[1011][16]$_DFF_P_/QN' is not a valid start point.
[WARNING STA-1554] ./results/asap7/mock-cpu/base/5_1_grt.sdc line 112390, 'mult_result[1011][1]$_DFF_P_/QN' is not a valid start point.
[WARNING STA-1554] ./results/asap7/mock-cpu/base/5_1_grt.sdc line 112390, 'mult_result[1011][2]$_DFF_P_/QN' is not a valid start point.
[WARNING STA-1554] ./results/asap7/mock-cpu/base/5_1_grt.sdc line 112390, 'mult_result[1011][3]$_DFF_P_/QN' is not a valid start point.
[WARNING STA-1554] ./results/asap7/mock-cpu/base/5_1_grt.sdc line 112390, 'mult_result[1011][4]$_DFF_P_/QN' is not a valid start point.
[WARNING STA-1554] ./results/asap7/mock-cpu/base/5_1_grt.sdc line 112390, 'mult_result[1011][5]$_DFF_P_/QN' is not a valid start point.
[WARNING STA-1554] ./results/asap7/mock-cpu/base/5_1_grt.sdc line 112390, 'mult_result[1011][6]$_DFF_P_/QN' is not a valid start point.
[WARNING STA-1554] ./results/asap7/mock-cpu/base/5_1_grt.sdc line 112390, 'mult_result[1011][7]$_DFF_P_/QN' is not a valid start point.
[WARNING STA-1554] ./results/asap7/mock-cpu/base/5_1_grt.sdc line 112390, 'mult_result[1011][8]$_DFF_P_/QN' is not a valid start point.
[WARNING STA-1554] ./results/asap7/mock-cpu/base/5_1_grt.sdc line 112390, 'mult_result[1011][9]$_DFF_P_/QN' is not a valid start point.
[WARNING STA-1554] ./results/asap7/mock-cpu/base/5_1_grt.sdc line 112390, 'mult_result[1012][0]$_DFF_P_/QN' is not a valid start point.
[WARNING STA-1554] ./results/asap7/mock-cpu/base/5_1_grt.sdc line 112390, 'mult_result[1012][10]$_DFF_P_/QN' is not a valid start point.
[WARNING STA-1554] ./results/asap7/mock-cpu/base/5_1_grt.sdc line 112390, 'mult_result[1012][11]$_DFF_P_/QN' is not a valid start point.
[WARNING STA-1554] ./results/asap7/mock-cpu/base/5_1_grt.sdc line 112390, 'mult_result[1012][12]$_DFF_P_/QN' is not a valid start point.
[WARNING STA-1554] ./results/asap7/mock-cpu/base/5_1_grt.sdc line 112390, 'mult_result[1012][13]$_DFF_P_/QN' is not a valid start point.
[WARNING STA-1554] ./results/asap7/mock-cpu/base/5_1_grt.sdc line 112390, 'mult_result[1012][14]$_DFF_P_/QN' is not a valid start point.
[WARNING STA-1554] ./results/asap7/mock-cpu/base/5_1_grt.sdc line 112390, 'mult_result[1012][15]$_DFF_P_/QN' is not a valid start point.
[WARNING STA-1554] ./results/asap7/mock-cpu/base/5_1_grt.sdc line 112390, 'mult_result[1012][16]$_DFF_P_/QN' is not a valid start point.
[WARNING STA-1554] ./results/asap7/mock-cpu/base/5_1_grt.sdc line 112390, 'mult_result[1012][1]$_DFF_P_/QN' is not a valid start point.
[WARNING STA-1554] ./results/asap7/mock-cpu/base/5_1_grt.sdc line 112390, 'mult_result[1012][2]$_DFF_P_/QN' is not a valid start point.
[WARNING STA-1554] ./results/asap7/mock-cpu/base/5_1_grt.sdc line 112390, 'mult_result[1012][3]$_DFF_P_/QN' is not a valid start point.
[WARNING STA-1554] ./results/asap7/mock-cpu/base/5_1_grt.sdc line 112390, 'mult_result[1012][4]$_DFF_P_/QN' is not a valid start point.
[WARNING STA-1554] ./results/asap7/mock-cpu/base/5_1_grt.sdc line 112390, 'mult_result[1012][5]$_DFF_P_/QN' is not a valid start point.
[WARNING STA-1554] ./results/asap7/mock-cpu/base/5_1_grt.sdc line 112390, 'mult_result[1012][6]$_DFF_P_/QN' is not a valid start point.
[WARNING STA-1554] ./results/asap7/mock-cpu/base/5_1_grt.sdc line 112390, 'mult_result[1012][7]$_DFF_P_/QN' is not a valid start point.
[WARNING STA-1554] ./results/asap7/mock-cpu/base/5_1_grt.sdc line 112390, 'mult_result[1012][8]$_DFF_P_/QN' is not a valid start point.
[WARNING STA-1554] ./results/asap7/mock-cpu/base/5_1_grt.sdc line 112390, 'mult_result[1012][9]$_DFF_P_/QN' is not a valid start point.
[WARNING STA-1554] ./results/asap7/mock-cpu/base/5_1_grt.sdc line 112390, 'mult_result[1013][0]$_DFF_P_/QN' is not a valid start point.
[WARNING STA-1554] ./results/asap7/mock-cpu/base/5_1_grt.sdc line 112390, 'mult_result[1013][10]$_DFF_P_/QN' is not a valid start point.
[WARNING STA-1554] ./results/asap7/mock-cpu/base/5_1_grt.sdc line 112390, 'mult_result[1013][11]$_DFF_P_/QN' is not a valid start point.
[WARNING STA-1554] ./results/asap7/mock-cpu/base/5_1_grt.sdc line 112390, 'mult_result[1013][12]$_DFF_P_/QN' is not a valid start point.
[WARNING STA-1554] ./results/asap7/mock-cpu/base/5_1_grt.sdc line 112390, 'mult_result[1013][13]$_DFF_P_/QN' is not a valid start point.
[WARNING STA-1554] ./results/asap7/mock-cpu/base/5_1_grt.sdc line 112390, 'mult_result[1013][14]$_DFF_P_/QN' is not a valid start point.
[WARNING STA-1554] ./results/asap7/mock-cpu/base/5_1_grt.sdc line 112390, 'mult_result[1013][15]$_DFF_P_/QN' is not a valid start point.
[WARNING STA-1554] ./results/asap7/mock-cpu/base/5_1_grt.sdc line 112390, 'mult_result[1013][16]$_DFF_P_/QN' is not a valid start point.
[WARNING STA-1554] ./results/asap7/mock-cpu/base/5_1_grt.sdc line 112390, 'mult_result[1013][1]$_DFF_P_/QN' is not a valid start point.
[WARNING STA-1554] ./results/asap7/mock-cpu/base/5_1_grt.sdc line 112390, 'mult_result[1013][2]$_DFF_P_/QN' is not a valid start point.
[WARNING STA-1554] ./results/asap7/mock-cpu/base/5_1_grt.sdc line 112390, 'mult_result[1013][3]$_DFF_P_/QN' is not a valid start point.
[WARNING STA-1554] ./results/asap7/mock-cpu/base/5_1_grt.sdc line 112390, 'mult_result[1013][4]$_DFF_P_/QN' is not a valid start point.
[WARNING STA-1554] ./results/asap7/mock-cpu/base/5_1_grt.sdc line 112390, 'mult_result[1013][5]$_DFF_P_/QN' is not a valid start point.
[WARNING STA-1554] ./results/asap7/mock-cpu/base/5_1_grt.sdc line 112390, 'mult_result[1013][6]$_DFF_P_/QN' is not a valid start point.
[WARNING STA-1554] ./results/asap7/mock-cpu/base/5_1_grt.sdc line 112390, 'mult_result[1013][7]$_DFF_P_/QN' is not a valid start point.
[WARNING STA-1554] ./results/asap7/mock-cpu/base/5_1_grt.sdc line 112390, 'mult_result[1013][8]$_DFF_P_/QN' is not a valid start point.
[WARNING STA-1554] ./results/asap7/mock-cpu/base/5_1_grt.sdc line 112390, 'mult_result[1013][9]$_DFF_P_/QN' is not a valid start point.
[WARNING STA-1554] ./results/asap7/mock-cpu/base/5_1_grt.sdc line 112390, 'mult_result[1014][0]$_DFF_P_/QN' is not a valid start point.
[WARNING STA-1554] ./results/asap7/mock-cpu/base/5_1_grt.sdc line 112390, 'mult_result[1014][10]$_DFF_P_/QN' is not a valid start point.
[WARNING STA-1554] ./results/asap7/mock-cpu/base/5_1_grt.sdc line 112390, 'mult_result[1014][11]$_DFF_P_/QN' is not a valid start point.
[WARNING STA-1554] ./results/asap7/mock-cpu/base/5_1_grt.sdc line 112390, 'mult_result[1014][12]$_DFF_P_/QN' is not a valid start point.
[WARNING STA-1554] ./results/asap7/mock-cpu/base/5_1_grt.sdc line 112390, 'mult_result[1014][13]$_DFF_P_/QN' is not a valid start point.
[WARNING STA-1554] ./results/asap7/mock-cpu/base/5_1_grt.sdc line 112390, 'mult_result[1014][14]$_DFF_P_/QN' is not a valid start point.
[WARNING STA-1554] ./results/asap7/mock-cpu/base/5_1_grt.sdc line 112390, 'mult_result[1014][15]$_DFF_P_/QN' is not a valid start point.
[WARNING STA-1554] ./results/asap7/mock-cpu/base/5_1_grt.sdc line 112390, 'mult_result[1014][16]$_DFF_P_/QN' is not a valid start point.
[WARNING STA-1554] ./results/asap7/mock-cpu/base/5_1_grt.sdc line 112390, 'mult_result[1014][1]$_DFF_P_/QN' is not a valid start point.
[WARNING STA-1554] ./results/asap7/mock-cpu/base/5_1_grt.sdc line 112390, 'mult_result[1014][2]$_DFF_P_/QN' is not a valid start point.
[WARNING STA-1554] ./results/asap7/mock-cpu/base/5_1_grt.sdc line 112390, 'mult_result[1014][3]$_DFF_P_/QN' is not a valid start point.
[WARNING STA-1554] ./results/asap7/mock-cpu/base/5_1_grt.sdc line 112390, 'mult_result[1014][4]$_DFF_P_/QN' is not a valid start point.
[WARNING STA-1554] ./results/asap7/mock-cpu/base/5_1_grt.sdc line 112390, 'mult_result[1014][5]$_DFF_P_/QN' is not a valid start point.
[WARNING STA-1554] ./results/asap7/mock-cpu/base/5_1_grt.sdc line 112390, 'mult_result[1014][6]$_DFF_P_/QN' is not a valid start point.
[WARNING STA-1554] ./results/asap7/mock-cpu/base/5_1_grt.sdc line 112390, 'mult_result[1014][7]$_DFF_P_/QN' is not a valid start point.
[WARNING STA-1554] ./results/asap7/mock-cpu/base/5_1_grt.sdc line 112390, 'mult_result[1014][8]$_DFF_P_/QN' is not a valid start point.
[WARNING STA-1554] ./results/asap7/mock-cpu/base/5_1_grt.sdc line 112390, 'mult_result[1014][9]$_DFF_P_/QN' is not a valid start point.
[WARNING STA-1554] ./results/asap7/mock-cpu/base/5_1_grt.sdc line 112390, 'mult_result[1015][0]$_DFF_P_/QN' is not a valid start point.
[WARNING STA-1554] ./results/asap7/mock-cpu/base/5_1_grt.sdc line 112390, 'mult_result[1015][10]$_DFF_P_/QN' is not a valid start point.
[WARNING STA-1554] ./results/asap7/mock-cpu/base/5_1_grt.sdc line 112390, 'mult_result[1015][11]$_DFF_P_/QN' is not a valid start point.
[WARNING STA-1554] ./results/asap7/mock-cpu/base/5_1_grt.sdc line 112390, 'mult_result[1015][12]$_DFF_P_/QN' is not a valid start point.
[WARNING STA-1554] ./results/asap7/mock-cpu/base/5_1_grt.sdc line 112390, 'mult_result[1015][13]$_DFF_P_/QN' is not a valid start point.
[WARNING STA-1554] ./results/asap7/mock-cpu/base/5_1_grt.sdc line 112390, 'mult_result[1015][14]$_DFF_P_/QN' is not a valid start point.
[WARNING STA-1554] ./results/asap7/mock-cpu/base/5_1_grt.sdc line 112390, 'mult_result[1015][15]$_DFF_P_/QN' is not a valid start point.
[WARNING STA-1554] ./results/asap7/mock-cpu/base/5_1_grt.sdc line 112390, 'mult_result[1015][16]$_DFF_P_/QN' is not a valid start point.
[WARNING STA-1554] ./results/asap7/mock-cpu/base/5_1_grt.sdc line 112390, 'mult_result[1015][1]$_DFF_P_/QN' is not a valid start point.
[WARNING STA-1554] ./results/asap7/mock-cpu/base/5_1_grt.sdc line 112390, 'mult_result[1015][2]$_DFF_P_/QN' is not a valid start point.
[WARNING STA-1554] ./results/asap7/mock-cpu/base/5_1_grt.sdc line 112390, 'mult_result[1015][3]$_DFF_P_/QN' is not a valid start point.
[WARNING STA-1554] ./results/asap7/mock-cpu/base/5_1_grt.sdc line 112390, 'mult_result[1015][4]$_DFF_P_/QN' is not a valid start point.
[WARNING STA-1554] ./results/asap7/mock-cpu/base/5_1_grt.sdc line 112390, 'mult_result[1015][5]$_DFF_P_/QN' is not a valid start point.
[WARNING STA-1554] ./results/asap7/mock-cpu/base/5_1_grt.sdc line 112390, 'mult_result[1015][6]$_DFF_P_/QN' is not a valid start point.
[WARNING STA-1554] ./results/asap7/mock-cpu/base/5_1_grt.sdc line 112390, 'mult_result[1015][7]$_DFF_P_/QN' is not a valid start point.
[WARNING STA-1554] ./results/asap7/mock-cpu/base/5_1_grt.sdc line 112390, 'mult_result[1015][8]$_DFF_P_/QN' is not a valid start point.
[WARNING STA-1554] ./results/asap7/mock-cpu/base/5_1_grt.sdc line 112390, 'mult_result[1015][9]$_DFF_P_/QN' is not a valid start point.
[WARNING STA-1554] ./results/asap7/mock-cpu/base/5_1_grt.sdc line 112390, 'mult_result[1016][0]$_DFF_P_/QN' is not a valid start point.
[WARNING STA-1554] ./results/asap7/mock-cpu/base/5_1_grt.sdc line 112390, 'mult_result[1016][10]$_DFF_P_/QN' is not a valid start point.
[WARNING STA-1554] ./results/asap7/mock-cpu/base/5_1_grt.sdc line 112390, 'mult_result[1016][11]$_DFF_P_/QN' is not a valid start point.
[WARNING STA-1554] ./results/asap7/mock-cpu/base/5_1_grt.sdc line 112390, 'mult_result[1016][12]$_DFF_P_/QN' is not a valid start point.
[WARNING STA-1554] ./results/asap7/mock-cpu/base/5_1_grt.sdc line 112390, 'mult_result[1016][13]$_DFF_P_/QN' is not a valid start point.
[WARNING STA-1554] ./results/asap7/mock-cpu/base/5_1_grt.sdc line 112390, 'mult_result[1016][14]$_DFF_P_/QN' is not a valid start point.
[WARNING STA-1554] ./results/asap7/mock-cpu/base/5_1_grt.sdc line 112390, 'mult_result[1016][15]$_DFF_P_/QN' is not a valid start point.
[WARNING STA-1554] ./results/asap7/mock-cpu/base/5_1_grt.sdc line 112390, 'mult_result[1016][16]$_DFF_P_/QN' is not a valid start point.
[WARNING STA-1554] ./results/asap7/mock-cpu/base/5_1_grt.sdc line 112390, 'mult_result[1016][1]$_DFF_P_/QN' is not a valid start point.
[WARNING STA-1554] ./results/asap7/mock-cpu/base/5_1_grt.sdc line 112390, 'mult_result[1016][2]$_DFF_P_/QN' is not a valid start point.
[WARNING STA-1554] ./results/asap7/mock-cpu/base/5_1_grt.sdc line 112390, 'mult_result[1016][3]$_DFF_P_/QN' is not a valid start point.
[WARNING STA-1554] ./results/asap7/mock-cpu/base/5_1_grt.sdc line 112390, 'mult_result[1016][4]$_DFF_P_/QN' is not a valid start point.
[WARNING STA-1554] ./results/asap7/mock-cpu/base/5_1_grt.sdc line 112390, 'mult_result[1016][5]$_DFF_P_/QN' is not a valid start point.
[WARNING STA-1554] ./results/asap7/mock-cpu/base/5_1_grt.sdc line 112390, 'mult_result[1016][6]$_DFF_P_/QN' is not a valid start point.
[WARNING STA-1554] ./results/asap7/mock-cpu/base/5_1_grt.sdc line 112390, 'mult_result[1016][7]$_DFF_P_/QN' is not a valid start point.
[WARNING STA-1554] ./results/asap7/mock-cpu/base/5_1_grt.sdc line 112390, 'mult_result[1016][8]$_DFF_P_/QN' is not a valid start point.
[WARNING STA-1554] ./results/asap7/mock-cpu/base/5_1_grt.sdc line 112390, 'mult_result[1016][9]$_DFF_P_/QN' is not a valid start point.
[WARNING STA-1554] ./results/asap7/mock-cpu/base/5_1_grt.sdc line 112390, 'mult_result[1017][0]$_DFF_P_/QN' is not a valid start point.
[WARNING STA-1554] ./results/asap7/mock-cpu/base/5_1_grt.sdc line 112390, 'mult_result[1017][10]$_DFF_P_/QN' is not a valid start point.
[WARNING STA-1554] ./results/asap7/mock-cpu/base/5_1_grt.sdc line 112390, 'mult_result[1017][11]$_DFF_P_/QN' is not a valid start point.
[WARNING STA-1554] ./results/asap7/mock-cpu/base/5_1_grt.sdc line 112390, 'mult_result[1017][12]$_DFF_P_/QN' is not a valid start point.
[WARNING STA-1554] ./results/asap7/mock-cpu/base/5_1_grt.sdc line 112390, 'mult_result[1017][13]$_DFF_P_/QN' is not a valid start point.
[WARNING STA-1554] ./results/asap7/mock-cpu/base/5_1_grt.sdc line 112390, 'mult_result[1017][14]$_DFF_P_/QN' is not a valid start point.
[WARNING STA-1554] ./results/asap7/mock-cpu/base/5_1_grt.sdc line 112390, 'mult_result[1017][15]$_DFF_P_/QN' is not a valid start point.
[WARNING STA-1554] ./results/asap7/mock-cpu/base/5_1_grt.sdc line 112390, 'mult_result[1017][16]$_DFF_P_/QN' is not a valid start point.
[WARNING STA-1554] ./results/asap7/mock-cpu/base/5_1_grt.sdc line 112390, 'mult_result[1017][1]$_DFF_P_/QN' is not a valid start point.
[WARNING STA-1554] ./results/asap7/mock-cpu/base/5_1_grt.sdc line 112390, 'mult_result[1017][2]$_DFF_P_/QN' is not a valid start point.
[WARNING STA-1554] ./results/asap7/mock-cpu/base/5_1_grt.sdc line 112390, 'mult_result[1017][3]$_DFF_P_/QN' is not a valid start point.
[WARNING STA-1554] ./results/asap7/mock-cpu/base/5_1_grt.sdc line 112390, 'mult_result[1017][4]$_DFF_P_/QN' is not a valid start point.
[WARNING STA-1554] ./results/asap7/mock-cpu/base/5_1_grt.sdc line 112390, 'mult_result[1017][5]$_DFF_P_/QN' is not a valid start point.
[WARNING STA-1554] ./results/asap7/mock-cpu/base/5_1_grt.sdc line 112390, 'mult_result[1017][6]$_DFF_P_/QN' is not a valid start point.
[WARNING STA-1554] ./results/asap7/mock-cpu/base/5_1_grt.sdc line 112390, 'mult_result[1017][7]$_DFF_P_/QN' is not a valid start point.
[WARNING STA-1554] ./results/asap7/mock-cpu/base/5_1_grt.sdc line 112390, 'mult_result[1017][8]$_DFF_P_/QN' is not a valid start point.
[WARNING STA-1554] ./results/asap7/mock-cpu/base/5_1_grt.sdc line 112390, 'mult_result[1017][9]$_DFF_P_/QN' is not a valid start point.
[WARNING STA-1554] ./results/asap7/mock-cpu/base/5_1_grt.sdc line 112390, 'mult_result[1018][0]$_DFF_P_/QN' is not a valid start point.
[WARNING STA-1554] ./results/asap7/mock-cpu/base/5_1_grt.sdc line 112390, 'mult_result[1018][10]$_DFF_P_/QN' is not a valid start point.
[WARNING STA-1554] ./results/asap7/mock-cpu/base/5_1_grt.sdc line 112390, 'mult_result[1018][11]$_DFF_P_/QN' is not a valid start point.
[WARNING STA-1554] ./results/asap7/mock-cpu/base/5_1_grt.sdc line 112390, 'mult_result[1018][12]$_DFF_P_/QN' is not a valid start point.
[WARNING STA-1554] ./results/asap7/mock-cpu/base/5_1_grt.sdc line 112390, 'mult_result[1018][13]$_DFF_P_/QN' is not a valid start point.
[WARNING STA-1554] ./results/asap7/mock-cpu/base/5_1_grt.sdc line 112390, 'mult_result[1018][14]$_DFF_P_/QN' is not a valid start point.
[WARNING STA-1554] ./results/asap7/mock-cpu/base/5_1_grt.sdc line 112390, 'mult_result[1018][15]$_DFF_P_/QN' is not a valid start point.
[WARNING STA-1554] ./results/asap7/mock-cpu/base/5_1_grt.sdc line 112390, 'mult_result[1018][16]$_DFF_P_/QN' is not a valid start point.
[WARNING STA-1554] ./results/asap7/mock-cpu/base/5_1_grt.sdc line 112390, 'mult_result[1018][1]$_DFF_P_/QN' is not a valid start point.
[WARNING STA-1554] ./results/asap7/mock-cpu/base/5_1_grt.sdc line 112390, 'mult_result[1018][2]$_DFF_P_/QN' is not a valid start point.
[WARNING STA-1554] ./results/asap7/mock-cpu/base/5_1_grt.sdc line 112390, 'mult_result[1018][3]$_DFF_P_/QN' is not a valid start point.
[WARNING STA-1554] ./results/asap7/mock-cpu/base/5_1_grt.sdc line 112390, 'mult_result[1018][4]$_DFF_P_/QN' is not a valid start point.
[WARNING STA-1554] ./results/asap7/mock-cpu/base/5_1_grt.sdc line 112390, 'mult_result[1018][5]$_DFF_P_/QN' is not a valid start point.
[WARNING STA-1554] ./results/asap7/mock-cpu/base/5_1_grt.sdc line 112390, 'mult_result[1018][6]$_DFF_P_/QN' is not a valid start point.
[WARNING STA-1554] ./results/asap7/mock-cpu/base/5_1_grt.sdc line 112390, 'mult_result[1018][7]$_DFF_P_/QN' is not a valid start point.
[WARNING STA-1554] ./results/asap7/mock-cpu/base/5_1_grt.sdc line 112390, 'mult_result[1018][8]$_DFF_P_/QN' is not a valid start point.
[WARNING STA-1554] ./results/asap7/mock-cpu/base/5_1_grt.sdc line 112390, 'mult_result[1018][9]$_DFF_P_/QN' is not a valid start point.
[WARNING STA-1554] ./results/asap7/mock-cpu/base/5_1_grt.sdc line 112390, 'mult_result[1019][0]$_DFF_P_/QN' is not a valid start point.
[WARNING STA-1554] ./results/asap7/mock-cpu/base/5_1_grt.sdc line 112390, 'mult_result[1019][10]$_DFF_P_/QN' is not a valid start point.
[WARNING STA-1554] ./results/asap7/mock-cpu/base/5_1_grt.sdc line 112390, 'mult_result[1019][11]$_DFF_P_/QN' is not a valid start point.
[WARNING STA-1554] ./results/asap7/mock-cpu/base/5_1_grt.sdc line 112390, 'mult_result[1019][12]$_DFF_P_/QN' is not a valid start point.
[WARNING STA-1554] ./results/asap7/mock-cpu/base/5_1_grt.sdc line 112390, 'mult_result[1019][13]$_DFF_P_/QN' is not a valid start point.
[WARNING STA-1554] ./results/asap7/mock-cpu/base/5_1_grt.sdc line 112390, 'mult_result[1019][14]$_DFF_P_/QN' is not a valid start point.
[WARNING STA-1554] ./results/asap7/mock-cpu/base/5_1_grt.sdc line 112390, 'mult_result[1019][15]$_DFF_P_/QN' is not a valid start point.
[WARNING STA-1554] ./results/asap7/mock-cpu/base/5_1_grt.sdc line 112390, 'mult_result[1019][16]$_DFF_P_/QN' is not a valid start point.
[WARNING STA-1554] ./results/asap7/mock-cpu/base/5_1_grt.sdc line 112390, 'mult_result[1019][1]$_DFF_P_/QN' is not a valid start point.
[WARNING STA-1554] ./results/asap7/mock-cpu/base/5_1_grt.sdc line 112390, 'mult_result[1019][2]$_DFF_P_/QN' is not a valid start point.
[WARNING STA-1554] ./results/asap7/mock-cpu/base/5_1_grt.sdc line 112390, 'mult_result[1019][3]$_DFF_P_/QN' is not a valid start point.
[WARNING STA-1554] ./results/asap7/mock-cpu/base/5_1_grt.sdc line 112390, 'mult_result[1019][4]$_DFF_P_/QN' is not a valid start point.
[WARNING STA-1554] ./results/asap7/mock-cpu/base/5_1_grt.sdc line 112390, 'mult_result[1019][5]$_DFF_P_/QN' is not a valid start point.
[WARNING STA-1554] ./results/asap7/mock-cpu/base/5_1_grt.sdc line 112390, 'mult_result[1019][6]$_DFF_P_/QN' is not a valid start point.
[WARNING STA-1554] ./results/asap7/mock-cpu/base/5_1_grt.sdc line 112390, 'mult_result[1019][7]$_DFF_P_/QN' is not a valid start point.
[WARNING STA-1554] ./results/asap7/mock-cpu/base/5_1_grt.sdc line 112390, 'mult_result[1019][8]$_DFF_P_/QN' is not a valid start point.
[WARNING STA-1554] ./results/asap7/mock-cpu/base/5_1_grt.sdc line 112390, 'mult_result[1019][9]$_DFF_P_/QN' is not a valid start point.
[WARNING STA-1554] ./results/asap7/mock-cpu/base/5_1_grt.sdc line 112390, 'mult_result[101][0]$_DFF_P_/QN' is not a valid start point.
[WARNING STA-1554] ./results/asap7/mock-cpu/base/5_1_grt.sdc line 112390, 'mult_result[101][10]$_DFF_P_/QN' is not a valid start point.
[WARNING STA-1554] ./results/asap7/mock-cpu/base/5_1_grt.sdc line 112390, 'mult_result[101][11]$_DFF_P_/QN' is not a valid start point.
[WARNING STA-1554] ./results/asap7/mock-cpu/base/5_1_grt.sdc line 112390, 'mult_result[101][12]$_DFF_P_/QN' is not a valid start point.
[WARNING STA-1554] ./results/asap7/mock-cpu/base/5_1_grt.sdc line 112390, 'mult_result[101][13]$_DFF_P_/QN' is not a valid start point.
[WARNING STA-1554] ./results/asap7/mock-cpu/base/5_1_grt.sdc line 112390, 'mult_result[101][14]$_DFF_P_/QN' is not a valid start point.
[WARNING STA-1554] ./results/asap7/mock-cpu/base/5_1_grt.sdc line 112390, 'mult_result[101][15]$_DFF_P_/QN' is not a valid start point.
[WARNING STA-1554] ./results/asap7/mock-cpu/base/5_1_grt.sdc line 112390, 'mult_result[101][16]$_DFF_P_/QN' is not a valid start point.
[WARNING STA-1554] ./results/asap7/mock-cpu/base/5_1_grt.sdc line 112390, 'mult_result[101][1]$_DFF_P_/QN' is not a valid start point.
[WARNING STA-1554] ./results/asap7/mock-cpu/base/5_1_grt.sdc line 112390, 'mult_result[101][2]$_DFF_P_/QN' is not a valid start point.
[WARNING STA-1554] ./results/asap7/mock-cpu/base/5_1_grt.sdc line 112390, 'mult_result[101][3]$_DFF_P_/QN' is not a valid start point.
[WARNING STA-1554] ./results/asap7/mock-cpu/base/5_1_grt.sdc line 112390, 'mult_result[101][4]$_DFF_P_/QN' is not a valid start point.
[WARNING STA-1554] ./results/asap7/mock-cpu/base/5_1_grt.sdc line 112390, 'mult_result[101][5]$_DFF_P_/QN' is not a valid start point.
[WARNING STA-1554] ./results/asap7/mock-cpu/base/5_1_grt.sdc line 112390, 'mult_result[101][6]$_DFF_P_/QN' is not a valid start point.
[WARNING STA-1554] ./results/asap7/mock-cpu/base/5_1_grt.sdc line 112390, 'mult_result[101][7]$_DFF_P_/QN' is not a valid start point.
[WARNING STA-1554] ./results/asap7/mock-cpu/base/5_1_grt.sdc line 112390, 'mult_result[101][8]$_DFF_P_/QN' is not a valid start point.
[WARNING STA-1554] ./results/asap7/mock-cpu/base/5_1_grt.sdc line 112390, 'mult_result[101][9]$_DFF_P_/QN' is not a valid start point.
[WARNING STA-1554] ./results/asap7/mock-cpu/base/5_1_grt.sdc line 112390, 'mult_result[1020][0]$_DFF_P_/QN' is not a valid start point.
[WARNING STA-1554] ./results/asap7/mock-cpu/base/5_1_grt.sdc line 112390, 'mult_result[1020][10]$_DFF_P_/QN' is not a valid start point.
[WARNING STA-1554] ./results/asap7/mock-cpu/base/5_1_grt.sdc line 112390, 'mult_result[1020][11]$_DFF_P_/QN' is not a valid start point.
[WARNING STA-1554] ./results/asap7/mock-cpu/base/5_1_grt.sdc line 112390, 'mult_result[1020][12]$_DFF_P_/QN' is not a valid start point.
[WARNING STA-1554] ./results/asap7/mock-cpu/base/5_1_grt.sdc line 112390, 'mult_result[1020][13]$_DFF_P_/QN' is not a valid start point.
[WARNING STA-1554] ./results/asap7/mock-cpu/base/5_1_grt.sdc line 112390, 'mult_result[1020][14]$_DFF_P_/QN' is not a valid start point.
[WARNING STA-1554] ./results/asap7/mock-cpu/base/5_1_grt.sdc line 112390, 'mult_result[1020][15]$_DFF_P_/QN' is not a valid start point.
[WARNING STA-1554] ./results/asap7/mock-cpu/base/5_1_grt.sdc line 112390, 'mult_result[1020][16]$_DFF_P_/QN' is not a valid start point.
[WARNING STA-1554] ./results/asap7/mock-cpu/base/5_1_grt.sdc line 112390, 'mult_result[1020][1]$_DFF_P_/QN' is not a valid start point.
[WARNING STA-1554] ./results/asap7/mock-cpu/base/5_1_grt.sdc line 112390, 'mult_result[1020][2]$_DFF_P_/QN' is not a valid start point.
[WARNING STA-1554] ./results/asap7/mock-cpu/base/5_1_grt.sdc line 112390, 'mult_result[1020][3]$_DFF_P_/QN' is not a valid start point.
[WARNING STA-1554] ./results/asap7/mock-cpu/base/5_1_grt.sdc line 112390, 'mult_result[1020][4]$_DFF_P_/QN' is not a valid start point.
[WARNING STA-1554] ./results/asap7/mock-cpu/base/5_1_grt.sdc line 112390, 'mult_result[1020][5]$_DFF_P_/QN' is not a valid start point.
[WARNING STA-1554] ./results/asap7/mock-cpu/base/5_1_grt.sdc line 112390, 'mult_result[1020][6]$_DFF_P_/QN' is not a valid start point.
[WARNING STA-1554] ./results/asap7/mock-cpu/base/5_1_grt.sdc line 112390, 'mult_result[1020][7]$_DFF_P_/QN' is not a valid start point.
[WARNING STA-1554] ./results/asap7/mock-cpu/base/5_1_grt.sdc line 112390, 'mult_result[1020][8]$_DFF_P_/QN' is not a valid start point.
[WARNING STA-1554] ./results/asap7/mock-cpu/base/5_1_grt.sdc line 112390, 'mult_result[1020][9]$_DFF_P_/QN' is not a valid start point.
[WARNING STA-1554] ./results/asap7/mock-cpu/base/5_1_grt.sdc line 112390, 'mult_result[1021][0]$_DFF_P_/QN' is not a valid start point.
[WARNING STA-1554] ./results/asap7/mock-cpu/base/5_1_grt.sdc line 112390, 'mult_result[1021][10]$_DFF_P_/QN' is not a valid start point.
[WARNING STA-1554] ./results/asap7/mock-cpu/base/5_1_grt.sdc line 112390, 'mult_result[1021][11]$_DFF_P_/QN' is not a valid start point.
[WARNING STA-1554] ./results/asap7/mock-cpu/base/5_1_grt.sdc line 112390, 'mult_result[1021][12]$_DFF_P_/QN' is not a valid start point.
[WARNING STA-1554] ./results/asap7/mock-cpu/base/5_1_grt.sdc line 112390, 'mult_result[1021][13]$_DFF_P_/QN' is not a valid start point.
[WARNING STA-1554] ./results/asap7/mock-cpu/base/5_1_grt.sdc line 112390, 'mult_result[1021][14]$_DFF_P_/QN' is not a valid start point.
[WARNING STA-1554] ./results/asap7/mock-cpu/base/5_1_grt.sdc line 112390, 'mult_result[1021][15]$_DFF_P_/QN' is not a valid start point.
[WARNING STA-1554] ./results/asap7/mock-cpu/base/5_1_grt.sdc line 112390, 'mult_result[1021][16]$_DFF_P_/QN' is not a valid start point.
[WARNING STA-1554] ./results/asap7/mock-cpu/base/5_1_grt.sdc line 112390, 'mult_result[1021][1]$_DFF_P_/QN' is not a valid start point.
[WARNING STA-1554] ./results/asap7/mock-cpu/base/5_1_grt.sdc line 112390, 'mult_result[1021][2]$_DFF_P_/QN' is not a valid start point.
[WARNING STA-1554] ./results/asap7/mock-cpu/base/5_1_grt.sdc line 112390, 'mult_result[1021][3]$_DFF_P_/QN' is not a valid start point.
[WARNING STA-1554] ./results/asap7/mock-cpu/base/5_1_grt.sdc line 112390, 'mult_result[1021][4]$_DFF_P_/QN' is not a valid start point.
[WARNING STA-1554] ./results/asap7/mock-cpu/base/5_1_grt.sdc line 112390, 'mult_result[1021][5]$_DFF_P_/QN' is not a valid start point.
[WARNING STA-1554] ./results/asap7/mock-cpu/base/5_1_grt.sdc line 112390, 'mult_result[1021][6]$_DFF_P_/QN' is not a valid start point.
[WARNING STA-1554] ./results/asap7/mock-cpu/base/5_1_grt.sdc line 112390, 'mult_result[1021][7]$_DFF_P_/QN' is not a valid start point.
[WARNING STA-1554] ./results/asap7/mock-cpu/base/5_1_grt.sdc line 112390, 'mult_result[1021][8]$_DFF_P_/QN' is not a valid start point.
[WARNING STA-1554] ./results/asap7/mock-cpu/base/5_1_grt.sdc line 112390, 'mult_result[1021][9]$_DFF_P_/QN' is not a valid start point.
[WARNING STA-1554] ./results/asap7/mock-cpu/base/5_1_grt.sdc line 112390, 'mult_result[1022][0]$_DFF_P_/QN' is not a valid start point.
[WARNING STA-1554] ./results/asap7/mock-cpu/base/5_1_grt.sdc line 112390, 'mult_result[1022][10]$_DFF_P_/QN' is not a valid start point.
[WARNING STA-1554] ./results/asap7/mock-cpu/base/5_1_grt.sdc line 112390, 'mult_result[1022][11]$_DFF_P_/QN' is not a valid start point.
[WARNING STA-1554] ./results/asap7/mock-cpu/base/5_1_grt.sdc line 112390, 'mult_result[1022][12]$_DFF_P_/QN' is not a valid start point.
[WARNING STA-1554] ./results/asap7/mock-cpu/base/5_1_grt.sdc line 112390, 'mult_result[1022][13]$_DFF_P_/QN' is not a valid start point.
[WARNING STA-1554] ./results/asap7/mock-cpu/base/5_1_grt.sdc line 112390, 'mult_result[1022][14]$_DFF_P_/QN' is not a valid start point.
[WARNING STA-1554] ./results/asap7/mock-cpu/base/5_1_grt.sdc line 112390, 'mult_result[1022][15]$_DFF_P_/QN' is not a valid start point.
[WARNING STA-1554] ./results/asap7/mock-cpu/base/5_1_grt.sdc line 112390, 'mult_result[1022][16]$_DFF_P_/QN' is not a valid start point.
[WARNING STA-1554] ./results/asap7/mock-cpu/base/5_1_grt.sdc line 112390, 'mult_result[1022][1]$_DFF_P_/QN' is not a valid start point.
[WARNING STA-1554] ./results/asap7/mock-cpu/base/5_1_grt.sdc line 112390, 'mult_result[1022][2]$_DFF_P_/QN' is not a valid start point.
[WARNING STA-1554] ./results/asap7/mock-cpu/base/5_1_grt.sdc line 112390, 'mult_result[1022][3]$_DFF_P_/QN' is not a valid start point.
[WARNING STA-1554] ./results/asap7/mock-cpu/base/5_1_grt.sdc line 112390, 'mult_result[1022][4]$_DFF_P_/QN' is not a valid start point.
[WARNING STA-1554] ./results/asap7/mock-cpu/base/5_1_grt.sdc line 112390, 'mult_result[1022][5]$_DFF_P_/QN' is not a valid start point.
[WARNING STA-1554] ./results/asap7/mock-cpu/base/5_1_grt.sdc line 112390, 'mult_result[1022][6]$_DFF_P_/QN' is not a valid start point.
[WARNING STA-1554] ./results/asap7/mock-cpu/base/5_1_grt.sdc line 112390, 'mult_result[1022][7]$_DFF_P_/QN' is not a valid start point.
[WARNING STA-1554] ./results/asap7/mock-cpu/base/5_1_grt.sdc line 112390, 'mult_result[1022][8]$_DFF_P_/QN' is not a valid start point.
[WARNING STA-1554] ./results/asap7/mock-cpu/base/5_1_grt.sdc line 112390, 'mult_result[1022][9]$_DFF_P_/QN' is not a valid start point.
[WARNING STA-1554] ./results/asap7/mock-cpu/base/5_1_grt.sdc line 112390, 'mult_result[1023][0]$_DFF_P_/QN' is not a valid start point.
[WARNING STA-1554] ./results/asap7/mock-cpu/base/5_1_grt.sdc line 112390, 'mult_result[1023][10]$_DFF_P_/QN' is not a valid start point.
[WARNING STA-1554] ./results/asap7/mock-cpu/base/5_1_grt.sdc line 112390, 'mult_result[1023][11]$_DFF_P_/QN' is not a valid start point.
[WARNING STA-1554] ./results/asap7/mock-cpu/base/5_1_grt.sdc line 112390, 'mult_result[1023][12]$_DFF_P_/QN' is not a valid start point.
[WARNING STA-1554] ./results/asap7/mock-cpu/base/5_1_grt.sdc line 112390, 'mult_result[1023][13]$_DFF_P_/QN' is not a valid start point.
[WARNING STA-1554] ./results/asap7/mock-cpu/base/5_1_grt.sdc line 112390, 'mult_result[1023][14]$_DFF_P_/QN' is not a valid start point.
[WARNING STA-1554] ./results/asap7/mock-cpu/base/5_1_grt.sdc line 112390, 'mult_result[1023][15]$_DFF_P_/QN' is not a valid start point.
[WARNING STA-1554] ./results/asap7/mock-cpu/base/5_1_grt.sdc line 112390, 'mult_result[1023][16]$_DFF_P_/QN' is not a valid start point.
[WARNING STA-1554] ./results/asap7/mock-cpu/base/5_1_grt.sdc line 112390, 'mult_result[1023][1]$_DFF_P_/QN' is not a valid start point.
[WARNING STA-1554] ./results/asap7/mock-cpu/base/5_1_grt.sdc line 112390, 'mult_result[1023][2]$_DFF_P_/QN' is not a valid start point.
[WARNING STA-1554] ./results/asap7/mock-cpu/base/5_1_grt.sdc line 112390, 'mult_result[1023][3]$_DFF_P_/QN' is not a valid start point.
[WARNING STA-1554] ./results/asap7/mock-cpu/base/5_1_grt.sdc line 112390, 'mult_result[1023][4]$_DFF_P_/QN' is not a valid start point.
[WARNING STA-1554] ./results/asap7/mock-cpu/base/5_1_grt.sdc line 112390, 'mult_result[1023][5]$_DFF_P_/QN' is not a valid start point.
[WARNING STA-1554] ./results/asap7/mock-cpu/base/5_1_grt.sdc line 112390, 'mult_result[1023][6]$_DFF_P_/QN' is not a valid start point.
[WARNING STA-1554] ./results/asap7/mock-cpu/base/5_1_grt.sdc line 112390, 'mult_result[1023][7]$_DFF_P_/QN' is not a valid start point.
[WARNING STA-1554] ./results/asap7/mock-cpu/base/5_1_grt.sdc line 112390, 'mult_result[1023][8]$_DFF_P_/QN' is not a valid start point.
[WARNING STA-1554] ./results/asap7/mock-cpu/base/5_1_grt.sdc line 112390, 'mult_result[1023][9]$_DFF_P_/QN' is not a valid start point.
[WARNING STA-1554] ./results/asap7/mock-cpu/base/5_1_grt.sdc line 112390, 'mult_result[102][0]$_DFF_P_/QN' is not a valid start point.
[WARNING STA-1554] ./results/asap7/mock-cpu/base/5_1_grt.sdc line 112390, 'mult_result[102][10]$_DFF_P_/QN' is not a valid start point.
[WARNING STA-1554] ./results/asap7/mock-cpu/base/5_1_grt.sdc line 112390, 'mult_result[102][11]$_DFF_P_/QN' is not a valid start point.
[WARNING STA-1554] ./results/asap7/mock-cpu/base/5_1_grt.sdc line 112390, 'mult_result[102][12]$_DFF_P_/QN' is not a valid start point.
[WARNING STA-1554] ./results/asap7/mock-cpu/base/5_1_grt.sdc line 112390, 'mult_result[102][13]$_DFF_P_/QN' is not a valid start point.
[WARNING STA-1554] ./results/asap7/mock-cpu/base/5_1_grt.sdc line 112390, 'mult_result[102][14]$_DFF_P_/QN' is not a valid start point.
[WARNING STA-1554] ./results/asap7/mock-cpu/base/5_1_grt.sdc line 112390, 'mult_result[102][15]$_DFF_P_/QN' is not a valid start point.
[WARNING STA-1554] ./results/asap7/mock-cpu/base/5_1_grt.sdc line 112390, 'mult_result[102][16]$_DFF_P_/QN' is not a valid start point.
[WARNING STA-1554] ./results/asap7/mock-cpu/base/5_1_grt.sdc line 112390, 'mult_result[102][1]$_DFF_P_/QN' is not a valid start point.
[WARNING STA-1554] ./results/asap7/mock-cpu/base/5_1_grt.sdc line 112390, 'mult_result[102][2]$_DFF_P_/QN' is not a valid start point.
[WARNING STA-1554] ./results/asap7/mock-cpu/base/5_1_grt.sdc line 112390, 'mult_result[102][3]$_DFF_P_/QN' is not a valid start point.
[WARNING STA-1554] ./results/asap7/mock-cpu/base/5_1_grt.sdc line 112390, 'mult_result[102][4]$_DFF_P_/QN' is not a valid start point.
[WARNING STA-1554] ./results/asap7/mock-cpu/base/5_1_grt.sdc line 112390, 'mult_result[102][5]$_DFF_P_/QN' is not a valid start point.
[WARNING STA-1554] ./results/asap7/mock-cpu/base/5_1_grt.sdc line 112390, 'mult_result[102][6]$_DFF_P_/QN' is not a valid start point.
[WARNING STA-1554] ./results/asap7/mock-cpu/base/5_1_grt.sdc line 112390, 'mult_result[102][7]$_DFF_P_/QN' is not a valid start point.
[WARNING STA-1554] ./results/asap7/mock-cpu/base/5_1_grt.sdc line 112390, 'mult_result[102][8]$_DFF_P_/QN' is not a valid start point.
[WARNING STA-1554] ./results/asap7/mock-cpu/base/5_1_grt.sdc line 112390, 'mult_result[102][9]$_DFF_P_/QN' is not a valid start point.
[WARNING STA-1554] ./results/asap7/mock-cpu/base/5_1_grt.sdc line 112390, 'mult_result[103][0]$_DFF_P_/QN' is not a valid start point.
[WARNING STA-1554] ./results/asap7/mock-cpu/base/5_1_grt.sdc line 112390, 'mult_result[103][10]$_DFF_P_/QN' is not a valid start point.
[WARNING STA-1554] ./results/asap7/mock-cpu/base/5_1_grt.sdc line 112390, 'mult_result[103][11]$_DFF_P_/QN' is not a valid start point.
[WARNING STA-1554] ./results/asap7/mock-cpu/base/5_1_grt.sdc line 112390, 'mult_result[103][12]$_DFF_P_/QN' is not a valid start point.
[WARNING STA-1554] ./results/asap7/mock-cpu/base/5_1_grt.sdc line 112390, 'mult_result[103][13]$_DFF_P_/QN' is not a valid start point.
[WARNING STA-1554] ./results/asap7/mock-cpu/base/5_1_grt.sdc line 112390, 'mult_result[103][14]$_DFF_P_/QN' is not a valid start point.
[WARNING STA-1554] ./results/asap7/mock-cpu/base/5_1_grt.sdc line 112390, 'mult_result[103][15]$_DFF_P_/QN' is not a valid start point.
[WARNING STA-1554] ./results/asap7/mock-cpu/base/5_1_grt.sdc line 112390, 'mult_result[103][16]$_DFF_P_/QN' is not a valid start point.
[WARNING STA-1554] ./results/asap7/mock-cpu/base/5_1_grt.sdc line 112390, 'mult_result[103][1]$_DFF_P_/QN' is not a valid start point.
[WARNING STA-1554] ./results/asap7/mock-cpu/base/5_1_grt.sdc line 112390, 'mult_result[103][2]$_DFF_P_/QN' is not a valid start point.
[WARNING STA-1554] ./results/asap7/mock-cpu/base/5_1_grt.sdc line 112390, 'mult_result[103][3]$_DFF_P_/QN' is not a valid start point.
[WARNING STA-1554] ./results/asap7/mock-cpu/base/5_1_grt.sdc line 112390, 'mult_result[103][4]$_DFF_P_/QN' is not a valid start point.
[WARNING STA-1554] ./results/asap7/mock-cpu/base/5_1_grt.sdc line 112390, 'mult_result[103][5]$_DFF_P_/QN' is not a valid start point.
[WARNING STA-1554] ./results/asap7/mock-cpu/base/5_1_grt.sdc line 112390, 'mult_result[103][6]$_DFF_P_/QN' is not a valid start point.
[WARNING STA-1554] ./results/asap7/mock-cpu/base/5_1_grt.sdc line 112390, 'mult_result[103][7]$_DFF_P_/QN' is not a valid start point.
[WARNING STA-1554] ./results/asap7/mock-cpu/base/5_1_grt.sdc line 112390, 'mult_result[103][8]$_DFF_P_/QN' is not a valid start point.
[WARNING STA-1554] ./results/asap7/mock-cpu/base/5_1_grt.sdc line 112390, 'mult_result[103][9]$_DFF_P_/QN' is not a valid start point.
[WARNING STA-1554] ./results/asap7/mock-cpu/base/5_1_grt.sdc line 112390, 'mult_result[104][0]$_DFF_P_/QN' is not a valid start point.
[WARNING STA-1554] ./results/asap7/mock-cpu/base/5_1_grt.sdc line 112390, 'mult_result[104][10]$_DFF_P_/QN' is not a valid start point.
[WARNING STA-1554] ./results/asap7/mock-cpu/base/5_1_grt.sdc line 112390, 'mult_result[104][11]$_DFF_P_/QN' is not a valid start point.
[WARNING STA-1554] ./results/asap7/mock-cpu/base/5_1_grt.sdc line 112390, 'mult_result[104][12]$_DFF_P_/QN' is not a valid start point.
[WARNING STA-1554] ./results/asap7/mock-cpu/base/5_1_grt.sdc line 112390, 'mult_result[104][13]$_DFF_P_/QN' is not a valid start point.
[WARNING STA-1554] ./results/asap7/mock-cpu/base/5_1_grt.sdc line 112390, 'mult_result[104][14]$_DFF_P_/QN' is not a valid start point.
[WARNING STA-1554] ./results/asap7/mock-cpu/base/5_1_grt.sdc line 112390, 'mult_result[104][15]$_DFF_P_/QN' is not a valid start point.
[WARNING STA-1554] ./results/asap7/mock-cpu/base/5_1_grt.sdc line 112390, 'mult_result[104][16]$_DFF_P_/QN' is not a valid start point.
[WARNING STA-1554] ./results/asap7/mock-cpu/base/5_1_grt.sdc line 112390, 'mult_result[104][1]$_DFF_P_/QN' is not a valid start point.
[WARNING STA-1554] ./results/asap7/mock-cpu/base/5_1_grt.sdc line 112390, 'mult_result[104][2]$_DFF_P_/QN' is not a valid start point.
[WARNING STA-1554] ./results/asap7/mock-cpu/base/5_1_grt.sdc line 112390, 'mult_result[104][3]$_DFF_P_/QN' is not a valid start point.
[WARNING STA-1554] ./results/asap7/mock-cpu/base/5_1_grt.sdc line 112390, 'mult_result[104][4]$_DFF_P_/QN' is not a valid start point.
[WARNING STA-1554] ./results/asap7/mock-cpu/base/5_1_grt.sdc line 112390, 'mult_result[104][5]$_DFF_P_/QN' is not a valid start point.
[WARNING STA-1554] ./results/asap7/mock-cpu/base/5_1_grt.sdc line 112390, 'mult_result[104][6]$_DFF_P_/QN' is not a valid start point.
[WARNING STA-1554] ./results/asap7/mock-cpu/base/5_1_grt.sdc line 112390, 'mult_result[104][7]$_DFF_P_/QN' is not a valid start point.
[WARNING STA-1554] ./results/asap7/mock-cpu/base/5_1_grt.sdc line 112390, 'mult_result[104][8]$_DFF_P_/QN' is not a valid start point.
[WARNING STA-1554] ./results/asap7/mock-cpu/base/5_1_grt.sdc line 112390, 'mult_result[104][9]$_DFF_P_/QN' is not a valid start point.
[WARNING STA-1554] ./results/asap7/mock-cpu/base/5_1_grt.sdc line 112390, 'mult_result[105][0]$_DFF_P_/QN' is not a valid start point.
[WARNING STA-1554] ./results/asap7/mock-cpu/base/5_1_grt.sdc line 112390, 'mult_result[105][10]$_DFF_P_/QN' is not a valid start point.
[WARNING STA-1554] ./results/asap7/mock-cpu/base/5_1_grt.sdc line 112390, 'mult_result[105][11]$_DFF_P_/QN' is not a valid start point.
[WARNING STA-1554] ./results/asap7/mock-cpu/base/5_1_grt.sdc line 112390, 'mult_result[105][12]$_DFF_P_/QN' is not a valid start point.
[WARNING STA-1554] ./results/asap7/mock-cpu/base/5_1_grt.sdc line 112390, 'mult_result[105][13]$_DFF_P_/QN' is not a valid start point.
[WARNING STA-1554] ./results/asap7/mock-cpu/base/5_1_grt.sdc line 112390, 'mult_result[105][14]$_DFF_P_/QN' is not a valid start point.
[WARNING STA-1554] ./results/asap7/mock-cpu/base/5_1_grt.sdc line 112390, 'mult_result[105][15]$_DFF_P_/QN' is not a valid start point.
[WARNING STA-1554] ./results/asap7/mock-cpu/base/5_1_grt.sdc line 112390, 'mult_result[105][16]$_DFF_P_/QN' is not a valid start point.
[WARNING STA-1554] ./results/asap7/mock-cpu/base/5_1_grt.sdc line 112390, 'mult_result[105][1]$_DFF_P_/QN' is not a valid start point.
[WARNING STA-1554] ./results/asap7/mock-cpu/base/5_1_grt.sdc line 112390, 'mult_result[105][2]$_DFF_P_/QN' is not a valid start point.
[WARNING STA-1554] ./results/asap7/mock-cpu/base/5_1_grt.sdc line 112390, 'mult_result[105][3]$_DFF_P_/QN' is not a valid start point.
[WARNING STA-1554] ./results/asap7/mock-cpu/base/5_1_grt.sdc line 112390, 'mult_result[105][4]$_DFF_P_/QN' is not a valid start point.
[WARNING STA-1554] ./results/asap7/mock-cpu/base/5_1_grt.sdc line 112390, 'mult_result[105][5]$_DFF_P_/QN' is not a valid start point.
[WARNING STA-1554] ./results/asap7/mock-cpu/base/5_1_grt.sdc line 112390, 'mult_result[105][6]$_DFF_P_/QN' is not a valid start point.
[WARNING STA-1554] ./results/asap7/mock-cpu/base/5_1_grt.sdc line 112390, 'mult_result[105][7]$_DFF_P_/QN' is not a valid start point.
[WARNING STA-1554] ./results/asap7/mock-cpu/base/5_1_grt.sdc line 112390, 'mult_result[105][8]$_DFF_P_/QN' is not a valid start point.
[WARNING STA-1554] ./results/asap7/mock-cpu/base/5_1_grt.sdc line 112390, 'mult_result[105][9]$_DFF_P_/QN' is not a valid start point.
[WARNING STA-1554] ./results/asap7/mock-cpu/base/5_1_grt.sdc line 112390, 'mult_result[106][0]$_DFF_P_/QN' is not a valid start point.
[WARNING STA-1554] ./results/asap7/mock-cpu/base/5_1_grt.sdc line 112390, 'mult_result[106][10]$_DFF_P_/QN' is not a valid start point.
[WARNING STA-1554] ./results/asap7/mock-cpu/base/5_1_grt.sdc line 112390, 'mult_result[106][11]$_DFF_P_/QN' is not a valid start point.
[WARNING STA-1554] ./results/asap7/mock-cpu/base/5_1_grt.sdc line 112390, 'mult_result[106][12]$_DFF_P_/QN' is not a valid start point.
[WARNING STA-1554] ./results/asap7/mock-cpu/base/5_1_grt.sdc line 112390, 'mult_result[106][13]$_DFF_P_/QN' is not a valid start point.
[WARNING STA-1554] ./results/asap7/mock-cpu/base/5_1_grt.sdc line 112390, 'mult_result[106][14]$_DFF_P_/QN' is not a valid start point.
[WARNING STA-1554] ./results/asap7/mock-cpu/base/5_1_grt.sdc line 112390, 'mult_result[106][15]$_DFF_P_/QN' is not a valid start point.
[WARNING STA-1554] ./results/asap7/mock-cpu/base/5_1_grt.sdc line 112390, 'mult_result[106][16]$_DFF_P_/QN' is not a valid start point.
[WARNING STA-1554] ./results/asap7/mock-cpu/base/5_1_grt.sdc line 112390, 'mult_result[106][1]$_DFF_P_/QN' is not a valid start point.
[WARNING STA-1554] ./results/asap7/mock-cpu/base/5_1_grt.sdc line 112390, 'mult_result[106][2]$_DFF_P_/QN' is not a valid start point.
[WARNING STA-1554] ./results/asap7/mock-cpu/base/5_1_grt.sdc line 112390, 'mult_result[106][3]$_DFF_P_/QN' is not a valid start point.
[WARNING STA-1554] ./results/asap7/mock-cpu/base/5_1_grt.sdc line 112390, 'mult_result[106][4]$_DFF_P_/QN' is not a valid start point.
[WARNING STA-1554] ./results/asap7/mock-cpu/base/5_1_grt.sdc line 112390, 'mult_result[106][5]$_DFF_P_/QN' is not a valid start point.
[WARNING STA-1554] ./results/asap7/mock-cpu/base/5_1_grt.sdc line 112390, 'mult_result[106][6]$_DFF_P_/QN' is not a valid start point.
[WARNING STA-1554] ./results/asap7/mock-cpu/base/5_1_grt.sdc line 112390, 'mult_result[106][7]$_DFF_P_/QN' is not a valid start point.
[WARNING STA-1554] ./results/asap7/mock-cpu/base/5_1_grt.sdc line 112390, 'mult_result[106][8]$_DFF_P_/QN' is not a valid start point.
[WARNING STA-1554] ./results/asap7/mock-cpu/base/5_1_grt.sdc line 112390, 'mult_result[106][9]$_DFF_P_/QN' is not a valid start point.
[WARNING STA-1554] ./results/asap7/mock-cpu/base/5_1_grt.sdc line 112390, 'mult_result[107][0]$_DFF_P_/QN' is not a valid start point.
[WARNING STA-1554] ./results/asap7/mock-cpu/base/5_1_grt.sdc line 112390, 'mult_result[107][10]$_DFF_P_/QN' is not a valid start point.
[WARNING STA-1554] ./results/asap7/mock-cpu/base/5_1_grt.sdc line 112390, 'mult_result[107][11]$_DFF_P_/QN' is not a valid start point.
[WARNING STA-1554] ./results/asap7/mock-cpu/base/5_1_grt.sdc line 112390, 'mult_result[107][12]$_DFF_P_/QN' is not a valid start point.
[WARNING STA-1554] ./results/asap7/mock-cpu/base/5_1_grt.sdc line 112390, 'mult_result[107][13]$_DFF_P_/QN' is not a valid start point.
[WARNING STA-1554] ./results/asap7/mock-cpu/base/5_1_grt.sdc line 112390, 'mult_result[107][14]$_DFF_P_/QN' is not a valid start point.
[WARNING STA-1554] ./results/asap7/mock-cpu/base/5_1_grt.sdc line 112390, 'mult_result[107][15]$_DFF_P_/QN' is not a valid start point.
[WARNING STA-1554] ./results/asap7/mock-cpu/base/5_1_grt.sdc line 112390, 'mult_result[107][16]$_DFF_P_/QN' is not a valid start point.
[WARNING STA-1554] ./results/asap7/mock-cpu/base/5_1_grt.sdc line 112390, 'mult_result[107][1]$_DFF_P_/QN' is not a valid start point.
[WARNING STA-1554] ./results/asap7/mock-cpu/base/5_1_grt.sdc line 112390, 'mult_result[107][2]$_DFF_P_/QN' is not a valid start point.
[WARNING STA-1554] ./results/asap7/mock-cpu/base/5_1_grt.sdc line 112390, 'mult_result[107][3]$_DFF_P_/QN' is not a valid start point.
[WARNING STA-1554] ./results/asap7/mock-cpu/base/5_1_grt.sdc line 112390, 'mult_result[107][4]$_DFF_P_/QN' is not a valid start point.
[WARNING STA-1554] ./results/asap7/mock-cpu/base/5_1_grt.sdc line 112390, 'mult_result[107][5]$_DFF_P_/QN' is not a valid start point.
[WARNING STA-1554] ./results/asap7/mock-cpu/base/5_1_grt.sdc line 112390, 'mult_result[107][6]$_DFF_P_/QN' is not a valid start point.
[WARNING STA-1554] ./results/asap7/mock-cpu/base/5_1_grt.sdc line 112390, 'mult_result[107][7]$_DFF_P_/QN' is not a valid start point.
[WARNING STA-1554] ./results/asap7/mock-cpu/base/5_1_grt.sdc line 112390, 'mult_result[107][8]$_DFF_P_/QN' is not a valid start point.
[WARNING STA-1554] ./results/asap7/mock-cpu/base/5_1_grt.sdc line 112390, 'mult_result[107][9]$_DFF_P_/QN' is not a valid start point.
[WARNING STA-1554] ./results/asap7/mock-cpu/base/5_1_grt.sdc line 112390, 'mult_result[108][0]$_DFF_P_/QN' is not a valid start point.
[WARNING STA-1554] ./results/asap7/mock-cpu/base/5_1_grt.sdc line 112390, 'mult_result[108][10]$_DFF_P_/QN' is not a valid start point.
[WARNING STA-1554] ./results/asap7/mock-cpu/base/5_1_grt.sdc line 112390, 'mult_result[108][11]$_DFF_P_/QN' is not a valid start point.
[WARNING STA-1554] ./results/asap7/mock-cpu/base/5_1_grt.sdc line 112390, 'mult_result[108][12]$_DFF_P_/QN' is not a valid start point.
[WARNING STA-1554] ./results/asap7/mock-cpu/base/5_1_grt.sdc line 112390, 'mult_result[108][13]$_DFF_P_/QN' is not a valid start point.
[WARNING STA-1554] ./results/asap7/mock-cpu/base/5_1_grt.sdc line 112390, 'mult_result[108][14]$_DFF_P_/QN' is not a valid start point.
[WARNING STA-1554] ./results/asap7/mock-cpu/base/5_1_grt.sdc line 112390, 'mult_result[108][15]$_DFF_P_/QN' is not a valid start point.
[WARNING STA-1554] ./results/asap7/mock-cpu/base/5_1_grt.sdc line 112390, 'mult_result[108][16]$_DFF_P_/QN' is not a valid start point.
[WARNING STA-1554] ./results/asap7/mock-cpu/base/5_1_grt.sdc line 112390, 'mult_result[108][1]$_DFF_P_/QN' is not a valid start point.
[WARNING STA-1554] ./results/asap7/mock-cpu/base/5_1_grt.sdc line 112390, 'mult_result[108][2]$_DFF_P_/QN' is not a valid start point.
[WARNING STA-1554] ./results/asap7/mock-cpu/base/5_1_grt.sdc line 112390, 'mult_result[108][3]$_DFF_P_/QN' is not a valid start point.
[WARNING STA-1554] ./results/asap7/mock-cpu/base/5_1_grt.sdc line 112390, 'mult_result[108][4]$_DFF_P_/QN' is not a valid start point.
[WARNING STA-1554] ./results/asap7/mock-cpu/base/5_1_grt.sdc line 112390, 'mult_result[108][5]$_DFF_P_/QN' is not a valid start point.
[WARNING STA-1554] ./results/asap7/mock-cpu/base/5_1_grt.sdc line 112390, 'mult_result[108][6]$_DFF_P_/QN' is not a valid start point.
[WARNING STA-1554] ./results/asap7/mock-cpu/base/5_1_grt.sdc line 112390, 'mult_result[108][7]$_DFF_P_/QN' is not a valid start point.
[WARNING STA-1554] ./results/asap7/mock-cpu/base/5_1_grt.sdc line 112390, 'mult_result[108][8]$_DFF_P_/QN' is not a valid start point.
[WARNING STA-1554] ./results/asap7/mock-cpu/base/5_1_grt.sdc line 112390, 'mult_result[108][9]$_DFF_P_/QN' is not a valid start point.
[WARNING STA-1554] ./results/asap7/mock-cpu/base/5_1_grt.sdc line 112390, 'mult_result[109][0]$_DFF_P_/QN' is not a valid start point.
[WARNING STA-1554] ./results/asap7/mock-cpu/base/5_1_grt.sdc line 112390, 'mult_result[109][10]$_DFF_P_/QN' is not a valid start point.
[WARNING STA-1554] ./results/asap7/mock-cpu/base/5_1_grt.sdc line 112390, 'mult_result[109][11]$_DFF_P_/QN' is not a valid start point.
[WARNING STA-1554] ./results/asap7/mock-cpu/base/5_1_grt.sdc line 112390, 'mult_result[109][12]$_DFF_P_/QN' is not a valid start point.
[WARNING STA-1554] ./results/asap7/mock-cpu/base/5_1_grt.sdc line 112390, 'mult_result[109][13]$_DFF_P_/QN' is not a valid start point.
[WARNING STA-1554] ./results/asap7/mock-cpu/base/5_1_grt.sdc line 112390, 'mult_result[109][14]$_DFF_P_/QN' is not a valid start point.
[WARNING STA-1554] ./results/asap7/mock-cpu/base/5_1_grt.sdc line 112390, 'mult_result[109][15]$_DFF_P_/QN' is not a valid start point.
[WARNING STA-1554] ./results/asap7/mock-cpu/base/5_1_grt.sdc line 112390, 'mult_result[109][16]$_DFF_P_/QN' is not a valid start point.
[WARNING STA-1554] ./results/asap7/mock-cpu/base/5_1_grt.sdc line 112390, 'mult_result[109][1]$_DFF_P_/QN' is not a valid start point.
[WARNING STA-1554] ./results/asap7/mock-cpu/base/5_1_grt.sdc line 112390, 'mult_result[109][2]$_DFF_P_/QN' is not a valid start point.
[WARNING STA-1554] ./results/asap7/mock-cpu/base/5_1_grt.sdc line 112390, 'mult_result[109][3]$_DFF_P_/QN' is not a valid start point.
[WARNING STA-1554] ./results/asap7/mock-cpu/base/5_1_grt.sdc line 112390, 'mult_result[109][4]$_DFF_P_/QN' is not a valid start point.
[WARNING STA-1554] ./results/asap7/mock-cpu/base/5_1_grt.sdc line 112390, 'mult_result[109][5]$_DFF_P_/QN' is not a valid start point.
[WARNING STA-1554] ./results/asap7/mock-cpu/base/5_1_grt.sdc line 112390, 'mult_result[109][6]$_DFF_P_/QN' is not a valid start point.
[WARNING STA-1554] ./results/asap7/mock-cpu/base/5_1_grt.sdc line 112390, 'mult_result[109][7]$_DFF_P_/QN' is not a valid start point.
[WARNING STA-1554] ./results/asap7/mock-cpu/base/5_1_grt.sdc line 112390, 'mult_result[109][8]$_DFF_P_/QN' is not a valid start point.
[WARNING STA-1554] ./results/asap7/mock-cpu/base/5_1_grt.sdc line 112390, 'mult_result[109][9]$_DFF_P_/QN' is not a valid start point.
[WARNING STA-1554] ./results/asap7/mock-cpu/base/5_1_grt.sdc line 112390, 'mult_result[10][0]$_DFF_P_/QN' is not a valid start point.
[WARNING STA-1554] ./results/asap7/mock-cpu/base/5_1_grt.sdc line 112390, 'mult_result[10][10]$_DFF_P_/QN' is not a valid start point.
[WARNING STA-1554] ./results/asap7/mock-cpu/base/5_1_grt.sdc line 112390, 'mult_result[10][11]$_DFF_P_/QN' is not a valid start point.
[WARNING STA-1554] ./results/asap7/mock-cpu/base/5_1_grt.sdc line 112390, 'mult_result[10][12]$_DFF_P_/QN' is not a valid start point.
[WARNING STA-1554] ./results/asap7/mock-cpu/base/5_1_grt.sdc line 112390, 'mult_result[10][13]$_DFF_P_/QN' is not a valid start point.
[WARNING STA-1554] ./results/asap7/mock-cpu/base/5_1_grt.sdc line 112390, 'mult_result[10][14]$_DFF_P_/QN' is not a valid start point.
[WARNING STA-1554] ./results/asap7/mock-cpu/base/5_1_grt.sdc line 112390, 'mult_result[10][15]$_DFF_P_/QN' is not a valid start point.
[WARNING STA-1554] ./results/asap7/mock-cpu/base/5_1_grt.sdc line 112390, 'mult_result[10][16]$_DFF_P_/QN' is not a valid start point.
[WARNING STA-1554] ./results/asap7/mock-cpu/base/5_1_grt.sdc line 112390, 'mult_result[10][1]$_DFF_P_/QN' is not a valid start point.
[WARNING STA-1554] ./results/asap7/mock-cpu/base/5_1_grt.sdc line 112390, 'mult_result[10][2]$_DFF_P_/QN' is not a valid start point.
[WARNING STA-1554] ./results/asap7/mock-cpu/base/5_1_grt.sdc line 112390, 'mult_result[10][3]$_DFF_P_/QN' is not a valid start point.
[WARNING STA-1554] ./results/asap7/mock-cpu/base/5_1_grt.sdc line 112390, 'mult_result[10][4]$_DFF_P_/QN' is not a valid start point.
[WARNING STA-1554] ./results/asap7/mock-cpu/base/5_1_grt.sdc line 112390, 'mult_result[10][5]$_DFF_P_/QN' is not a valid start point.
[WARNING STA-1554] ./results/asap7/mock-cpu/base/5_1_grt.sdc line 112390, 'mult_result[10][6]$_DFF_P_/QN' is not a valid start point.
[WARNING STA-1554] ./results/asap7/mock-cpu/base/5_1_grt.sdc line 112390, 'mult_result[10][7]$_DFF_P_/QN' is not a valid start point.
[WARNING STA-1554] ./results/asap7/mock-cpu/base/5_1_grt.sdc line 112390, 'mult_result[10][8]$_DFF_P_/QN' is not a valid start point.
[WARNING STA-1554] ./results/asap7/mock-cpu/base/5_1_grt.sdc line 112390, 'mult_result[10][9]$_DFF_P_/QN' is not a valid start point.
[WARNING STA-1554] ./results/asap7/mock-cpu/base/5_1_grt.sdc line 112390, 'mult_result[110][0]$_DFF_P_/QN' is not a valid start point.
[WARNING STA-1554] ./results/asap7/mock-cpu/base/5_1_grt.sdc line 112390, 'mult_result[110][10]$_DFF_P_/QN' is not a valid start point.
[WARNING STA-1554] ./results/asap7/mock-cpu/base/5_1_grt.sdc line 112390, 'mult_result[110][11]$_DFF_P_/QN' is not a valid start point.
[WARNING STA-1554] ./results/asap7/mock-cpu/base/5_1_grt.sdc line 112390, 'mult_result[110][12]$_DFF_P_/QN' is not a valid start point.
[WARNING STA-1554] ./results/asap7/mock-cpu/base/5_1_grt.sdc line 112390, 'mult_result[110][13]$_DFF_P_/QN' is not a valid start point.
[WARNING STA-1554] ./results/asap7/mock-cpu/base/5_1_grt.sdc line 112390, 'mult_result[110][14]$_DFF_P_/QN' is not a valid start point.
[WARNING STA-1554] ./results/asap7/mock-cpu/base/5_1_grt.sdc line 112390, 'mult_result[110][15]$_DFF_P_/QN' is not a valid start point.
[WARNING STA-1554] ./results/asap7/mock-cpu/base/5_1_grt.sdc line 112390, 'mult_result[110][16]$_DFF_P_/QN' is not a valid start point.
[WARNING STA-1554] ./results/asap7/mock-cpu/base/5_1_grt.sdc line 112390, 'mult_result[110][1]$_DFF_P_/QN' is not a valid start point.
[WARNING STA-1554] ./results/asap7/mock-cpu/base/5_1_grt.sdc line 112390, 'mult_result[110][2]$_DFF_P_/QN' is not a valid start point.
[WARNING STA-1554] ./results/asap7/mock-cpu/base/5_1_grt.sdc line 112390, 'mult_result[110][3]$_DFF_P_/QN' is not a valid start point.
[WARNING STA-1554] ./results/asap7/mock-cpu/base/5_1_grt.sdc line 112390, 'mult_result[110][4]$_DFF_P_/QN' is not a valid start point.
[WARNING STA-1554] ./results/asap7/mock-cpu/base/5_1_grt.sdc line 112390, 'mult_result[110][5]$_DFF_P_/QN' is not a valid start point.
[WARNING STA-1554] ./results/asap7/mock-cpu/base/5_1_grt.sdc line 112390, 'mult_result[110][6]$_DFF_P_/QN' is not a valid start point.
[WARNING STA-1554] ./results/asap7/mock-cpu/base/5_1_grt.sdc line 112390, 'mult_result[110][7]$_DFF_P_/QN' is not a valid start point.
[WARNING STA-1554] ./results/asap7/mock-cpu/base/5_1_grt.sdc line 112390, 'mult_result[110][8]$_DFF_P_/QN' is not a valid start point.
[WARNING STA-1554] ./results/asap7/mock-cpu/base/5_1_grt.sdc line 112390, 'mult_result[110][9]$_DFF_P_/QN' is not a valid start point.
[WARNING STA-1554] ./results/asap7/mock-cpu/base/5_1_grt.sdc line 112390, 'mult_result[111][0]$_DFF_P_/QN' is not a valid start point.
[WARNING STA-1554] ./results/asap7/mock-cpu/base/5_1_grt.sdc line 112390, 'mult_result[111][10]$_DFF_P_/QN' is not a valid start point.
[WARNING STA-1554] ./results/asap7/mock-cpu/base/5_1_grt.sdc line 112390, 'mult_result[111][11]$_DFF_P_/QN' is not a valid start point.
[WARNING STA-1554] ./results/asap7/mock-cpu/base/5_1_grt.sdc line 112390, 'mult_result[111][12]$_DFF_P_/QN' is not a valid start point.
[WARNING STA-1554] ./results/asap7/mock-cpu/base/5_1_grt.sdc line 112390, 'mult_result[111][13]$_DFF_P_/QN' is not a valid start point.
[WARNING STA-1554] ./results/asap7/mock-cpu/base/5_1_grt.sdc line 112390, 'mult_result[111][14]$_DFF_P_/QN' is not a valid start point.
[WARNING STA-1554] ./results/asap7/mock-cpu/base/5_1_grt.sdc line 112390, 'mult_result[111][15]$_DFF_P_/QN' is not a valid start point.
[WARNING STA-1554] ./results/asap7/mock-cpu/base/5_1_grt.sdc line 112390, 'mult_result[111][16]$_DFF_P_/QN' is not a valid start point.
[WARNING STA-1554] ./results/asap7/mock-cpu/base/5_1_grt.sdc line 112390, 'mult_result[111][1]$_DFF_P_/QN' is not a valid start point.
[WARNING STA-1554] ./results/asap7/mock-cpu/base/5_1_grt.sdc line 112390, 'mult_result[111][2]$_DFF_P_/QN' is not a valid start point.
[WARNING STA-1554] ./results/asap7/mock-cpu/base/5_1_grt.sdc line 112390, 'mult_result[111][3]$_DFF_P_/QN' is not a valid start point.
[WARNING STA-1554] ./results/asap7/mock-cpu/base/5_1_grt.sdc line 112390, 'mult_result[111][4]$_DFF_P_/QN' is not a valid start point.
[WARNING STA-1554] ./results/asap7/mock-cpu/base/5_1_grt.sdc line 112390, 'mult_result[111][5]$_DFF_P_/QN' is not a valid start point.
[WARNING STA-1554] ./results/asap7/mock-cpu/base/5_1_grt.sdc line 112390, 'mult_result[111][6]$_DFF_P_/QN' is not a valid start point.
[WARNING STA-1554] ./results/asap7/mock-cpu/base/5_1_grt.sdc line 112390, 'mult_result[111][7]$_DFF_P_/QN' is not a valid start point.
[WARNING STA-1554] ./results/asap7/mock-cpu/base/5_1_grt.sdc line 112390, 'mult_result[111][8]$_DFF_P_/QN' is not a valid start point.
[WARNING STA-1554] ./results/asap7/mock-cpu/base/5_1_grt.sdc line 112390, 'mult_result[111][9]$_DFF_P_/QN' is not a valid start point.
[WARNING STA-1554] ./results/asap7/mock-cpu/base/5_1_grt.sdc line 112390, 'mult_result[112][0]$_DFF_P_/QN' is not a valid start point.
[WARNING STA-1554] ./results/asap7/mock-cpu/base/5_1_grt.sdc line 112390, 'mult_result[112][10]$_DFF_P_/QN' is not a valid start point.
[WARNING STA-1554] ./results/asap7/mock-cpu/base/5_1_grt.sdc line 112390, 'mult_result[112][11]$_DFF_P_/QN' is not a valid start point.
[WARNING STA-1554] ./results/asap7/mock-cpu/base/5_1_grt.sdc line 112390, 'mult_result[112][12]$_DFF_P_/QN' is not a valid start point.
[WARNING STA-1554] ./results/asap7/mock-cpu/base/5_1_grt.sdc line 112390, 'mult_result[112][13]$_DFF_P_/QN' is not a valid start point.
[WARNING STA-1554] ./results/asap7/mock-cpu/base/5_1_grt.sdc line 112390, 'mult_result[112][14]$_DFF_P_/QN' is not a valid start point.
[WARNING STA-1554] ./results/asap7/mock-cpu/base/5_1_grt.sdc line 112390, 'mult_result[112][15]$_DFF_P_/QN' is not a valid start point.
[WARNING STA-1554] ./results/asap7/mock-cpu/base/5_1_grt.sdc line 112390, 'mult_result[112][16]$_DFF_P_/QN' is not a valid start point.
[WARNING STA-1554] ./results/asap7/mock-cpu/base/5_1_grt.sdc line 112390, 'mult_result[112][1]$_DFF_P_/QN' is not a valid start point.
[WARNING STA-1554] ./results/asap7/mock-cpu/base/5_1_grt.sdc line 112390, 'mult_result[112][2]$_DFF_P_/QN' is not a valid start point.
[WARNING STA-1554] ./results/asap7/mock-cpu/base/5_1_grt.sdc line 112390, 'mult_result[112][3]$_DFF_P_/QN' is not a valid start point.
[WARNING STA-1554] ./results/asap7/mock-cpu/base/5_1_grt.sdc line 112390, 'mult_result[112][4]$_DFF_P_/QN' is not a valid start point.
[WARNING STA-1554] ./results/asap7/mock-cpu/base/5_1_grt.sdc line 112390, 'mult_result[112][5]$_DFF_P_/QN' is not a valid start point.
[WARNING STA-1554] ./results/asap7/mock-cpu/base/5_1_grt.sdc line 112390, 'mult_result[112][6]$_DFF_P_/QN' is not a valid start point.
[WARNING STA-1554] ./results/asap7/mock-cpu/base/5_1_grt.sdc line 112390, 'mult_result[112][7]$_DFF_P_/QN' is not a valid start point.
[WARNING STA-1554] ./results/asap7/mock-cpu/base/5_1_grt.sdc line 112390, 'mult_result[112][8]$_DFF_P_/QN' is not a valid start point.
[WARNING STA-1554] ./results/asap7/mock-cpu/base/5_1_grt.sdc line 112390, 'mult_result[112][9]$_DFF_P_/QN' is not a valid start point.
[WARNING STA-1554] ./results/asap7/mock-cpu/base/5_1_grt.sdc line 112390, 'mult_result[113][0]$_DFF_P_/QN' is not a valid start point.
[WARNING STA-1554] ./results/asap7/mock-cpu/base/5_1_grt.sdc line 112390, 'mult_result[113][10]$_DFF_P_/QN' is not a valid start point.
[WARNING STA-1554] ./results/asap7/mock-cpu/base/5_1_grt.sdc line 112390, 'mult_result[113][11]$_DFF_P_/QN' is not a valid start point.
[WARNING STA-1554] ./results/asap7/mock-cpu/base/5_1_grt.sdc line 112390, 'mult_result[113][12]$_DFF_P_/QN' is not a valid start point.
[WARNING STA-1554] ./results/asap7/mock-cpu/base/5_1_grt.sdc line 112390, 'mult_result[113][13]$_DFF_P_/QN' is not a valid start point.
[WARNING STA-1554] ./results/asap7/mock-cpu/base/5_1_grt.sdc line 112390, 'mult_result[113][14]$_DFF_P_/QN' is not a valid start point.
[WARNING STA-1554] ./results/asap7/mock-cpu/base/5_1_grt.sdc line 112390, 'mult_result[113][15]$_DFF_P_/QN' is not a valid start point.
[WARNING STA-1554] ./results/asap7/mock-cpu/base/5_1_grt.sdc line 112390, 'mult_result[113][16]$_DFF_P_/QN' is not a valid start point.
[WARNING STA-1554] ./results/asap7/mock-cpu/base/5_1_grt.sdc line 112390, 'mult_result[113][1]$_DFF_P_/QN' is not a valid start point.
[WARNING STA-1554] ./results/asap7/mock-cpu/base/5_1_grt.sdc line 112390, 'mult_result[113][2]$_DFF_P_/QN' is not a valid start point.
[WARNING STA-1554] ./results/asap7/mock-cpu/base/5_1_grt.sdc line 112390, 'mult_result[113][3]$_DFF_P_/QN' is not a valid start point.
[WARNING STA-1554] ./results/asap7/mock-cpu/base/5_1_grt.sdc line 112390, 'mult_result[113][4]$_DFF_P_/QN' is not a valid start point.
[WARNING STA-1554] ./results/asap7/mock-cpu/base/5_1_grt.sdc line 112390, 'mult_result[113][5]$_DFF_P_/QN' is not a valid start point.
[WARNING STA-1554] ./results/asap7/mock-cpu/base/5_1_grt.sdc line 112390, 'mult_result[113][6]$_DFF_P_/QN' is not a valid start point.
[WARNING STA-1554] ./results/asap7/mock-cpu/base/5_1_grt.sdc line 112390, 'mult_result[113][7]$_DFF_P_/QN' is not a valid start point.
[WARNING STA-1554] ./results/asap7/mock-cpu/base/5_1_grt.sdc line 112390, 'mult_result[113][8]$_DFF_P_/QN' is not a valid start point.
[WARNING STA-1554] ./results/asap7/mock-cpu/base/5_1_grt.sdc line 112390, 'mult_result[113][9]$_DFF_P_/QN' is not a valid start point.
[WARNING STA-1554] ./results/asap7/mock-cpu/base/5_1_grt.sdc line 112390, 'mult_result[114][0]$_DFF_P_/QN' is not a valid start point.
[WARNING STA-1554] ./results/asap7/mock-cpu/base/5_1_grt.sdc line 112390, 'mult_result[114][10]$_DFF_P_/QN' is not a valid start point.
[WARNING STA-1554] ./results/asap7/mock-cpu/base/5_1_grt.sdc line 112390, 'mult_result[114][11]$_DFF_P_/QN' is not a valid start point.
[WARNING STA-1554] ./results/asap7/mock-cpu/base/5_1_grt.sdc line 112390, 'mult_result[114][12]$_DFF_P_/QN' is not a valid start point.
[WARNING STA-1554] ./results/asap7/mock-cpu/base/5_1_grt.sdc line 112390, 'mult_result[114][13]$_DFF_P_/QN' is not a valid start point.
[WARNING STA-1554] ./results/asap7/mock-cpu/base/5_1_grt.sdc line 112390, 'mult_result[114][14]$_DFF_P_/QN' is not a valid start point.
[WARNING STA-1554] ./results/asap7/mock-cpu/base/5_1_grt.sdc line 112390, 'mult_result[114][15]$_DFF_P_/QN' is not a valid start point.
[WARNING STA-1554] ./results/asap7/mock-cpu/base/5_1_grt.sdc line 112390, 'mult_result[114][16]$_DFF_P_/QN' is not a valid start point.
[WARNING STA-1554] ./results/asap7/mock-cpu/base/5_1_grt.sdc line 112390, 'mult_result[114][1]$_DFF_P_/QN' is not a valid start point.
[WARNING STA-1554] ./results/asap7/mock-cpu/base/5_1_grt.sdc line 112390, 'mult_result[114][2]$_DFF_P_/QN' is not a valid start point.
[WARNING STA-1554] ./results/asap7/mock-cpu/base/5_1_grt.sdc line 112390, 'mult_result[114][3]$_DFF_P_/QN' is not a valid start point.
[WARNING STA-1554] ./results/asap7/mock-cpu/base/5_1_grt.sdc line 112390, 'mult_result[114][4]$_DFF_P_/QN' is not a valid start point.
[WARNING STA-1554] ./results/asap7/mock-cpu/base/5_1_grt.sdc line 112390, 'mult_result[114][5]$_DFF_P_/QN' is not a valid start point.
[WARNING STA-1554] ./results/asap7/mock-cpu/base/5_1_grt.sdc line 112390, 'mult_result[114][6]$_DFF_P_/QN' is not a valid start point.
[WARNING STA-1554] ./results/asap7/mock-cpu/base/5_1_grt.sdc line 112390, 'mult_result[114][7]$_DFF_P_/QN' is not a valid start point.
[WARNING STA-1554] ./results/asap7/mock-cpu/base/5_1_grt.sdc line 112390, 'mult_result[114][8]$_DFF_P_/QN' is not a valid start point.
[WARNING STA-1554] ./results/asap7/mock-cpu/base/5_1_grt.sdc line 112390, 'mult_result[114][9]$_DFF_P_/QN' is not a valid start point.
[WARNING STA-1554] ./results/asap7/mock-cpu/base/5_1_grt.sdc line 112390, 'mult_result[115][0]$_DFF_P_/QN' is not a valid start point.
[WARNING STA-1554] ./results/asap7/mock-cpu/base/5_1_grt.sdc line 112390, 'mult_result[115][10]$_DFF_P_/QN' is not a valid start point.
[WARNING STA-1554] ./results/asap7/mock-cpu/base/5_1_grt.sdc line 112390, 'mult_result[115][11]$_DFF_P_/QN' is not a valid start point.
[WARNING STA-1554] ./results/asap7/mock-cpu/base/5_1_grt.sdc line 112390, 'mult_result[115][12]$_DFF_P_/QN' is not a valid start point.
[WARNING STA-1554] ./results/asap7/mock-cpu/base/5_1_grt.sdc line 112390, 'mult_result[115][13]$_DFF_P_/QN' is not a valid start point.
[WARNING STA-1554] ./results/asap7/mock-cpu/base/5_1_grt.sdc line 112390, 'mult_result[115][14]$_DFF_P_/QN' is not a valid start point.
[WARNING STA-1554] ./results/asap7/mock-cpu/base/5_1_grt.sdc line 112390, 'mult_result[115][15]$_DFF_P_/QN' is not a valid start point.
[WARNING STA-1554] ./results/asap7/mock-cpu/base/5_1_grt.sdc line 112390, 'mult_result[115][16]$_DFF_P_/QN' is not a valid start point.
[WARNING STA-1554] ./results/asap7/mock-cpu/base/5_1_grt.sdc line 112390, 'mult_result[115][1]$_DFF_P_/QN' is not a valid start point.
[WARNING STA-1554] ./results/asap7/mock-cpu/base/5_1_grt.sdc line 112390, 'mult_result[115][2]$_DFF_P_/QN' is not a valid start point.
[WARNING STA-1554] ./results/asap7/mock-cpu/base/5_1_grt.sdc line 112390, 'mult_result[115][3]$_DFF_P_/QN' is not a valid start point.
[WARNING STA-1554] ./results/asap7/mock-cpu/base/5_1_grt.sdc line 112390, 'mult_result[115][4]$_DFF_P_/QN' is not a valid start point.
[WARNING STA-1554] ./results/asap7/mock-cpu/base/5_1_grt.sdc line 112390, 'mult_result[115][5]$_DFF_P_/QN' is not a valid start point.
[WARNING STA-1554] ./results/asap7/mock-cpu/base/5_1_grt.sdc line 112390, 'mult_result[115][6]$_DFF_P_/QN' is not a valid start point.
[WARNING STA-1554] ./results/asap7/mock-cpu/base/5_1_grt.sdc line 112390, 'mult_result[115][7]$_DFF_P_/QN' is not a valid start point.
[WARNING STA-1554] ./results/asap7/mock-cpu/base/5_1_grt.sdc line 112390, 'mult_result[115][8]$_DFF_P_/QN' is not a valid start point.
[WARNING STA-1554] ./results/asap7/mock-cpu/base/5_1_grt.sdc line 112390, 'mult_result[115][9]$_DFF_P_/QN' is not a valid start point.
[WARNING STA-1554] ./results/asap7/mock-cpu/base/5_1_grt.sdc line 112390, 'mult_result[116][0]$_DFF_P_/QN' is not a valid start point.
[WARNING STA-1554] ./results/asap7/mock-cpu/base/5_1_grt.sdc line 112390, 'mult_result[116][10]$_DFF_P_/QN' is not a valid start point.
[WARNING STA-1554] ./results/asap7/mock-cpu/base/5_1_grt.sdc line 112390, 'mult_result[116][11]$_DFF_P_/QN' is not a valid start point.
[WARNING STA-1554] ./results/asap7/mock-cpu/base/5_1_grt.sdc line 112390, 'mult_result[116][12]$_DFF_P_/QN' is not a valid start point.
[WARNING STA-1554] ./results/asap7/mock-cpu/base/5_1_grt.sdc line 112390, 'mult_result[116][13]$_DFF_P_/QN' is not a valid start point.
[WARNING STA-1554] ./results/asap7/mock-cpu/base/5_1_grt.sdc line 112390, 'mult_result[116][14]$_DFF_P_/QN' is not a valid start point.
[WARNING STA-1554] ./results/asap7/mock-cpu/base/5_1_grt.sdc line 112390, 'mult_result[116][15]$_DFF_P_/QN' is not a valid start point.
[WARNING STA-1554] ./results/asap7/mock-cpu/base/5_1_grt.sdc line 112390, 'mult_result[116][16]$_DFF_P_/QN' is not a valid start point.
[WARNING STA-1554] ./results/asap7/mock-cpu/base/5_1_grt.sdc line 112390, 'mult_result[116][1]$_DFF_P_/QN' is not a valid start point.
[WARNING STA-1554] ./results/asap7/mock-cpu/base/5_1_grt.sdc line 112390, 'mult_result[116][2]$_DFF_P_/QN' is not a valid start point.
[WARNING STA-1554] ./results/asap7/mock-cpu/base/5_1_grt.sdc line 112390, 'mult_result[116][3]$_DFF_P_/QN' is not a valid start point.
[WARNING STA-1554] ./results/asap7/mock-cpu/base/5_1_grt.sdc line 112390, 'mult_result[116][4]$_DFF_P_/QN' is not a valid start point.
[WARNING STA-1554] ./results/asap7/mock-cpu/base/5_1_grt.sdc line 112390, 'mult_result[116][5]$_DFF_P_/QN' is not a valid start point.
[WARNING STA-1554] ./results/asap7/mock-cpu/base/5_1_grt.sdc line 112390, 'mult_result[116][6]$_DFF_P_/QN' is not a valid start point.
[WARNING STA-1554] ./results/asap7/mock-cpu/base/5_1_grt.sdc line 112390, 'mult_result[116][7]$_DFF_P_/QN' is not a valid start point.
[WARNING STA-1554] ./results/asap7/mock-cpu/base/5_1_grt.sdc line 112390, 'mult_result[116][8]$_DFF_P_/QN' is not a valid start point.
[WARNING STA-1554] ./results/asap7/mock-cpu/base/5_1_grt.sdc line 112390, 'mult_result[116][9]$_DFF_P_/QN' is not a valid start point.
[WARNING STA-1554] ./results/asap7/mock-cpu/base/5_1_grt.sdc line 112390, 'mult_result[117][0]$_DFF_P_/QN' is not a valid start point.
[WARNING STA-1554] ./results/asap7/mock-cpu/base/5_1_grt.sdc line 112390, 'mult_result[117][10]$_DFF_P_/QN' is not a valid start point.
[WARNING STA-1554] ./results/asap7/mock-cpu/base/5_1_grt.sdc line 112390, 'mult_result[117][11]$_DFF_P_/QN' is not a valid start point.
[WARNING STA-1554] ./results/asap7/mock-cpu/base/5_1_grt.sdc line 112390, 'mult_result[117][12]$_DFF_P_/QN' is not a valid start point.
[WARNING STA-1554] ./results/asap7/mock-cpu/base/5_1_grt.sdc line 112390, 'mult_result[117][13]$_DFF_P_/QN' is not a valid start point.
[WARNING STA-1554] ./results/asap7/mock-cpu/base/5_1_grt.sdc line 112390, 'mult_result[117][14]$_DFF_P_/QN' is not a valid start point.
[WARNING STA-1554] ./results/asap7/mock-cpu/base/5_1_grt.sdc line 112390, 'mult_result[117][15]$_DFF_P_/QN' is not a valid start point.
[WARNING STA-1554] ./results/asap7/mock-cpu/base/5_1_grt.sdc line 112390, 'mult_result[117][16]$_DFF_P_/QN' is not a valid start point.
[WARNING STA-1554] ./results/asap7/mock-cpu/base/5_1_grt.sdc line 112390, 'mult_result[117][1]$_DFF_P_/QN' is not a valid start point.
[WARNING STA-1554] ./results/asap7/mock-cpu/base/5_1_grt.sdc line 112390, 'mult_result[117][2]$_DFF_P_/QN' is not a valid start point.
[WARNING STA-1554] ./results/asap7/mock-cpu/base/5_1_grt.sdc line 112390, 'mult_result[117][3]$_DFF_P_/QN' is not a valid start point.
[WARNING STA-1554] ./results/asap7/mock-cpu/base/5_1_grt.sdc line 112390, 'mult_result[117][4]$_DFF_P_/QN' is not a valid start point.
[WARNING STA-1554] ./results/asap7/mock-cpu/base/5_1_grt.sdc line 112390, 'mult_result[117][5]$_DFF_P_/QN' is not a valid start point.
[WARNING STA-1554] ./results/asap7/mock-cpu/base/5_1_grt.sdc line 112390, 'mult_result[117][6]$_DFF_P_/QN' is not a valid start point.
[WARNING STA-1554] ./results/asap7/mock-cpu/base/5_1_grt.sdc line 112390, 'mult_result[117][7]$_DFF_P_/QN' is not a valid start point.
[WARNING STA-1554] ./results/asap7/mock-cpu/base/5_1_grt.sdc line 112390, 'mult_result[117][8]$_DFF_P_/QN' is not a valid start point.
[WARNING STA-1554] ./results/asap7/mock-cpu/base/5_1_grt.sdc line 112390, 'mult_result[117][9]$_DFF_P_/QN' is not a valid start point.
[WARNING STA-1554] ./results/asap7/mock-cpu/base/5_1_grt.sdc line 112390, 'mult_result[118][0]$_DFF_P_/QN' is not a valid start point.
[WARNING STA-1554] ./results/asap7/mock-cpu/base/5_1_grt.sdc line 112390, 'mult_result[118][10]$_DFF_P_/QN' is not a valid start point.
[WARNING STA-1554] ./results/asap7/mock-cpu/base/5_1_grt.sdc line 112390, 'mult_result[118][11]$_DFF_P_/QN' is not a valid start point.
[WARNING STA-1554] ./results/asap7/mock-cpu/base/5_1_grt.sdc line 112390, 'mult_result[118][12]$_DFF_P_/QN' is not a valid start point.
[WARNING STA-1554] message limit (1000) reached. This message will no longer print.
[WARNING STA-1551] ./results/asap7/mock-cpu/base/5_1_grt.sdc line 112436, 'rrst_n' is not a valid endpoint.
[WARNING STA-1551] ./results/asap7/mock-cpu/base/5_1_grt.sdc line 112436, 'wrst_n' is not a valid endpoint.
source /home/lucast/workspace/OR-flow-TCC/flow/platforms/asap7/setRC.tcl
detailed_route -output_drc ./reports/asap7/mock-cpu/base/5_route_drc.rpt -output_maze ./results/asap7/mock-cpu/base/maze.log -droute_end_iter 64 -verbose 1 -drc_report_iter_step 5
[INFO DRT-0149] Reading tech and libs.

Units:                1000
Number of layers:     21
Number of macros:     212
Number of vias:       14
Number of viarulegen: 11

[INFO DRT-0150] Reading design.

Design:                   mock_cpu
Die area:                 ( 0 0 ) ( 130021 130021 )
Number of track patterns: 32
Number of DEF vias:       0
Number of components:     41896
Number of terminals:      74
Number of snets:          2
Number of nets:           39152

[INFO DRT-0167] List of default vias:
  Layer V2
    default via: VIA23
  Layer V3
    default via: VIA34
  Layer V4
    default via: VIA45
  Layer V5
    default via: VIA56
  Layer V6
    default via: VIA67
  Layer V7
    default via: VIA78
  Layer V8
    default via: VIA89
  Layer V9
    default via: VIA9Pad
[INFO DRT-0162] Library cell analysis.
[INFO DRT-0163] Instance analysis.
[INFO DRT-0164] Number of unique instances = 182.
[INFO DRT-0168] Init region query.
[INFO DRT-0024]   Complete Active.
[INFO DRT-0024]   Complete V0.
[INFO DRT-0024]   Complete M1.
[INFO DRT-0024]   Complete V1.
[INFO DRT-0024]   Complete M2.
[INFO DRT-0024]   Complete V2.
[INFO DRT-0024]   Complete M3.
[INFO DRT-0024]   Complete V3.
[INFO DRT-0024]   Complete M4.
[INFO DRT-0024]   Complete V4.
[INFO DRT-0024]   Complete M5.
[INFO DRT-0024]   Complete V5.
[INFO DRT-0024]   Complete M6.
[INFO DRT-0024]   Complete V6.
[INFO DRT-0024]   Complete M7.
[INFO DRT-0024]   Complete V7.
[INFO DRT-0024]   Complete M8.
[INFO DRT-0024]   Complete V8.
[INFO DRT-0024]   Complete M9.
[INFO DRT-0024]   Complete V9.
[INFO DRT-0024]   Complete Pad.
[INFO DRT-0033] Active shape region query size = 0.
[INFO DRT-0033] V0 shape region query size = 0.
[INFO DRT-0033] M1 shape region query size = 1066603.
[INFO DRT-0033] V1 shape region query size = 1802285.
[INFO DRT-0033] M2 shape region query size = 68432.
[INFO DRT-0033] V2 shape region query size = 33624.
[INFO DRT-0033] M3 shape region query size = 33624.
[INFO DRT-0033] V3 shape region query size = 22416.
[INFO DRT-0033] M4 shape region query size = 22416.
[INFO DRT-0033] V4 shape region query size = 22416.
[INFO DRT-0033] M5 shape region query size = 12480.
[INFO DRT-0033] V5 shape region query size = 2304.
[INFO DRT-0033] M6 shape region query size = 1248.
[INFO DRT-0033] V6 shape region query size = 0.
[INFO DRT-0033] M7 shape region query size = 0.
[INFO DRT-0033] V7 shape region query size = 0.
[INFO DRT-0033] M8 shape region query size = 0.
[INFO DRT-0033] V8 shape region query size = 0.
[INFO DRT-0033] M9 shape region query size = 0.
[INFO DRT-0033] V9 shape region query size = 0.
[INFO DRT-0033] Pad shape region query size = 0.
[INFO DRT-0165] Start pin access.
[INFO DRT-0078]   Complete 883 pins.
[INFO DRT-0079]   Complete 100 unique inst patterns.
[INFO DRT-0081]   Complete 182 unique inst patterns.
[INFO DRT-0082]   Complete 10000 groups.
[INFO DRT-0082]   Complete 20000 groups.
[INFO DRT-0084]   Complete 22502 groups.
#scanned instances     = 41896
#unique  instances     = 182
#stdCellGenAp          = 4826
#stdCellValidPlanarAp  = 45
#stdCellValidViaAp     = 3885
#stdCellPinNoAp        = 0
#stdCellPinCnt         = 98863
#instTermValidViaApCnt = 0
#macroGenAp            = 0
#macroValidPlanarAp    = 0
#macroValidViaAp       = 0
#macroNoAp             = 0
[INFO DRT-0166] Complete pin access.
[INFO DRT-0267] cpu time = 00:32:44, elapsed time = 00:01:02, memory = 746.93 (MB), peak = 786.70 (MB)
[INFO DRT-0156] guideIn read 100000 guides.
[INFO DRT-0156] guideIn read 200000 guides.

[INFO DRT-0157] Number of guides:     211482

[INFO DRT-0169] Post process guides.
[INFO DRT-0176] GCELLGRID X 0 DO 228 STEP 570 ;
[INFO DRT-0177] GCELLGRID Y 0 DO 228 STEP 570 ;
[INFO DRT-0026]   Complete 100000 origin guides.
[INFO DRT-0026]   Complete 200000 origin guides.
[INFO DRT-0028]   Complete Active.
[INFO DRT-0028]   Complete V0.
[INFO DRT-0028]   Complete M1.
[INFO DRT-0028]   Complete V1.
[INFO DRT-0028]   Complete M2.
[INFO DRT-0028]   Complete V2.
[INFO DRT-0028]   Complete M3.
[INFO DRT-0028]   Complete V3.
[INFO DRT-0028]   Complete M4.
[INFO DRT-0028]   Complete V4.
[INFO DRT-0028]   Complete M5.
[INFO DRT-0028]   Complete V5.
[INFO DRT-0028]   Complete M6.
[INFO DRT-0028]   Complete V6.
[INFO DRT-0028]   Complete M7.
[INFO DRT-0028]   Complete V7.
[INFO DRT-0028]   Complete M8.
[INFO DRT-0028]   Complete V8.
[INFO DRT-0028]   Complete M9.
[INFO DRT-0028]   Complete V9.
[INFO DRT-0028]   Complete Pad.
[INFO DRT-0178] Init guide query.
[INFO DRT-0035]   Complete Active (guide).
[INFO DRT-0035]   Complete V0 (guide).
[INFO DRT-0035]   Complete M1 (guide).
[INFO DRT-0035]   Complete V1 (guide).
[INFO DRT-0035]   Complete M2 (guide).
[INFO DRT-0035]   Complete V2 (guide).
[INFO DRT-0035]   Complete M3 (guide).
[INFO DRT-0035]   Complete V3 (guide).
[INFO DRT-0035]   Complete M4 (guide).
[INFO DRT-0035]   Complete V4 (guide).
[INFO DRT-0035]   Complete M5 (guide).
[INFO DRT-0035]   Complete V5 (guide).
[INFO DRT-0035]   Complete M6 (guide).
[INFO DRT-0035]   Complete V6 (guide).
[INFO DRT-0035]   Complete M7 (guide).
[INFO DRT-0035]   Complete V7 (guide).
[INFO DRT-0035]   Complete M8 (guide).
[INFO DRT-0035]   Complete V8 (guide).
[INFO DRT-0035]   Complete M9 (guide).
[INFO DRT-0035]   Complete V9 (guide).
[INFO DRT-0035]   Complete Pad (guide).
[INFO DRT-0036] Active guide region query size = 0.
[INFO DRT-0036] V0 guide region query size = 0.
[INFO DRT-0036] M1 guide region query size = 82210.
[INFO DRT-0036] V1 guide region query size = 0.
[INFO DRT-0036] M2 guide region query size = 59083.
[INFO DRT-0036] V2 guide region query size = 0.
[INFO DRT-0036] M3 guide region query size = 24017.
[INFO DRT-0036] V3 guide region query size = 0.
[INFO DRT-0036] M4 guide region query size = 1304.
[INFO DRT-0036] V4 guide region query size = 0.
[INFO DRT-0036] M5 guide region query size = 817.
[INFO DRT-0036] V5 guide region query size = 0.
[INFO DRT-0036] M6 guide region query size = 0.
[INFO DRT-0036] V6 guide region query size = 0.
[INFO DRT-0036] M7 guide region query size = 0.
[INFO DRT-0036] V7 guide region query size = 0.
[INFO DRT-0036] M8 guide region query size = 0.
[INFO DRT-0036] V8 guide region query size = 0.
[INFO DRT-0036] M9 guide region query size = 0.
[INFO DRT-0036] V9 guide region query size = 0.
[INFO DRT-0036] Pad guide region query size = 0.
[INFO DRT-0179] Init gr pin query.
[INFO DRT-0267] cpu time = 00:00:00, elapsed time = 00:00:00, memory = 815.29 (MB), peak = 810.00 (MB)
[INFO DRT-0245] skipped writing guide updates to database.
[INFO DRT-0185] Post process initialize RPin region query.
[INFO DRT-0181] Start track assignment.
[INFO DRT-0184] Done with 107044 vertical wires in 5 frboxes and 60387 horizontal wires in 5 frboxes.
[INFO DRT-0186] Done with 4888 vertical wires in 5 frboxes and 14967 horizontal wires in 5 frboxes.
[INFO DRT-0182] Complete track assignment.
[INFO DRT-0267] cpu time = 00:00:07, elapsed time = 00:00:02, memory = 1486.08 (MB), peak = 1659.50 (MB)
[INFO DRT-0187] Start routing data preparation.
[INFO DRT-0267] cpu time = 00:00:00, elapsed time = 00:00:00, memory = 1486.20 (MB), peak = 1659.50 (MB)
[INFO DRT-0194] Start detail routing.
[INFO DRT-0195] Start 0th optimization iteration.
    Completing 10% with 0 violations.
    elapsed time = 00:00:05, memory = 10138.55 (MB).
    Completing 20% with 0 violations.
    elapsed time = 00:00:10, memory = 13788.44 (MB).
    Completing 30% with 537 violations.
    elapsed time = 00:00:15, memory = 14347.91 (MB).
    Completing 40% with 537 violations.
    elapsed time = 00:00:23, memory = 14345.11 (MB).
    Completing 50% with 537 violations.
    elapsed time = 00:00:27, memory = 12817.52 (MB).
    Completing 60% with 1138 violations.
    elapsed time = 00:00:38, memory = 15240.52 (MB).
    Completing 70% with 1138 violations.
    elapsed time = 00:00:44, memory = 15870.33 (MB).
    Completing 80% with 1458 violations.
    elapsed time = 00:00:52, memory = 16456.62 (MB).
    Completing 90% with 1458 violations.
    elapsed time = 00:01:01, memory = 16542.11 (MB).
    Completing 100% with 1858 violations.
    elapsed time = 00:01:09, memory = 11677.09 (MB).
[INFO DRT-0199]   Number of violations = 6490.
Viol/Layer          M1     M2     V2     M3     V3     M4     V4     M5     M6
CutSpcTbl            0      0      0      0      6      0     17      0      0
EOL                  0     47      0      3      0      1      0      0      0
Metal Spacing      811     47      0    123      0      0      0      3      2
Recheck              0   3401      0   1202      0     21      0      8      0
Short                0    298      2     19      3      8      4     11      0
eolKeepOut           0    408      0     15      0     30      0      0      0
[INFO DRT-0267] cpu time = 00:30:08, elapsed time = 00:01:10, memory = 11840.97 (MB), peak = 17044.21 (MB)
Total wire length = 48173 um.
Total wire length on LAYER M1 = 0 um.
Total wire length on LAYER M2 = 27040 um.
Total wire length on LAYER M3 = 16825 um.
Total wire length on LAYER M4 = 2484 um.
Total wire length on LAYER M5 = 1819 um.
Total wire length on LAYER M6 = 2 um.
Total wire length on LAYER M7 = 0 um.
Total wire length on LAYER M8 = 0 um.
Total wire length on LAYER M9 = 0 um.
Total wire length on LAYER Pad = 0 um.
Total number of vias = 211616.
Up-via summary (total 211616):

-----------------
 Active         0
     M1     98825
     M2    108329
     M3      2990
     M4      1454
     M5        16
     M6         2
     M7         0
     M8         0
     M9         0
-----------------
       211616


[INFO DRT-0195] Start 1st optimization iteration.
    Completing 10% with 6490 violations.
    elapsed time = 00:00:07, memory = 16879.61 (MB).
    Completing 20% with 6490 violations.
    elapsed time = 00:00:13, memory = 17102.77 (MB).
    Completing 30% with 4399 violations.
    elapsed time = 00:00:19, memory = 17513.56 (MB).
    Completing 40% with 4399 violations.
    elapsed time = 00:00:27, memory = 17425.79 (MB).
    Completing 50% with 4399 violations.
    elapsed time = 00:00:32, memory = 15100.86 (MB).
    Completing 60% with 2916 violations.
    elapsed time = 00:00:41, memory = 17455.78 (MB).
    Completing 70% with 2916 violations.
    elapsed time = 00:00:48, memory = 17620.32 (MB).
    Completing 80% with 1230 violations.
    elapsed time = 00:00:55, memory = 17903.40 (MB).
    Completing 90% with 1230 violations.
    elapsed time = 00:01:03, memory = 17762.34 (MB).
    Completing 100% with 30 violations.
    elapsed time = 00:01:10, memory = 12480.29 (MB).
[INFO DRT-0199]   Number of violations = 30.
Viol/Layer          M1     M2     M3     M4     V4
CutSpcTbl            0      0      0      0      1
Metal Spacing       16      0      7      1      0
Short                0      0      2      0      0
eolKeepOut           0      3      0      0      0
[INFO DRT-0267] cpu time = 00:31:12, elapsed time = 00:01:10, memory = 12486.29 (MB), peak = 18245.48 (MB)
Total wire length = 47507 um.
Total wire length on LAYER M1 = 0 um.
Total wire length on LAYER M2 = 26899 um.
Total wire length on LAYER M3 = 16272 um.
Total wire length on LAYER M4 = 2531 um.
Total wire length on LAYER M5 = 1803 um.
Total wire length on LAYER M6 = 0 um.
Total wire length on LAYER M7 = 0 um.
Total wire length on LAYER M8 = 0 um.
Total wire length on LAYER M9 = 0 um.
Total wire length on LAYER Pad = 0 um.
Total number of vias = 205566.
Up-via summary (total 205566):

-----------------
 Active         0
     M1     98821
     M2    102588
     M3      2775
     M4      1382
     M5         0
     M6         0
     M7         0
     M8         0
     M9         0
-----------------
       205566


[INFO DRT-0195] Start 2nd optimization iteration.
    Completing 10% with 30 violations.
    elapsed time = 00:00:00, memory = 12486.29 (MB).
    Completing 20% with 30 violations.
    elapsed time = 00:00:00, memory = 12486.29 (MB).
    Completing 30% with 20 violations.
    elapsed time = 00:00:02, memory = 12486.29 (MB).
    Completing 40% with 20 violations.
    elapsed time = 00:00:02, memory = 12486.29 (MB).
    Completing 50% with 20 violations.
    elapsed time = 00:00:03, memory = 12486.29 (MB).
    Completing 60% with 21 violations.
    elapsed time = 00:00:03, memory = 12486.29 (MB).
    Completing 70% with 21 violations.
    elapsed time = 00:00:03, memory = 12486.29 (MB).
    Completing 80% with 17 violations.
    elapsed time = 00:00:06, memory = 12486.29 (MB).
    Completing 90% with 17 violations.
    elapsed time = 00:00:06, memory = 12486.29 (MB).
    Completing 100% with 12 violations.
    elapsed time = 00:00:07, memory = 12486.29 (MB).
[INFO DRT-0199]   Number of violations = 17.
Viol/Layer          M1     M2     M3
Metal Spacing        6      0      2
Recheck              0      4      1
Short                0      0      1
eolKeepOut           0      3      0
[INFO DRT-0267] cpu time = 00:00:40, elapsed time = 00:00:07, memory = 12486.29 (MB), peak = 18245.48 (MB)
Total wire length = 47499 um.
Total wire length on LAYER M1 = 0 um.
Total wire length on LAYER M2 = 26899 um.
Total wire length on LAYER M3 = 16267 um.
Total wire length on LAYER M4 = 2528 um.
Total wire length on LAYER M5 = 1804 um.
Total wire length on LAYER M6 = 0 um.
Total wire length on LAYER M7 = 0 um.
Total wire length on LAYER M8 = 0 um.
Total wire length on LAYER M9 = 0 um.
Total wire length on LAYER Pad = 0 um.
Total number of vias = 205554.
Up-via summary (total 205554):

-----------------
 Active         0
     M1     98821
     M2    102616
     M3      2750
     M4      1367
     M5         0
     M6         0
     M7         0
     M8         0
     M9         0
-----------------
       205554


[INFO DRT-0195] Start 3rd guides tiles iteration.
    Completing 10% with 17 violations.
    elapsed time = 00:00:00, memory = 12822.86 (MB).
    Completing 20% with 17 violations.
    elapsed time = 00:00:00, memory = 12699.96 (MB).
    Completing 30% with 17 violations.
    elapsed time = 00:00:00, memory = 12556.29 (MB).
    Completing 40% with 17 violations.
    elapsed time = 00:00:00, memory = 12486.29 (MB).
    Completing 50% with 6 violations.
    elapsed time = 00:00:00, memory = 12486.29 (MB).
    Completing 60% with 4 violations.
    elapsed time = 00:00:01, memory = 12486.29 (MB).
    Completing 70% with 4 violations.
    elapsed time = 00:00:01, memory = 12579.41 (MB).
    Completing 80% with 4 violations.
    elapsed time = 00:00:01, memory = 12486.29 (MB).
    Completing 90% with 0 violations.
    elapsed time = 00:00:01, memory = 12486.29 (MB).
    Completing 100% with 0 violations.
    elapsed time = 00:00:01, memory = 12486.29 (MB).
[INFO DRT-0199]   Number of violations = 0.
[INFO DRT-0267] cpu time = 00:00:05, elapsed time = 00:00:01, memory = 12486.29 (MB), peak = 18245.48 (MB)
Total wire length = 47500 um.
Total wire length on LAYER M1 = 0 um.
Total wire length on LAYER M2 = 26896 um.
Total wire length on LAYER M3 = 16265 um.
Total wire length on LAYER M4 = 2531 um.
Total wire length on LAYER M5 = 1806 um.
Total wire length on LAYER M6 = 0 um.
Total wire length on LAYER M7 = 0 um.
Total wire length on LAYER M8 = 0 um.
Total wire length on LAYER M9 = 0 um.
Total wire length on LAYER Pad = 0 um.
Total number of vias = 205557.
Up-via summary (total 205557):

-----------------
 Active         0
     M1     98821
     M2    102606
     M3      2760
     M4      1370
     M5         0
     M6         0
     M7         0
     M8         0
     M9         0
-----------------
       205557


[INFO DRT-0198] Complete detail routing.
Total wire length = 47500 um.
Total wire length on LAYER M1 = 0 um.
Total wire length on LAYER M2 = 26896 um.
Total wire length on LAYER M3 = 16265 um.
Total wire length on LAYER M4 = 2531 um.
Total wire length on LAYER M5 = 1806 um.
Total wire length on LAYER M6 = 0 um.
Total wire length on LAYER M7 = 0 um.
Total wire length on LAYER M8 = 0 um.
Total wire length on LAYER M9 = 0 um.
Total wire length on LAYER Pad = 0 um.
Total number of vias = 205557.
Up-via summary (total 205557):

-----------------
 Active         0
     M1     98821
     M2    102606
     M3      2760
     M4      1370
     M5         0
     M6         0
     M7         0
     M8         0
     M9         0
-----------------
       205557


[INFO DRT-0267] cpu time = 01:02:06, elapsed time = 00:02:30, memory = 12486.41 (MB), peak = 18245.48 (MB)

[INFO DRT-0180] Post processing.
Took 216 seconds: detailed_route -output_drc ./reports/asap7/mock-cpu/base/5_route_drc.rpt -output_maze ./results/asap7/mock-cpu/base/maze.log -droute_end_iter 64 -verbose 1 -drc_report_iter_step 5
[WARNING GRT-0246] No diode with LEF class CORE ANTENNACELL found.
[INFO ANT-0002] Found 0 net violations.
[INFO ANT-0001] Found 0 pin violations.
[INFO ANT-0002] Found 0 net violations.
[INFO ANT-0001] Found 0 pin violations.
write_db ./results/asap7/mock-cpu/base/5_2_route.odb
Elapsed time: 3:39.65[h:]min:sec. CPU time: user 5620.58 sys 120.69 (2613%). Peak memory: 18683372KB.
Log                        Elapsed/s Peak Memory/MB  sha1sum .odb [0:20)
5_2_route                        219          18245 1f5933ddc64e90ab71f2
