OpenROAD 1447ce3293b9688b91b8c635d3811ac25a1ea20f 
Features included (+) or not (-): +GPU +GUI +Python
This program is licensed under the BSD-3 license. See the LICENSE file for details.
Components of this program may be licensed under more restrictive licenses which must be honored.
[INFO ORD-0030] Using 32 thread(s).
source /home/lucast/workspace/OR-flow-TCC/flow/platforms/asap7/liberty_suppressions.tcl
read_liberty /home/lucast/workspace/OR-flow-TCC/flow/platforms/asap7/lib/NLDM/asap7sc7p5t_AO_RVT_FF_nldm_211120.lib.gz
read_liberty /home/lucast/workspace/OR-flow-TCC/flow/platforms/asap7/lib/NLDM/asap7sc7p5t_INVBUF_RVT_FF_nldm_220122.lib.gz
read_liberty /home/lucast/workspace/OR-flow-TCC/flow/platforms/asap7/lib/NLDM/asap7sc7p5t_OA_RVT_FF_nldm_211120.lib.gz
read_liberty /home/lucast/workspace/OR-flow-TCC/flow/platforms/asap7/lib/NLDM/asap7sc7p5t_SIMPLE_RVT_FF_nldm_211120.lib.gz
read_liberty /home/lucast/workspace/OR-flow-TCC/flow/platforms/asap7/lib/NLDM/asap7sc7p5t_SEQ_RVT_FF_nldm_220123.lib
read_liberty /home/lucast/workspace/OR-flow-TCC/flow/platforms/asap7/lib/NLDM/asap7sc7p5t_DFFHQNH2V2X_RVT_TT_nldm_FAKE.lib
read_liberty /home/lucast/workspace/OR-flow-TCC/flow/platforms/asap7/lib/NLDM/asap7sc7p5t_DFFHQNV2X_RVT_TT_nldm_FAKE.lib
read_db -hier ./results/asap7/mock-alu/modified_alpha_4-beta_0.1-v3/3_place.odb
[WARNING ORD-0012] Hierarchical flow (-hier) is currently in development and may cause multiple issues. Do not use in production environments.
source /home/lucast/workspace/OR-flow-TCC/flow/platforms/asap7/setRC.tcl
clock_tree_synthesis -sink_clustering_enable -repair_clock_nets
[INFO CTS-0050] Root buffer is BUFx16f_ASAP7_75t_R.
[INFO CTS-0051] Sink buffer is BUFx24_ASAP7_75t_R.
[INFO CTS-0052] The following clock buffers will be used for CTS:
                    BUFx16f_ASAP7_75t_R
                    BUFx24_ASAP7_75t_R
[INFO CTS-0049] Characterization buffer is BUFx24_ASAP7_75t_R.
[INFO CTS-0007] Net "clock" found for clock "clock".
[INFO CTS-0010]  Clock net "clock" has 671 sinks.
[INFO CTS-0008] TritonCTS found 1 clock nets.
[INFO CTS-0097] Characterization used 2 buffer(s) types.
[INFO CTS-0201] 0 blockages from hard placement blockages and placed macros will be used.
[INFO CTS-0027] Generating H-Tree topology for net clock.
[INFO CTS-0028]  Total number of sinks: 671.
[INFO CTS-0090]  Sinks will be clustered based on buffer max cap.
[INFO CTS-0030]  Number of static layers: 0.
[INFO CTS-0020]  Wire segment unit: 1350  dbu (1 um).
[INFO CTS-0206] Best clustering solution was found from clustering size of 20 and clustering diameter of 50.
[INFO CTS-0019]  Total number of sinks after clustering: 37.
[INFO CTS-0024]  Normalized sink region: [(4.82991, 3.25989), (39.0788, 37.5474)].
[INFO CTS-0025]     Width:  34.2489.
[INFO CTS-0026]     Height: 34.2875.
 Level 1
    Direction: Vertical
    Sinks per sub-region: 19
    Sub-region size: 34.2489 X 17.1437
[INFO CTS-0034]     Segment length (rounded): 8.
 Level 2
    Direction: Horizontal
    Sinks per sub-region: 10
    Sub-region size: 17.1245 X 17.1437
[INFO CTS-0034]     Segment length (rounded): 8.
[INFO CTS-0032]  Stop criterion found. Max number of sinks is 15.
[INFO CTS-0035]  Number of sinks covered: 37.
[INFO CTS-0018]     Created 42 clock buffers.
[INFO CTS-0012]     Minimum number of buffers in the clock path: 3.
[INFO CTS-0013]     Maximum number of buffers in the clock path: 3.
[INFO CTS-0015]     Created 42 clock nets.
[INFO CTS-0016]     Fanout distribution for the current clock = 7:1, 8:1, 10:1, 11:1, 12:3, 15:1, 16:4, 17:1, 18:10, 19:7, 20:5, 21:5, 22:1..
[INFO CTS-0017]     Max level of the clock tree: 2.
[INFO CTS-0098] Clock net "clock"
[INFO CTS-0099]  Sinks 707
[INFO CTS-0100]  Leaf buffers 37
[INFO CTS-0101]  Average sink wire length 88.37 um
[INFO CTS-0102]  Path depth 2 - 3
[INFO CTS-0207]  Dummy loads inserted 36
estimate_parasitics -placement
[INFO DPL-0005] Max displacement: +/- 500 sites horizontally, +/- 100 rows vertically.
Movements Summary
---------------------------------------
Total cells:                   11874
Diamond Move Success:          11874 (100.00%)
Diamond Move Failure:              0
Rip-up and replace Success:        0 (  0.00% of diamond failures)
Rip-up and replace Failure:        0
Total Placement Failures:          0
---------------------------------------
Placement Analysis
---------------------------------
total displacement        219.6 u
average displacement        0.0 u
max displacement            1.5 u
original HPWL           37711.7 u
legalized HPWL          38519.0 u
delta HPWL                    2 %

estimate_parasitics -placement
repair_timing -setup_margin 0 -hold_margin 0 -repair_tns 100 -verbose
[INFO RSZ-0100] Repair move sequence: UnbufferMove SizeUpMove SwapPinsMove BufferMove CloneMove SplitLoadMove 
[INFO RSZ-0094] Found 784 endpoints with setup violations.
[INFO RSZ-0099] Repairing 784 out of 784 (100.00%) violating endpoints...
   Iter   | Removed | Resized | Inserted | Cloned |  Pin  |   Area   |    WNS   |   TNS      |  Viol  | Worst
          | Buffers |  Gates  | Buffers  |  Gates | Swaps |          |          |            | Endpts | Endpt
--------------------------------------------------------------------------------------------------------------
        0 |       0 |       0 |        0 |      0 |     0 |    +0.0% | -333.183 |   -33298.2 |    784 | io_out_REG[0]$_DFF_P_/D
       10 |       0 |       0 |        7 |      0 |     5 |    +0.0% | -329.995 |   -33230.3 |    784 | io_out_REG[0]$_DFF_P_/D
       20 |       0 |       3 |       12 |      0 |     9 |    +0.1% | -318.335 |   -33019.0 |    784 | io_out_REG[0]$_DFF_P_/D
       30 |       0 |       6 |       13 |      1 |    14 |    +0.1% | -313.060 |   -32985.6 |    784 | io_out_REG[0]$_DFF_P_/D
       40 |       0 |      10 |       15 |      1 |    18 |    +0.1% | -310.193 |   -32909.3 |    784 | io_out_REG[0]$_DFF_P_/D
       50 |       0 |      12 |       19 |      1 |    23 |    +0.1% | -309.603 |   -32927.6 |    784 | io_out_REG[0]$_DFF_P_/D
       60 |       0 |      14 |       22 |      2 |    28 |    +0.2% | -307.482 |   -32922.0 |    784 | io_out_REG[0]$_DFF_P_/D
       70 |       0 |      14 |       24 |      2 |    36 |    +0.2% | -306.882 |   -32916.5 |    784 | io_out_REG[0]$_DFF_P_/D
       80 |       0 |      17 |       26 |      2 |    41 |    +0.2% | -304.909 |   -32905.0 |    784 | io_out_REG[0]$_DFF_P_/D
       90 |       0 |      19 |       27 |      2 |    48 |    +0.2% | -304.226 |   -32898.3 |    784 | io_out_REG[0]$_DFF_P_/D
      100 |       0 |      20 |       28 |      2 |    56 |    +0.2% | -302.249 |   -32869.9 |    784 | io_out_REG[0]$_DFF_P_/D
      110 |       0 |      22 |       28 |      2 |    64 |    +0.2% | -304.015 |   -32885.7 |    784 | io_out_REG[0]$_DFF_P_/D
      110 |       0 |      20 |       28 |      2 |    57 |    +0.2% | -301.481 |   -32867.7 |    784 | io_out_REG[0]$_DFF_P_/D
      120 |       0 |      23 |       29 |      2 |    62 |    +0.2% | -301.481 |   -32859.1 |    784 | io_out_REG[0]$_DFF_P_/D
      122 |       1 |      23 |       29 |      2 |    63 |    +0.2% | -301.481 |   -32848.1 |    784 | io_out_REG[0]$_DFF_P_/D
      130 |       1 |      24 |       31 |      2 |    67 |    +0.2% | -301.481 |   -32845.0 |    784 | io_out_REG[0]$_DFF_P_/D
      140 |       1 |      27 |       31 |      2 |    74 |    +0.3% | -302.334 |   -32835.9 |    784 | io_out_REG[0]$_DFF_P_/D
      150 |       1 |      32 |       34 |      2 |    76 |    +0.3% | -301.862 |   -32865.6 |    784 | io_out_REG[0]$_DFF_P_/D
      153 |       1 |      23 |       30 |      2 |    65 |    +0.2% | -301.481 |   -32843.6 |    784 | io_out_REG[0]$_DFF_P_/D
      160 |       1 |      23 |       36 |      2 |    66 |    +0.3% | -301.481 |   -32458.9 |    784 | io_out_REG[0]$_DFF_P_/D
      170 |       1 |      27 |       36 |      3 |    71 |    +0.3% | -303.259 |   -32462.2 |    784 | io_out_REG[0]$_DFF_P_/D
      180 |       4 |      27 |       40 |      3 |    74 |    +0.3% | -303.259 |   -32459.1 |    784 | io_out_REG[0]$_DFF_P_/D
      190 |       9 |      27 |       45 |      3 |    74 |    +0.3% | -303.259 |   -32459.1 |    784 | io_out_REG[0]$_DFF_P_/D
      200 |      14 |      27 |       50 |      3 |    74 |    +0.3% | -303.259 |   -32459.1 |    784 | io_out_REG[0]$_DFF_P_/D
      206 |       1 |      23 |       32 |      2 |    66 |    +0.3% | -301.481 |   -32415.2 |    784 | io_out_REG[0]$_DFF_P_/D
      210 |       1 |      25 |       32 |      2 |    67 |    +0.3% | -302.614 |   -32421.5 |    784 | io_out_REG[0]$_DFF_P_/D
      220 |       1 |      29 |       32 |      2 |    73 |    +0.3% | -302.850 |   -32418.1 |    784 | io_out_REG[0]$_DFF_P_/D
      230 |       1 |      34 |       33 |      2 |    77 |    +0.3% | -302.463 |   -32415.4 |    784 | io_out_REG[0]$_DFF_P_/D
      230 |       1 |      23 |       32 |      2 |    66 |    +0.3% | -301.481 |   -32415.2 |    784 | io_out_REG[0]$_DFF_P_/D
      235 |       1 |      23 |       32 |      2 |    66 |    +0.3% | -301.481 |   -32415.2 |    784 | io_out_REG[0]$_DFF_P_/D
      240 |       1 |      25 |       32 |      2 |    68 |    +0.3% | -302.850 |   -32425.3 |    784 | io_out_REG[0]$_DFF_P_/D
      250 |       1 |      26 |       33 |      2 |    76 |    +0.3% | -304.074 |   -32457.5 |    784 | io_out_REG[0]$_DFF_P_/D
      253 |       1 |      23 |       32 |      2 |    67 |    +0.3% | -301.481 |   -32408.8 |    784 | io_out_REG[0]$_DFF_P_/D
      256 |       2 |      24 |       32 |      2 |    67 |    +0.3% | -301.095 |   -32400.2 |    784 | io_out_REG[0]$_DFF_P_/D
      258 |       2 |      24 |       32 |      2 |    68 |    +0.3% | -301.095 |   -32399.4 |    784 | io_out_REG[0]$_DFF_P_/D
      260 |       2 |      25 |       32 |      2 |    68 |    +0.3% | -301.095 |   -32166.2 |    784 | io_out_REG[0]$_DFF_P_/D
      270 |       2 |      31 |       33 |      2 |    71 |    +0.3% | -301.095 |   -30546.0 |    784 | io_out_REG[0]$_DFF_P_/D
      270 |       2 |      31 |       33 |      2 |    71 |    +0.3% | -301.095 |   -30546.0 |    784 | io_out_REG[0]$_DFF_P_/D
      280 |       2 |      39 |       33 |      2 |    72 |    +0.3% | -301.095 |   -29819.8 |    784 | io_out_REG[0]$_DFF_P_/D
      290 |       2 |      47 |       34 |      3 |    72 |    +0.3% | -301.095 |   -29614.5 |    784 | io_out_REG[0]$_DFF_P_/D
      300 |       2 |      56 |       34 |      4 |    72 |    +0.3% | -301.095 |   -29582.8 |    784 | io_out_REG[0]$_DFF_P_/D
      310 |       2 |      62 |       34 |      6 |    74 |    +0.4% | -301.095 |   -29303.2 |    784 | io_out_REG[0]$_DFF_P_/D
      320 |       2 |      68 |       36 |      6 |    76 |    +0.4% | -301.095 |   -29242.5 |    784 | io_out_REG[0]$_DFF_P_/D
      330 |       2 |      72 |       40 |      6 |    79 |    +0.4% | -301.095 |   -28848.0 |    784 | io_out_REG[0]$_DFF_P_/D
      340 |       2 |      76 |       44 |      8 |    79 |    +0.5% | -301.095 |   -28802.0 |    784 | io_out_REG[0]$_DFF_P_/D
      343 |       2 |      77 |       47 |      8 |    79 |    +0.5% | -301.095 |   -28869.6 |    784 | io_out_REG[0]$_DFF_P_/D
      350 |       2 |      78 |       50 |      8 |    82 |    +0.5% | -303.941 |   -28932.8 |    784 | io_out_REG[0]$_DFF_P_/D
      358 |       2 |      77 |       47 |      8 |    79 |    +0.5% | -301.095 |   -28869.6 |    784 | io_out_REG[0]$_DFF_P_/D
      360 |       2 |      77 |       47 |      8 |    80 |    +0.5% | -301.095 |   -28870.7 |    784 | io_out_REG[0]$_DFF_P_/D
      370 |       2 |      84 |       47 |      8 |    83 |    +0.5% | -301.095 |   -28864.3 |    784 | io_out_REG[0]$_DFF_P_/D
      371 |       2 |      84 |       47 |      8 |    82 |    +0.5% | -301.095 |   -28863.5 |    784 | io_out_REG[0]$_DFF_P_/D
      380 |       2 |      86 |       50 |      8 |    86 |    +0.6% | -303.941 |   -28918.0 |    784 | io_out_REG[0]$_DFF_P_/D
      387 |       2 |      84 |       47 |      8 |    82 |    +0.5% | -301.095 |   -28863.5 |    784 | io_out_REG[0]$_DFF_P_/D
      390 |       2 |      84 |       48 |      8 |    83 |    +0.5% | -301.095 |   -28867.4 |    784 | io_out_REG[0]$_DFF_P_/D
      400 |       2 |      89 |       50 |      9 |    85 |    +0.6% | -302.451 |   -28855.7 |    784 | io_out_REG[0]$_DFF_P_/D
      410 |       5 |      92 |       52 |      9 |    87 |    +0.6% | -303.818 |   -28859.6 |    784 | io_out_REG[0]$_DFF_P_/D
      415 |       2 |      84 |       47 |      8 |    83 |    +0.5% | -301.095 |   -28857.2 |    784 | io_out_REG[0]$_DFF_P_/D
      420 |       2 |      86 |       50 |      8 |    83 |    +0.6% | -303.941 |   -28921.1 |    784 | io_out_REG[0]$_DFF_P_/D
      424 |       2 |      84 |       47 |      8 |    83 |    +0.5% | -301.095 |   -28857.2 |    784 | io_out_REG[0]$_DFF_P_/D
      427 |       2 |      84 |       47 |      8 |    85 |    +0.5% | -301.095 |   -28855.8 |    784 | io_out_REG[0]$_DFF_P_/D
      430 |       2 |      84 |       47 |      8 |    87 |    +0.5% | -301.095 |   -28859.0 |    784 | io_out_REG[0]$_DFF_P_/D
      430 |       2 |      84 |       47 |      8 |    85 |    +0.5% | -301.095 |   -28855.8 |    784 | io_out_REG[0]$_DFF_P_/D
      440 |       2 |      88 |       48 |      8 |    89 |    +0.6% | -302.463 |   -28872.8 |    784 | io_out_REG[0]$_DFF_P_/D
      443 |       2 |      84 |       47 |      8 |    85 |    +0.5% | -301.095 |   -28855.8 |    784 | io_out_REG[0]$_DFF_P_/D
      449 |       2 |      84 |       47 |      8 |    85 |    +0.5% | -301.095 |   -28855.8 |    784 | io_out_REG[0]$_DFF_P_/D
      450 |       2 |      84 |       47 |      8 |    85 |    +0.5% | -301.095 |   -28855.8 |    784 | io_out_REG[0]$_DFF_P_/D
      456 |       2 |      84 |       47 |      8 |    86 |    +0.5% | -301.095 |   -28854.7 |    784 | io_out_REG[0]$_DFF_P_/D
      460 |       2 |      87 |       47 |      8 |    86 |    +0.5% | -301.095 |   -28782.4 |    784 | io_out_REG[0]$_DFF_P_/D
      470 |       2 |      94 |       48 |      8 |    88 |    +0.6% | -302.599 |   -28777.5 |    784 | io_out_REG[0]$_DFF_P_/D
      480 |       2 |      99 |       51 |      8 |    91 |    +0.6% | -302.599 |   -28729.6 |    784 | io_out_REG[0]$_DFF_P_/D
      490 |       2 |     103 |       54 |      9 |    94 |    +0.6% | -302.599 |   -28934.2 |    784 | io_out_REG[0]$_DFF_P_/D
      492 |       2 |      88 |       47 |      8 |    87 |    +0.5% | -301.095 |   -28780.4 |    784 | io_out_REG[0]$_DFF_P_/D
      500 |       2 |      90 |       49 |      9 |    89 |    +0.6% | -302.451 |   -28771.4 |    784 | io_out_REG[0]$_DFF_P_/D
      500 |       2 |      88 |       47 |      8 |    87 |    +0.5% | -301.095 |   -28780.4 |    784 | io_out_REG[0]$_DFF_P_/D
      510 |       2 |      96 |       47 |      8 |    88 |    +0.6% | -301.095 |   -28774.0 |    784 | io_out_REG[0]$_DFF_P_/D
      520 |       2 |     100 |       47 |      8 |    94 |    +0.6% | -301.095 |   -28780.3 |    784 | io_out_REG[0]$_DFF_P_/D
      528 |       2 |     105 |       47 |      8 |    97 |    +0.6% | -301.095 |   -28766.5 |    784 | io_out_REG[0]$_DFF_P_/D
      530 |       2 |     105 |       47 |      8 |    98 |    +0.6% | -301.095 |   -28765.9 |    784 | io_out_REG[0]$_DFF_P_/D
      536 |       2 |     105 |       47 |      8 |    98 |    +0.6% | -301.095 |   -28765.9 |    784 | io_out_REG[0]$_DFF_P_/D
      540 |       2 |     106 |       47 |      9 |    99 |    +0.6% | -302.195 |   -28829.7 |    784 | io_out_REG[0]$_DFF_P_/D
      543 |       2 |     105 |       47 |      8 |    99 |    +0.6% | -300.953 |   -28767.5 |    784 | io_out_REG[0]$_DFF_P_/D
      545 |       2 |     105 |       47 |      8 |    99 |    +0.6% | -300.953 |   -28767.5 |    784 | io_out_REG[0]$_DFF_P_/D
      550 |       2 |     109 |       47 |      8 |    99 |    +0.6% | -302.086 |   -28779.9 |    784 | io_out_REG[0]$_DFF_P_/D
      558 |       2 |     105 |       47 |      8 |    99 |    +0.6% | -300.953 |   -28767.5 |    784 | io_out_REG[0]$_DFF_P_/D
      560 |       2 |     106 |       47 |      8 |    99 |    +0.6% | -300.953 |   -28766.3 |    784 | io_out_REG[0]$_DFF_P_/D
      570 |       2 |     111 |       50 |     10 |   100 |    +0.6% | -300.953 |   -28739.4 |    784 | io_out_REG[0]$_DFF_P_/D
      580 |       2 |     116 |       51 |     10 |   104 |    +0.6% | -300.953 |   -28734.2 |    784 | io_out_REG[0]$_DFF_P_/D
      580 |       2 |     111 |       51 |     10 |   101 |    +0.6% | -300.953 |   -28733.8 |    784 | io_out_REG[0]$_DFF_P_/D
      590 |       2 |     119 |       51 |     10 |   102 |    +0.6% | -300.953 |   -28733.7 |    784 | io_out_REG[0]$_DFF_P_/D
      594 |       2 |     119 |       51 |     10 |   101 |    +0.6% | -300.953 |   -28733.0 |    784 | io_out_REG[0]$_DFF_P_/D
      600 |       2 |     122 |       52 |     10 |   102 |    +0.6% | -300.953 |   -28713.5 |    784 | io_out_REG[0]$_DFF_P_/D
      610 |       2 |     128 |       56 |     10 |   104 |    +0.7% | -300.953 |   -28688.3 |    784 | io_out_REG[0]$_DFF_P_/D
      611 |       2 |     127 |       55 |     10 |   102 |    +0.7% | -300.953 |   -28694.0 |    784 | io_out_REG[0]$_DFF_P_/D
      620 |       2 |     132 |       58 |     10 |   103 |    +0.7% | -302.086 |   -28699.4 |    784 | io_out_REG[0]$_DFF_P_/D
      620 |       2 |     127 |       55 |     10 |   102 |    +0.7% | -300.953 |   -28694.0 |    784 | io_out_REG[0]$_DFF_P_/D
      626 |       2 |     127 |       55 |     10 |   102 |    +0.7% | -300.953 |   -28694.0 |    784 | io_out_REG[0]$_DFF_P_/D
      630 |       2 |     129 |       55 |     10 |   103 |    +0.7% | -302.322 |   -28714.2 |    784 | io_out_REG[0]$_DFF_P_/D
      630 |       2 |     127 |       55 |     10 |   103 |    +0.7% | -300.953 |   -28687.2 |    784 | io_out_REG[0]$_DFF_P_/D
      640 |       2 |     129 |       59 |     10 |   107 |    +0.7% | -300.953 |   -28763.3 |    784 | io_out_REG[0]$_DFF_P_/D
      649 |       2 |     129 |       57 |     10 |   106 |    +0.7% | -300.953 |   -28677.9 |    784 | io_out_REG[0]$_DFF_P_/D
      650 |       2 |     129 |       57 |     10 |   106 |    +0.7% | -300.953 |   -28677.9 |    784 | io_out_REG[0]$_DFF_P_/D
      653 |       2 |     130 |       57 |     10 |   108 |    +0.7% | -300.953 |   -28664.5 |    784 | io_out_REG[0]$_DFF_P_/D
      660 |       2 |     133 |       58 |     11 |   109 |    +0.7% | -300.953 |   -28651.1 |    784 | io_out_REG[0]$_DFF_P_/D
      666 |       2 |     134 |       58 |     11 |   109 |    +0.7% | -300.953 |   -28650.9 |    784 | io_out_REG[0]$_DFF_P_/D
      670 |       2 |     134 |       58 |     11 |   112 |    +0.7% | -300.953 |   -28644.6 |    784 | io_out_REG[0]$_DFF_P_/D
      673 |       2 |     136 |       58 |     11 |   113 |    +0.7% | -300.953 |   -28645.5 |    784 | io_out_REG[0]$_DFF_P_/D
      676 |       2 |     136 |       58 |     11 |   115 |    +0.7% | -300.953 |   -28644.2 |    784 | io_out_REG[0]$_DFF_P_/D
      680 |       2 |     138 |       59 |     11 |   115 |    +0.7% | -300.953 |   -28631.4 |    784 | io_out_REG[0]$_DFF_P_/D
      690 |       2 |     143 |       62 |     12 |   116 |    +0.8% | -302.452 |   -28629.6 |    784 | io_out_REG[0]$_DFF_P_/D
      700 |       4 |     146 |       65 |     12 |   119 |    +0.8% | -303.818 |   -28624.7 |    784 | io_out_REG[0]$_DFF_P_/D
      700 |       2 |     138 |       59 |     11 |   115 |    +0.7% | -300.954 |   -28631.4 |    784 | io_out_REG[0]$_DFF_P_/D
      703 |       2 |     138 |       59 |     11 |   116 |    +0.7% | -300.954 |   -28630.7 |    784 | io_out_REG[0]$_DFF_P_/D
      704 |       2 |     138 |       59 |     11 |   116 |    +0.7% | -300.954 |   -28630.7 |    784 | io_out_REG[0]$_DFF_P_/D
      707 |       2 |     138 |       59 |     11 |   118 |    +0.7% | -300.954 |   -28625.6 |    784 | io_out_REG[0]$_DFF_P_/D
      710 |       2 |     140 |       59 |     11 |   118 |    +0.7% | -300.954 |   -28625.4 |    784 | io_out_REG[0]$_DFF_P_/D
      720 |       2 |     144 |       62 |     13 |   119 |    +0.8% | -300.954 |   -28649.6 |    784 | io_out_REG[0]$_DFF_P_/D
      730 |       2 |     150 |       63 |     14 |   121 |    +0.8% | -300.954 |   -28642.2 |    784 | io_out_REG[0]$_DFF_P_/D
      735 |       2 |     153 |       63 |     14 |   121 |    +0.8% | -300.954 |   -28669.5 |    784 | io_out_REG[0]$_DFF_P_/D
      736 |       2 |     153 |       63 |     14 |   121 |    +0.8% | -300.954 |   -28669.5 |    784 | io_out_REG[0]$_DFF_P_/D
      738 |       2 |     153 |       63 |     14 |   122 |    +0.8% | -300.954 |   -28668.7 |    784 | io_out_REG[0]$_DFF_P_/D
      740 |       2 |     154 |       63 |     14 |   122 |    +0.8% | -300.954 |   -28671.9 |    784 | io_out_REG[0]$_DFF_P_/D
      746 |       2 |     155 |       64 |     15 |   125 |    +0.8% | -300.954 |   -28670.7 |    784 | io_out_REG[0]$_DFF_P_/D
      750 |       2 |     155 |       64 |     15 |   128 |    +0.8% | -300.954 |   -28670.6 |    784 | io_out_REG[0]$_DFF_P_/D
      751 |       2 |     155 |       64 |     15 |   128 |    +0.8% | -300.954 |   -28670.6 |    784 | io_out_REG[0]$_DFF_P_/D
      760 |       2 |     157 |       66 |     15 |   132 |    +0.9% | -300.954 |   -28682.8 |    784 | io_out_REG[0]$_DFF_P_/D
      765 |       2 |     157 |       66 |     15 |   132 |    +0.9% | -300.954 |   -28682.8 |    784 | io_out_REG[0]$_DFF_P_/D
      770 |       2 |     158 |       66 |     15 |   135 |    +0.9% | -300.954 |   -28685.1 |    784 | io_out_REG[0]$_DFF_P_/D
      771 |       2 |     157 |       66 |     15 |   132 |    +0.9% | -300.954 |   -28682.8 |    784 | io_out_REG[0]$_DFF_P_/D
      777 |       2 |     157 |       66 |     15 |   132 |    +0.9% | -300.954 |   -28682.8 |    784 | io_out_REG[0]$_DFF_P_/D
      780 |       2 |     159 |       66 |     15 |   132 |    +0.9% | -302.086 |   -28699.7 |    784 | io_out_REG[0]$_DFF_P_/D
      790 |       2 |     162 |       70 |     15 |   136 |    +0.9% | -302.086 |   -28676.8 |    784 | io_out_REG[0]$_DFF_P_/D
      791 |       2 |     157 |       66 |     15 |   132 |    +0.9% | -300.954 |   -28682.8 |    784 | io_out_REG[0]$_DFF_P_/D
      794 |       2 |     157 |       66 |     15 |   132 |    +0.9% | -300.954 |   -28682.8 |    784 | io_out_REG[0]$_DFF_P_/D
      797 |       3 |     157 |       67 |     15 |   132 |    +0.9% | -300.954 |   -28682.5 |    784 | io_out_REG[0]$_DFF_P_/D
      800 |       3 |     159 |       67 |     15 |   132 |    +0.9% | -302.086 |   -28699.4 |    784 | io_out_REG[0]$_DFF_P_/D
      810 |       4 |     163 |       72 |     15 |   133 |    +0.9% | -302.086 |   -28678.9 |    784 | io_out_REG[0]$_DFF_P_/D
      810 |       3 |     157 |       67 |     15 |   132 |    +0.9% | -300.954 |   -28682.5 |    784 | io_out_REG[0]$_DFF_P_/D
      820 |       3 |     161 |       71 |     15 |   134 |    +0.9% | -302.086 |   -28690.3 |    784 | io_out_REG[0]$_DFF_P_/D
      820 |       3 |     157 |       67 |     15 |   132 |    +0.9% | -300.954 |   -28682.5 |    784 | io_out_REG[0]$_DFF_P_/D
      823 |       3 |     157 |       67 |     15 |   133 |    +0.9% | -300.954 |   -28681.7 |    784 | io_out_REG[0]$_DFF_P_/D
      825 |       3 |     157 |       67 |     15 |   134 |    +0.9% | -300.954 |   -28680.9 |    784 | io_out_REG[0]$_DFF_P_/D
      830 |       3 |     158 |       67 |     15 |   137 |    +0.9% | -302.599 |   -28679.4 |    784 | io_out_REG[0]$_DFF_P_/D
      830 |       3 |     157 |       67 |     15 |   134 |    +0.9% | -300.954 |   -28680.9 |    784 | io_out_REG[0]$_DFF_P_/D
      838 |       3 |     157 |       67 |     15 |   134 |    +0.9% | -300.954 |   -28680.9 |    784 | io_out_REG[0]$_DFF_P_/D
      840 |       3 |     157 |       67 |     15 |   135 |    +0.9% | -300.954 |   -28680.0 |    784 | io_out_REG[0]$_DFF_P_/D
      841 |       3 |     157 |       67 |     15 |   136 |    +0.9% | -300.954 |   -28679.4 |    784 | io_out_REG[0]$_DFF_P_/D
      846 |       3 |     158 |       67 |     15 |   136 |    +0.9% | -300.954 |   -28676.5 |    784 | io_out_REG[0]$_DFF_P_/D
      850 |       3 |     158 |       67 |     15 |   139 |    +0.9% | -300.954 |   -28675.2 |    784 | io_out_REG[0]$_DFF_P_/D
      850 |       3 |     158 |       67 |     15 |   138 |    +0.9% | -300.954 |   -28675.0 |    784 | io_out_REG[0]$_DFF_P_/D
      855 |       3 |     158 |       67 |     15 |   138 |    +0.9% | -300.954 |   -28675.0 |    784 | io_out_REG[0]$_DFF_P_/D
      860 |       3 |     158 |       67 |     15 |   142 |    +0.9% | -300.954 |   -28678.4 |    784 | io_out_REG[0]$_DFF_P_/D
      865 |       3 |     158 |       67 |     15 |   140 |    +0.9% | -300.954 |   -28670.7 |    784 | io_out_REG[0]$_DFF_P_/D
      870 |       3 |     158 |       67 |     15 |   144 |    +0.9% | -300.954 |   -28671.6 |    784 | io_out_REG[0]$_DFF_P_/D
      874 |       3 |     158 |       67 |     15 |   140 |    +0.9% | -300.954 |   -28670.7 |    784 | io_out_REG[0]$_DFF_P_/D
      880 |       3 |     159 |       67 |     15 |   144 |    +0.9% | -300.954 |   -28665.5 |    784 | io_out_REG[0]$_DFF_P_/D
      885 |       3 |     159 |       67 |     15 |   143 |    +0.9% | -300.954 |   -28663.5 |    784 | io_out_REG[0]$_DFF_P_/D
      890 |       3 |     159 |       67 |     15 |   147 |    +0.9% | -300.954 |   -28666.1 |    784 | io_out_REG[0]$_DFF_P_/D
      894 |       3 |     159 |       67 |     15 |   150 |    +0.9% | -300.954 |   -28655.9 |    784 | io_out_REG[0]$_DFF_P_/D
      900 |       3 |     159 |       67 |     15 |   155 |    +0.9% | -300.954 |   -28659.3 |    784 | io_out_REG[0]$_DFF_P_/D
      903 |       3 |     159 |       67 |     15 |   150 |    +0.9% | -300.954 |   -28655.9 |    784 | io_out_REG[0]$_DFF_P_/D
      910 |       3 |     159 |       67 |     15 |   156 |    +0.9% | -300.954 |   -28657.0 |    784 | io_out_REG[0]$_DFF_P_/D
      911 |       3 |     159 |       67 |     15 |   151 |    +0.9% | -300.954 |   -28652.2 |    784 | io_out_REG[0]$_DFF_P_/D
      920 |       3 |     159 |       67 |     15 |   159 |    +0.9% | -300.954 |   -28656.8 |    784 | io_out_REG[0]$_DFF_P_/D
      920 |       3 |     159 |       67 |     15 |   157 |    +0.9% | -300.954 |   -28650.8 |    784 | io_out_REG[0]$_DFF_P_/D
      929 |       3 |     159 |       67 |     15 |   160 |    +0.9% | -300.954 |   -28646.7 |    784 | io_out_REG[0]$_DFF_P_/D
      930 |       3 |     159 |       67 |     15 |   160 |    +0.9% | -300.954 |   -28646.7 |    784 | io_out_REG[0]$_DFF_P_/D
      937 |       3 |     159 |       67 |     15 |   166 |    +0.9% | -300.954 |   -28640.5 |    784 | io_out_REG[0]$_DFF_P_/D
      940 |       3 |     159 |       67 |     15 |   168 |    +0.9% | -300.954 |   -28652.6 |    784 | io_out_REG[0]$_DFF_P_/D
      945 |       3 |     159 |       67 |     15 |   166 |    +0.9% | -300.954 |   -28640.5 |    784 | io_out_REG[0]$_DFF_P_/D
      950 |       3 |     159 |       67 |     15 |   170 |    +0.9% | -300.954 |   -28646.1 |    784 | io_out_REG[0]$_DFF_P_/D
      957 |       3 |     161 |       67 |     15 |   175 |    +0.9% | -300.954 |   -28625.1 |    784 | io_out_REG[0]$_DFF_P_/D
      960 |       3 |     161 |       67 |     15 |   177 |    +0.9% | -300.954 |   -28624.3 |    784 | io_out_REG[0]$_DFF_P_/D
      965 |       3 |     161 |       67 |     15 |   175 |    +0.9% | -300.954 |   -28625.1 |    784 | io_out_REG[0]$_DFF_P_/D
      970 |       3 |     161 |       67 |     15 |   179 |    +0.9% | -300.954 |   -28626.5 |    784 | io_out_REG[0]$_DFF_P_/D
      973 |       3 |     161 |       67 |     15 |   176 |    +0.9% | -300.954 |   -28624.0 |    784 | io_out_REG[0]$_DFF_P_/D
      974 |       3 |     161 |       67 |     15 |   176 |    +0.9% | -300.954 |   -28624.0 |    784 | io_out_REG[0]$_DFF_P_/D
      976 |       3 |     161 |       67 |     15 |   177 |    +0.9% | -300.954 |   -28622.2 |    784 | io_out_REG[0]$_DFF_P_/D
      980 |       3 |     161 |       67 |     15 |   180 |    +0.9% | -300.954 |   -28628.2 |    784 | io_out_REG[0]$_DFF_P_/D
      985 |       3 |     161 |       67 |     15 |   178 |    +0.9% | -300.954 |   -28621.1 |    784 | io_out_REG[0]$_DFF_P_/D
      990 |       3 |     161 |       67 |     15 |   182 |    +0.9% | -300.954 |   -28621.6 |    784 | io_out_REG[0]$_DFF_P_/D
      996 |       3 |     161 |       67 |     15 |   179 |    +0.9% | -300.954 |   -28620.3 |    784 | io_out_REG[0]$_DFF_P_/D
      997 |       3 |     161 |       67 |     15 |   179 |    +0.9% | -300.954 |   -28620.3 |    784 | io_out_REG[0]$_DFF_P_/D
     1000 |       3 |     161 |       67 |     15 |   181 |    +0.9% | -300.954 |   -28624.4 |    784 | io_out_REG[0]$_DFF_P_/D
     1005 |       3 |     161 |       67 |     15 |   179 |    +0.9% | -300.954 |   -28620.3 |    784 | io_out_REG[0]$_DFF_P_/D
     1010 |       3 |     162 |       67 |     15 |   182 |    +0.9% | -300.954 |   -28617.7 |    784 | io_out_REG[0]$_DFF_P_/D
     1010 |       3 |     162 |       67 |     15 |   182 |    +0.9% | -300.954 |   -28617.7 |    784 | io_out_REG[0]$_DFF_P_/D
     1011 |       3 |     162 |       67 |     15 |   182 |    +0.9% | -300.954 |   -28617.7 |    784 | io_out_REG[0]$_DFF_P_/D
     1012 |       3 |     162 |       67 |     15 |   182 |    +0.9% | -300.954 |   -28617.7 |    784 | io_out_REG[0]$_DFF_P_/D
     1020 |       3 |     162 |       67 |     15 |   189 |    +0.9% | -300.954 |   -28624.4 |    784 | io_out_REG[0]$_DFF_P_/D
     1020 |       3 |     162 |       67 |     15 |   182 |    +0.9% | -300.954 |   -28617.7 |    784 | io_out_REG[0]$_DFF_P_/D
     1021 |       3 |     162 |       67 |     15 |   182 |    +0.9% | -300.954 |   -28617.7 |    784 | io_out_REG[0]$_DFF_P_/D
     1029 |       3 |     162 |       67 |     15 |   182 |    +0.9% | -300.954 |   -28617.7 |    784 | io_out_REG[0]$_DFF_P_/D
     1030 |       3 |     162 |       67 |     15 |   182 |    +0.9% | -300.954 |   -28617.7 |    784 | io_out_REG[0]$_DFF_P_/D
     1030 |       3 |     162 |       67 |     15 |   182 |    +0.9% | -300.954 |   -28617.7 |    784 | io_out_REG[0]$_DFF_P_/D
     1031 |       3 |     162 |       67 |     15 |   182 |    +0.9% | -300.954 |   -28617.7 |    784 | io_out_REG[0]$_DFF_P_/D
     1032 |       3 |     162 |       67 |     15 |   182 |    +0.9% | -300.954 |   -28617.7 |    784 | io_out_REG[0]$_DFF_P_/D
     1033 |       3 |     162 |       67 |     15 |   182 |    +0.9% | -300.954 |   -28617.7 |    784 | io_out_REG[0]$_DFF_P_/D
     1035 |       3 |     162 |       67 |     15 |   182 |    +0.9% | -300.954 |   -28617.7 |    784 | io_out_REG[0]$_DFF_P_/D
     1040 |       3 |     162 |       67 |     15 |   186 |    +0.9% | -300.954 |   -28624.9 |    784 | io_out_REG[0]$_DFF_P_/D
     1044 |       3 |     162 |       67 |     15 |   182 |    +0.9% | -300.954 |   -28617.7 |    784 | io_out_REG[0]$_DFF_P_/D
     1046 |       3 |     163 |       67 |     15 |   182 |    +0.9% | -300.954 |   -28611.7 |    784 | io_out_REG[0]$_DFF_P_/D
     1050 |       3 |     163 |       67 |     15 |   185 |    +0.9% | -300.954 |   -28616.1 |    784 | io_out_REG[0]$_DFF_P_/D
     1054 |       3 |     163 |       67 |     15 |   182 |    +0.9% | -300.954 |   -28611.7 |    784 | io_out_REG[0]$_DFF_P_/D
     1055 |       3 |     163 |       67 |     15 |   182 |    +0.9% | -300.954 |   -28611.7 |    784 | io_out_REG[0]$_DFF_P_/D
     1056 |       3 |     163 |       67 |     15 |   182 |    +0.9% | -300.954 |   -28611.7 |    784 | io_out_REG[0]$_DFF_P_/D
     1057 |       3 |     163 |       67 |     15 |   182 |    +0.9% | -300.954 |   -28611.7 |    784 | io_out_REG[0]$_DFF_P_/D
     1058 |       3 |     163 |       67 |     15 |   182 |    +0.9% | -300.954 |   -28611.7 |    784 | io_out_REG[0]$_DFF_P_/D
     1059 |       3 |     163 |       67 |     15 |   182 |    +0.9% | -300.954 |   -28611.7 |    784 | io_out_REG[0]$_DFF_P_/D
     1060 |       3 |     163 |       67 |     15 |   182 |    +0.9% | -300.954 |   -28611.7 |    784 | io_out_REG[0]$_DFF_P_/D
     1064 |       3 |     163 |       67 |     15 |   186 |    +0.9% | -300.954 |   -28609.8 |    784 | io_out_REG[0]$_DFF_P_/D
     1065 |       3 |     163 |       67 |     15 |   186 |    +0.9% | -300.954 |   -28609.8 |    784 | io_out_REG[0]$_DFF_P_/D
     1070 |       3 |     164 |       67 |     15 |   189 |    +0.9% | -300.954 |   -28610.0 |    784 | io_out_REG[0]$_DFF_P_/D
     1071 |       3 |     164 |       67 |     15 |   190 |    +0.9% | -300.954 |   -28605.6 |    784 | io_out_REG[0]$_DFF_P_/D
     1078 |       3 |     164 |       67 |     15 |   195 |    +0.9% | -300.954 |   -28604.7 |    784 | io_out_REG[0]$_DFF_P_/D
     1079 |       3 |     164 |       67 |     15 |   195 |    +0.9% | -300.954 |   -28604.7 |    784 | io_out_REG[0]$_DFF_P_/D
     1080 |       3 |     164 |       67 |     15 |   195 |    +0.9% | -300.954 |   -28604.7 |    784 | io_out_REG[0]$_DFF_P_/D
     1090 |       3 |     171 |       69 |     15 |   196 |    +0.9% | -300.954 |   -24909.5 |    784 | io_out_REG[0]$_DFF_P_/D
     1099 |       3 |     177 |       70 |     16 |   197 |    +0.9% | -300.954 |   -22974.7 |    782 | io_out_REG[0]$_DFF_P_/D
     1100 |       3 |     177 |       70 |     16 |   197 |    +0.9% | -300.954 |   -22974.7 |    782 | io_out_REG[0]$_DFF_P_/D
     1100 |       3 |     177 |       70 |     16 |   197 |    +0.9% | -300.954 |   -22974.7 |    781 | io_out_REG[0]$_DFF_P_/D
     1101 |       3 |     177 |       70 |     16 |   197 |    +0.9% | -300.954 |   -22974.7 |    780 | io_out_REG[0]$_DFF_P_/D
     1102 |       3 |     177 |       70 |     16 |   197 |    +0.9% | -300.954 |   -22974.7 |    779 | io_out_REG[0]$_DFF_P_/D
     1103 |       3 |     177 |       70 |     16 |   197 |    +0.9% | -300.954 |   -22974.7 |    778 | io_out_REG[0]$_DFF_P_/D
     1104 |       3 |     177 |       70 |     16 |   197 |    +0.9% | -300.954 |   -22974.7 |    777 | io_out_REG[0]$_DFF_P_/D
     1105 |       3 |     177 |       70 |     16 |   197 |    +0.9% | -300.954 |   -22974.7 |    777 | io_out_REG[0]$_DFF_P_/D
     1106 |       3 |     177 |       70 |     16 |   197 |    +0.9% | -300.954 |   -22974.7 |    776 | io_out_REG[0]$_DFF_P_/D
     1107 |       3 |     177 |       70 |     16 |   197 |    +0.9% | -300.954 |   -22974.7 |    775 | io_out_REG[0]$_DFF_P_/D
     1108 |       3 |     177 |       70 |     16 |   197 |    +0.9% | -300.954 |   -22974.7 |    774 | io_out_REG[0]$_DFF_P_/D
     1109 |       3 |     177 |       70 |     16 |   197 |    +0.9% | -300.954 |   -22974.7 |    773 | io_out_REG[0]$_DFF_P_/D
     1110 |       3 |     177 |       70 |     16 |   197 |    +0.9% | -300.954 |   -22974.7 |    773 | io_out_REG[0]$_DFF_P_/D
     1110 |       3 |     177 |       70 |     16 |   197 |    +0.9% | -300.954 |   -22974.7 |    772 | io_out_REG[0]$_DFF_P_/D
     1111 |       3 |     177 |       70 |     16 |   197 |    +0.9% | -300.954 |   -22974.7 |    771 | io_out_REG[0]$_DFF_P_/D
     1112 |       3 |     177 |       70 |     16 |   197 |    +0.9% | -300.954 |   -22974.7 |    770 | io_out_REG[0]$_DFF_P_/D
     1113 |       3 |     177 |       70 |     16 |   197 |    +0.9% | -300.954 |   -22974.7 |    769 | io_out_REG[0]$_DFF_P_/D
     1114 |       3 |     177 |       70 |     16 |   197 |    +0.9% | -300.954 |   -22974.7 |    768 | io_out_REG[0]$_DFF_P_/D
     1115 |       3 |     177 |       70 |     16 |   197 |    +0.9% | -300.954 |   -22974.7 |    767 | io_out_REG[0]$_DFF_P_/D
     1116 |       3 |     177 |       70 |     16 |   197 |    +0.9% | -300.954 |   -22974.7 |    766 | io_out_REG[0]$_DFF_P_/D
     1117 |       3 |     177 |       70 |     16 |   197 |    +0.9% | -300.954 |   -22974.7 |    765 | io_out_REG[0]$_DFF_P_/D
     1118 |       3 |     177 |       70 |     16 |   197 |    +0.9% | -300.954 |   -22974.7 |    764 | io_out_REG[0]$_DFF_P_/D
     1119 |       3 |     177 |       70 |     16 |   197 |    +0.9% | -300.954 |   -22974.7 |    763 | io_out_REG[0]$_DFF_P_/D
     1120 |       3 |     177 |       70 |     16 |   197 |    +0.9% | -300.954 |   -22974.7 |    763 | io_out_REG[0]$_DFF_P_/D
     1120 |       3 |     177 |       70 |     16 |   197 |    +0.9% | -300.954 |   -22974.7 |    762 | io_out_REG[0]$_DFF_P_/D
     1124 |       3 |     179 |       70 |     16 |   198 |    +0.9% | -300.954 |   -22894.1 |    760 | io_out_REG[0]$_DFF_P_/D
     1126 |       3 |     180 |       70 |     16 |   198 |    +0.9% | -300.954 |   -22879.3 |    758 | io_out_REG[0]$_DFF_P_/D
     1127 |       3 |     180 |       70 |     16 |   198 |    +0.9% | -300.954 |   -22879.3 |    757 | io_out_REG[0]$_DFF_P_/D
     1128 |       3 |     180 |       70 |     16 |   198 |    +0.9% | -300.954 |   -22879.3 |    756 | io_out_REG[0]$_DFF_P_/D
     1129 |       3 |     180 |       70 |     16 |   198 |    +0.9% | -300.954 |   -22879.3 |    755 | io_out_REG[0]$_DFF_P_/D
     1130 |       3 |     180 |       70 |     16 |   198 |    +0.9% | -300.954 |   -22879.3 |    755 | io_out_REG[0]$_DFF_P_/D
     1130 |       3 |     180 |       70 |     16 |   198 |    +0.9% | -300.954 |   -22879.3 |    754 | io_out_REG[0]$_DFF_P_/D
     1131 |       3 |     180 |       70 |     16 |   198 |    +0.9% | -300.954 |   -22879.3 |    753 | io_out_REG[0]$_DFF_P_/D
     1132 |       3 |     180 |       70 |     16 |   198 |    +0.9% | -300.954 |   -22879.3 |    752 | io_out_REG[0]$_DFF_P_/D
     1133 |       3 |     180 |       70 |     16 |   198 |    +0.9% | -300.954 |   -22879.3 |    751 | io_out_REG[0]$_DFF_P_/D
     1134 |       3 |     180 |       70 |     16 |   198 |    +0.9% | -300.954 |   -22879.3 |    750 | io_out_REG[0]$_DFF_P_/D
     1135 |       3 |     180 |       70 |     16 |   198 |    +0.9% | -300.954 |   -22879.3 |    749 | io_out_REG[0]$_DFF_P_/D
     1136 |       3 |     180 |       70 |     16 |   198 |    +0.9% | -300.954 |   -22879.3 |    748 | io_out_REG[0]$_DFF_P_/D
     1137 |       3 |     180 |       70 |     16 |   198 |    +0.9% | -300.954 |   -22879.3 |    747 | io_out_REG[0]$_DFF_P_/D
     1138 |       3 |     180 |       70 |     16 |   198 |    +0.9% | -300.954 |   -22879.3 |    746 | io_out_REG[0]$_DFF_P_/D
     1140 |       3 |     181 |       70 |     16 |   198 |    +0.9% | -300.954 |   -22878.9 |    745 | io_out_REG[0]$_DFF_P_/D
     1140 |       3 |     181 |       70 |     16 |   198 |    +0.9% | -300.954 |   -22878.9 |    744 | io_out_REG[0]$_DFF_P_/D
     1141 |       3 |     181 |       70 |     16 |   198 |    +0.9% | -300.954 |   -22878.9 |    743 | io_out_REG[0]$_DFF_P_/D
     1142 |       3 |     181 |       70 |     16 |   198 |    +0.9% | -300.954 |   -22878.9 |    742 | io_out_REG[0]$_DFF_P_/D
     1143 |       3 |     181 |       70 |     16 |   198 |    +0.9% | -300.954 |   -22878.9 |    741 | io_out_REG[0]$_DFF_P_/D
     1144 |       3 |     181 |       70 |     16 |   198 |    +0.9% | -300.954 |   -22878.9 |    740 | io_out_REG[0]$_DFF_P_/D
     1145 |       3 |     181 |       70 |     16 |   198 |    +0.9% | -300.954 |   -22878.9 |    739 | io_out_REG[0]$_DFF_P_/D
     1146 |       3 |     181 |       70 |     16 |   198 |    +0.9% | -300.954 |   -22878.9 |    738 | io_out_REG[0]$_DFF_P_/D
     1147 |       3 |     181 |       70 |     16 |   198 |    +0.9% | -300.954 |   -22878.9 |    737 | io_out_REG[0]$_DFF_P_/D
     1148 |       3 |     181 |       70 |     16 |   198 |    +0.9% | -300.954 |   -22878.9 |    736 | io_out_REG[0]$_DFF_P_/D
     1149 |       3 |     181 |       70 |     16 |   198 |    +0.9% | -300.954 |   -22878.9 |    735 | io_out_REG[0]$_DFF_P_/D
     1150 |       3 |     181 |       70 |     16 |   198 |    +0.9% | -300.954 |   -22878.9 |    735 | io_out_REG[0]$_DFF_P_/D
     1150 |       3 |     181 |       70 |     16 |   198 |    +0.9% | -300.954 |   -22878.9 |    734 | io_out_REG[0]$_DFF_P_/D
     1152 |       3 |     181 |       70 |     16 |   198 |    +0.9% | -300.954 |   -22878.9 |    734 | io_out_REG[0]$_DFF_P_/D
     1153 |       3 |     181 |       70 |     16 |   198 |    +0.9% | -300.954 |   -22878.9 |    733 | io_out_REG[0]$_DFF_P_/D
     1154 |       3 |     181 |       70 |     16 |   198 |    +0.9% | -300.954 |   -22878.9 |    732 | io_out_REG[0]$_DFF_P_/D
     1155 |       3 |     181 |       70 |     16 |   198 |    +0.9% | -300.954 |   -22878.9 |    731 | io_out_REG[0]$_DFF_P_/D
     1156 |       3 |     181 |       70 |     16 |   198 |    +0.9% | -300.954 |   -22878.9 |    730 | io_out_REG[0]$_DFF_P_/D
     1157 |       3 |     181 |       70 |     16 |   198 |    +0.9% | -300.954 |   -22878.9 |    729 | io_out_REG[0]$_DFF_P_/D
     1158 |       3 |     181 |       70 |     16 |   198 |    +0.9% | -300.954 |   -22878.9 |    728 | io_out_REG[0]$_DFF_P_/D
     1159 |       3 |     181 |       70 |     16 |   198 |    +0.9% | -300.954 |   -22878.9 |    727 | io_out_REG[0]$_DFF_P_/D
     1160 |       3 |     181 |       70 |     16 |   198 |    +0.9% | -300.954 |   -22878.9 |    727 | io_out_REG[0]$_DFF_P_/D
     1160 |       3 |     181 |       70 |     16 |   198 |    +0.9% | -300.954 |   -22878.9 |    726 | io_out_REG[0]$_DFF_P_/D
     1161 |       3 |     181 |       70 |     16 |   198 |    +0.9% | -300.954 |   -22878.9 |    725 | io_out_REG[0]$_DFF_P_/D
     1162 |       3 |     181 |       70 |     16 |   198 |    +0.9% | -300.954 |   -22878.9 |    724 | io_out_REG[0]$_DFF_P_/D
     1163 |       3 |     181 |       70 |     16 |   198 |    +0.9% | -300.954 |   -22878.9 |    723 | io_out_REG[0]$_DFF_P_/D
     1164 |       3 |     181 |       70 |     16 |   198 |    +0.9% | -300.954 |   -22878.9 |    722 | io_out_REG[0]$_DFF_P_/D
     1165 |       3 |     181 |       70 |     16 |   198 |    +0.9% | -300.954 |   -22878.9 |    721 | io_out_REG[0]$_DFF_P_/D
     1166 |       3 |     181 |       70 |     16 |   198 |    +0.9% | -300.954 |   -22878.9 |    720 | io_out_REG[0]$_DFF_P_/D
     1167 |       3 |     181 |       70 |     16 |   198 |    +0.9% | -300.954 |   -22878.9 |    719 | io_out_REG[0]$_DFF_P_/D
     1168 |       3 |     181 |       70 |     16 |   198 |    +0.9% | -300.954 |   -22878.9 |    718 | io_out_REG[0]$_DFF_P_/D
     1169 |       3 |     181 |       70 |     16 |   198 |    +0.9% | -300.954 |   -22878.9 |    717 | io_out_REG[0]$_DFF_P_/D
     1170 |       3 |     181 |       70 |     16 |   198 |    +0.9% | -300.954 |   -22878.9 |    717 | io_out_REG[0]$_DFF_P_/D
     1170 |       3 |     181 |       70 |     16 |   198 |    +0.9% | -300.954 |   -22878.9 |    716 | io_out_REG[0]$_DFF_P_/D
     1171 |       3 |     181 |       70 |     16 |   198 |    +0.9% | -300.954 |   -22878.9 |    715 | io_out_REG[0]$_DFF_P_/D
     1172 |       3 |     181 |       70 |     16 |   198 |    +0.9% | -300.954 |   -22878.9 |    715 | io_out_REG[0]$_DFF_P_/D
     1173 |       3 |     181 |       70 |     16 |   198 |    +0.9% | -300.954 |   -22878.9 |    714 | io_out_REG[0]$_DFF_P_/D
     1174 |       3 |     181 |       70 |     16 |   198 |    +0.9% | -300.954 |   -22878.9 |    713 | io_out_REG[0]$_DFF_P_/D
     1175 |       3 |     181 |       70 |     16 |   198 |    +0.9% | -300.954 |   -22878.9 |    712 | io_out_REG[0]$_DFF_P_/D
     1176 |       3 |     181 |       70 |     16 |   198 |    +0.9% | -300.954 |   -22878.9 |    711 | io_out_REG[0]$_DFF_P_/D
     1177 |       3 |     181 |       70 |     16 |   198 |    +0.9% | -300.954 |   -22878.9 |    710 | io_out_REG[0]$_DFF_P_/D
     1178 |       3 |     181 |       70 |     16 |   198 |    +0.9% | -300.954 |   -22878.9 |    709 | io_out_REG[0]$_DFF_P_/D
     1179 |       3 |     181 |       70 |     16 |   198 |    +0.9% | -300.954 |   -22878.9 |    708 | io_out_REG[0]$_DFF_P_/D
     1180 |       3 |     181 |       70 |     16 |   198 |    +0.9% | -300.954 |   -22878.9 |    708 | io_out_REG[0]$_DFF_P_/D
     1180 |       3 |     181 |       70 |     16 |   198 |    +0.9% | -300.954 |   -22878.9 |    707 | io_out_REG[0]$_DFF_P_/D
     1185 |       3 |     181 |       70 |     16 |   199 |    +0.9% | -300.954 |   -22877.9 |    707 | io_out_REG[0]$_DFF_P_/D
     1186 |       3 |     181 |       70 |     16 |   199 |    +0.9% | -300.954 |   -22877.9 |    707 | io_out_REG[0]$_DFF_P_/D
     1187 |       3 |     181 |       70 |     16 |   199 |    +0.9% | -300.954 |   -22877.9 |    706 | io_out_REG[0]$_DFF_P_/D
     1188 |       3 |     181 |       70 |     16 |   199 |    +0.9% | -300.954 |   -22877.9 |    705 | io_out_REG[0]$_DFF_P_/D
     1189 |       3 |     181 |       70 |     16 |   199 |    +0.9% | -300.954 |   -22877.9 |    704 | io_out_REG[0]$_DFF_P_/D
     1190 |       3 |     181 |       70 |     16 |   199 |    +0.9% | -300.954 |   -22877.9 |    704 | io_out_REG[0]$_DFF_P_/D
     1190 |       3 |     181 |       70 |     16 |   199 |    +0.9% | -300.954 |   -22877.9 |    703 | io_out_REG[0]$_DFF_P_/D
     1191 |       3 |     181 |       70 |     16 |   199 |    +0.9% | -300.954 |   -22877.9 |    702 | io_out_REG[0]$_DFF_P_/D
     1192 |       3 |     181 |       70 |     16 |   199 |    +0.9% | -300.954 |   -22877.9 |    701 | io_out_REG[0]$_DFF_P_/D
     1193 |       3 |     181 |       70 |     16 |   199 |    +0.9% | -300.954 |   -22877.9 |    700 | io_out_REG[0]$_DFF_P_/D
     1194 |       3 |     181 |       70 |     16 |   199 |    +0.9% | -300.954 |   -22877.9 |    699 | io_out_REG[0]$_DFF_P_/D
     1195 |       3 |     181 |       70 |     16 |   199 |    +0.9% | -300.954 |   -22877.9 |    698 | io_out_REG[0]$_DFF_P_/D
     1196 |       3 |     181 |       70 |     16 |   199 |    +0.9% | -300.954 |   -22877.9 |    697 | io_out_REG[0]$_DFF_P_/D
     1197 |       3 |     181 |       70 |     16 |   199 |    +0.9% | -300.954 |   -22877.9 |    696 | io_out_REG[0]$_DFF_P_/D
     1198 |       3 |     181 |       70 |     16 |   199 |    +0.9% | -300.954 |   -22877.9 |    695 | io_out_REG[0]$_DFF_P_/D
     1199 |       3 |     181 |       70 |     16 |   199 |    +0.9% | -300.954 |   -22877.9 |    694 | io_out_REG[0]$_DFF_P_/D
     1200 |       3 |     181 |       70 |     16 |   199 |    +0.9% | -300.954 |   -22877.9 |    694 | io_out_REG[0]$_DFF_P_/D
     1200 |       3 |     181 |       70 |     16 |   199 |    +0.9% | -300.954 |   -22877.9 |    693 | io_out_REG[0]$_DFF_P_/D
     1201 |       3 |     181 |       70 |     16 |   199 |    +0.9% | -300.954 |   -22877.9 |    692 | io_out_REG[0]$_DFF_P_/D
     1210 |       3 |     183 |       72 |     18 |   201 |    +1.0% | -300.954 |   -21779.2 |    692 | io_out_REG[0]$_DFF_P_/D
     1213 |       3 |     185 |       73 |     18 |   201 |    +1.0% | -300.954 |   -21560.6 |    690 | io_out_REG[0]$_DFF_P_/D
     1214 |       3 |     185 |       73 |     18 |   201 |    +1.0% | -300.954 |   -21560.6 |    689 | io_out_REG[0]$_DFF_P_/D
     1215 |       3 |     185 |       73 |     18 |   201 |    +1.0% | -300.954 |   -21560.6 |    688 | io_out_REG[0]$_DFF_P_/D
     1216 |       3 |     185 |       73 |     18 |   201 |    +1.0% | -300.954 |   -21560.6 |    687 | io_out_REG[0]$_DFF_P_/D
     1217 |       3 |     185 |       73 |     18 |   201 |    +1.0% | -300.954 |   -21560.6 |    686 | io_out_REG[0]$_DFF_P_/D
     1218 |       3 |     185 |       73 |     18 |   201 |    +1.0% | -300.954 |   -21560.6 |    685 | io_out_REG[0]$_DFF_P_/D
     1219 |       3 |     185 |       73 |     18 |   201 |    +1.0% | -300.954 |   -21560.6 |    684 | io_out_REG[0]$_DFF_P_/D
     1220 |       3 |     185 |       73 |     18 |   201 |    +1.0% | -300.954 |   -21560.6 |    684 | io_out_REG[0]$_DFF_P_/D
     1220 |       3 |     185 |       73 |     18 |   201 |    +1.0% | -300.954 |   -21560.6 |    683 | io_out_REG[0]$_DFF_P_/D
     1221 |       3 |     185 |       73 |     18 |   201 |    +1.0% | -300.954 |   -21560.6 |    682 | io_out_REG[0]$_DFF_P_/D
     1222 |       3 |     185 |       73 |     18 |   201 |    +1.0% | -300.954 |   -21560.6 |    681 | io_out_REG[0]$_DFF_P_/D
     1223 |       3 |     185 |       73 |     18 |   201 |    +1.0% | -300.954 |   -21560.6 |    680 | io_out_REG[0]$_DFF_P_/D
     1224 |       3 |     185 |       73 |     18 |   201 |    +1.0% | -300.954 |   -21560.6 |    679 | io_out_REG[0]$_DFF_P_/D
     1225 |       3 |     185 |       73 |     18 |   201 |    +1.0% | -300.954 |   -21560.6 |    678 | io_out_REG[0]$_DFF_P_/D
     1226 |       3 |     185 |       73 |     18 |   201 |    +1.0% | -300.954 |   -21560.6 |    677 | io_out_REG[0]$_DFF_P_/D
     1227 |       3 |     185 |       73 |     18 |   201 |    +1.0% | -300.954 |   -21560.6 |    676 | io_out_REG[0]$_DFF_P_/D
     1228 |       3 |     185 |       73 |     18 |   201 |    +1.0% | -300.954 |   -21560.6 |    675 | io_out_REG[0]$_DFF_P_/D
     1230 |       3 |     186 |       73 |     18 |   201 |    +1.0% | -300.954 |   -21567.4 |    675 | io_out_REG[0]$_DFF_P_/D
     1231 |       3 |     187 |       73 |     18 |   201 |    +1.0% | -300.954 |   -21536.6 |    673 | io_out_REG[0]$_DFF_P_/D
     1238 |       3 |     187 |       73 |     18 |   206 |    +1.0% | -300.954 |   -21533.5 |    673 | io_out_REG[0]$_DFF_P_/D
     1239 |       3 |     187 |       73 |     18 |   206 |    +1.0% | -300.954 |   -21533.5 |    672 | io_out_REG[0]$_DFF_P_/D
     1240 |       3 |     187 |       73 |     18 |   206 |    +1.0% | -300.954 |   -21533.5 |    672 | io_out_REG[0]$_DFF_P_/D
     1240 |       3 |     187 |       73 |     18 |   206 |    +1.0% | -300.954 |   -21533.5 |    671 | io_out_REG[0]$_DFF_P_/D
     1241 |       3 |     187 |       73 |     18 |   206 |    +1.0% | -300.954 |   -21533.5 |    670 | io_out_REG[0]$_DFF_P_/D
     1242 |       3 |     187 |       73 |     18 |   206 |    +1.0% | -300.954 |   -21533.5 |    669 | io_out_REG[0]$_DFF_P_/D
     1243 |       3 |     187 |       73 |     18 |   206 |    +1.0% | -300.954 |   -21533.5 |    668 | io_out_REG[0]$_DFF_P_/D
     1244 |       3 |     187 |       73 |     18 |   206 |    +1.0% | -300.954 |   -21533.5 |    667 | io_out_REG[0]$_DFF_P_/D
     1247 |       3 |     189 |       73 |     18 |   206 |    +1.0% | -300.954 |   -21495.7 |    665 | io_out_REG[0]$_DFF_P_/D
     1250 |       3 |     191 |       73 |     18 |   206 |    +1.0% | -300.954 |   -21449.0 |    664 | io_out_REG[0]$_DFF_P_/D
     1250 |       3 |     191 |       73 |     18 |   206 |    +1.0% | -300.954 |   -21449.0 |    663 | io_out_REG[0]$_DFF_P_/D
     1253 |       3 |     193 |       73 |     18 |   206 |    +1.0% | -300.954 |   -21442.7 |    661 | io_out_REG[0]$_DFF_P_/D
     1254 |       3 |     193 |       73 |     18 |   206 |    +1.0% | -300.954 |   -21442.7 |    660 | io_out_REG[0]$_DFF_P_/D
     1255 |       3 |     193 |       73 |     18 |   206 |    +1.0% | -300.954 |   -21442.7 |    659 | io_out_REG[0]$_DFF_P_/D
     1257 |       3 |     194 |       73 |     18 |   206 |    +1.0% | -300.954 |   -21427.9 |    657 | io_out_REG[0]$_DFF_P_/D
     1258 |       3 |     194 |       73 |     18 |   206 |    +1.0% | -300.954 |   -21427.9 |    656 | io_out_REG[0]$_DFF_P_/D
     1259 |       3 |     194 |       73 |     18 |   206 |    +1.0% | -300.954 |   -21427.9 |    655 | io_out_REG[0]$_DFF_P_/D
     1260 |       3 |     194 |       73 |     18 |   206 |    +1.0% | -300.954 |   -21427.9 |    655 | io_out_REG[0]$_DFF_P_/D
     1260 |       3 |     194 |       73 |     18 |   206 |    +1.0% | -300.954 |   -21427.9 |    654 | io_out_REG[0]$_DFF_P_/D
     1261 |       3 |     194 |       73 |     18 |   206 |    +1.0% | -300.954 |   -21427.9 |    653 | io_out_REG[0]$_DFF_P_/D
     1262 |       3 |     194 |       73 |     18 |   206 |    +1.0% | -300.954 |   -21427.9 |    652 | io_out_REG[0]$_DFF_P_/D
     1263 |       3 |     194 |       73 |     18 |   206 |    +1.0% | -300.954 |   -21427.9 |    651 | io_out_REG[0]$_DFF_P_/D
     1264 |       3 |     194 |       73 |     18 |   206 |    +1.0% | -300.954 |   -21427.9 |    650 | io_out_REG[0]$_DFF_P_/D
     1265 |       3 |     194 |       73 |     18 |   206 |    +1.0% | -300.954 |   -21427.9 |    649 | io_out_REG[0]$_DFF_P_/D
     1266 |       3 |     194 |       73 |     18 |   206 |    +1.0% | -300.954 |   -21427.9 |    648 | io_out_REG[0]$_DFF_P_/D
     1268 |       3 |     195 |       73 |     18 |   206 |    +1.0% | -300.954 |   -21376.4 |    646 | io_out_REG[0]$_DFF_P_/D
     1269 |       3 |     195 |       73 |     18 |   206 |    +1.0% | -300.954 |   -21376.4 |    645 | io_out_REG[0]$_DFF_P_/D
     1270 |       3 |     195 |       73 |     18 |   206 |    +1.0% | -300.954 |   -21376.4 |    645 | io_out_REG[0]$_DFF_P_/D
     1270 |       3 |     195 |       73 |     18 |   206 |    +1.0% | -300.954 |   -21376.4 |    644 | io_out_REG[0]$_DFF_P_/D
     1271 |       3 |     195 |       73 |     18 |   206 |    +1.0% | -300.954 |   -21376.4 |    643 | io_out_REG[0]$_DFF_P_/D
     1272 |       3 |     195 |       73 |     18 |   206 |    +1.0% | -300.954 |   -21376.4 |    642 | io_out_REG[0]$_DFF_P_/D
     1274 |       3 |     196 |       73 |     18 |   206 |    +1.0% | -300.954 |   -21378.6 |    640 | io_out_REG[0]$_DFF_P_/D
     1275 |       3 |     196 |       73 |     18 |   206 |    +1.0% | -300.954 |   -21378.6 |    639 | io_out_REG[0]$_DFF_P_/D
     1277 |       3 |     196 |       74 |     18 |   206 |    +1.0% | -300.954 |   -21363.6 |    637 | io_out_REG[0]$_DFF_P_/D
     1278 |       3 |     196 |       74 |     18 |   206 |    +1.0% | -300.954 |   -21363.6 |    636 | io_out_REG[0]$_DFF_P_/D
     1279 |       3 |     196 |       74 |     18 |   206 |    +1.0% | -300.954 |   -21363.6 |    635 | io_out_REG[0]$_DFF_P_/D
     1280 |       3 |     196 |       74 |     18 |   206 |    +1.0% | -300.954 |   -21363.6 |    635 | io_out_REG[0]$_DFF_P_/D
     1280 |       3 |     196 |       74 |     18 |   206 |    +1.0% | -300.954 |   -21363.6 |    634 | io_out_REG[0]$_DFF_P_/D
     1287 |       3 |     196 |       74 |     18 |   208 |    +1.0% | -300.954 |   -21363.4 |    634 | io_out_REG[0]$_DFF_P_/D
     1290 |       3 |     196 |       76 |     18 |   209 |    +1.0% | -300.954 |   -20785.3 |    634 | io_out_REG[0]$_DFF_P_/D
     1296 |       3 |     201 |       77 |     18 |   209 |    +1.0% | -300.954 |   -19662.1 |    632 | io_out_REG[0]$_DFF_P_/D
     1297 |       3 |     201 |       77 |     18 |   209 |    +1.0% | -300.954 |   -19662.1 |    631 | io_out_REG[0]$_DFF_P_/D
     1300 |       3 |     203 |       77 |     18 |   209 |    +1.0% | -300.954 |   -19635.7 |    631 | io_out_REG[0]$_DFF_P_/D
     1304 |       3 |     206 |       78 |     18 |   209 |    +1.0% | -300.954 |   -18730.7 |    629 | io_out_REG[0]$_DFF_P_/D
     1305 |       3 |     206 |       78 |     18 |   209 |    +1.0% | -300.954 |   -18730.7 |    628 | io_out_REG[0]$_DFF_P_/D
     1307 |       3 |     206 |       78 |     18 |   210 |    +1.0% | -300.954 |   -18728.7 |    628 | io_out_REG[0]$_DFF_P_/D
     1308 |       3 |     206 |       78 |     18 |   210 |    +1.0% | -300.954 |   -18728.7 |    627 | io_out_REG[0]$_DFF_P_/D
     1310 |       3 |     207 |       78 |     18 |   210 |    +1.0% | -300.954 |   -18714.4 |    626 | io_out_REG[0]$_DFF_P_/D
     1310 |       3 |     207 |       78 |     18 |   210 |    +1.0% | -300.954 |   -18714.4 |    625 | io_out_REG[0]$_DFF_P_/D
     1313 |       3 |     208 |       79 |     18 |   210 |    +1.0% | -300.954 |   -18638.7 |    623 | io_out_REG[0]$_DFF_P_/D
     1314 |       3 |     208 |       79 |     18 |   210 |    +1.0% | -300.954 |   -18638.7 |    622 | io_out_REG[0]$_DFF_P_/D
     1319 |       3 |     211 |       79 |     19 |   210 |    +1.1% | -300.954 |   -18309.7 |    620 | io_out_REG[0]$_DFF_P_/D
     1320 |       3 |     211 |       79 |     19 |   210 |    +1.1% | -300.954 |   -18309.7 |    620 | io_out_REG[0]$_DFF_P_/D
     1320 |       3 |     211 |       79 |     19 |   210 |    +1.1% | -300.954 |   -18309.7 |    619 | io_out_REG[0]$_DFF_P_/D
     1321 |       3 |     211 |       79 |     19 |   210 |    +1.1% | -300.954 |   -18309.7 |    618 | io_out_REG[0]$_DFF_P_/D
     1330 |       3 |     211 |       79 |     19 |   218 |    +1.1% | -300.954 |   -18313.4 |    618 | io_out_REG[0]$_DFF_P_/D
     1330 |       3 |     211 |       79 |     19 |   210 |    +1.1% | -300.954 |   -18309.7 |    618 | io_out_REG[0]$_DFF_P_/D
     1335 |       3 |     211 |       80 |     20 |   212 |    +1.1% | -300.954 |   -18305.5 |    616 | io_out_REG[0]$_DFF_P_/D
     1336 |       3 |     211 |       80 |     20 |   212 |    +1.1% | -300.954 |   -18305.5 |    615 | io_out_REG[0]$_DFF_P_/D
     1337 |       3 |     211 |       80 |     20 |   212 |    +1.1% | -300.954 |   -18305.5 |    614 | io_out_REG[0]$_DFF_P_/D
     1338 |       3 |     211 |       80 |     20 |   212 |    +1.1% | -300.954 |   -18305.5 |    613 | io_out_REG[0]$_DFF_P_/D
     1339 |       3 |     211 |       80 |     20 |   212 |    +1.1% | -300.954 |   -18305.5 |    612 | io_out_REG[0]$_DFF_P_/D
     1340 |       3 |     211 |       80 |     20 |   212 |    +1.1% | -300.954 |   -18305.5 |    612 | io_out_REG[0]$_DFF_P_/D
     1340 |       3 |     211 |       80 |     20 |   212 |    +1.1% | -300.954 |   -18305.5 |    611 | io_out_REG[0]$_DFF_P_/D
     1347 |       3 |     211 |       80 |     20 |   212 |    +1.1% | -300.954 |   -18305.5 |    611 | io_out_REG[0]$_DFF_P_/D
     1348 |       3 |     211 |       80 |     20 |   212 |    +1.1% | -300.954 |   -18305.5 |    610 | io_out_REG[0]$_DFF_P_/D
     1350 |       3 |     212 |       80 |     20 |   212 |    +1.1% | -300.954 |   -18326.6 |    610 | io_out_REG[0]$_DFF_P_/D
     1351 |       3 |     212 |       80 |     21 |   212 |    +1.1% | -300.954 |   -18346.2 |    608 | io_out_REG[0]$_DFF_P_/D
     1352 |       3 |     212 |       80 |     21 |   212 |    +1.1% | -300.954 |   -18346.2 |    607 | io_out_REG[0]$_DFF_P_/D
     1353 |       3 |     212 |       80 |     21 |   212 |    +1.1% | -300.954 |   -18346.2 |    606 | io_out_REG[0]$_DFF_P_/D
     1360 |       3 |     212 |       80 |     21 |   218 |    +1.1% | -300.954 |   -18361.0 |    606 | io_out_REG[0]$_DFF_P_/D
     1361 |       3 |     212 |       80 |     21 |   212 |    +1.1% | -300.954 |   -18346.2 |    606 | io_out_REG[0]$_DFF_P_/D
     1368 |       3 |     212 |       80 |     21 |   213 |    +1.1% | -300.954 |   -18344.8 |    606 | io_out_REG[0]$_DFF_P_/D
     1369 |       3 |     212 |       80 |     21 |   213 |    +1.1% | -300.954 |   -18344.8 |    605 | io_out_REG[0]$_DFF_P_/D
     1370 |       3 |     212 |       80 |     21 |   213 |    +1.1% | -300.954 |   -18344.8 |    605 | io_out_REG[0]$_DFF_P_/D
     1370 |       3 |     212 |       80 |     21 |   213 |    +1.1% | -300.954 |   -18344.8 |    604 | io_out_REG[0]$_DFF_P_/D
     1371 |       3 |     212 |       80 |     21 |   213 |    +1.1% | -300.954 |   -18344.8 |    603 | io_out_REG[0]$_DFF_P_/D
     1372 |       3 |     212 |       80 |     21 |   213 |    +1.1% | -300.954 |   -18344.8 |    602 | io_out_REG[0]$_DFF_P_/D
     1373 |       3 |     212 |       80 |     21 |   213 |    +1.1% | -300.954 |   -18344.8 |    601 | io_out_REG[0]$_DFF_P_/D
     1374 |       3 |     212 |       80 |     21 |   213 |    +1.1% | -300.954 |   -18344.8 |    600 | io_out_REG[0]$_DFF_P_/D
     1375 |       3 |     212 |       80 |     21 |   213 |    +1.1% | -300.954 |   -18344.8 |    599 | io_out_REG[0]$_DFF_P_/D
     1376 |       3 |     212 |       80 |     21 |   213 |    +1.1% | -300.954 |   -18344.8 |    598 | io_out_REG[0]$_DFF_P_/D
     1380 |       3 |     215 |       80 |     21 |   213 |    +1.1% | -300.954 |   -18131.8 |    598 | io_out_REG[0]$_DFF_P_/D
     1385 |       3 |     219 |       80 |     21 |   214 |    +1.1% | -300.954 |   -17794.8 |    596 | io_out_REG[0]$_DFF_P_/D
     1390 |       3 |     221 |       81 |     21 |   215 |    +1.1% | -300.954 |   -17741.2 |    596 | io_out_REG[0]$_DFF_P_/D
     1391 |       3 |     222 |       81 |     21 |   215 |    +1.1% | -300.954 |   -17730.2 |    594 | io_out_REG[0]$_DFF_P_/D
     1392 |       3 |     222 |       81 |     21 |   215 |    +1.1% | -300.954 |   -17730.2 |    593 | io_out_REG[0]$_DFF_P_/D
     1393 |       3 |     222 |       81 |     21 |   215 |    +1.1% | -300.954 |   -17730.2 |    592 | io_out_REG[0]$_DFF_P_/D
     1395 |       3 |     223 |       81 |     21 |   215 |    +1.1% | -300.954 |   -17733.0 |    590 | io_out_REG[0]$_DFF_P_/D
     1396 |       3 |     223 |       81 |     21 |   215 |    +1.1% | -300.954 |   -17733.0 |    589 | io_out_REG[0]$_DFF_P_/D
     1397 |       3 |     223 |       81 |     21 |   215 |    +1.1% | -300.954 |   -17733.0 |    588 | io_out_REG[0]$_DFF_P_/D
     1398 |       3 |     223 |       81 |     21 |   215 |    +1.1% | -300.954 |   -17733.0 |    587 | io_out_REG[0]$_DFF_P_/D
     1399 |       3 |     223 |       81 |     21 |   215 |    +1.1% | -300.954 |   -17733.0 |    586 | io_out_REG[0]$_DFF_P_/D
     1400 |       3 |     223 |       81 |     21 |   215 |    +1.1% | -300.954 |   -17733.0 |    586 | io_out_REG[0]$_DFF_P_/D
     1400 |       3 |     223 |       81 |     21 |   215 |    +1.1% | -300.954 |   -17733.0 |    585 | io_out_REG[0]$_DFF_P_/D
     1407 |       3 |     228 |       81 |     21 |   216 |    +1.1% | -300.954 |   -17424.8 |    583 | io_out_REG[0]$_DFF_P_/D
     1408 |       3 |     228 |       81 |     21 |   216 |    +1.1% | -300.954 |   -17424.8 |    582 | io_out_REG[0]$_DFF_P_/D
     1409 |       3 |     228 |       81 |     21 |   216 |    +1.1% | -300.954 |   -17424.8 |    581 | io_out_REG[0]$_DFF_P_/D
     1410 |       3 |     228 |       81 |     21 |   216 |    +1.1% | -300.954 |   -17424.8 |    581 | io_out_REG[0]$_DFF_P_/D
     1410 |       3 |     228 |       81 |     21 |   216 |    +1.1% | -300.954 |   -17424.8 |    580 | io_out_REG[0]$_DFF_P_/D
     1412 |       3 |     228 |       81 |     21 |   217 |    +1.1% | -300.954 |   -17424.3 |    578 | io_out_REG[0]$_DFF_P_/D
     1413 |       3 |     228 |       81 |     21 |   217 |    +1.1% | -300.954 |   -17424.3 |    577 | io_out_REG[0]$_DFF_P_/D
     1414 |       3 |     228 |       81 |     21 |   217 |    +1.1% | -300.954 |   -17424.3 |    576 | io_out_REG[0]$_DFF_P_/D
     1415 |       3 |     228 |       81 |     21 |   217 |    +1.1% | -300.954 |   -17424.3 |    575 | io_out_REG[0]$_DFF_P_/D
     1416 |       3 |     228 |       81 |     21 |   217 |    +1.1% | -300.954 |   -17424.3 |    574 | io_out_REG[0]$_DFF_P_/D
     1420 |       3 |     228 |       81 |     21 |   220 |    +1.1% | -300.954 |   -17430.2 |    574 | io_out_REG[0]$_DFF_P_/D
     1423 |       3 |     228 |       81 |     21 |   218 |    +1.1% | -300.954 |   -17423.1 |    574 | io_out_REG[0]$_DFF_P_/D
     1424 |       3 |     228 |       81 |     21 |   218 |    +1.1% | -300.954 |   -17423.1 |    573 | io_out_REG[0]$_DFF_P_/D
     1426 |       3 |     229 |       81 |     21 |   218 |    +1.1% | -300.954 |   -17422.5 |    571 | io_out_REG[0]$_DFF_P_/D
     1427 |       3 |     229 |       81 |     21 |   218 |    +1.1% | -300.954 |   -17422.5 |    570 | io_out_REG[0]$_DFF_P_/D
     1428 |       3 |     229 |       81 |     21 |   218 |    +1.1% | -300.954 |   -17422.5 |    569 | io_out_REG[0]$_DFF_P_/D
     1429 |       3 |     229 |       81 |     21 |   218 |    +1.1% | -300.954 |   -17422.5 |    568 | io_out_REG[0]$_DFF_P_/D
     1430 |       3 |     229 |       81 |     21 |   218 |    +1.1% | -300.954 |   -17422.5 |    568 | io_out_REG[0]$_DFF_P_/D
     1430 |       3 |     229 |       81 |     21 |   218 |    +1.1% | -300.954 |   -17422.5 |    567 | io_out_REG[0]$_DFF_P_/D
     1431 |       3 |     229 |       81 |     21 |   218 |    +1.1% | -300.954 |   -17422.5 |    566 | io_out_REG[0]$_DFF_P_/D
     1440 |       3 |     229 |       81 |     21 |   226 |    +1.1% | -300.954 |   -17429.0 |    566 | io_out_REG[0]$_DFF_P_/D
     1440 |       3 |     229 |       81 |     21 |   218 |    +1.1% | -300.954 |   -17422.5 |    566 | io_out_REG[0]$_DFF_P_/D
     1444 |       3 |     232 |       81 |     21 |   218 |    +1.1% | -300.954 |   -16999.0 |    564 | io_out_REG[0]$_DFF_P_/D
     1445 |       3 |     232 |       81 |     21 |   218 |    +1.1% | -300.954 |   -16999.0 |    563 | io_out_REG[0]$_DFF_P_/D
     1446 |       3 |     232 |       81 |     21 |   218 |    +1.1% | -300.954 |   -16999.0 |    562 | io_out_REG[0]$_DFF_P_/D
     1447 |       3 |     232 |       81 |     21 |   218 |    +1.1% | -300.954 |   -16999.0 |    561 | io_out_REG[0]$_DFF_P_/D
     1450 |       3 |     232 |       84 |     21 |   219 |    +1.1% | -300.954 |   -16343.4 |    561 | io_out_REG[0]$_DFF_P_/D
     1452 |       3 |     233 |       85 |     21 |   219 |    +1.2% | -300.954 |   -16230.5 |    559 | io_out_REG[0]$_DFF_P_/D
     1459 |       3 |     233 |       85 |     21 |   220 |    +1.2% | -300.954 |   -16229.1 |    559 | io_out_REG[0]$_DFF_P_/D
     1460 |       3 |     233 |       85 |     21 |   220 |    +1.2% | -300.954 |   -16229.1 |    559 | io_out_REG[0]$_DFF_P_/D
     1460 |       3 |     233 |       85 |     21 |   220 |    +1.2% | -300.954 |   -16229.1 |    558 | io_out_REG[0]$_DFF_P_/D
     1463 |       3 |     235 |       85 |     21 |   220 |    +1.2% | -300.954 |   -16164.3 |    556 | io_out_REG[0]$_DFF_P_/D
     1464 |       3 |     235 |       85 |     21 |   220 |    +1.2% | -300.954 |   -16164.3 |    555 | io_out_REG[0]$_DFF_P_/D
     1465 |       3 |     235 |       85 |     21 |   220 |    +1.2% | -300.954 |   -16164.3 |    554 | io_out_REG[0]$_DFF_P_/D
     1466 |       3 |     235 |       85 |     21 |   220 |    +1.2% | -300.954 |   -16164.3 |    553 | io_out_REG[0]$_DFF_P_/D
     1467 |       3 |     235 |       85 |     21 |   220 |    +1.2% | -300.954 |   -16164.3 |    552 | io_out_REG[0]$_DFF_P_/D
     1468 |       3 |     235 |       85 |     21 |   220 |    +1.2% | -300.954 |   -16164.3 |    551 | io_out_REG[0]$_DFF_P_/D
     1470 |       3 |     236 |       85 |     21 |   220 |    +1.2% | -300.954 |   -16163.5 |    550 | io_out_REG[0]$_DFF_P_/D
     1470 |       3 |     236 |       85 |     21 |   220 |    +1.2% | -300.954 |   -16163.5 |    549 | io_out_REG[0]$_DFF_P_/D
     1472 |       3 |     237 |       85 |     21 |   220 |    +1.2% | -300.954 |   -16162.4 |    547 | io_out_REG[0]$_DFF_P_/D
     1473 |       3 |     237 |       85 |     21 |   220 |    +1.2% | -300.954 |   -16162.4 |    546 | io_out_REG[0]$_DFF_P_/D
     1474 |       3 |     237 |       85 |     21 |   220 |    +1.2% | -300.954 |   -16162.4 |    545 | io_out_REG[0]$_DFF_P_/D
     1475 |       3 |     237 |       85 |     21 |   220 |    +1.2% | -300.954 |   -16162.4 |    544 | io_out_REG[0]$_DFF_P_/D
     1476 |       3 |     237 |       85 |     21 |   220 |    +1.2% | -300.954 |   -16162.4 |    543 | io_out_REG[0]$_DFF_P_/D
     1477 |       3 |     237 |       85 |     21 |   220 |    +1.2% | -300.954 |   -16162.4 |    542 | io_out_REG[0]$_DFF_P_/D
     1478 |       3 |     237 |       85 |     21 |   220 |    +1.2% | -300.954 |   -16162.4 |    541 | io_out_REG[0]$_DFF_P_/D
     1479 |       3 |     237 |       85 |     21 |   220 |    +1.2% | -300.954 |   -16162.4 |    540 | io_out_REG[0]$_DFF_P_/D
     1480 |       3 |     237 |       85 |     21 |   220 |    +1.2% | -300.954 |   -16162.4 |    540 | io_out_REG[0]$_DFF_P_/D
     1480 |       3 |     237 |       85 |     21 |   220 |    +1.2% | -300.954 |   -16162.4 |    539 | io_out_REG[0]$_DFF_P_/D
     1481 |       3 |     237 |       85 |     21 |   220 |    +1.2% | -300.954 |   -16162.4 |    538 | io_out_REG[0]$_DFF_P_/D
     1482 |       3 |     237 |       85 |     21 |   220 |    +1.2% | -300.954 |   -16162.4 |    537 | io_out_REG[0]$_DFF_P_/D
     1483 |       3 |     237 |       85 |     21 |   220 |    +1.2% | -300.954 |   -16162.4 |    536 | io_out_REG[0]$_DFF_P_/D
     1484 |       3 |     237 |       85 |     21 |   220 |    +1.2% | -300.954 |   -16162.4 |    535 | io_out_REG[0]$_DFF_P_/D
     1486 |       3 |     238 |       85 |     21 |   220 |    +1.2% | -300.954 |   -16162.3 |    533 | io_out_REG[0]$_DFF_P_/D
     1487 |       3 |     238 |       85 |     21 |   220 |    +1.2% | -300.954 |   -16162.3 |    532 | io_out_REG[0]$_DFF_P_/D
     1488 |       3 |     238 |       85 |     21 |   220 |    +1.2% | -300.954 |   -16162.3 |    531 | io_out_REG[0]$_DFF_P_/D
     1489 |       3 |     238 |       85 |     21 |   220 |    +1.2% | -300.954 |   -16162.3 |    530 | io_out_REG[0]$_DFF_P_/D
     1490 |       3 |     238 |       85 |     21 |   220 |    +1.2% | -300.954 |   -16162.3 |    530 | io_out_REG[0]$_DFF_P_/D
     1490 |       3 |     238 |       85 |     21 |   220 |    +1.2% | -300.954 |   -16162.3 |    529 | io_out_REG[0]$_DFF_P_/D
     1491 |       3 |     238 |       85 |     21 |   220 |    +1.2% | -300.954 |   -16162.3 |    528 | io_out_REG[0]$_DFF_P_/D
     1492 |       3 |     238 |       85 |     21 |   220 |    +1.2% | -300.954 |   -16162.3 |    527 | io_out_REG[0]$_DFF_P_/D
     1493 |       3 |     238 |       85 |     21 |   220 |    +1.2% | -300.954 |   -16162.3 |    526 | io_out_REG[0]$_DFF_P_/D
     1494 |       3 |     238 |       85 |     21 |   220 |    +1.2% | -300.954 |   -16162.3 |    525 | io_out_REG[0]$_DFF_P_/D
     1495 |       3 |     238 |       85 |     21 |   220 |    +1.2% | -300.954 |   -16162.3 |    524 | io_out_REG[0]$_DFF_P_/D
     1496 |       3 |     238 |       85 |     21 |   220 |    +1.2% | -300.954 |   -16162.3 |    523 | io_out_REG[0]$_DFF_P_/D
     1497 |       3 |     238 |       85 |     21 |   220 |    +1.2% | -300.954 |   -16162.3 |    522 | io_out_REG[0]$_DFF_P_/D
     1498 |       3 |     238 |       85 |     21 |   220 |    +1.2% | -300.954 |   -16162.3 |    521 | io_out_REG[0]$_DFF_P_/D
     1499 |       3 |     238 |       85 |     21 |   220 |    +1.2% | -300.954 |   -16162.3 |    520 | io_out_REG[0]$_DFF_P_/D
     1500 |       3 |     238 |       85 |     21 |   220 |    +1.2% | -300.954 |   -16162.3 |    520 | io_out_REG[0]$_DFF_P_/D
     1500 |       3 |     238 |       85 |     21 |   220 |    +1.2% | -300.954 |   -16162.3 |    519 | io_out_REG[0]$_DFF_P_/D
     1501 |       3 |     238 |       85 |     21 |   220 |    +1.2% | -300.954 |   -16162.3 |    518 | io_out_REG[0]$_DFF_P_/D
     1502 |       3 |     238 |       85 |     21 |   220 |    +1.2% | -300.954 |   -16162.3 |    517 | io_out_REG[0]$_DFF_P_/D
     1503 |       3 |     238 |       85 |     21 |   220 |    +1.2% | -300.954 |   -16162.3 |    516 | io_out_REG[0]$_DFF_P_/D
     1504 |       3 |     238 |       85 |     21 |   220 |    +1.2% | -300.954 |   -16162.3 |    515 | io_out_REG[0]$_DFF_P_/D
     1505 |       3 |     238 |       85 |     21 |   220 |    +1.2% | -300.954 |   -16162.3 |    514 | io_out_REG[0]$_DFF_P_/D
     1506 |       3 |     238 |       85 |     21 |   220 |    +1.2% | -300.954 |   -16162.3 |    513 | io_out_REG[0]$_DFF_P_/D
     1507 |       3 |     238 |       85 |     21 |   220 |    +1.2% | -300.954 |   -16162.3 |    512 | io_out_REG[0]$_DFF_P_/D
     1508 |       3 |     238 |       85 |     21 |   220 |    +1.2% | -300.954 |   -16162.3 |    511 | io_out_REG[0]$_DFF_P_/D
     1509 |       3 |     238 |       85 |     21 |   220 |    +1.2% | -300.954 |   -16162.3 |    510 | io_out_REG[0]$_DFF_P_/D
     1510 |       3 |     238 |       85 |     21 |   220 |    +1.2% | -300.954 |   -16162.3 |    510 | io_out_REG[0]$_DFF_P_/D
     1516 |       3 |     238 |       85 |     21 |   220 |    +1.2% | -300.954 |   -16162.3 |    510 | io_out_REG[0]$_DFF_P_/D
     1517 |       3 |     238 |       85 |     21 |   220 |    +1.2% | -300.954 |   -16162.3 |    509 | io_out_REG[0]$_DFF_P_/D
     1518 |       3 |     238 |       85 |     21 |   220 |    +1.2% | -300.954 |   -16162.3 |    508 | io_out_REG[0]$_DFF_P_/D
     1519 |       3 |     238 |       85 |     21 |   220 |    +1.2% | -300.954 |   -16162.3 |    507 | io_out_REG[0]$_DFF_P_/D
     1520 |       3 |     238 |       85 |     21 |   220 |    +1.2% | -300.954 |   -16162.3 |    507 | io_out_REG[0]$_DFF_P_/D
     1521 |       3 |     238 |       86 |     21 |   220 |    +1.2% | -300.954 |   -16159.3 |    505 | io_out_REG[0]$_DFF_P_/D
     1522 |       3 |     238 |       86 |     21 |   220 |    +1.2% | -300.954 |   -16159.3 |    504 | io_out_REG[0]$_DFF_P_/D
     1523 |       3 |     238 |       86 |     21 |   220 |    +1.2% | -300.954 |   -16159.3 |    503 | io_out_REG[0]$_DFF_P_/D
     1524 |       3 |     238 |       86 |     21 |   220 |    +1.2% | -300.954 |   -16159.3 |    502 | io_out_REG[0]$_DFF_P_/D
     1525 |       3 |     238 |       86 |     21 |   220 |    +1.2% | -300.954 |   -16159.3 |    501 | io_out_REG[0]$_DFF_P_/D
     1526 |       3 |     238 |       86 |     21 |   220 |    +1.2% | -300.954 |   -16159.3 |    500 | io_out_REG[0]$_DFF_P_/D
     1527 |       3 |     238 |       86 |     21 |   220 |    +1.2% | -300.954 |   -16159.3 |    499 | io_out_REG[0]$_DFF_P_/D
     1528 |       3 |     238 |       86 |     21 |   220 |    +1.2% | -300.954 |   -16159.3 |    498 | io_out_REG[0]$_DFF_P_/D
     1529 |       3 |     238 |       86 |     21 |   220 |    +1.2% | -300.954 |   -16159.3 |    497 | io_out_REG[0]$_DFF_P_/D
     1530 |       3 |     238 |       86 |     21 |   220 |    +1.2% | -300.954 |   -16159.3 |    497 | io_out_REG[0]$_DFF_P_/D
     1530 |       3 |     238 |       86 |     21 |   220 |    +1.2% | -300.954 |   -16159.3 |    496 | io_out_REG[0]$_DFF_P_/D
     1531 |       3 |     238 |       86 |     21 |   220 |    +1.2% | -300.954 |   -16159.3 |    495 | io_out_REG[0]$_DFF_P_/D
     1532 |       3 |     238 |       86 |     21 |   220 |    +1.2% | -300.954 |   -16159.3 |    494 | io_out_REG[0]$_DFF_P_/D
     1533 |       3 |     238 |       86 |     21 |   220 |    +1.2% | -300.954 |   -16159.3 |    493 | io_out_REG[0]$_DFF_P_/D
     1534 |       3 |     238 |       86 |     21 |   220 |    +1.2% | -300.954 |   -16159.3 |    492 | io_out_REG[0]$_DFF_P_/D
     1535 |       3 |     238 |       86 |     21 |   220 |    +1.2% | -300.954 |   -16159.3 |    492 | io_out_REG[0]$_DFF_P_/D
     1536 |       3 |     238 |       86 |     21 |   220 |    +1.2% | -300.954 |   -16159.3 |    491 | io_out_REG[0]$_DFF_P_/D
     1537 |       3 |     238 |       86 |     21 |   220 |    +1.2% | -300.954 |   -16159.3 |    490 | io_out_REG[0]$_DFF_P_/D
     1538 |       3 |     238 |       86 |     21 |   220 |    +1.2% | -300.954 |   -16159.3 |    489 | io_out_REG[0]$_DFF_P_/D
     1539 |       3 |     238 |       86 |     21 |   220 |    +1.2% | -300.954 |   -16159.3 |    488 | io_out_REG[0]$_DFF_P_/D
     1540 |       3 |     238 |       86 |     21 |   220 |    +1.2% | -300.954 |   -16159.3 |    488 | io_out_REG[0]$_DFF_P_/D
     1540 |       3 |     238 |       86 |     21 |   220 |    +1.2% | -300.954 |   -16159.3 |    487 | io_out_REG[0]$_DFF_P_/D
     1541 |       3 |     238 |       86 |     21 |   220 |    +1.2% | -300.954 |   -16159.3 |    486 | io_out_REG[0]$_DFF_P_/D
     1542 |       3 |     238 |       86 |     21 |   220 |    +1.2% | -300.954 |   -16159.3 |    485 | io_out_REG[0]$_DFF_P_/D
     1543 |       3 |     238 |       86 |     21 |   220 |    +1.2% | -300.954 |   -16159.3 |    484 | io_out_REG[0]$_DFF_P_/D
     1544 |       3 |     238 |       86 |     21 |   220 |    +1.2% | -300.954 |   -16159.3 |    483 | io_out_REG[0]$_DFF_P_/D
     1545 |       3 |     238 |       86 |     21 |   220 |    +1.2% | -300.954 |   -16159.3 |    483 | io_out_REG[0]$_DFF_P_/D
     1546 |       3 |     238 |       86 |     21 |   220 |    +1.2% | -300.954 |   -16159.3 |    482 | io_out_REG[0]$_DFF_P_/D
     1550 |       3 |     238 |       86 |     21 |   223 |    +1.2% | -300.954 |   -16164.9 |    482 | io_out_REG[0]$_DFF_P_/D
     1553 |       3 |     238 |       86 |     21 |   220 |    +1.2% | -300.954 |   -16159.3 |    482 | io_out_REG[0]$_DFF_P_/D
     1560 |       3 |     238 |       86 |     21 |   226 |    +1.2% | -300.954 |   -16170.3 |    482 | io_out_REG[0]$_DFF_P_/D
     1560 |       3 |     238 |       86 |     21 |   220 |    +1.2% | -300.954 |   -16159.3 |    482 | io_out_REG[0]$_DFF_P_/D
     1561 |       3 |     238 |       86 |     21 |   220 |    +1.2% | -300.954 |   -16159.3 |    482 | io_out_REG[0]$_DFF_P_/D
     1562 |       3 |     238 |       86 |     21 |   220 |    +1.2% | -300.954 |   -16159.3 |    481 | io_out_REG[0]$_DFF_P_/D
     1567 |       3 |     241 |       87 |     21 |   220 |    +1.2% | -300.954 |   -15793.3 |    479 | io_out_REG[0]$_DFF_P_/D
     1568 |       3 |     241 |       87 |     21 |   220 |    +1.2% | -300.954 |   -15793.3 |    478 | io_out_REG[0]$_DFF_P_/D
     1569 |       3 |     241 |       87 |     21 |   220 |    +1.2% | -300.954 |   -15793.3 |    477 | io_out_REG[0]$_DFF_P_/D
     1570 |       3 |     241 |       87 |     21 |   220 |    +1.2% | -300.954 |   -15793.3 |    477 | io_out_REG[0]$_DFF_P_/D
     1570 |       3 |     241 |       87 |     21 |   220 |    +1.2% | -300.954 |   -15793.3 |    476 | io_out_REG[0]$_DFF_P_/D
     1571 |       3 |     241 |       87 |     21 |   220 |    +1.2% | -300.954 |   -15793.3 |    475 | io_out_REG[0]$_DFF_P_/D
     1574 |       3 |     243 |       87 |     21 |   220 |    +1.2% | -300.954 |   -15705.9 |    473 | io_out_REG[0]$_DFF_P_/D
     1575 |       3 |     243 |       87 |     21 |   220 |    +1.2% | -300.954 |   -15705.9 |    472 | io_out_REG[0]$_DFF_P_/D
     1576 |       3 |     243 |       87 |     21 |   220 |    +1.2% | -300.954 |   -15705.9 |    471 | io_out_REG[0]$_DFF_P_/D
     1577 |       3 |     243 |       87 |     21 |   220 |    +1.2% | -300.954 |   -15705.9 |    470 | io_out_REG[0]$_DFF_P_/D
     1578 |       3 |     243 |       87 |     21 |   220 |    +1.2% | -300.954 |   -15705.9 |    469 | io_out_REG[0]$_DFF_P_/D
     1579 |       3 |     243 |       87 |     21 |   220 |    +1.2% | -300.954 |   -15705.9 |    468 | io_out_REG[0]$_DFF_P_/D
     1580 |       3 |     243 |       87 |     21 |   220 |    +1.2% | -300.954 |   -15705.9 |    468 | io_out_REG[0]$_DFF_P_/D
     1580 |       3 |     243 |       87 |     21 |   220 |    +1.2% | -300.954 |   -15705.9 |    467 | io_out_REG[0]$_DFF_P_/D
     1581 |       3 |     243 |       87 |     21 |   220 |    +1.2% | -300.954 |   -15705.9 |    466 | io_out_REG[0]$_DFF_P_/D
     1582 |       3 |     243 |       87 |     21 |   220 |    +1.2% | -300.954 |   -15705.9 |    465 | io_out_REG[0]$_DFF_P_/D
     1583 |       3 |     243 |       87 |     21 |   220 |    +1.2% | -300.954 |   -15705.9 |    464 | io_out_REG[0]$_DFF_P_/D
     1584 |       3 |     243 |       87 |     21 |   220 |    +1.2% | -300.954 |   -15705.9 |    463 | io_out_REG[0]$_DFF_P_/D
     1585 |       3 |     243 |       87 |     21 |   220 |    +1.2% | -300.954 |   -15705.9 |    462 | io_out_REG[0]$_DFF_P_/D
     1586 |       3 |     243 |       87 |     21 |   220 |    +1.2% | -300.954 |   -15705.9 |    461 | io_out_REG[0]$_DFF_P_/D
     1588 |       3 |     244 |       87 |     21 |   220 |    +1.2% | -300.954 |   -15702.5 |    459 | io_out_REG[0]$_DFF_P_/D
     1589 |       3 |     244 |       87 |     21 |   220 |    +1.2% | -300.954 |   -15702.5 |    458 | io_out_REG[0]$_DFF_P_/D
     1590 |       3 |     244 |       87 |     21 |   220 |    +1.2% | -300.954 |   -15702.5 |    458 | io_out_REG[0]$_DFF_P_/D
     1590 |       3 |     244 |       87 |     21 |   220 |    +1.2% | -300.954 |   -15702.5 |    457 | io_out_REG[0]$_DFF_P_/D
     1591 |       3 |     244 |       87 |     21 |   220 |    +1.2% | -300.954 |   -15702.5 |    456 | io_out_REG[0]$_DFF_P_/D
     1592 |       3 |     244 |       87 |     21 |   220 |    +1.2% | -300.954 |   -15702.5 |    455 | io_out_REG[0]$_DFF_P_/D
     1594 |       3 |     244 |       87 |     21 |   220 |    +1.2% | -300.954 |   -15702.5 |    455 | io_out_REG[0]$_DFF_P_/D
     1595 |       3 |     244 |       87 |     21 |   220 |    +1.2% | -300.954 |   -15702.5 |    454 | io_out_REG[0]$_DFF_P_/D
     1596 |       3 |     244 |       87 |     21 |   220 |    +1.2% | -300.954 |   -15702.5 |    453 | io_out_REG[0]$_DFF_P_/D
     1597 |       3 |     244 |       87 |     21 |   220 |    +1.2% | -300.954 |   -15702.5 |    452 | io_out_REG[0]$_DFF_P_/D
     1598 |       3 |     244 |       87 |     21 |   220 |    +1.2% | -300.954 |   -15702.5 |    451 | io_out_REG[0]$_DFF_P_/D
     1599 |       3 |     244 |       87 |     21 |   220 |    +1.2% | -300.954 |   -15702.5 |    450 | io_out_REG[0]$_DFF_P_/D
     1600 |       3 |     244 |       87 |     21 |   220 |    +1.2% | -300.954 |   -15702.5 |    450 | io_out_REG[0]$_DFF_P_/D
     1600 |       3 |     244 |       87 |     21 |   220 |    +1.2% | -300.954 |   -15702.5 |    449 | io_out_REG[0]$_DFF_P_/D
     1601 |       3 |     244 |       87 |     21 |   220 |    +1.2% | -300.954 |   -15702.5 |    448 | io_out_REG[0]$_DFF_P_/D
     1602 |       3 |     244 |       87 |     21 |   220 |    +1.2% | -300.954 |   -15702.5 |    447 | io_out_REG[0]$_DFF_P_/D
     1603 |       3 |     244 |       87 |     21 |   220 |    +1.2% | -300.954 |   -15702.5 |    446 | io_out_REG[0]$_DFF_P_/D
     1604 |       3 |     244 |       87 |     21 |   220 |    +1.2% | -300.954 |   -15702.5 |    445 | io_out_REG[0]$_DFF_P_/D
     1605 |       3 |     244 |       87 |     21 |   220 |    +1.2% | -300.954 |   -15702.5 |    444 | io_out_REG[0]$_DFF_P_/D
     1606 |       3 |     244 |       87 |     21 |   220 |    +1.2% | -300.954 |   -15702.5 |    443 | io_out_REG[0]$_DFF_P_/D
     1607 |       3 |     244 |       87 |     21 |   220 |    +1.2% | -300.954 |   -15702.5 |    442 | io_out_REG[0]$_DFF_P_/D
     1608 |       3 |     244 |       87 |     21 |   220 |    +1.2% | -300.954 |   -15702.5 |    441 | io_out_REG[0]$_DFF_P_/D
     1609 |       3 |     244 |       87 |     21 |   220 |    +1.2% | -300.954 |   -15702.5 |    440 | io_out_REG[0]$_DFF_P_/D
     1610 |       3 |     244 |       87 |     21 |   220 |    +1.2% | -300.954 |   -15702.5 |    440 | io_out_REG[0]$_DFF_P_/D
     1610 |       3 |     244 |       87 |     21 |   220 |    +1.2% | -300.954 |   -15702.5 |    439 | io_out_REG[0]$_DFF_P_/D
     1611 |       3 |     244 |       87 |     21 |   220 |    +1.2% | -300.954 |   -15702.5 |    438 | io_out_REG[0]$_DFF_P_/D
     1612 |       3 |     244 |       87 |     21 |   220 |    +1.2% | -300.954 |   -15702.5 |    437 | io_out_REG[0]$_DFF_P_/D
     1613 |       3 |     244 |       87 |     21 |   220 |    +1.2% | -300.954 |   -15702.5 |    436 | io_out_REG[0]$_DFF_P_/D
     1614 |       3 |     244 |       87 |     21 |   220 |    +1.2% | -300.954 |   -15702.5 |    435 | io_out_REG[0]$_DFF_P_/D
     1615 |       3 |     244 |       87 |     21 |   220 |    +1.2% | -300.954 |   -15702.5 |    434 | io_out_REG[0]$_DFF_P_/D
     1616 |       3 |     244 |       87 |     21 |   220 |    +1.2% | -300.954 |   -15702.5 |    433 | io_out_REG[0]$_DFF_P_/D
     1620 |       3 |     246 |       87 |     21 |   221 |    +1.2% | -300.954 |   -15654.5 |    433 | io_out_REG[0]$_DFF_P_/D
     1630 |       3 |     252 |       89 |     23 |   222 |    +1.2% | -300.954 |   -15772.8 |    433 | io_out_REG[0]$_DFF_P_/D
     1632 |       3 |     254 |       89 |     23 |   222 |    +1.2% | -300.954 |   -15633.1 |    431 | io_out_REG[0]$_DFF_P_/D
     1633 |       3 |     254 |       89 |     23 |   222 |    +1.2% | -300.954 |   -15633.1 |    430 | io_out_REG[0]$_DFF_P_/D
     1634 |       3 |     254 |       89 |     23 |   222 |    +1.2% | -300.954 |   -15633.1 |    429 | io_out_REG[0]$_DFF_P_/D
     1636 |       3 |     255 |       89 |     23 |   222 |    +1.2% | -300.954 |   -15632.3 |    427 | io_out_REG[0]$_DFF_P_/D
     1637 |       3 |     255 |       89 |     23 |   222 |    +1.2% | -300.954 |   -15632.3 |    426 | io_out_REG[0]$_DFF_P_/D
     1639 |       3 |     256 |       89 |     23 |   222 |    +1.2% | -300.954 |   -15632.1 |    424 | io_out_REG[0]$_DFF_P_/D
     1640 |       3 |     256 |       89 |     23 |   222 |    +1.2% | -300.954 |   -15632.1 |    424 | io_out_REG[0]$_DFF_P_/D
     1640 |       3 |     256 |       89 |     23 |   222 |    +1.2% | -300.954 |   -15632.1 |    423 | io_out_REG[0]$_DFF_P_/D
     1641 |       3 |     256 |       89 |     23 |   222 |    +1.2% | -300.954 |   -15632.1 |    422 | io_out_REG[0]$_DFF_P_/D
     1642 |       3 |     256 |       89 |     23 |   222 |    +1.2% | -300.954 |   -15632.1 |    421 | io_out_REG[0]$_DFF_P_/D
     1643 |       3 |     256 |       89 |     23 |   222 |    +1.2% | -300.954 |   -15632.1 |    420 | io_out_REG[0]$_DFF_P_/D
     1644 |       3 |     256 |       89 |     23 |   222 |    +1.2% | -300.954 |   -15632.1 |    419 | io_out_REG[0]$_DFF_P_/D
     1645 |       3 |     256 |       89 |     23 |   222 |    +1.2% | -300.954 |   -15632.1 |    418 | io_out_REG[0]$_DFF_P_/D
     1646 |       3 |     256 |       89 |     23 |   222 |    +1.2% | -300.954 |   -15632.1 |    417 | io_out_REG[0]$_DFF_P_/D
     1647 |       3 |     256 |       89 |     23 |   222 |    +1.2% | -300.954 |   -15632.1 |    416 | io_out_REG[0]$_DFF_P_/D
     1648 |       3 |     256 |       89 |     23 |   222 |    +1.2% | -300.954 |   -15632.1 |    415 | io_out_REG[0]$_DFF_P_/D
     1649 |       3 |     256 |       89 |     23 |   222 |    +1.2% | -300.954 |   -15632.1 |    414 | io_out_REG[0]$_DFF_P_/D
     1650 |       3 |     256 |       89 |     23 |   222 |    +1.2% | -300.954 |   -15632.1 |    414 | io_out_REG[0]$_DFF_P_/D
     1650 |       3 |     256 |       89 |     23 |   222 |    +1.2% | -300.954 |   -15632.1 |    413 | io_out_REG[0]$_DFF_P_/D
     1651 |       3 |     256 |       89 |     23 |   222 |    +1.2% | -300.954 |   -15632.1 |    412 | io_out_REG[0]$_DFF_P_/D
     1652 |       3 |     256 |       89 |     23 |   222 |    +1.2% | -300.954 |   -15632.1 |    411 | io_out_REG[0]$_DFF_P_/D
     1653 |       3 |     256 |       89 |     23 |   222 |    +1.2% | -300.954 |   -15632.1 |    410 | io_out_REG[0]$_DFF_P_/D
     1654 |       3 |     256 |       89 |     23 |   222 |    +1.2% | -300.954 |   -15632.1 |    409 | io_out_REG[0]$_DFF_P_/D
     1655 |       3 |     256 |       89 |     23 |   222 |    +1.2% | -300.954 |   -15632.1 |    408 | io_out_REG[0]$_DFF_P_/D
     1656 |       3 |     256 |       89 |     23 |   222 |    +1.2% | -300.954 |   -15632.1 |    407 | io_out_REG[0]$_DFF_P_/D
     1657 |       3 |     256 |       89 |     23 |   222 |    +1.2% | -300.954 |   -15632.1 |    406 | io_out_REG[0]$_DFF_P_/D
     1658 |       3 |     256 |       89 |     23 |   222 |    +1.2% | -300.954 |   -15632.1 |    405 | io_out_REG[0]$_DFF_P_/D
     1659 |       3 |     256 |       89 |     23 |   222 |    +1.2% | -300.954 |   -15632.1 |    404 | io_out_REG[0]$_DFF_P_/D
     1660 |       3 |     256 |       89 |     23 |   222 |    +1.2% | -300.954 |   -15632.1 |    404 | io_out_REG[0]$_DFF_P_/D
     1660 |       3 |     256 |       89 |     23 |   222 |    +1.2% | -300.954 |   -15632.1 |    403 | io_out_REG[0]$_DFF_P_/D
     1661 |       3 |     256 |       89 |     23 |   222 |    +1.2% | -300.954 |   -15632.1 |    402 | io_out_REG[0]$_DFF_P_/D
     1662 |       3 |     256 |       89 |     23 |   222 |    +1.2% | -300.954 |   -15632.1 |    401 | io_out_REG[0]$_DFF_P_/D
     1663 |       3 |     256 |       89 |     23 |   222 |    +1.2% | -300.954 |   -15632.1 |    400 | io_out_REG[0]$_DFF_P_/D
     1664 |       3 |     256 |       89 |     23 |   222 |    +1.2% | -300.954 |   -15632.1 |    399 | io_out_REG[0]$_DFF_P_/D
     1665 |       3 |     256 |       89 |     23 |   222 |    +1.2% | -300.954 |   -15632.1 |    399 | io_out_REG[0]$_DFF_P_/D
     1666 |       3 |     256 |       89 |     23 |   222 |    +1.2% | -300.954 |   -15632.1 |    398 | io_out_REG[0]$_DFF_P_/D
     1667 |       3 |     256 |       89 |     23 |   222 |    +1.2% | -300.954 |   -15632.1 |    397 | io_out_REG[0]$_DFF_P_/D
     1668 |       3 |     256 |       89 |     23 |   222 |    +1.2% | -300.954 |   -15632.1 |    397 | io_out_REG[0]$_DFF_P_/D
     1669 |       3 |     256 |       89 |     23 |   222 |    +1.2% | -300.954 |   -15632.1 |    396 | io_out_REG[0]$_DFF_P_/D
     1670 |       3 |     256 |       89 |     23 |   222 |    +1.2% | -300.954 |   -15632.1 |    396 | io_out_REG[0]$_DFF_P_/D
     1670 |       3 |     256 |       89 |     23 |   222 |    +1.2% | -300.954 |   -15632.1 |    395 | io_out_REG[0]$_DFF_P_/D
     1671 |       3 |     256 |       89 |     23 |   222 |    +1.2% | -300.954 |   -15632.1 |    394 | io_out_REG[0]$_DFF_P_/D
     1672 |       3 |     256 |       89 |     23 |   222 |    +1.2% | -300.954 |   -15632.1 |    393 | io_out_REG[0]$_DFF_P_/D
     1673 |       3 |     256 |       89 |     23 |   222 |    +1.2% | -300.954 |   -15632.1 |    392 | io_out_REG[0]$_DFF_P_/D
     1674 |       3 |     256 |       89 |     23 |   222 |    +1.2% | -300.954 |   -15632.1 |    391 | io_out_REG[0]$_DFF_P_/D
     1675 |       3 |     256 |       89 |     23 |   222 |    +1.2% | -300.954 |   -15632.1 |    390 | io_out_REG[0]$_DFF_P_/D
     1676 |       3 |     256 |       89 |     23 |   222 |    +1.2% | -300.954 |   -15632.1 |    389 | io_out_REG[0]$_DFF_P_/D
     1677 |       3 |     256 |       89 |     23 |   222 |    +1.2% | -300.954 |   -15632.1 |    388 | io_out_REG[0]$_DFF_P_/D
     1678 |       3 |     256 |       89 |     23 |   222 |    +1.2% | -300.954 |   -15632.1 |    387 | io_out_REG[0]$_DFF_P_/D
     1679 |       3 |     256 |       89 |     23 |   222 |    +1.2% | -300.954 |   -15632.1 |    386 | io_out_REG[0]$_DFF_P_/D
     1680 |       3 |     256 |       89 |     23 |   222 |    +1.2% | -300.954 |   -15632.1 |    386 | io_out_REG[0]$_DFF_P_/D
     1680 |       3 |     256 |       89 |     23 |   222 |    +1.2% | -300.954 |   -15632.1 |    385 | io_out_REG[0]$_DFF_P_/D
     1681 |       3 |     256 |       89 |     23 |   222 |    +1.2% | -300.954 |   -15632.1 |    384 | io_out_REG[0]$_DFF_P_/D
     1682 |       3 |     256 |       89 |     23 |   222 |    +1.2% | -300.954 |   -15632.1 |    383 | io_out_REG[0]$_DFF_P_/D
     1683 |       3 |     256 |       89 |     23 |   222 |    +1.2% | -300.954 |   -15632.1 |    382 | io_out_REG[0]$_DFF_P_/D
     1684 |       3 |     256 |       89 |     23 |   222 |    +1.2% | -300.954 |   -15632.1 |    381 | io_out_REG[0]$_DFF_P_/D
     1685 |       3 |     256 |       89 |     23 |   222 |    +1.2% | -300.954 |   -15632.1 |    380 | io_out_REG[0]$_DFF_P_/D
     1689 |       3 |     259 |       89 |     23 |   222 |    +1.2% | -300.954 |   -15530.2 |    378 | io_out_REG[0]$_DFF_P_/D
     1690 |       3 |     259 |       89 |     23 |   222 |    +1.2% | -300.954 |   -15530.2 |    378 | io_out_REG[0]$_DFF_P_/D
     1690 |       3 |     259 |       89 |     23 |   222 |    +1.2% | -300.954 |   -15530.2 |    377 | io_out_REG[0]$_DFF_P_/D
     1691 |       3 |     259 |       89 |     23 |   222 |    +1.2% | -300.954 |   -15530.2 |    376 | io_out_REG[0]$_DFF_P_/D
     1692 |       3 |     259 |       89 |     23 |   222 |    +1.2% | -300.954 |   -15530.2 |    375 | io_out_REG[0]$_DFF_P_/D
     1693 |       3 |     259 |       89 |     23 |   222 |    +1.2% | -300.954 |   -15530.2 |    374 | io_out_REG[0]$_DFF_P_/D
     1694 |       3 |     259 |       89 |     23 |   222 |    +1.2% | -300.954 |   -15530.2 |    374 | io_out_REG[0]$_DFF_P_/D
     1695 |       3 |     259 |       89 |     23 |   222 |    +1.2% | -300.954 |   -15530.2 |    373 | io_out_REG[0]$_DFF_P_/D
     1696 |       3 |     259 |       89 |     23 |   222 |    +1.2% | -300.954 |   -15530.2 |    372 | io_out_REG[0]$_DFF_P_/D
     1697 |       3 |     259 |       89 |     23 |   222 |    +1.2% | -300.954 |   -15530.2 |    371 | io_out_REG[0]$_DFF_P_/D
     1698 |       3 |     259 |       89 |     23 |   222 |    +1.2% | -300.954 |   -15530.2 |    370 | io_out_REG[0]$_DFF_P_/D
     1699 |       3 |     259 |       89 |     23 |   222 |    +1.2% | -300.954 |   -15530.2 |    369 | io_out_REG[0]$_DFF_P_/D
     1700 |       3 |     259 |       89 |     23 |   222 |    +1.2% | -300.954 |   -15530.2 |    369 | io_out_REG[0]$_DFF_P_/D
     1700 |       3 |     259 |       89 |     23 |   222 |    +1.2% | -300.954 |   -15530.2 |    368 | io_out_REG[0]$_DFF_P_/D
     1701 |       3 |     259 |       89 |     23 |   222 |    +1.2% | -300.954 |   -15530.2 |    367 | io_out_REG[0]$_DFF_P_/D
     1702 |       3 |     259 |       89 |     23 |   222 |    +1.2% | -300.954 |   -15530.2 |    366 | io_out_REG[0]$_DFF_P_/D
     1703 |       3 |     259 |       89 |     23 |   222 |    +1.2% | -300.954 |   -15530.2 |    365 | io_out_REG[0]$_DFF_P_/D
     1704 |       3 |     259 |       89 |     23 |   222 |    +1.2% | -300.954 |   -15530.2 |    364 | io_out_REG[0]$_DFF_P_/D
     1705 |       3 |     259 |       89 |     23 |   222 |    +1.2% | -300.954 |   -15530.2 |    363 | io_out_REG[0]$_DFF_P_/D
     1706 |       3 |     259 |       89 |     23 |   222 |    +1.2% | -300.954 |   -15530.2 |    362 | io_out_REG[0]$_DFF_P_/D
     1707 |       3 |     259 |       89 |     23 |   222 |    +1.2% | -300.954 |   -15530.2 |    361 | io_out_REG[0]$_DFF_P_/D
     1708 |       3 |     259 |       89 |     23 |   222 |    +1.2% | -300.954 |   -15530.2 |    360 | io_out_REG[0]$_DFF_P_/D
     1709 |       3 |     259 |       89 |     23 |   222 |    +1.2% | -300.954 |   -15530.2 |    360 | io_out_REG[0]$_DFF_P_/D
     1710 |       3 |     259 |       89 |     23 |   222 |    +1.2% | -300.954 |   -15530.2 |    360 | io_out_REG[0]$_DFF_P_/D
     1710 |       3 |     259 |       89 |     23 |   222 |    +1.2% | -300.954 |   -15530.2 |    359 | io_out_REG[0]$_DFF_P_/D
     1711 |       3 |     259 |       89 |     23 |   222 |    +1.2% | -300.954 |   -15530.2 |    358 | io_out_REG[0]$_DFF_P_/D
     1712 |       3 |     259 |       89 |     23 |   222 |    +1.2% | -300.954 |   -15530.2 |    357 | io_out_REG[0]$_DFF_P_/D
     1714 |       3 |     260 |       89 |     23 |   222 |    +1.2% | -300.954 |   -15516.8 |    355 | io_out_REG[0]$_DFF_P_/D
     1715 |       3 |     260 |       89 |     23 |   222 |    +1.2% | -300.954 |   -15516.8 |    354 | io_out_REG[0]$_DFF_P_/D
     1716 |       3 |     260 |       89 |     23 |   222 |    +1.2% | -300.954 |   -15516.8 |    353 | io_out_REG[0]$_DFF_P_/D
     1717 |       3 |     260 |       89 |     23 |   222 |    +1.2% | -300.954 |   -15516.8 |    352 | io_out_REG[0]$_DFF_P_/D
     1718 |       3 |     260 |       89 |     23 |   222 |    +1.2% | -300.954 |   -15516.8 |    351 | io_out_REG[0]$_DFF_P_/D
     1719 |       3 |     260 |       89 |     23 |   222 |    +1.2% | -300.954 |   -15516.8 |    350 | io_out_REG[0]$_DFF_P_/D
     1720 |       3 |     260 |       89 |     23 |   222 |    +1.2% | -300.954 |   -15516.8 |    350 | io_out_REG[0]$_DFF_P_/D
     1720 |       3 |     260 |       89 |     23 |   222 |    +1.2% | -300.954 |   -15516.8 |    349 | io_out_REG[0]$_DFF_P_/D
     1721 |       3 |     260 |       89 |     23 |   222 |    +1.2% | -300.954 |   -15516.8 |    348 | io_out_REG[0]$_DFF_P_/D
     1722 |       3 |     260 |       89 |     23 |   222 |    +1.2% | -300.954 |   -15516.8 |    347 | io_out_REG[0]$_DFF_P_/D
     1723 |       3 |     260 |       89 |     23 |   222 |    +1.2% | -300.954 |   -15516.8 |    346 | io_out_REG[0]$_DFF_P_/D
     1724 |       3 |     260 |       89 |     23 |   222 |    +1.2% | -300.954 |   -15516.8 |    345 | io_out_REG[0]$_DFF_P_/D
     1725 |       3 |     260 |       89 |     23 |   222 |    +1.2% | -300.954 |   -15516.8 |    344 | io_out_REG[0]$_DFF_P_/D
     1727 |       3 |     261 |       89 |     23 |   222 |    +1.2% | -300.954 |   -15515.9 |    342 | io_out_REG[0]$_DFF_P_/D
     1728 |       3 |     261 |       89 |     23 |   222 |    +1.2% | -300.954 |   -15515.9 |    341 | io_out_REG[0]$_DFF_P_/D
     1729 |       3 |     261 |       89 |     23 |   222 |    +1.2% | -300.954 |   -15515.9 |    340 | io_out_REG[0]$_DFF_P_/D
     1730 |       3 |     261 |       89 |     23 |   222 |    +1.2% | -300.954 |   -15515.9 |    340 | io_out_REG[0]$_DFF_P_/D
     1730 |       3 |     261 |       89 |     23 |   222 |    +1.2% | -300.954 |   -15515.9 |    339 | io_out_REG[0]$_DFF_P_/D
     1731 |       3 |     261 |       89 |     23 |   222 |    +1.2% | -300.954 |   -15515.9 |    338 | io_out_REG[0]$_DFF_P_/D
     1732 |       3 |     261 |       89 |     23 |   222 |    +1.2% | -300.954 |   -15515.9 |    337 | io_out_REG[0]$_DFF_P_/D
     1733 |       3 |     261 |       89 |     23 |   222 |    +1.2% | -300.954 |   -15515.9 |    336 | io_out_REG[0]$_DFF_P_/D
     1735 |       3 |     262 |       89 |     23 |   222 |    +1.2% | -300.954 |   -15514.7 |    334 | io_out_REG[0]$_DFF_P_/D
     1736 |       3 |     262 |       89 |     23 |   222 |    +1.2% | -300.954 |   -15514.7 |    333 | io_out_REG[0]$_DFF_P_/D
     1737 |       3 |     262 |       89 |     23 |   222 |    +1.2% | -300.954 |   -15514.7 |    332 | io_out_REG[0]$_DFF_P_/D
     1738 |       3 |     262 |       89 |     23 |   222 |    +1.2% | -300.954 |   -15514.7 |    331 | io_out_REG[0]$_DFF_P_/D
     1739 |       3 |     262 |       89 |     23 |   222 |    +1.2% | -300.954 |   -15514.7 |    331 | io_out_REG[0]$_DFF_P_/D
     1740 |       3 |     262 |       89 |     23 |   222 |    +1.2% | -300.954 |   -15514.7 |    331 | io_out_REG[0]$_DFF_P_/D
     1740 |       3 |     262 |       89 |     23 |   222 |    +1.2% | -300.954 |   -15514.7 |    330 | io_out_REG[0]$_DFF_P_/D
     1741 |       3 |     262 |       89 |     23 |   222 |    +1.2% | -300.954 |   -15514.7 |    329 | io_out_REG[0]$_DFF_P_/D
     1742 |       3 |     262 |       89 |     23 |   222 |    +1.2% | -300.954 |   -15514.7 |    328 | io_out_REG[0]$_DFF_P_/D
     1743 |       3 |     262 |       89 |     23 |   222 |    +1.2% | -300.954 |   -15514.7 |    327 | io_out_REG[0]$_DFF_P_/D
     1744 |       3 |     262 |       89 |     23 |   222 |    +1.2% | -300.954 |   -15514.7 |    326 | io_out_REG[0]$_DFF_P_/D
     1745 |       3 |     262 |       89 |     23 |   222 |    +1.2% | -300.954 |   -15514.7 |    325 | io_out_REG[0]$_DFF_P_/D
     1746 |       3 |     262 |       89 |     23 |   222 |    +1.2% | -300.954 |   -15514.7 |    325 | io_out_REG[0]$_DFF_P_/D
     1747 |       3 |     262 |       89 |     23 |   222 |    +1.2% | -300.954 |   -15514.7 |    324 | io_out_REG[0]$_DFF_P_/D
     1748 |       3 |     262 |       89 |     23 |   222 |    +1.2% | -300.954 |   -15514.7 |    323 | io_out_REG[0]$_DFF_P_/D
     1749 |       3 |     262 |       89 |     23 |   222 |    +1.2% | -300.954 |   -15514.7 |    322 | io_out_REG[0]$_DFF_P_/D
     1750 |       3 |     262 |       89 |     23 |   222 |    +1.2% | -300.954 |   -15514.7 |    322 | io_out_REG[0]$_DFF_P_/D
     1750 |       3 |     262 |       89 |     23 |   222 |    +1.2% | -300.954 |   -15514.7 |    321 | io_out_REG[0]$_DFF_P_/D
     1751 |       3 |     262 |       89 |     23 |   222 |    +1.2% | -300.954 |   -15514.7 |    320 | io_out_REG[0]$_DFF_P_/D
     1752 |       3 |     262 |       89 |     23 |   222 |    +1.2% | -300.954 |   -15514.7 |    319 | io_out_REG[0]$_DFF_P_/D
     1753 |       3 |     262 |       89 |     23 |   222 |    +1.2% | -300.954 |   -15514.7 |    318 | io_out_REG[0]$_DFF_P_/D
     1754 |       3 |     262 |       89 |     23 |   222 |    +1.2% | -300.954 |   -15514.7 |    317 | io_out_REG[0]$_DFF_P_/D
     1755 |       3 |     262 |       89 |     23 |   222 |    +1.2% | -300.954 |   -15514.7 |    316 | io_out_REG[0]$_DFF_P_/D
     1756 |       3 |     262 |       89 |     23 |   222 |    +1.2% | -300.954 |   -15514.7 |    315 | io_out_REG[0]$_DFF_P_/D
     1757 |       3 |     262 |       89 |     23 |   222 |    +1.2% | -300.954 |   -15514.7 |    314 | io_out_REG[0]$_DFF_P_/D
     1758 |       3 |     262 |       89 |     23 |   222 |    +1.2% | -300.954 |   -15514.7 |    313 | io_out_REG[0]$_DFF_P_/D
     1760 |       3 |     263 |       89 |     23 |   222 |    +1.2% | -300.954 |   -15506.4 |    313 | io_out_REG[0]$_DFF_P_/D
     1762 |       3 |     265 |       89 |     23 |   222 |    +1.2% | -300.954 |   -15487.7 |    311 | io_out_REG[0]$_DFF_P_/D
     1763 |       3 |     265 |       89 |     23 |   222 |    +1.2% | -300.954 |   -15487.7 |    310 | io_out_REG[0]$_DFF_P_/D
     1764 |       3 |     265 |       89 |     23 |   222 |    +1.2% | -300.954 |   -15487.7 |    309 | io_out_REG[0]$_DFF_P_/D
     1765 |       3 |     265 |       89 |     23 |   222 |    +1.2% | -300.954 |   -15487.7 |    308 | io_out_REG[0]$_DFF_P_/D
     1766 |       3 |     265 |       89 |     23 |   222 |    +1.2% | -300.954 |   -15487.7 |    307 | io_out_REG[0]$_DFF_P_/D
     1767 |       3 |     265 |       89 |     23 |   222 |    +1.2% | -300.954 |   -15487.7 |    306 | io_out_REG[0]$_DFF_P_/D
     1768 |       3 |     265 |       89 |     23 |   222 |    +1.2% | -300.954 |   -15487.7 |    305 | io_out_REG[0]$_DFF_P_/D
     1769 |       3 |     265 |       89 |     23 |   222 |    +1.2% | -300.954 |   -15487.7 |    304 | io_out_REG[0]$_DFF_P_/D
     1770 |       3 |     265 |       89 |     23 |   222 |    +1.2% | -300.954 |   -15487.7 |    304 | io_out_REG[0]$_DFF_P_/D
     1770 |       3 |     265 |       89 |     23 |   222 |    +1.2% | -300.954 |   -15487.7 |    303 | io_out_REG[0]$_DFF_P_/D
     1771 |       3 |     265 |       89 |     23 |   222 |    +1.2% | -300.954 |   -15487.7 |    302 | io_out_REG[0]$_DFF_P_/D
     1772 |       3 |     265 |       89 |     23 |   222 |    +1.2% | -300.954 |   -15487.7 |    301 | io_out_REG[0]$_DFF_P_/D
     1773 |       3 |     265 |       89 |     23 |   222 |    +1.2% | -300.954 |   -15487.7 |    300 | io_out_REG[0]$_DFF_P_/D
     1774 |       3 |     265 |       89 |     23 |   222 |    +1.2% | -300.954 |   -15487.7 |    299 | io_out_REG[0]$_DFF_P_/D
     1775 |       3 |     265 |       89 |     23 |   222 |    +1.2% | -300.954 |   -15487.7 |    298 | io_out_REG[0]$_DFF_P_/D
     1776 |       3 |     265 |       89 |     23 |   222 |    +1.2% | -300.954 |   -15487.7 |    297 | io_out_REG[0]$_DFF_P_/D
     1777 |       3 |     265 |       89 |     23 |   222 |    +1.2% | -300.954 |   -15487.7 |    296 | io_out_REG[0]$_DFF_P_/D
     1778 |       3 |     265 |       89 |     23 |   222 |    +1.2% | -300.954 |   -15487.7 |    295 | io_out_REG[0]$_DFF_P_/D
     1779 |       3 |     265 |       89 |     23 |   222 |    +1.2% | -300.954 |   -15487.7 |    294 | io_out_REG[0]$_DFF_P_/D
     1780 |       3 |     265 |       89 |     23 |   222 |    +1.2% | -300.954 |   -15487.7 |    294 | io_out_REG[0]$_DFF_P_/D
     1780 |       3 |     265 |       89 |     23 |   222 |    +1.2% | -300.954 |   -15487.7 |    293 | io_out_REG[0]$_DFF_P_/D
     1781 |       3 |     265 |       89 |     23 |   222 |    +1.2% | -300.954 |   -15487.7 |    292 | io_out_REG[0]$_DFF_P_/D
     1782 |       3 |     265 |       89 |     23 |   222 |    +1.2% | -300.954 |   -15487.7 |    291 | io_out_REG[0]$_DFF_P_/D
     1783 |       3 |     265 |       89 |     23 |   222 |    +1.2% | -300.954 |   -15487.7 |    290 | io_out_REG[0]$_DFF_P_/D
     1784 |       3 |     265 |       89 |     23 |   222 |    +1.2% | -300.954 |   -15487.7 |    289 | io_out_REG[0]$_DFF_P_/D
     1785 |       3 |     265 |       89 |     23 |   222 |    +1.2% | -300.954 |   -15487.7 |    288 | io_out_REG[0]$_DFF_P_/D
     1786 |       3 |     265 |       89 |     23 |   222 |    +1.2% | -300.954 |   -15487.7 |    287 | io_out_REG[0]$_DFF_P_/D
     1787 |       3 |     265 |       89 |     23 |   222 |    +1.2% | -300.954 |   -15487.7 |    286 | io_out_REG[0]$_DFF_P_/D
     1788 |       3 |     265 |       89 |     23 |   222 |    +1.2% | -300.954 |   -15487.7 |    285 | io_out_REG[0]$_DFF_P_/D
     1789 |       3 |     265 |       89 |     23 |   222 |    +1.2% | -300.954 |   -15487.7 |    284 | io_out_REG[0]$_DFF_P_/D
     1790 |       3 |     265 |       89 |     23 |   222 |    +1.2% | -300.954 |   -15487.7 |    284 | io_out_REG[0]$_DFF_P_/D
     1790 |       3 |     265 |       89 |     23 |   222 |    +1.2% | -300.954 |   -15487.7 |    283 | io_out_REG[0]$_DFF_P_/D
     1791 |       3 |     265 |       89 |     23 |   222 |    +1.2% | -300.954 |   -15487.7 |    282 | io_out_REG[0]$_DFF_P_/D
     1792 |       3 |     265 |       89 |     23 |   222 |    +1.2% | -300.954 |   -15487.7 |    281 | io_out_REG[0]$_DFF_P_/D
     1793 |       3 |     265 |       89 |     23 |   222 |    +1.2% | -300.954 |   -15487.7 |    280 | io_out_REG[0]$_DFF_P_/D
     1794 |       3 |     265 |       89 |     23 |   222 |    +1.2% | -300.954 |   -15487.7 |    279 | io_out_REG[0]$_DFF_P_/D
     1795 |       3 |     265 |       89 |     23 |   222 |    +1.2% | -300.954 |   -15487.7 |    278 | io_out_REG[0]$_DFF_P_/D
     1796 |       3 |     265 |       89 |     23 |   222 |    +1.2% | -300.954 |   -15487.7 |    277 | io_out_REG[0]$_DFF_P_/D
     1797 |       3 |     265 |       89 |     23 |   222 |    +1.2% | -300.954 |   -15487.7 |    276 | io_out_REG[0]$_DFF_P_/D
     1798 |       3 |     265 |       89 |     23 |   222 |    +1.2% | -300.954 |   -15487.7 |    275 | io_out_REG[0]$_DFF_P_/D
     1799 |       3 |     265 |       89 |     23 |   222 |    +1.2% | -300.954 |   -15487.7 |    274 | io_out_REG[0]$_DFF_P_/D
     1800 |       3 |     265 |       89 |     23 |   222 |    +1.2% | -300.954 |   -15487.7 |    274 | io_out_REG[0]$_DFF_P_/D
     1800 |       3 |     265 |       89 |     23 |   222 |    +1.2% | -300.954 |   -15487.7 |    273 | io_out_REG[0]$_DFF_P_/D
     1801 |       3 |     265 |       89 |     23 |   222 |    +1.2% | -300.954 |   -15487.7 |    272 | io_out_REG[0]$_DFF_P_/D
     1802 |       3 |     265 |       89 |     23 |   222 |    +1.2% | -300.954 |   -15487.7 |    271 | io_out_REG[0]$_DFF_P_/D
     1803 |       3 |     265 |       89 |     23 |   222 |    +1.2% | -300.954 |   -15487.7 |    270 | io_out_REG[0]$_DFF_P_/D
     1804 |       3 |     265 |       89 |     23 |   222 |    +1.2% | -300.954 |   -15487.7 |    269 | io_out_REG[0]$_DFF_P_/D
     1805 |       3 |     265 |       89 |     23 |   222 |    +1.2% | -300.954 |   -15487.7 |    268 | io_out_REG[0]$_DFF_P_/D
     1806 |       3 |     265 |       89 |     23 |   222 |    +1.2% | -300.954 |   -15487.7 |    267 | io_out_REG[0]$_DFF_P_/D
     1807 |       3 |     265 |       89 |     23 |   222 |    +1.2% | -300.954 |   -15487.7 |    266 | io_out_REG[0]$_DFF_P_/D
     1808 |       3 |     265 |       89 |     23 |   222 |    +1.2% | -300.954 |   -15487.7 |    265 | io_out_REG[0]$_DFF_P_/D
     1809 |       3 |     265 |       89 |     23 |   222 |    +1.2% | -300.954 |   -15487.7 |    264 | io_out_REG[0]$_DFF_P_/D
     1810 |       3 |     265 |       89 |     23 |   222 |    +1.2% | -300.954 |   -15487.7 |    264 | io_out_REG[0]$_DFF_P_/D
     1810 |       3 |     265 |       89 |     23 |   222 |    +1.2% | -300.954 |   -15487.7 |    263 | io_out_REG[0]$_DFF_P_/D
     1811 |       3 |     265 |       89 |     23 |   222 |    +1.2% | -300.954 |   -15487.7 |    262 | io_out_REG[0]$_DFF_P_/D
     1812 |       3 |     265 |       89 |     23 |   222 |    +1.2% | -300.954 |   -15487.7 |    261 | io_out_REG[0]$_DFF_P_/D
     1813 |       3 |     265 |       89 |     23 |   222 |    +1.2% | -300.954 |   -15487.7 |    260 | io_out_REG[0]$_DFF_P_/D
     1814 |       3 |     265 |       89 |     23 |   222 |    +1.2% | -300.954 |   -15487.7 |    259 | io_out_REG[0]$_DFF_P_/D
     1815 |       3 |     265 |       89 |     23 |   222 |    +1.2% | -300.954 |   -15487.7 |    258 | io_out_REG[0]$_DFF_P_/D
     1816 |       3 |     265 |       89 |     23 |   222 |    +1.2% | -300.954 |   -15487.7 |    257 | io_out_REG[0]$_DFF_P_/D
     1817 |       3 |     265 |       89 |     23 |   222 |    +1.2% | -300.954 |   -15487.7 |    256 | io_out_REG[0]$_DFF_P_/D
     1818 |       3 |     265 |       89 |     23 |   222 |    +1.2% | -300.954 |   -15487.7 |    255 | io_out_REG[0]$_DFF_P_/D
     1819 |       3 |     265 |       89 |     23 |   222 |    +1.2% | -300.954 |   -15487.7 |    254 | io_out_REG[0]$_DFF_P_/D
     1820 |       3 |     265 |       89 |     23 |   222 |    +1.2% | -300.954 |   -15487.7 |    254 | io_out_REG[0]$_DFF_P_/D
     1820 |       3 |     265 |       89 |     23 |   222 |    +1.2% | -300.954 |   -15487.7 |    253 | io_out_REG[0]$_DFF_P_/D
     1821 |       3 |     265 |       89 |     23 |   222 |    +1.2% | -300.954 |   -15487.7 |    252 | io_out_REG[0]$_DFF_P_/D
     1822 |       3 |     265 |       89 |     23 |   222 |    +1.2% | -300.954 |   -15487.7 |    251 | io_out_REG[0]$_DFF_P_/D
     1823 |       3 |     265 |       89 |     23 |   222 |    +1.2% | -300.954 |   -15487.7 |    250 | io_out_REG[0]$_DFF_P_/D
     1824 |       3 |     265 |       89 |     23 |   222 |    +1.2% | -300.954 |   -15487.7 |    249 | io_out_REG[0]$_DFF_P_/D
     1825 |       3 |     265 |       89 |     23 |   222 |    +1.2% | -300.954 |   -15487.7 |    248 | io_out_REG[0]$_DFF_P_/D
     1826 |       3 |     265 |       89 |     23 |   222 |    +1.2% | -300.954 |   -15487.7 |    247 | io_out_REG[0]$_DFF_P_/D
     1827 |       3 |     265 |       89 |     23 |   222 |    +1.2% | -300.954 |   -15487.7 |    246 | io_out_REG[0]$_DFF_P_/D
     1828 |       3 |     265 |       89 |     23 |   222 |    +1.2% | -300.954 |   -15487.7 |    245 | io_out_REG[0]$_DFF_P_/D
     1829 |       3 |     265 |       89 |     23 |   222 |    +1.2% | -300.954 |   -15487.7 |    244 | io_out_REG[0]$_DFF_P_/D
     1830 |       3 |     265 |       89 |     23 |   222 |    +1.2% | -300.954 |   -15487.7 |    244 | io_out_REG[0]$_DFF_P_/D
     1830 |       3 |     265 |       89 |     23 |   222 |    +1.2% | -300.954 |   -15487.7 |    243 | io_out_REG[0]$_DFF_P_/D
     1831 |       3 |     265 |       89 |     23 |   222 |    +1.2% | -300.954 |   -15487.7 |    242 | io_out_REG[0]$_DFF_P_/D
     1832 |       3 |     265 |       89 |     23 |   222 |    +1.2% | -300.954 |   -15487.7 |    241 | io_out_REG[0]$_DFF_P_/D
     1833 |       3 |     265 |       89 |     23 |   222 |    +1.2% | -300.954 |   -15487.7 |    240 | io_out_REG[0]$_DFF_P_/D
     1834 |       3 |     265 |       89 |     23 |   222 |    +1.2% | -300.954 |   -15487.7 |    239 | io_out_REG[0]$_DFF_P_/D
     1835 |       3 |     265 |       89 |     23 |   222 |    +1.2% | -300.954 |   -15487.7 |    238 | io_out_REG[0]$_DFF_P_/D
     1836 |       3 |     265 |       89 |     23 |   222 |    +1.2% | -300.954 |   -15487.7 |    237 | io_out_REG[0]$_DFF_P_/D
     1837 |       3 |     265 |       89 |     23 |   222 |    +1.2% | -300.954 |   -15487.7 |    236 | io_out_REG[0]$_DFF_P_/D
     1838 |       3 |     265 |       89 |     23 |   222 |    +1.2% | -300.954 |   -15487.7 |    235 | io_out_REG[0]$_DFF_P_/D
     1839 |       3 |     265 |       89 |     23 |   222 |    +1.2% | -300.954 |   -15487.7 |    234 | io_out_REG[0]$_DFF_P_/D
     1840 |       3 |     265 |       89 |     23 |   222 |    +1.2% | -300.954 |   -15487.7 |    234 | io_out_REG[0]$_DFF_P_/D
     1840 |       3 |     265 |       89 |     23 |   222 |    +1.2% | -300.954 |   -15487.7 |    233 | io_out_REG[0]$_DFF_P_/D
     1841 |       3 |     265 |       89 |     23 |   222 |    +1.2% | -300.954 |   -15487.7 |    232 | io_out_REG[0]$_DFF_P_/D
     1842 |       3 |     265 |       89 |     23 |   222 |    +1.2% | -300.954 |   -15487.7 |    231 | io_out_REG[0]$_DFF_P_/D
     1843 |       3 |     265 |       89 |     23 |   222 |    +1.2% | -300.954 |   -15487.7 |    230 | io_out_REG[0]$_DFF_P_/D
     1844 |       3 |     265 |       89 |     23 |   222 |    +1.2% | -300.954 |   -15487.7 |    229 | io_out_REG[0]$_DFF_P_/D
     1845 |       3 |     265 |       89 |     23 |   222 |    +1.2% | -300.954 |   -15487.7 |    228 | io_out_REG[0]$_DFF_P_/D
     1846 |       3 |     265 |       89 |     23 |   222 |    +1.2% | -300.954 |   -15487.7 |    227 | io_out_REG[0]$_DFF_P_/D
     1847 |       3 |     265 |       89 |     23 |   222 |    +1.2% | -300.954 |   -15487.7 |    226 | io_out_REG[0]$_DFF_P_/D
     1848 |       3 |     265 |       89 |     23 |   222 |    +1.2% | -300.954 |   -15487.7 |    225 | io_out_REG[0]$_DFF_P_/D
     1849 |       3 |     265 |       89 |     23 |   222 |    +1.2% | -300.954 |   -15487.7 |    224 | io_out_REG[0]$_DFF_P_/D
     1850 |       3 |     265 |       89 |     23 |   222 |    +1.2% | -300.954 |   -15487.7 |    224 | io_out_REG[0]$_DFF_P_/D
     1850 |       3 |     265 |       89 |     23 |   222 |    +1.2% | -300.954 |   -15487.7 |    223 | io_out_REG[0]$_DFF_P_/D
     1851 |       3 |     265 |       89 |     23 |   222 |    +1.2% | -300.954 |   -15487.7 |    222 | io_out_REG[0]$_DFF_P_/D
     1852 |       3 |     265 |       89 |     23 |   222 |    +1.2% | -300.954 |   -15487.7 |    221 | io_out_REG[0]$_DFF_P_/D
     1853 |       3 |     265 |       89 |     23 |   222 |    +1.2% | -300.954 |   -15487.7 |    220 | io_out_REG[0]$_DFF_P_/D
     1854 |       3 |     265 |       89 |     23 |   222 |    +1.2% | -300.954 |   -15487.7 |    219 | io_out_REG[0]$_DFF_P_/D
     1855 |       3 |     265 |       89 |     23 |   222 |    +1.2% | -300.954 |   -15487.7 |    218 | io_out_REG[0]$_DFF_P_/D
     1856 |       3 |     265 |       89 |     23 |   222 |    +1.2% | -300.954 |   -15487.7 |    217 | io_out_REG[0]$_DFF_P_/D
     1857 |       3 |     265 |       89 |     23 |   222 |    +1.2% | -300.954 |   -15487.7 |    216 | io_out_REG[0]$_DFF_P_/D
     1858 |       3 |     265 |       89 |     23 |   222 |    +1.2% | -300.954 |   -15487.7 |    215 | io_out_REG[0]$_DFF_P_/D
     1859 |       3 |     265 |       89 |     23 |   222 |    +1.2% | -300.954 |   -15487.7 |    214 | io_out_REG[0]$_DFF_P_/D
     1860 |       3 |     265 |       89 |     23 |   222 |    +1.2% | -300.954 |   -15487.7 |    214 | io_out_REG[0]$_DFF_P_/D
     1860 |       3 |     265 |       89 |     23 |   222 |    +1.2% | -300.954 |   -15487.7 |    213 | io_out_REG[0]$_DFF_P_/D
     1861 |       3 |     265 |       89 |     23 |   222 |    +1.2% | -300.954 |   -15487.7 |    213 | io_out_REG[0]$_DFF_P_/D
     1862 |       3 |     265 |       89 |     23 |   222 |    +1.2% | -300.954 |   -15487.7 |    212 | io_out_REG[0]$_DFF_P_/D
     1863 |       3 |     265 |       89 |     23 |   222 |    +1.2% | -300.954 |   -15487.7 |    211 | io_out_REG[0]$_DFF_P_/D
     1864 |       3 |     265 |       89 |     23 |   222 |    +1.2% | -300.954 |   -15487.7 |    210 | io_out_REG[0]$_DFF_P_/D
     1865 |       3 |     265 |       89 |     23 |   222 |    +1.2% | -300.954 |   -15487.7 |    209 | io_out_REG[0]$_DFF_P_/D
     1866 |       3 |     265 |       89 |     23 |   222 |    +1.2% | -300.954 |   -15487.7 |    208 | io_out_REG[0]$_DFF_P_/D
     1867 |       3 |     265 |       89 |     23 |   222 |    +1.2% | -300.954 |   -15487.7 |    207 | io_out_REG[0]$_DFF_P_/D
     1868 |       3 |     265 |       89 |     23 |   222 |    +1.2% | -300.954 |   -15487.7 |    206 | io_out_REG[0]$_DFF_P_/D
     1869 |       3 |     265 |       89 |     23 |   222 |    +1.2% | -300.954 |   -15487.7 |    205 | io_out_REG[0]$_DFF_P_/D
     1870 |       3 |     265 |       89 |     23 |   222 |    +1.2% | -300.954 |   -15487.7 |    205 | io_out_REG[0]$_DFF_P_/D
     1870 |       3 |     265 |       89 |     23 |   222 |    +1.2% | -300.954 |   -15487.7 |    204 | io_out_REG[0]$_DFF_P_/D
     1871 |       3 |     265 |       89 |     23 |   222 |    +1.2% | -300.954 |   -15487.7 |    203 | io_out_REG[0]$_DFF_P_/D
     1872 |       3 |     265 |       89 |     23 |   222 |    +1.2% | -300.954 |   -15487.7 |    202 | io_out_REG[0]$_DFF_P_/D
     1873 |       3 |     265 |       89 |     23 |   222 |    +1.2% | -300.954 |   -15487.7 |    201 | io_out_REG[0]$_DFF_P_/D
     1874 |       3 |     265 |       89 |     23 |   222 |    +1.2% | -300.954 |   -15487.7 |    200 | io_out_REG[0]$_DFF_P_/D
     1875 |       3 |     265 |       89 |     23 |   222 |    +1.2% | -300.954 |   -15487.7 |    199 | io_out_REG[0]$_DFF_P_/D
     1876 |       3 |     265 |       89 |     23 |   222 |    +1.2% | -300.954 |   -15487.7 |    198 | io_out_REG[0]$_DFF_P_/D
     1877 |       3 |     265 |       89 |     23 |   222 |    +1.2% | -300.954 |   -15487.7 |    197 | io_out_REG[0]$_DFF_P_/D
     1878 |       3 |     265 |       89 |     23 |   222 |    +1.2% | -300.954 |   -15487.7 |    196 | io_out_REG[0]$_DFF_P_/D
     1879 |       3 |     265 |       89 |     23 |   222 |    +1.2% | -300.954 |   -15487.7 |    195 | io_out_REG[0]$_DFF_P_/D
     1880 |       3 |     265 |       89 |     23 |   222 |    +1.2% | -300.954 |   -15487.7 |    195 | io_out_REG[0]$_DFF_P_/D
     1880 |       3 |     265 |       89 |     23 |   222 |    +1.2% | -300.954 |   -15487.7 |    194 | io_out_REG[0]$_DFF_P_/D
     1881 |       3 |     265 |       89 |     23 |   222 |    +1.2% | -300.954 |   -15487.7 |    193 | io_out_REG[0]$_DFF_P_/D
     1882 |       3 |     265 |       89 |     23 |   222 |    +1.2% | -300.954 |   -15487.7 |    192 | io_out_REG[0]$_DFF_P_/D
     1883 |       3 |     265 |       89 |     23 |   222 |    +1.2% | -300.954 |   -15487.7 |    191 | io_out_REG[0]$_DFF_P_/D
     1884 |       3 |     265 |       89 |     23 |   222 |    +1.2% | -300.954 |   -15487.7 |    190 | io_out_REG[0]$_DFF_P_/D
     1885 |       3 |     265 |       89 |     23 |   222 |    +1.2% | -300.954 |   -15487.7 |    189 | io_out_REG[0]$_DFF_P_/D
     1886 |       3 |     265 |       89 |     23 |   222 |    +1.2% | -300.954 |   -15487.7 |    188 | io_out_REG[0]$_DFF_P_/D
     1887 |       3 |     265 |       89 |     23 |   222 |    +1.2% | -300.954 |   -15487.7 |    187 | io_out_REG[0]$_DFF_P_/D
     1888 |       3 |     265 |       89 |     23 |   222 |    +1.2% | -300.954 |   -15487.7 |    186 | io_out_REG[0]$_DFF_P_/D
     1889 |       3 |     265 |       89 |     23 |   222 |    +1.2% | -300.954 |   -15487.7 |    185 | io_out_REG[0]$_DFF_P_/D
     1890 |       3 |     265 |       89 |     23 |   222 |    +1.2% | -300.954 |   -15487.7 |    185 | io_out_REG[0]$_DFF_P_/D
     1890 |       3 |     265 |       89 |     23 |   222 |    +1.2% | -300.954 |   -15487.7 |    184 | io_out_REG[0]$_DFF_P_/D
     1891 |       3 |     265 |       89 |     23 |   222 |    +1.2% | -300.954 |   -15487.7 |    184 | io_out_REG[0]$_DFF_P_/D
     1892 |       3 |     265 |       89 |     23 |   222 |    +1.2% | -300.954 |   -15487.7 |    183 | io_out_REG[0]$_DFF_P_/D
     1893 |       3 |     265 |       89 |     23 |   222 |    +1.2% | -300.954 |   -15487.7 |    182 | io_out_REG[0]$_DFF_P_/D
     1894 |       3 |     265 |       89 |     23 |   222 |    +1.2% | -300.954 |   -15487.7 |    181 | io_out_REG[0]$_DFF_P_/D
     1895 |       3 |     265 |       89 |     23 |   222 |    +1.2% | -300.954 |   -15487.7 |    180 | io_out_REG[0]$_DFF_P_/D
     1896 |       3 |     265 |       89 |     23 |   222 |    +1.2% | -300.954 |   -15487.7 |    179 | io_out_REG[0]$_DFF_P_/D
     1897 |       3 |     265 |       89 |     23 |   222 |    +1.2% | -300.954 |   -15487.7 |    178 | io_out_REG[0]$_DFF_P_/D
     1898 |       3 |     265 |       89 |     23 |   222 |    +1.2% | -300.954 |   -15487.7 |    177 | io_out_REG[0]$_DFF_P_/D
     1899 |       3 |     265 |       89 |     23 |   222 |    +1.2% | -300.954 |   -15487.7 |    176 | io_out_REG[0]$_DFF_P_/D
     1900 |       3 |     265 |       89 |     23 |   222 |    +1.2% | -300.954 |   -15487.7 |    176 | io_out_REG[0]$_DFF_P_/D
     1900 |       3 |     265 |       89 |     23 |   222 |    +1.2% | -300.954 |   -15487.7 |    176 | io_out_REG[0]$_DFF_P_/D
     1901 |       3 |     265 |       89 |     23 |   222 |    +1.2% | -300.954 |   -15487.7 |    175 | io_out_REG[0]$_DFF_P_/D
     1902 |       3 |     265 |       89 |     23 |   222 |    +1.2% | -300.954 |   -15487.7 |    174 | io_out_REG[0]$_DFF_P_/D
     1903 |       3 |     265 |       89 |     23 |   222 |    +1.2% | -300.954 |   -15487.7 |    173 | io_out_REG[0]$_DFF_P_/D
     1904 |       3 |     265 |       89 |     23 |   222 |    +1.2% | -300.954 |   -15487.7 |    172 | io_out_REG[0]$_DFF_P_/D
     1905 |       3 |     265 |       89 |     23 |   222 |    +1.2% | -300.954 |   -15487.7 |    171 | io_out_REG[0]$_DFF_P_/D
     1906 |       3 |     265 |       89 |     23 |   222 |    +1.2% | -300.954 |   -15487.7 |    170 | io_out_REG[0]$_DFF_P_/D
     1907 |       3 |     265 |       89 |     23 |   222 |    +1.2% | -300.954 |   -15487.7 |    169 | io_out_REG[0]$_DFF_P_/D
     1908 |       3 |     265 |       89 |     23 |   222 |    +1.2% | -300.954 |   -15487.7 |    168 | io_out_REG[0]$_DFF_P_/D
     1909 |       3 |     265 |       89 |     23 |   222 |    +1.2% | -300.954 |   -15487.7 |    167 | io_out_REG[0]$_DFF_P_/D
     1910 |       3 |     265 |       89 |     23 |   222 |    +1.2% | -300.954 |   -15487.7 |    167 | io_out_REG[0]$_DFF_P_/D
     1910 |       3 |     265 |       89 |     23 |   222 |    +1.2% | -300.954 |   -15487.7 |    166 | io_out_REG[0]$_DFF_P_/D
     1911 |       3 |     265 |       89 |     23 |   222 |    +1.2% | -300.954 |   -15487.7 |    165 | io_out_REG[0]$_DFF_P_/D
     1912 |       3 |     265 |       89 |     23 |   222 |    +1.2% | -300.954 |   -15487.7 |    164 | io_out_REG[0]$_DFF_P_/D
     1913 |       3 |     265 |       89 |     23 |   222 |    +1.2% | -300.954 |   -15487.7 |    163 | io_out_REG[0]$_DFF_P_/D
     1914 |       3 |     265 |       89 |     23 |   222 |    +1.2% | -300.954 |   -15487.7 |    162 | io_out_REG[0]$_DFF_P_/D
     1915 |       3 |     265 |       89 |     23 |   222 |    +1.2% | -300.954 |   -15487.7 |    161 | io_out_REG[0]$_DFF_P_/D
     1916 |       3 |     265 |       89 |     23 |   222 |    +1.2% | -300.954 |   -15487.7 |    160 | io_out_REG[0]$_DFF_P_/D
     1917 |       3 |     265 |       89 |     23 |   222 |    +1.2% | -300.954 |   -15487.7 |    159 | io_out_REG[0]$_DFF_P_/D
     1918 |       3 |     265 |       89 |     23 |   222 |    +1.2% | -300.954 |   -15487.7 |    158 | io_out_REG[0]$_DFF_P_/D
     1919 |       3 |     265 |       89 |     23 |   222 |    +1.2% | -300.954 |   -15487.7 |    157 | io_out_REG[0]$_DFF_P_/D
     1920 |       3 |     265 |       89 |     23 |   222 |    +1.2% | -300.954 |   -15487.7 |    157 | io_out_REG[0]$_DFF_P_/D
     1920 |       3 |     265 |       89 |     23 |   222 |    +1.2% | -300.954 |   -15487.7 |    156 | io_out_REG[0]$_DFF_P_/D
     1921 |       3 |     265 |       89 |     23 |   222 |    +1.2% | -300.954 |   -15487.7 |    155 | io_out_REG[0]$_DFF_P_/D
     1922 |       3 |     265 |       89 |     23 |   222 |    +1.2% | -300.954 |   -15487.7 |    154 | io_out_REG[0]$_DFF_P_/D
     1923 |       3 |     265 |       89 |     23 |   222 |    +1.2% | -300.954 |   -15487.7 |    153 | io_out_REG[0]$_DFF_P_/D
     1924 |       3 |     265 |       89 |     23 |   222 |    +1.2% | -300.954 |   -15487.7 |    152 | io_out_REG[0]$_DFF_P_/D
     1925 |       3 |     265 |       89 |     23 |   222 |    +1.2% | -300.954 |   -15487.7 |    151 | io_out_REG[0]$_DFF_P_/D
     1926 |       3 |     265 |       89 |     23 |   222 |    +1.2% | -300.954 |   -15487.7 |    150 | io_out_REG[0]$_DFF_P_/D
     1927 |       3 |     265 |       89 |     23 |   222 |    +1.2% | -300.954 |   -15487.7 |    149 | io_out_REG[0]$_DFF_P_/D
     1928 |       3 |     265 |       89 |     23 |   222 |    +1.2% | -300.954 |   -15487.7 |    148 | io_out_REG[0]$_DFF_P_/D
     1929 |       3 |     265 |       89 |     23 |   222 |    +1.2% | -300.954 |   -15487.7 |    147 | io_out_REG[0]$_DFF_P_/D
     1930 |       3 |     265 |       89 |     23 |   222 |    +1.2% | -300.954 |   -15487.7 |    147 | io_out_REG[0]$_DFF_P_/D
     1930 |       3 |     265 |       89 |     23 |   222 |    +1.2% | -300.954 |   -15487.7 |    146 | io_out_REG[0]$_DFF_P_/D
     1931 |       3 |     265 |       89 |     23 |   222 |    +1.2% | -300.954 |   -15487.7 |    145 | io_out_REG[0]$_DFF_P_/D
     1932 |       3 |     265 |       89 |     23 |   222 |    +1.2% | -300.954 |   -15487.7 |    144 | io_out_REG[0]$_DFF_P_/D
     1933 |       3 |     265 |       89 |     23 |   222 |    +1.2% | -300.954 |   -15487.7 |    143 | io_out_REG[0]$_DFF_P_/D
     1934 |       3 |     265 |       89 |     23 |   222 |    +1.2% | -300.954 |   -15487.7 |    142 | io_out_REG[0]$_DFF_P_/D
     1935 |       3 |     265 |       89 |     23 |   222 |    +1.2% | -300.954 |   -15487.7 |    141 | io_out_REG[0]$_DFF_P_/D
     1936 |       3 |     265 |       89 |     23 |   222 |    +1.2% | -300.954 |   -15487.7 |    140 | io_out_REG[0]$_DFF_P_/D
     1937 |       3 |     265 |       89 |     23 |   222 |    +1.2% | -300.954 |   -15487.7 |    139 | io_out_REG[0]$_DFF_P_/D
     1938 |       3 |     265 |       89 |     23 |   222 |    +1.2% | -300.954 |   -15487.7 |    138 | io_out_REG[0]$_DFF_P_/D
     1939 |       3 |     265 |       89 |     23 |   222 |    +1.2% | -300.954 |   -15487.7 |    137 | io_out_REG[0]$_DFF_P_/D
     1940 |       3 |     265 |       89 |     23 |   222 |    +1.2% | -300.954 |   -15487.7 |    137 | io_out_REG[0]$_DFF_P_/D
     1940 |       3 |     265 |       89 |     23 |   222 |    +1.2% | -300.954 |   -15487.7 |    136 | io_out_REG[0]$_DFF_P_/D
     1947 |       3 |     265 |       89 |     23 |   228 |    +1.2% | -300.954 |   -15487.1 |    136 | io_out_REG[0]$_DFF_P_/D
     1948 |       3 |     265 |       89 |     23 |   228 |    +1.2% | -300.954 |   -15487.1 |    135 | io_out_REG[0]$_DFF_P_/D
     1949 |       3 |     265 |       89 |     23 |   228 |    +1.2% | -300.954 |   -15487.1 |    134 | io_out_REG[0]$_DFF_P_/D
     1950 |       3 |     265 |       89 |     23 |   228 |    +1.2% | -300.954 |   -15487.1 |    134 | io_out_REG[0]$_DFF_P_/D
     1950 |       3 |     265 |       89 |     23 |   228 |    +1.2% | -300.954 |   -15487.1 |    133 | io_out_REG[0]$_DFF_P_/D
     1951 |       3 |     265 |       89 |     23 |   228 |    +1.2% | -300.954 |   -15487.1 |    132 | io_out_REG[0]$_DFF_P_/D
     1952 |       3 |     265 |       89 |     23 |   228 |    +1.2% | -300.954 |   -15487.1 |    131 | io_out_REG[0]$_DFF_P_/D
     1953 |       3 |     265 |       89 |     23 |   228 |    +1.2% | -300.954 |   -15487.1 |    130 | io_out_REG[0]$_DFF_P_/D
     1954 |       3 |     265 |       89 |     23 |   228 |    +1.2% | -300.954 |   -15487.1 |    129 | io_out_REG[0]$_DFF_P_/D
     1955 |       3 |     265 |       89 |     23 |   228 |    +1.2% | -300.954 |   -15487.1 |    128 | io_out_REG[0]$_DFF_P_/D
     1956 |       3 |     265 |       89 |     23 |   228 |    +1.2% | -300.954 |   -15487.1 |    127 | io_out_REG[0]$_DFF_P_/D
     1957 |       3 |     265 |       89 |     23 |   228 |    +1.2% | -300.954 |   -15487.1 |    126 | io_out_REG[0]$_DFF_P_/D
     1958 |       3 |     265 |       89 |     23 |   228 |    +1.2% | -300.954 |   -15487.1 |    125 | io_out_REG[0]$_DFF_P_/D
     1959 |       3 |     265 |       89 |     23 |   228 |    +1.2% | -300.954 |   -15487.1 |    124 | io_out_REG[0]$_DFF_P_/D
     1960 |       3 |     265 |       89 |     23 |   228 |    +1.2% | -300.954 |   -15487.1 |    124 | io_out_REG[0]$_DFF_P_/D
     1960 |       3 |     265 |       89 |     23 |   228 |    +1.2% | -300.954 |   -15487.1 |    123 | io_out_REG[0]$_DFF_P_/D
     1961 |       3 |     265 |       89 |     23 |   228 |    +1.2% | -300.954 |   -15487.1 |    122 | io_out_REG[0]$_DFF_P_/D
     1962 |       3 |     265 |       89 |     23 |   228 |    +1.2% | -300.954 |   -15487.1 |    121 | io_out_REG[0]$_DFF_P_/D
     1963 |       3 |     265 |       89 |     23 |   228 |    +1.2% | -300.954 |   -15487.1 |    120 | io_out_REG[0]$_DFF_P_/D
     1964 |       3 |     265 |       89 |     23 |   228 |    +1.2% | -300.954 |   -15487.1 |    119 | io_out_REG[0]$_DFF_P_/D
     1965 |       3 |     265 |       89 |     23 |   228 |    +1.2% | -300.954 |   -15487.1 |    118 | io_out_REG[0]$_DFF_P_/D
     1966 |       3 |     265 |       89 |     23 |   228 |    +1.2% | -300.954 |   -15487.1 |    117 | io_out_REG[0]$_DFF_P_/D
     1967 |       3 |     265 |       89 |     23 |   228 |    +1.2% | -300.954 |   -15487.1 |    116 | io_out_REG[0]$_DFF_P_/D
     1968 |       3 |     265 |       89 |     23 |   228 |    +1.2% | -300.954 |   -15487.1 |    115 | io_out_REG[0]$_DFF_P_/D
     1969 |       3 |     265 |       89 |     23 |   228 |    +1.2% | -300.954 |   -15487.1 |    114 | io_out_REG[0]$_DFF_P_/D
     1970 |       3 |     265 |       89 |     23 |   228 |    +1.2% | -300.954 |   -15487.1 |    114 | io_out_REG[0]$_DFF_P_/D
     1970 |       3 |     265 |       89 |     23 |   228 |    +1.2% | -300.954 |   -15487.1 |    113 | io_out_REG[0]$_DFF_P_/D
     1971 |       3 |     265 |       89 |     23 |   228 |    +1.2% | -300.954 |   -15487.1 |    112 | io_out_REG[0]$_DFF_P_/D
     1972 |       3 |     265 |       89 |     23 |   228 |    +1.2% | -300.954 |   -15487.1 |    111 | io_out_REG[0]$_DFF_P_/D
     1973 |       3 |     265 |       89 |     23 |   228 |    +1.2% | -300.954 |   -15487.1 |    110 | io_out_REG[0]$_DFF_P_/D
     1974 |       3 |     265 |       89 |     23 |   228 |    +1.2% | -300.954 |   -15487.1 |    109 | io_out_REG[0]$_DFF_P_/D
     1975 |       3 |     265 |       89 |     23 |   228 |    +1.2% | -300.954 |   -15487.1 |    108 | io_out_REG[0]$_DFF_P_/D
     1976 |       3 |     265 |       89 |     23 |   228 |    +1.2% | -300.954 |   -15487.1 |    107 | io_out_REG[0]$_DFF_P_/D
     1977 |       3 |     265 |       89 |     23 |   228 |    +1.2% | -300.954 |   -15487.1 |    106 | io_out_REG[0]$_DFF_P_/D
     1978 |       3 |     265 |       89 |     23 |   228 |    +1.2% | -300.954 |   -15487.1 |    105 | io_out_REG[0]$_DFF_P_/D
     1979 |       3 |     265 |       89 |     23 |   228 |    +1.2% | -300.954 |   -15487.1 |    104 | io_out_REG[0]$_DFF_P_/D
     1980 |       3 |     265 |       89 |     23 |   228 |    +1.2% | -300.954 |   -15487.1 |    104 | io_out_REG[0]$_DFF_P_/D
     1980 |       3 |     265 |       89 |     23 |   228 |    +1.2% | -300.954 |   -15487.1 |    103 | io_out_REG[0]$_DFF_P_/D
     1981 |       3 |     265 |       89 |     23 |   228 |    +1.2% | -300.954 |   -15487.1 |    102 | io_out_REG[0]$_DFF_P_/D
     1982 |       3 |     265 |       89 |     23 |   228 |    +1.2% | -300.954 |   -15487.1 |    101 | io_out_REG[0]$_DFF_P_/D
     1984 |       3 |     265 |       89 |     23 |   228 |    +1.2% | -300.954 |   -15487.1 |    101 | io_out_REG[0]$_DFF_P_/D
     1985 |       3 |     265 |       89 |     23 |   228 |    +1.2% | -300.954 |   -15487.1 |    100 | io_out_REG[0]$_DFF_P_/D
     1986 |       3 |     265 |       89 |     23 |   228 |    +1.2% | -300.954 |   -15487.1 |     99 | io_out_REG[0]$_DFF_P_/D
     1987 |       3 |     265 |       89 |     23 |   228 |    +1.2% | -300.954 |   -15487.1 |     98 | io_out_REG[0]$_DFF_P_/D
     1988 |       3 |     265 |       89 |     23 |   228 |    +1.2% | -300.954 |   -15487.1 |     97 | io_out_REG[0]$_DFF_P_/D
     1989 |       3 |     265 |       89 |     23 |   228 |    +1.2% | -300.954 |   -15487.1 |     96 | io_out_REG[0]$_DFF_P_/D
    1990* |       3 |     265 |       89 |     23 |   228 |    +1.2% | -300.954 |   -15487.1 |    163 | io_out_REG[0]$_DFF_P_/D
    1990* |       3 |     265 |       89 |     23 |   228 |    +1.2% | -300.954 |   -15487.1 |    163 | io_out_REG[0]$_DFF_P_/D
    1991* |       3 |     265 |       89 |     23 |   228 |    +1.2% | -300.954 |   -15487.1 |    163 | io_out_REG[0]$_DFF_P_/D
    1992* |       3 |     265 |       89 |     23 |   228 |    +1.2% | -300.954 |   -15487.1 |    163 | io_out_REG[0]$_DFF_P_/D
    1993* |       3 |     265 |       89 |     23 |   228 |    +1.2% | -300.954 |   -15487.1 |    163 | io_out_REG[0]$_DFF_P_/D
    1994* |       3 |     265 |       89 |     23 |   228 |    +1.2% | -300.954 |   -15487.1 |    163 | io_out_REG[0]$_DFF_P_/D
    1995* |       3 |     265 |       89 |     23 |   228 |    +1.2% | -300.954 |   -15487.1 |    163 | io_out_REG[0]$_DFF_P_/D
    1996* |       3 |     265 |       89 |     23 |   228 |    +1.2% | -300.954 |   -15487.1 |    163 | io_out_REG[0]$_DFF_P_/D
    1997* |       3 |     265 |       89 |     23 |   228 |    +1.2% | -300.954 |   -15487.1 |    163 | io_out_REG[0]$_DFF_P_/D
    1998* |       3 |     265 |       89 |     23 |   228 |    +1.2% | -300.954 |   -15487.1 |    163 | io_out_REG[0]$_DFF_P_/D
    1999* |       3 |     265 |       89 |     23 |   228 |    +1.2% | -300.954 |   -15487.1 |    163 | io_out_REG[0]$_DFF_P_/D
    2000* |       3 |     265 |       89 |     23 |   228 |    +1.2% | -300.954 |   -15487.1 |    163 | io_out_REG[0]$_DFF_P_/D
    2001* |       3 |     265 |       89 |     23 |   228 |    +1.2% | -300.954 |   -15487.1 |    163 | io_out_REG[0]$_DFF_P_/D
    2002* |       3 |     265 |       89 |     23 |   228 |    +1.2% | -300.954 |   -15487.1 |    163 | io_out_REG[0]$_DFF_P_/D
    2003* |       3 |     265 |       89 |     23 |   228 |    +1.2% | -300.954 |   -15487.1 |    163 | io_out_REG[0]$_DFF_P_/D
    2004* |       3 |     265 |       89 |     23 |   228 |    +1.2% | -300.954 |   -15487.1 |    163 | io_out_REG[0]$_DFF_P_/D
    2005* |       3 |     265 |       89 |     23 |   228 |    +1.2% | -300.954 |   -15487.1 |    163 | io_out_REG[0]$_DFF_P_/D
    2006* |       3 |     265 |       89 |     23 |   228 |    +1.2% | -300.954 |   -15487.1 |    163 | io_out_REG[0]$_DFF_P_/D
    2007* |       3 |     265 |       89 |     23 |   228 |    +1.2% | -300.954 |   -15487.1 |    163 | io_out_REG[0]$_DFF_P_/D
    2008* |       3 |     265 |       89 |     23 |   228 |    +1.2% | -300.954 |   -15487.1 |    163 | io_out_REG[0]$_DFF_P_/D
    2009* |       3 |     265 |       89 |     23 |   228 |    +1.2% | -300.954 |   -15487.1 |    163 | io_out_REG[0]$_DFF_P_/D
    2010* |       3 |     265 |       89 |     23 |   228 |    +1.2% | -300.954 |   -15487.1 |    163 | io_out_REG[0]$_DFF_P_/D
    2010* |       3 |     265 |       89 |     23 |   228 |    +1.2% | -300.954 |   -15487.1 |    163 | io_out_REG[0]$_DFF_P_/D
    2011* |       3 |     265 |       89 |     23 |   228 |    +1.2% | -300.954 |   -15487.1 |    163 | io_out_REG[0]$_DFF_P_/D
    2012* |       3 |     265 |       89 |     23 |   228 |    +1.2% | -300.954 |   -15487.1 |    163 | io_out_REG[0]$_DFF_P_/D
    2013* |       3 |     265 |       89 |     23 |   228 |    +1.2% | -300.954 |   -15487.1 |    163 | io_out_REG[0]$_DFF_P_/D
    2014* |       3 |     265 |       89 |     23 |   228 |    +1.2% | -300.954 |   -15487.1 |    163 | io_out_REG[0]$_DFF_P_/D
    2015* |       3 |     265 |       89 |     23 |   228 |    +1.2% | -300.954 |   -15487.1 |    163 | io_out_REG[0]$_DFF_P_/D
    2016* |       3 |     265 |       89 |     23 |   228 |    +1.2% | -300.954 |   -15487.1 |    163 | io_out_REG[0]$_DFF_P_/D
    2017* |       3 |     265 |       89 |     23 |   228 |    +1.2% | -300.954 |   -15487.1 |    163 | io_out_REG[0]$_DFF_P_/D
    2018* |       3 |     265 |       89 |     23 |   228 |    +1.2% | -300.954 |   -15487.1 |    163 | io_out_REG[0]$_DFF_P_/D
    2019* |       3 |     265 |       89 |     23 |   228 |    +1.2% | -300.954 |   -15487.1 |    163 | io_out_REG[0]$_DFF_P_/D
    2020* |       3 |     265 |       89 |     23 |   228 |    +1.2% | -300.954 |   -15487.1 |    163 | io_out_REG[0]$_DFF_P_/D
    2020* |       3 |     265 |       89 |     23 |   228 |    +1.2% | -300.954 |   -15487.1 |    163 | io_out_REG[0]$_DFF_P_/D
    2021* |       3 |     265 |       89 |     23 |   228 |    +1.2% | -300.954 |   -15487.1 |    163 | io_out_REG[0]$_DFF_P_/D
    2022* |       3 |     265 |       89 |     23 |   228 |    +1.2% | -300.954 |   -15487.1 |    163 | io_out_REG[0]$_DFF_P_/D
    2023* |       3 |     265 |       89 |     23 |   228 |    +1.2% | -300.954 |   -15487.1 |    163 | io_out_REG[0]$_DFF_P_/D
    2024* |       3 |     265 |       89 |     23 |   228 |    +1.2% | -300.954 |   -15487.1 |    163 | io_out_REG[0]$_DFF_P_/D
    2025* |       3 |     265 |       89 |     23 |   228 |    +1.2% | -300.954 |   -15487.1 |    163 | io_out_REG[0]$_DFF_P_/D
    2026* |       3 |     265 |       89 |     23 |   228 |    +1.2% | -300.954 |   -15487.1 |    163 | io_out_REG[0]$_DFF_P_/D
    2027* |       3 |     265 |       89 |     23 |   228 |    +1.2% | -300.954 |   -15487.1 |    163 | io_out_REG[0]$_DFF_P_/D
    2029* |       3 |     266 |       89 |     23 |   228 |    +1.3% | -300.954 |   -15486.1 |    163 | io_out_REG[0]$_DFF_P_/D
    2030* |       3 |     266 |       89 |     23 |   228 |    +1.3% | -300.954 |   -15486.1 |    163 | io_out_REG[0]$_DFF_P_/D
    2030* |       3 |     266 |       89 |     23 |   228 |    +1.3% | -300.954 |   -15486.1 |    163 | io_out_REG[0]$_DFF_P_/D
    2031* |       3 |     266 |       89 |     23 |   228 |    +1.3% | -300.954 |   -15486.1 |    163 | io_out_REG[0]$_DFF_P_/D
    2032* |       3 |     266 |       89 |     23 |   228 |    +1.3% | -300.954 |   -15486.1 |    163 | io_out_REG[0]$_DFF_P_/D
    2033* |       3 |     266 |       89 |     23 |   228 |    +1.3% | -300.954 |   -15486.1 |    163 | io_out_REG[0]$_DFF_P_/D
    2034* |       3 |     266 |       89 |     23 |   228 |    +1.3% | -300.954 |   -15486.1 |    163 | io_out_REG[0]$_DFF_P_/D
    2035* |       3 |     266 |       89 |     23 |   228 |    +1.3% | -300.954 |   -15486.1 |    163 | io_out_REG[0]$_DFF_P_/D
    2036* |       3 |     266 |       89 |     23 |   228 |    +1.3% | -300.954 |   -15486.1 |    163 | io_out_REG[0]$_DFF_P_/D
    2037* |       3 |     266 |       89 |     23 |   228 |    +1.3% | -300.954 |   -15486.1 |    163 | io_out_REG[0]$_DFF_P_/D
    2038* |       3 |     266 |       89 |     23 |   228 |    +1.3% | -300.954 |   -15486.1 |    163 | io_out_REG[0]$_DFF_P_/D
    2040* |       3 |     267 |       89 |     23 |   228 |    +1.3% | -300.954 |   -15484.2 |    163 | io_out_REG[0]$_DFF_P_/D
    2043* |       3 |     269 |       89 |     23 |   229 |    +1.3% | -300.954 |   -15481.5 |    163 | io_out_REG[0]$_DFF_P_/D
    2044* |       3 |     269 |       89 |     23 |   229 |    +1.3% | -300.954 |   -15481.5 |    163 | io_out_REG[0]$_DFF_P_/D
    2050* |       3 |     272 |       89 |     23 |   231 |    +1.3% | -300.954 |   -15477.0 |    163 | io_out_REG[0]$_DFF_P_/D
    2050* |       3 |     272 |       89 |     23 |   231 |    +1.3% | -300.954 |   -15477.0 |    163 | io_out_REG[0]$_DFF_P_/D
    2051* |       3 |     272 |       89 |     23 |   231 |    +1.3% | -300.954 |   -15477.0 |    163 | io_out_REG[0]$_DFF_P_/D
    2052* |       3 |     272 |       89 |     23 |   231 |    +1.3% | -300.954 |   -15477.0 |    163 | io_out_REG[0]$_DFF_P_/D
    2053* |       3 |     272 |       89 |     23 |   231 |    +1.3% | -300.954 |   -15477.0 |    163 | io_out_REG[0]$_DFF_P_/D
    2054* |       3 |     272 |       89 |     23 |   231 |    +1.3% | -300.954 |   -15477.0 |    163 | io_out_REG[0]$_DFF_P_/D
    2057* |       3 |     272 |       89 |     23 |   233 |    +1.3% | -300.954 |   -15476.1 |    163 | io_out_REG[0]$_DFF_P_/D
    2058* |       3 |     272 |       89 |     23 |   233 |    +1.3% | -300.954 |   -15476.1 |    163 | io_out_REG[0]$_DFF_P_/D
    2059* |       3 |     272 |       89 |     23 |   233 |    +1.3% | -300.954 |   -15476.1 |    163 | io_out_REG[0]$_DFF_P_/D
    2060* |       3 |     272 |       89 |     23 |   233 |    +1.3% | -300.954 |   -15476.1 |    163 | io_out_REG[0]$_DFF_P_/D
    2060* |       3 |     272 |       89 |     23 |   233 |    +1.3% | -300.954 |   -15476.1 |    163 | io_out_REG[0]$_DFF_P_/D
    2061* |       3 |     272 |       89 |     23 |   233 |    +1.3% | -300.954 |   -15476.1 |    163 | io_out_REG[0]$_DFF_P_/D
    2062* |       3 |     272 |       89 |     23 |   233 |    +1.3% | -300.954 |   -15476.1 |    163 | io_out_REG[0]$_DFF_P_/D
    2064* |       3 |     273 |       89 |     23 |   233 |    +1.3% | -300.954 |   -15475.6 |    163 | io_out_REG[0]$_DFF_P_/D
    2066* |       3 |     273 |       89 |     23 |   234 |    +1.3% | -300.954 |   -15474.9 |    163 | io_out_REG[0]$_DFF_P_/D
    2069* |       3 |     274 |       89 |     23 |   235 |    +1.3% | -300.954 |   -15474.2 |    163 | io_out_REG[0]$_DFF_P_/D
    2070* |       3 |     274 |       89 |     23 |   235 |    +1.3% | -300.954 |   -15474.2 |    163 | io_out_REG[0]$_DFF_P_/D
    2071* |       3 |     274 |       89 |     23 |   236 |    +1.3% | -300.954 |   -15472.9 |    163 | io_out_REG[0]$_DFF_P_/D
    2072* |       3 |     274 |       89 |     23 |   236 |    +1.3% | -300.954 |   -15472.9 |    163 | io_out_REG[0]$_DFF_P_/D
    2073* |       3 |     274 |       89 |     23 |   236 |    +1.3% | -300.954 |   -15472.9 |    163 | io_out_REG[0]$_DFF_P_/D
    2074* |       3 |     274 |       89 |     23 |   236 |    +1.3% | -300.954 |   -15472.9 |    163 | io_out_REG[0]$_DFF_P_/D
    2075* |       3 |     274 |       89 |     23 |   236 |    +1.3% | -300.954 |   -15472.9 |    163 | io_out_REG[0]$_DFF_P_/D
    2076* |       3 |     274 |       89 |     23 |   236 |    +1.3% | -300.954 |   -15472.9 |    163 | io_out_REG[0]$_DFF_P_/D
    2077* |       3 |     274 |       89 |     23 |   236 |    +1.3% | -300.954 |   -15472.9 |    163 | io_out_REG[0]$_DFF_P_/D
    2078* |       3 |     274 |       89 |     23 |   236 |    +1.3% | -300.954 |   -15472.9 |    163 | io_out_REG[0]$_DFF_P_/D
    2079* |       3 |     274 |       89 |     23 |   236 |    +1.3% | -300.954 |   -15472.9 |    163 | io_out_REG[0]$_DFF_P_/D
    2080* |       3 |     274 |       89 |     23 |   236 |    +1.3% | -300.954 |   -15472.9 |    163 | io_out_REG[0]$_DFF_P_/D
    2080* |       3 |     274 |       89 |     23 |   236 |    +1.3% | -300.954 |   -15472.9 |    163 | io_out_REG[0]$_DFF_P_/D
    2081* |       3 |     274 |       89 |     23 |   236 |    +1.3% | -300.954 |   -15472.9 |    163 | io_out_REG[0]$_DFF_P_/D
    2082* |       3 |     274 |       89 |     23 |   236 |    +1.3% | -300.954 |   -15472.9 |    163 | io_out_REG[0]$_DFF_P_/D
    2083* |       3 |     274 |       89 |     23 |   236 |    +1.3% | -300.954 |   -15472.9 |    163 | io_out_REG[0]$_DFF_P_/D
    2084* |       3 |     274 |       89 |     23 |   236 |    +1.3% | -300.954 |   -15472.9 |    163 | io_out_REG[0]$_DFF_P_/D
    2085* |       3 |     274 |       89 |     23 |   236 |    +1.3% | -300.954 |   -15472.9 |    163 | io_out_REG[0]$_DFF_P_/D
    2086* |       3 |     274 |       89 |     23 |   236 |    +1.3% | -300.954 |   -15472.9 |    163 | io_out_REG[0]$_DFF_P_/D
    2087* |       3 |     274 |       89 |     23 |   236 |    +1.3% | -300.954 |   -15472.9 |    163 | io_out_REG[0]$_DFF_P_/D
    2088* |       3 |     274 |       89 |     23 |   236 |    +1.3% | -300.954 |   -15472.9 |    163 | io_out_REG[0]$_DFF_P_/D
    2089* |       3 |     274 |       89 |     23 |   236 |    +1.3% | -300.954 |   -15472.9 |    163 | io_out_REG[0]$_DFF_P_/D
    2090* |       3 |     274 |       89 |     23 |   236 |    +1.3% | -300.954 |   -15472.9 |    163 | io_out_REG[0]$_DFF_P_/D
    2090* |       3 |     274 |       89 |     23 |   236 |    +1.3% | -300.954 |   -15472.9 |    163 | io_out_REG[0]$_DFF_P_/D
    2091* |       3 |     274 |       89 |     23 |   236 |    +1.3% | -300.954 |   -15472.9 |    163 | io_out_REG[0]$_DFF_P_/D
    2092* |       3 |     274 |       89 |     23 |   236 |    +1.3% | -300.954 |   -15472.9 |    163 | io_out_REG[0]$_DFF_P_/D
    2093* |       3 |     274 |       89 |     23 |   236 |    +1.3% | -300.954 |   -15472.9 |    163 | io_out_REG[0]$_DFF_P_/D
    2094* |       3 |     274 |       89 |     23 |   236 |    +1.3% | -300.954 |   -15472.9 |    163 | io_out_REG[0]$_DFF_P_/D
    2095* |       3 |     274 |       89 |     23 |   236 |    +1.3% | -300.954 |   -15472.9 |    163 | io_out_REG[0]$_DFF_P_/D
    2096* |       3 |     274 |       89 |     23 |   236 |    +1.3% | -300.954 |   -15472.9 |    163 | io_out_REG[0]$_DFF_P_/D
    2097* |       3 |     274 |       89 |     23 |   236 |    +1.3% | -300.954 |   -15472.9 |    163 | io_out_REG[0]$_DFF_P_/D
    2098* |       3 |     274 |       89 |     23 |   236 |    +1.3% | -300.954 |   -15472.9 |    163 | io_out_REG[0]$_DFF_P_/D
    2099* |       3 |     274 |       89 |     23 |   236 |    +1.3% | -300.954 |   -15472.9 |    163 | io_out_REG[0]$_DFF_P_/D
    2100* |       3 |     274 |       89 |     23 |   236 |    +1.3% | -300.954 |   -15472.9 |    163 | io_out_REG[0]$_DFF_P_/D
    final |       3 |     274 |       89 |     23 |   236 |    +1.3% | -300.954 |   -15472.9 |    163 | io_out_REG[0]$_DFF_P_/D
--------------------------------------------------------------------------------------------------------------
[INFO RSZ-0059] Removed 3 buffers.
[INFO RSZ-0045] Inserted 89 buffers, 1 to split loads.
[INFO RSZ-0051] Resized 274 instances: 274 up, 0 up match, 0 down, 0 VT
[INFO RSZ-0043] Swapped pins on 236 instances.
[INFO RSZ-0049] Cloned 23 instances.
[WARNING RSZ-0062] Unable to repair all setup violations.
[INFO RSZ-0033] No hold violations found.
Took 15 seconds: repair_timing -setup_margin 0 -hold_margin 0 -repair_tns 100 -verbose
[INFO DPL-0005] Max displacement: +/- 500 sites horizontally, +/- 100 rows vertically.
Movements Summary
---------------------------------------
Total cells:                   11983
Diamond Move Success:          11983 (100.00%)
Diamond Move Failure:              0
Rip-up and replace Success:        0 (  0.00% of diamond failures)
Rip-up and replace Failure:        0
Total Placement Failures:          0
---------------------------------------
Placement Analysis
---------------------------------
total displacement        225.3 u
average displacement        0.0 u
max displacement            1.5 u
original HPWL           39242.3 u
legalized HPWL          39419.3 u
delta HPWL                    0 %

Report metrics stage 4, cts final...

==========================================================================
cts final report_design_area
--------------------------------------------------------------------------
Design area 1601 um^2 56% utilization.
write_db ./results/asap7/mock-alu/modified_alpha_4-beta_0.1-v3/4_1_cts.odb
write_sdc -no_timestamp ./results/asap7/mock-alu/modified_alpha_4-beta_0.1-v3/4_cts.sdc
Elapsed time: 0:19.50[h:]min:sec. CPU time: user 41.57 sys 19.39 (312%). Peak memory: 387232KB.
Log                        Elapsed/s Peak Memory/MB  sha1sum .odb [0:20)
4_1_cts                           19            378 49bbe0fec9b15649445f
