OpenROAD ee3d65ce03b2656092ed62bf9205c5c11049c575 
Features included (+) or not (-): +GPU +GUI +Python
This program is licensed under the BSD-3 license. See the LICENSE file for details.
Components of this program may be licensed under more restrictive licenses which must be honored.
[INFO ORD-0030] Using 32 thread(s).
source /home/lucast/workspace/OR-flow-TCC/flow/platforms/asap7/liberty_suppressions.tcl
read_liberty /home/lucast/workspace/OR-flow-TCC/flow/platforms/asap7/lib/NLDM/asap7sc7p5t_AO_RVT_FF_nldm_211120.lib.gz
read_liberty /home/lucast/workspace/OR-flow-TCC/flow/platforms/asap7/lib/NLDM/asap7sc7p5t_INVBUF_RVT_FF_nldm_220122.lib.gz
read_liberty /home/lucast/workspace/OR-flow-TCC/flow/platforms/asap7/lib/NLDM/asap7sc7p5t_OA_RVT_FF_nldm_211120.lib.gz
read_liberty /home/lucast/workspace/OR-flow-TCC/flow/platforms/asap7/lib/NLDM/asap7sc7p5t_SIMPLE_RVT_FF_nldm_211120.lib.gz
read_liberty /home/lucast/workspace/OR-flow-TCC/flow/platforms/asap7/lib/NLDM/asap7sc7p5t_SEQ_RVT_FF_nldm_220123.lib
read_liberty /home/lucast/workspace/OR-flow-TCC/flow/platforms/asap7/lib/NLDM/fakeram7_256x32.lib
read_liberty /home/lucast/workspace/OR-flow-TCC/flow/platforms/asap7/lib/NLDM/asap7sc7p5t_DFFHQNH2V2X_RVT_TT_nldm_FAKE.lib
read_liberty /home/lucast/workspace/OR-flow-TCC/flow/platforms/asap7/lib/NLDM/asap7sc7p5t_DFFHQNV2X_RVT_TT_nldm_FAKE.lib
read_db -hier ./results/asap7/riscv32i/modified_alpha_193-beta_0.1/3_place.odb
[WARNING ORD-0012] Hierarchical flow (-hier) is currently in development and may cause multiple issues. Do not use in production environments.
source /home/lucast/workspace/OR-flow-TCC/flow/platforms/asap7/setRC.tcl
clock_tree_synthesis -sink_clustering_enable -repair_clock_nets -sink_clustering_size 10 -sink_clustering_max_diameter 50
[INFO CTS-0050] Root buffer is BUFx16f_ASAP7_75t_R.
[INFO CTS-0051] Sink buffer is BUFx24_ASAP7_75t_R.
[INFO CTS-0052] The following clock buffers will be used for CTS:
                    BUFx16f_ASAP7_75t_R
                    BUFx24_ASAP7_75t_R
[INFO CTS-0049] Characterization buffer is BUFx24_ASAP7_75t_R.
[INFO CTS-0007] Net "clk" found for clock "clk".
[INFO CTS-0011]  Clock net "clk" for macros has 4 sinks.
[INFO CTS-0011]  Clock net "clk_regs" for registers has 294 sinks.
[INFO CTS-0008] TritonCTS found 2 clock nets.
[INFO CTS-0097] Characterization used 2 buffer(s) types.
[INFO CTS-0201] 4 blockages from hard placement blockages and placed macros will be used.
[INFO CTS-0027] Generating H-Tree topology for net clk.
[INFO CTS-0028]  Total number of sinks: 4.
[INFO CTS-0029]  Macro  sinks will be clustered in groups of up to 4 and with maximum cluster diameter of 84.0 um.
[INFO CTS-0030]  Number of static layers: 0.
[INFO CTS-0020]  Wire segment unit: 1350  dbu (1 um).
[INFO CTS-0023]  Original sink region: [(29272, 24876), (58016, 24876)].
[INFO CTS-0024]  Normalized sink region: [(21.683, 18.4267), (42.9748, 18.4267)].
[INFO CTS-0025]     Width:  21.2919.
[INFO CTS-0026]     Height: 0.0000.
 Level 1
    Direction: Horizontal
    Sinks per sub-region: 2
    Sub-region size: 10.6459 X 0.0000
[INFO CTS-0034]     Segment length (rounded): 5.
[INFO CTS-0032]  Stop criterion found. Max number of sinks is 15.
[INFO CTS-0035]  Number of sinks covered: 4.
[INFO CTS-0201] 4 blockages from hard placement blockages and placed macros will be used.
[INFO CTS-0027] Generating H-Tree topology for net clk_regs.
[INFO CTS-0028]  Total number of sinks: 294.
[INFO CTS-0029]  Register sinks will be clustered in groups of up to 10 and with maximum cluster diameter of 50.0 um.
[INFO CTS-0030]  Number of static layers: 0.
[INFO CTS-0020]  Wire segment unit: 1350  dbu (1 um).
[INFO CTS-0204] A clustering solution was found from clustering size of 10 and clustering diameter of 50.
[INFO CTS-0205] Better solution may be possible if either -sink_clustering_size, -sink_clustering_max_diameter, or both options are omitted to enable automatic clustering.
[INFO CTS-0019]  Total number of sinks after clustering: 30.
[INFO CTS-0024]  Normalized sink region: [(5.30066, 4.9097), (40.7776, 45.6396)].
[INFO CTS-0025]     Width:  35.4770.
[INFO CTS-0026]     Height: 40.7299.
 Level 1
    Direction: Vertical
    Sinks per sub-region: 15
    Sub-region size: 35.4770 X 20.3650
[INFO CTS-0034]     Segment length (rounded): 10.
 Level 2
    Direction: Horizontal
    Sinks per sub-region: 8
    Sub-region size: 17.7385 X 20.3650
[INFO CTS-0034]     Segment length (rounded): 8.
[INFO CTS-0032]  Stop criterion found. Max number of sinks is 15.
[INFO CTS-0035]  Number of sinks covered: 30.
[INFO CTS-0018]     Created 3 clock buffers.
[INFO CTS-0012]     Minimum number of buffers in the clock path: 2.
[INFO CTS-0013]     Maximum number of buffers in the clock path: 2.
[INFO CTS-0015]     Created 3 clock nets.
[INFO CTS-0016]     Fanout distribution for the current clock = 2:2..
[INFO CTS-0017]     Max level of the clock tree: 1.
[INFO CTS-0018]     Created 35 clock buffers.
[INFO CTS-0012]     Minimum number of buffers in the clock path: 3.
[INFO CTS-0013]     Maximum number of buffers in the clock path: 3.
[INFO CTS-0015]     Created 35 clock nets.
[INFO CTS-0016]     Fanout distribution for the current clock = 5:2, 7:1, 8:1, 9:1, 10:29..
[INFO CTS-0017]     Max level of the clock tree: 2.
[INFO CTS-0098] Clock net "clk"
[INFO CTS-0099]  Sinks 4
[INFO CTS-0100]  Leaf buffers 0
[INFO CTS-0101]  Average sink wire length 83.58 um
[INFO CTS-0102]  Path depth 2 - 2
[INFO CTS-0207]  Dummy loads inserted 0
[INFO CTS-0098] Clock net "clk_regs"
[INFO CTS-0099]  Sinks 312
[INFO CTS-0100]  Leaf buffers 30
[INFO CTS-0101]  Average sink wire length 41.48 um
[INFO CTS-0102]  Path depth 2 - 3
[INFO CTS-0207]  Dummy loads inserted 18
[INFO CTS-0033] Balancing latency for clock clk
[INFO CTS-0036]  inserted 2 delay buffers
[INFO CTS-0037] Total number of delay buffers: 2
estimate_parasitics -placement
[INFO DPL-0005] Max displacement: +/- 500 sites horizontally, +/- 100 rows vertically.
Movements Summary
---------------------------------------
Total cells:                    9391
Diamond Move Success:           9391 (100.00%)
Diamond Move Failure:              0
Rip-up and replace Success:        0 (  0.00% of diamond failures)
Rip-up and replace Failure:        0
Total Placement Failures:          0
---------------------------------------
Placement Analysis
---------------------------------
total displacement        188.0 u
average displacement        0.0 u
max displacement           12.7 u
original HPWL           46147.8 u
legalized HPWL          46840.4 u
delta HPWL                    2 %

estimate_parasitics -placement
repair_timing -setup_margin 0 -hold_margin 0 -repair_tns 100 -verbose
[INFO RSZ-0100] Repair move sequence: UnbufferMove SizeUpMove SwapPinsMove BufferMove CloneMove SplitLoadMove 
[INFO RSZ-0094] Found 971 endpoints with setup violations.
[INFO RSZ-0099] Repairing 971 out of 971 (100.00%) violating endpoints...
   Iter   | Removed | Resized | Inserted | Cloned |  Pin  |   Area   |    WNS   |   TNS      |  Viol  | Worst
          | Buffers |  Gates  | Buffers  |  Gates | Swaps |          |          |            | Endpts | Endpt
--------------------------------------------------------------------------------------------------------------
        0 |       0 |       0 |        0 |      0 |     0 |    +0.0% | -103.679 |   -43212.5 |    971 | _tray_size4_1980/D1
       10 |       0 |       7 |        0 |      0 |     2 |    +0.0% |  -86.707 |   -39339.7 |    971 | _tray_size4_1895/D1
       20 |       0 |      15 |        0 |      0 |     4 |    +0.0% |  -67.845 |   -30702.1 |    971 | _tray_size4_1980/D1
       30 |       0 |      19 |        2 |      3 |     5 |    +0.1% |  -56.385 |   -24444.4 |    971 | _tray_size4_1980/D1
       40 |       0 |      22 |       10 |      3 |     8 |    +0.1% |  -48.326 |   -17892.6 |    971 | _tray_size4_1980/D1
       50 |       0 |      26 |       13 |      3 |    11 |    +0.1% |  -44.165 |   -15455.0 |    971 | _tray_size4_1980/D1
       60 |       0 |      31 |       17 |      3 |    12 |    +0.1% |  -30.226 |    -8146.9 |    971 | _tray_size4_1980/D1
       70 |       0 |      37 |       19 |      4 |    13 |    +0.1% |  -23.716 |    -4849.4 |    971 | _tray_size4_1980/D1
       80 |       0 |      44 |       20 |      5 |    14 |    +0.2% |  -22.671 |    -4184.2 |    971 | _tray_size4_1969/D3
       90 |       0 |      51 |       21 |      7 |    14 |    +0.2% |  -19.743 |    -3712.9 |    971 | _tray_size4_1936/D1
      100 |       0 |      56 |       23 |      7 |    18 |    +0.2% |  -19.256 |    -3546.3 |    971 | _tray_size4_1936/D1
      110 |       0 |      59 |       25 |      8 |    22 |    +0.2% |  -18.947 |    -3263.0 |    971 | _tray_size4_1936/D1
      120 |       0 |      65 |       28 |      8 |    23 |    +0.3% |  -13.860 |    -2027.4 |    971 | _tray_size4_1992/D0
      130 |       0 |      70 |       31 |     10 |    24 |    +0.3% |  -10.877 |    -1423.7 |    971 | _tray_size4_1936/D1
      140 |       0 |      77 |       33 |     10 |    26 |    +0.3% |   -8.913 |     -837.1 |    971 | _tray_size4_1936/D1
      150 |       0 |      80 |       35 |     11 |    30 |    +0.3% |   -8.836 |     -828.0 |    971 | _tray_size4_1936/D1
      160 |       0 |      83 |       37 |     11 |    35 |    +0.3% |   -7.529 |     -619.4 |    971 | _tray_size4_1936/D1
      170 |       0 |      88 |       41 |     12 |    36 |    +0.3% |   -6.091 |     -425.0 |    971 | _tray_size4_1936/D1
      180 |       0 |      94 |       41 |     14 |    38 |    +0.4% |  -10.358 |     -784.7 |    971 | _tray_size4_1995/D3
      190 |       0 |      98 |       44 |     14 |    41 |    +0.4% |   -4.047 |     -104.2 |    971 | _tray_size4_1936/D1
      191 |       0 |      98 |       44 |     14 |    40 |    +0.4% |   -2.931 |      -57.2 |    970 | _tray_size4_1936/D1
      193 |       0 |      99 |       44 |     14 |    40 |    +0.4% |   -2.110 |      -23.9 |    968 | _tray_size4_1995/D3
      194 |       0 |      99 |       44 |     14 |    40 |    +0.4% |   -2.110 |      -23.9 |    967 | _tray_size4_1995/D3
      195 |       0 |      99 |       44 |     14 |    40 |    +0.4% |   -2.110 |      -23.9 |    966 | _tray_size4_1995/D3
      196 |       0 |      99 |       44 |     14 |    40 |    +0.4% |   -2.110 |      -23.9 |    965 | _tray_size4_1995/D3
      197 |       0 |      99 |       44 |     14 |    40 |    +0.4% |   -2.110 |      -23.9 |    964 | _tray_size4_1995/D3
      198 |       0 |      99 |       44 |     14 |    40 |    +0.4% |   -2.110 |      -23.9 |    963 | _tray_size4_1995/D3
      199 |       0 |      99 |       44 |     14 |    40 |    +0.4% |   -2.110 |      -23.9 |    962 | _tray_size4_1995/D3
      200 |       0 |      99 |       44 |     14 |    40 |    +0.4% |   -2.110 |      -23.9 |    962 | _tray_size4_1995/D3
      200 |       0 |      99 |       44 |     14 |    40 |    +0.4% |   -2.110 |      -23.9 |    961 | _tray_size4_1995/D3
      201 |       0 |      99 |       44 |     14 |    40 |    +0.4% |   -2.110 |      -23.9 |    960 | _tray_size4_1995/D3
      202 |       0 |      99 |       44 |     14 |    40 |    +0.4% |   -2.110 |      -23.9 |    959 | _tray_size4_1995/D3
      203 |       0 |      99 |       44 |     14 |    40 |    +0.4% |   -2.110 |      -23.9 |    958 | _tray_size4_1995/D3
      204 |       0 |      99 |       44 |     14 |    40 |    +0.4% |   -2.110 |      -23.9 |    957 | _tray_size4_1995/D3
      205 |       0 |      99 |       44 |     14 |    40 |    +0.4% |   -2.110 |      -23.9 |    956 | _tray_size4_1995/D3
      206 |       0 |      99 |       44 |     14 |    40 |    +0.4% |   -2.110 |      -23.9 |    955 | _tray_size4_1995/D3
      207 |       0 |      99 |       44 |     14 |    40 |    +0.4% |   -2.110 |      -23.9 |    954 | _tray_size4_1995/D3
      208 |       0 |      99 |       44 |     14 |    40 |    +0.4% |   -2.110 |      -23.9 |    953 | _tray_size4_1995/D3
      209 |       0 |      99 |       44 |     14 |    40 |    +0.4% |   -2.110 |      -23.9 |    952 | _tray_size4_1995/D3
      210 |       0 |      99 |       44 |     14 |    40 |    +0.4% |   -2.110 |      -23.9 |    952 | _tray_size4_1995/D3
      210 |       0 |      99 |       44 |     14 |    40 |    +0.4% |   -2.110 |      -23.9 |    951 | _tray_size4_1995/D3
      211 |       0 |      99 |       44 |     14 |    40 |    +0.4% |   -2.110 |      -23.9 |    950 | _tray_size4_1995/D3
      212 |       0 |      99 |       44 |     14 |    40 |    +0.4% |   -2.110 |      -23.9 |    949 | _tray_size4_1995/D3
      213 |       0 |      99 |       44 |     14 |    40 |    +0.4% |   -2.110 |      -23.9 |    948 | _tray_size4_1995/D3
      214 |       0 |      99 |       44 |     14 |    40 |    +0.4% |   -2.110 |      -23.9 |    947 | _tray_size4_1995/D3
      215 |       0 |      99 |       44 |     14 |    40 |    +0.4% |   -2.110 |      -23.9 |    946 | _tray_size4_1995/D3
      216 |       0 |      99 |       44 |     14 |    40 |    +0.4% |   -2.110 |      -23.9 |    945 | _tray_size4_1995/D3
      217 |       0 |      99 |       44 |     14 |    40 |    +0.4% |   -2.110 |      -23.9 |    944 | _tray_size4_1995/D3
      218 |       0 |      99 |       44 |     14 |    40 |    +0.4% |   -2.110 |      -23.9 |    943 | _tray_size4_1995/D3
      219 |       0 |      99 |       44 |     14 |    40 |    +0.4% |   -2.110 |      -23.9 |    942 | _tray_size4_1995/D3
      220 |       0 |      99 |       44 |     14 |    40 |    +0.4% |   -2.110 |      -23.9 |    942 | _tray_size4_1995/D3
      220 |       0 |      99 |       44 |     14 |    40 |    +0.4% |   -2.110 |      -23.9 |    941 | _tray_size4_1995/D3
      221 |       0 |      99 |       44 |     14 |    40 |    +0.4% |   -2.110 |      -23.9 |    940 | _tray_size4_1995/D3
      222 |       0 |      99 |       44 |     14 |    40 |    +0.4% |   -2.110 |      -23.9 |    939 | _tray_size4_1995/D3
      223 |       0 |      99 |       44 |     14 |    40 |    +0.4% |   -2.110 |      -23.9 |    938 | _tray_size4_1995/D3
      225 |       0 |      99 |       45 |     14 |    40 |    +0.4% |   -2.110 |      -19.8 |    936 | _tray_size4_1995/D3
      226 |       0 |      99 |       45 |     14 |    40 |    +0.4% |   -2.110 |      -19.8 |    935 | _tray_size4_1995/D3
      227 |       0 |      99 |       45 |     14 |    40 |    +0.4% |   -2.110 |      -19.8 |    934 | _tray_size4_1995/D3
      228 |       0 |      99 |       45 |     14 |    40 |    +0.4% |   -2.110 |      -19.8 |    933 | _tray_size4_1995/D3
      229 |       0 |      99 |       45 |     14 |    40 |    +0.4% |   -2.110 |      -19.8 |    932 | _tray_size4_1995/D3
      230 |       0 |      99 |       45 |     14 |    40 |    +0.4% |   -2.110 |      -19.8 |    932 | _tray_size4_1995/D3
      230 |       0 |      99 |       45 |     14 |    40 |    +0.4% |   -2.110 |      -19.8 |    931 | _tray_size4_1995/D3
      231 |       0 |      99 |       45 |     14 |    40 |    +0.4% |   -2.110 |      -19.8 |    930 | _tray_size4_1995/D3
      232 |       0 |      99 |       45 |     14 |    40 |    +0.4% |   -2.110 |      -19.8 |    929 | _tray_size4_1995/D3
      233 |       0 |      99 |       45 |     14 |    40 |    +0.4% |   -2.110 |      -19.8 |    928 | _tray_size4_1995/D3
      234 |       0 |      99 |       45 |     14 |    40 |    +0.4% |   -2.110 |      -19.8 |    927 | _tray_size4_1995/D3
      235 |       0 |      99 |       45 |     14 |    40 |    +0.4% |   -2.110 |      -19.8 |    926 | _tray_size4_1995/D3
      236 |       0 |      99 |       45 |     14 |    40 |    +0.4% |   -2.110 |      -19.8 |    925 | _tray_size4_1995/D3
      237 |       0 |      99 |       45 |     14 |    40 |    +0.4% |   -2.110 |      -19.8 |    924 | _tray_size4_1995/D3
      238 |       0 |      99 |       45 |     14 |    40 |    +0.4% |   -2.110 |      -19.8 |    923 | _tray_size4_1995/D3
      239 |       0 |      99 |       45 |     14 |    40 |    +0.4% |   -2.110 |      -19.8 |    922 | _tray_size4_1995/D3
      240 |       0 |      99 |       45 |     14 |    40 |    +0.4% |   -2.110 |      -19.8 |    922 | _tray_size4_1995/D3
      240 |       0 |      99 |       45 |     14 |    40 |    +0.4% |   -2.110 |      -19.8 |    921 | _tray_size4_1995/D3
      241 |       0 |      99 |       45 |     14 |    40 |    +0.4% |   -2.110 |      -19.8 |    920 | _tray_size4_1995/D3
      242 |       0 |      99 |       45 |     14 |    40 |    +0.4% |   -2.110 |      -19.8 |    919 | _tray_size4_1995/D3
      243 |       0 |      99 |       45 |     14 |    40 |    +0.4% |   -2.110 |      -19.8 |    918 | _tray_size4_1995/D3
      244 |       0 |      99 |       45 |     14 |    40 |    +0.4% |   -2.110 |      -19.8 |    917 | _tray_size4_1995/D3
      245 |       0 |      99 |       45 |     14 |    40 |    +0.4% |   -2.110 |      -19.8 |    916 | _tray_size4_1995/D3
      246 |       0 |      99 |       45 |     14 |    40 |    +0.4% |   -2.110 |      -19.8 |    915 | _tray_size4_1995/D3
      247 |       0 |      99 |       45 |     14 |    40 |    +0.4% |   -2.110 |      -19.8 |    914 | _tray_size4_1995/D3
      248 |       0 |      99 |       45 |     14 |    40 |    +0.4% |   -2.110 |      -19.8 |    913 | _tray_size4_1995/D3
      249 |       0 |      99 |       45 |     14 |    40 |    +0.4% |   -2.110 |      -19.8 |    912 | _tray_size4_1995/D3
      250 |       0 |      99 |       45 |     14 |    40 |    +0.4% |   -2.110 |      -19.8 |    912 | _tray_size4_1995/D3
      250 |       0 |      99 |       45 |     14 |    40 |    +0.4% |   -2.110 |      -19.8 |    911 | _tray_size4_1995/D3
      251 |       0 |      99 |       45 |     14 |    40 |    +0.4% |   -2.110 |      -19.8 |    910 | _tray_size4_1995/D3
      252 |       0 |      99 |       45 |     14 |    40 |    +0.4% |   -2.110 |      -19.8 |    909 | _tray_size4_1995/D3
      253 |       0 |      99 |       45 |     14 |    40 |    +0.4% |   -2.110 |      -19.8 |    908 | _tray_size4_1995/D3
      254 |       0 |      99 |       45 |     14 |    40 |    +0.4% |   -2.110 |      -19.8 |    907 | _tray_size4_1995/D3
      255 |       0 |      99 |       45 |     14 |    40 |    +0.4% |   -2.110 |      -19.8 |    906 | _tray_size4_1995/D3
      256 |       0 |      99 |       45 |     14 |    40 |    +0.4% |   -2.110 |      -19.8 |    905 | _tray_size4_1995/D3
      257 |       0 |      99 |       45 |     14 |    40 |    +0.4% |   -2.110 |      -19.8 |    904 | _tray_size4_1995/D3
      258 |       0 |      99 |       45 |     14 |    40 |    +0.4% |   -2.110 |      -19.8 |    903 | _tray_size4_1995/D3
      259 |       0 |      99 |       45 |     14 |    40 |    +0.4% |   -2.110 |      -19.8 |    902 | _tray_size4_1995/D3
      260 |       0 |      99 |       45 |     14 |    40 |    +0.4% |   -2.110 |      -19.8 |    902 | _tray_size4_1995/D3
      260 |       0 |      99 |       45 |     14 |    40 |    +0.4% |   -2.110 |      -19.8 |    901 | _tray_size4_1995/D3
      261 |       0 |      99 |       45 |     14 |    40 |    +0.4% |   -2.110 |      -19.8 |    900 | _tray_size4_1995/D3
      262 |       0 |      99 |       45 |     14 |    40 |    +0.4% |   -2.110 |      -19.8 |    899 | _tray_size4_1995/D3
      263 |       0 |      99 |       45 |     14 |    40 |    +0.4% |   -2.110 |      -19.8 |    898 | _tray_size4_1995/D3
      264 |       0 |      99 |       45 |     14 |    40 |    +0.4% |   -2.110 |      -19.8 |    897 | _tray_size4_1995/D3
      265 |       0 |      99 |       45 |     14 |    40 |    +0.4% |   -2.110 |      -19.8 |    896 | _tray_size4_1995/D3
      266 |       0 |      99 |       45 |     14 |    40 |    +0.4% |   -2.110 |      -19.8 |    895 | _tray_size4_1995/D3
      267 |       0 |      99 |       45 |     14 |    40 |    +0.4% |   -2.110 |      -19.8 |    894 | _tray_size4_1995/D3
      268 |       0 |      99 |       45 |     14 |    40 |    +0.4% |   -2.110 |      -19.8 |    893 | _tray_size4_1995/D3
      269 |       0 |      99 |       45 |     14 |    40 |    +0.4% |   -2.110 |      -19.8 |    892 | _tray_size4_1995/D3
      270 |       0 |      99 |       45 |     14 |    40 |    +0.4% |   -2.110 |      -19.8 |    892 | _tray_size4_1995/D3
      270 |       0 |      99 |       45 |     14 |    40 |    +0.4% |   -2.110 |      -19.8 |    891 | _tray_size4_1995/D3
      271 |       0 |      99 |       45 |     14 |    40 |    +0.4% |   -2.110 |      -19.8 |    890 | _tray_size4_1995/D3
      272 |       0 |      99 |       45 |     14 |    40 |    +0.4% |   -2.110 |      -19.8 |    889 | _tray_size4_1995/D3
      273 |       0 |      99 |       45 |     14 |    40 |    +0.4% |   -2.110 |      -19.8 |    888 | _tray_size4_1995/D3
      274 |       0 |      99 |       45 |     14 |    40 |    +0.4% |   -2.110 |      -19.8 |    887 | _tray_size4_1995/D3
      275 |       0 |      99 |       45 |     14 |    40 |    +0.4% |   -2.110 |      -19.8 |    886 | _tray_size4_1995/D3
      276 |       0 |      99 |       45 |     14 |    40 |    +0.4% |   -2.110 |      -19.8 |    885 | _tray_size4_1995/D3
      277 |       0 |      99 |       45 |     14 |    40 |    +0.4% |   -2.110 |      -19.8 |    884 | _tray_size4_1995/D3
      278 |       0 |      99 |       45 |     14 |    40 |    +0.4% |   -2.110 |      -19.8 |    883 | _tray_size4_1995/D3
      279 |       0 |      99 |       45 |     14 |    40 |    +0.4% |   -2.110 |      -19.8 |    882 | _tray_size4_1995/D3
      280 |       0 |      99 |       45 |     14 |    40 |    +0.4% |   -2.110 |      -19.8 |    882 | _tray_size4_1995/D3
      280 |       0 |      99 |       45 |     14 |    40 |    +0.4% |   -2.110 |      -19.8 |    881 | _tray_size4_1995/D3
      281 |       0 |      99 |       45 |     14 |    40 |    +0.4% |   -2.110 |      -19.8 |    880 | _tray_size4_1995/D3
      282 |       0 |      99 |       45 |     14 |    40 |    +0.4% |   -2.110 |      -19.8 |    879 | _tray_size4_1995/D3
      283 |       0 |      99 |       45 |     14 |    40 |    +0.4% |   -2.110 |      -19.8 |    878 | _tray_size4_1995/D3
      284 |       0 |      99 |       45 |     14 |    40 |    +0.4% |   -2.110 |      -19.8 |    877 | _tray_size4_1995/D3
      285 |       0 |      99 |       45 |     14 |    40 |    +0.4% |   -2.110 |      -19.8 |    876 | _tray_size4_1995/D3
      286 |       0 |      99 |       45 |     14 |    40 |    +0.4% |   -2.110 |      -19.8 |    875 | _tray_size4_1995/D3
      287 |       0 |      99 |       45 |     14 |    40 |    +0.4% |   -2.110 |      -19.8 |    874 | _tray_size4_1995/D3
      288 |       0 |      99 |       45 |     14 |    40 |    +0.4% |   -2.110 |      -19.8 |    873 | _tray_size4_1995/D3
      289 |       0 |      99 |       45 |     14 |    40 |    +0.4% |   -2.110 |      -19.8 |    872 | _tray_size4_1995/D3
      290 |       0 |      99 |       45 |     14 |    40 |    +0.4% |   -2.110 |      -19.8 |    872 | _tray_size4_1995/D3
      290 |       0 |      99 |       45 |     14 |    40 |    +0.4% |   -2.110 |      -19.8 |    871 | _tray_size4_1995/D3
      291 |       0 |      99 |       45 |     14 |    40 |    +0.4% |   -2.110 |      -19.8 |    870 | _tray_size4_1995/D3
      292 |       0 |      99 |       45 |     14 |    40 |    +0.4% |   -2.110 |      -19.8 |    869 | _tray_size4_1995/D3
      293 |       0 |      99 |       45 |     14 |    40 |    +0.4% |   -2.110 |      -19.8 |    868 | _tray_size4_1995/D3
      294 |       0 |      99 |       45 |     14 |    40 |    +0.4% |   -2.110 |      -19.8 |    867 | _tray_size4_1995/D3
      295 |       0 |      99 |       45 |     14 |    40 |    +0.4% |   -2.110 |      -19.8 |    866 | _tray_size4_1995/D3
      296 |       0 |      99 |       45 |     14 |    40 |    +0.4% |   -2.110 |      -19.8 |    865 | _tray_size4_1995/D3
      297 |       0 |      99 |       45 |     14 |    40 |    +0.4% |   -2.110 |      -19.8 |    864 | _tray_size4_1995/D3
      298 |       0 |      99 |       45 |     14 |    40 |    +0.4% |   -2.110 |      -19.8 |    863 | _tray_size4_1995/D3
      299 |       0 |      99 |       45 |     14 |    40 |    +0.4% |   -2.110 |      -19.8 |    862 | _tray_size4_1995/D3
      300 |       0 |      99 |       45 |     14 |    40 |    +0.4% |   -2.110 |      -19.8 |    862 | _tray_size4_1995/D3
      300 |       0 |      99 |       45 |     14 |    40 |    +0.4% |   -2.110 |      -19.8 |    861 | _tray_size4_1995/D3
      301 |       0 |      99 |       45 |     14 |    40 |    +0.4% |   -2.110 |      -19.8 |    860 | _tray_size4_1995/D3
      302 |       0 |      99 |       45 |     14 |    40 |    +0.4% |   -2.110 |      -19.8 |    859 | _tray_size4_1995/D3
      303 |       0 |      99 |       45 |     14 |    40 |    +0.4% |   -2.110 |      -19.8 |    858 | _tray_size4_1995/D3
      304 |       0 |      99 |       45 |     14 |    40 |    +0.4% |   -2.110 |      -19.8 |    857 | _tray_size4_1995/D3
      305 |       0 |      99 |       45 |     14 |    40 |    +0.4% |   -2.110 |      -19.8 |    856 | _tray_size4_1995/D3
      306 |       0 |      99 |       45 |     14 |    40 |    +0.4% |   -2.110 |      -19.8 |    855 | _tray_size4_1995/D3
      307 |       0 |      99 |       45 |     14 |    40 |    +0.4% |   -2.110 |      -19.8 |    854 | _tray_size4_1995/D3
      308 |       0 |      99 |       45 |     14 |    40 |    +0.4% |   -2.110 |      -19.8 |    853 | _tray_size4_1995/D3
      309 |       0 |      99 |       45 |     14 |    40 |    +0.4% |   -2.110 |      -19.8 |    852 | _tray_size4_1995/D3
      310 |       0 |      99 |       45 |     14 |    40 |    +0.4% |   -2.110 |      -19.8 |    852 | _tray_size4_1995/D3
      310 |       0 |      99 |       45 |     14 |    40 |    +0.4% |   -2.110 |      -19.8 |    851 | _tray_size4_1995/D3
      311 |       0 |      99 |       45 |     14 |    40 |    +0.4% |   -2.110 |      -19.8 |    850 | _tray_size4_1995/D3
      312 |       0 |      99 |       45 |     14 |    40 |    +0.4% |   -2.110 |      -19.8 |    849 | _tray_size4_1995/D3
      313 |       0 |      99 |       45 |     14 |    40 |    +0.4% |   -2.110 |      -19.8 |    848 | _tray_size4_1995/D3
      314 |       0 |      99 |       45 |     14 |    40 |    +0.4% |   -2.110 |      -19.8 |    847 | _tray_size4_1995/D3
      315 |       0 |      99 |       45 |     14 |    40 |    +0.4% |   -2.110 |      -19.8 |    846 | _tray_size4_1995/D3
      316 |       0 |      99 |       45 |     14 |    40 |    +0.4% |   -2.110 |      -19.8 |    845 | _tray_size4_1995/D3
      317 |       0 |      99 |       45 |     14 |    40 |    +0.4% |   -2.110 |      -19.8 |    844 | _tray_size4_1995/D3
      318 |       0 |      99 |       45 |     14 |    40 |    +0.4% |   -2.110 |      -19.8 |    843 | _tray_size4_1995/D3
      319 |       0 |      99 |       45 |     14 |    40 |    +0.4% |   -2.110 |      -19.8 |    842 | _tray_size4_1995/D3
      320 |       0 |      99 |       45 |     14 |    40 |    +0.4% |   -2.110 |      -19.8 |    842 | _tray_size4_1995/D3
      320 |       0 |      99 |       45 |     14 |    40 |    +0.4% |   -2.110 |      -19.8 |    841 | _tray_size4_1995/D3
      321 |       0 |      99 |       45 |     14 |    40 |    +0.4% |   -2.110 |      -19.8 |    840 | _tray_size4_1995/D3
      322 |       0 |      99 |       45 |     14 |    40 |    +0.4% |   -2.110 |      -19.8 |    839 | _tray_size4_1995/D3
      323 |       0 |      99 |       45 |     14 |    40 |    +0.4% |   -2.110 |      -19.8 |    838 | _tray_size4_1995/D3
      324 |       0 |      99 |       45 |     14 |    40 |    +0.4% |   -2.110 |      -19.8 |    837 | _tray_size4_1995/D3
      325 |       0 |      99 |       45 |     14 |    40 |    +0.4% |   -2.110 |      -19.8 |    836 | _tray_size4_1995/D3
      326 |       0 |      99 |       45 |     14 |    40 |    +0.4% |   -2.110 |      -19.8 |    835 | _tray_size4_1995/D3
      327 |       0 |      99 |       45 |     14 |    40 |    +0.4% |   -2.110 |      -19.8 |    834 | _tray_size4_1995/D3
      328 |       0 |      99 |       45 |     14 |    40 |    +0.4% |   -2.110 |      -19.8 |    833 | _tray_size4_1995/D3
      329 |       0 |      99 |       45 |     14 |    40 |    +0.4% |   -2.110 |      -19.8 |    832 | _tray_size4_1995/D3
      330 |       0 |      99 |       45 |     14 |    40 |    +0.4% |   -2.110 |      -19.8 |    832 | _tray_size4_1995/D3
      330 |       0 |      99 |       45 |     14 |    40 |    +0.4% |   -2.110 |      -19.8 |    831 | _tray_size4_1995/D3
      331 |       0 |      99 |       45 |     14 |    40 |    +0.4% |   -2.110 |      -19.8 |    830 | _tray_size4_1995/D3
      332 |       0 |      99 |       45 |     14 |    40 |    +0.4% |   -2.110 |      -19.8 |    829 | _tray_size4_1995/D3
      333 |       0 |      99 |       45 |     14 |    40 |    +0.4% |   -2.110 |      -19.8 |    828 | _tray_size4_1995/D3
      334 |       0 |      99 |       45 |     14 |    40 |    +0.4% |   -2.110 |      -19.8 |    827 | _tray_size4_1995/D3
      335 |       0 |      99 |       45 |     14 |    40 |    +0.4% |   -2.110 |      -19.8 |    826 | _tray_size4_1995/D3
      336 |       0 |      99 |       45 |     14 |    40 |    +0.4% |   -2.110 |      -19.8 |    825 | _tray_size4_1995/D3
      337 |       0 |      99 |       45 |     14 |    40 |    +0.4% |   -2.110 |      -19.8 |    824 | _tray_size4_1995/D3
      338 |       0 |      99 |       45 |     14 |    40 |    +0.4% |   -2.110 |      -19.8 |    823 | _tray_size4_1995/D3
      339 |       0 |      99 |       45 |     14 |    40 |    +0.4% |   -2.110 |      -19.8 |    822 | _tray_size4_1995/D3
      340 |       0 |      99 |       45 |     14 |    40 |    +0.4% |   -2.110 |      -19.8 |    822 | _tray_size4_1995/D3
      340 |       0 |      99 |       45 |     14 |    40 |    +0.4% |   -2.110 |      -19.8 |    821 | _tray_size4_1995/D3
      341 |       0 |      99 |       45 |     14 |    40 |    +0.4% |   -2.110 |      -19.8 |    820 | _tray_size4_1995/D3
      342 |       0 |      99 |       45 |     14 |    40 |    +0.4% |   -2.110 |      -19.8 |    819 | _tray_size4_1995/D3
      343 |       0 |      99 |       45 |     14 |    40 |    +0.4% |   -2.110 |      -19.8 |    818 | _tray_size4_1995/D3
      344 |       0 |      99 |       45 |     14 |    40 |    +0.4% |   -2.110 |      -19.8 |    817 | _tray_size4_1995/D3
      345 |       0 |      99 |       45 |     14 |    40 |    +0.4% |   -2.110 |      -19.8 |    816 | _tray_size4_1995/D3
      346 |       0 |      99 |       45 |     14 |    40 |    +0.4% |   -2.110 |      -19.8 |    815 | _tray_size4_1995/D3
      347 |       0 |      99 |       45 |     14 |    40 |    +0.4% |   -2.110 |      -19.8 |    814 | _tray_size4_1995/D3
      348 |       0 |      99 |       45 |     14 |    40 |    +0.4% |   -2.110 |      -19.8 |    813 | _tray_size4_1995/D3
      349 |       0 |      99 |       45 |     14 |    40 |    +0.4% |   -2.110 |      -19.8 |    812 | _tray_size4_1995/D3
      350 |       0 |      99 |       45 |     14 |    40 |    +0.4% |   -2.110 |      -19.8 |    812 | _tray_size4_1995/D3
      350 |       0 |      99 |       45 |     14 |    40 |    +0.4% |   -2.110 |      -19.8 |    811 | _tray_size4_1995/D3
      351 |       0 |      99 |       45 |     14 |    40 |    +0.4% |   -2.110 |      -19.8 |    810 | _tray_size4_1995/D3
      352 |       0 |      99 |       45 |     14 |    40 |    +0.4% |   -2.110 |      -19.8 |    809 | _tray_size4_1995/D3
      353 |       0 |      99 |       45 |     14 |    40 |    +0.4% |   -2.110 |      -19.8 |    808 | _tray_size4_1995/D3
      354 |       0 |      99 |       45 |     14 |    40 |    +0.4% |   -2.110 |      -19.8 |    807 | _tray_size4_1995/D3
      355 |       0 |      99 |       45 |     14 |    40 |    +0.4% |   -2.110 |      -19.8 |    806 | _tray_size4_1995/D3
      356 |       0 |      99 |       45 |     14 |    40 |    +0.4% |   -2.110 |      -19.8 |    805 | _tray_size4_1995/D3
      357 |       0 |      99 |       45 |     14 |    40 |    +0.4% |   -2.110 |      -19.8 |    804 | _tray_size4_1995/D3
      358 |       0 |      99 |       45 |     14 |    40 |    +0.4% |   -2.110 |      -19.8 |    803 | _tray_size4_1995/D3
      359 |       0 |      99 |       45 |     14 |    40 |    +0.4% |   -2.110 |      -19.8 |    802 | _tray_size4_1995/D3
      360 |       0 |      99 |       45 |     14 |    40 |    +0.4% |   -2.110 |      -19.8 |    802 | _tray_size4_1995/D3
      360 |       0 |      99 |       45 |     14 |    40 |    +0.4% |   -2.110 |      -19.8 |    801 | _tray_size4_1995/D3
      361 |       0 |      99 |       45 |     14 |    40 |    +0.4% |   -2.110 |      -19.8 |    800 | _tray_size4_1995/D3
      362 |       0 |      99 |       45 |     14 |    40 |    +0.4% |   -2.110 |      -19.8 |    799 | _tray_size4_1995/D3
      363 |       0 |      99 |       45 |     14 |    40 |    +0.4% |   -2.110 |      -19.8 |    798 | _tray_size4_1995/D3
      364 |       0 |      99 |       45 |     14 |    40 |    +0.4% |   -2.110 |      -19.8 |    797 | _tray_size4_1995/D3
      365 |       0 |      99 |       45 |     14 |    40 |    +0.4% |   -2.110 |      -19.8 |    796 | _tray_size4_1995/D3
      366 |       0 |      99 |       45 |     14 |    40 |    +0.4% |   -2.110 |      -19.8 |    795 | _tray_size4_1995/D3
      367 |       0 |      99 |       45 |     14 |    40 |    +0.4% |   -2.110 |      -19.8 |    794 | _tray_size4_1995/D3
      368 |       0 |      99 |       45 |     14 |    40 |    +0.4% |   -2.110 |      -19.8 |    793 | _tray_size4_1995/D3
      369 |       0 |      99 |       45 |     14 |    40 |    +0.4% |   -2.110 |      -19.8 |    792 | _tray_size4_1995/D3
      370 |       0 |      99 |       45 |     14 |    40 |    +0.4% |   -2.110 |      -19.8 |    792 | _tray_size4_1995/D3
      370 |       0 |      99 |       45 |     14 |    40 |    +0.4% |   -2.110 |      -19.8 |    791 | _tray_size4_1995/D3
      371 |       0 |      99 |       45 |     14 |    40 |    +0.4% |   -2.110 |      -19.8 |    790 | _tray_size4_1995/D3
      372 |       0 |      99 |       45 |     14 |    40 |    +0.4% |   -2.110 |      -19.8 |    789 | _tray_size4_1995/D3
      373 |       0 |      99 |       45 |     14 |    40 |    +0.4% |   -2.110 |      -19.8 |    788 | _tray_size4_1995/D3
      374 |       0 |      99 |       45 |     14 |    40 |    +0.4% |   -2.110 |      -19.8 |    787 | _tray_size4_1995/D3
      375 |       0 |      99 |       45 |     14 |    40 |    +0.4% |   -2.110 |      -19.8 |    786 | _tray_size4_1995/D3
      376 |       0 |      99 |       45 |     14 |    40 |    +0.4% |   -2.110 |      -19.8 |    785 | _tray_size4_1995/D3
      377 |       0 |      99 |       45 |     14 |    40 |    +0.4% |   -2.110 |      -19.8 |    784 | _tray_size4_1995/D3
      378 |       0 |      99 |       45 |     14 |    40 |    +0.4% |   -2.110 |      -19.8 |    783 | _tray_size4_1995/D3
      379 |       0 |      99 |       45 |     14 |    40 |    +0.4% |   -2.110 |      -19.8 |    782 | _tray_size4_1995/D3
      380 |       0 |      99 |       45 |     14 |    40 |    +0.4% |   -2.110 |      -19.8 |    782 | _tray_size4_1995/D3
      380 |       0 |      99 |       45 |     14 |    40 |    +0.4% |   -2.110 |      -19.8 |    781 | _tray_size4_1995/D3
      381 |       0 |      99 |       45 |     14 |    40 |    +0.4% |   -2.110 |      -19.8 |    780 | _tray_size4_1995/D3
      382 |       0 |      99 |       45 |     14 |    40 |    +0.4% |   -2.110 |      -19.8 |    779 | _tray_size4_1995/D3
      383 |       0 |      99 |       45 |     14 |    40 |    +0.4% |   -2.110 |      -19.8 |    778 | _tray_size4_1995/D3
      384 |       0 |      99 |       45 |     14 |    40 |    +0.4% |   -2.110 |      -19.8 |    777 | _tray_size4_1995/D3
      385 |       0 |      99 |       45 |     14 |    40 |    +0.4% |   -2.110 |      -19.8 |    776 | _tray_size4_1995/D3
      386 |       0 |      99 |       45 |     14 |    40 |    +0.4% |   -2.110 |      -19.8 |    775 | _tray_size4_1995/D3
      387 |       0 |      99 |       45 |     14 |    40 |    +0.4% |   -2.110 |      -19.8 |    774 | _tray_size4_1995/D3
      388 |       0 |      99 |       45 |     14 |    40 |    +0.4% |   -2.110 |      -19.8 |    773 | _tray_size4_1995/D3
      389 |       0 |      99 |       45 |     14 |    40 |    +0.4% |   -2.110 |      -19.8 |    772 | _tray_size4_1995/D3
      390 |       0 |      99 |       45 |     14 |    40 |    +0.4% |   -2.110 |      -19.8 |    772 | _tray_size4_1995/D3
      390 |       0 |      99 |       45 |     14 |    40 |    +0.4% |   -2.110 |      -19.8 |    771 | _tray_size4_1995/D3
      391 |       0 |      99 |       45 |     14 |    40 |    +0.4% |   -2.110 |      -19.8 |    770 | _tray_size4_1995/D3
      392 |       0 |      99 |       45 |     14 |    40 |    +0.4% |   -2.110 |      -19.8 |    769 | _tray_size4_1995/D3
      393 |       0 |      99 |       45 |     14 |    40 |    +0.4% |   -2.110 |      -19.8 |    768 | _tray_size4_1995/D3
      394 |       0 |      99 |       45 |     14 |    40 |    +0.4% |   -2.110 |      -19.8 |    767 | _tray_size4_1995/D3
      395 |       0 |      99 |       45 |     14 |    40 |    +0.4% |   -2.110 |      -19.8 |    766 | _tray_size4_1995/D3
      396 |       0 |      99 |       45 |     14 |    40 |    +0.4% |   -2.110 |      -19.8 |    765 | _tray_size4_1995/D3
      400 |       0 |      99 |       46 |     15 |    41 |    +0.4% |   -4.699 |      -85.3 |    765 | _tray_size4_1936/D1
      400 |       0 |      99 |       45 |     14 |    40 |    +0.4% |   -2.110 |      -19.8 |    764 | _tray_size4_1995/D3
      403 |       0 |      99 |       45 |     14 |    40 |    +0.4% |   -2.110 |      -19.8 |    763 | _tray_size4_1995/D3
      406 |       0 |      99 |       45 |     14 |    40 |    +0.4% |   -2.110 |      -19.8 |    762 | _tray_size4_1995/D3
      407 |       0 |      99 |       45 |     14 |    40 |    +0.4% |   -2.110 |      -19.8 |    761 | _tray_size4_1995/D3
      410 |       0 |      99 |       46 |     15 |    40 |    +0.4% |   -4.699 |      -87.3 |    761 | _tray_size4_1936/D1
      410 |       0 |      99 |       45 |     14 |    40 |    +0.4% |   -2.110 |      -19.8 |    760 | _tray_size4_1995/D3
      413 |       0 |      99 |       45 |     14 |    40 |    +0.4% |   -2.110 |      -19.8 |    759 | _tray_size4_1995/D3
      414 |       0 |      99 |       45 |     14 |    40 |    +0.4% |   -2.110 |      -19.8 |    758 | _tray_size4_1995/D3
      415 |       0 |      99 |       45 |     14 |    40 |    +0.4% |   -2.110 |      -19.8 |    757 | _tray_size4_1995/D3
      416 |       0 |      99 |       45 |     14 |    40 |    +0.4% |   -2.110 |      -19.8 |    756 | _tray_size4_1995/D3
      417 |       0 |      99 |       45 |     14 |    40 |    +0.4% |   -2.110 |      -19.8 |    755 | _tray_size4_1995/D3
      420 |       0 |      99 |       46 |     15 |    40 |    +0.4% |   -4.699 |      -87.3 |    755 | _tray_size4_1936/D1
      420 |       0 |      99 |       45 |     14 |    40 |    +0.4% |   -2.110 |      -19.8 |    754 | _tray_size4_1995/D3
      421 |       0 |      99 |       45 |     14 |    40 |    +0.4% |   -2.110 |      -19.8 |    753 | _tray_size4_1995/D3
      424 |       0 |      99 |       45 |     14 |    40 |    +0.4% |   -2.110 |      -19.8 |    752 | _tray_size4_1995/D3
      429 |       0 |      99 |       45 |     14 |    40 |    +0.4% |   -2.110 |      -19.8 |    751 | _tray_size4_1995/D3
      430 |       0 |      99 |       45 |     14 |    40 |    +0.4% |   -2.110 |      -19.8 |    751 | _tray_size4_1995/D3
      430 |       0 |      99 |       45 |     14 |    40 |    +0.4% |   -2.110 |      -19.8 |    750 | _tray_size4_1995/D3
      431 |       0 |      99 |       45 |     14 |    40 |    +0.4% |   -2.110 |      -19.8 |    749 | _tray_size4_1995/D3
      432 |       0 |      99 |       45 |     14 |    40 |    +0.4% |   -2.110 |      -19.8 |    748 | _tray_size4_1995/D3
      433 |       0 |      99 |       45 |     14 |    40 |    +0.4% |   -2.110 |      -19.8 |    747 | _tray_size4_1995/D3
      438 |       0 |      99 |       45 |     14 |    40 |    +0.4% |   -2.110 |      -19.8 |    746 | _tray_size4_1995/D3
      440 |       0 |      99 |       45 |     15 |    40 |    +0.4% |   -8.826 |      -77.2 |    746 | _tray_size4_1967/D0
      443 |       0 |      99 |       45 |     14 |    40 |    +0.4% |   -2.110 |      -19.8 |    745 | _tray_size4_1995/D3
      444 |       0 |      99 |       45 |     14 |    40 |    +0.4% |   -2.110 |      -19.8 |    744 | _tray_size4_1995/D3
      445 |       0 |      99 |       45 |     14 |    40 |    +0.4% |   -2.110 |      -19.8 |    743 | _tray_size4_1995/D3
      446 |       0 |      99 |       45 |     14 |    40 |    +0.4% |   -2.110 |      -19.8 |    742 | _tray_size4_1995/D3
      447 |       0 |      99 |       45 |     14 |    40 |    +0.4% |   -2.110 |      -19.8 |    741 | _tray_size4_1995/D3
      448 |       0 |      99 |       45 |     14 |    40 |    +0.4% |   -2.110 |      -19.8 |    740 | _tray_size4_1995/D3
      449 |       0 |      99 |       45 |     14 |    40 |    +0.4% |   -2.110 |      -19.8 |    739 | _tray_size4_1995/D3
      450 |       0 |      99 |       45 |     14 |    40 |    +0.4% |   -2.110 |      -19.8 |    739 | _tray_size4_1995/D3
      450 |       0 |      99 |       45 |     14 |    40 |    +0.4% |   -2.110 |      -19.8 |    738 | _tray_size4_1995/D3
      451 |       0 |      99 |       45 |     14 |    40 |    +0.4% |   -2.110 |      -19.8 |    737 | _tray_size4_1995/D3
      452 |       0 |      99 |       45 |     14 |    40 |    +0.4% |   -2.110 |      -19.8 |    736 | _tray_size4_1995/D3
      453 |       0 |      99 |       45 |     14 |    40 |    +0.4% |   -2.110 |      -19.8 |    735 | _tray_size4_1995/D3
      454 |       0 |      99 |       45 |     14 |    40 |    +0.4% |   -2.110 |      -19.8 |    734 | _tray_size4_1995/D3
      455 |       0 |      99 |       45 |     14 |    40 |    +0.4% |   -2.110 |      -19.8 |    733 | _tray_size4_1995/D3
      456 |       0 |      99 |       45 |     14 |    40 |    +0.4% |   -2.110 |      -19.8 |    732 | _tray_size4_1995/D3
      457 |       0 |      99 |       45 |     14 |    40 |    +0.4% |   -2.110 |      -19.8 |    731 | _tray_size4_1995/D3
      458 |       0 |      99 |       45 |     14 |    40 |    +0.4% |   -2.110 |      -19.8 |    730 | _tray_size4_1995/D3
      459 |       0 |      99 |       45 |     14 |    40 |    +0.4% |   -2.110 |      -19.8 |    729 | _tray_size4_1995/D3
      460 |       0 |      99 |       45 |     14 |    40 |    +0.4% |   -2.110 |      -19.8 |    729 | _tray_size4_1995/D3
      460 |       0 |      99 |       45 |     14 |    40 |    +0.4% |   -2.110 |      -19.8 |    728 | _tray_size4_1995/D3
      461 |       0 |      99 |       45 |     14 |    40 |    +0.4% |   -2.110 |      -19.8 |    727 | _tray_size4_1995/D3
      462 |       0 |      99 |       45 |     14 |    40 |    +0.4% |   -2.110 |      -19.8 |    726 | _tray_size4_1995/D3
      463 |       0 |      99 |       45 |     14 |    40 |    +0.4% |   -2.110 |      -19.8 |    725 | _tray_size4_1995/D3
      464 |       0 |      99 |       45 |     14 |    40 |    +0.4% |   -2.110 |      -19.8 |    724 | _tray_size4_1995/D3
      465 |       0 |      99 |       45 |     14 |    40 |    +0.4% |   -2.110 |      -19.8 |    723 | _tray_size4_1995/D3
      466 |       0 |      99 |       45 |     14 |    40 |    +0.4% |   -2.110 |      -19.8 |    722 | _tray_size4_1995/D3
      467 |       0 |      99 |       45 |     14 |    40 |    +0.4% |   -2.110 |      -19.8 |    721 | _tray_size4_1995/D3
      468 |       0 |      99 |       45 |     14 |    40 |    +0.4% |   -2.110 |      -19.8 |    720 | _tray_size4_1995/D3
      470 |       0 |      99 |       45 |     14 |    41 |    +0.4% |   -2.110 |      -17.7 |    720 | _tray_size4_1995/D3
      474 |       0 |     100 |       47 |     14 |    42 |    +0.4% |   -2.110 |      -12.2 |    718 | _tray_size4_1995/D3
      475 |       0 |     100 |       47 |     14 |    42 |    +0.4% |   -2.110 |      -12.2 |    717 | _tray_size4_1995/D3
      476 |       0 |     100 |       47 |     14 |    42 |    +0.4% |   -2.110 |      -12.2 |    716 | _tray_size4_1995/D3
      477 |       0 |     100 |       47 |     14 |    42 |    +0.4% |   -2.110 |      -12.2 |    715 | _tray_size4_1995/D3
      478 |       0 |     100 |       47 |     14 |    42 |    +0.4% |   -2.110 |      -12.2 |    714 | _tray_size4_1995/D3
      479 |       0 |     100 |       47 |     14 |    42 |    +0.4% |   -2.110 |      -12.2 |    713 | _tray_size4_1995/D3
      480 |       0 |     100 |       47 |     14 |    42 |    +0.4% |   -2.110 |      -12.2 |    713 | _tray_size4_1995/D3
      480 |       0 |     100 |       47 |     14 |    42 |    +0.4% |   -2.110 |      -12.2 |    712 | _tray_size4_1995/D3
      481 |       0 |     100 |       47 |     14 |    42 |    +0.4% |   -2.110 |      -12.2 |    711 | _tray_size4_1995/D3
      482 |       0 |     100 |       47 |     14 |    42 |    +0.4% |   -2.110 |      -12.2 |    710 | _tray_size4_1995/D3
      483 |       0 |     100 |       47 |     14 |    42 |    +0.4% |   -2.110 |      -12.2 |    709 | _tray_size4_1995/D3
      484 |       0 |     100 |       47 |     14 |    42 |    +0.4% |   -2.110 |      -12.2 |    708 | _tray_size4_1995/D3
      485 |       0 |     100 |       47 |     14 |    42 |    +0.4% |   -2.110 |      -12.2 |    707 | _tray_size4_1995/D3
      486 |       0 |     100 |       47 |     14 |    42 |    +0.4% |   -2.110 |      -12.2 |    706 | _tray_size4_1995/D3
      487 |       0 |     100 |       47 |     14 |    42 |    +0.4% |   -2.110 |      -12.2 |    705 | _tray_size4_1995/D3
      488 |       0 |     100 |       47 |     14 |    42 |    +0.4% |   -2.110 |      -12.2 |    704 | _tray_size4_1995/D3
      489 |       0 |     100 |       47 |     14 |    42 |    +0.4% |   -2.110 |      -12.2 |    703 | _tray_size4_1995/D3
      490 |       0 |     100 |       47 |     14 |    42 |    +0.4% |   -2.110 |      -12.2 |    703 | _tray_size4_1995/D3
      490 |       0 |     100 |       47 |     14 |    42 |    +0.4% |   -2.110 |      -12.2 |    702 | _tray_size4_1995/D3
      491 |       0 |     100 |       47 |     14 |    42 |    +0.4% |   -2.110 |      -12.2 |    701 | _tray_size4_1995/D3
      492 |       0 |     100 |       47 |     14 |    42 |    +0.4% |   -2.110 |      -12.2 |    700 | _tray_size4_1995/D3
      493 |       0 |     100 |       47 |     14 |    42 |    +0.4% |   -2.110 |      -12.2 |    699 | _tray_size4_1995/D3
      494 |       0 |     100 |       47 |     14 |    42 |    +0.4% |   -2.110 |      -12.2 |    698 | _tray_size4_1995/D3
      495 |       0 |     100 |       47 |     14 |    42 |    +0.4% |   -2.110 |      -12.2 |    697 | _tray_size4_1995/D3
      496 |       0 |     100 |       47 |     14 |    42 |    +0.4% |   -2.110 |      -12.2 |    696 | _tray_size4_1995/D3
      497 |       0 |     100 |       47 |     14 |    42 |    +0.4% |   -2.110 |      -12.2 |    695 | _tray_size4_1995/D3
      498 |       0 |     100 |       47 |     14 |    42 |    +0.4% |   -2.110 |      -12.2 |    694 | _tray_size4_1995/D3
      499 |       0 |     100 |       47 |     14 |    42 |    +0.4% |   -2.110 |      -12.2 |    693 | _tray_size4_1995/D3
      500 |       0 |     100 |       47 |     14 |    42 |    +0.4% |   -2.110 |      -12.2 |    693 | _tray_size4_1995/D3
      500 |       0 |     100 |       47 |     14 |    42 |    +0.4% |   -2.110 |      -12.2 |    692 | _tray_size4_1995/D3
      501 |       0 |     100 |       47 |     14 |    42 |    +0.4% |   -2.110 |      -12.2 |    691 | _tray_size4_1995/D3
      502 |       0 |     100 |       47 |     14 |    42 |    +0.4% |   -2.110 |      -12.2 |    690 | _tray_size4_1995/D3
      503 |       0 |     100 |       47 |     14 |    42 |    +0.4% |   -2.110 |      -12.2 |    689 | _tray_size4_1995/D3
      504 |       0 |     100 |       47 |     14 |    42 |    +0.4% |   -2.110 |      -12.2 |    688 | _tray_size4_1995/D3
      505 |       0 |     100 |       47 |     14 |    42 |    +0.4% |   -2.110 |      -12.2 |    687 | _tray_size4_1995/D3
      506 |       0 |     100 |       47 |     14 |    42 |    +0.4% |   -2.110 |      -12.2 |    686 | _tray_size4_1995/D3
      507 |       0 |     100 |       47 |     14 |    42 |    +0.4% |   -2.110 |      -12.2 |    685 | _tray_size4_1995/D3
      508 |       0 |     100 |       47 |     14 |    42 |    +0.4% |   -2.110 |      -12.2 |    684 | _tray_size4_1995/D3
      509 |       0 |     100 |       47 |     14 |    42 |    +0.4% |   -2.110 |      -12.2 |    683 | _tray_size4_1995/D3
      510 |       0 |     100 |       47 |     14 |    42 |    +0.4% |   -2.110 |      -12.2 |    683 | _tray_size4_1995/D3
      510 |       0 |     100 |       47 |     14 |    42 |    +0.4% |   -2.110 |      -12.2 |    682 | _tray_size4_1995/D3
      511 |       0 |     100 |       47 |     14 |    42 |    +0.4% |   -2.110 |      -12.2 |    681 | _tray_size4_1995/D3
      512 |       0 |     100 |       47 |     14 |    42 |    +0.4% |   -2.110 |      -12.2 |    680 | _tray_size4_1995/D3
      513 |       0 |     100 |       47 |     14 |    42 |    +0.4% |   -2.110 |      -12.2 |    679 | _tray_size4_1995/D3
      514 |       0 |     100 |       47 |     14 |    42 |    +0.4% |   -2.110 |      -12.2 |    678 | _tray_size4_1995/D3
      515 |       0 |     100 |       47 |     14 |    42 |    +0.4% |   -2.110 |      -12.2 |    677 | _tray_size4_1995/D3
      516 |       0 |     100 |       47 |     14 |    42 |    +0.4% |   -2.110 |      -12.2 |    676 | _tray_size4_1995/D3
      517 |       0 |     100 |       47 |     14 |    42 |    +0.4% |   -2.110 |      -12.2 |    675 | _tray_size4_1995/D3
      518 |       0 |     100 |       47 |     14 |    42 |    +0.4% |   -2.110 |      -12.2 |    674 | _tray_size4_1995/D3
      519 |       0 |     100 |       47 |     14 |    42 |    +0.4% |   -2.110 |      -12.2 |    673 | _tray_size4_1995/D3
      520 |       0 |     100 |       47 |     14 |    42 |    +0.4% |   -2.110 |      -12.2 |    673 | _tray_size4_1995/D3
      520 |       0 |     100 |       47 |     14 |    42 |    +0.4% |   -2.110 |      -12.2 |    672 | _tray_size4_1995/D3
      521 |       0 |     100 |       47 |     14 |    42 |    +0.4% |   -2.110 |      -12.2 |    671 | _tray_size4_1995/D3
      522 |       0 |     100 |       47 |     14 |    42 |    +0.4% |   -2.110 |      -12.2 |    670 | _tray_size4_1995/D3
      523 |       0 |     100 |       47 |     14 |    42 |    +0.4% |   -2.110 |      -12.2 |    669 | _tray_size4_1995/D3
      524 |       0 |     100 |       47 |     14 |    42 |    +0.4% |   -2.110 |      -12.2 |    668 | _tray_size4_1995/D3
      525 |       0 |     100 |       47 |     14 |    42 |    +0.4% |   -2.110 |      -12.2 |    667 | _tray_size4_1995/D3
      526 |       0 |     100 |       47 |     14 |    42 |    +0.4% |   -2.110 |      -12.2 |    666 | _tray_size4_1995/D3
      527 |       0 |     100 |       47 |     14 |    42 |    +0.4% |   -2.110 |      -12.2 |    665 | _tray_size4_1995/D3
      528 |       0 |     100 |       47 |     14 |    42 |    +0.4% |   -2.110 |      -12.2 |    664 | _tray_size4_1995/D3
      529 |       0 |     100 |       47 |     14 |    42 |    +0.4% |   -2.110 |      -12.2 |    663 | _tray_size4_1995/D3
      530 |       0 |     100 |       47 |     14 |    42 |    +0.4% |   -2.110 |      -12.2 |    663 | _tray_size4_1995/D3
      530 |       0 |     100 |       47 |     14 |    42 |    +0.4% |   -2.110 |      -12.2 |    662 | _tray_size4_1995/D3
      531 |       0 |     100 |       47 |     14 |    42 |    +0.4% |   -2.110 |      -12.2 |    661 | _tray_size4_1995/D3
      532 |       0 |     100 |       47 |     14 |    42 |    +0.4% |   -2.110 |      -12.2 |    660 | _tray_size4_1995/D3
      533 |       0 |     100 |       47 |     14 |    42 |    +0.4% |   -2.110 |      -12.2 |    659 | _tray_size4_1995/D3
      534 |       0 |     100 |       47 |     14 |    42 |    +0.4% |   -2.110 |      -12.2 |    658 | _tray_size4_1995/D3
      535 |       0 |     100 |       47 |     14 |    42 |    +0.4% |   -2.110 |      -12.2 |    657 | _tray_size4_1995/D3
      536 |       0 |     100 |       47 |     14 |    42 |    +0.4% |   -2.110 |      -12.2 |    656 | _tray_size4_1995/D3
      537 |       0 |     100 |       47 |     14 |    42 |    +0.4% |   -2.110 |      -12.2 |    655 | _tray_size4_1995/D3
      538 |       0 |     100 |       47 |     14 |    42 |    +0.4% |   -2.110 |      -12.2 |    654 | _tray_size4_1995/D3
      539 |       0 |     100 |       47 |     14 |    42 |    +0.4% |   -2.110 |      -12.2 |    653 | _tray_size4_1995/D3
      540 |       0 |     100 |       47 |     14 |    42 |    +0.4% |   -2.110 |      -12.2 |    653 | _tray_size4_1995/D3
      540 |       0 |     100 |       47 |     14 |    42 |    +0.4% |   -2.110 |      -12.2 |    652 | _tray_size4_1995/D3
      541 |       0 |     100 |       47 |     14 |    42 |    +0.4% |   -2.110 |      -12.2 |    651 | _tray_size4_1995/D3
      542 |       0 |     100 |       47 |     14 |    42 |    +0.4% |   -2.110 |      -12.2 |    650 | _tray_size4_1995/D3
      543 |       0 |     100 |       47 |     14 |    42 |    +0.4% |   -2.110 |      -12.2 |    649 | _tray_size4_1995/D3
      544 |       0 |     100 |       47 |     14 |    42 |    +0.4% |   -2.110 |      -12.2 |    648 | _tray_size4_1995/D3
      545 |       0 |     100 |       47 |     14 |    42 |    +0.4% |   -2.110 |      -12.2 |    647 | _tray_size4_1995/D3
      546 |       0 |     100 |       47 |     14 |    42 |    +0.4% |   -2.110 |      -12.2 |    646 | _tray_size4_1995/D3
      547 |       0 |     100 |       47 |     14 |    42 |    +0.4% |   -2.110 |      -12.2 |    645 | _tray_size4_1995/D3
      548 |       0 |     100 |       47 |     14 |    42 |    +0.4% |   -2.110 |      -12.2 |    644 | _tray_size4_1995/D3
      549 |       0 |     100 |       47 |     14 |    42 |    +0.4% |   -2.110 |      -12.2 |    643 | _tray_size4_1995/D3
      550 |       0 |     100 |       47 |     14 |    42 |    +0.4% |   -2.110 |      -12.2 |    643 | _tray_size4_1995/D3
      550 |       0 |     100 |       47 |     14 |    42 |    +0.4% |   -2.110 |      -12.2 |    642 | _tray_size4_1995/D3
      551 |       0 |     100 |       47 |     14 |    42 |    +0.4% |   -2.110 |      -12.2 |    641 | _tray_size4_1995/D3
      552 |       0 |     100 |       47 |     14 |    42 |    +0.4% |   -2.110 |      -12.2 |    640 | _tray_size4_1995/D3
      553 |       0 |     100 |       47 |     14 |    42 |    +0.4% |   -2.110 |      -12.2 |    639 | _tray_size4_1995/D3
      554 |       0 |     100 |       47 |     14 |    42 |    +0.4% |   -2.110 |      -12.2 |    638 | _tray_size4_1995/D3
      555 |       0 |     100 |       47 |     14 |    42 |    +0.4% |   -2.110 |      -12.2 |    637 | _tray_size4_1995/D3
      556 |       0 |     100 |       47 |     14 |    42 |    +0.4% |   -2.110 |      -12.2 |    636 | _tray_size4_1995/D3
      557 |       0 |     100 |       47 |     14 |    42 |    +0.4% |   -2.110 |      -12.2 |    635 | _tray_size4_1995/D3
      558 |       0 |     100 |       47 |     14 |    42 |    +0.4% |   -2.110 |      -12.2 |    634 | _tray_size4_1995/D3
      559 |       0 |     100 |       47 |     14 |    42 |    +0.4% |   -2.110 |      -12.2 |    633 | _tray_size4_1995/D3
      560 |       0 |     100 |       47 |     14 |    42 |    +0.4% |   -2.110 |      -12.2 |    633 | _tray_size4_1995/D3
      560 |       0 |     100 |       47 |     14 |    42 |    +0.4% |   -2.110 |      -12.2 |    632 | _tray_size4_1995/D3
      561 |       0 |     100 |       47 |     14 |    42 |    +0.4% |   -2.110 |      -12.2 |    631 | _tray_size4_1995/D3
      562 |       0 |     100 |       47 |     14 |    42 |    +0.4% |   -2.110 |      -12.2 |    630 | _tray_size4_1995/D3
      563 |       0 |     100 |       47 |     14 |    42 |    +0.4% |   -2.110 |      -12.2 |    629 | _tray_size4_1995/D3
      564 |       0 |     100 |       47 |     14 |    42 |    +0.4% |   -2.110 |      -12.2 |    628 | _tray_size4_1995/D3
      565 |       0 |     100 |       47 |     14 |    42 |    +0.4% |   -2.110 |      -12.2 |    627 | _tray_size4_1995/D3
      566 |       0 |     100 |       47 |     14 |    42 |    +0.4% |   -2.110 |      -12.2 |    626 | _tray_size4_1995/D3
      567 |       0 |     100 |       47 |     14 |    42 |    +0.4% |   -2.110 |      -12.2 |    625 | _tray_size4_1995/D3
      568 |       0 |     100 |       47 |     14 |    42 |    +0.4% |   -2.110 |      -12.2 |    624 | _tray_size4_1995/D3
      569 |       0 |     100 |       47 |     14 |    42 |    +0.4% |   -2.110 |      -12.2 |    623 | _tray_size4_1995/D3
      570 |       0 |     100 |       47 |     14 |    42 |    +0.4% |   -2.110 |      -12.2 |    623 | _tray_size4_1995/D3
      571 |       0 |     101 |       47 |     14 |    42 |    +0.4% |   -2.110 |      -11.8 |    621 | _tray_size4_1995/D3
      572 |       0 |     101 |       47 |     14 |    42 |    +0.4% |   -2.110 |      -11.8 |    620 | _tray_size4_1995/D3
      573 |       0 |     101 |       47 |     14 |    42 |    +0.4% |   -2.110 |      -11.8 |    619 | _tray_size4_1995/D3
      574 |       0 |     101 |       47 |     14 |    42 |    +0.4% |   -2.110 |      -11.8 |    618 | _tray_size4_1995/D3
      575 |       0 |     101 |       47 |     14 |    42 |    +0.4% |   -2.110 |      -11.8 |    617 | _tray_size4_1995/D3
      576 |       0 |     101 |       47 |     14 |    42 |    +0.4% |   -2.110 |      -11.8 |    616 | _tray_size4_1995/D3
      577 |       0 |     101 |       47 |     14 |    42 |    +0.4% |   -2.110 |      -11.8 |    615 | _tray_size4_1995/D3
      578 |       0 |     101 |       47 |     14 |    42 |    +0.4% |   -2.110 |      -11.8 |    614 | _tray_size4_1995/D3
      579 |       0 |     101 |       47 |     14 |    42 |    +0.4% |   -2.110 |      -11.8 |    613 | _tray_size4_1995/D3
      580 |       0 |     101 |       47 |     14 |    42 |    +0.4% |   -2.110 |      -11.8 |    613 | _tray_size4_1995/D3
      580 |       0 |     101 |       47 |     14 |    42 |    +0.4% |   -2.110 |      -11.8 |    612 | _tray_size4_1995/D3
      581 |       0 |     101 |       47 |     14 |    42 |    +0.4% |   -2.110 |      -11.8 |    611 | _tray_size4_1995/D3
      582 |       0 |     101 |       47 |     14 |    42 |    +0.4% |   -2.110 |      -11.8 |    610 | _tray_size4_1995/D3
      583 |       0 |     101 |       47 |     14 |    42 |    +0.4% |   -2.110 |      -11.8 |    609 | _tray_size4_1995/D3
      584 |       0 |     101 |       47 |     14 |    42 |    +0.4% |   -2.110 |      -11.8 |    608 | _tray_size4_1995/D3
      585 |       0 |     101 |       47 |     14 |    42 |    +0.4% |   -2.110 |      -11.8 |    607 | _tray_size4_1995/D3
      586 |       0 |     101 |       47 |     14 |    42 |    +0.4% |   -2.110 |      -11.8 |    606 | _tray_size4_1995/D3
      587 |       0 |     101 |       47 |     14 |    42 |    +0.4% |   -2.110 |      -11.8 |    605 | _tray_size4_1995/D3
      588 |       0 |     101 |       47 |     14 |    42 |    +0.4% |   -2.110 |      -11.8 |    604 | _tray_size4_1995/D3
      589 |       0 |     101 |       47 |     14 |    42 |    +0.4% |   -2.110 |      -11.8 |    603 | _tray_size4_1995/D3
      590 |       0 |     101 |       47 |     14 |    42 |    +0.4% |   -2.110 |      -11.8 |    603 | _tray_size4_1995/D3
      590 |       0 |     101 |       47 |     14 |    42 |    +0.4% |   -2.110 |      -11.8 |    602 | _tray_size4_1995/D3
      591 |       0 |     101 |       47 |     14 |    42 |    +0.4% |   -2.110 |      -11.8 |    601 | _tray_size4_1995/D3
      592 |       0 |     101 |       47 |     14 |    42 |    +0.4% |   -2.110 |      -11.8 |    600 | _tray_size4_1995/D3
      593 |       0 |     101 |       47 |     14 |    42 |    +0.4% |   -2.110 |      -11.8 |    599 | _tray_size4_1995/D3
      594 |       0 |     101 |       47 |     14 |    42 |    +0.4% |   -2.110 |      -11.8 |    598 | _tray_size4_1995/D3
      595 |       0 |     101 |       47 |     14 |    42 |    +0.4% |   -2.110 |      -11.8 |    597 | _tray_size4_1995/D3
      596 |       0 |     101 |       47 |     14 |    42 |    +0.4% |   -2.110 |      -11.8 |    596 | _tray_size4_1995/D3
      597 |       0 |     101 |       47 |     14 |    42 |    +0.4% |   -2.110 |      -11.8 |    595 | _tray_size4_1995/D3
      598 |       0 |     101 |       47 |     14 |    42 |    +0.4% |   -2.110 |      -11.8 |    594 | _tray_size4_1995/D3
      599 |       0 |     101 |       47 |     14 |    42 |    +0.4% |   -2.110 |      -11.8 |    593 | _tray_size4_1995/D3
      600 |       0 |     101 |       47 |     14 |    42 |    +0.4% |   -2.110 |      -11.8 |    593 | _tray_size4_1995/D3
      600 |       0 |     101 |       47 |     14 |    42 |    +0.4% |   -2.110 |      -11.8 |    592 | _tray_size4_1995/D3
      601 |       0 |     101 |       47 |     14 |    42 |    +0.4% |   -2.110 |      -11.8 |    591 | _tray_size4_1995/D3
      602 |       0 |     101 |       47 |     14 |    42 |    +0.4% |   -2.110 |      -11.8 |    590 | _tray_size4_1995/D3
      603 |       0 |     101 |       47 |     14 |    42 |    +0.4% |   -2.110 |      -11.8 |    589 | _tray_size4_1995/D3
      604 |       0 |     101 |       47 |     14 |    42 |    +0.4% |   -2.110 |      -11.8 |    588 | _tray_size4_1995/D3
      605 |       0 |     101 |       47 |     14 |    42 |    +0.4% |   -2.110 |      -11.8 |    587 | _tray_size4_1995/D3
      606 |       0 |     101 |       47 |     14 |    42 |    +0.4% |   -2.110 |      -11.8 |    586 | _tray_size4_1995/D3
      607 |       0 |     101 |       47 |     14 |    42 |    +0.4% |   -2.110 |      -11.8 |    585 | _tray_size4_1995/D3
      608 |       0 |     101 |       47 |     14 |    42 |    +0.4% |   -2.110 |      -11.8 |    584 | _tray_size4_1995/D3
      609 |       0 |     101 |       47 |     14 |    42 |    +0.4% |   -2.110 |      -11.8 |    583 | _tray_size4_1995/D3
      610 |       0 |     101 |       47 |     14 |    42 |    +0.4% |   -2.110 |      -11.8 |    583 | _tray_size4_1995/D3
      610 |       0 |     101 |       47 |     14 |    42 |    +0.4% |   -2.110 |      -11.8 |    582 | _tray_size4_1995/D3
      611 |       0 |     101 |       47 |     14 |    42 |    +0.4% |   -2.110 |      -11.8 |    581 | _tray_size4_1995/D3
      612 |       0 |     101 |       47 |     14 |    42 |    +0.4% |   -2.110 |      -11.8 |    580 | _tray_size4_1995/D3
      613 |       0 |     101 |       47 |     14 |    42 |    +0.4% |   -2.110 |      -11.8 |    579 | _tray_size4_1995/D3
      614 |       0 |     101 |       47 |     14 |    42 |    +0.4% |   -2.110 |      -11.8 |    578 | _tray_size4_1995/D3
      615 |       0 |     101 |       47 |     14 |    42 |    +0.4% |   -2.110 |      -11.8 |    577 | _tray_size4_1995/D3
      616 |       0 |     101 |       47 |     14 |    42 |    +0.4% |   -2.110 |      -11.8 |    576 | _tray_size4_1995/D3
      617 |       0 |     101 |       47 |     14 |    42 |    +0.4% |   -2.110 |      -11.8 |    575 | _tray_size4_1995/D3
      618 |       0 |     101 |       47 |     14 |    42 |    +0.4% |   -2.110 |      -11.8 |    574 | _tray_size4_1995/D3
      619 |       0 |     101 |       47 |     14 |    42 |    +0.4% |   -2.110 |      -11.8 |    573 | _tray_size4_1995/D3
      620 |       0 |     101 |       47 |     14 |    42 |    +0.4% |   -2.110 |      -11.8 |    573 | _tray_size4_1995/D3
      620 |       0 |     101 |       47 |     14 |    42 |    +0.4% |   -2.110 |      -11.8 |    572 | _tray_size4_1995/D3
      621 |       0 |     101 |       47 |     14 |    42 |    +0.4% |   -2.110 |      -11.8 |    571 | _tray_size4_1995/D3
      622 |       0 |     101 |       47 |     14 |    42 |    +0.4% |   -2.110 |      -11.8 |    570 | _tray_size4_1995/D3
      623 |       0 |     101 |       47 |     14 |    42 |    +0.4% |   -2.110 |      -11.8 |    569 | _tray_size4_1995/D3
      624 |       0 |     101 |       47 |     14 |    42 |    +0.4% |   -2.110 |      -11.8 |    568 | _tray_size4_1995/D3
      625 |       0 |     101 |       47 |     14 |    42 |    +0.4% |   -2.110 |      -11.8 |    567 | _tray_size4_1995/D3
      626 |       0 |     101 |       47 |     14 |    42 |    +0.4% |   -2.110 |      -11.8 |    566 | _tray_size4_1995/D3
      627 |       0 |     101 |       47 |     14 |    42 |    +0.4% |   -2.110 |      -11.8 |    565 | _tray_size4_1995/D3
      628 |       0 |     101 |       47 |     14 |    42 |    +0.4% |   -2.110 |      -11.8 |    564 | _tray_size4_1995/D3
      629 |       0 |     101 |       47 |     14 |    42 |    +0.4% |   -2.110 |      -11.8 |    563 | _tray_size4_1995/D3
      630 |       0 |     101 |       47 |     14 |    42 |    +0.4% |   -2.110 |      -11.8 |    563 | _tray_size4_1995/D3
      630 |       0 |     101 |       47 |     14 |    42 |    +0.4% |   -2.110 |      -11.8 |    562 | _tray_size4_1995/D3
      631 |       0 |     101 |       47 |     14 |    42 |    +0.4% |   -2.110 |      -11.8 |    561 | _tray_size4_1995/D3
      632 |       0 |     101 |       47 |     14 |    42 |    +0.4% |   -2.110 |      -11.8 |    560 | _tray_size4_1995/D3
      633 |       0 |     101 |       47 |     14 |    42 |    +0.4% |   -2.110 |      -11.8 |    559 | _tray_size4_1995/D3
      634 |       0 |     101 |       47 |     14 |    42 |    +0.4% |   -2.110 |      -11.8 |    558 | _tray_size4_1995/D3
      635 |       0 |     101 |       47 |     14 |    42 |    +0.4% |   -2.110 |      -11.8 |    557 | _tray_size4_1995/D3
      636 |       0 |     101 |       47 |     14 |    42 |    +0.4% |   -2.110 |      -11.8 |    556 | _tray_size4_1995/D3
      637 |       0 |     101 |       47 |     14 |    42 |    +0.4% |   -2.110 |      -11.8 |    555 | _tray_size4_1995/D3
      638 |       0 |     101 |       47 |     14 |    42 |    +0.4% |   -2.110 |      -11.8 |    554 | _tray_size4_1995/D3
      639 |       0 |     101 |       47 |     14 |    42 |    +0.4% |   -2.110 |      -11.8 |    553 | _tray_size4_1995/D3
      640 |       0 |     101 |       47 |     14 |    42 |    +0.4% |   -2.110 |      -11.8 |    553 | _tray_size4_1995/D3
      640 |       0 |     101 |       47 |     14 |    42 |    +0.4% |   -2.110 |      -11.8 |    552 | _tray_size4_1995/D3
      641 |       0 |     101 |       47 |     14 |    42 |    +0.4% |   -2.110 |      -11.8 |    551 | _tray_size4_1995/D3
      642 |       0 |     101 |       47 |     14 |    42 |    +0.4% |   -2.110 |      -11.8 |    550 | _tray_size4_1995/D3
      643 |       0 |     101 |       47 |     14 |    42 |    +0.4% |   -2.110 |      -11.8 |    549 | _tray_size4_1995/D3
      644 |       0 |     101 |       47 |     14 |    42 |    +0.4% |   -2.110 |      -11.8 |    548 | _tray_size4_1995/D3
      645 |       0 |     101 |       47 |     14 |    42 |    +0.4% |   -2.110 |      -11.8 |    547 | _tray_size4_1995/D3
      646 |       0 |     101 |       47 |     14 |    42 |    +0.4% |   -2.110 |      -11.8 |    546 | _tray_size4_1995/D3
      647 |       0 |     101 |       47 |     14 |    42 |    +0.4% |   -2.110 |      -11.8 |    545 | _tray_size4_1995/D3
      648 |       0 |     101 |       47 |     14 |    42 |    +0.4% |   -2.110 |      -11.8 |    544 | _tray_size4_1995/D3
      649 |       0 |     101 |       47 |     14 |    42 |    +0.4% |   -2.110 |      -11.8 |    543 | _tray_size4_1995/D3
      650 |       0 |     101 |       47 |     14 |    42 |    +0.4% |   -2.110 |      -11.8 |    543 | _tray_size4_1995/D3
      650 |       0 |     101 |       47 |     14 |    42 |    +0.4% |   -2.110 |      -11.8 |    542 | _tray_size4_1995/D3
      651 |       0 |     101 |       47 |     14 |    42 |    +0.4% |   -2.110 |      -11.8 |    541 | _tray_size4_1995/D3
      652 |       0 |     101 |       47 |     14 |    42 |    +0.4% |   -2.110 |      -11.8 |    540 | _tray_size4_1995/D3
      653 |       0 |     101 |       47 |     14 |    42 |    +0.4% |   -2.110 |      -11.8 |    539 | _tray_size4_1995/D3
      654 |       0 |     101 |       47 |     14 |    42 |    +0.4% |   -2.110 |      -11.8 |    538 | _tray_size4_1995/D3
      655 |       0 |     101 |       47 |     14 |    42 |    +0.4% |   -2.110 |      -11.8 |    537 | _tray_size4_1995/D3
      656 |       0 |     101 |       47 |     14 |    42 |    +0.4% |   -2.110 |      -11.8 |    536 | _tray_size4_1995/D3
      657 |       0 |     101 |       47 |     14 |    42 |    +0.4% |   -2.110 |      -11.8 |    535 | _tray_size4_1995/D3
      658 |       0 |     101 |       47 |     14 |    42 |    +0.4% |   -2.110 |      -11.8 |    534 | _tray_size4_1995/D3
      659 |       0 |     101 |       47 |     14 |    42 |    +0.4% |   -2.110 |      -11.8 |    533 | _tray_size4_1995/D3
      660 |       0 |     101 |       47 |     14 |    42 |    +0.4% |   -2.110 |      -11.8 |    533 | _tray_size4_1995/D3
      660 |       0 |     101 |       47 |     14 |    42 |    +0.4% |   -2.110 |      -11.8 |    532 | _tray_size4_1995/D3
      661 |       0 |     101 |       47 |     14 |    42 |    +0.4% |   -2.110 |      -11.8 |    531 | _tray_size4_1995/D3
      662 |       0 |     101 |       47 |     14 |    42 |    +0.4% |   -2.110 |      -11.8 |    530 | _tray_size4_1995/D3
      663 |       0 |     101 |       47 |     14 |    42 |    +0.4% |   -2.110 |      -11.8 |    529 | _tray_size4_1995/D3
      664 |       0 |     101 |       47 |     14 |    42 |    +0.4% |   -2.110 |      -11.8 |    528 | _tray_size4_1995/D3
      665 |       0 |     101 |       47 |     14 |    42 |    +0.4% |   -2.110 |      -11.8 |    527 | _tray_size4_1995/D3
      666 |       0 |     101 |       47 |     14 |    42 |    +0.4% |   -2.110 |      -11.8 |    526 | _tray_size4_1995/D3
      667 |       0 |     101 |       47 |     14 |    42 |    +0.4% |   -2.110 |      -11.8 |    525 | _tray_size4_1995/D3
      668 |       0 |     101 |       47 |     14 |    42 |    +0.4% |   -2.110 |      -11.8 |    524 | _tray_size4_1995/D3
      669 |       0 |     101 |       47 |     14 |    42 |    +0.4% |   -2.110 |      -11.8 |    523 | _tray_size4_1995/D3
      670 |       0 |     101 |       47 |     14 |    42 |    +0.4% |   -2.110 |      -11.8 |    523 | _tray_size4_1995/D3
      670 |       0 |     101 |       47 |     14 |    42 |    +0.4% |   -2.110 |      -11.8 |    522 | _tray_size4_1995/D3
      671 |       0 |     101 |       47 |     14 |    42 |    +0.4% |   -2.110 |      -11.8 |    521 | _tray_size4_1995/D3
      672 |       0 |     101 |       47 |     14 |    42 |    +0.4% |   -2.110 |      -11.8 |    520 | _tray_size4_1995/D3
      673 |       0 |     101 |       47 |     14 |    42 |    +0.4% |   -2.110 |      -11.8 |    519 | _tray_size4_1995/D3
      674 |       0 |     101 |       47 |     14 |    42 |    +0.4% |   -2.110 |      -11.8 |    518 | _tray_size4_1995/D3
      675 |       0 |     101 |       47 |     14 |    42 |    +0.4% |   -2.110 |      -11.8 |    517 | _tray_size4_1995/D3
      676 |       0 |     101 |       47 |     14 |    42 |    +0.4% |   -2.110 |      -11.8 |    516 | _tray_size4_1995/D3
      677 |       0 |     101 |       47 |     14 |    42 |    +0.4% |   -2.110 |      -11.8 |    515 | _tray_size4_1995/D3
      678 |       0 |     101 |       47 |     14 |    42 |    +0.4% |   -2.110 |      -11.8 |    514 | _tray_size4_1995/D3
      679 |       0 |     101 |       47 |     14 |    42 |    +0.4% |   -2.110 |      -11.8 |    513 | _tray_size4_1995/D3
      680 |       0 |     101 |       47 |     14 |    42 |    +0.4% |   -2.110 |      -11.8 |    513 | _tray_size4_1995/D3
      680 |       0 |     101 |       47 |     14 |    42 |    +0.4% |   -2.110 |      -11.8 |    512 | _tray_size4_1995/D3
      681 |       0 |     101 |       47 |     14 |    42 |    +0.4% |   -2.110 |      -11.8 |    511 | _tray_size4_1995/D3
      682 |       0 |     101 |       47 |     14 |    42 |    +0.4% |   -2.110 |      -11.8 |    510 | _tray_size4_1995/D3
      683 |       0 |     101 |       47 |     14 |    42 |    +0.4% |   -2.110 |      -11.8 |    509 | _tray_size4_1995/D3
      684 |       0 |     101 |       47 |     14 |    42 |    +0.4% |   -2.110 |      -11.8 |    508 | _tray_size4_1995/D3
      685 |       0 |     101 |       47 |     14 |    42 |    +0.4% |   -2.110 |      -11.8 |    507 | _tray_size4_1995/D3
      686 |       0 |     101 |       47 |     14 |    42 |    +0.4% |   -2.110 |      -11.8 |    506 | _tray_size4_1995/D3
      687 |       0 |     101 |       47 |     14 |    42 |    +0.4% |   -2.110 |      -11.8 |    505 | _tray_size4_1995/D3
      688 |       0 |     101 |       47 |     14 |    42 |    +0.4% |   -2.110 |      -11.8 |    504 | _tray_size4_1995/D3
      689 |       0 |     101 |       47 |     14 |    42 |    +0.4% |   -2.110 |      -11.8 |    503 | _tray_size4_1995/D3
      690 |       0 |     101 |       47 |     14 |    42 |    +0.4% |   -2.110 |      -11.8 |    503 | _tray_size4_1995/D3
      690 |       0 |     101 |       47 |     14 |    42 |    +0.4% |   -2.110 |      -11.8 |    502 | _tray_size4_1995/D3
      691 |       0 |     101 |       47 |     14 |    42 |    +0.4% |   -2.110 |      -11.8 |    501 | _tray_size4_1995/D3
      692 |       0 |     101 |       47 |     14 |    42 |    +0.4% |   -2.110 |      -11.8 |    500 | _tray_size4_1995/D3
      693 |       0 |     101 |       47 |     14 |    42 |    +0.4% |   -2.110 |      -11.8 |    499 | _tray_size4_1995/D3
      694 |       0 |     101 |       47 |     14 |    42 |    +0.4% |   -2.110 |      -11.8 |    498 | _tray_size4_1995/D3
      695 |       0 |     101 |       47 |     14 |    42 |    +0.4% |   -2.110 |      -11.8 |    497 | _tray_size4_1995/D3
      696 |       0 |     101 |       47 |     14 |    42 |    +0.4% |   -2.110 |      -11.8 |    496 | _tray_size4_1995/D3
      697 |       0 |     101 |       47 |     14 |    42 |    +0.4% |   -2.110 |      -11.8 |    495 | _tray_size4_1995/D3
      698 |       0 |     101 |       47 |     14 |    42 |    +0.4% |   -2.110 |      -11.8 |    494 | _tray_size4_1995/D3
      699 |       0 |     101 |       47 |     14 |    42 |    +0.4% |   -2.110 |      -11.8 |    493 | _tray_size4_1995/D3
      700 |       0 |     101 |       47 |     14 |    42 |    +0.4% |   -2.110 |      -11.8 |    493 | _tray_size4_1995/D3
      700 |       0 |     101 |       47 |     14 |    42 |    +0.4% |   -2.110 |      -11.8 |    492 | _tray_size4_1995/D3
      701 |       0 |     101 |       47 |     14 |    42 |    +0.4% |   -2.110 |      -11.8 |    491 | _tray_size4_1995/D3
      702 |       0 |     101 |       47 |     14 |    42 |    +0.4% |   -2.110 |      -11.8 |    490 | _tray_size4_1995/D3
      703 |       0 |     101 |       47 |     14 |    42 |    +0.4% |   -2.110 |      -11.8 |    489 | _tray_size4_1995/D3
      704 |       0 |     101 |       47 |     14 |    42 |    +0.4% |   -2.110 |      -11.8 |    488 | _tray_size4_1995/D3
      705 |       0 |     101 |       47 |     14 |    42 |    +0.4% |   -2.110 |      -11.8 |    487 | _tray_size4_1995/D3
      706 |       0 |     101 |       47 |     14 |    42 |    +0.4% |   -2.110 |      -11.8 |    486 | _tray_size4_1995/D3
      707 |       0 |     101 |       47 |     14 |    42 |    +0.4% |   -2.110 |      -11.8 |    485 | _tray_size4_1995/D3
      708 |       0 |     101 |       47 |     14 |    42 |    +0.4% |   -2.110 |      -11.8 |    484 | _tray_size4_1995/D3
      709 |       0 |     101 |       47 |     14 |    42 |    +0.4% |   -2.110 |      -11.8 |    483 | _tray_size4_1995/D3
      710 |       0 |     101 |       47 |     14 |    42 |    +0.4% |   -2.110 |      -11.8 |    483 | _tray_size4_1995/D3
      710 |       0 |     101 |       47 |     14 |    42 |    +0.4% |   -2.110 |      -11.8 |    482 | _tray_size4_1995/D3
      711 |       0 |     101 |       47 |     14 |    42 |    +0.4% |   -2.110 |      -11.8 |    481 | _tray_size4_1995/D3
      712 |       0 |     101 |       47 |     14 |    42 |    +0.4% |   -2.110 |      -11.8 |    480 | _tray_size4_1995/D3
      713 |       0 |     101 |       47 |     14 |    42 |    +0.4% |   -2.110 |      -11.8 |    479 | _tray_size4_1995/D3
      714 |       0 |     101 |       47 |     14 |    42 |    +0.4% |   -2.110 |      -11.8 |    478 | _tray_size4_1995/D3
      715 |       0 |     101 |       47 |     14 |    42 |    +0.4% |   -2.110 |      -11.8 |    477 | _tray_size4_1995/D3
      716 |       0 |     101 |       47 |     14 |    42 |    +0.4% |   -2.110 |      -11.8 |    476 | _tray_size4_1995/D3
      717 |       0 |     101 |       47 |     14 |    42 |    +0.4% |   -2.110 |      -11.8 |    475 | _tray_size4_1995/D3
      718 |       0 |     101 |       47 |     14 |    42 |    +0.4% |   -2.110 |      -11.8 |    474 | _tray_size4_1995/D3
      719 |       0 |     101 |       47 |     14 |    42 |    +0.4% |   -2.110 |      -11.8 |    473 | _tray_size4_1995/D3
      720 |       0 |     101 |       47 |     14 |    42 |    +0.4% |   -2.110 |      -11.8 |    473 | _tray_size4_1995/D3
      720 |       0 |     101 |       47 |     14 |    42 |    +0.4% |   -2.110 |      -11.8 |    472 | _tray_size4_1995/D3
      721 |       0 |     101 |       47 |     14 |    42 |    +0.4% |   -2.110 |      -11.8 |    471 | _tray_size4_1995/D3
      722 |       0 |     101 |       47 |     14 |    42 |    +0.4% |   -2.110 |      -11.8 |    470 | _tray_size4_1995/D3
      723 |       0 |     101 |       47 |     14 |    42 |    +0.4% |   -2.110 |      -11.8 |    469 | _tray_size4_1995/D3
      724 |       0 |     101 |       47 |     14 |    42 |    +0.4% |   -2.110 |      -11.8 |    468 | _tray_size4_1995/D3
      725 |       0 |     101 |       47 |     14 |    42 |    +0.4% |   -2.110 |      -11.8 |    467 | _tray_size4_1995/D3
      726 |       0 |     101 |       47 |     14 |    42 |    +0.4% |   -2.110 |      -11.8 |    466 | _tray_size4_1995/D3
      727 |       0 |     101 |       47 |     14 |    42 |    +0.4% |   -2.110 |      -11.8 |    465 | _tray_size4_1995/D3
      728 |       0 |     101 |       47 |     14 |    42 |    +0.4% |   -2.110 |      -11.8 |    464 | _tray_size4_1995/D3
      729 |       0 |     101 |       47 |     14 |    42 |    +0.4% |   -2.110 |      -11.8 |    463 | _tray_size4_1995/D3
      730 |       0 |     101 |       47 |     14 |    42 |    +0.4% |   -2.110 |      -11.8 |    463 | _tray_size4_1995/D3
      730 |       0 |     101 |       47 |     14 |    42 |    +0.4% |   -2.110 |      -11.8 |    462 | _tray_size4_1995/D3
      731 |       0 |     101 |       47 |     14 |    42 |    +0.4% |   -2.110 |      -11.8 |    461 | _tray_size4_1995/D3
      732 |       0 |     101 |       47 |     14 |    42 |    +0.4% |   -2.110 |      -11.8 |    460 | _tray_size4_1995/D3
      733 |       0 |     101 |       47 |     14 |    42 |    +0.4% |   -2.110 |      -11.8 |    459 | _tray_size4_1995/D3
      734 |       0 |     101 |       47 |     14 |    42 |    +0.4% |   -2.110 |      -11.8 |    458 | _tray_size4_1995/D3
      735 |       0 |     101 |       47 |     14 |    42 |    +0.4% |   -2.110 |      -11.8 |    457 | _tray_size4_1995/D3
      736 |       0 |     101 |       47 |     14 |    42 |    +0.4% |   -2.110 |      -11.8 |    456 | _tray_size4_1995/D3
      737 |       0 |     101 |       47 |     14 |    42 |    +0.4% |   -2.110 |      -11.8 |    455 | _tray_size4_1995/D3
      738 |       0 |     101 |       47 |     14 |    42 |    +0.4% |   -2.110 |      -11.8 |    454 | _tray_size4_1995/D3
      739 |       0 |     101 |       47 |     14 |    42 |    +0.4% |   -2.110 |      -11.8 |    453 | _tray_size4_1995/D3
      740 |       0 |     101 |       47 |     14 |    42 |    +0.4% |   -2.110 |      -11.8 |    453 | _tray_size4_1995/D3
      740 |       0 |     101 |       47 |     14 |    42 |    +0.4% |   -2.110 |      -11.8 |    452 | _tray_size4_1995/D3
      741 |       0 |     101 |       47 |     14 |    42 |    +0.4% |   -2.110 |      -11.8 |    451 | _tray_size4_1995/D3
      742 |       0 |     101 |       47 |     14 |    42 |    +0.4% |   -2.110 |      -11.8 |    450 | _tray_size4_1995/D3
      743 |       0 |     101 |       47 |     14 |    42 |    +0.4% |   -2.110 |      -11.8 |    449 | _tray_size4_1995/D3
      744 |       0 |     101 |       47 |     14 |    42 |    +0.4% |   -2.110 |      -11.8 |    448 | _tray_size4_1995/D3
      745 |       0 |     101 |       47 |     14 |    42 |    +0.4% |   -2.110 |      -11.8 |    447 | _tray_size4_1995/D3
      746 |       0 |     101 |       47 |     14 |    42 |    +0.4% |   -2.110 |      -11.8 |    446 | _tray_size4_1995/D3
      747 |       0 |     101 |       47 |     14 |    42 |    +0.4% |   -2.110 |      -11.8 |    445 | _tray_size4_1995/D3
      748 |       0 |     101 |       47 |     14 |    42 |    +0.4% |   -2.110 |      -11.8 |    444 | _tray_size4_1995/D3
      749 |       0 |     101 |       47 |     14 |    42 |    +0.4% |   -2.110 |      -11.8 |    443 | _tray_size4_1995/D3
      750 |       0 |     101 |       47 |     14 |    42 |    +0.4% |   -2.110 |      -11.8 |    443 | _tray_size4_1995/D3
      750 |       0 |     101 |       47 |     14 |    42 |    +0.4% |   -2.110 |      -11.8 |    442 | _tray_size4_1995/D3
      751 |       0 |     101 |       47 |     14 |    42 |    +0.4% |   -2.110 |      -11.8 |    441 | _tray_size4_1995/D3
      752 |       0 |     101 |       47 |     14 |    42 |    +0.4% |   -2.110 |      -11.8 |    440 | _tray_size4_1995/D3
      753 |       0 |     101 |       47 |     14 |    42 |    +0.4% |   -2.110 |      -11.8 |    439 | _tray_size4_1995/D3
      754 |       0 |     101 |       47 |     14 |    42 |    +0.4% |   -2.110 |      -11.8 |    438 | _tray_size4_1995/D3
      755 |       0 |     101 |       47 |     14 |    42 |    +0.4% |   -2.110 |      -11.8 |    437 | _tray_size4_1995/D3
      756 |       0 |     101 |       47 |     14 |    42 |    +0.4% |   -2.110 |      -11.8 |    436 | _tray_size4_1995/D3
      757 |       0 |     101 |       47 |     14 |    42 |    +0.4% |   -2.110 |      -11.8 |    435 | _tray_size4_1995/D3
      758 |       0 |     101 |       47 |     14 |    42 |    +0.4% |   -2.110 |      -11.8 |    434 | _tray_size4_1995/D3
      759 |       0 |     101 |       47 |     14 |    42 |    +0.4% |   -2.110 |      -11.8 |    433 | _tray_size4_1995/D3
      760 |       0 |     101 |       47 |     14 |    42 |    +0.4% |   -2.110 |      -11.8 |    433 | _tray_size4_1995/D3
      760 |       0 |     101 |       47 |     14 |    42 |    +0.4% |   -2.110 |      -11.8 |    432 | _tray_size4_1995/D3
      761 |       0 |     101 |       47 |     14 |    42 |    +0.4% |   -2.110 |      -11.8 |    431 | _tray_size4_1995/D3
      762 |       0 |     101 |       47 |     14 |    42 |    +0.4% |   -2.110 |      -11.8 |    430 | _tray_size4_1995/D3
      763 |       0 |     101 |       47 |     14 |    42 |    +0.4% |   -2.110 |      -11.8 |    429 | _tray_size4_1995/D3
      764 |       0 |     101 |       47 |     14 |    42 |    +0.4% |   -2.110 |      -11.8 |    428 | _tray_size4_1995/D3
      765 |       0 |     101 |       47 |     14 |    42 |    +0.4% |   -2.110 |      -11.8 |    427 | _tray_size4_1995/D3
      766 |       0 |     101 |       47 |     14 |    42 |    +0.4% |   -2.110 |      -11.8 |    426 | _tray_size4_1995/D3
      767 |       0 |     101 |       47 |     14 |    42 |    +0.4% |   -2.110 |      -11.8 |    425 | _tray_size4_1995/D3
      768 |       0 |     101 |       47 |     14 |    42 |    +0.4% |   -2.110 |      -11.8 |    424 | _tray_size4_1995/D3
      769 |       0 |     101 |       47 |     14 |    42 |    +0.4% |   -2.110 |      -11.8 |    423 | _tray_size4_1995/D3
      770 |       0 |     101 |       47 |     14 |    42 |    +0.4% |   -2.110 |      -11.8 |    423 | _tray_size4_1995/D3
      770 |       0 |     101 |       47 |     14 |    42 |    +0.4% |   -2.110 |      -11.8 |    422 | _tray_size4_1995/D3
      771 |       0 |     101 |       47 |     14 |    42 |    +0.4% |   -2.110 |      -11.8 |    421 | _tray_size4_1995/D3
      772 |       0 |     101 |       47 |     14 |    42 |    +0.4% |   -2.110 |      -11.8 |    420 | _tray_size4_1995/D3
      773 |       0 |     101 |       47 |     14 |    42 |    +0.4% |   -2.110 |      -11.8 |    419 | _tray_size4_1995/D3
      774 |       0 |     101 |       47 |     14 |    42 |    +0.4% |   -2.110 |      -11.8 |    418 | _tray_size4_1995/D3
      775 |       0 |     101 |       47 |     14 |    42 |    +0.4% |   -2.110 |      -11.8 |    417 | _tray_size4_1995/D3
      776 |       0 |     101 |       47 |     14 |    42 |    +0.4% |   -2.110 |      -11.8 |    416 | _tray_size4_1995/D3
      777 |       0 |     101 |       47 |     14 |    42 |    +0.4% |   -2.110 |      -11.8 |    415 | _tray_size4_1995/D3
      778 |       0 |     101 |       47 |     14 |    42 |    +0.4% |   -2.110 |      -11.8 |    414 | _tray_size4_1995/D3
      779 |       0 |     101 |       47 |     14 |    42 |    +0.4% |   -2.110 |      -11.8 |    413 | _tray_size4_1995/D3
      780 |       0 |     101 |       47 |     14 |    42 |    +0.4% |   -2.110 |      -11.8 |    413 | _tray_size4_1995/D3
      780 |       0 |     101 |       47 |     14 |    42 |    +0.4% |   -2.110 |      -11.8 |    412 | _tray_size4_1995/D3
      781 |       0 |     101 |       47 |     14 |    42 |    +0.4% |   -2.110 |      -11.8 |    411 | _tray_size4_1995/D3
      782 |       0 |     101 |       47 |     14 |    42 |    +0.4% |   -2.110 |      -11.8 |    410 | _tray_size4_1995/D3
      783 |       0 |     101 |       47 |     14 |    42 |    +0.4% |   -2.110 |      -11.8 |    409 | _tray_size4_1995/D3
      784 |       0 |     101 |       47 |     14 |    42 |    +0.4% |   -2.110 |      -11.8 |    408 | _tray_size4_1995/D3
      785 |       0 |     101 |       47 |     14 |    42 |    +0.4% |   -2.110 |      -11.8 |    407 | _tray_size4_1995/D3
      786 |       0 |     101 |       47 |     14 |    42 |    +0.4% |   -2.110 |      -11.8 |    406 | _tray_size4_1995/D3
      787 |       0 |     101 |       47 |     14 |    42 |    +0.4% |   -2.110 |      -11.8 |    405 | _tray_size4_1995/D3
      788 |       0 |     101 |       47 |     14 |    42 |    +0.4% |   -2.110 |      -11.8 |    404 | _tray_size4_1995/D3
      789 |       0 |     101 |       47 |     14 |    42 |    +0.4% |   -2.110 |      -11.8 |    403 | _tray_size4_1995/D3
      790 |       0 |     101 |       47 |     14 |    42 |    +0.4% |   -2.110 |      -11.8 |    403 | _tray_size4_1995/D3
      790 |       0 |     101 |       47 |     14 |    42 |    +0.4% |   -2.110 |      -11.8 |    402 | _tray_size4_1995/D3
      791 |       0 |     101 |       47 |     14 |    42 |    +0.4% |   -2.110 |      -11.8 |    401 | _tray_size4_1995/D3
      792 |       0 |     101 |       47 |     14 |    42 |    +0.4% |   -2.110 |      -11.8 |    400 | _tray_size4_1995/D3
      793 |       0 |     101 |       47 |     14 |    42 |    +0.4% |   -2.110 |      -11.8 |    399 | _tray_size4_1995/D3
      794 |       0 |     101 |       47 |     14 |    42 |    +0.4% |   -2.110 |      -11.8 |    398 | _tray_size4_1995/D3
      795 |       0 |     101 |       47 |     14 |    42 |    +0.4% |   -2.110 |      -11.8 |    397 | _tray_size4_1995/D3
      796 |       0 |     101 |       47 |     14 |    42 |    +0.4% |   -2.110 |      -11.8 |    396 | _tray_size4_1995/D3
      797 |       0 |     101 |       47 |     14 |    42 |    +0.4% |   -2.110 |      -11.8 |    395 | _tray_size4_1995/D3
      798 |       0 |     101 |       47 |     14 |    42 |    +0.4% |   -2.110 |      -11.8 |    394 | _tray_size4_1995/D3
      799 |       0 |     101 |       47 |     14 |    42 |    +0.4% |   -2.110 |      -11.8 |    393 | _tray_size4_1995/D3
      800 |       0 |     101 |       47 |     14 |    42 |    +0.4% |   -2.110 |      -11.8 |    393 | _tray_size4_1995/D3
      800 |       0 |     101 |       47 |     14 |    42 |    +0.4% |   -2.110 |      -11.8 |    392 | _tray_size4_1995/D3
      801 |       0 |     101 |       47 |     14 |    42 |    +0.4% |   -2.110 |      -11.8 |    391 | _tray_size4_1995/D3
      802 |       0 |     101 |       47 |     14 |    42 |    +0.4% |   -2.110 |      -11.8 |    390 | _tray_size4_1995/D3
      803 |       0 |     101 |       47 |     14 |    42 |    +0.4% |   -2.110 |      -11.8 |    389 | _tray_size4_1995/D3
      804 |       0 |     101 |       47 |     14 |    42 |    +0.4% |   -2.110 |      -11.8 |    388 | _tray_size4_1995/D3
      805 |       0 |     101 |       47 |     14 |    42 |    +0.4% |   -2.110 |      -11.8 |    387 | _tray_size4_1995/D3
      806 |       0 |     101 |       47 |     14 |    42 |    +0.4% |   -2.110 |      -11.8 |    386 | _tray_size4_1995/D3
      807 |       0 |     101 |       47 |     14 |    42 |    +0.4% |   -2.110 |      -11.8 |    385 | _tray_size4_1995/D3
      808 |       0 |     101 |       47 |     14 |    42 |    +0.4% |   -2.110 |      -11.8 |    384 | _tray_size4_1995/D3
      809 |       0 |     101 |       47 |     14 |    42 |    +0.4% |   -2.110 |      -11.8 |    383 | _tray_size4_1995/D3
      810 |       0 |     101 |       47 |     14 |    42 |    +0.4% |   -2.110 |      -11.8 |    383 | _tray_size4_1995/D3
      810 |       0 |     101 |       47 |     14 |    42 |    +0.4% |   -2.110 |      -11.8 |    382 | _tray_size4_1995/D3
      811 |       0 |     101 |       47 |     14 |    42 |    +0.4% |   -2.110 |      -11.8 |    381 | _tray_size4_1995/D3
      812 |       0 |     101 |       47 |     14 |    42 |    +0.4% |   -2.110 |      -11.8 |    380 | _tray_size4_1995/D3
      813 |       0 |     101 |       47 |     14 |    42 |    +0.4% |   -2.110 |      -11.8 |    379 | _tray_size4_1995/D3
      814 |       0 |     101 |       47 |     14 |    42 |    +0.4% |   -2.110 |      -11.8 |    378 | _tray_size4_1995/D3
      815 |       0 |     101 |       47 |     14 |    42 |    +0.4% |   -2.110 |      -11.8 |    377 | _tray_size4_1995/D3
      816 |       0 |     101 |       47 |     14 |    42 |    +0.4% |   -2.110 |      -11.8 |    376 | _tray_size4_1995/D3
      817 |       0 |     101 |       47 |     14 |    42 |    +0.4% |   -2.110 |      -11.8 |    375 | _tray_size4_1995/D3
      818 |       0 |     101 |       47 |     14 |    42 |    +0.4% |   -2.110 |      -11.8 |    374 | _tray_size4_1995/D3
      819 |       0 |     101 |       47 |     14 |    42 |    +0.4% |   -2.110 |      -11.8 |    373 | _tray_size4_1995/D3
      820 |       0 |     101 |       47 |     14 |    42 |    +0.4% |   -2.110 |      -11.8 |    373 | _tray_size4_1995/D3
      820 |       0 |     101 |       47 |     14 |    42 |    +0.4% |   -2.110 |      -11.8 |    372 | _tray_size4_1995/D3
      821 |       0 |     101 |       47 |     14 |    42 |    +0.4% |   -2.110 |      -11.8 |    371 | _tray_size4_1995/D3
      822 |       0 |     101 |       47 |     14 |    42 |    +0.4% |   -2.110 |      -11.8 |    370 | _tray_size4_1995/D3
      823 |       0 |     101 |       47 |     14 |    42 |    +0.4% |   -2.110 |      -11.8 |    369 | _tray_size4_1995/D3
      824 |       0 |     101 |       47 |     14 |    42 |    +0.4% |   -2.110 |      -11.8 |    368 | _tray_size4_1995/D3
      825 |       0 |     101 |       47 |     14 |    42 |    +0.4% |   -2.110 |      -11.8 |    367 | _tray_size4_1995/D3
      826 |       0 |     101 |       47 |     14 |    42 |    +0.4% |   -2.110 |      -11.8 |    366 | _tray_size4_1995/D3
      827 |       0 |     101 |       47 |     14 |    42 |    +0.4% |   -2.110 |      -11.8 |    365 | _tray_size4_1995/D3
      828 |       0 |     101 |       47 |     14 |    42 |    +0.4% |   -2.110 |      -11.8 |    364 | _tray_size4_1995/D3
      829 |       0 |     101 |       47 |     14 |    42 |    +0.4% |   -2.110 |      -11.8 |    363 | _tray_size4_1995/D3
      830 |       0 |     101 |       47 |     14 |    42 |    +0.4% |   -2.110 |      -11.8 |    363 | _tray_size4_1995/D3
      830 |       0 |     101 |       47 |     14 |    42 |    +0.4% |   -2.110 |      -11.8 |    362 | _tray_size4_1995/D3
      831 |       0 |     101 |       47 |     14 |    42 |    +0.4% |   -2.110 |      -11.8 |    361 | _tray_size4_1995/D3
      832 |       0 |     101 |       47 |     14 |    42 |    +0.4% |   -2.110 |      -11.8 |    360 | _tray_size4_1995/D3
      833 |       0 |     101 |       47 |     14 |    42 |    +0.4% |   -2.110 |      -11.8 |    359 | _tray_size4_1995/D3
      834 |       0 |     101 |       47 |     14 |    42 |    +0.4% |   -2.110 |      -11.8 |    358 | _tray_size4_1995/D3
      835 |       0 |     101 |       47 |     14 |    42 |    +0.4% |   -2.110 |      -11.8 |    357 | _tray_size4_1995/D3
      836 |       0 |     101 |       47 |     14 |    42 |    +0.4% |   -2.110 |      -11.8 |    356 | _tray_size4_1995/D3
      837 |       0 |     101 |       47 |     14 |    42 |    +0.4% |   -2.110 |      -11.8 |    355 | _tray_size4_1995/D3
      838 |       0 |     101 |       47 |     14 |    42 |    +0.4% |   -2.110 |      -11.8 |    354 | _tray_size4_1995/D3
      839 |       0 |     101 |       47 |     14 |    42 |    +0.4% |   -2.110 |      -11.8 |    353 | _tray_size4_1995/D3
      840 |       0 |     101 |       47 |     14 |    42 |    +0.4% |   -2.110 |      -11.8 |    353 | _tray_size4_1995/D3
      840 |       0 |     101 |       47 |     14 |    42 |    +0.4% |   -2.110 |      -11.8 |    352 | _tray_size4_1995/D3
      841 |       0 |     101 |       47 |     14 |    42 |    +0.4% |   -2.110 |      -11.8 |    351 | _tray_size4_1995/D3
      842 |       0 |     101 |       47 |     14 |    42 |    +0.4% |   -2.110 |      -11.8 |    350 | _tray_size4_1995/D3
      843 |       0 |     101 |       47 |     14 |    42 |    +0.4% |   -2.110 |      -11.8 |    349 | _tray_size4_1995/D3
      844 |       0 |     101 |       47 |     14 |    42 |    +0.4% |   -2.110 |      -11.8 |    348 | _tray_size4_1995/D3
      845 |       0 |     101 |       47 |     14 |    42 |    +0.4% |   -2.110 |      -11.8 |    347 | _tray_size4_1995/D3
      846 |       0 |     101 |       47 |     14 |    42 |    +0.4% |   -2.110 |      -11.8 |    346 | _tray_size4_1995/D3
      847 |       0 |     101 |       47 |     14 |    42 |    +0.4% |   -2.110 |      -11.8 |    345 | _tray_size4_1995/D3
      848 |       0 |     101 |       47 |     14 |    42 |    +0.4% |   -2.110 |      -11.8 |    344 | _tray_size4_1995/D3
      849 |       0 |     101 |       47 |     14 |    42 |    +0.4% |   -2.110 |      -11.8 |    343 | _tray_size4_1995/D3
      850 |       0 |     101 |       47 |     14 |    42 |    +0.4% |   -2.110 |      -11.8 |    343 | _tray_size4_1995/D3
      850 |       0 |     101 |       47 |     14 |    42 |    +0.4% |   -2.110 |      -11.8 |    342 | _tray_size4_1995/D3
      851 |       0 |     101 |       47 |     14 |    42 |    +0.4% |   -2.110 |      -11.8 |    341 | _tray_size4_1995/D3
      852 |       0 |     101 |       47 |     14 |    42 |    +0.4% |   -2.110 |      -11.8 |    340 | _tray_size4_1995/D3
      853 |       0 |     101 |       47 |     14 |    42 |    +0.4% |   -2.110 |      -11.8 |    339 | _tray_size4_1995/D3
      854 |       0 |     101 |       47 |     14 |    42 |    +0.4% |   -2.110 |      -11.8 |    338 | _tray_size4_1995/D3
      855 |       0 |     101 |       47 |     14 |    42 |    +0.4% |   -2.110 |      -11.8 |    337 | _tray_size4_1995/D3
      856 |       0 |     101 |       47 |     14 |    42 |    +0.4% |   -2.110 |      -11.8 |    336 | _tray_size4_1995/D3
      857 |       0 |     101 |       47 |     14 |    42 |    +0.4% |   -2.110 |      -11.8 |    335 | _tray_size4_1995/D3
      858 |       0 |     101 |       47 |     14 |    42 |    +0.4% |   -2.110 |      -11.8 |    334 | _tray_size4_1995/D3
      859 |       0 |     101 |       47 |     14 |    42 |    +0.4% |   -2.110 |      -11.8 |    333 | _tray_size4_1995/D3
      860 |       0 |     101 |       47 |     14 |    42 |    +0.4% |   -2.110 |      -11.8 |    333 | _tray_size4_1995/D3
      860 |       0 |     101 |       47 |     14 |    42 |    +0.4% |   -2.110 |      -11.8 |    332 | _tray_size4_1995/D3
      861 |       0 |     101 |       47 |     14 |    42 |    +0.4% |   -2.110 |      -11.8 |    331 | _tray_size4_1995/D3
      862 |       0 |     101 |       47 |     14 |    42 |    +0.4% |   -2.110 |      -11.8 |    330 | _tray_size4_1995/D3
      863 |       0 |     101 |       47 |     14 |    42 |    +0.4% |   -2.110 |      -11.8 |    329 | _tray_size4_1995/D3
      864 |       0 |     101 |       47 |     14 |    42 |    +0.4% |   -2.110 |      -11.8 |    328 | _tray_size4_1995/D3
      865 |       0 |     101 |       47 |     14 |    42 |    +0.4% |   -2.110 |      -11.8 |    327 | _tray_size4_1995/D3
      866 |       0 |     101 |       47 |     14 |    42 |    +0.4% |   -2.110 |      -11.8 |    326 | _tray_size4_1995/D3
      867 |       0 |     101 |       47 |     14 |    42 |    +0.4% |   -2.110 |      -11.8 |    325 | _tray_size4_1995/D3
      868 |       0 |     101 |       47 |     14 |    42 |    +0.4% |   -2.110 |      -11.8 |    324 | _tray_size4_1995/D3
      869 |       0 |     101 |       47 |     14 |    42 |    +0.4% |   -2.110 |      -11.8 |    323 | _tray_size4_1995/D3
      870 |       0 |     101 |       47 |     14 |    42 |    +0.4% |   -2.110 |      -11.8 |    323 | _tray_size4_1995/D3
      870 |       0 |     101 |       47 |     14 |    42 |    +0.4% |   -2.110 |      -11.8 |    322 | _tray_size4_1995/D3
      871 |       0 |     101 |       47 |     14 |    42 |    +0.4% |   -2.110 |      -11.8 |    321 | _tray_size4_1995/D3
      872 |       0 |     101 |       47 |     14 |    42 |    +0.4% |   -2.110 |      -11.8 |    320 | _tray_size4_1995/D3
      873 |       0 |     101 |       47 |     14 |    42 |    +0.4% |   -2.110 |      -11.8 |    319 | _tray_size4_1995/D3
      874 |       0 |     101 |       47 |     14 |    42 |    +0.4% |   -2.110 |      -11.8 |    318 | _tray_size4_1995/D3
      875 |       0 |     101 |       47 |     14 |    42 |    +0.4% |   -2.110 |      -11.8 |    317 | _tray_size4_1995/D3
      876 |       0 |     101 |       47 |     14 |    42 |    +0.4% |   -2.110 |      -11.8 |    316 | _tray_size4_1995/D3
      877 |       0 |     101 |       47 |     14 |    42 |    +0.4% |   -2.110 |      -11.8 |    315 | _tray_size4_1995/D3
      878 |       0 |     101 |       47 |     14 |    42 |    +0.4% |   -2.110 |      -11.8 |    314 | _tray_size4_1995/D3
      879 |       0 |     101 |       47 |     14 |    42 |    +0.4% |   -2.110 |      -11.8 |    313 | _tray_size4_1995/D3
      880 |       0 |     101 |       47 |     14 |    42 |    +0.4% |   -2.110 |      -11.8 |    313 | _tray_size4_1995/D3
      880 |       0 |     101 |       47 |     14 |    42 |    +0.4% |   -2.110 |      -11.8 |    312 | _tray_size4_1995/D3
      881 |       0 |     101 |       47 |     14 |    42 |    +0.4% |   -2.110 |      -11.8 |    311 | _tray_size4_1995/D3
      882 |       0 |     101 |       47 |     14 |    42 |    +0.4% |   -2.110 |      -11.8 |    310 | _tray_size4_1995/D3
      883 |       0 |     101 |       47 |     14 |    42 |    +0.4% |   -2.110 |      -11.8 |    309 | _tray_size4_1995/D3
      884 |       0 |     101 |       47 |     14 |    42 |    +0.4% |   -2.110 |      -11.8 |    308 | _tray_size4_1995/D3
      885 |       0 |     101 |       47 |     14 |    42 |    +0.4% |   -2.110 |      -11.8 |    307 | _tray_size4_1995/D3
      886 |       0 |     101 |       47 |     14 |    42 |    +0.4% |   -2.110 |      -11.8 |    306 | _tray_size4_1995/D3
      887 |       0 |     101 |       47 |     14 |    42 |    +0.4% |   -2.110 |      -11.8 |    305 | _tray_size4_1995/D3
      888 |       0 |     101 |       47 |     14 |    42 |    +0.4% |   -2.110 |      -11.8 |    304 | _tray_size4_1995/D3
      889 |       0 |     101 |       47 |     14 |    42 |    +0.4% |   -2.110 |      -11.8 |    303 | _tray_size4_1995/D3
      890 |       0 |     101 |       47 |     14 |    42 |    +0.4% |   -2.110 |      -11.8 |    303 | _tray_size4_1995/D3
      890 |       0 |     101 |       47 |     14 |    42 |    +0.4% |   -2.110 |      -11.8 |    302 | _tray_size4_1995/D3
      891 |       0 |     101 |       47 |     14 |    42 |    +0.4% |   -2.110 |      -11.8 |    301 | _tray_size4_1995/D3
      892 |       0 |     101 |       47 |     14 |    42 |    +0.4% |   -2.110 |      -11.8 |    300 | _tray_size4_1995/D3
      893 |       0 |     101 |       47 |     14 |    42 |    +0.4% |   -2.110 |      -11.8 |    299 | _tray_size4_1995/D3
      894 |       0 |     101 |       47 |     14 |    42 |    +0.4% |   -2.110 |      -11.8 |    298 | _tray_size4_1995/D3
      895 |       0 |     101 |       47 |     14 |    42 |    +0.4% |   -2.110 |      -11.8 |    297 | _tray_size4_1995/D3
      896 |       0 |     101 |       47 |     14 |    42 |    +0.4% |   -2.110 |      -11.8 |    296 | _tray_size4_1995/D3
      897 |       0 |     101 |       47 |     14 |    42 |    +0.4% |   -2.110 |      -11.8 |    295 | _tray_size4_1995/D3
      898 |       0 |     101 |       47 |     14 |    42 |    +0.4% |   -2.110 |      -11.8 |    294 | _tray_size4_1995/D3
      899 |       0 |     101 |       47 |     14 |    42 |    +0.4% |   -2.110 |      -11.8 |    293 | _tray_size4_1995/D3
      900 |       0 |     101 |       47 |     14 |    42 |    +0.4% |   -2.110 |      -11.8 |    293 | _tray_size4_1995/D3
      900 |       0 |     101 |       47 |     14 |    42 |    +0.4% |   -2.110 |      -11.8 |    292 | _tray_size4_1995/D3
      901 |       0 |     101 |       47 |     14 |    42 |    +0.4% |   -2.110 |      -11.8 |    291 | _tray_size4_1995/D3
      902 |       0 |     101 |       47 |     14 |    42 |    +0.4% |   -2.110 |      -11.8 |    290 | _tray_size4_1995/D3
      903 |       0 |     101 |       47 |     14 |    42 |    +0.4% |   -2.110 |      -11.8 |    289 | _tray_size4_1995/D3
      904 |       0 |     101 |       47 |     14 |    42 |    +0.4% |   -2.110 |      -11.8 |    288 | _tray_size4_1995/D3
      905 |       0 |     101 |       47 |     14 |    42 |    +0.4% |   -2.110 |      -11.8 |    287 | _tray_size4_1995/D3
      906 |       0 |     101 |       47 |     14 |    42 |    +0.4% |   -2.110 |      -11.8 |    286 | _tray_size4_1995/D3
      907 |       0 |     101 |       47 |     14 |    42 |    +0.4% |   -2.110 |      -11.8 |    285 | _tray_size4_1995/D3
      908 |       0 |     101 |       47 |     14 |    42 |    +0.4% |   -2.110 |      -11.8 |    284 | _tray_size4_1995/D3
      909 |       0 |     101 |       47 |     14 |    42 |    +0.4% |   -2.110 |      -11.8 |    283 | _tray_size4_1995/D3
      910 |       0 |     101 |       47 |     14 |    42 |    +0.4% |   -2.110 |      -11.8 |    283 | _tray_size4_1995/D3
      910 |       0 |     101 |       47 |     14 |    42 |    +0.4% |   -2.110 |      -11.8 |    282 | _tray_size4_1995/D3
      911 |       0 |     101 |       47 |     14 |    42 |    +0.4% |   -2.110 |      -11.8 |    281 | _tray_size4_1995/D3
      912 |       0 |     101 |       47 |     14 |    42 |    +0.4% |   -2.110 |      -11.8 |    280 | _tray_size4_1995/D3
      913 |       0 |     101 |       47 |     14 |    42 |    +0.4% |   -2.110 |      -11.8 |    279 | _tray_size4_1995/D3
      914 |       0 |     101 |       47 |     14 |    42 |    +0.4% |   -2.110 |      -11.8 |    278 | _tray_size4_1995/D3
      915 |       0 |     101 |       47 |     14 |    42 |    +0.4% |   -2.110 |      -11.8 |    277 | _tray_size4_1995/D3
      916 |       0 |     101 |       47 |     14 |    42 |    +0.4% |   -2.110 |      -11.8 |    276 | _tray_size4_1995/D3
      917 |       0 |     101 |       47 |     14 |    42 |    +0.4% |   -2.110 |      -11.8 |    275 | _tray_size4_1995/D3
      918 |       0 |     101 |       47 |     14 |    42 |    +0.4% |   -2.110 |      -11.8 |    274 | _tray_size4_1995/D3
      919 |       0 |     101 |       47 |     14 |    42 |    +0.4% |   -2.110 |      -11.8 |    273 | _tray_size4_1995/D3
      920 |       0 |     101 |       47 |     14 |    42 |    +0.4% |   -2.110 |      -11.8 |    273 | _tray_size4_1995/D3
      920 |       0 |     101 |       47 |     14 |    42 |    +0.4% |   -2.110 |      -11.8 |    272 | _tray_size4_1995/D3
      921 |       0 |     101 |       47 |     14 |    42 |    +0.4% |   -2.110 |      -11.8 |    271 | _tray_size4_1995/D3
      922 |       0 |     101 |       47 |     14 |    42 |    +0.4% |   -2.110 |      -11.8 |    270 | _tray_size4_1995/D3
      923 |       0 |     101 |       47 |     14 |    42 |    +0.4% |   -2.110 |      -11.8 |    269 | _tray_size4_1995/D3
      924 |       0 |     101 |       47 |     14 |    42 |    +0.4% |   -2.110 |      -11.8 |    268 | _tray_size4_1995/D3
      925 |       0 |     101 |       47 |     14 |    42 |    +0.4% |   -2.110 |      -11.8 |    267 | _tray_size4_1995/D3
      926 |       0 |     101 |       47 |     14 |    42 |    +0.4% |   -2.110 |      -11.8 |    266 | _tray_size4_1995/D3
      927 |       0 |     101 |       47 |     14 |    42 |    +0.4% |   -2.110 |      -11.8 |    265 | _tray_size4_1995/D3
      928 |       0 |     101 |       47 |     14 |    42 |    +0.4% |   -2.110 |      -11.8 |    264 | _tray_size4_1995/D3
      929 |       0 |     101 |       47 |     14 |    42 |    +0.4% |   -2.110 |      -11.8 |    263 | _tray_size4_1995/D3
      930 |       0 |     101 |       47 |     14 |    42 |    +0.4% |   -2.110 |      -11.8 |    263 | _tray_size4_1995/D3
      930 |       0 |     101 |       47 |     14 |    42 |    +0.4% |   -2.110 |      -11.8 |    262 | _tray_size4_1995/D3
      931 |       0 |     101 |       47 |     14 |    42 |    +0.4% |   -2.110 |      -11.8 |    261 | _tray_size4_1995/D3
      932 |       0 |     101 |       47 |     14 |    42 |    +0.4% |   -2.110 |      -11.8 |    260 | _tray_size4_1995/D3
      933 |       0 |     101 |       47 |     14 |    42 |    +0.4% |   -2.110 |      -11.8 |    259 | _tray_size4_1995/D3
      934 |       0 |     101 |       47 |     14 |    42 |    +0.4% |   -2.110 |      -11.8 |    258 | _tray_size4_1995/D3
      935 |       0 |     101 |       47 |     14 |    42 |    +0.4% |   -2.110 |      -11.8 |    257 | _tray_size4_1995/D3
      936 |       0 |     101 |       47 |     14 |    42 |    +0.4% |   -2.110 |      -11.8 |    256 | _tray_size4_1995/D3
      937 |       0 |     101 |       47 |     14 |    42 |    +0.4% |   -2.110 |      -11.8 |    255 | _tray_size4_1995/D3
      938 |       0 |     101 |       47 |     14 |    42 |    +0.4% |   -2.110 |      -11.8 |    254 | _tray_size4_1995/D3
      939 |       0 |     101 |       47 |     14 |    42 |    +0.4% |   -2.110 |      -11.8 |    253 | _tray_size4_1995/D3
      940 |       0 |     101 |       47 |     14 |    42 |    +0.4% |   -2.110 |      -11.8 |    253 | _tray_size4_1995/D3
      940 |       0 |     101 |       47 |     14 |    42 |    +0.4% |   -2.110 |      -11.8 |    252 | _tray_size4_1995/D3
      941 |       0 |     101 |       47 |     14 |    42 |    +0.4% |   -2.110 |      -11.8 |    251 | _tray_size4_1995/D3
      942 |       0 |     101 |       47 |     14 |    42 |    +0.4% |   -2.110 |      -11.8 |    250 | _tray_size4_1995/D3
      943 |       0 |     101 |       47 |     14 |    42 |    +0.4% |   -2.110 |      -11.8 |    249 | _tray_size4_1995/D3
      944 |       0 |     101 |       47 |     14 |    42 |    +0.4% |   -2.110 |      -11.8 |    248 | _tray_size4_1995/D3
      945 |       0 |     101 |       47 |     14 |    42 |    +0.4% |   -2.110 |      -11.8 |    247 | _tray_size4_1995/D3
      946 |       0 |     101 |       47 |     14 |    42 |    +0.4% |   -2.110 |      -11.8 |    246 | _tray_size4_1995/D3
      947 |       0 |     101 |       47 |     14 |    42 |    +0.4% |   -2.110 |      -11.8 |    245 | _tray_size4_1995/D3
      948 |       0 |     101 |       47 |     14 |    42 |    +0.4% |   -2.110 |      -11.8 |    244 | _tray_size4_1995/D3
      949 |       0 |     101 |       47 |     14 |    42 |    +0.4% |   -2.110 |      -11.8 |    243 | _tray_size4_1995/D3
      950 |       0 |     101 |       47 |     14 |    42 |    +0.4% |   -2.110 |      -11.8 |    243 | _tray_size4_1995/D3
      950 |       0 |     101 |       47 |     14 |    42 |    +0.4% |   -2.110 |      -11.8 |    242 | _tray_size4_1995/D3
      951 |       0 |     101 |       47 |     14 |    42 |    +0.4% |   -2.110 |      -11.8 |    241 | _tray_size4_1995/D3
      952 |       0 |     101 |       47 |     14 |    42 |    +0.4% |   -2.110 |      -11.8 |    240 | _tray_size4_1995/D3
      953 |       0 |     101 |       47 |     14 |    42 |    +0.4% |   -2.110 |      -11.8 |    239 | _tray_size4_1995/D3
      954 |       0 |     101 |       47 |     14 |    42 |    +0.4% |   -2.110 |      -11.8 |    238 | _tray_size4_1995/D3
      955 |       0 |     101 |       47 |     14 |    42 |    +0.4% |   -2.110 |      -11.8 |    237 | _tray_size4_1995/D3
      956 |       0 |     101 |       47 |     14 |    42 |    +0.4% |   -2.110 |      -11.8 |    236 | _tray_size4_1995/D3
      957 |       0 |     101 |       47 |     14 |    42 |    +0.4% |   -2.110 |      -11.8 |    235 | _tray_size4_1995/D3
      958 |       0 |     101 |       47 |     14 |    42 |    +0.4% |   -2.110 |      -11.8 |    234 | _tray_size4_1995/D3
      959 |       0 |     101 |       47 |     14 |    42 |    +0.4% |   -2.110 |      -11.8 |    233 | _tray_size4_1995/D3
      960 |       0 |     101 |       47 |     14 |    42 |    +0.4% |   -2.110 |      -11.8 |    233 | _tray_size4_1995/D3
      960 |       0 |     101 |       47 |     14 |    42 |    +0.4% |   -2.110 |      -11.8 |    232 | _tray_size4_1995/D3
      961 |       0 |     101 |       47 |     14 |    42 |    +0.4% |   -2.110 |      -11.8 |    231 | _tray_size4_1995/D3
      962 |       0 |     101 |       47 |     14 |    42 |    +0.4% |   -2.110 |      -11.8 |    230 | _tray_size4_1995/D3
      963 |       0 |     101 |       47 |     14 |    42 |    +0.4% |   -2.110 |      -11.8 |    229 | _tray_size4_1995/D3
      964 |       0 |     101 |       47 |     14 |    42 |    +0.4% |   -2.110 |      -11.8 |    228 | _tray_size4_1995/D3
      965 |       0 |     101 |       47 |     14 |    42 |    +0.4% |   -2.110 |      -11.8 |    227 | _tray_size4_1995/D3
      966 |       0 |     101 |       47 |     14 |    42 |    +0.4% |   -2.110 |      -11.8 |    226 | _tray_size4_1995/D3
      967 |       0 |     101 |       47 |     14 |    42 |    +0.4% |   -2.110 |      -11.8 |    225 | _tray_size4_1995/D3
      968 |       0 |     101 |       47 |     14 |    42 |    +0.4% |   -2.110 |      -11.8 |    224 | _tray_size4_1995/D3
      969 |       0 |     101 |       47 |     14 |    42 |    +0.4% |   -2.110 |      -11.8 |    223 | _tray_size4_1995/D3
      970 |       0 |     101 |       47 |     14 |    42 |    +0.4% |   -2.110 |      -11.8 |    223 | _tray_size4_1995/D3
      970 |       0 |     101 |       47 |     14 |    42 |    +0.4% |   -2.110 |      -11.8 |    222 | _tray_size4_1995/D3
      971 |       0 |     101 |       47 |     14 |    42 |    +0.4% |   -2.110 |      -11.8 |    221 | _tray_size4_1995/D3
      972 |       0 |     101 |       47 |     14 |    42 |    +0.4% |   -2.110 |      -11.8 |    220 | _tray_size4_1995/D3
      973 |       0 |     101 |       47 |     14 |    42 |    +0.4% |   -2.110 |      -11.8 |    219 | _tray_size4_1995/D3
      974 |       0 |     101 |       47 |     14 |    42 |    +0.4% |   -2.110 |      -11.8 |    218 | _tray_size4_1995/D3
      975 |       0 |     101 |       47 |     14 |    42 |    +0.4% |   -2.110 |      -11.8 |    217 | _tray_size4_1995/D3
      976 |       0 |     101 |       47 |     14 |    42 |    +0.4% |   -2.110 |      -11.8 |    216 | _tray_size4_1995/D3
      977 |       0 |     101 |       47 |     14 |    42 |    +0.4% |   -2.110 |      -11.8 |    215 | _tray_size4_1995/D3
      978 |       0 |     101 |       47 |     14 |    42 |    +0.4% |   -2.110 |      -11.8 |    214 | _tray_size4_1995/D3
      979 |       0 |     101 |       47 |     14 |    42 |    +0.4% |   -2.110 |      -11.8 |    213 | _tray_size4_1995/D3
      980 |       0 |     101 |       47 |     14 |    42 |    +0.4% |   -2.110 |      -11.8 |    213 | _tray_size4_1995/D3
      980 |       0 |     101 |       47 |     14 |    42 |    +0.4% |   -2.110 |      -11.8 |    212 | _tray_size4_1995/D3
      981 |       0 |     101 |       47 |     14 |    42 |    +0.4% |   -2.110 |      -11.8 |    211 | _tray_size4_1995/D3
      982 |       0 |     101 |       47 |     14 |    42 |    +0.4% |   -2.110 |      -11.8 |    210 | _tray_size4_1995/D3
      983 |       0 |     101 |       47 |     14 |    42 |    +0.4% |   -2.110 |      -11.8 |    209 | _tray_size4_1995/D3
      984 |       0 |     101 |       47 |     14 |    42 |    +0.4% |   -2.110 |      -11.8 |    208 | _tray_size4_1995/D3
      985 |       0 |     101 |       47 |     14 |    42 |    +0.4% |   -2.110 |      -11.8 |    207 | _tray_size4_1995/D3
      986 |       0 |     101 |       47 |     14 |    42 |    +0.4% |   -2.110 |      -11.8 |    206 | _tray_size4_1995/D3
      987 |       0 |     101 |       47 |     14 |    42 |    +0.4% |   -2.110 |      -11.8 |    205 | _tray_size4_1995/D3
      988 |       0 |     101 |       47 |     14 |    42 |    +0.4% |   -2.110 |      -11.8 |    204 | _tray_size4_1995/D3
      989 |       0 |     101 |       47 |     14 |    42 |    +0.4% |   -2.110 |      -11.8 |    203 | _tray_size4_1995/D3
      990 |       0 |     101 |       47 |     14 |    42 |    +0.4% |   -2.110 |      -11.8 |    203 | _tray_size4_1995/D3
      990 |       0 |     101 |       47 |     14 |    42 |    +0.4% |   -2.110 |      -11.8 |    202 | _tray_size4_1995/D3
      991 |       0 |     101 |       47 |     14 |    42 |    +0.4% |   -2.110 |      -11.8 |    201 | _tray_size4_1995/D3
      992 |       0 |     101 |       47 |     14 |    42 |    +0.4% |   -2.110 |      -11.8 |    200 | _tray_size4_1995/D3
      993 |       0 |     101 |       47 |     14 |    42 |    +0.4% |   -2.110 |      -11.8 |    199 | _tray_size4_1995/D3
      994 |       0 |     101 |       47 |     14 |    42 |    +0.4% |   -2.110 |      -11.8 |    198 | _tray_size4_1995/D3
      995 |       0 |     101 |       47 |     14 |    42 |    +0.4% |   -2.110 |      -11.8 |    197 | _tray_size4_1995/D3
      996 |       0 |     101 |       47 |     14 |    42 |    +0.4% |   -2.110 |      -11.8 |    196 | _tray_size4_1995/D3
      997 |       0 |     101 |       47 |     14 |    42 |    +0.4% |   -2.110 |      -11.8 |    195 | _tray_size4_1995/D3
      998 |       0 |     101 |       47 |     14 |    42 |    +0.4% |   -2.110 |      -11.8 |    194 | _tray_size4_1995/D3
      999 |       0 |     101 |       47 |     14 |    42 |    +0.4% |   -2.110 |      -11.8 |    193 | _tray_size4_1995/D3
     1000 |       0 |     101 |       47 |     14 |    42 |    +0.4% |   -2.110 |      -11.8 |    193 | _tray_size4_1995/D3
     1000 |       0 |     101 |       47 |     14 |    42 |    +0.4% |   -2.110 |      -11.8 |    192 | _tray_size4_1995/D3
     1001 |       0 |     101 |       47 |     14 |    42 |    +0.4% |   -2.110 |      -11.8 |    191 | _tray_size4_1995/D3
     1002 |       0 |     101 |       47 |     14 |    42 |    +0.4% |   -2.110 |      -11.8 |    190 | _tray_size4_1995/D3
     1003 |       0 |     101 |       47 |     14 |    42 |    +0.4% |   -2.110 |      -11.8 |    189 | _tray_size4_1995/D3
     1004 |       0 |     101 |       47 |     14 |    42 |    +0.4% |   -2.110 |      -11.8 |    188 | _tray_size4_1995/D3
     1005 |       0 |     101 |       47 |     14 |    42 |    +0.4% |   -2.110 |      -11.8 |    187 | _tray_size4_1995/D3
     1006 |       0 |     101 |       47 |     14 |    42 |    +0.4% |   -2.110 |      -11.8 |    186 | _tray_size4_1995/D3
     1007 |       0 |     101 |       47 |     14 |    42 |    +0.4% |   -2.110 |      -11.8 |    185 | _tray_size4_1995/D3
     1008 |       0 |     101 |       47 |     14 |    42 |    +0.4% |   -2.110 |      -11.8 |    184 | _tray_size4_1995/D3
     1009 |       0 |     101 |       47 |     14 |    42 |    +0.4% |   -2.110 |      -11.8 |    183 | _tray_size4_1995/D3
     1010 |       0 |     101 |       47 |     14 |    42 |    +0.4% |   -2.110 |      -11.8 |    183 | _tray_size4_1995/D3
     1010 |       0 |     101 |       47 |     14 |    42 |    +0.4% |   -2.110 |      -11.8 |    182 | _tray_size4_1995/D3
     1011 |       0 |     101 |       47 |     14 |    42 |    +0.4% |   -2.110 |      -11.8 |    181 | _tray_size4_1995/D3
     1012 |       0 |     101 |       47 |     14 |    42 |    +0.4% |   -2.110 |      -11.8 |    180 | _tray_size4_1995/D3
     1013 |       0 |     101 |       47 |     14 |    42 |    +0.4% |   -2.110 |      -11.8 |    179 | _tray_size4_1995/D3
     1014 |       0 |     101 |       47 |     14 |    42 |    +0.4% |   -2.110 |      -11.8 |    178 | _tray_size4_1995/D3
     1015 |       0 |     101 |       47 |     14 |    42 |    +0.4% |   -2.110 |      -11.8 |    177 | _tray_size4_1995/D3
     1016 |       0 |     101 |       47 |     14 |    42 |    +0.4% |   -2.110 |      -11.8 |    176 | _tray_size4_1995/D3
     1017 |       0 |     101 |       47 |     14 |    42 |    +0.4% |   -2.110 |      -11.8 |    175 | _tray_size4_1995/D3
     1018 |       0 |     101 |       47 |     14 |    42 |    +0.4% |   -2.110 |      -11.8 |    174 | _tray_size4_1995/D3
     1019 |       0 |     101 |       47 |     14 |    42 |    +0.4% |   -2.110 |      -11.8 |    173 | _tray_size4_1995/D3
     1020 |       0 |     101 |       47 |     14 |    42 |    +0.4% |   -2.110 |      -11.8 |    173 | _tray_size4_1995/D3
     1020 |       0 |     101 |       47 |     14 |    42 |    +0.4% |   -2.110 |      -11.8 |    172 | _tray_size4_1995/D3
     1021 |       0 |     101 |       47 |     14 |    42 |    +0.4% |   -2.110 |      -11.8 |    171 | _tray_size4_1995/D3
     1022 |       0 |     101 |       47 |     14 |    42 |    +0.4% |   -2.110 |      -11.8 |    170 | _tray_size4_1995/D3
     1023 |       0 |     101 |       47 |     14 |    42 |    +0.4% |   -2.110 |      -11.8 |    169 | _tray_size4_1995/D3
     1024 |       0 |     101 |       47 |     14 |    42 |    +0.4% |   -2.110 |      -11.8 |    168 | _tray_size4_1995/D3
     1025 |       0 |     101 |       47 |     14 |    42 |    +0.4% |   -2.110 |      -11.8 |    167 | _tray_size4_1995/D3
     1026 |       0 |     101 |       47 |     14 |    42 |    +0.4% |   -2.110 |      -11.8 |    166 | _tray_size4_1995/D3
     1027 |       0 |     101 |       47 |     14 |    42 |    +0.4% |   -2.110 |      -11.8 |    165 | _tray_size4_1995/D3
     1028 |       0 |     101 |       47 |     14 |    42 |    +0.4% |   -2.110 |      -11.8 |    164 | _tray_size4_1995/D3
     1029 |       0 |     101 |       47 |     14 |    42 |    +0.4% |   -2.110 |      -11.8 |    163 | _tray_size4_1995/D3
     1030 |       0 |     101 |       47 |     14 |    42 |    +0.4% |   -2.110 |      -11.8 |    163 | _tray_size4_1995/D3
     1030 |       0 |     101 |       47 |     14 |    42 |    +0.4% |   -2.110 |      -11.8 |    162 | _tray_size4_1995/D3
     1031 |       0 |     101 |       47 |     14 |    42 |    +0.4% |   -2.110 |      -11.8 |    161 | _tray_size4_1995/D3
     1032 |       0 |     101 |       47 |     14 |    42 |    +0.4% |   -2.110 |      -11.8 |    160 | _tray_size4_1995/D3
     1033 |       0 |     101 |       47 |     14 |    42 |    +0.4% |   -2.110 |      -11.8 |    159 | _tray_size4_1995/D3
     1034 |       0 |     101 |       47 |     14 |    42 |    +0.4% |   -2.110 |      -11.8 |    158 | _tray_size4_1995/D3
     1035 |       0 |     101 |       47 |     14 |    42 |    +0.4% |   -2.110 |      -11.8 |    157 | _tray_size4_1995/D3
     1036 |       0 |     101 |       47 |     14 |    42 |    +0.4% |   -2.110 |      -11.8 |    156 | _tray_size4_1995/D3
     1037 |       0 |     101 |       47 |     14 |    42 |    +0.4% |   -2.110 |      -11.8 |    155 | _tray_size4_1995/D3
     1038 |       0 |     101 |       47 |     14 |    42 |    +0.4% |   -2.110 |      -11.8 |    154 | _tray_size4_1995/D3
     1039 |       0 |     101 |       47 |     14 |    42 |    +0.4% |   -2.110 |      -11.8 |    153 | _tray_size4_1995/D3
     1040 |       0 |     101 |       47 |     14 |    42 |    +0.4% |   -2.110 |      -11.8 |    153 | _tray_size4_1995/D3
     1040 |       0 |     101 |       47 |     14 |    42 |    +0.4% |   -2.110 |      -11.8 |    152 | _tray_size4_1995/D3
     1041 |       0 |     101 |       47 |     14 |    42 |    +0.4% |   -2.110 |      -11.8 |    151 | _tray_size4_1995/D3
     1042 |       0 |     101 |       47 |     14 |    42 |    +0.4% |   -2.110 |      -11.8 |    150 | _tray_size4_1995/D3
     1043 |       0 |     101 |       47 |     14 |    42 |    +0.4% |   -2.110 |      -11.8 |    149 | _tray_size4_1995/D3
     1044 |       0 |     101 |       47 |     14 |    42 |    +0.4% |   -2.110 |      -11.8 |    148 | _tray_size4_1995/D3
     1045 |       0 |     101 |       47 |     14 |    42 |    +0.4% |   -2.110 |      -11.8 |    147 | _tray_size4_1995/D3
     1046 |       0 |     101 |       47 |     14 |    42 |    +0.4% |   -2.110 |      -11.8 |    146 | _tray_size4_1995/D3
     1047 |       0 |     101 |       47 |     14 |    42 |    +0.4% |   -2.110 |      -11.8 |    145 | _tray_size4_1995/D3
     1048 |       0 |     101 |       47 |     14 |    42 |    +0.4% |   -2.110 |      -11.8 |    144 | _tray_size4_1995/D3
     1049 |       0 |     101 |       47 |     14 |    42 |    +0.4% |   -2.110 |      -11.8 |    143 | _tray_size4_1995/D3
     1050 |       0 |     101 |       47 |     14 |    42 |    +0.4% |   -2.110 |      -11.8 |    143 | _tray_size4_1995/D3
     1050 |       0 |     101 |       47 |     14 |    42 |    +0.4% |   -2.110 |      -11.8 |    142 | _tray_size4_1995/D3
     1051 |       0 |     101 |       47 |     14 |    42 |    +0.4% |   -2.110 |      -11.8 |    141 | _tray_size4_1995/D3
     1052 |       0 |     101 |       47 |     14 |    42 |    +0.4% |   -2.110 |      -11.8 |    140 | _tray_size4_1995/D3
     1053 |       0 |     101 |       47 |     14 |    42 |    +0.4% |   -2.110 |      -11.8 |    139 | _tray_size4_1995/D3
     1054 |       0 |     101 |       47 |     14 |    42 |    +0.4% |   -2.110 |      -11.8 |    138 | _tray_size4_1995/D3
     1055 |       0 |     101 |       47 |     14 |    42 |    +0.4% |   -2.110 |      -11.8 |    137 | _tray_size4_1995/D3
     1056 |       0 |     101 |       47 |     14 |    42 |    +0.4% |   -2.110 |      -11.8 |    136 | _tray_size4_1995/D3
     1057 |       0 |     101 |       47 |     14 |    42 |    +0.4% |   -2.110 |      -11.8 |    135 | _tray_size4_1995/D3
     1058 |       0 |     101 |       47 |     14 |    42 |    +0.4% |   -2.110 |      -11.8 |    134 | _tray_size4_1995/D3
     1059 |       0 |     101 |       47 |     14 |    42 |    +0.4% |   -2.110 |      -11.8 |    133 | _tray_size4_1995/D3
     1060 |       0 |     101 |       47 |     14 |    42 |    +0.4% |   -2.110 |      -11.8 |    133 | _tray_size4_1995/D3
     1060 |       0 |     101 |       47 |     14 |    42 |    +0.4% |   -2.110 |      -11.8 |    132 | _tray_size4_1995/D3
     1061 |       0 |     101 |       47 |     14 |    42 |    +0.4% |   -2.110 |      -11.8 |    131 | _tray_size4_1995/D3
     1062 |       0 |     101 |       47 |     14 |    42 |    +0.4% |   -2.110 |      -11.8 |    130 | _tray_size4_1995/D3
     1063 |       0 |     101 |       47 |     14 |    42 |    +0.4% |   -2.110 |      -11.8 |    129 | _tray_size4_1995/D3
     1064 |       0 |     101 |       47 |     14 |    42 |    +0.4% |   -2.110 |      -11.8 |    128 | _tray_size4_1995/D3
     1065 |       0 |     101 |       47 |     14 |    42 |    +0.4% |   -2.110 |      -11.8 |    127 | _tray_size4_1995/D3
     1066 |       0 |     101 |       47 |     14 |    42 |    +0.4% |   -2.110 |      -11.8 |    126 | _tray_size4_1995/D3
     1067 |       0 |     101 |       47 |     14 |    42 |    +0.4% |   -2.110 |      -11.8 |    125 | _tray_size4_1995/D3
     1068 |       0 |     101 |       47 |     14 |    42 |    +0.4% |   -2.110 |      -11.8 |    124 | _tray_size4_1995/D3
     1069 |       0 |     101 |       47 |     14 |    42 |    +0.4% |   -2.110 |      -11.8 |    123 | _tray_size4_1995/D3
     1070 |       0 |     101 |       47 |     14 |    42 |    +0.4% |   -2.110 |      -11.8 |    123 | _tray_size4_1995/D3
     1070 |       0 |     101 |       47 |     14 |    42 |    +0.4% |   -2.110 |      -11.8 |    122 | _tray_size4_1995/D3
     1071 |       0 |     101 |       47 |     14 |    42 |    +0.4% |   -2.110 |      -11.8 |    121 | _tray_size4_1995/D3
     1072 |       0 |     101 |       47 |     14 |    42 |    +0.4% |   -2.110 |      -11.8 |    120 | _tray_size4_1995/D3
     1073 |       0 |     101 |       47 |     14 |    42 |    +0.4% |   -2.110 |      -11.8 |    119 | _tray_size4_1995/D3
     1074 |       0 |     101 |       47 |     14 |    42 |    +0.4% |   -2.110 |      -11.8 |    118 | _tray_size4_1995/D3
     1075 |       0 |     101 |       47 |     14 |    42 |    +0.4% |   -2.110 |      -11.8 |    117 | _tray_size4_1995/D3
     1076 |       0 |     101 |       47 |     14 |    42 |    +0.4% |   -2.110 |      -11.8 |    116 | _tray_size4_1995/D3
     1077 |       0 |     101 |       47 |     14 |    42 |    +0.4% |   -2.110 |      -11.8 |    115 | _tray_size4_1995/D3
     1078 |       0 |     101 |       47 |     14 |    42 |    +0.4% |   -2.110 |      -11.8 |    114 | _tray_size4_1995/D3
     1079 |       0 |     101 |       47 |     14 |    42 |    +0.4% |   -2.110 |      -11.8 |    113 | _tray_size4_1995/D3
     1080 |       0 |     101 |       47 |     14 |    42 |    +0.4% |   -2.110 |      -11.8 |    113 | _tray_size4_1995/D3
     1080 |       0 |     101 |       47 |     14 |    42 |    +0.4% |   -2.110 |      -11.8 |    112 | _tray_size4_1995/D3
     1081 |       0 |     101 |       47 |     14 |    42 |    +0.4% |   -2.110 |      -11.8 |    111 | _tray_size4_1995/D3
     1082 |       0 |     101 |       47 |     14 |    42 |    +0.4% |   -2.110 |      -11.8 |    110 | _tray_size4_1995/D3
     1083 |       0 |     101 |       47 |     14 |    42 |    +0.4% |   -2.110 |      -11.8 |    109 | _tray_size4_1995/D3
     1084 |       0 |     101 |       47 |     14 |    42 |    +0.4% |   -2.110 |      -11.8 |    108 | _tray_size4_1995/D3
     1085 |       0 |     101 |       47 |     14 |    42 |    +0.4% |   -2.110 |      -11.8 |    107 | _tray_size4_1995/D3
     1086 |       0 |     101 |       47 |     14 |    42 |    +0.4% |   -2.110 |      -11.8 |    106 | _tray_size4_1995/D3
     1087 |       0 |     101 |       47 |     14 |    42 |    +0.4% |   -2.110 |      -11.8 |    105 | _tray_size4_1995/D3
     1088 |       0 |     101 |       47 |     14 |    42 |    +0.4% |   -2.110 |      -11.8 |    104 | _tray_size4_1995/D3
     1089 |       0 |     101 |       47 |     14 |    42 |    +0.4% |   -2.110 |      -11.8 |    103 | _tray_size4_1995/D3
     1090 |       0 |     101 |       47 |     14 |    42 |    +0.4% |   -2.110 |      -11.8 |    103 | _tray_size4_1995/D3
     1090 |       0 |     101 |       47 |     14 |    42 |    +0.4% |   -2.110 |      -11.8 |    102 | _tray_size4_1995/D3
     1091 |       0 |     101 |       47 |     14 |    42 |    +0.4% |   -2.110 |      -11.8 |    101 | _tray_size4_1995/D3
     1092 |       0 |     101 |       47 |     14 |    42 |    +0.4% |   -2.110 |      -11.8 |    100 | _tray_size4_1995/D3
     1093 |       0 |     101 |       47 |     14 |    42 |    +0.4% |   -2.110 |      -11.8 |     99 | _tray_size4_1995/D3
     1094 |       0 |     101 |       47 |     14 |    42 |    +0.4% |   -2.110 |      -11.8 |     98 | _tray_size4_1995/D3
     1095 |       0 |     101 |       47 |     14 |    42 |    +0.4% |   -2.110 |      -11.8 |     97 | _tray_size4_1995/D3
     1096 |       0 |     101 |       47 |     14 |    42 |    +0.4% |   -2.110 |      -11.8 |     96 | _tray_size4_1995/D3
     1097 |       0 |     101 |       47 |     14 |    42 |    +0.4% |   -2.110 |      -11.8 |     95 | _tray_size4_1995/D3
     1098 |       0 |     101 |       47 |     14 |    42 |    +0.4% |   -2.110 |      -11.8 |     94 | _tray_size4_1995/D3
     1099 |       0 |     101 |       47 |     14 |    42 |    +0.4% |   -2.110 |      -11.8 |     93 | _tray_size4_1995/D3
     1100 |       0 |     101 |       47 |     14 |    42 |    +0.4% |   -2.110 |      -11.8 |     93 | _tray_size4_1995/D3
     1100 |       0 |     101 |       47 |     14 |    42 |    +0.4% |   -2.110 |      -11.8 |     93 | _tray_size4_1995/D3
     1101 |       0 |     101 |       47 |     14 |    42 |    +0.4% |   -2.110 |      -11.8 |     92 | _tray_size4_1995/D3
     1102 |       0 |     101 |       47 |     14 |    42 |    +0.4% |   -2.110 |      -11.8 |     91 | _tray_size4_1995/D3
     1103 |       0 |     101 |       47 |     14 |    42 |    +0.4% |   -2.110 |      -11.8 |     90 | _tray_size4_1995/D3
     1104 |       0 |     101 |       47 |     14 |    42 |    +0.4% |   -2.110 |      -11.8 |     89 | _tray_size4_1995/D3
     1105 |       0 |     101 |       47 |     14 |    42 |    +0.4% |   -2.110 |      -11.8 |     88 | _tray_size4_1995/D3
     1106 |       0 |     101 |       47 |     14 |    42 |    +0.4% |   -2.110 |      -11.8 |     87 | _tray_size4_1995/D3
     1107 |       0 |     101 |       47 |     14 |    42 |    +0.4% |   -2.110 |      -11.8 |     86 | _tray_size4_1995/D3
     1108 |       0 |     101 |       47 |     14 |    42 |    +0.4% |   -2.110 |      -11.8 |     85 | _tray_size4_1995/D3
     1109 |       0 |     101 |       47 |     14 |    42 |    +0.4% |   -2.110 |      -11.8 |     84 | _tray_size4_1995/D3
     1110 |       0 |     101 |       47 |     14 |    42 |    +0.4% |   -2.110 |      -11.8 |     84 | _tray_size4_1995/D3
     1110 |       0 |     101 |       47 |     14 |    42 |    +0.4% |   -2.110 |      -11.8 |     83 | _tray_size4_1995/D3
     1111 |       0 |     101 |       47 |     14 |    42 |    +0.4% |   -2.110 |      -11.8 |     82 | _tray_size4_1995/D3
     1112 |       0 |     101 |       47 |     14 |    42 |    +0.4% |   -2.110 |      -11.8 |     81 | _tray_size4_1995/D3
     1113 |       0 |     101 |       47 |     14 |    42 |    +0.4% |   -2.110 |      -11.8 |     80 | _tray_size4_1995/D3
     1114 |       0 |     101 |       47 |     14 |    42 |    +0.4% |   -2.110 |      -11.8 |     79 | _tray_size4_1995/D3
     1115 |       0 |     101 |       47 |     14 |    42 |    +0.4% |   -2.110 |      -11.8 |     78 | _tray_size4_1995/D3
     1116 |       0 |     101 |       47 |     14 |    42 |    +0.4% |   -2.110 |      -11.8 |     77 | _tray_size4_1995/D3
     1117 |       0 |     101 |       47 |     14 |    42 |    +0.4% |   -2.110 |      -11.8 |     76 | _tray_size4_1995/D3
     1118 |       0 |     101 |       47 |     14 |    42 |    +0.4% |   -2.110 |      -11.8 |     75 | _tray_size4_1995/D3
     1119 |       0 |     101 |       47 |     14 |    42 |    +0.4% |   -2.110 |      -11.8 |     74 | _tray_size4_1995/D3
     1120 |       0 |     101 |       47 |     14 |    42 |    +0.4% |   -2.110 |      -11.8 |     74 | _tray_size4_1995/D3
     1120 |       0 |     101 |       47 |     14 |    42 |    +0.4% |   -2.110 |      -11.8 |     73 | _tray_size4_1995/D3
     1121 |       0 |     101 |       47 |     14 |    42 |    +0.4% |   -2.110 |      -11.8 |     72 | _tray_size4_1995/D3
     1122 |       0 |     101 |       47 |     14 |    42 |    +0.4% |   -2.110 |      -11.8 |     71 | _tray_size4_1995/D3
     1123 |       0 |     101 |       47 |     14 |    42 |    +0.4% |   -2.110 |      -11.8 |     70 | _tray_size4_1995/D3
     1124 |       0 |     101 |       47 |     14 |    42 |    +0.4% |   -2.110 |      -11.8 |     69 | _tray_size4_1995/D3
     1125 |       0 |     101 |       47 |     14 |    42 |    +0.4% |   -2.110 |      -11.8 |     68 | _tray_size4_1995/D3
     1126 |       0 |     101 |       47 |     14 |    42 |    +0.4% |   -2.110 |      -11.8 |     67 | _tray_size4_1995/D3
     1127 |       0 |     101 |       47 |     14 |    42 |    +0.4% |   -2.110 |      -11.8 |     66 | _tray_size4_1995/D3
     1128 |       0 |     101 |       47 |     14 |    42 |    +0.4% |   -2.110 |      -11.8 |     65 | _tray_size4_1995/D3
     1129 |       0 |     101 |       47 |     14 |    42 |    +0.4% |   -2.110 |      -11.8 |     64 | _tray_size4_1995/D3
     1130 |       0 |     101 |       47 |     14 |    42 |    +0.4% |   -2.110 |      -11.8 |     64 | _tray_size4_1995/D3
     1130 |       0 |     101 |       47 |     14 |    42 |    +0.4% |   -2.110 |      -11.8 |     63 | _tray_size4_1995/D3
     1131 |       0 |     101 |       47 |     14 |    42 |    +0.4% |   -2.110 |      -11.8 |     62 | _tray_size4_1995/D3
     1132 |       0 |     101 |       47 |     14 |    42 |    +0.4% |   -2.110 |      -11.8 |     61 | _tray_size4_1995/D3
     1133 |       0 |     101 |       47 |     14 |    42 |    +0.4% |   -2.110 |      -11.8 |     60 | _tray_size4_1995/D3
     1134 |       0 |     101 |       47 |     14 |    42 |    +0.4% |   -2.110 |      -11.8 |     59 | _tray_size4_1995/D3
     1135 |       0 |     101 |       47 |     14 |    42 |    +0.4% |   -2.110 |      -11.8 |     58 | _tray_size4_1995/D3
     1136 |       0 |     101 |       47 |     14 |    42 |    +0.4% |   -2.110 |      -11.8 |     57 | _tray_size4_1995/D3
     1137 |       0 |     101 |       47 |     14 |    42 |    +0.4% |   -2.110 |      -11.8 |     56 | _tray_size4_1995/D3
     1138 |       0 |     101 |       47 |     14 |    42 |    +0.4% |   -2.110 |      -11.8 |     55 | _tray_size4_1995/D3
     1139 |       0 |     101 |       47 |     14 |    42 |    +0.4% |   -2.110 |      -11.8 |     54 | _tray_size4_1995/D3
     1140 |       0 |     101 |       47 |     14 |    42 |    +0.4% |   -2.110 |      -11.8 |     54 | _tray_size4_1995/D3
     1140 |       0 |     101 |       47 |     14 |    42 |    +0.4% |   -2.110 |      -11.8 |     53 | _tray_size4_1995/D3
     1141 |       0 |     101 |       47 |     14 |    42 |    +0.4% |   -2.110 |      -11.8 |     52 | _tray_size4_1995/D3
     1142 |       0 |     101 |       47 |     14 |    42 |    +0.4% |   -2.110 |      -11.8 |     51 | _tray_size4_1995/D3
     1143 |       0 |     101 |       47 |     14 |    42 |    +0.4% |   -2.110 |      -11.8 |     50 | _tray_size4_1995/D3
     1144 |       0 |     101 |       47 |     14 |    42 |    +0.4% |   -2.110 |      -11.8 |     49 | _tray_size4_1995/D3
     1145 |       0 |     101 |       47 |     14 |    42 |    +0.4% |   -2.110 |      -11.8 |     48 | _tray_size4_1995/D3
     1146 |       0 |     101 |       47 |     14 |    42 |    +0.4% |   -2.110 |      -11.8 |     47 | _tray_size4_1995/D3
     1147 |       0 |     101 |       47 |     14 |    42 |    +0.4% |   -2.110 |      -11.8 |     46 | _tray_size4_1995/D3
     1148 |       0 |     101 |       47 |     14 |    42 |    +0.4% |   -2.110 |      -11.8 |     45 | _tray_size4_1995/D3
     1149 |       0 |     101 |       47 |     14 |    42 |    +0.4% |   -2.110 |      -11.8 |     44 | _tray_size4_1995/D3
     1150 |       0 |     101 |       47 |     14 |    42 |    +0.4% |   -2.110 |      -11.8 |     44 | _tray_size4_1995/D3
     1150 |       0 |     101 |       47 |     14 |    42 |    +0.4% |   -2.110 |      -11.8 |     43 | _tray_size4_1995/D3
     1151 |       0 |     101 |       47 |     14 |    42 |    +0.4% |   -2.110 |      -11.8 |     42 | _tray_size4_1995/D3
     1152 |       0 |     101 |       47 |     14 |    42 |    +0.4% |   -2.110 |      -11.8 |     41 | _tray_size4_1995/D3
     1153 |       0 |     101 |       47 |     14 |    42 |    +0.4% |   -2.110 |      -11.8 |     40 | _tray_size4_1995/D3
     1154 |       0 |     101 |       47 |     14 |    42 |    +0.4% |   -2.110 |      -11.8 |     39 | _tray_size4_1995/D3
     1155 |       0 |     101 |       47 |     14 |    42 |    +0.4% |   -2.110 |      -11.8 |     38 | _tray_size4_1995/D3
     1156 |       0 |     101 |       47 |     14 |    42 |    +0.4% |   -2.110 |      -11.8 |     37 | _tray_size4_1995/D3
     1157 |       0 |     101 |       47 |     14 |    42 |    +0.4% |   -2.110 |      -11.8 |     36 | _tray_size4_1995/D3
     1158 |       0 |     101 |       47 |     14 |    42 |    +0.4% |   -2.110 |      -11.8 |     35 | _tray_size4_1995/D3
     1159 |       0 |     101 |       47 |     14 |    42 |    +0.4% |   -2.110 |      -11.8 |     34 | _tray_size4_1995/D3
     1160 |       0 |     101 |       47 |     14 |    42 |    +0.4% |   -2.110 |      -11.8 |     34 | _tray_size4_1995/D3
     1160 |       0 |     101 |       47 |     14 |    42 |    +0.4% |   -2.110 |      -11.8 |     33 | _tray_size4_1995/D3
     1161 |       0 |     101 |       47 |     14 |    42 |    +0.4% |   -2.110 |      -11.8 |     32 | _tray_size4_1995/D3
     1162 |       0 |     101 |       47 |     14 |    42 |    +0.4% |   -2.110 |      -11.8 |     31 | _tray_size4_1995/D3
     1163 |       0 |     101 |       47 |     14 |    42 |    +0.4% |   -2.110 |      -11.8 |     30 | _tray_size4_1995/D3
     1164 |       0 |     101 |       47 |     14 |    42 |    +0.4% |   -2.110 |      -11.8 |     29 | _tray_size4_1995/D3
     1165 |       0 |     101 |       47 |     14 |    42 |    +0.4% |   -2.110 |      -11.8 |     28 | _tray_size4_1995/D3
     1166 |       0 |     101 |       47 |     14 |    42 |    +0.4% |   -2.110 |      -11.8 |     27 | _tray_size4_1995/D3
     1167 |       0 |     101 |       47 |     14 |    42 |    +0.4% |   -2.110 |      -11.8 |     26 | _tray_size4_1995/D3
     1168 |       0 |     101 |       47 |     14 |    42 |    +0.4% |   -2.110 |      -11.8 |     25 | _tray_size4_1995/D3
     1169 |       0 |     101 |       47 |     14 |    42 |    +0.4% |   -2.110 |      -11.8 |     24 | _tray_size4_1995/D3
     1170 |       0 |     101 |       47 |     14 |    42 |    +0.4% |   -2.110 |      -11.8 |     24 | _tray_size4_1995/D3
     1170 |       0 |     101 |       47 |     14 |    42 |    +0.4% |   -2.110 |      -11.8 |     23 | _tray_size4_1995/D3
     1171 |       0 |     101 |       47 |     14 |    42 |    +0.4% |   -2.110 |      -11.8 |     22 | _tray_size4_1995/D3
     1172 |       0 |     101 |       47 |     14 |    42 |    +0.4% |   -2.110 |      -11.8 |     21 | _tray_size4_1995/D3
     1173 |       0 |     101 |       47 |     14 |    42 |    +0.4% |   -2.110 |      -11.8 |     20 | _tray_size4_1995/D3
     1174 |       0 |     101 |       47 |     14 |    42 |    +0.4% |   -2.110 |      -11.8 |     19 | _tray_size4_1995/D3
     1175 |       0 |     101 |       47 |     14 |    42 |    +0.4% |   -2.110 |      -11.8 |     18 | _tray_size4_1995/D3
     1176 |       0 |     101 |       47 |     14 |    42 |    +0.4% |   -2.110 |      -11.8 |     17 | _tray_size4_1995/D3
     1177 |       0 |     101 |       47 |     14 |    42 |    +0.4% |   -2.110 |      -11.8 |     16 | _tray_size4_1995/D3
     1178 |       0 |     101 |       47 |     14 |    42 |    +0.4% |   -2.110 |      -11.8 |     15 | _tray_size4_1995/D3
     1179 |       0 |     101 |       47 |     14 |    42 |    +0.4% |   -2.110 |      -11.8 |     14 | _tray_size4_1995/D3
     1180 |       0 |     101 |       47 |     14 |    42 |    +0.4% |   -2.110 |      -11.8 |     14 | _tray_size4_1995/D3
     1180 |       0 |     101 |       47 |     14 |    42 |    +0.4% |   -2.110 |      -11.8 |     13 | _tray_size4_1995/D3
     1181 |       0 |     101 |       47 |     14 |    42 |    +0.4% |   -2.110 |      -11.8 |     12 | _tray_size4_1995/D3
     1182 |       0 |     101 |       47 |     14 |    42 |    +0.4% |   -2.110 |      -11.8 |     11 | _tray_size4_1995/D3
     1183 |       0 |     101 |       47 |     14 |    42 |    +0.4% |   -2.110 |      -11.8 |     10 | _tray_size4_1995/D3
     1184 |       0 |     101 |       47 |     14 |    42 |    +0.4% |   -2.110 |      -11.8 |      9 | _tray_size4_1995/D3
     1185 |       0 |     101 |       47 |     14 |    42 |    +0.4% |   -2.110 |      -11.8 |      8 | _tray_size4_1995/D3
     1186 |       0 |     101 |       47 |     14 |    42 |    +0.4% |   -2.110 |      -11.8 |      7 | _tray_size4_1995/D3
     1187 |       0 |     101 |       47 |     14 |    42 |    +0.4% |   -2.110 |      -11.8 |      6 | _tray_size4_1995/D3
     1188 |       0 |     101 |       47 |     14 |    42 |    +0.4% |   -2.110 |      -11.8 |      5 | _tray_size4_1995/D3
     1189 |       0 |     101 |       47 |     14 |    42 |    +0.4% |   -2.110 |      -11.8 |      4 | _tray_size4_1995/D3
     1190 |       0 |     101 |       47 |     14 |    42 |    +0.4% |   -2.110 |      -11.8 |      4 | _tray_size4_1995/D3
     1190 |       0 |     101 |       47 |     14 |    42 |    +0.4% |   -2.110 |      -11.8 |      3 | _tray_size4_1995/D3
     1191 |       0 |     101 |       47 |     14 |    42 |    +0.4% |   -2.110 |      -11.8 |      2 | _tray_size4_1995/D3
     1192 |       0 |     101 |       47 |     14 |    42 |    +0.4% |   -2.110 |      -11.8 |      1 | _tray_size4_1995/D3
     1193 |       0 |     101 |       47 |     14 |    42 |    +0.4% |   -2.110 |      -11.8 |      0 | _tray_size4_1995/D3
     1194 |       0 |     101 |       47 |     14 |    42 |    +0.4% |   -2.110 |      -11.8 |      0 | _tray_size4_1995/D3
     1195 |       0 |     101 |       47 |     14 |    42 |    +0.4% |   -2.110 |      -11.8 |      0 | _tray_size4_1995/D3
     1196 |       0 |     101 |       47 |     14 |    42 |    +0.4% |   -2.110 |      -11.8 |      0 | _tray_size4_1995/D3
    1197* |       0 |     101 |       47 |     14 |    42 |    +0.4% |   -2.110 |      -11.8 |     10 | _tray_size4_1995/D3
    1198* |       0 |     101 |       47 |     14 |    42 |    +0.4% |   -2.110 |      -11.8 |     10 | _tray_size4_1995/D3
    1199* |       0 |     101 |       47 |     14 |    42 |    +0.4% |   -2.110 |      -11.8 |     10 | _tray_size4_1995/D3
    1200* |       0 |     101 |       47 |     14 |    42 |    +0.4% |   -2.110 |      -11.8 |     10 | _tray_size4_1995/D3
    1201* |       0 |     101 |       47 |     14 |    42 |    +0.4% |   -2.110 |      -11.8 |     10 | _tray_size4_1995/D3
    1202* |       0 |     101 |       47 |     14 |    42 |    +0.4% |   -2.110 |      -11.8 |     10 | _tray_size4_1995/D3
    1203* |       0 |     101 |       47 |     14 |    42 |    +0.4% |   -2.110 |      -11.8 |     10 | _tray_size4_1995/D3
    1204* |       0 |     101 |       47 |     14 |    42 |    +0.4% |   -2.110 |      -11.8 |     10 | _tray_size4_1995/D3
    1205* |       0 |     101 |       47 |     14 |    42 |    +0.4% |   -2.110 |      -11.8 |     10 | _tray_size4_1995/D3
    1206* |       0 |     101 |       47 |     14 |    42 |    +0.4% |   -2.110 |      -11.8 |     10 | _tray_size4_1995/D3
    final |       0 |     101 |       47 |     14 |    42 |    +0.4% |   -2.110 |      -11.8 |     10 | _tray_size4_1995/D3
--------------------------------------------------------------------------------------------------------------
[INFO RSZ-0040] Inserted 47 buffers.
[INFO RSZ-0051] Resized 101 instances: 101 up, 0 up match, 0 down, 0 VT
[INFO RSZ-0043] Swapped pins on 42 instances.
[INFO RSZ-0049] Cloned 14 instances.
[WARNING RSZ-0062] Unable to repair all setup violations.
[INFO RSZ-0033] No hold violations found.
Took 9 seconds: repair_timing -setup_margin 0 -hold_margin 0 -repair_tns 100 -verbose
[INFO DPL-0005] Max displacement: +/- 500 sites horizontally, +/- 100 rows vertically.
Movements Summary
---------------------------------------
Total cells:                    9452
Diamond Move Success:           9452 (100.00%)
Diamond Move Failure:              0
Rip-up and replace Success:        0 (  0.00% of diamond failures)
Rip-up and replace Failure:        0
Total Placement Failures:          0
---------------------------------------
Placement Analysis
---------------------------------
total displacement         96.5 u
average displacement        0.0 u
max displacement            1.1 u
original HPWL           47258.7 u
legalized HPWL          47328.1 u
delta HPWL                    0 %

Report metrics stage 4, cts final...

==========================================================================
cts final report_design_area
--------------------------------------------------------------------------
Design area 2646 um^2 66% utilization.
write_db ./results/asap7/riscv32i/modified_alpha_193-beta_0.1/4_1_cts.odb
write_sdc -no_timestamp ./results/asap7/riscv32i/modified_alpha_193-beta_0.1/4_cts.sdc
Elapsed time: 0:13.31[h:]min:sec. CPU time: user 53.95 sys 36.61 (680%). Peak memory: 302956KB.
Log                        Elapsed/s Peak Memory/MB  sha1sum .odb [0:20)
4_1_cts                           13            295 d9f25586cab248a4eecd
