OpenROAD ee3d65ce03b2656092ed62bf9205c5c11049c575 
Features included (+) or not (-): +GPU +GUI +Python
This program is licensed under the BSD-3 license. See the LICENSE file for details.
Components of this program may be licensed under more restrictive licenses which must be honored.
[INFO ORD-0030] Using 32 thread(s).
source /home/lucast/workspace/OR-flow-TCC/flow/platforms/asap7/liberty_suppressions.tcl
read_liberty /home/lucast/workspace/OR-flow-TCC/flow/platforms/asap7/lib/NLDM/asap7sc7p5t_AO_RVT_FF_nldm_211120.lib.gz
read_liberty /home/lucast/workspace/OR-flow-TCC/flow/platforms/asap7/lib/NLDM/asap7sc7p5t_INVBUF_RVT_FF_nldm_220122.lib.gz
read_liberty /home/lucast/workspace/OR-flow-TCC/flow/platforms/asap7/lib/NLDM/asap7sc7p5t_OA_RVT_FF_nldm_211120.lib.gz
read_liberty /home/lucast/workspace/OR-flow-TCC/flow/platforms/asap7/lib/NLDM/asap7sc7p5t_SIMPLE_RVT_FF_nldm_211120.lib.gz
read_liberty /home/lucast/workspace/OR-flow-TCC/flow/platforms/asap7/lib/NLDM/asap7sc7p5t_SEQ_RVT_FF_nldm_220123.lib
read_liberty /home/lucast/workspace/OR-flow-TCC/flow/platforms/asap7/lib/NLDM/asap7sc7p5t_DFFHQNH2V2X_RVT_TT_nldm_FAKE.lib
read_liberty /home/lucast/workspace/OR-flow-TCC/flow/platforms/asap7/lib/NLDM/asap7sc7p5t_DFFHQNV2X_RVT_TT_nldm_FAKE.lib
read_db -hier ./results/asap7/mock-alu/modified_alpha_8-beta_0.1/3_place.odb
[WARNING ORD-0012] Hierarchical flow (-hier) is currently in development and may cause multiple issues. Do not use in production environments.
source /home/lucast/workspace/OR-flow-TCC/flow/platforms/asap7/setRC.tcl
clock_tree_synthesis -sink_clustering_enable -repair_clock_nets
[INFO CTS-0050] Root buffer is BUFx16f_ASAP7_75t_R.
[INFO CTS-0051] Sink buffer is BUFx24_ASAP7_75t_R.
[INFO CTS-0052] The following clock buffers will be used for CTS:
                    BUFx16f_ASAP7_75t_R
                    BUFx24_ASAP7_75t_R
[INFO CTS-0049] Characterization buffer is BUFx24_ASAP7_75t_R.
[INFO CTS-0007] Net "clock" found for clock "clock".
[INFO CTS-0010]  Clock net "clock" has 406 sinks.
[INFO CTS-0008] TritonCTS found 1 clock nets.
[INFO CTS-0097] Characterization used 2 buffer(s) types.
[INFO CTS-0201] 0 blockages from hard placement blockages and placed macros will be used.
[INFO CTS-0027] Generating H-Tree topology for net clock.
[INFO CTS-0028]  Total number of sinks: 406.
[INFO CTS-0090]  Sinks will be clustered based on buffer max cap.
[INFO CTS-0030]  Number of static layers: 0.
[INFO CTS-0020]  Wire segment unit: 1350  dbu (1 um).
[INFO CTS-0206] Best clustering solution was found from clustering size of 30 and clustering diameter of 50.
[INFO CTS-0019]  Total number of sinks after clustering: 26.
[INFO CTS-0024]  Normalized sink region: [(6.99146, 3.62458), (40.3079, 37.6496)].
[INFO CTS-0025]     Width:  33.3164.
[INFO CTS-0026]     Height: 34.0250.
 Level 1
    Direction: Vertical
    Sinks per sub-region: 13
    Sub-region size: 33.3164 X 17.0125
[INFO CTS-0034]     Segment length (rounded): 8.
[INFO CTS-0032]  Stop criterion found. Max number of sinks is 15.
[INFO CTS-0035]  Number of sinks covered: 26.
[INFO CTS-0018]     Created 29 clock buffers.
[INFO CTS-0012]     Minimum number of buffers in the clock path: 3.
[INFO CTS-0013]     Maximum number of buffers in the clock path: 3.
[INFO CTS-0015]     Created 29 clock nets.
[INFO CTS-0016]     Fanout distribution for the current clock = 6:1, 9:1, 13:2, 14:5, 15:2, 16:8, 17:4, 18:2, 19:1, 20:2..
[INFO CTS-0017]     Max level of the clock tree: 1.
[INFO CTS-0098] Clock net "clock"
[INFO CTS-0099]  Sinks 430
[INFO CTS-0100]  Leaf buffers 26
[INFO CTS-0101]  Average sink wire length 87.98 um
[INFO CTS-0102]  Path depth 3 - 3
[INFO CTS-0207]  Dummy loads inserted 24
estimate_parasitics -placement
[INFO DPL-0005] Max displacement: +/- 500 sites horizontally, +/- 100 rows vertically.
Movements Summary
---------------------------------------
Total cells:                   11584
Diamond Move Success:          11584 (100.00%)
Diamond Move Failure:              0
Rip-up and replace Success:        0 (  0.00% of diamond failures)
Rip-up and replace Failure:        0
Total Placement Failures:          0
---------------------------------------
Placement Analysis
---------------------------------
total displacement        165.1 u
average displacement        0.0 u
max displacement            1.6 u
original HPWL           38369.8 u
legalized HPWL          39136.7 u
delta HPWL                    2 %

estimate_parasitics -placement
repair_timing -setup_margin 0 -hold_margin 0 -repair_tns 100 -verbose
[INFO RSZ-0100] Repair move sequence: UnbufferMove SizeUpMove SwapPinsMove BufferMove CloneMove SplitLoadMove 
[INFO RSZ-0094] Found 799 endpoints with setup violations.
[INFO RSZ-0099] Repairing 799 out of 799 (100.00%) violating endpoints...
   Iter   | Removed | Resized | Inserted | Cloned |  Pin  |   Area   |    WNS   |   TNS      |  Viol  | Worst
          | Buffers |  Gates  | Buffers  |  Gates | Swaps |          |          |            | Endpts | Endpt
--------------------------------------------------------------------------------------------------------------
        0 |       0 |       0 |        0 |      0 |     0 |    +0.0% | -315.022 |   -33764.1 |    799 | io_out_REG[0]$_DFF_P_/D
       10 |       0 |       1 |       10 |      0 |     4 |    +0.1% | -310.575 |   -33721.7 |    799 | io_out_REG[0]$_DFF_P_/D
       20 |       0 |       2 |       16 |      0 |    10 |    +0.1% | -309.817 |   -33714.9 |    799 | io_out_REG[0]$_DFF_P_/D
       30 |       0 |       5 |       18 |      0 |    15 |    +0.1% | -298.675 |   -33697.5 |    799 | io_out_REG[0]$_DFF_P_/D
       40 |       0 |       7 |       21 |      1 |    19 |    +0.1% | -292.480 |   -33691.3 |    799 | io_out_REG[0]$_DFF_P_/D
       50 |       0 |      10 |       23 |      1 |    24 |    +0.2% | -288.747 |   -33687.6 |    799 | io_out_REG[0]$_DFF_P_/D
       60 |       0 |      11 |       28 |      1 |    28 |    +0.2% | -293.744 |   -33692.6 |    799 | io_out_REG[0]$_DFF_P_/D
       70 |       0 |      14 |       28 |      1 |    35 |    +0.2% | -288.579 |   -33687.4 |    799 | io_out_REG[0]$_DFF_P_/D
       80 |       0 |      18 |       29 |      1 |    40 |    +0.2% | -287.562 |   -33686.4 |    799 | io_out_REG[0]$_DFF_P_/D
       90 |       0 |      18 |       29 |      1 |    50 |    +0.2% | -284.600 |   -33683.4 |    799 | io_out_REG[0]$_DFF_P_/D
       95 |       0 |      18 |       29 |      1 |    50 |    +0.2% | -284.600 |   -33683.4 |    799 | io_out_REG[0]$_DFF_P_/D
      100 |       0 |      21 |       29 |      1 |    51 |    +0.2% | -284.600 |   -32140.0 |    799 | io_out_REG[0]$_DFF_P_/D
      110 |       0 |      27 |       34 |      1 |    51 |    +0.3% | -284.600 |   -29488.9 |    799 | io_out_REG[0]$_DFF_P_/D
      120 |       0 |      32 |       37 |      1 |    53 |    +0.3% | -284.600 |   -29650.2 |    799 | io_out_REG[0]$_DFF_P_/D
      130 |       0 |      40 |       39 |      2 |    53 |    +0.4% | -284.600 |   -29440.1 |    799 | io_out_REG[0]$_DFF_P_/D
      140 |       0 |      44 |       42 |      5 |    53 |    +0.4% | -284.600 |   -29088.7 |    799 | io_out_REG[0]$_DFF_P_/D
      150 |       0 |      46 |       49 |      6 |    57 |    +0.5% | -284.600 |   -29810.7 |    799 | io_out_REG[0]$_DFF_P_/D
      159 |       0 |      52 |       50 |      7 |    57 |    +0.5% | -284.600 |   -29731.7 |    799 | io_out_REG[0]$_DFF_P_/D
      160 |       0 |      52 |       50 |      7 |    57 |    +0.5% | -284.600 |   -29731.7 |    799 | io_out_REG[0]$_DFF_P_/D
      170 |       0 |      59 |       51 |      7 |    59 |    +0.5% | -284.600 |   -29695.0 |    799 | io_out_REG[0]$_DFF_P_/D
      180 |       0 |      63 |       51 |      8 |    64 |    +0.5% | -284.600 |   -29696.9 |    799 | io_out_REG[0]$_DFF_P_/D
      190 |       0 |      71 |       51 |      8 |    66 |    +0.5% | -284.600 |   -29688.7 |    799 | io_out_REG[0]$_DFF_P_/D
      192 |       0 |      71 |       51 |      8 |    66 |    +0.5% | -284.600 |   -29688.7 |    799 | io_out_REG[0]$_DFF_P_/D
      200 |       0 |      76 |       52 |      9 |    66 |    +0.6% | -284.600 |   -29718.6 |    799 | io_out_REG[0]$_DFF_P_/D
      210 |       0 |      80 |       53 |     10 |    70 |    +0.6% | -284.600 |   -29725.5 |    799 | io_out_REG[0]$_DFF_P_/D
      210 |       0 |      79 |       52 |      9 |    68 |    +0.6% | -284.600 |   -29721.1 |    799 | io_out_REG[0]$_DFF_P_/D
      220 |       0 |      82 |       53 |     12 |    70 |    +0.6% | -284.600 |   -29724.5 |    799 | io_out_REG[0]$_DFF_P_/D
      230 |       0 |      90 |       54 |     12 |    71 |    +0.6% | -284.600 |   -29698.4 |    799 | io_out_REG[0]$_DFF_P_/D
      238 |       0 |      89 |       53 |     12 |    70 |    +0.6% | -284.600 |   -29698.4 |    799 | io_out_REG[0]$_DFF_P_/D
      240 |       0 |      90 |       53 |     12 |    70 |    +0.6% | -284.600 |   -29693.1 |    799 | io_out_REG[0]$_DFF_P_/D
      250 |       0 |      95 |       55 |     12 |    73 |    +0.6% | -284.600 |   -29683.0 |    799 | io_out_REG[0]$_DFF_P_/D
      260 |       1 |     101 |       55 |     13 |    75 |    +0.6% | -284.600 |   -29666.9 |    799 | io_out_REG[0]$_DFF_P_/D
      267 |       1 |     104 |       55 |     13 |    77 |    +0.7% | -284.600 |   -29633.7 |    799 | io_out_REG[0]$_DFF_P_/D
      270 |       1 |     105 |       55 |     13 |    78 |    +0.7% | -284.600 |   -29631.5 |    799 | io_out_REG[0]$_DFF_P_/D
      280 |       1 |     108 |       58 |     13 |    82 |    +0.7% | -284.600 |   -29632.5 |    799 | io_out_REG[0]$_DFF_P_/D
      280 |       1 |     108 |       58 |     13 |    80 |    +0.7% | -284.600 |   -29630.0 |    799 | io_out_REG[0]$_DFF_P_/D
      290 |       1 |     112 |       60 |     13 |    84 |    +0.7% | -285.894 |   -29590.1 |    799 | io_out_REG[0]$_DFF_P_/D
      293 |       1 |     108 |       58 |     13 |    80 |    +0.7% | -284.600 |   -29630.0 |    799 | io_out_REG[0]$_DFF_P_/D
      300 |       1 |     108 |       61 |     13 |    84 |    +0.7% | -284.488 |   -29609.0 |    799 | io_out_REG[0]$_DFF_P_/D
      310 |       2 |     110 |       63 |     13 |    89 |    +0.7% | -284.540 |   -29602.6 |    799 | io_out_REG[0]$_DFF_P_/D
      320 |       2 |     115 |       67 |     13 |    91 |    +0.8% | -284.748 |   -29570.8 |    799 | io_out_REG[0]$_DFF_P_/D
      329 |       2 |     109 |       63 |     13 |    88 |    +0.7% | -284.489 |   -29602.4 |    799 | io_out_REG[0]$_DFF_P_/D
      330 |       2 |     109 |       63 |     13 |    88 |    +0.7% | -284.489 |   -29602.4 |    799 | io_out_REG[0]$_DFF_P_/D
      336 |       2 |     109 |       63 |     13 |    88 |    +0.7% | -284.489 |   -29602.4 |    799 | io_out_REG[0]$_DFF_P_/D
      340 |       2 |     111 |       63 |     13 |    89 |    +0.7% | -285.784 |   -29595.3 |    799 | io_out_REG[0]$_DFF_P_/D
      346 |       2 |     109 |       63 |     13 |    88 |    +0.7% | -284.489 |   -29602.4 |    799 | io_out_REG[0]$_DFF_P_/D
      348 |       2 |     109 |       63 |     13 |    88 |    +0.7% | -284.489 |   -29602.4 |    799 | io_out_REG[0]$_DFF_P_/D
      350 |       2 |     110 |       63 |     13 |    88 |    +0.7% | -284.489 |   -29590.8 |    799 | io_out_REG[0]$_DFF_P_/D
      360 |       2 |     115 |       65 |     13 |    91 |    +0.7% | -284.489 |   -29602.4 |    799 | io_out_REG[0]$_DFF_P_/D
      370 |       2 |     121 |       67 |     14 |    92 |    +0.8% | -284.489 |   -29608.8 |    799 | io_out_REG[0]$_DFF_P_/D
      371 |       2 |     121 |       67 |     14 |    93 |    +0.8% | -284.489 |   -29605.4 |    799 | io_out_REG[0]$_DFF_P_/D
      380 |       2 |     122 |       71 |     14 |    98 |    +0.8% | -284.489 |   -29573.4 |    799 | io_out_REG[0]$_DFF_P_/D
      390 |       2 |     127 |       74 |     14 |   100 |    +0.8% | -284.697 |   -29531.8 |    799 | io_out_REG[0]$_DFF_P_/D
      396 |       2 |     122 |       73 |     14 |    99 |    +0.8% | -284.489 |   -29570.9 |    799 | io_out_REG[0]$_DFF_P_/D
      400 |       2 |     123 |       75 |     14 |   100 |    +0.8% | -284.489 |   -29552.6 |    799 | io_out_REG[0]$_DFF_P_/D
      410 |       2 |     127 |       78 |     15 |   103 |    +0.8% | -284.489 |   -29557.1 |    799 | io_out_REG[0]$_DFF_P_/D
      420 |       2 |     132 |       83 |     15 |   105 |    +0.9% | -284.489 |   -29549.9 |    799 | io_out_REG[0]$_DFF_P_/D
      421 |       2 |     131 |       83 |     15 |   105 |    +0.9% | -284.489 |   -29549.7 |    799 | io_out_REG[0]$_DFF_P_/D
      430 |       2 |     135 |       84 |     15 |   108 |    +0.9% | -284.489 |   -29492.0 |    799 | io_out_REG[0]$_DFF_P_/D
      431 |       2 |     135 |       83 |     15 |   105 |    +0.9% | -284.489 |   -29490.6 |    799 | io_out_REG[0]$_DFF_P_/D
      439 |       2 |     136 |       83 |     15 |   108 |    +0.9% | -284.489 |   -29469.3 |    799 | io_out_REG[0]$_DFF_P_/D
      440 |       2 |     136 |       83 |     15 |   108 |    +0.9% | -284.489 |   -29469.3 |    799 | io_out_REG[0]$_DFF_P_/D
      450 |       2 |     140 |       84 |     15 |   113 |    +0.9% | -284.489 |   -29467.9 |    799 | io_out_REG[0]$_DFF_P_/D
      450 |       2 |     137 |       83 |     15 |   108 |    +0.9% | -284.489 |   -29468.2 |    799 | io_out_REG[0]$_DFF_P_/D
      459 |       2 |     139 |       84 |     15 |   109 |    +0.9% | -284.489 |   -29461.5 |    799 | io_out_REG[0]$_DFF_P_/D
      460 |       2 |     139 |       84 |     15 |   109 |    +0.9% | -284.489 |   -29461.5 |    799 | io_out_REG[0]$_DFF_P_/D
      470 |       2 |     142 |       91 |     15 |   110 |    +0.9% | -284.489 |   -29486.9 |    799 | io_out_REG[0]$_DFF_P_/D
      480 |       2 |     147 |       91 |     15 |   115 |    +1.0% | -284.492 |   -29470.6 |    799 | io_out_REG[0]$_DFF_P_/D
      490 |       2 |     150 |       93 |     15 |   120 |    +1.0% | -284.492 |   -29465.4 |    799 | io_out_REG[0]$_DFF_P_/D
      500 |       7 |     150 |       98 |     15 |   120 |    +1.0% | -284.492 |   -29465.5 |    799 | io_out_REG[0]$_DFF_P_/D
      510 |      12 |     150 |      103 |     15 |   120 |    +1.0% | -284.492 |   -29465.5 |    799 | io_out_REG[0]$_DFF_P_/D
      510 |       2 |     139 |       84 |     15 |   109 |    +0.9% | -284.489 |   -29461.5 |    799 | io_out_REG[0]$_DFF_P_/D
      520 |       2 |     143 |       84 |     15 |   114 |    +0.9% | -284.489 |   -29457.9 |    799 | io_out_REG[0]$_DFF_P_/D
      528 |       2 |     144 |       86 |     15 |   115 |    +0.9% | -284.489 |   -29457.4 |    799 | io_out_REG[0]$_DFF_P_/D
      530 |       2 |     144 |       86 |     15 |   116 |    +0.9% | -284.489 |   -29458.6 |    799 | io_out_REG[0]$_DFF_P_/D
      540 |       2 |     148 |       87 |     15 |   121 |    +0.9% | -284.697 |   -29404.3 |    799 | io_out_REG[0]$_DFF_P_/D
      550 |       2 |     153 |       91 |     15 |   122 |    +1.0% | -284.697 |   -29394.5 |    799 | io_out_REG[0]$_DFF_P_/D
      558 |       2 |     144 |       86 |     15 |   115 |    +0.9% | -284.489 |   -29457.4 |    799 | io_out_REG[0]$_DFF_P_/D
      560 |       2 |     145 |       86 |     15 |   115 |    +0.9% | -284.489 |   -29456.0 |    799 | io_out_REG[0]$_DFF_P_/D
      570 |       2 |     150 |       88 |     16 |   117 |    +1.0% | -284.489 |   -29454.9 |    799 | io_out_REG[0]$_DFF_P_/D
      572 |       2 |     149 |       87 |     16 |   116 |    +1.0% | -284.489 |   -29451.3 |    799 | io_out_REG[0]$_DFF_P_/D
      580 |       2 |     154 |       90 |     16 |   116 |    +1.0% | -285.784 |   -29420.1 |    799 | io_out_REG[0]$_DFF_P_/D
      583 |       2 |     149 |       87 |     16 |   116 |    +1.0% | -284.489 |   -29451.3 |    799 | io_out_REG[0]$_DFF_P_/D
      586 |       2 |     149 |       87 |     16 |   118 |    +1.0% | -284.489 |   -29446.2 |    799 | io_out_REG[0]$_DFF_P_/D
      590 |       2 |     150 |       88 |     16 |   119 |    +1.0% | -284.489 |   -29434.4 |    799 | io_out_REG[0]$_DFF_P_/D
      600 |       2 |     153 |       91 |     16 |   123 |    +1.0% | -284.489 |   -29465.9 |    799 | io_out_REG[0]$_DFF_P_/D
      605 |       2 |     151 |       88 |     16 |   122 |    +1.0% | -284.489 |   -29433.1 |    799 | io_out_REG[0]$_DFF_P_/D
      610 |       2 |     153 |       90 |     16 |   122 |    +1.0% | -284.697 |   -29411.2 |    799 | io_out_REG[0]$_DFF_P_/D
      620 |       2 |     160 |       93 |     16 |   122 |    +1.0% | -284.697 |   -29395.5 |    799 | io_out_REG[0]$_DFF_P_/D
      626 |       2 |     151 |       88 |     16 |   122 |    +1.0% | -284.489 |   -29433.1 |    799 | io_out_REG[0]$_DFF_P_/D
      630 |       2 |     153 |       88 |     16 |   123 |    +1.0% | -284.489 |   -29425.5 |    799 | io_out_REG[0]$_DFF_P_/D
      640 |       3 |     157 |       90 |     16 |   126 |    +1.0% | -284.654 |   -29418.2 |    799 | io_out_REG[0]$_DFF_P_/D
      643 |       2 |     153 |       89 |     16 |   123 |    +1.0% | -284.489 |   -29425.5 |    799 | io_out_REG[0]$_DFF_P_/D
      645 |       2 |     153 |       89 |     16 |   124 |    +1.0% | -284.489 |   -29424.6 |    799 | io_out_REG[0]$_DFF_P_/D
      650 |       2 |     153 |       90 |     16 |   127 |    +1.0% | -284.489 |   -29425.8 |    799 | io_out_REG[0]$_DFF_P_/D
      653 |       2 |     153 |       90 |     16 |   125 |    +1.0% | -284.489 |   -29423.7 |    799 | io_out_REG[0]$_DFF_P_/D
      658 |       2 |     153 |       90 |     16 |   129 |    +1.0% | -284.489 |   -29419.6 |    799 | io_out_REG[0]$_DFF_P_/D
      660 |       2 |     154 |       90 |     16 |   129 |    +1.0% | -284.654 |   -29424.2 |    799 | io_out_REG[0]$_DFF_P_/D
      667 |       2 |     153 |       90 |     16 |   129 |    +1.0% | -284.489 |   -29419.6 |    799 | io_out_REG[0]$_DFF_P_/D
      670 |       2 |     154 |       91 |     16 |   129 |    +1.0% | -284.489 |   -29451.3 |    799 | io_out_REG[0]$_DFF_P_/D
      678 |       2 |     154 |       90 |     16 |   129 |    +1.0% | -284.489 |   -29419.7 |    799 | io_out_REG[0]$_DFF_P_/D
      680 |       2 |     154 |       90 |     16 |   130 |    +1.0% | -284.489 |   -29418.9 |    799 | io_out_REG[0]$_DFF_P_/D
      681 |       2 |     154 |       90 |     16 |   131 |    +1.0% | -284.489 |   -29418.3 |    799 | io_out_REG[0]$_DFF_P_/D
      690 |       3 |     154 |       91 |     16 |   137 |    +1.0% | -284.490 |   -29413.1 |    799 | io_out_REG[0]$_DFF_P_/D
      690 |       2 |     154 |       90 |     16 |   132 |    +1.0% | -284.489 |   -29411.3 |    799 | io_out_REG[0]$_DFF_P_/D
      693 |       2 |     154 |       90 |     16 |   134 |    +1.0% | -284.489 |   -29405.4 |    799 | io_out_REG[0]$_DFF_P_/D
      700 |       2 |     156 |       91 |     16 |   137 |    +1.0% | -284.489 |   -29405.6 |    799 | io_out_REG[0]$_DFF_P_/D
      707 |       2 |     154 |       90 |     16 |   136 |    +1.0% | -284.489 |   -29404.0 |    799 | io_out_REG[0]$_DFF_P_/D
      710 |       2 |     155 |       90 |     16 |   137 |    +1.0% | -284.489 |   -29380.2 |    799 | io_out_REG[0]$_DFF_P_/D
      711 |       2 |     156 |       90 |     16 |   137 |    +1.0% | -284.489 |   -29401.1 |    799 | io_out_REG[0]$_DFF_P_/D
      720 |       2 |     160 |       94 |     16 |   138 |    +1.0% | -284.489 |   -29392.1 |    799 | io_out_REG[0]$_DFF_P_/D
      723 |       2 |     162 |       94 |     16 |   138 |    +1.0% | -284.489 |   -29386.7 |    799 | io_out_REG[0]$_DFF_P_/D
      727 |       2 |     163 |       94 |     16 |   139 |    +1.0% | -284.489 |   -29386.0 |    799 | io_out_REG[0]$_DFF_P_/D
      730 |       2 |     164 |       94 |     16 |   140 |    +1.1% | -284.489 |   -29380.6 |    799 | io_out_REG[0]$_DFF_P_/D
      735 |       2 |     164 |       94 |     16 |   140 |    +1.1% | -284.489 |   -29380.6 |    799 | io_out_REG[0]$_DFF_P_/D
      738 |       2 |     164 |       94 |     16 |   140 |    +1.1% | -284.489 |   -29380.6 |    799 | io_out_REG[0]$_DFF_P_/D
      740 |       2 |     164 |       94 |     16 |   141 |    +1.1% | -284.489 |   -29379.7 |    799 | io_out_REG[0]$_DFF_P_/D
      746 |       2 |     164 |       94 |     16 |   143 |    +1.1% | -284.489 |   -29375.9 |    799 | io_out_REG[0]$_DFF_P_/D
      750 |       3 |     164 |       95 |     16 |   144 |    +1.1% | -284.489 |   -29372.7 |    799 | io_out_REG[0]$_DFF_P_/D
      750 |       3 |     164 |       95 |     16 |   144 |    +1.1% | -284.489 |   -29372.7 |    799 | io_out_REG[0]$_DFF_P_/D
      757 |       3 |     164 |       95 |     16 |   147 |    +1.1% | -284.489 |   -29370.2 |    799 | io_out_REG[0]$_DFF_P_/D
      760 |       3 |     165 |       95 |     16 |   148 |    +1.1% | -284.489 |   -29369.8 |    799 | io_out_REG[0]$_DFF_P_/D
      770 |       3 |     171 |       95 |     16 |   152 |    +1.1% | -284.654 |   -29361.7 |    799 | io_out_REG[0]$_DFF_P_/D
      770 |       3 |     165 |       95 |     16 |   147 |    +1.1% | -284.489 |   -29367.6 |    799 | io_out_REG[0]$_DFF_P_/D
      772 |       4 |     165 |       95 |     16 |   147 |    +1.0% | -284.489 |   -29356.5 |    799 | io_out_REG[0]$_DFF_P_/D
      776 |       4 |     165 |       95 |     16 |   150 |    +1.0% | -284.489 |   -29355.9 |    799 | io_out_REG[0]$_DFF_P_/D
      780 |       4 |     167 |       95 |     16 |   151 |    +1.1% | -284.697 |   -29327.5 |    799 | io_out_REG[0]$_DFF_P_/D
      786 |       4 |     165 |       95 |     16 |   150 |    +1.0% | -284.489 |   -29355.9 |    799 | io_out_REG[0]$_DFF_P_/D
      788 |       4 |     165 |       95 |     16 |   150 |    +1.0% | -284.489 |   -29355.9 |    799 | io_out_REG[0]$_DFF_P_/D
      790 |       4 |     165 |       95 |     16 |   151 |    +1.0% | -284.489 |   -29355.2 |    799 | io_out_REG[0]$_DFF_P_/D
      790 |       4 |     165 |       95 |     16 |   151 |    +1.0% | -284.489 |   -29355.2 |    799 | io_out_REG[0]$_DFF_P_/D
      800 |       4 |     170 |       97 |     16 |   154 |    +1.1% | -285.784 |   -29307.5 |    799 | io_out_REG[0]$_DFF_P_/D
      801 |       4 |     165 |       95 |     16 |   151 |    +1.0% | -284.489 |   -29355.2 |    799 | io_out_REG[0]$_DFF_P_/D
      804 |       4 |     165 |       95 |     16 |   151 |    +1.0% | -284.489 |   -29355.2 |    799 | io_out_REG[0]$_DFF_P_/D
      807 |       4 |     165 |       95 |     16 |   153 |    +1.0% | -284.489 |   -29346.6 |    799 | io_out_REG[0]$_DFF_P_/D
      810 |       4 |     167 |       95 |     16 |   153 |    +1.0% | -284.697 |   -29309.4 |    799 | io_out_REG[0]$_DFF_P_/D
      820 |       4 |     171 |       99 |     16 |   156 |    +1.1% | -285.784 |   -29301.0 |    799 | io_out_REG[0]$_DFF_P_/D
      827 |       4 |     165 |       95 |     16 |   153 |    +1.0% | -284.489 |   -29346.6 |    799 | io_out_REG[0]$_DFF_P_/D
      830 |       4 |     167 |       95 |     16 |   153 |    +1.1% | -285.784 |   -29340.2 |    799 | io_out_REG[0]$_DFF_P_/D
      837 |       4 |     165 |       95 |     16 |   153 |    +1.0% | -284.489 |   -29346.6 |    799 | io_out_REG[0]$_DFF_P_/D
      840 |       4 |     165 |       95 |     16 |   155 |    +1.0% | -284.489 |   -29346.4 |    799 | io_out_REG[0]$_DFF_P_/D
      841 |       4 |     165 |       95 |     16 |   156 |    +1.0% | -284.489 |   -29345.6 |    799 | io_out_REG[0]$_DFF_P_/D
      850 |       4 |     171 |       95 |     16 |   158 |    +1.1% | -284.697 |   -29301.8 |    799 | io_out_REG[0]$_DFF_P_/D
      858 |       4 |     167 |       95 |     16 |   156 |    +1.1% | -284.489 |   -29339.4 |    799 | io_out_REG[0]$_DFF_P_/D
      860 |       4 |     167 |       95 |     16 |   157 |    +1.1% | -284.489 |   -29338.5 |    799 | io_out_REG[0]$_DFF_P_/D
      860 |       4 |     167 |       95 |     16 |   157 |    +1.1% | -284.489 |   -29338.5 |    799 | io_out_REG[0]$_DFF_P_/D
      862 |       4 |     167 |       95 |     16 |   157 |    +1.1% | -284.489 |   -29338.5 |    799 | io_out_REG[0]$_DFF_P_/D
      870 |       4 |     167 |      102 |     16 |   157 |    +1.1% | -284.489 |   -29413.8 |    799 | io_out_REG[0]$_DFF_P_/D
      880 |       6 |     167 |      110 |     16 |   157 |    +1.1% | -284.489 |   -29481.7 |    799 | io_out_REG[0]$_DFF_P_/D
      890 |      11 |     167 |      115 |     16 |   157 |    +1.1% | -284.489 |   -29481.7 |    799 | io_out_REG[0]$_DFF_P_/D
      900 |      16 |     167 |      120 |     16 |   157 |    +1.1% | -284.489 |   -29481.7 |    799 | io_out_REG[0]$_DFF_P_/D
      910 |      21 |     167 |      125 |     16 |   157 |    +1.1% | -284.489 |   -29481.7 |    799 | io_out_REG[0]$_DFF_P_/D
      913 |       4 |     167 |       95 |     16 |   157 |    +1.1% | -284.489 |   -29338.5 |    799 | io_out_REG[0]$_DFF_P_/D
      918 |       4 |     167 |       95 |     16 |   157 |    +1.1% | -284.489 |   -29338.5 |    799 | io_out_REG[0]$_DFF_P_/D
      920 |       4 |     167 |       95 |     16 |   158 |    +1.1% | -284.489 |   -29337.8 |    799 | io_out_REG[0]$_DFF_P_/D
      920 |       4 |     167 |       95 |     16 |   158 |    +1.1% | -284.489 |   -29337.8 |    799 | io_out_REG[0]$_DFF_P_/D
      923 |       4 |     167 |       95 |     16 |   158 |    +1.1% | -284.489 |   -29337.8 |    799 | io_out_REG[0]$_DFF_P_/D
      930 |       4 |     167 |       95 |     16 |   164 |    +1.1% | -284.489 |   -29342.3 |    799 | io_out_REG[0]$_DFF_P_/D
      934 |       4 |     167 |       95 |     16 |   160 |    +1.1% | -284.489 |   -29333.2 |    799 | io_out_REG[0]$_DFF_P_/D
      940 |       4 |     167 |       95 |     16 |   165 |    +1.1% | -284.489 |   -29348.7 |    799 | io_out_REG[0]$_DFF_P_/D
      943 |       4 |     167 |       95 |     16 |   160 |    +1.1% | -284.489 |   -29333.2 |    799 | io_out_REG[0]$_DFF_P_/D
      950 |       4 |     167 |       95 |     16 |   166 |    +1.1% | -284.489 |   -29339.3 |    799 | io_out_REG[0]$_DFF_P_/D
      951 |       4 |     167 |       95 |     16 |   161 |    +1.1% | -284.489 |   -29331.4 |    799 | io_out_REG[0]$_DFF_P_/D
      959 |       4 |     167 |       95 |     16 |   162 |    +1.1% | -284.489 |   -29329.1 |    799 | io_out_REG[0]$_DFF_P_/D
      960 |       4 |     167 |       95 |     16 |   162 |    +1.1% | -284.489 |   -29329.1 |    799 | io_out_REG[0]$_DFF_P_/D
      967 |       4 |     167 |       95 |     16 |   163 |    +1.1% | -284.489 |   -29327.6 |    799 | io_out_REG[0]$_DFF_P_/D
      970 |       4 |     167 |       95 |     16 |   165 |    +1.1% | -284.489 |   -29328.0 |    799 | io_out_REG[0]$_DFF_P_/D
      975 |       4 |     167 |       95 |     16 |   164 |    +1.1% | -284.489 |   -29325.7 |    799 | io_out_REG[0]$_DFF_P_/D
      980 |       4 |     167 |       95 |     16 |   168 |    +1.1% | -284.489 |   -29328.2 |    799 | io_out_REG[0]$_DFF_P_/D
      983 |       4 |     167 |       95 |     16 |   166 |    +1.1% | -284.489 |   -29323.3 |    799 | io_out_REG[0]$_DFF_P_/D
      990 |       4 |     167 |       95 |     16 |   172 |    +1.1% | -284.489 |   -29323.6 |    799 | io_out_REG[0]$_DFF_P_/D
      992 |       4 |     167 |       95 |     16 |   168 |    +1.1% | -284.489 |   -29318.8 |    799 | io_out_REG[0]$_DFF_P_/D
     1000 |       4 |     167 |       95 |     16 |   175 |    +1.1% | -284.489 |   -29336.3 |    799 | io_out_REG[0]$_DFF_P_/D
     1000 |       4 |     167 |       95 |     16 |   168 |    +1.1% | -284.489 |   -29318.8 |    799 | io_out_REG[0]$_DFF_P_/D
     1009 |       4 |     167 |       95 |     16 |   169 |    +1.1% | -284.489 |   -29315.6 |    799 | io_out_REG[0]$_DFF_P_/D
     1010 |       4 |     167 |       95 |     16 |   169 |    +1.1% | -284.489 |   -29315.6 |    799 | io_out_REG[0]$_DFF_P_/D
     1017 |       4 |     167 |       95 |     16 |   171 |    +1.1% | -284.489 |   -29311.7 |    799 | io_out_REG[0]$_DFF_P_/D
     1020 |       4 |     167 |       95 |     16 |   173 |    +1.1% | -284.489 |   -29315.6 |    799 | io_out_REG[0]$_DFF_P_/D
     1027 |       4 |     168 |       95 |     16 |   179 |    +1.1% | -284.489 |   -29293.3 |    799 | io_out_REG[0]$_DFF_P_/D
     1030 |       4 |     168 |       95 |     16 |   181 |    +1.1% | -284.489 |   -29293.3 |    799 | io_out_REG[0]$_DFF_P_/D
     1036 |       4 |     168 |       95 |     16 |   185 |    +1.1% | -284.489 |   -29288.5 |    799 | io_out_REG[0]$_DFF_P_/D
     1040 |       4 |     168 |       95 |     16 |   188 |    +1.1% | -284.489 |   -29296.4 |    799 | io_out_REG[0]$_DFF_P_/D
     1045 |       4 |     168 |       95 |     16 |   185 |    +1.1% | -284.489 |   -29288.5 |    799 | io_out_REG[0]$_DFF_P_/D
     1046 |       4 |     168 |       95 |     16 |   185 |    +1.1% | -284.489 |   -29288.5 |    799 | io_out_REG[0]$_DFF_P_/D
     1050 |       4 |     168 |       95 |     16 |   188 |    +1.1% | -284.489 |   -29295.4 |    799 | io_out_REG[0]$_DFF_P_/D
     1052 |       4 |     168 |       95 |     16 |   190 |    +1.1% | -284.489 |   -29286.5 |    799 | io_out_REG[0]$_DFF_P_/D
     1060 |       4 |     168 |       95 |     16 |   197 |    +1.1% | -284.489 |   -29304.6 |    799 | io_out_REG[0]$_DFF_P_/D
     1062 |       4 |     168 |       95 |     16 |   190 |    +1.1% | -284.489 |   -29286.5 |    799 | io_out_REG[0]$_DFF_P_/D
     1070 |       4 |     168 |       95 |     16 |   197 |    +1.1% | -284.489 |   -29290.3 |    799 | io_out_REG[0]$_DFF_P_/D
     1070 |       4 |     168 |       95 |     16 |   190 |    +1.1% | -284.489 |   -29286.5 |    799 | io_out_REG[0]$_DFF_P_/D
     1079 |       4 |     168 |       95 |     16 |   190 |    +1.1% | -284.489 |   -29286.5 |    799 | io_out_REG[0]$_DFF_P_/D
     1080 |       4 |     168 |       95 |     16 |   190 |    +1.1% | -284.489 |   -29286.5 |    799 | io_out_REG[0]$_DFF_P_/D
     1087 |       4 |     168 |       95 |     16 |   190 |    +1.1% | -284.489 |   -29286.5 |    799 | io_out_REG[0]$_DFF_P_/D
     1088 |       4 |     168 |       95 |     16 |   190 |    +1.1% | -284.489 |   -29286.5 |    799 | io_out_REG[0]$_DFF_P_/D
     1089 |       4 |     168 |       95 |     16 |   190 |    +1.1% | -284.489 |   -29286.5 |    799 | io_out_REG[0]$_DFF_P_/D
     1090 |       4 |     168 |       95 |     16 |   190 |    +1.1% | -284.489 |   -29286.5 |    799 | io_out_REG[0]$_DFF_P_/D
     1097 |       4 |     168 |       95 |     16 |   191 |    +1.1% | -284.489 |   -29286.1 |    799 | io_out_REG[0]$_DFF_P_/D
     1100 |       4 |     168 |       95 |     16 |   193 |    +1.1% | -284.489 |   -29285.6 |    799 | io_out_REG[0]$_DFF_P_/D
     1105 |       4 |     168 |       95 |     16 |   192 |    +1.1% | -284.489 |   -29284.3 |    799 | io_out_REG[0]$_DFF_P_/D
     1106 |       4 |     168 |       95 |     16 |   192 |    +1.1% | -284.489 |   -29284.3 |    799 | io_out_REG[0]$_DFF_P_/D
     1108 |       4 |     168 |       95 |     16 |   192 |    +1.1% | -284.489 |   -29284.3 |    799 | io_out_REG[0]$_DFF_P_/D
     1109 |       4 |     168 |       95 |     16 |   192 |    +1.1% | -284.489 |   -29284.3 |    799 | io_out_REG[0]$_DFF_P_/D
     1110 |       4 |     168 |       95 |     16 |   192 |    +1.1% | -284.489 |   -29284.3 |    799 | io_out_REG[0]$_DFF_P_/D
     1110 |       4 |     168 |       95 |     16 |   192 |    +1.1% | -284.489 |   -29284.3 |    799 | io_out_REG[0]$_DFF_P_/D
     1111 |       4 |     168 |       95 |     16 |   192 |    +1.1% | -284.489 |   -29284.3 |    799 | io_out_REG[0]$_DFF_P_/D
     1112 |       4 |     168 |       95 |     16 |   192 |    +1.1% | -284.489 |   -29284.3 |    799 | io_out_REG[0]$_DFF_P_/D
     1113 |       4 |     168 |       95 |     16 |   192 |    +1.1% | -284.489 |   -29284.3 |    799 | io_out_REG[0]$_DFF_P_/D
     1115 |       4 |     168 |       95 |     16 |   193 |    +1.1% | -284.489 |   -29282.7 |    799 | io_out_REG[0]$_DFF_P_/D
     1117 |       4 |     168 |       95 |     16 |   194 |    +1.1% | -284.489 |   -29281.9 |    799 | io_out_REG[0]$_DFF_P_/D
     1118 |       4 |     168 |       95 |     16 |   194 |    +1.1% | -284.489 |   -29281.9 |    799 | io_out_REG[0]$_DFF_P_/D
     1120 |       4 |     168 |       95 |     16 |   195 |    +1.1% | -284.489 |   -29281.6 |    799 | io_out_REG[0]$_DFF_P_/D
     1122 |       4 |     169 |       95 |     16 |   196 |    +1.1% | -284.489 |   -29280.0 |    799 | io_out_REG[0]$_DFF_P_/D
     1124 |       4 |     169 |       95 |     16 |   196 |    +1.1% | -284.489 |   -29280.0 |    799 | io_out_REG[0]$_DFF_P_/D
     1128 |       4 |     170 |       95 |     16 |   198 |    +1.1% | -284.489 |   -29278.4 |    799 | io_out_REG[0]$_DFF_P_/D
     1129 |       4 |     170 |       95 |     16 |   198 |    +1.1% | -284.489 |   -29278.4 |    799 | io_out_REG[0]$_DFF_P_/D
     1130 |       4 |     170 |       95 |     16 |   198 |    +1.1% | -284.489 |   -29278.4 |    799 | io_out_REG[0]$_DFF_P_/D
     1130 |       4 |     170 |       95 |     16 |   198 |    +1.1% | -284.489 |   -29278.4 |    799 | io_out_REG[0]$_DFF_P_/D
     1131 |       4 |     170 |       95 |     16 |   198 |    +1.1% | -284.489 |   -29278.4 |    799 | io_out_REG[0]$_DFF_P_/D
     1132 |       4 |     170 |       95 |     16 |   198 |    +1.1% | -284.489 |   -29278.4 |    799 | io_out_REG[0]$_DFF_P_/D
     1133 |       4 |     170 |       95 |     16 |   198 |    +1.1% | -284.489 |   -29278.4 |    799 | io_out_REG[0]$_DFF_P_/D
     1139 |       4 |     171 |       95 |     16 |   202 |    +1.1% | -284.489 |   -29275.8 |    799 | io_out_REG[0]$_DFF_P_/D
     1140 |       4 |     171 |       95 |     16 |   202 |    +1.1% | -284.489 |   -29275.8 |    799 | io_out_REG[0]$_DFF_P_/D
     1140 |       4 |     171 |       95 |     16 |   202 |    +1.1% | -284.489 |   -29275.8 |    799 | io_out_REG[0]$_DFF_P_/D
     1141 |       4 |     171 |       95 |     16 |   202 |    +1.1% | -284.489 |   -29275.8 |    799 | io_out_REG[0]$_DFF_P_/D
     1146 |       4 |     171 |       95 |     16 |   205 |    +1.1% | -284.489 |   -29272.8 |    799 | io_out_REG[0]$_DFF_P_/D
     1147 |       4 |     171 |       95 |     16 |   205 |    +1.1% | -284.489 |   -29272.8 |    799 | io_out_REG[0]$_DFF_P_/D
     1150 |       4 |     173 |       95 |     16 |   205 |    +1.1% | -284.489 |   -28215.1 |    799 | io_out_REG[0]$_DFF_P_/D
     1160 |       4 |     180 |       96 |     16 |   207 |    +1.1% | -284.489 |   -25623.5 |    799 | io_out_REG[0]$_DFF_P_/D
     1170 |       4 |     185 |       99 |     18 |   207 |    +1.1% | -284.489 |   -23813.1 |    798 | io_out_REG[0]$_DFF_P_/D
     1170 |       4 |     185 |       99 |     18 |   207 |    +1.1% | -284.489 |   -23813.1 |    797 | io_out_REG[0]$_DFF_P_/D
     1172 |       4 |     186 |       99 |     18 |   207 |    +1.1% | -284.489 |   -23776.5 |    795 | io_out_REG[0]$_DFF_P_/D
     1173 |       4 |     186 |       99 |     18 |   207 |    +1.1% | -284.489 |   -23776.5 |    794 | io_out_REG[0]$_DFF_P_/D
     1174 |       4 |     186 |       99 |     18 |   207 |    +1.1% | -284.489 |   -23776.5 |    793 | io_out_REG[0]$_DFF_P_/D
     1175 |       4 |     186 |       99 |     18 |   207 |    +1.1% | -284.489 |   -23776.5 |    792 | io_out_REG[0]$_DFF_P_/D
     1180 |       4 |     189 |       99 |     18 |   208 |    +1.1% | -284.489 |   -23473.0 |    792 | io_out_REG[0]$_DFF_P_/D
     1182 |       4 |     191 |       99 |     18 |   208 |    +1.1% | -284.489 |   -23368.4 |    790 | io_out_REG[0]$_DFF_P_/D
     1183 |       4 |     191 |       99 |     18 |   208 |    +1.1% | -284.489 |   -23368.4 |    789 | io_out_REG[0]$_DFF_P_/D
     1185 |       4 |     192 |       99 |     18 |   208 |    +1.1% | -284.489 |   -23369.4 |    787 | io_out_REG[0]$_DFF_P_/D
     1186 |       4 |     192 |       99 |     18 |   208 |    +1.1% | -284.489 |   -23369.4 |    786 | io_out_REG[0]$_DFF_P_/D
     1188 |       4 |     193 |       99 |     18 |   208 |    +1.1% | -284.489 |   -23309.4 |    784 | io_out_REG[0]$_DFF_P_/D
     1189 |       4 |     193 |       99 |     18 |   208 |    +1.1% | -284.489 |   -23309.4 |    783 | io_out_REG[0]$_DFF_P_/D
     1190 |       4 |     193 |       99 |     18 |   208 |    +1.1% | -284.489 |   -23309.4 |    783 | io_out_REG[0]$_DFF_P_/D
     1196 |       4 |     193 |       99 |     18 |   208 |    +1.1% | -284.489 |   -23309.4 |    783 | io_out_REG[0]$_DFF_P_/D
     1197 |       4 |     193 |       99 |     18 |   208 |    +1.1% | -284.489 |   -23309.4 |    782 | io_out_REG[0]$_DFF_P_/D
     1198 |       4 |     193 |       99 |     18 |   208 |    +1.1% | -284.489 |   -23309.4 |    781 | io_out_REG[0]$_DFF_P_/D
     1199 |       4 |     193 |       99 |     18 |   208 |    +1.1% | -284.489 |   -23309.4 |    780 | io_out_REG[0]$_DFF_P_/D
     1200 |       4 |     193 |       99 |     18 |   208 |    +1.1% | -284.489 |   -23309.4 |    780 | io_out_REG[0]$_DFF_P_/D
     1200 |       4 |     193 |       99 |     18 |   208 |    +1.1% | -284.489 |   -23309.4 |    779 | io_out_REG[0]$_DFF_P_/D
     1201 |       4 |     193 |       99 |     18 |   208 |    +1.1% | -284.489 |   -23309.4 |    778 | io_out_REG[0]$_DFF_P_/D
     1202 |       4 |     193 |       99 |     18 |   208 |    +1.1% | -284.489 |   -23309.4 |    777 | io_out_REG[0]$_DFF_P_/D
     1203 |       4 |     193 |       99 |     18 |   208 |    +1.1% | -284.489 |   -23309.4 |    776 | io_out_REG[0]$_DFF_P_/D
     1204 |       4 |     193 |       99 |     18 |   208 |    +1.1% | -284.489 |   -23309.4 |    775 | io_out_REG[0]$_DFF_P_/D
     1205 |       4 |     193 |       99 |     18 |   208 |    +1.1% | -284.489 |   -23309.4 |    774 | io_out_REG[0]$_DFF_P_/D
     1206 |       4 |     193 |       99 |     18 |   208 |    +1.1% | -284.489 |   -23309.4 |    773 | io_out_REG[0]$_DFF_P_/D
     1207 |       4 |     193 |       99 |     18 |   208 |    +1.1% | -284.489 |   -23309.4 |    772 | io_out_REG[0]$_DFF_P_/D
     1208 |       4 |     193 |       99 |     18 |   208 |    +1.1% | -284.489 |   -23309.4 |    771 | io_out_REG[0]$_DFF_P_/D
     1209 |       4 |     193 |       99 |     18 |   208 |    +1.1% | -284.489 |   -23309.4 |    770 | io_out_REG[0]$_DFF_P_/D
     1210 |       4 |     193 |       99 |     18 |   208 |    +1.1% | -284.489 |   -23309.4 |    770 | io_out_REG[0]$_DFF_P_/D
     1210 |       4 |     193 |       99 |     18 |   208 |    +1.1% | -284.489 |   -23309.4 |    769 | io_out_REG[0]$_DFF_P_/D
     1211 |       4 |     193 |       99 |     18 |   208 |    +1.1% | -284.489 |   -23309.4 |    768 | io_out_REG[0]$_DFF_P_/D
     1212 |       4 |     193 |       99 |     18 |   208 |    +1.1% | -284.489 |   -23309.4 |    767 | io_out_REG[0]$_DFF_P_/D
     1213 |       4 |     193 |       99 |     18 |   208 |    +1.1% | -284.489 |   -23309.4 |    766 | io_out_REG[0]$_DFF_P_/D
     1214 |       4 |     193 |       99 |     18 |   208 |    +1.1% | -284.489 |   -23309.4 |    765 | io_out_REG[0]$_DFF_P_/D
     1215 |       4 |     193 |       99 |     18 |   208 |    +1.1% | -284.489 |   -23309.4 |    764 | io_out_REG[0]$_DFF_P_/D
     1216 |       4 |     193 |       99 |     18 |   208 |    +1.1% | -284.489 |   -23309.4 |    763 | io_out_REG[0]$_DFF_P_/D
     1217 |       4 |     193 |       99 |     18 |   208 |    +1.1% | -284.489 |   -23309.4 |    762 | io_out_REG[0]$_DFF_P_/D
     1218 |       4 |     193 |       99 |     18 |   208 |    +1.1% | -284.489 |   -23309.4 |    761 | io_out_REG[0]$_DFF_P_/D
     1219 |       4 |     193 |       99 |     18 |   208 |    +1.1% | -284.489 |   -23309.4 |    760 | io_out_REG[0]$_DFF_P_/D
     1220 |       4 |     193 |       99 |     18 |   208 |    +1.1% | -284.489 |   -23309.4 |    760 | io_out_REG[0]$_DFF_P_/D
     1220 |       4 |     193 |       99 |     18 |   208 |    +1.1% | -284.489 |   -23309.4 |    759 | io_out_REG[0]$_DFF_P_/D
     1221 |       4 |     193 |       99 |     18 |   208 |    +1.1% | -284.489 |   -23309.4 |    758 | io_out_REG[0]$_DFF_P_/D
     1222 |       4 |     193 |       99 |     18 |   208 |    +1.1% | -284.489 |   -23309.4 |    757 | io_out_REG[0]$_DFF_P_/D
     1223 |       4 |     193 |       99 |     18 |   208 |    +1.1% | -284.489 |   -23309.4 |    756 | io_out_REG[0]$_DFF_P_/D
     1224 |       4 |     193 |       99 |     18 |   208 |    +1.1% | -284.489 |   -23309.4 |    755 | io_out_REG[0]$_DFF_P_/D
     1225 |       4 |     193 |       99 |     18 |   208 |    +1.1% | -284.489 |   -23309.4 |    754 | io_out_REG[0]$_DFF_P_/D
     1226 |       4 |     193 |       99 |     18 |   208 |    +1.1% | -284.489 |   -23309.4 |    753 | io_out_REG[0]$_DFF_P_/D
     1227 |       4 |     193 |       99 |     18 |   208 |    +1.1% | -284.489 |   -23309.4 |    752 | io_out_REG[0]$_DFF_P_/D
     1228 |       4 |     193 |       99 |     18 |   208 |    +1.1% | -284.489 |   -23309.4 |    751 | io_out_REG[0]$_DFF_P_/D
     1229 |       4 |     193 |       99 |     18 |   208 |    +1.1% | -284.489 |   -23309.4 |    750 | io_out_REG[0]$_DFF_P_/D
     1230 |       4 |     193 |       99 |     18 |   208 |    +1.1% | -284.489 |   -23309.4 |    750 | io_out_REG[0]$_DFF_P_/D
     1230 |       4 |     193 |       99 |     18 |   208 |    +1.1% | -284.489 |   -23309.4 |    749 | io_out_REG[0]$_DFF_P_/D
     1231 |       4 |     193 |       99 |     18 |   208 |    +1.1% | -284.489 |   -23309.4 |    748 | io_out_REG[0]$_DFF_P_/D
     1232 |       4 |     193 |       99 |     18 |   208 |    +1.1% | -284.489 |   -23309.4 |    747 | io_out_REG[0]$_DFF_P_/D
     1233 |       4 |     193 |       99 |     18 |   208 |    +1.1% | -284.489 |   -23309.4 |    746 | io_out_REG[0]$_DFF_P_/D
     1234 |       4 |     193 |       99 |     18 |   208 |    +1.1% | -284.489 |   -23309.4 |    745 | io_out_REG[0]$_DFF_P_/D
     1235 |       4 |     193 |       99 |     18 |   208 |    +1.1% | -284.489 |   -23309.4 |    744 | io_out_REG[0]$_DFF_P_/D
     1236 |       4 |     193 |       99 |     18 |   208 |    +1.1% | -284.489 |   -23309.4 |    743 | io_out_REG[0]$_DFF_P_/D
     1237 |       4 |     193 |       99 |     18 |   208 |    +1.1% | -284.489 |   -23309.4 |    742 | io_out_REG[0]$_DFF_P_/D
     1238 |       4 |     193 |       99 |     18 |   208 |    +1.1% | -284.489 |   -23309.4 |    741 | io_out_REG[0]$_DFF_P_/D
     1239 |       4 |     193 |       99 |     18 |   208 |    +1.1% | -284.489 |   -23309.4 |    740 | io_out_REG[0]$_DFF_P_/D
     1240 |       4 |     193 |       99 |     18 |   208 |    +1.1% | -284.489 |   -23309.4 |    740 | io_out_REG[0]$_DFF_P_/D
     1249 |       4 |     195 |      102 |     20 |   210 |    +1.2% | -284.489 |   -22285.1 |    738 | io_out_REG[0]$_DFF_P_/D
     1250 |       4 |     195 |      102 |     20 |   210 |    +1.2% | -284.489 |   -22285.1 |    738 | io_out_REG[0]$_DFF_P_/D
     1250 |       4 |     195 |      102 |     20 |   210 |    +1.2% | -284.489 |   -22285.1 |    737 | io_out_REG[0]$_DFF_P_/D
     1251 |       4 |     195 |      102 |     20 |   210 |    +1.2% | -284.489 |   -22285.1 |    736 | io_out_REG[0]$_DFF_P_/D
     1252 |       4 |     195 |      102 |     20 |   210 |    +1.2% | -284.489 |   -22285.1 |    735 | io_out_REG[0]$_DFF_P_/D
     1253 |       4 |     195 |      102 |     20 |   210 |    +1.2% | -284.489 |   -22285.1 |    734 | io_out_REG[0]$_DFF_P_/D
     1254 |       4 |     195 |      102 |     20 |   210 |    +1.2% | -284.489 |   -22285.1 |    733 | io_out_REG[0]$_DFF_P_/D
     1255 |       4 |     195 |      102 |     20 |   210 |    +1.2% | -284.489 |   -22285.1 |    732 | io_out_REG[0]$_DFF_P_/D
     1256 |       4 |     195 |      102 |     20 |   210 |    +1.2% | -284.489 |   -22285.1 |    731 | io_out_REG[0]$_DFF_P_/D
     1257 |       4 |     195 |      102 |     20 |   210 |    +1.2% | -284.489 |   -22285.1 |    730 | io_out_REG[0]$_DFF_P_/D
     1259 |       4 |     196 |      102 |     20 |   210 |    +1.2% | -284.489 |   -22286.4 |    728 | io_out_REG[0]$_DFF_P_/D
     1260 |       4 |     196 |      102 |     20 |   210 |    +1.2% | -284.489 |   -22286.4 |    728 | io_out_REG[0]$_DFF_P_/D
     1260 |       4 |     196 |      102 |     20 |   210 |    +1.2% | -284.489 |   -22286.4 |    727 | io_out_REG[0]$_DFF_P_/D
     1261 |       4 |     196 |      102 |     20 |   210 |    +1.2% | -284.489 |   -22286.4 |    726 | io_out_REG[0]$_DFF_P_/D
     1262 |       4 |     196 |      102 |     20 |   210 |    +1.2% | -284.489 |   -22286.4 |    725 | io_out_REG[0]$_DFF_P_/D
     1263 |       4 |     196 |      102 |     20 |   210 |    +1.2% | -284.489 |   -22286.4 |    724 | io_out_REG[0]$_DFF_P_/D
     1270 |       4 |     196 |      102 |     20 |   216 |    +1.2% | -284.489 |   -22300.6 |    724 | io_out_REG[0]$_DFF_P_/D
     1270 |       4 |     196 |      102 |     20 |   210 |    +1.2% | -284.489 |   -22286.4 |    724 | io_out_REG[0]$_DFF_P_/D
     1271 |       4 |     196 |      102 |     20 |   210 |    +1.2% | -284.489 |   -22286.4 |    723 | io_out_REG[0]$_DFF_P_/D
     1272 |       4 |     196 |      102 |     20 |   210 |    +1.2% | -284.489 |   -22286.4 |    722 | io_out_REG[0]$_DFF_P_/D
     1273 |       4 |     196 |      102 |     20 |   210 |    +1.2% | -284.489 |   -22286.4 |    721 | io_out_REG[0]$_DFF_P_/D
     1274 |       4 |     196 |      102 |     20 |   210 |    +1.2% | -284.489 |   -22286.4 |    720 | io_out_REG[0]$_DFF_P_/D
     1275 |       4 |     196 |      102 |     20 |   210 |    +1.2% | -284.489 |   -22286.4 |    719 | io_out_REG[0]$_DFF_P_/D
     1276 |       4 |     196 |      102 |     20 |   210 |    +1.2% | -284.489 |   -22286.4 |    718 | io_out_REG[0]$_DFF_P_/D
     1277 |       4 |     196 |      102 |     20 |   210 |    +1.2% | -284.489 |   -22286.4 |    717 | io_out_REG[0]$_DFF_P_/D
     1278 |       4 |     196 |      102 |     20 |   210 |    +1.2% | -284.489 |   -22286.4 |    716 | io_out_REG[0]$_DFF_P_/D
     1279 |       4 |     196 |      102 |     20 |   210 |    +1.2% | -284.489 |   -22286.4 |    715 | io_out_REG[0]$_DFF_P_/D
     1280 |       4 |     196 |      102 |     20 |   210 |    +1.2% | -284.489 |   -22286.4 |    715 | io_out_REG[0]$_DFF_P_/D
     1280 |       4 |     196 |      102 |     20 |   210 |    +1.2% | -284.489 |   -22286.4 |    714 | io_out_REG[0]$_DFF_P_/D
     1281 |       4 |     196 |      102 |     20 |   210 |    +1.2% | -284.489 |   -22286.4 |    713 | io_out_REG[0]$_DFF_P_/D
     1282 |       4 |     196 |      102 |     20 |   210 |    +1.2% | -284.489 |   -22286.4 |    712 | io_out_REG[0]$_DFF_P_/D
     1283 |       4 |     196 |      102 |     20 |   210 |    +1.2% | -284.489 |   -22286.4 |    711 | io_out_REG[0]$_DFF_P_/D
     1284 |       4 |     196 |      102 |     20 |   210 |    +1.2% | -284.489 |   -22286.4 |    710 | io_out_REG[0]$_DFF_P_/D
     1285 |       4 |     196 |      102 |     20 |   210 |    +1.2% | -284.489 |   -22286.4 |    709 | io_out_REG[0]$_DFF_P_/D
     1286 |       4 |     196 |      102 |     20 |   210 |    +1.2% | -284.489 |   -22286.4 |    708 | io_out_REG[0]$_DFF_P_/D
     1287 |       4 |     196 |      102 |     20 |   210 |    +1.2% | -284.489 |   -22286.4 |    707 | io_out_REG[0]$_DFF_P_/D
     1288 |       4 |     196 |      102 |     20 |   210 |    +1.2% | -284.489 |   -22286.4 |    706 | io_out_REG[0]$_DFF_P_/D
     1289 |       4 |     196 |      102 |     20 |   210 |    +1.2% | -284.489 |   -22286.4 |    705 | io_out_REG[0]$_DFF_P_/D
     1290 |       4 |     196 |      102 |     20 |   210 |    +1.2% | -284.489 |   -22286.4 |    705 | io_out_REG[0]$_DFF_P_/D
     1290 |       4 |     196 |      102 |     20 |   210 |    +1.2% | -284.489 |   -22286.4 |    704 | io_out_REG[0]$_DFF_P_/D
     1291 |       4 |     196 |      102 |     20 |   210 |    +1.2% | -284.489 |   -22286.4 |    703 | io_out_REG[0]$_DFF_P_/D
     1292 |       4 |     196 |      102 |     20 |   210 |    +1.2% | -284.489 |   -22286.4 |    702 | io_out_REG[0]$_DFF_P_/D
     1293 |       4 |     196 |      102 |     20 |   210 |    +1.2% | -284.489 |   -22286.4 |    701 | io_out_REG[0]$_DFF_P_/D
     1294 |       4 |     196 |      102 |     20 |   210 |    +1.2% | -284.489 |   -22286.4 |    700 | io_out_REG[0]$_DFF_P_/D
     1295 |       4 |     196 |      102 |     20 |   210 |    +1.2% | -284.489 |   -22286.4 |    699 | io_out_REG[0]$_DFF_P_/D
     1296 |       4 |     196 |      102 |     20 |   210 |    +1.2% | -284.489 |   -22286.4 |    698 | io_out_REG[0]$_DFF_P_/D
     1297 |       4 |     196 |      102 |     20 |   210 |    +1.2% | -284.489 |   -22286.4 |    697 | io_out_REG[0]$_DFF_P_/D
     1298 |       4 |     196 |      102 |     20 |   210 |    +1.2% | -284.489 |   -22286.4 |    696 | io_out_REG[0]$_DFF_P_/D
     1299 |       4 |     196 |      102 |     20 |   210 |    +1.2% | -284.489 |   -22286.4 |    695 | io_out_REG[0]$_DFF_P_/D
     1300 |       4 |     196 |      102 |     20 |   210 |    +1.2% | -284.489 |   -22286.4 |    695 | io_out_REG[0]$_DFF_P_/D
     1306 |       4 |     196 |      102 |     20 |   215 |    +1.2% | -284.489 |   -22284.4 |    695 | io_out_REG[0]$_DFF_P_/D
     1307 |       4 |     196 |      102 |     20 |   215 |    +1.2% | -284.489 |   -22284.4 |    694 | io_out_REG[0]$_DFF_P_/D
     1308 |       4 |     196 |      102 |     20 |   215 |    +1.2% | -284.489 |   -22284.4 |    693 | io_out_REG[0]$_DFF_P_/D
     1309 |       4 |     196 |      102 |     20 |   215 |    +1.2% | -284.489 |   -22284.4 |    692 | io_out_REG[0]$_DFF_P_/D
     1310 |       4 |     196 |      102 |     20 |   215 |    +1.2% | -284.489 |   -22284.4 |    692 | io_out_REG[0]$_DFF_P_/D
     1310 |       4 |     196 |      102 |     20 |   215 |    +1.2% | -284.489 |   -22284.4 |    691 | io_out_REG[0]$_DFF_P_/D
     1311 |       4 |     196 |      102 |     20 |   215 |    +1.2% | -284.489 |   -22284.4 |    690 | io_out_REG[0]$_DFF_P_/D
     1318 |       4 |     196 |      102 |     20 |   215 |    +1.2% | -284.489 |   -22284.4 |    690 | io_out_REG[0]$_DFF_P_/D
     1320 |       4 |     196 |      102 |     20 |   216 |    +1.2% | -284.489 |   -22287.6 |    690 | io_out_REG[0]$_DFF_P_/D
     1325 |       4 |     196 |      102 |     20 |   215 |    +1.2% | -284.489 |   -22284.4 |    690 | io_out_REG[0]$_DFF_P_/D
     1330 |       4 |     200 |      102 |     20 |   215 |    +1.2% | -284.489 |   -21515.1 |    690 | io_out_REG[0]$_DFF_P_/D
     1336 |       4 |     206 |      102 |     20 |   215 |    +1.2% | -284.489 |   -20796.9 |    688 | io_out_REG[0]$_DFF_P_/D
     1338 |       4 |     206 |      102 |     20 |   216 |    +1.2% | -284.489 |   -20794.9 |    688 | io_out_REG[0]$_DFF_P_/D
     1340 |       4 |     207 |      102 |     20 |   216 |    +1.2% | -284.489 |   -20790.9 |    687 | io_out_REG[0]$_DFF_P_/D
     1340 |       4 |     207 |      102 |     20 |   216 |    +1.2% | -284.489 |   -20790.9 |    686 | io_out_REG[0]$_DFF_P_/D
     1341 |       4 |     207 |      102 |     20 |   216 |    +1.2% | -284.489 |   -20790.9 |    685 | io_out_REG[0]$_DFF_P_/D
     1342 |       4 |     207 |      102 |     20 |   216 |    +1.2% | -284.489 |   -20790.9 |    684 | io_out_REG[0]$_DFF_P_/D
     1348 |       4 |     211 |      103 |     20 |   216 |    +1.2% | -284.489 |   -19660.9 |    682 | io_out_REG[0]$_DFF_P_/D
     1349 |       4 |     211 |      103 |     20 |   216 |    +1.2% | -284.489 |   -19660.9 |    681 | io_out_REG[0]$_DFF_P_/D
     1350 |       4 |     211 |      103 |     20 |   216 |    +1.2% | -284.489 |   -19660.9 |    681 | io_out_REG[0]$_DFF_P_/D
     1350 |       4 |     211 |      103 |     20 |   216 |    +1.2% | -284.489 |   -19660.9 |    680 | io_out_REG[0]$_DFF_P_/D
     1351 |       4 |     211 |      103 |     20 |   216 |    +1.2% | -284.489 |   -19660.9 |    679 | io_out_REG[0]$_DFF_P_/D
     1352 |       4 |     211 |      103 |     20 |   216 |    +1.2% | -284.489 |   -19660.9 |    678 | io_out_REG[0]$_DFF_P_/D
     1355 |       4 |     211 |      105 |     20 |   217 |    +1.2% | -284.489 |   -18832.7 |    676 | io_out_REG[0]$_DFF_P_/D
     1360 |       4 |     214 |      106 |     20 |   217 |    +1.2% | -284.489 |   -18288.3 |    676 | io_out_REG[0]$_DFF_P_/D
     1361 |       4 |     215 |      106 |     20 |   217 |    +1.3% | -284.489 |   -17914.6 |    674 | io_out_REG[0]$_DFF_P_/D
     1362 |       4 |     215 |      106 |     20 |   217 |    +1.3% | -284.489 |   -17914.6 |    673 | io_out_REG[0]$_DFF_P_/D
     1365 |       4 |     217 |      106 |     20 |   217 |    +1.3% | -284.489 |   -17779.0 |    671 | io_out_REG[0]$_DFF_P_/D
     1370 |       4 |     217 |      106 |     20 |   221 |    +1.3% | -284.489 |   -17789.4 |    671 | io_out_REG[0]$_DFF_P_/D
     1372 |       4 |     217 |      106 |     20 |   217 |    +1.3% | -284.489 |   -17779.0 |    671 | io_out_REG[0]$_DFF_P_/D
     1373 |       4 |     217 |      106 |     20 |   217 |    +1.3% | -284.489 |   -17779.0 |    670 | io_out_REG[0]$_DFF_P_/D
     1377 |       4 |     219 |      106 |     20 |   218 |    +1.3% | -284.489 |   -17695.0 |    668 | io_out_REG[0]$_DFF_P_/D
     1380 |       4 |     219 |      106 |     20 |   220 |    +1.3% | -284.489 |   -17697.0 |    668 | io_out_REG[0]$_DFF_P_/D
     1384 |       4 |     219 |      106 |     20 |   219 |    +1.3% | -284.489 |   -17694.0 |    668 | io_out_REG[0]$_DFF_P_/D
     1385 |       4 |     219 |      106 |     20 |   219 |    +1.3% | -284.489 |   -17694.0 |    667 | io_out_REG[0]$_DFF_P_/D
     1387 |       4 |     220 |      106 |     20 |   219 |    +1.3% | -284.489 |   -17686.1 |    665 | io_out_REG[0]$_DFF_P_/D
     1388 |       4 |     220 |      106 |     20 |   219 |    +1.3% | -284.489 |   -17686.1 |    664 | io_out_REG[0]$_DFF_P_/D
     1389 |       4 |     220 |      106 |     20 |   219 |    +1.3% | -284.489 |   -17686.1 |    663 | io_out_REG[0]$_DFF_P_/D
     1390 |       4 |     220 |      106 |     20 |   219 |    +1.3% | -284.489 |   -17686.1 |    663 | io_out_REG[0]$_DFF_P_/D
     1390 |       4 |     220 |      106 |     20 |   219 |    +1.3% | -284.489 |   -17686.1 |    662 | io_out_REG[0]$_DFF_P_/D
     1391 |       4 |     220 |      106 |     20 |   219 |    +1.3% | -284.489 |   -17686.1 |    661 | io_out_REG[0]$_DFF_P_/D
     1392 |       4 |     220 |      106 |     20 |   219 |    +1.3% | -284.489 |   -17686.1 |    660 | io_out_REG[0]$_DFF_P_/D
     1395 |       4 |     220 |      109 |     20 |   220 |    +1.3% | -284.489 |   -17096.4 |    658 | io_out_REG[0]$_DFF_P_/D
     1400 |       4 |     220 |      109 |     20 |   224 |    +1.3% | -284.489 |   -17097.9 |    658 | io_out_REG[0]$_DFF_P_/D
     1402 |       4 |     220 |      109 |     20 |   221 |    +1.3% | -284.489 |   -17095.0 |    658 | io_out_REG[0]$_DFF_P_/D
     1409 |       4 |     220 |      109 |     20 |   222 |    +1.3% | -284.489 |   -17093.8 |    658 | io_out_REG[0]$_DFF_P_/D
     1410 |       4 |     220 |      109 |     20 |   222 |    +1.3% | -284.489 |   -17093.8 |    658 | io_out_REG[0]$_DFF_P_/D
     1410 |       4 |     220 |      109 |     20 |   222 |    +1.3% | -284.489 |   -17093.8 |    657 | io_out_REG[0]$_DFF_P_/D
     1411 |       4 |     220 |      109 |     20 |   222 |    +1.3% | -284.489 |   -17093.8 |    656 | io_out_REG[0]$_DFF_P_/D
     1412 |       4 |     220 |      109 |     20 |   222 |    +1.3% | -284.489 |   -17093.8 |    655 | io_out_REG[0]$_DFF_P_/D
     1413 |       4 |     220 |      109 |     20 |   222 |    +1.3% | -284.489 |   -17093.8 |    654 | io_out_REG[0]$_DFF_P_/D
     1414 |       4 |     220 |      109 |     20 |   222 |    +1.3% | -284.489 |   -17093.8 |    653 | io_out_REG[0]$_DFF_P_/D
     1417 |       4 |     222 |      109 |     20 |   222 |    +1.3% | -284.489 |   -17083.3 |    651 | io_out_REG[0]$_DFF_P_/D
     1418 |       4 |     222 |      109 |     20 |   222 |    +1.3% | -284.489 |   -17083.3 |    650 | io_out_REG[0]$_DFF_P_/D
     1419 |       4 |     222 |      109 |     20 |   222 |    +1.3% | -284.489 |   -17083.3 |    649 | io_out_REG[0]$_DFF_P_/D
     1420 |       4 |     222 |      109 |     20 |   222 |    +1.3% | -284.489 |   -17083.3 |    649 | io_out_REG[0]$_DFF_P_/D
     1420 |       4 |     222 |      109 |     20 |   222 |    +1.3% | -284.489 |   -17083.3 |    648 | io_out_REG[0]$_DFF_P_/D
     1421 |       4 |     222 |      109 |     20 |   222 |    +1.3% | -284.489 |   -17083.3 |    647 | io_out_REG[0]$_DFF_P_/D
     1430 |       4 |     227 |      110 |     20 |   224 |    +1.3% | -284.489 |   -16687.3 |    647 | io_out_REG[0]$_DFF_P_/D
     1431 |       4 |     228 |      110 |     20 |   224 |    +1.3% | -284.489 |   -16665.6 |    645 | io_out_REG[0]$_DFF_P_/D
     1432 |       4 |     228 |      110 |     20 |   224 |    +1.3% | -284.489 |   -16665.6 |    644 | io_out_REG[0]$_DFF_P_/D
     1433 |       4 |     228 |      110 |     20 |   224 |    +1.3% | -284.489 |   -16665.6 |    643 | io_out_REG[0]$_DFF_P_/D
     1440 |       4 |     228 |      110 |     20 |   230 |    +1.3% | -284.489 |   -16675.0 |    643 | io_out_REG[0]$_DFF_P_/D
     1440 |       4 |     228 |      110 |     20 |   225 |    +1.3% | -284.489 |   -16664.3 |    643 | io_out_REG[0]$_DFF_P_/D
     1441 |       4 |     228 |      110 |     20 |   225 |    +1.3% | -284.489 |   -16664.3 |    642 | io_out_REG[0]$_DFF_P_/D
     1448 |       4 |     228 |      110 |     20 |   225 |    +1.3% | -284.489 |   -16664.3 |    642 | io_out_REG[0]$_DFF_P_/D
     1449 |       4 |     228 |      110 |     20 |   225 |    +1.3% | -284.489 |   -16664.3 |    641 | io_out_REG[0]$_DFF_P_/D
     1450 |       4 |     228 |      110 |     20 |   225 |    +1.3% | -284.489 |   -16664.3 |    641 | io_out_REG[0]$_DFF_P_/D
     1450 |       4 |     228 |      110 |     20 |   225 |    +1.3% | -284.489 |   -16664.3 |    640 | io_out_REG[0]$_DFF_P_/D
     1451 |       4 |     228 |      110 |     20 |   225 |    +1.3% | -284.489 |   -16664.3 |    639 | io_out_REG[0]$_DFF_P_/D
     1453 |       4 |     229 |      110 |     20 |   225 |    +1.3% | -284.489 |   -16664.9 |    637 | io_out_REG[0]$_DFF_P_/D
     1454 |       4 |     229 |      110 |     20 |   225 |    +1.3% | -284.489 |   -16664.9 |    636 | io_out_REG[0]$_DFF_P_/D
     1455 |       4 |     229 |      110 |     20 |   225 |    +1.3% | -284.489 |   -16664.9 |    635 | io_out_REG[0]$_DFF_P_/D
     1456 |       4 |     229 |      110 |     20 |   225 |    +1.3% | -284.489 |   -16664.9 |    634 | io_out_REG[0]$_DFF_P_/D
     1457 |       4 |     229 |      110 |     20 |   225 |    +1.3% | -284.489 |   -16664.9 |    633 | io_out_REG[0]$_DFF_P_/D
     1458 |       4 |     229 |      110 |     20 |   225 |    +1.3% | -284.489 |   -16664.9 |    632 | io_out_REG[0]$_DFF_P_/D
     1459 |       4 |     229 |      110 |     20 |   225 |    +1.3% | -284.489 |   -16664.9 |    631 | io_out_REG[0]$_DFF_P_/D
     1460 |       4 |     229 |      110 |     20 |   225 |    +1.3% | -284.489 |   -16664.9 |    631 | io_out_REG[0]$_DFF_P_/D
     1460 |       4 |     229 |      110 |     20 |   225 |    +1.3% | -284.489 |   -16664.9 |    630 | io_out_REG[0]$_DFF_P_/D
     1461 |       4 |     229 |      110 |     20 |   225 |    +1.3% | -284.489 |   -16664.9 |    629 | io_out_REG[0]$_DFF_P_/D
     1462 |       4 |     229 |      110 |     20 |   225 |    +1.3% | -284.489 |   -16664.9 |    628 | io_out_REG[0]$_DFF_P_/D
     1463 |       4 |     229 |      110 |     20 |   225 |    +1.3% | -284.489 |   -16664.9 |    627 | io_out_REG[0]$_DFF_P_/D
     1464 |       4 |     229 |      110 |     20 |   225 |    +1.3% | -284.489 |   -16664.9 |    626 | io_out_REG[0]$_DFF_P_/D
     1465 |       4 |     229 |      110 |     20 |   225 |    +1.3% | -284.489 |   -16664.9 |    625 | io_out_REG[0]$_DFF_P_/D
     1466 |       4 |     229 |      110 |     20 |   225 |    +1.3% | -284.489 |   -16664.9 |    624 | io_out_REG[0]$_DFF_P_/D
     1467 |       4 |     229 |      110 |     20 |   225 |    +1.3% | -284.489 |   -16664.9 |    623 | io_out_REG[0]$_DFF_P_/D
     1468 |       4 |     229 |      110 |     20 |   225 |    +1.3% | -284.489 |   -16664.9 |    622 | io_out_REG[0]$_DFF_P_/D
     1469 |       4 |     229 |      110 |     20 |   225 |    +1.3% | -284.489 |   -16664.9 |    621 | io_out_REG[0]$_DFF_P_/D
     1470 |       4 |     229 |      110 |     20 |   225 |    +1.3% | -284.489 |   -16664.9 |    621 | io_out_REG[0]$_DFF_P_/D
     1470 |       4 |     229 |      110 |     20 |   225 |    +1.3% | -284.489 |   -16664.9 |    620 | io_out_REG[0]$_DFF_P_/D
     1471 |       4 |     229 |      110 |     20 |   225 |    +1.3% | -284.489 |   -16664.9 |    619 | io_out_REG[0]$_DFF_P_/D
     1472 |       4 |     229 |      110 |     20 |   225 |    +1.3% | -284.489 |   -16664.9 |    618 | io_out_REG[0]$_DFF_P_/D
     1473 |       4 |     229 |      110 |     20 |   225 |    +1.3% | -284.489 |   -16664.9 |    617 | io_out_REG[0]$_DFF_P_/D
     1474 |       4 |     229 |      110 |     20 |   225 |    +1.3% | -284.489 |   -16664.9 |    616 | io_out_REG[0]$_DFF_P_/D
     1475 |       4 |     229 |      110 |     20 |   225 |    +1.3% | -284.489 |   -16664.9 |    615 | io_out_REG[0]$_DFF_P_/D
     1476 |       4 |     229 |      110 |     20 |   225 |    +1.3% | -284.489 |   -16664.9 |    614 | io_out_REG[0]$_DFF_P_/D
     1477 |       4 |     229 |      110 |     20 |   225 |    +1.3% | -284.489 |   -16664.9 |    613 | io_out_REG[0]$_DFF_P_/D
     1478 |       4 |     229 |      110 |     20 |   225 |    +1.3% | -284.489 |   -16664.9 |    612 | io_out_REG[0]$_DFF_P_/D
     1479 |       4 |     229 |      110 |     20 |   225 |    +1.3% | -284.489 |   -16664.9 |    611 | io_out_REG[0]$_DFF_P_/D
     1480 |       4 |     229 |      110 |     20 |   225 |    +1.3% | -284.489 |   -16664.9 |    611 | io_out_REG[0]$_DFF_P_/D
     1486 |       4 |     229 |      110 |     20 |   226 |    +1.3% | -284.489 |   -16663.6 |    611 | io_out_REG[0]$_DFF_P_/D
     1489 |       4 |     230 |      110 |     20 |   227 |    +1.3% | -284.489 |   -16665.3 |    609 | io_out_REG[0]$_DFF_P_/D
     1490 |       4 |     230 |      110 |     20 |   227 |    +1.3% | -284.489 |   -16665.3 |    609 | io_out_REG[0]$_DFF_P_/D
     1490 |       4 |     230 |      110 |     20 |   227 |    +1.3% | -284.489 |   -16665.3 |    608 | io_out_REG[0]$_DFF_P_/D
     1492 |       4 |     231 |      110 |     20 |   227 |    +1.3% | -284.489 |   -16667.9 |    606 | io_out_REG[0]$_DFF_P_/D
     1493 |       4 |     231 |      110 |     20 |   227 |    +1.3% | -284.489 |   -16667.9 |    605 | io_out_REG[0]$_DFF_P_/D
     1494 |       4 |     231 |      110 |     20 |   227 |    +1.3% | -284.489 |   -16667.9 |    604 | io_out_REG[0]$_DFF_P_/D
     1495 |       4 |     231 |      110 |     20 |   227 |    +1.3% | -284.489 |   -16667.9 |    603 | io_out_REG[0]$_DFF_P_/D
     1496 |       4 |     231 |      110 |     20 |   227 |    +1.3% | -284.489 |   -16667.9 |    602 | io_out_REG[0]$_DFF_P_/D
     1497 |       4 |     231 |      110 |     20 |   227 |    +1.3% | -284.489 |   -16667.9 |    601 | io_out_REG[0]$_DFF_P_/D
     1498 |       4 |     231 |      110 |     20 |   227 |    +1.3% | -284.489 |   -16667.9 |    600 | io_out_REG[0]$_DFF_P_/D
     1499 |       4 |     231 |      110 |     20 |   227 |    +1.3% | -284.489 |   -16667.9 |    599 | io_out_REG[0]$_DFF_P_/D
     1500 |       4 |     231 |      110 |     20 |   227 |    +1.3% | -284.489 |   -16667.9 |    599 | io_out_REG[0]$_DFF_P_/D
     1500 |       4 |     231 |      110 |     20 |   227 |    +1.3% | -284.489 |   -16667.9 |    598 | io_out_REG[0]$_DFF_P_/D
     1503 |       4 |     232 |      110 |     20 |   228 |    +1.3% | -284.489 |   -16664.8 |    596 | io_out_REG[0]$_DFF_P_/D
     1504 |       4 |     232 |      110 |     20 |   228 |    +1.3% | -284.489 |   -16664.8 |    595 | io_out_REG[0]$_DFF_P_/D
     1505 |       4 |     232 |      110 |     20 |   228 |    +1.3% | -284.489 |   -16664.8 |    594 | io_out_REG[0]$_DFF_P_/D
     1508 |       4 |     233 |      110 |     20 |   229 |    +1.3% | -284.489 |   -16666.3 |    592 | io_out_REG[0]$_DFF_P_/D
     1510 |       4 |     234 |      110 |     20 |   229 |    +1.3% | -284.489 |   -16666.4 |    592 | io_out_REG[0]$_DFF_P_/D
     1511 |       4 |     234 |      110 |     20 |   230 |    +1.3% | -284.489 |   -16662.8 |    590 | io_out_REG[0]$_DFF_P_/D
     1512 |       4 |     234 |      110 |     20 |   230 |    +1.3% | -284.489 |   -16662.8 |    589 | io_out_REG[0]$_DFF_P_/D
     1513 |       4 |     234 |      110 |     20 |   230 |    +1.3% | -284.489 |   -16662.8 |    588 | io_out_REG[0]$_DFF_P_/D
     1514 |       4 |     234 |      110 |     20 |   230 |    +1.3% | -284.489 |   -16662.8 |    587 | io_out_REG[0]$_DFF_P_/D
     1517 |       4 |     236 |      110 |     20 |   230 |    +1.3% | -284.489 |   -16637.5 |    585 | io_out_REG[0]$_DFF_P_/D
     1518 |       4 |     236 |      110 |     20 |   230 |    +1.3% | -284.489 |   -16637.5 |    584 | io_out_REG[0]$_DFF_P_/D
     1519 |       4 |     236 |      110 |     20 |   230 |    +1.3% | -284.489 |   -16637.5 |    583 | io_out_REG[0]$_DFF_P_/D
     1520 |       4 |     236 |      110 |     20 |   230 |    +1.3% | -284.489 |   -16637.5 |    583 | io_out_REG[0]$_DFF_P_/D
     1520 |       4 |     236 |      110 |     20 |   230 |    +1.3% | -284.489 |   -16637.5 |    582 | io_out_REG[0]$_DFF_P_/D
     1521 |       4 |     236 |      110 |     20 |   230 |    +1.3% | -284.489 |   -16637.5 |    581 | io_out_REG[0]$_DFF_P_/D
     1522 |       4 |     236 |      110 |     20 |   230 |    +1.3% | -284.489 |   -16637.5 |    580 | io_out_REG[0]$_DFF_P_/D
     1523 |       4 |     236 |      110 |     20 |   230 |    +1.3% | -284.489 |   -16637.5 |    579 | io_out_REG[0]$_DFF_P_/D
     1524 |       4 |     236 |      110 |     20 |   230 |    +1.3% | -284.489 |   -16637.5 |    578 | io_out_REG[0]$_DFF_P_/D
     1525 |       4 |     236 |      110 |     20 |   230 |    +1.3% | -284.489 |   -16637.5 |    577 | io_out_REG[0]$_DFF_P_/D
     1526 |       4 |     236 |      110 |     20 |   230 |    +1.3% | -284.489 |   -16637.5 |    576 | io_out_REG[0]$_DFF_P_/D
     1527 |       4 |     236 |      110 |     20 |   230 |    +1.3% | -284.489 |   -16637.5 |    575 | io_out_REG[0]$_DFF_P_/D
     1528 |       4 |     236 |      110 |     20 |   230 |    +1.3% | -284.489 |   -16637.5 |    574 | io_out_REG[0]$_DFF_P_/D
     1529 |       4 |     236 |      110 |     20 |   230 |    +1.3% | -284.489 |   -16637.5 |    573 | io_out_REG[0]$_DFF_P_/D
     1530 |       4 |     236 |      110 |     20 |   230 |    +1.3% | -284.489 |   -16637.5 |    573 | io_out_REG[0]$_DFF_P_/D
     1530 |       4 |     236 |      110 |     20 |   230 |    +1.3% | -284.489 |   -16637.5 |    572 | io_out_REG[0]$_DFF_P_/D
     1531 |       4 |     236 |      110 |     20 |   230 |    +1.3% | -284.489 |   -16637.5 |    571 | io_out_REG[0]$_DFF_P_/D
     1532 |       4 |     236 |      110 |     20 |   230 |    +1.3% | -284.489 |   -16637.5 |    570 | io_out_REG[0]$_DFF_P_/D
     1533 |       4 |     236 |      110 |     20 |   230 |    +1.3% | -284.489 |   -16637.5 |    569 | io_out_REG[0]$_DFF_P_/D
     1534 |       4 |     236 |      110 |     20 |   230 |    +1.3% | -284.489 |   -16637.5 |    568 | io_out_REG[0]$_DFF_P_/D
     1535 |       4 |     236 |      110 |     20 |   230 |    +1.3% | -284.489 |   -16637.5 |    567 | io_out_REG[0]$_DFF_P_/D
     1536 |       4 |     236 |      110 |     20 |   230 |    +1.3% | -284.489 |   -16637.5 |    566 | io_out_REG[0]$_DFF_P_/D
     1537 |       4 |     236 |      110 |     20 |   230 |    +1.3% | -284.489 |   -16637.5 |    565 | io_out_REG[0]$_DFF_P_/D
     1538 |       4 |     236 |      110 |     20 |   230 |    +1.3% | -284.489 |   -16637.5 |    564 | io_out_REG[0]$_DFF_P_/D
     1539 |       4 |     236 |      110 |     20 |   230 |    +1.3% | -284.489 |   -16637.5 |    563 | io_out_REG[0]$_DFF_P_/D
     1540 |       4 |     236 |      110 |     20 |   230 |    +1.3% | -284.489 |   -16637.5 |    563 | io_out_REG[0]$_DFF_P_/D
     1540 |       4 |     236 |      110 |     20 |   230 |    +1.3% | -284.489 |   -16637.5 |    562 | io_out_REG[0]$_DFF_P_/D
     1541 |       4 |     236 |      110 |     20 |   230 |    +1.3% | -284.489 |   -16637.5 |    561 | io_out_REG[0]$_DFF_P_/D
     1542 |       4 |     236 |      110 |     20 |   230 |    +1.3% | -284.489 |   -16637.5 |    560 | io_out_REG[0]$_DFF_P_/D
     1543 |       4 |     236 |      110 |     20 |   230 |    +1.3% | -284.489 |   -16637.5 |    559 | io_out_REG[0]$_DFF_P_/D
     1544 |       4 |     236 |      110 |     20 |   230 |    +1.3% | -284.489 |   -16637.5 |    558 | io_out_REG[0]$_DFF_P_/D
     1545 |       4 |     236 |      110 |     20 |   230 |    +1.3% | -284.489 |   -16637.5 |    557 | io_out_REG[0]$_DFF_P_/D
     1550 |       4 |     240 |      110 |     20 |   230 |    +1.3% | -284.489 |   -16397.1 |    557 | io_out_REG[0]$_DFF_P_/D
     1555 |       4 |     245 |      110 |     20 |   230 |    +1.3% | -284.489 |   -15675.6 |    555 | io_out_REG[0]$_DFF_P_/D
     1556 |       4 |     245 |      110 |     20 |   230 |    +1.3% | -284.489 |   -15675.6 |    554 | io_out_REG[0]$_DFF_P_/D
     1557 |       4 |     245 |      110 |     20 |   230 |    +1.3% | -284.489 |   -15675.6 |    553 | io_out_REG[0]$_DFF_P_/D
     1558 |       4 |     245 |      110 |     20 |   230 |    +1.3% | -284.489 |   -15675.6 |    552 | io_out_REG[0]$_DFF_P_/D
     1559 |       4 |     245 |      110 |     20 |   230 |    +1.3% | -284.489 |   -15675.6 |    551 | io_out_REG[0]$_DFF_P_/D
     1560 |       4 |     245 |      110 |     20 |   230 |    +1.3% | -284.489 |   -15675.6 |    551 | io_out_REG[0]$_DFF_P_/D
     1560 |       4 |     245 |      110 |     20 |   230 |    +1.3% | -284.489 |   -15675.6 |    550 | io_out_REG[0]$_DFF_P_/D
     1561 |       4 |     245 |      110 |     20 |   230 |    +1.3% | -284.489 |   -15675.6 |    549 | io_out_REG[0]$_DFF_P_/D
     1564 |       4 |     246 |      111 |     20 |   230 |    +1.3% | -284.489 |   -15627.3 |    547 | io_out_REG[0]$_DFF_P_/D
     1565 |       4 |     246 |      111 |     20 |   230 |    +1.3% | -284.489 |   -15627.3 |    546 | io_out_REG[0]$_DFF_P_/D
     1566 |       4 |     246 |      111 |     20 |   230 |    +1.3% | -284.489 |   -15627.3 |    545 | io_out_REG[0]$_DFF_P_/D
     1567 |       4 |     246 |      111 |     20 |   230 |    +1.3% | -284.489 |   -15627.3 |    544 | io_out_REG[0]$_DFF_P_/D
     1568 |       4 |     246 |      111 |     20 |   230 |    +1.3% | -284.489 |   -15627.3 |    543 | io_out_REG[0]$_DFF_P_/D
     1569 |       4 |     246 |      111 |     20 |   230 |    +1.3% | -284.489 |   -15627.3 |    542 | io_out_REG[0]$_DFF_P_/D
     1570 |       4 |     246 |      111 |     20 |   230 |    +1.3% | -284.489 |   -15627.3 |    542 | io_out_REG[0]$_DFF_P_/D
     1570 |       4 |     246 |      111 |     20 |   230 |    +1.3% | -284.489 |   -15627.3 |    541 | io_out_REG[0]$_DFF_P_/D
     1571 |       4 |     246 |      111 |     20 |   230 |    +1.3% | -284.489 |   -15627.3 |    540 | io_out_REG[0]$_DFF_P_/D
     1572 |       4 |     246 |      111 |     20 |   230 |    +1.3% | -284.489 |   -15627.3 |    539 | io_out_REG[0]$_DFF_P_/D
     1573 |       4 |     246 |      111 |     20 |   230 |    +1.3% | -284.489 |   -15627.3 |    538 | io_out_REG[0]$_DFF_P_/D
     1574 |       4 |     246 |      111 |     20 |   230 |    +1.3% | -284.489 |   -15627.3 |    537 | io_out_REG[0]$_DFF_P_/D
     1575 |       4 |     246 |      111 |     20 |   230 |    +1.3% | -284.489 |   -15627.3 |    536 | io_out_REG[0]$_DFF_P_/D
     1576 |       4 |     246 |      111 |     20 |   230 |    +1.3% | -284.489 |   -15627.3 |    535 | io_out_REG[0]$_DFF_P_/D
     1578 |       4 |     247 |      111 |     20 |   230 |    +1.3% | -284.489 |   -15597.2 |    533 | io_out_REG[0]$_DFF_P_/D
     1579 |       4 |     247 |      111 |     20 |   230 |    +1.3% | -284.489 |   -15597.2 |    532 | io_out_REG[0]$_DFF_P_/D
     1580 |       4 |     247 |      111 |     20 |   230 |    +1.3% | -284.489 |   -15597.2 |    532 | io_out_REG[0]$_DFF_P_/D
     1580 |       4 |     247 |      111 |     20 |   230 |    +1.3% | -284.489 |   -15597.2 |    531 | io_out_REG[0]$_DFF_P_/D
     1581 |       4 |     247 |      111 |     20 |   230 |    +1.3% | -284.489 |   -15597.2 |    530 | io_out_REG[0]$_DFF_P_/D
     1582 |       4 |     247 |      111 |     20 |   230 |    +1.3% | -284.489 |   -15597.2 |    529 | io_out_REG[0]$_DFF_P_/D
     1583 |       4 |     247 |      111 |     20 |   230 |    +1.3% | -284.489 |   -15597.2 |    528 | io_out_REG[0]$_DFF_P_/D
     1584 |       4 |     247 |      111 |     20 |   230 |    +1.3% | -284.489 |   -15597.2 |    527 | io_out_REG[0]$_DFF_P_/D
     1585 |       4 |     247 |      111 |     20 |   230 |    +1.3% | -284.489 |   -15597.2 |    526 | io_out_REG[0]$_DFF_P_/D
     1586 |       4 |     247 |      111 |     20 |   230 |    +1.3% | -284.489 |   -15597.2 |    525 | io_out_REG[0]$_DFF_P_/D
     1587 |       4 |     247 |      111 |     20 |   230 |    +1.3% | -284.489 |   -15597.2 |    524 | io_out_REG[0]$_DFF_P_/D
     1588 |       4 |     247 |      111 |     20 |   230 |    +1.3% | -284.489 |   -15597.2 |    523 | io_out_REG[0]$_DFF_P_/D
     1589 |       4 |     247 |      111 |     20 |   230 |    +1.3% | -284.489 |   -15597.2 |    522 | io_out_REG[0]$_DFF_P_/D
     1590 |       4 |     247 |      111 |     20 |   230 |    +1.3% | -284.489 |   -15597.2 |    522 | io_out_REG[0]$_DFF_P_/D
     1590 |       4 |     247 |      111 |     20 |   230 |    +1.3% | -284.489 |   -15597.2 |    521 | io_out_REG[0]$_DFF_P_/D
     1591 |       4 |     247 |      111 |     20 |   230 |    +1.3% | -284.489 |   -15597.2 |    520 | io_out_REG[0]$_DFF_P_/D
     1592 |       4 |     247 |      111 |     20 |   230 |    +1.3% | -284.489 |   -15597.2 |    519 | io_out_REG[0]$_DFF_P_/D
     1593 |       4 |     247 |      111 |     20 |   230 |    +1.3% | -284.489 |   -15597.2 |    518 | io_out_REG[0]$_DFF_P_/D
     1594 |       4 |     247 |      111 |     20 |   230 |    +1.3% | -284.489 |   -15597.2 |    517 | io_out_REG[0]$_DFF_P_/D
     1595 |       4 |     247 |      111 |     20 |   230 |    +1.3% | -284.489 |   -15597.2 |    516 | io_out_REG[0]$_DFF_P_/D
     1596 |       4 |     247 |      111 |     20 |   230 |    +1.3% | -284.489 |   -15597.2 |    515 | io_out_REG[0]$_DFF_P_/D
     1597 |       4 |     247 |      111 |     20 |   230 |    +1.3% | -284.489 |   -15597.2 |    514 | io_out_REG[0]$_DFF_P_/D
     1598 |       4 |     247 |      111 |     20 |   230 |    +1.3% | -284.489 |   -15597.2 |    513 | io_out_REG[0]$_DFF_P_/D
     1599 |       4 |     247 |      111 |     20 |   230 |    +1.3% | -284.489 |   -15597.2 |    512 | io_out_REG[0]$_DFF_P_/D
     1600 |       4 |     247 |      111 |     20 |   230 |    +1.3% | -284.489 |   -15597.2 |    512 | io_out_REG[0]$_DFF_P_/D
     1600 |       4 |     247 |      111 |     20 |   230 |    +1.3% | -284.489 |   -15597.2 |    511 | io_out_REG[0]$_DFF_P_/D
     1601 |       4 |     247 |      111 |     20 |   230 |    +1.3% | -284.489 |   -15597.2 |    510 | io_out_REG[0]$_DFF_P_/D
     1602 |       4 |     247 |      111 |     20 |   230 |    +1.3% | -284.489 |   -15597.2 |    509 | io_out_REG[0]$_DFF_P_/D
     1603 |       4 |     247 |      111 |     20 |   230 |    +1.3% | -284.489 |   -15597.2 |    508 | io_out_REG[0]$_DFF_P_/D
     1604 |       4 |     247 |      111 |     20 |   230 |    +1.3% | -284.489 |   -15597.2 |    507 | io_out_REG[0]$_DFF_P_/D
     1605 |       4 |     247 |      111 |     20 |   230 |    +1.3% | -284.489 |   -15597.2 |    506 | io_out_REG[0]$_DFF_P_/D
     1606 |       4 |     247 |      111 |     20 |   230 |    +1.3% | -284.489 |   -15597.2 |    505 | io_out_REG[0]$_DFF_P_/D
     1607 |       4 |     247 |      111 |     20 |   230 |    +1.3% | -284.489 |   -15597.2 |    504 | io_out_REG[0]$_DFF_P_/D
     1608 |       4 |     247 |      111 |     20 |   230 |    +1.3% | -284.489 |   -15597.2 |    503 | io_out_REG[0]$_DFF_P_/D
     1609 |       4 |     247 |      111 |     20 |   230 |    +1.3% | -284.489 |   -15597.2 |    502 | io_out_REG[0]$_DFF_P_/D
     1610 |       4 |     247 |      111 |     20 |   230 |    +1.3% | -284.489 |   -15597.2 |    502 | io_out_REG[0]$_DFF_P_/D
     1610 |       4 |     247 |      111 |     20 |   230 |    +1.3% | -284.489 |   -15597.2 |    501 | io_out_REG[0]$_DFF_P_/D
     1611 |       4 |     247 |      111 |     20 |   230 |    +1.3% | -284.489 |   -15597.2 |    500 | io_out_REG[0]$_DFF_P_/D
     1612 |       4 |     247 |      111 |     20 |   230 |    +1.3% | -284.489 |   -15597.2 |    499 | io_out_REG[0]$_DFF_P_/D
     1613 |       4 |     247 |      111 |     20 |   230 |    +1.3% | -284.489 |   -15597.2 |    498 | io_out_REG[0]$_DFF_P_/D
     1614 |       4 |     247 |      111 |     20 |   230 |    +1.3% | -284.489 |   -15597.2 |    498 | io_out_REG[0]$_DFF_P_/D
     1615 |       4 |     247 |      111 |     20 |   230 |    +1.3% | -284.489 |   -15597.2 |    497 | io_out_REG[0]$_DFF_P_/D
     1616 |       4 |     247 |      111 |     20 |   230 |    +1.3% | -284.489 |   -15597.2 |    496 | io_out_REG[0]$_DFF_P_/D
     1617 |       4 |     247 |      111 |     20 |   230 |    +1.3% | -284.489 |   -15597.2 |    495 | io_out_REG[0]$_DFF_P_/D
     1618 |       4 |     247 |      111 |     20 |   230 |    +1.3% | -284.489 |   -15597.2 |    494 | io_out_REG[0]$_DFF_P_/D
     1620 |       4 |     248 |      111 |     20 |   230 |    +1.3% | -284.489 |   -15441.1 |    493 | io_out_REG[0]$_DFF_P_/D
     1620 |       4 |     248 |      111 |     20 |   230 |    +1.3% | -284.489 |   -15441.1 |    492 | io_out_REG[0]$_DFF_P_/D
     1621 |       4 |     248 |      111 |     20 |   230 |    +1.3% | -284.489 |   -15441.1 |    491 | io_out_REG[0]$_DFF_P_/D
     1622 |       4 |     248 |      111 |     20 |   230 |    +1.3% | -284.489 |   -15441.1 |    490 | io_out_REG[0]$_DFF_P_/D
     1623 |       4 |     248 |      111 |     20 |   230 |    +1.3% | -284.489 |   -15441.1 |    489 | io_out_REG[0]$_DFF_P_/D
     1624 |       4 |     248 |      111 |     20 |   230 |    +1.3% | -284.489 |   -15441.1 |    488 | io_out_REG[0]$_DFF_P_/D
     1625 |       4 |     248 |      111 |     20 |   230 |    +1.3% | -284.489 |   -15441.1 |    487 | io_out_REG[0]$_DFF_P_/D
     1626 |       4 |     248 |      111 |     20 |   230 |    +1.3% | -284.489 |   -15441.1 |    486 | io_out_REG[0]$_DFF_P_/D
     1627 |       4 |     248 |      111 |     20 |   230 |    +1.3% | -284.489 |   -15441.1 |    485 | io_out_REG[0]$_DFF_P_/D
     1628 |       4 |     248 |      111 |     20 |   230 |    +1.3% | -284.489 |   -15441.1 |    484 | io_out_REG[0]$_DFF_P_/D
     1629 |       4 |     248 |      111 |     20 |   230 |    +1.3% | -284.489 |   -15441.1 |    483 | io_out_REG[0]$_DFF_P_/D
     1630 |       4 |     248 |      111 |     20 |   230 |    +1.3% | -284.489 |   -15441.1 |    483 | io_out_REG[0]$_DFF_P_/D
     1630 |       4 |     248 |      111 |     20 |   230 |    +1.3% | -284.489 |   -15441.1 |    482 | io_out_REG[0]$_DFF_P_/D
     1631 |       4 |     248 |      111 |     20 |   230 |    +1.3% | -284.489 |   -15441.1 |    481 | io_out_REG[0]$_DFF_P_/D
     1632 |       4 |     248 |      111 |     20 |   230 |    +1.3% | -284.489 |   -15441.1 |    480 | io_out_REG[0]$_DFF_P_/D
     1633 |       4 |     248 |      111 |     20 |   230 |    +1.3% | -284.489 |   -15441.1 |    479 | io_out_REG[0]$_DFF_P_/D
     1634 |       4 |     248 |      111 |     20 |   230 |    +1.3% | -284.489 |   -15441.1 |    479 | io_out_REG[0]$_DFF_P_/D
     1635 |       4 |     248 |      111 |     20 |   230 |    +1.3% | -284.489 |   -15441.1 |    478 | io_out_REG[0]$_DFF_P_/D
     1636 |       4 |     248 |      111 |     20 |   230 |    +1.3% | -284.489 |   -15441.1 |    477 | io_out_REG[0]$_DFF_P_/D
     1637 |       4 |     248 |      111 |     20 |   230 |    +1.3% | -284.489 |   -15441.1 |    476 | io_out_REG[0]$_DFF_P_/D
     1638 |       4 |     248 |      111 |     20 |   230 |    +1.3% | -284.489 |   -15441.1 |    475 | io_out_REG[0]$_DFF_P_/D
     1639 |       4 |     248 |      111 |     20 |   230 |    +1.3% | -284.489 |   -15441.1 |    474 | io_out_REG[0]$_DFF_P_/D
     1640 |       4 |     248 |      111 |     20 |   230 |    +1.3% | -284.489 |   -15441.1 |    474 | io_out_REG[0]$_DFF_P_/D
     1640 |       4 |     248 |      111 |     20 |   230 |    +1.3% | -284.489 |   -15441.1 |    473 | io_out_REG[0]$_DFF_P_/D
     1641 |       4 |     248 |      111 |     20 |   230 |    +1.3% | -284.489 |   -15441.1 |    473 | io_out_REG[0]$_DFF_P_/D
     1642 |       4 |     248 |      111 |     20 |   230 |    +1.3% | -284.489 |   -15441.1 |    472 | io_out_REG[0]$_DFF_P_/D
     1643 |       4 |     248 |      111 |     20 |   230 |    +1.3% | -284.489 |   -15441.1 |    471 | io_out_REG[0]$_DFF_P_/D
     1644 |       4 |     248 |      111 |     20 |   230 |    +1.3% | -284.489 |   -15441.1 |    470 | io_out_REG[0]$_DFF_P_/D
     1645 |       4 |     248 |      111 |     20 |   230 |    +1.3% | -284.489 |   -15441.1 |    469 | io_out_REG[0]$_DFF_P_/D
     1646 |       4 |     248 |      111 |     20 |   230 |    +1.3% | -284.489 |   -15441.1 |    468 | io_out_REG[0]$_DFF_P_/D
     1647 |       4 |     248 |      111 |     20 |   230 |    +1.3% | -284.489 |   -15441.1 |    467 | io_out_REG[0]$_DFF_P_/D
     1648 |       4 |     248 |      111 |     20 |   230 |    +1.3% | -284.489 |   -15441.1 |    466 | io_out_REG[0]$_DFF_P_/D
     1649 |       4 |     248 |      111 |     20 |   230 |    +1.3% | -284.489 |   -15441.1 |    465 | io_out_REG[0]$_DFF_P_/D
     1650 |       4 |     248 |      111 |     20 |   230 |    +1.3% | -284.489 |   -15441.1 |    465 | io_out_REG[0]$_DFF_P_/D
     1650 |       4 |     248 |      111 |     20 |   230 |    +1.3% | -284.489 |   -15441.1 |    464 | io_out_REG[0]$_DFF_P_/D
     1652 |       4 |     248 |      111 |     20 |   231 |    +1.3% | -284.489 |   -15439.7 |    462 | io_out_REG[0]$_DFF_P_/D
     1653 |       4 |     248 |      111 |     20 |   231 |    +1.3% | -284.489 |   -15439.7 |    461 | io_out_REG[0]$_DFF_P_/D
     1654 |       4 |     248 |      111 |     20 |   231 |    +1.3% | -284.489 |   -15439.7 |    461 | io_out_REG[0]$_DFF_P_/D
     1655 |       4 |     248 |      111 |     20 |   231 |    +1.3% | -284.489 |   -15439.7 |    460 | io_out_REG[0]$_DFF_P_/D
     1658 |       4 |     248 |      112 |     20 |   232 |    +1.3% | -284.489 |   -15385.6 |    458 | io_out_REG[0]$_DFF_P_/D
     1659 |       4 |     248 |      112 |     20 |   232 |    +1.3% | -284.489 |   -15385.6 |    457 | io_out_REG[0]$_DFF_P_/D
     1660 |       4 |     248 |      112 |     20 |   232 |    +1.3% | -284.489 |   -15385.6 |    457 | io_out_REG[0]$_DFF_P_/D
     1660 |       4 |     248 |      112 |     20 |   232 |    +1.3% | -284.489 |   -15385.6 |    456 | io_out_REG[0]$_DFF_P_/D
     1661 |       4 |     248 |      112 |     20 |   232 |    +1.3% | -284.489 |   -15385.6 |    455 | io_out_REG[0]$_DFF_P_/D
     1662 |       4 |     248 |      112 |     20 |   232 |    +1.3% | -284.489 |   -15385.6 |    454 | io_out_REG[0]$_DFF_P_/D
     1663 |       4 |     248 |      112 |     20 |   232 |    +1.3% | -284.489 |   -15385.6 |    453 | io_out_REG[0]$_DFF_P_/D
     1664 |       4 |     248 |      112 |     20 |   232 |    +1.3% | -284.489 |   -15385.6 |    452 | io_out_REG[0]$_DFF_P_/D
     1665 |       4 |     248 |      112 |     20 |   232 |    +1.3% | -284.489 |   -15385.6 |    451 | io_out_REG[0]$_DFF_P_/D
     1666 |       4 |     248 |      112 |     20 |   232 |    +1.3% | -284.489 |   -15385.6 |    450 | io_out_REG[0]$_DFF_P_/D
     1667 |       4 |     248 |      112 |     20 |   232 |    +1.3% | -284.489 |   -15385.6 |    449 | io_out_REG[0]$_DFF_P_/D
     1668 |       4 |     248 |      112 |     20 |   232 |    +1.3% | -284.489 |   -15385.6 |    448 | io_out_REG[0]$_DFF_P_/D
     1669 |       4 |     248 |      112 |     20 |   232 |    +1.3% | -284.489 |   -15385.6 |    447 | io_out_REG[0]$_DFF_P_/D
     1670 |       4 |     248 |      112 |     20 |   232 |    +1.3% | -284.489 |   -15385.6 |    447 | io_out_REG[0]$_DFF_P_/D
     1670 |       4 |     248 |      112 |     20 |   232 |    +1.3% | -284.489 |   -15385.6 |    446 | io_out_REG[0]$_DFF_P_/D
     1671 |       4 |     248 |      112 |     20 |   232 |    +1.3% | -284.489 |   -15385.6 |    445 | io_out_REG[0]$_DFF_P_/D
     1672 |       4 |     248 |      112 |     20 |   232 |    +1.3% | -284.489 |   -15385.6 |    445 | io_out_REG[0]$_DFF_P_/D
     1673 |       4 |     248 |      112 |     20 |   232 |    +1.3% | -284.489 |   -15385.6 |    444 | io_out_REG[0]$_DFF_P_/D
     1674 |       4 |     248 |      112 |     20 |   232 |    +1.3% | -284.489 |   -15385.6 |    444 | io_out_REG[0]$_DFF_P_/D
     1677 |       4 |     249 |      112 |     21 |   232 |    +1.4% | -284.489 |   -15373.1 |    442 | io_out_REG[0]$_DFF_P_/D
     1678 |       4 |     249 |      112 |     21 |   232 |    +1.4% | -284.489 |   -15373.1 |    441 | io_out_REG[0]$_DFF_P_/D
     1679 |       4 |     249 |      112 |     21 |   232 |    +1.4% | -284.489 |   -15373.1 |    440 | io_out_REG[0]$_DFF_P_/D
     1680 |       4 |     249 |      112 |     21 |   232 |    +1.4% | -284.489 |   -15373.1 |    440 | io_out_REG[0]$_DFF_P_/D
     1680 |       4 |     249 |      112 |     21 |   232 |    +1.4% | -284.489 |   -15373.1 |    439 | io_out_REG[0]$_DFF_P_/D
     1681 |       4 |     249 |      112 |     21 |   232 |    +1.4% | -284.489 |   -15373.1 |    438 | io_out_REG[0]$_DFF_P_/D
     1682 |       4 |     249 |      112 |     21 |   232 |    +1.4% | -284.489 |   -15373.1 |    437 | io_out_REG[0]$_DFF_P_/D
     1683 |       4 |     249 |      112 |     21 |   232 |    +1.4% | -284.489 |   -15373.1 |    437 | io_out_REG[0]$_DFF_P_/D
     1684 |       4 |     249 |      112 |     21 |   232 |    +1.4% | -284.489 |   -15373.1 |    436 | io_out_REG[0]$_DFF_P_/D
     1685 |       4 |     249 |      112 |     21 |   232 |    +1.4% | -284.489 |   -15373.1 |    435 | io_out_REG[0]$_DFF_P_/D
     1686 |       4 |     249 |      112 |     21 |   232 |    +1.4% | -284.489 |   -15373.1 |    434 | io_out_REG[0]$_DFF_P_/D
     1690 |       4 |     251 |      113 |     21 |   232 |    +1.4% | -284.489 |   -14912.9 |    433 | io_out_REG[0]$_DFF_P_/D
     1690 |       4 |     251 |      113 |     21 |   232 |    +1.4% | -284.489 |   -14912.9 |    432 | io_out_REG[0]$_DFF_P_/D
     1691 |       4 |     251 |      113 |     21 |   232 |    +1.4% | -284.489 |   -14912.9 |    431 | io_out_REG[0]$_DFF_P_/D
     1692 |       4 |     251 |      113 |     21 |   232 |    +1.4% | -284.489 |   -14912.9 |    430 | io_out_REG[0]$_DFF_P_/D
     1693 |       4 |     251 |      113 |     21 |   232 |    +1.4% | -284.489 |   -14912.9 |    429 | io_out_REG[0]$_DFF_P_/D
     1694 |       4 |     251 |      113 |     21 |   232 |    +1.4% | -284.489 |   -14912.9 |    428 | io_out_REG[0]$_DFF_P_/D
     1695 |       4 |     251 |      113 |     21 |   232 |    +1.4% | -284.489 |   -14912.9 |    427 | io_out_REG[0]$_DFF_P_/D
     1696 |       4 |     251 |      113 |     21 |   232 |    +1.4% | -284.489 |   -14912.9 |    426 | io_out_REG[0]$_DFF_P_/D
     1697 |       4 |     251 |      113 |     21 |   232 |    +1.4% | -284.489 |   -14912.9 |    425 | io_out_REG[0]$_DFF_P_/D
     1698 |       4 |     251 |      113 |     21 |   232 |    +1.4% | -284.489 |   -14912.9 |    424 | io_out_REG[0]$_DFF_P_/D
     1699 |       4 |     251 |      113 |     21 |   232 |    +1.4% | -284.489 |   -14912.9 |    423 | io_out_REG[0]$_DFF_P_/D
     1700 |       4 |     251 |      113 |     21 |   232 |    +1.4% | -284.489 |   -14912.9 |    423 | io_out_REG[0]$_DFF_P_/D
     1700 |       4 |     251 |      113 |     21 |   232 |    +1.4% | -284.489 |   -14912.9 |    422 | io_out_REG[0]$_DFF_P_/D
     1701 |       4 |     251 |      113 |     21 |   232 |    +1.4% | -284.489 |   -14912.9 |    421 | io_out_REG[0]$_DFF_P_/D
     1702 |       4 |     251 |      113 |     21 |   232 |    +1.4% | -284.489 |   -14912.9 |    421 | io_out_REG[0]$_DFF_P_/D
     1709 |       4 |     251 |      113 |     21 |   232 |    +1.4% | -284.489 |   -14912.9 |    421 | io_out_REG[0]$_DFF_P_/D
     1710 |       4 |     251 |      113 |     21 |   232 |    +1.4% | -284.489 |   -14912.9 |    421 | io_out_REG[0]$_DFF_P_/D
     1710 |       4 |     251 |      113 |     21 |   232 |    +1.4% | -284.489 |   -14912.9 |    420 | io_out_REG[0]$_DFF_P_/D
     1711 |       4 |     251 |      113 |     21 |   232 |    +1.4% | -284.489 |   -14912.9 |    419 | io_out_REG[0]$_DFF_P_/D
     1712 |       4 |     251 |      113 |     21 |   232 |    +1.4% | -284.489 |   -14912.9 |    418 | io_out_REG[0]$_DFF_P_/D
     1713 |       4 |     251 |      113 |     21 |   232 |    +1.4% | -284.489 |   -14912.9 |    417 | io_out_REG[0]$_DFF_P_/D
     1714 |       4 |     251 |      113 |     21 |   232 |    +1.4% | -284.489 |   -14912.9 |    416 | io_out_REG[0]$_DFF_P_/D
     1715 |       4 |     251 |      113 |     21 |   232 |    +1.4% | -284.489 |   -14912.9 |    415 | io_out_REG[0]$_DFF_P_/D
     1716 |       4 |     251 |      113 |     21 |   232 |    +1.4% | -284.489 |   -14912.9 |    414 | io_out_REG[0]$_DFF_P_/D
     1717 |       4 |     251 |      113 |     21 |   232 |    +1.4% | -284.489 |   -14912.9 |    413 | io_out_REG[0]$_DFF_P_/D
     1718 |       4 |     251 |      113 |     21 |   232 |    +1.4% | -284.489 |   -14912.9 |    412 | io_out_REG[0]$_DFF_P_/D
     1719 |       4 |     251 |      113 |     21 |   232 |    +1.4% | -284.489 |   -14912.9 |    411 | io_out_REG[0]$_DFF_P_/D
     1720 |       4 |     251 |      113 |     21 |   232 |    +1.4% | -284.489 |   -14912.9 |    411 | io_out_REG[0]$_DFF_P_/D
     1720 |       4 |     251 |      113 |     21 |   232 |    +1.4% | -284.489 |   -14912.9 |    410 | io_out_REG[0]$_DFF_P_/D
     1721 |       4 |     251 |      113 |     21 |   232 |    +1.4% | -284.489 |   -14912.9 |    409 | io_out_REG[0]$_DFF_P_/D
     1722 |       4 |     251 |      113 |     21 |   232 |    +1.4% | -284.489 |   -14912.9 |    408 | io_out_REG[0]$_DFF_P_/D
     1723 |       4 |     251 |      113 |     21 |   232 |    +1.4% | -284.489 |   -14912.9 |    407 | io_out_REG[0]$_DFF_P_/D
     1724 |       4 |     251 |      113 |     21 |   232 |    +1.4% | -284.489 |   -14912.9 |    406 | io_out_REG[0]$_DFF_P_/D
     1725 |       4 |     251 |      113 |     21 |   232 |    +1.4% | -284.489 |   -14912.9 |    405 | io_out_REG[0]$_DFF_P_/D
     1726 |       4 |     251 |      113 |     21 |   232 |    +1.4% | -284.489 |   -14912.9 |    404 | io_out_REG[0]$_DFF_P_/D
     1727 |       4 |     251 |      113 |     21 |   232 |    +1.4% | -284.489 |   -14912.9 |    403 | io_out_REG[0]$_DFF_P_/D
     1728 |       4 |     251 |      113 |     21 |   232 |    +1.4% | -284.489 |   -14912.9 |    402 | io_out_REG[0]$_DFF_P_/D
     1729 |       4 |     251 |      113 |     21 |   232 |    +1.4% | -284.489 |   -14912.9 |    401 | io_out_REG[0]$_DFF_P_/D
     1730 |       4 |     251 |      113 |     21 |   232 |    +1.4% | -284.489 |   -14912.9 |    401 | io_out_REG[0]$_DFF_P_/D
     1730 |       4 |     251 |      113 |     21 |   232 |    +1.4% | -284.489 |   -14912.9 |    400 | io_out_REG[0]$_DFF_P_/D
     1731 |       4 |     251 |      113 |     21 |   232 |    +1.4% | -284.489 |   -14912.9 |    399 | io_out_REG[0]$_DFF_P_/D
     1732 |       4 |     251 |      113 |     21 |   232 |    +1.4% | -284.489 |   -14912.9 |    398 | io_out_REG[0]$_DFF_P_/D
     1733 |       4 |     251 |      113 |     21 |   232 |    +1.4% | -284.489 |   -14912.9 |    397 | io_out_REG[0]$_DFF_P_/D
     1734 |       4 |     251 |      113 |     21 |   232 |    +1.4% | -284.489 |   -14912.9 |    396 | io_out_REG[0]$_DFF_P_/D
     1735 |       4 |     251 |      113 |     21 |   232 |    +1.4% | -284.489 |   -14912.9 |    395 | io_out_REG[0]$_DFF_P_/D
     1736 |       4 |     251 |      113 |     21 |   232 |    +1.4% | -284.489 |   -14912.9 |    394 | io_out_REG[0]$_DFF_P_/D
     1737 |       4 |     251 |      113 |     21 |   232 |    +1.4% | -284.489 |   -14912.9 |    393 | io_out_REG[0]$_DFF_P_/D
     1738 |       4 |     251 |      113 |     21 |   232 |    +1.4% | -284.489 |   -14912.9 |    392 | io_out_REG[0]$_DFF_P_/D
     1739 |       4 |     251 |      113 |     21 |   232 |    +1.4% | -284.489 |   -14912.9 |    391 | io_out_REG[0]$_DFF_P_/D
     1740 |       4 |     251 |      113 |     21 |   232 |    +1.4% | -284.489 |   -14912.9 |    391 | io_out_REG[0]$_DFF_P_/D
     1740 |       4 |     251 |      113 |     21 |   232 |    +1.4% | -284.489 |   -14912.9 |    390 | io_out_REG[0]$_DFF_P_/D
     1741 |       4 |     251 |      113 |     21 |   232 |    +1.4% | -284.489 |   -14912.9 |    389 | io_out_REG[0]$_DFF_P_/D
     1742 |       4 |     251 |      113 |     21 |   232 |    +1.4% | -284.489 |   -14912.9 |    388 | io_out_REG[0]$_DFF_P_/D
     1743 |       4 |     251 |      113 |     21 |   232 |    +1.4% | -284.489 |   -14912.9 |    387 | io_out_REG[0]$_DFF_P_/D
     1744 |       4 |     251 |      113 |     21 |   232 |    +1.4% | -284.489 |   -14912.9 |    386 | io_out_REG[0]$_DFF_P_/D
     1745 |       4 |     251 |      113 |     21 |   232 |    +1.4% | -284.489 |   -14912.9 |    385 | io_out_REG[0]$_DFF_P_/D
     1746 |       4 |     251 |      113 |     21 |   232 |    +1.4% | -284.489 |   -14912.9 |    384 | io_out_REG[0]$_DFF_P_/D
     1747 |       4 |     251 |      113 |     21 |   232 |    +1.4% | -284.489 |   -14912.9 |    383 | io_out_REG[0]$_DFF_P_/D
     1748 |       4 |     251 |      113 |     21 |   232 |    +1.4% | -284.489 |   -14912.9 |    382 | io_out_REG[0]$_DFF_P_/D
     1749 |       4 |     251 |      113 |     21 |   232 |    +1.4% | -284.489 |   -14912.9 |    381 | io_out_REG[0]$_DFF_P_/D
     1750 |       4 |     251 |      113 |     21 |   232 |    +1.4% | -284.489 |   -14912.9 |    381 | io_out_REG[0]$_DFF_P_/D
     1750 |       4 |     251 |      113 |     21 |   232 |    +1.4% | -284.489 |   -14912.9 |    380 | io_out_REG[0]$_DFF_P_/D
     1751 |       4 |     251 |      113 |     21 |   232 |    +1.4% | -284.489 |   -14912.9 |    379 | io_out_REG[0]$_DFF_P_/D
     1759 |       4 |     256 |      113 |     21 |   234 |    +1.4% | -284.489 |   -14701.7 |    377 | io_out_REG[0]$_DFF_P_/D
     1760 |       4 |     256 |      113 |     21 |   234 |    +1.4% | -284.489 |   -14701.7 |    377 | io_out_REG[0]$_DFF_P_/D
     1760 |       4 |     256 |      113 |     21 |   234 |    +1.4% | -284.489 |   -14701.7 |    376 | io_out_REG[0]$_DFF_P_/D
     1761 |       4 |     256 |      113 |     21 |   234 |    +1.4% | -284.489 |   -14701.7 |    375 | io_out_REG[0]$_DFF_P_/D
     1762 |       4 |     256 |      113 |     21 |   234 |    +1.4% | -284.489 |   -14701.7 |    374 | io_out_REG[0]$_DFF_P_/D
     1763 |       4 |     256 |      113 |     21 |   234 |    +1.4% | -284.489 |   -14701.7 |    373 | io_out_REG[0]$_DFF_P_/D
     1764 |       4 |     256 |      113 |     21 |   234 |    +1.4% | -284.489 |   -14701.7 |    372 | io_out_REG[0]$_DFF_P_/D
     1765 |       4 |     256 |      113 |     21 |   234 |    +1.4% | -284.489 |   -14701.7 |    371 | io_out_REG[0]$_DFF_P_/D
     1766 |       4 |     256 |      113 |     21 |   234 |    +1.4% | -284.489 |   -14701.7 |    370 | io_out_REG[0]$_DFF_P_/D
     1767 |       4 |     256 |      113 |     21 |   234 |    +1.4% | -284.489 |   -14701.7 |    369 | io_out_REG[0]$_DFF_P_/D
     1768 |       4 |     256 |      113 |     21 |   234 |    +1.4% | -284.489 |   -14701.7 |    368 | io_out_REG[0]$_DFF_P_/D
     1769 |       4 |     256 |      113 |     21 |   234 |    +1.4% | -284.489 |   -14701.7 |    367 | io_out_REG[0]$_DFF_P_/D
     1770 |       4 |     256 |      113 |     21 |   234 |    +1.4% | -284.489 |   -14701.7 |    367 | io_out_REG[0]$_DFF_P_/D
     1770 |       4 |     256 |      113 |     21 |   234 |    +1.4% | -284.489 |   -14701.7 |    366 | io_out_REG[0]$_DFF_P_/D
     1771 |       4 |     256 |      113 |     21 |   234 |    +1.4% | -284.489 |   -14701.7 |    365 | io_out_REG[0]$_DFF_P_/D
     1772 |       4 |     256 |      113 |     21 |   234 |    +1.4% | -284.489 |   -14701.7 |    364 | io_out_REG[0]$_DFF_P_/D
     1773 |       4 |     256 |      113 |     21 |   234 |    +1.4% | -284.489 |   -14701.7 |    363 | io_out_REG[0]$_DFF_P_/D
     1774 |       4 |     256 |      113 |     21 |   234 |    +1.4% | -284.489 |   -14701.7 |    362 | io_out_REG[0]$_DFF_P_/D
     1775 |       4 |     256 |      113 |     21 |   234 |    +1.4% | -284.489 |   -14701.7 |    361 | io_out_REG[0]$_DFF_P_/D
     1776 |       4 |     256 |      113 |     21 |   234 |    +1.4% | -284.489 |   -14701.7 |    361 | io_out_REG[0]$_DFF_P_/D
     1777 |       4 |     256 |      113 |     21 |   234 |    +1.4% | -284.489 |   -14701.7 |    360 | io_out_REG[0]$_DFF_P_/D
     1778 |       4 |     256 |      113 |     21 |   234 |    +1.4% | -284.489 |   -14701.7 |    359 | io_out_REG[0]$_DFF_P_/D
     1779 |       4 |     256 |      113 |     21 |   234 |    +1.4% | -284.489 |   -14701.7 |    358 | io_out_REG[0]$_DFF_P_/D
     1780 |       4 |     256 |      113 |     21 |   234 |    +1.4% | -284.489 |   -14701.7 |    358 | io_out_REG[0]$_DFF_P_/D
     1780 |       4 |     256 |      113 |     21 |   234 |    +1.4% | -284.489 |   -14701.7 |    357 | io_out_REG[0]$_DFF_P_/D
     1781 |       4 |     256 |      113 |     21 |   234 |    +1.4% | -284.489 |   -14701.7 |    356 | io_out_REG[0]$_DFF_P_/D
     1782 |       4 |     256 |      113 |     21 |   234 |    +1.4% | -284.489 |   -14701.7 |    355 | io_out_REG[0]$_DFF_P_/D
     1783 |       4 |     256 |      113 |     21 |   234 |    +1.4% | -284.489 |   -14701.7 |    354 | io_out_REG[0]$_DFF_P_/D
     1784 |       4 |     256 |      113 |     21 |   234 |    +1.4% | -284.489 |   -14701.7 |    353 | io_out_REG[0]$_DFF_P_/D
     1785 |       4 |     256 |      113 |     21 |   234 |    +1.4% | -284.489 |   -14701.7 |    352 | io_out_REG[0]$_DFF_P_/D
     1786 |       4 |     256 |      113 |     21 |   234 |    +1.4% | -284.489 |   -14701.7 |    351 | io_out_REG[0]$_DFF_P_/D
     1787 |       4 |     256 |      113 |     21 |   234 |    +1.4% | -284.489 |   -14701.7 |    350 | io_out_REG[0]$_DFF_P_/D
     1788 |       4 |     256 |      113 |     21 |   234 |    +1.4% | -284.489 |   -14701.7 |    349 | io_out_REG[0]$_DFF_P_/D
     1789 |       4 |     256 |      113 |     21 |   234 |    +1.4% | -284.489 |   -14701.7 |    349 | io_out_REG[0]$_DFF_P_/D
     1790 |       4 |     256 |      113 |     21 |   234 |    +1.4% | -284.489 |   -14701.7 |    349 | io_out_REG[0]$_DFF_P_/D
     1790 |       4 |     256 |      113 |     21 |   234 |    +1.4% | -284.489 |   -14701.7 |    348 | io_out_REG[0]$_DFF_P_/D
     1791 |       4 |     256 |      113 |     21 |   234 |    +1.4% | -284.489 |   -14701.7 |    347 | io_out_REG[0]$_DFF_P_/D
     1792 |       4 |     256 |      113 |     21 |   234 |    +1.4% | -284.489 |   -14701.7 |    346 | io_out_REG[0]$_DFF_P_/D
     1793 |       4 |     256 |      113 |     21 |   234 |    +1.4% | -284.489 |   -14701.7 |    345 | io_out_REG[0]$_DFF_P_/D
     1794 |       4 |     256 |      113 |     21 |   234 |    +1.4% | -284.489 |   -14701.7 |    344 | io_out_REG[0]$_DFF_P_/D
     1795 |       4 |     256 |      113 |     21 |   234 |    +1.4% | -284.489 |   -14701.7 |    343 | io_out_REG[0]$_DFF_P_/D
     1796 |       4 |     256 |      113 |     21 |   234 |    +1.4% | -284.489 |   -14701.7 |    342 | io_out_REG[0]$_DFF_P_/D
     1797 |       4 |     256 |      113 |     21 |   234 |    +1.4% | -284.489 |   -14701.7 |    341 | io_out_REG[0]$_DFF_P_/D
     1798 |       4 |     256 |      113 |     21 |   234 |    +1.4% | -284.489 |   -14701.7 |    340 | io_out_REG[0]$_DFF_P_/D
     1799 |       4 |     256 |      113 |     21 |   234 |    +1.4% | -284.489 |   -14701.7 |    339 | io_out_REG[0]$_DFF_P_/D
     1800 |       4 |     256 |      113 |     21 |   234 |    +1.4% | -284.489 |   -14701.7 |    339 | io_out_REG[0]$_DFF_P_/D
     1800 |       4 |     256 |      113 |     21 |   234 |    +1.4% | -284.489 |   -14701.7 |    338 | io_out_REG[0]$_DFF_P_/D
     1801 |       4 |     256 |      113 |     21 |   234 |    +1.4% | -284.489 |   -14701.7 |    337 | io_out_REG[0]$_DFF_P_/D
     1802 |       4 |     256 |      113 |     21 |   234 |    +1.4% | -284.489 |   -14701.7 |    336 | io_out_REG[0]$_DFF_P_/D
     1803 |       4 |     256 |      113 |     21 |   234 |    +1.4% | -284.489 |   -14701.7 |    335 | io_out_REG[0]$_DFF_P_/D
     1804 |       4 |     256 |      113 |     21 |   234 |    +1.4% | -284.489 |   -14701.7 |    334 | io_out_REG[0]$_DFF_P_/D
     1805 |       4 |     256 |      113 |     21 |   234 |    +1.4% | -284.489 |   -14701.7 |    333 | io_out_REG[0]$_DFF_P_/D
     1806 |       4 |     256 |      113 |     21 |   234 |    +1.4% | -284.489 |   -14701.7 |    332 | io_out_REG[0]$_DFF_P_/D
     1807 |       4 |     256 |      113 |     21 |   234 |    +1.4% | -284.489 |   -14701.7 |    331 | io_out_REG[0]$_DFF_P_/D
     1808 |       4 |     256 |      113 |     21 |   234 |    +1.4% | -284.489 |   -14701.7 |    330 | io_out_REG[0]$_DFF_P_/D
     1810 |       4 |     257 |      113 |     21 |   234 |    +1.4% | -284.489 |   -14698.9 |    329 | io_out_REG[0]$_DFF_P_/D
     1810 |       4 |     257 |      113 |     21 |   234 |    +1.4% | -284.489 |   -14698.9 |    328 | io_out_REG[0]$_DFF_P_/D
     1811 |       4 |     257 |      113 |     21 |   234 |    +1.4% | -284.489 |   -14698.9 |    327 | io_out_REG[0]$_DFF_P_/D
     1812 |       4 |     257 |      113 |     21 |   234 |    +1.4% | -284.489 |   -14698.9 |    326 | io_out_REG[0]$_DFF_P_/D
     1813 |       4 |     257 |      113 |     21 |   234 |    +1.4% | -284.489 |   -14698.9 |    325 | io_out_REG[0]$_DFF_P_/D
     1814 |       4 |     257 |      113 |     21 |   234 |    +1.4% | -284.489 |   -14698.9 |    324 | io_out_REG[0]$_DFF_P_/D
     1815 |       4 |     257 |      113 |     21 |   234 |    +1.4% | -284.489 |   -14698.9 |    323 | io_out_REG[0]$_DFF_P_/D
     1816 |       4 |     257 |      113 |     21 |   234 |    +1.4% | -284.489 |   -14698.9 |    322 | io_out_REG[0]$_DFF_P_/D
     1817 |       4 |     257 |      113 |     21 |   234 |    +1.4% | -284.489 |   -14698.9 |    321 | io_out_REG[0]$_DFF_P_/D
     1818 |       4 |     257 |      113 |     21 |   234 |    +1.4% | -284.489 |   -14698.9 |    320 | io_out_REG[0]$_DFF_P_/D
     1819 |       4 |     257 |      113 |     21 |   234 |    +1.4% | -284.489 |   -14698.9 |    319 | io_out_REG[0]$_DFF_P_/D
     1820 |       4 |     257 |      113 |     21 |   234 |    +1.4% | -284.489 |   -14698.9 |    319 | io_out_REG[0]$_DFF_P_/D
     1820 |       4 |     257 |      113 |     21 |   234 |    +1.4% | -284.489 |   -14698.9 |    318 | io_out_REG[0]$_DFF_P_/D
     1821 |       4 |     257 |      113 |     21 |   234 |    +1.4% | -284.489 |   -14698.9 |    317 | io_out_REG[0]$_DFF_P_/D
     1822 |       4 |     257 |      113 |     21 |   234 |    +1.4% | -284.489 |   -14698.9 |    316 | io_out_REG[0]$_DFF_P_/D
     1823 |       4 |     257 |      113 |     21 |   234 |    +1.4% | -284.489 |   -14698.9 |    315 | io_out_REG[0]$_DFF_P_/D
     1824 |       4 |     257 |      113 |     21 |   234 |    +1.4% | -284.489 |   -14698.9 |    314 | io_out_REG[0]$_DFF_P_/D
     1825 |       4 |     257 |      113 |     21 |   234 |    +1.4% | -284.489 |   -14698.9 |    313 | io_out_REG[0]$_DFF_P_/D
     1826 |       4 |     257 |      113 |     21 |   234 |    +1.4% | -284.489 |   -14698.9 |    312 | io_out_REG[0]$_DFF_P_/D
     1827 |       4 |     257 |      113 |     21 |   234 |    +1.4% | -284.489 |   -14698.9 |    311 | io_out_REG[0]$_DFF_P_/D
     1828 |       4 |     257 |      113 |     21 |   234 |    +1.4% | -284.489 |   -14698.9 |    310 | io_out_REG[0]$_DFF_P_/D
     1829 |       4 |     257 |      113 |     21 |   234 |    +1.4% | -284.489 |   -14698.9 |    309 | io_out_REG[0]$_DFF_P_/D
     1830 |       4 |     257 |      113 |     21 |   234 |    +1.4% | -284.489 |   -14698.9 |    309 | io_out_REG[0]$_DFF_P_/D
     1830 |       4 |     257 |      113 |     21 |   234 |    +1.4% | -284.489 |   -14698.9 |    308 | io_out_REG[0]$_DFF_P_/D
     1831 |       4 |     257 |      113 |     21 |   234 |    +1.4% | -284.489 |   -14698.9 |    307 | io_out_REG[0]$_DFF_P_/D
     1832 |       4 |     257 |      113 |     21 |   234 |    +1.4% | -284.489 |   -14698.9 |    306 | io_out_REG[0]$_DFF_P_/D
     1833 |       4 |     257 |      113 |     21 |   234 |    +1.4% | -284.489 |   -14698.9 |    305 | io_out_REG[0]$_DFF_P_/D
     1834 |       4 |     257 |      113 |     21 |   234 |    +1.4% | -284.489 |   -14698.9 |    304 | io_out_REG[0]$_DFF_P_/D
     1835 |       4 |     257 |      113 |     21 |   234 |    +1.4% | -284.489 |   -14698.9 |    303 | io_out_REG[0]$_DFF_P_/D
     1836 |       4 |     257 |      113 |     21 |   234 |    +1.4% | -284.489 |   -14698.9 |    302 | io_out_REG[0]$_DFF_P_/D
     1838 |       4 |     257 |      113 |     22 |   234 |    +1.4% | -284.489 |   -14702.5 |    300 | io_out_REG[0]$_DFF_P_/D
     1839 |       4 |     257 |      113 |     22 |   234 |    +1.4% | -284.489 |   -14702.5 |    299 | io_out_REG[0]$_DFF_P_/D
     1840 |       4 |     257 |      113 |     22 |   234 |    +1.4% | -284.489 |   -14702.5 |    299 | io_out_REG[0]$_DFF_P_/D
     1840 |       4 |     257 |      113 |     22 |   234 |    +1.4% | -284.489 |   -14702.5 |    298 | io_out_REG[0]$_DFF_P_/D
     1841 |       4 |     257 |      113 |     22 |   234 |    +1.4% | -284.489 |   -14702.5 |    297 | io_out_REG[0]$_DFF_P_/D
     1842 |       4 |     257 |      113 |     22 |   234 |    +1.4% | -284.489 |   -14702.5 |    296 | io_out_REG[0]$_DFF_P_/D
     1843 |       4 |     257 |      113 |     22 |   234 |    +1.4% | -284.489 |   -14702.5 |    295 | io_out_REG[0]$_DFF_P_/D
     1844 |       4 |     257 |      113 |     22 |   234 |    +1.4% | -284.489 |   -14702.5 |    294 | io_out_REG[0]$_DFF_P_/D
     1845 |       4 |     257 |      113 |     22 |   234 |    +1.4% | -284.489 |   -14702.5 |    293 | io_out_REG[0]$_DFF_P_/D
     1846 |       4 |     257 |      113 |     22 |   234 |    +1.4% | -284.489 |   -14702.5 |    292 | io_out_REG[0]$_DFF_P_/D
     1847 |       4 |     257 |      113 |     22 |   234 |    +1.4% | -284.489 |   -14702.5 |    291 | io_out_REG[0]$_DFF_P_/D
     1848 |       4 |     257 |      113 |     22 |   234 |    +1.4% | -284.489 |   -14702.5 |    290 | io_out_REG[0]$_DFF_P_/D
     1849 |       4 |     257 |      113 |     22 |   234 |    +1.4% | -284.489 |   -14702.5 |    289 | io_out_REG[0]$_DFF_P_/D
     1850 |       4 |     257 |      113 |     22 |   234 |    +1.4% | -284.489 |   -14702.5 |    289 | io_out_REG[0]$_DFF_P_/D
     1850 |       4 |     257 |      113 |     22 |   234 |    +1.4% | -284.489 |   -14702.5 |    288 | io_out_REG[0]$_DFF_P_/D
     1851 |       4 |     257 |      113 |     22 |   234 |    +1.4% | -284.489 |   -14702.5 |    287 | io_out_REG[0]$_DFF_P_/D
     1852 |       4 |     257 |      113 |     22 |   234 |    +1.4% | -284.489 |   -14702.5 |    286 | io_out_REG[0]$_DFF_P_/D
     1853 |       4 |     257 |      113 |     22 |   234 |    +1.4% | -284.489 |   -14702.5 |    285 | io_out_REG[0]$_DFF_P_/D
     1854 |       4 |     257 |      113 |     22 |   234 |    +1.4% | -284.489 |   -14702.5 |    284 | io_out_REG[0]$_DFF_P_/D
     1855 |       4 |     257 |      113 |     22 |   234 |    +1.4% | -284.489 |   -14702.5 |    283 | io_out_REG[0]$_DFF_P_/D
     1856 |       4 |     257 |      113 |     22 |   234 |    +1.4% | -284.489 |   -14702.5 |    282 | io_out_REG[0]$_DFF_P_/D
     1857 |       4 |     257 |      113 |     22 |   234 |    +1.4% | -284.489 |   -14702.5 |    281 | io_out_REG[0]$_DFF_P_/D
     1858 |       4 |     257 |      113 |     22 |   234 |    +1.4% | -284.489 |   -14702.5 |    280 | io_out_REG[0]$_DFF_P_/D
     1859 |       4 |     257 |      113 |     22 |   234 |    +1.4% | -284.489 |   -14702.5 |    279 | io_out_REG[0]$_DFF_P_/D
     1860 |       4 |     257 |      113 |     22 |   234 |    +1.4% | -284.489 |   -14702.5 |    279 | io_out_REG[0]$_DFF_P_/D
     1860 |       4 |     257 |      113 |     22 |   234 |    +1.4% | -284.489 |   -14702.5 |    278 | io_out_REG[0]$_DFF_P_/D
     1863 |       4 |     259 |      113 |     22 |   234 |    +1.4% | -284.489 |   -14700.8 |    276 | io_out_REG[0]$_DFF_P_/D
     1864 |       4 |     259 |      113 |     22 |   234 |    +1.4% | -284.489 |   -14700.8 |    275 | io_out_REG[0]$_DFF_P_/D
     1865 |       4 |     259 |      113 |     22 |   234 |    +1.4% | -284.489 |   -14700.8 |    274 | io_out_REG[0]$_DFF_P_/D
     1866 |       4 |     259 |      113 |     22 |   234 |    +1.4% | -284.489 |   -14700.8 |    273 | io_out_REG[0]$_DFF_P_/D
     1867 |       4 |     259 |      113 |     22 |   234 |    +1.4% | -284.489 |   -14700.8 |    272 | io_out_REG[0]$_DFF_P_/D
     1868 |       4 |     259 |      113 |     22 |   234 |    +1.4% | -284.489 |   -14700.8 |    271 | io_out_REG[0]$_DFF_P_/D
     1869 |       4 |     259 |      113 |     22 |   234 |    +1.4% | -284.489 |   -14700.8 |    270 | io_out_REG[0]$_DFF_P_/D
     1870 |       4 |     259 |      113 |     22 |   234 |    +1.4% | -284.489 |   -14700.8 |    270 | io_out_REG[0]$_DFF_P_/D
     1870 |       4 |     259 |      113 |     22 |   234 |    +1.4% | -284.489 |   -14700.8 |    269 | io_out_REG[0]$_DFF_P_/D
     1871 |       4 |     259 |      113 |     22 |   234 |    +1.4% | -284.489 |   -14700.8 |    268 | io_out_REG[0]$_DFF_P_/D
     1872 |       4 |     259 |      113 |     22 |   234 |    +1.4% | -284.489 |   -14700.8 |    267 | io_out_REG[0]$_DFF_P_/D
     1873 |       4 |     259 |      113 |     22 |   234 |    +1.4% | -284.489 |   -14700.8 |    266 | io_out_REG[0]$_DFF_P_/D
     1874 |       4 |     259 |      113 |     22 |   234 |    +1.4% | -284.489 |   -14700.8 |    265 | io_out_REG[0]$_DFF_P_/D
     1875 |       4 |     259 |      113 |     22 |   234 |    +1.4% | -284.489 |   -14700.8 |    264 | io_out_REG[0]$_DFF_P_/D
     1876 |       4 |     259 |      113 |     22 |   234 |    +1.4% | -284.489 |   -14700.8 |    263 | io_out_REG[0]$_DFF_P_/D
     1877 |       4 |     259 |      113 |     22 |   234 |    +1.4% | -284.489 |   -14700.8 |    262 | io_out_REG[0]$_DFF_P_/D
     1878 |       4 |     259 |      113 |     22 |   234 |    +1.4% | -284.489 |   -14700.8 |    261 | io_out_REG[0]$_DFF_P_/D
     1879 |       4 |     259 |      113 |     22 |   234 |    +1.4% | -284.489 |   -14700.8 |    260 | io_out_REG[0]$_DFF_P_/D
     1880 |       4 |     259 |      113 |     22 |   234 |    +1.4% | -284.489 |   -14700.8 |    260 | io_out_REG[0]$_DFF_P_/D
     1880 |       4 |     259 |      113 |     22 |   234 |    +1.4% | -284.489 |   -14700.8 |    259 | io_out_REG[0]$_DFF_P_/D
     1881 |       4 |     259 |      113 |     22 |   234 |    +1.4% | -284.489 |   -14700.8 |    258 | io_out_REG[0]$_DFF_P_/D
     1882 |       4 |     259 |      113 |     22 |   234 |    +1.4% | -284.489 |   -14700.8 |    257 | io_out_REG[0]$_DFF_P_/D
     1883 |       4 |     259 |      113 |     22 |   234 |    +1.4% | -284.489 |   -14700.8 |    256 | io_out_REG[0]$_DFF_P_/D
     1884 |       4 |     259 |      113 |     22 |   234 |    +1.4% | -284.489 |   -14700.8 |    255 | io_out_REG[0]$_DFF_P_/D
     1885 |       4 |     259 |      113 |     22 |   234 |    +1.4% | -284.489 |   -14700.8 |    254 | io_out_REG[0]$_DFF_P_/D
     1886 |       4 |     259 |      113 |     22 |   234 |    +1.4% | -284.489 |   -14700.8 |    253 | io_out_REG[0]$_DFF_P_/D
     1887 |       4 |     259 |      113 |     22 |   234 |    +1.4% | -284.489 |   -14700.8 |    252 | io_out_REG[0]$_DFF_P_/D
     1888 |       4 |     259 |      113 |     22 |   234 |    +1.4% | -284.489 |   -14700.8 |    251 | io_out_REG[0]$_DFF_P_/D
     1889 |       4 |     259 |      113 |     22 |   234 |    +1.4% | -284.489 |   -14700.8 |    250 | io_out_REG[0]$_DFF_P_/D
     1890 |       4 |     259 |      113 |     22 |   234 |    +1.4% | -284.489 |   -14700.8 |    250 | io_out_REG[0]$_DFF_P_/D
     1890 |       4 |     259 |      113 |     22 |   234 |    +1.4% | -284.489 |   -14700.8 |    249 | io_out_REG[0]$_DFF_P_/D
     1891 |       4 |     259 |      113 |     22 |   234 |    +1.4% | -284.489 |   -14700.8 |    248 | io_out_REG[0]$_DFF_P_/D
     1892 |       4 |     259 |      113 |     22 |   234 |    +1.4% | -284.489 |   -14700.8 |    247 | io_out_REG[0]$_DFF_P_/D
     1893 |       4 |     259 |      113 |     22 |   234 |    +1.4% | -284.489 |   -14700.8 |    246 | io_out_REG[0]$_DFF_P_/D
     1894 |       4 |     259 |      113 |     22 |   234 |    +1.4% | -284.489 |   -14700.8 |    245 | io_out_REG[0]$_DFF_P_/D
     1895 |       4 |     259 |      113 |     22 |   234 |    +1.4% | -284.489 |   -14700.8 |    244 | io_out_REG[0]$_DFF_P_/D
     1896 |       4 |     259 |      113 |     22 |   234 |    +1.4% | -284.489 |   -14700.8 |    243 | io_out_REG[0]$_DFF_P_/D
     1897 |       4 |     259 |      113 |     22 |   234 |    +1.4% | -284.489 |   -14700.8 |    242 | io_out_REG[0]$_DFF_P_/D
     1898 |       4 |     259 |      113 |     22 |   234 |    +1.4% | -284.489 |   -14700.8 |    241 | io_out_REG[0]$_DFF_P_/D
     1899 |       4 |     259 |      113 |     22 |   234 |    +1.4% | -284.489 |   -14700.8 |    240 | io_out_REG[0]$_DFF_P_/D
     1900 |       4 |     259 |      113 |     22 |   234 |    +1.4% | -284.489 |   -14700.8 |    240 | io_out_REG[0]$_DFF_P_/D
     1900 |       4 |     259 |      113 |     22 |   234 |    +1.4% | -284.489 |   -14700.8 |    240 | io_out_REG[0]$_DFF_P_/D
     1901 |       4 |     259 |      113 |     22 |   234 |    +1.4% | -284.489 |   -14700.8 |    239 | io_out_REG[0]$_DFF_P_/D
     1902 |       4 |     259 |      113 |     22 |   234 |    +1.4% | -284.489 |   -14700.8 |    239 | io_out_REG[0]$_DFF_P_/D
     1903 |       4 |     259 |      113 |     22 |   234 |    +1.4% | -284.489 |   -14700.8 |    238 | io_out_REG[0]$_DFF_P_/D
     1904 |       4 |     259 |      113 |     22 |   234 |    +1.4% | -284.489 |   -14700.8 |    237 | io_out_REG[0]$_DFF_P_/D
     1905 |       4 |     259 |      113 |     22 |   234 |    +1.4% | -284.489 |   -14700.8 |    236 | io_out_REG[0]$_DFF_P_/D
     1906 |       4 |     259 |      113 |     22 |   234 |    +1.4% | -284.489 |   -14700.8 |    235 | io_out_REG[0]$_DFF_P_/D
     1907 |       4 |     259 |      113 |     22 |   234 |    +1.4% | -284.489 |   -14700.8 |    234 | io_out_REG[0]$_DFF_P_/D
     1908 |       4 |     259 |      113 |     22 |   234 |    +1.4% | -284.489 |   -14700.8 |    233 | io_out_REG[0]$_DFF_P_/D
     1909 |       4 |     259 |      113 |     22 |   234 |    +1.4% | -284.489 |   -14700.8 |    232 | io_out_REG[0]$_DFF_P_/D
     1910 |       4 |     259 |      113 |     22 |   234 |    +1.4% | -284.489 |   -14700.8 |    232 | io_out_REG[0]$_DFF_P_/D
     1910 |       4 |     259 |      113 |     22 |   234 |    +1.4% | -284.489 |   -14700.8 |    231 | io_out_REG[0]$_DFF_P_/D
     1911 |       4 |     259 |      113 |     22 |   234 |    +1.4% | -284.489 |   -14700.8 |    230 | io_out_REG[0]$_DFF_P_/D
     1912 |       4 |     259 |      113 |     22 |   234 |    +1.4% | -284.489 |   -14700.8 |    229 | io_out_REG[0]$_DFF_P_/D
     1913 |       4 |     259 |      113 |     22 |   234 |    +1.4% | -284.489 |   -14700.8 |    228 | io_out_REG[0]$_DFF_P_/D
     1914 |       4 |     259 |      113 |     22 |   234 |    +1.4% | -284.489 |   -14700.8 |    227 | io_out_REG[0]$_DFF_P_/D
     1915 |       4 |     259 |      113 |     22 |   234 |    +1.4% | -284.489 |   -14700.8 |    226 | io_out_REG[0]$_DFF_P_/D
     1916 |       4 |     259 |      113 |     22 |   234 |    +1.4% | -284.489 |   -14700.8 |    225 | io_out_REG[0]$_DFF_P_/D
     1917 |       4 |     259 |      113 |     22 |   234 |    +1.4% | -284.489 |   -14700.8 |    224 | io_out_REG[0]$_DFF_P_/D
     1918 |       4 |     259 |      113 |     22 |   234 |    +1.4% | -284.489 |   -14700.8 |    223 | io_out_REG[0]$_DFF_P_/D
     1919 |       4 |     259 |      113 |     22 |   234 |    +1.4% | -284.489 |   -14700.8 |    222 | io_out_REG[0]$_DFF_P_/D
     1920 |       4 |     259 |      113 |     22 |   234 |    +1.4% | -284.489 |   -14700.8 |    222 | io_out_REG[0]$_DFF_P_/D
     1920 |       4 |     259 |      113 |     22 |   234 |    +1.4% | -284.489 |   -14700.8 |    221 | io_out_REG[0]$_DFF_P_/D
     1921 |       4 |     259 |      113 |     22 |   234 |    +1.4% | -284.489 |   -14700.8 |    220 | io_out_REG[0]$_DFF_P_/D
     1922 |       4 |     259 |      113 |     22 |   234 |    +1.4% | -284.489 |   -14700.8 |    219 | io_out_REG[0]$_DFF_P_/D
     1923 |       4 |     259 |      113 |     22 |   234 |    +1.4% | -284.489 |   -14700.8 |    218 | io_out_REG[0]$_DFF_P_/D
     1924 |       4 |     259 |      113 |     22 |   234 |    +1.4% | -284.489 |   -14700.8 |    217 | io_out_REG[0]$_DFF_P_/D
     1925 |       4 |     259 |      113 |     22 |   234 |    +1.4% | -284.489 |   -14700.8 |    216 | io_out_REG[0]$_DFF_P_/D
     1926 |       4 |     259 |      113 |     22 |   234 |    +1.4% | -284.489 |   -14700.8 |    215 | io_out_REG[0]$_DFF_P_/D
     1927 |       4 |     259 |      113 |     22 |   234 |    +1.4% | -284.489 |   -14700.8 |    214 | io_out_REG[0]$_DFF_P_/D
     1928 |       4 |     259 |      113 |     22 |   234 |    +1.4% | -284.489 |   -14700.8 |    213 | io_out_REG[0]$_DFF_P_/D
     1929 |       4 |     259 |      113 |     22 |   234 |    +1.4% | -284.489 |   -14700.8 |    212 | io_out_REG[0]$_DFF_P_/D
     1930 |       4 |     259 |      113 |     22 |   234 |    +1.4% | -284.489 |   -14700.8 |    212 | io_out_REG[0]$_DFF_P_/D
     1930 |       4 |     259 |      113 |     22 |   234 |    +1.4% | -284.489 |   -14700.8 |    211 | io_out_REG[0]$_DFF_P_/D
     1931 |       4 |     259 |      113 |     22 |   234 |    +1.4% | -284.489 |   -14700.8 |    210 | io_out_REG[0]$_DFF_P_/D
     1932 |       4 |     259 |      113 |     22 |   234 |    +1.4% | -284.489 |   -14700.8 |    209 | io_out_REG[0]$_DFF_P_/D
     1933 |       4 |     259 |      113 |     22 |   234 |    +1.4% | -284.489 |   -14700.8 |    208 | io_out_REG[0]$_DFF_P_/D
     1934 |       4 |     259 |      113 |     22 |   234 |    +1.4% | -284.489 |   -14700.8 |    207 | io_out_REG[0]$_DFF_P_/D
     1935 |       4 |     259 |      113 |     22 |   234 |    +1.4% | -284.489 |   -14700.8 |    206 | io_out_REG[0]$_DFF_P_/D
     1936 |       4 |     259 |      113 |     22 |   234 |    +1.4% | -284.489 |   -14700.8 |    205 | io_out_REG[0]$_DFF_P_/D
     1937 |       4 |     259 |      113 |     22 |   234 |    +1.4% | -284.489 |   -14700.8 |    204 | io_out_REG[0]$_DFF_P_/D
     1938 |       4 |     259 |      113 |     22 |   234 |    +1.4% | -284.489 |   -14700.8 |    203 | io_out_REG[0]$_DFF_P_/D
     1939 |       4 |     259 |      113 |     22 |   234 |    +1.4% | -284.489 |   -14700.8 |    202 | io_out_REG[0]$_DFF_P_/D
     1940 |       4 |     259 |      113 |     22 |   234 |    +1.4% | -284.489 |   -14700.8 |    202 | io_out_REG[0]$_DFF_P_/D
     1940 |       4 |     259 |      113 |     22 |   234 |    +1.4% | -284.489 |   -14700.8 |    201 | io_out_REG[0]$_DFF_P_/D
     1941 |       4 |     259 |      113 |     22 |   234 |    +1.4% | -284.489 |   -14700.8 |    200 | io_out_REG[0]$_DFF_P_/D
     1942 |       4 |     259 |      113 |     22 |   234 |    +1.4% | -284.489 |   -14700.8 |    199 | io_out_REG[0]$_DFF_P_/D
     1943 |       4 |     259 |      113 |     22 |   234 |    +1.4% | -284.489 |   -14700.8 |    198 | io_out_REG[0]$_DFF_P_/D
     1944 |       4 |     259 |      113 |     22 |   234 |    +1.4% | -284.489 |   -14700.8 |    197 | io_out_REG[0]$_DFF_P_/D
     1945 |       4 |     259 |      113 |     22 |   234 |    +1.4% | -284.489 |   -14700.8 |    196 | io_out_REG[0]$_DFF_P_/D
     1946 |       4 |     259 |      113 |     22 |   234 |    +1.4% | -284.489 |   -14700.8 |    195 | io_out_REG[0]$_DFF_P_/D
     1947 |       4 |     259 |      113 |     22 |   234 |    +1.4% | -284.489 |   -14700.8 |    194 | io_out_REG[0]$_DFF_P_/D
     1948 |       4 |     259 |      113 |     22 |   234 |    +1.4% | -284.489 |   -14700.8 |    193 | io_out_REG[0]$_DFF_P_/D
     1949 |       4 |     259 |      113 |     22 |   234 |    +1.4% | -284.489 |   -14700.8 |    192 | io_out_REG[0]$_DFF_P_/D
     1950 |       4 |     259 |      113 |     22 |   234 |    +1.4% | -284.489 |   -14700.8 |    192 | io_out_REG[0]$_DFF_P_/D
     1950 |       4 |     259 |      113 |     22 |   234 |    +1.4% | -284.489 |   -14700.8 |    191 | io_out_REG[0]$_DFF_P_/D
     1951 |       4 |     259 |      113 |     22 |   234 |    +1.4% | -284.489 |   -14700.8 |    190 | io_out_REG[0]$_DFF_P_/D
     1952 |       4 |     259 |      113 |     22 |   234 |    +1.4% | -284.489 |   -14700.8 |    189 | io_out_REG[0]$_DFF_P_/D
     1953 |       4 |     259 |      113 |     22 |   234 |    +1.4% | -284.489 |   -14700.8 |    188 | io_out_REG[0]$_DFF_P_/D
     1954 |       4 |     259 |      113 |     22 |   234 |    +1.4% | -284.489 |   -14700.8 |    187 | io_out_REG[0]$_DFF_P_/D
     1955 |       4 |     259 |      113 |     22 |   234 |    +1.4% | -284.489 |   -14700.8 |    186 | io_out_REG[0]$_DFF_P_/D
     1956 |       4 |     259 |      113 |     22 |   234 |    +1.4% | -284.489 |   -14700.8 |    185 | io_out_REG[0]$_DFF_P_/D
     1957 |       4 |     259 |      113 |     22 |   234 |    +1.4% | -284.489 |   -14700.8 |    184 | io_out_REG[0]$_DFF_P_/D
     1958 |       4 |     259 |      113 |     22 |   234 |    +1.4% | -284.489 |   -14700.8 |    183 | io_out_REG[0]$_DFF_P_/D
     1959 |       4 |     259 |      113 |     22 |   234 |    +1.4% | -284.489 |   -14700.8 |    182 | io_out_REG[0]$_DFF_P_/D
     1960 |       4 |     259 |      113 |     22 |   234 |    +1.4% | -284.489 |   -14700.8 |    182 | io_out_REG[0]$_DFF_P_/D
     1960 |       4 |     259 |      113 |     22 |   234 |    +1.4% | -284.489 |   -14700.8 |    181 | io_out_REG[0]$_DFF_P_/D
     1962 |       4 |     260 |      113 |     22 |   234 |    +1.4% | -284.489 |   -14681.1 |    179 | io_out_REG[0]$_DFF_P_/D
     1969 |       4 |     260 |      113 |     22 |   234 |    +1.4% | -284.489 |   -14681.1 |    179 | io_out_REG[0]$_DFF_P_/D
     1970 |       4 |     260 |      113 |     22 |   234 |    +1.4% | -284.489 |   -14681.1 |    179 | io_out_REG[0]$_DFF_P_/D
     1970 |       4 |     260 |      113 |     22 |   234 |    +1.4% | -284.489 |   -14681.1 |    178 | io_out_REG[0]$_DFF_P_/D
     1971 |       4 |     260 |      113 |     22 |   234 |    +1.4% | -284.489 |   -14681.1 |    177 | io_out_REG[0]$_DFF_P_/D
     1972 |       4 |     260 |      113 |     22 |   234 |    +1.4% | -284.489 |   -14681.1 |    176 | io_out_REG[0]$_DFF_P_/D
     1973 |       4 |     260 |      113 |     22 |   234 |    +1.4% | -284.489 |   -14681.1 |    175 | io_out_REG[0]$_DFF_P_/D
     1974 |       4 |     260 |      113 |     22 |   234 |    +1.4% | -284.489 |   -14681.1 |    174 | io_out_REG[0]$_DFF_P_/D
     1975 |       4 |     260 |      113 |     22 |   234 |    +1.4% | -284.489 |   -14681.1 |    173 | io_out_REG[0]$_DFF_P_/D
     1976 |       4 |     260 |      113 |     22 |   234 |    +1.4% | -284.489 |   -14681.1 |    172 | io_out_REG[0]$_DFF_P_/D
     1977 |       4 |     260 |      113 |     22 |   234 |    +1.4% | -284.489 |   -14681.1 |    171 | io_out_REG[0]$_DFF_P_/D
     1978 |       4 |     260 |      113 |     22 |   234 |    +1.4% | -284.489 |   -14681.1 |    170 | io_out_REG[0]$_DFF_P_/D
     1979 |       4 |     260 |      113 |     22 |   234 |    +1.4% | -284.489 |   -14681.1 |    169 | io_out_REG[0]$_DFF_P_/D
     1980 |       4 |     260 |      113 |     22 |   234 |    +1.4% | -284.489 |   -14681.1 |    169 | io_out_REG[0]$_DFF_P_/D
     1980 |       4 |     260 |      113 |     22 |   234 |    +1.4% | -284.489 |   -14681.1 |    168 | io_out_REG[0]$_DFF_P_/D
     1981 |       4 |     260 |      113 |     22 |   234 |    +1.4% | -284.489 |   -14681.1 |    167 | io_out_REG[0]$_DFF_P_/D
     1982 |       4 |     260 |      113 |     22 |   234 |    +1.4% | -284.489 |   -14681.1 |    166 | io_out_REG[0]$_DFF_P_/D
     1983 |       4 |     260 |      113 |     22 |   234 |    +1.4% | -284.489 |   -14681.1 |    165 | io_out_REG[0]$_DFF_P_/D
     1984 |       4 |     260 |      113 |     22 |   234 |    +1.4% | -284.489 |   -14681.1 |    164 | io_out_REG[0]$_DFF_P_/D
     1985 |       4 |     260 |      113 |     22 |   234 |    +1.4% | -284.489 |   -14681.1 |    163 | io_out_REG[0]$_DFF_P_/D
     1986 |       4 |     260 |      113 |     22 |   234 |    +1.4% | -284.489 |   -14681.1 |    162 | io_out_REG[0]$_DFF_P_/D
     1987 |       4 |     260 |      113 |     22 |   234 |    +1.4% | -284.489 |   -14681.1 |    161 | io_out_REG[0]$_DFF_P_/D
     1988 |       4 |     260 |      113 |     22 |   234 |    +1.4% | -284.489 |   -14681.1 |    160 | io_out_REG[0]$_DFF_P_/D
     1989 |       4 |     260 |      113 |     22 |   234 |    +1.4% | -284.489 |   -14681.1 |    159 | io_out_REG[0]$_DFF_P_/D
     1990 |       4 |     260 |      113 |     22 |   234 |    +1.4% | -284.489 |   -14681.1 |    159 | io_out_REG[0]$_DFF_P_/D
     1990 |       4 |     260 |      113 |     22 |   234 |    +1.4% | -284.489 |   -14681.1 |    158 | io_out_REG[0]$_DFF_P_/D
     1991 |       4 |     260 |      113 |     22 |   234 |    +1.4% | -284.489 |   -14681.1 |    157 | io_out_REG[0]$_DFF_P_/D
     1992 |       4 |     260 |      113 |     22 |   234 |    +1.4% | -284.489 |   -14681.1 |    156 | io_out_REG[0]$_DFF_P_/D
     1993 |       4 |     260 |      113 |     22 |   234 |    +1.4% | -284.489 |   -14681.1 |    155 | io_out_REG[0]$_DFF_P_/D
     1994 |       4 |     260 |      113 |     22 |   234 |    +1.4% | -284.489 |   -14681.1 |    154 | io_out_REG[0]$_DFF_P_/D
     1995 |       4 |     260 |      113 |     22 |   234 |    +1.4% | -284.489 |   -14681.1 |    153 | io_out_REG[0]$_DFF_P_/D
     1997 |       4 |     261 |      113 |     22 |   234 |    +1.4% | -284.489 |   -14676.6 |    151 | io_out_REG[0]$_DFF_P_/D
     1998 |       4 |     261 |      113 |     22 |   234 |    +1.4% | -284.489 |   -14676.6 |    150 | io_out_REG[0]$_DFF_P_/D
     1999 |       4 |     261 |      113 |     22 |   234 |    +1.4% | -284.489 |   -14676.6 |    149 | io_out_REG[0]$_DFF_P_/D
     2000 |       4 |     261 |      113 |     22 |   234 |    +1.4% | -284.489 |   -14676.6 |    149 | io_out_REG[0]$_DFF_P_/D
     2000 |       4 |     261 |      113 |     22 |   234 |    +1.4% | -284.489 |   -14676.6 |    149 | io_out_REG[0]$_DFF_P_/D
     2001 |       4 |     261 |      113 |     22 |   234 |    +1.4% | -284.489 |   -14676.6 |    148 | io_out_REG[0]$_DFF_P_/D
     2002 |       4 |     261 |      113 |     22 |   234 |    +1.4% | -284.489 |   -14676.6 |    147 | io_out_REG[0]$_DFF_P_/D
     2003 |       4 |     261 |      113 |     22 |   234 |    +1.4% | -284.489 |   -14676.6 |    146 | io_out_REG[0]$_DFF_P_/D
     2004 |       4 |     261 |      113 |     22 |   234 |    +1.4% | -284.489 |   -14676.6 |    145 | io_out_REG[0]$_DFF_P_/D
     2005 |       4 |     261 |      113 |     22 |   234 |    +1.4% | -284.489 |   -14676.6 |    144 | io_out_REG[0]$_DFF_P_/D
     2006 |       4 |     261 |      113 |     22 |   234 |    +1.4% | -284.489 |   -14676.6 |    143 | io_out_REG[0]$_DFF_P_/D
     2007 |       4 |     261 |      113 |     22 |   234 |    +1.4% | -284.489 |   -14676.6 |    142 | io_out_REG[0]$_DFF_P_/D
     2008 |       4 |     261 |      113 |     22 |   234 |    +1.4% | -284.489 |   -14676.6 |    141 | io_out_REG[0]$_DFF_P_/D
     2009 |       4 |     261 |      113 |     22 |   234 |    +1.4% | -284.489 |   -14676.6 |    140 | io_out_REG[0]$_DFF_P_/D
     2010 |       4 |     261 |      113 |     22 |   234 |    +1.4% | -284.489 |   -14676.6 |    140 | io_out_REG[0]$_DFF_P_/D
     2010 |       4 |     261 |      113 |     22 |   234 |    +1.4% | -284.489 |   -14676.6 |    139 | io_out_REG[0]$_DFF_P_/D
     2011 |       4 |     261 |      113 |     22 |   234 |    +1.4% | -284.489 |   -14676.6 |    138 | io_out_REG[0]$_DFF_P_/D
     2012 |       4 |     261 |      113 |     22 |   234 |    +1.4% | -284.489 |   -14676.6 |    137 | io_out_REG[0]$_DFF_P_/D
     2013 |       4 |     261 |      113 |     22 |   234 |    +1.4% | -284.489 |   -14676.6 |    136 | io_out_REG[0]$_DFF_P_/D
     2016 |       4 |     263 |      113 |     22 |   234 |    +1.4% | -284.489 |   -14672.6 |    134 | io_out_REG[0]$_DFF_P_/D
     2019 |       4 |     265 |      113 |     22 |   234 |    +1.4% | -284.489 |   -14655.6 |    132 | io_out_REG[0]$_DFF_P_/D
     2020 |       4 |     265 |      113 |     22 |   234 |    +1.4% | -284.489 |   -14655.6 |    132 | io_out_REG[0]$_DFF_P_/D
     2020 |       4 |     265 |      113 |     22 |   234 |    +1.4% | -284.489 |   -14655.6 |    131 | io_out_REG[0]$_DFF_P_/D
     2021 |       4 |     265 |      113 |     22 |   234 |    +1.4% | -284.489 |   -14655.6 |    130 | io_out_REG[0]$_DFF_P_/D
     2022 |       4 |     265 |      113 |     22 |   234 |    +1.4% | -284.489 |   -14655.6 |    129 | io_out_REG[0]$_DFF_P_/D
     2023 |       4 |     265 |      113 |     22 |   234 |    +1.4% | -284.489 |   -14655.6 |    128 | io_out_REG[0]$_DFF_P_/D
     2024 |       4 |     265 |      113 |     22 |   234 |    +1.4% | -284.489 |   -14655.6 |    127 | io_out_REG[0]$_DFF_P_/D
     2025 |       4 |     265 |      113 |     22 |   234 |    +1.4% | -284.489 |   -14655.6 |    126 | io_out_REG[0]$_DFF_P_/D
     2026 |       4 |     265 |      113 |     22 |   234 |    +1.4% | -284.489 |   -14655.6 |    125 | io_out_REG[0]$_DFF_P_/D
     2027 |       4 |     265 |      113 |     22 |   234 |    +1.4% | -284.489 |   -14655.6 |    124 | io_out_REG[0]$_DFF_P_/D
     2028 |       4 |     265 |      113 |     22 |   234 |    +1.4% | -284.489 |   -14655.6 |    123 | io_out_REG[0]$_DFF_P_/D
     2029 |       4 |     265 |      113 |     22 |   234 |    +1.4% | -284.489 |   -14655.6 |    122 | io_out_REG[0]$_DFF_P_/D
     2030 |       4 |     265 |      113 |     22 |   234 |    +1.4% | -284.489 |   -14655.6 |    122 | io_out_REG[0]$_DFF_P_/D
     2030 |       4 |     265 |      113 |     22 |   234 |    +1.4% | -284.489 |   -14655.6 |    121 | io_out_REG[0]$_DFF_P_/D
     2031 |       4 |     265 |      113 |     22 |   234 |    +1.4% | -284.489 |   -14655.6 |    120 | io_out_REG[0]$_DFF_P_/D
     2032 |       4 |     265 |      113 |     22 |   234 |    +1.4% | -284.489 |   -14655.6 |    119 | io_out_REG[0]$_DFF_P_/D
     2033 |       4 |     265 |      113 |     22 |   234 |    +1.4% | -284.489 |   -14655.6 |    118 | io_out_REG[0]$_DFF_P_/D
     2034 |       4 |     265 |      113 |     22 |   234 |    +1.4% | -284.489 |   -14655.6 |    117 | io_out_REG[0]$_DFF_P_/D
     2035 |       4 |     265 |      113 |     22 |   234 |    +1.4% | -284.489 |   -14655.6 |    116 | io_out_REG[0]$_DFF_P_/D
     2036 |       4 |     265 |      113 |     22 |   234 |    +1.4% | -284.489 |   -14655.6 |    115 | io_out_REG[0]$_DFF_P_/D
     2037 |       4 |     265 |      113 |     22 |   234 |    +1.4% | -284.489 |   -14655.6 |    114 | io_out_REG[0]$_DFF_P_/D
     2038 |       4 |     265 |      113 |     22 |   234 |    +1.4% | -284.489 |   -14655.6 |    113 | io_out_REG[0]$_DFF_P_/D
     2039 |       4 |     265 |      113 |     22 |   234 |    +1.4% | -284.489 |   -14655.6 |    112 | io_out_REG[0]$_DFF_P_/D
     2040 |       4 |     265 |      113 |     22 |   234 |    +1.4% | -284.489 |   -14655.6 |    112 | io_out_REG[0]$_DFF_P_/D
     2040 |       4 |     265 |      113 |     22 |   234 |    +1.4% | -284.489 |   -14655.6 |    111 | io_out_REG[0]$_DFF_P_/D
     2041 |       4 |     265 |      113 |     22 |   234 |    +1.4% | -284.489 |   -14655.6 |    110 | io_out_REG[0]$_DFF_P_/D
     2042 |       4 |     265 |      113 |     22 |   234 |    +1.4% | -284.489 |   -14655.6 |    109 | io_out_REG[0]$_DFF_P_/D
     2043 |       4 |     265 |      113 |     22 |   234 |    +1.4% | -284.489 |   -14655.6 |    108 | io_out_REG[0]$_DFF_P_/D
     2044 |       4 |     265 |      113 |     22 |   234 |    +1.4% | -284.489 |   -14655.6 |    107 | io_out_REG[0]$_DFF_P_/D
     2045 |       4 |     265 |      113 |     22 |   234 |    +1.4% | -284.489 |   -14655.6 |    106 | io_out_REG[0]$_DFF_P_/D
     2046 |       4 |     265 |      113 |     22 |   234 |    +1.4% | -284.489 |   -14655.6 |    105 | io_out_REG[0]$_DFF_P_/D
     2047 |       4 |     265 |      113 |     22 |   234 |    +1.4% | -284.489 |   -14655.6 |    104 | io_out_REG[0]$_DFF_P_/D
     2048 |       4 |     265 |      113 |     22 |   234 |    +1.4% | -284.489 |   -14655.6 |    103 | io_out_REG[0]$_DFF_P_/D
     2049 |       4 |     265 |      113 |     22 |   234 |    +1.4% | -284.489 |   -14655.6 |    102 | io_out_REG[0]$_DFF_P_/D
     2050 |       4 |     265 |      113 |     22 |   234 |    +1.4% | -284.489 |   -14655.6 |    102 | io_out_REG[0]$_DFF_P_/D
     2050 |       4 |     265 |      113 |     22 |   234 |    +1.4% | -284.489 |   -14655.6 |    101 | io_out_REG[0]$_DFF_P_/D
     2051 |       4 |     265 |      113 |     22 |   234 |    +1.4% | -284.489 |   -14655.6 |    100 | io_out_REG[0]$_DFF_P_/D
     2052 |       4 |     265 |      113 |     22 |   234 |    +1.4% | -284.489 |   -14655.6 |     99 | io_out_REG[0]$_DFF_P_/D
     2053 |       4 |     265 |      113 |     22 |   234 |    +1.4% | -284.489 |   -14655.6 |     98 | io_out_REG[0]$_DFF_P_/D
    2054* |       4 |     265 |      113 |     22 |   234 |    +1.4% | -284.489 |   -14655.6 |    138 | io_out_REG[0]$_DFF_P_/D
    2058* |       4 |     268 |      113 |     22 |   234 |    +1.4% | -284.489 |   -14651.2 |    138 | io_out_REG[0]$_DFF_P_/D
    2059* |       4 |     268 |      113 |     22 |   234 |    +1.4% | -284.489 |   -14651.2 |    138 | io_out_REG[0]$_DFF_P_/D
    2060* |       4 |     268 |      113 |     22 |   234 |    +1.4% | -284.489 |   -14651.2 |    138 | io_out_REG[0]$_DFF_P_/D
    2060* |       4 |     268 |      113 |     22 |   234 |    +1.4% | -284.489 |   -14651.2 |    138 | io_out_REG[0]$_DFF_P_/D
    2061* |       4 |     268 |      113 |     22 |   234 |    +1.4% | -284.489 |   -14651.2 |    138 | io_out_REG[0]$_DFF_P_/D
    2062* |       4 |     268 |      113 |     22 |   234 |    +1.4% | -284.489 |   -14651.2 |    138 | io_out_REG[0]$_DFF_P_/D
    2063* |       4 |     268 |      113 |     22 |   234 |    +1.4% | -284.489 |   -14651.2 |    138 | io_out_REG[0]$_DFF_P_/D
    2064* |       4 |     268 |      113 |     22 |   234 |    +1.4% | -284.489 |   -14651.2 |    138 | io_out_REG[0]$_DFF_P_/D
    2065* |       4 |     268 |      113 |     22 |   234 |    +1.4% | -284.489 |   -14651.2 |    138 | io_out_REG[0]$_DFF_P_/D
    2066* |       4 |     268 |      113 |     22 |   234 |    +1.4% | -284.489 |   -14651.2 |    138 | io_out_REG[0]$_DFF_P_/D
    2067* |       4 |     268 |      113 |     22 |   234 |    +1.4% | -284.489 |   -14651.2 |    138 | io_out_REG[0]$_DFF_P_/D
    2068* |       4 |     268 |      113 |     22 |   234 |    +1.4% | -284.489 |   -14651.2 |    138 | io_out_REG[0]$_DFF_P_/D
    2069* |       4 |     268 |      113 |     22 |   234 |    +1.4% | -284.489 |   -14651.2 |    138 | io_out_REG[0]$_DFF_P_/D
    2070* |       4 |     268 |      113 |     22 |   234 |    +1.4% | -284.489 |   -14651.2 |    138 | io_out_REG[0]$_DFF_P_/D
    2070* |       4 |     268 |      113 |     22 |   234 |    +1.4% | -284.489 |   -14651.2 |    138 | io_out_REG[0]$_DFF_P_/D
    2071* |       4 |     268 |      113 |     22 |   234 |    +1.4% | -284.489 |   -14651.2 |    138 | io_out_REG[0]$_DFF_P_/D
    2072* |       4 |     268 |      113 |     22 |   234 |    +1.4% | -284.489 |   -14651.2 |    138 | io_out_REG[0]$_DFF_P_/D
    2073* |       4 |     268 |      113 |     22 |   234 |    +1.4% | -284.489 |   -14651.2 |    138 | io_out_REG[0]$_DFF_P_/D
    2074* |       4 |     268 |      113 |     22 |   234 |    +1.4% | -284.489 |   -14651.2 |    138 | io_out_REG[0]$_DFF_P_/D
    2075* |       4 |     268 |      113 |     22 |   234 |    +1.4% | -284.489 |   -14651.2 |    138 | io_out_REG[0]$_DFF_P_/D
    2076* |       4 |     268 |      113 |     22 |   234 |    +1.4% | -284.489 |   -14651.2 |    138 | io_out_REG[0]$_DFF_P_/D
    2077* |       4 |     268 |      113 |     22 |   234 |    +1.4% | -284.489 |   -14651.2 |    138 | io_out_REG[0]$_DFF_P_/D
    2078* |       4 |     268 |      113 |     22 |   234 |    +1.4% | -284.489 |   -14651.2 |    138 | io_out_REG[0]$_DFF_P_/D
    2079* |       4 |     268 |      113 |     22 |   234 |    +1.4% | -284.489 |   -14651.2 |    138 | io_out_REG[0]$_DFF_P_/D
    2080* |       4 |     268 |      113 |     22 |   234 |    +1.4% | -284.489 |   -14651.2 |    138 | io_out_REG[0]$_DFF_P_/D
    2080* |       4 |     268 |      113 |     22 |   234 |    +1.4% | -284.489 |   -14651.2 |    138 | io_out_REG[0]$_DFF_P_/D
    2081* |       4 |     268 |      113 |     22 |   234 |    +1.4% | -284.489 |   -14651.2 |    138 | io_out_REG[0]$_DFF_P_/D
    2082* |       4 |     268 |      113 |     22 |   234 |    +1.4% | -284.489 |   -14651.2 |    138 | io_out_REG[0]$_DFF_P_/D
    2083* |       4 |     268 |      113 |     22 |   234 |    +1.4% | -284.489 |   -14651.2 |    138 | io_out_REG[0]$_DFF_P_/D
    2084* |       4 |     268 |      113 |     22 |   234 |    +1.4% | -284.489 |   -14651.2 |    138 | io_out_REG[0]$_DFF_P_/D
    2085* |       4 |     268 |      113 |     22 |   234 |    +1.4% | -284.489 |   -14651.2 |    138 | io_out_REG[0]$_DFF_P_/D
    2086* |       4 |     268 |      113 |     22 |   234 |    +1.4% | -284.489 |   -14651.2 |    138 | io_out_REG[0]$_DFF_P_/D
    2087* |       4 |     268 |      113 |     22 |   234 |    +1.4% | -284.489 |   -14651.2 |    138 | io_out_REG[0]$_DFF_P_/D
    2088* |       4 |     268 |      113 |     22 |   234 |    +1.4% | -284.489 |   -14651.2 |    138 | io_out_REG[0]$_DFF_P_/D
    2090* |       4 |     269 |      113 |     22 |   234 |    +1.4% | -284.489 |   -14647.4 |    138 | io_out_REG[0]$_DFF_P_/D
    2090* |       4 |     269 |      113 |     22 |   234 |    +1.4% | -284.489 |   -14647.4 |    138 | io_out_REG[0]$_DFF_P_/D
    2091* |       4 |     269 |      113 |     22 |   234 |    +1.4% | -284.489 |   -14647.4 |    138 | io_out_REG[0]$_DFF_P_/D
    2092* |       4 |     269 |      113 |     22 |   234 |    +1.4% | -284.489 |   -14647.4 |    138 | io_out_REG[0]$_DFF_P_/D
    2093* |       4 |     269 |      113 |     22 |   234 |    +1.4% | -284.489 |   -14647.4 |    138 | io_out_REG[0]$_DFF_P_/D
    2094* |       4 |     269 |      113 |     22 |   234 |    +1.4% | -284.489 |   -14647.4 |    138 | io_out_REG[0]$_DFF_P_/D
    2095* |       4 |     269 |      113 |     22 |   234 |    +1.4% | -284.489 |   -14647.4 |    138 | io_out_REG[0]$_DFF_P_/D
    2096* |       4 |     269 |      113 |     22 |   234 |    +1.4% | -284.489 |   -14647.4 |    138 | io_out_REG[0]$_DFF_P_/D
    2097* |       4 |     269 |      113 |     22 |   234 |    +1.4% | -284.489 |   -14647.4 |    138 | io_out_REG[0]$_DFF_P_/D
    2098* |       4 |     269 |      113 |     22 |   234 |    +1.4% | -284.489 |   -14647.4 |    138 | io_out_REG[0]$_DFF_P_/D
    2099* |       4 |     269 |      113 |     22 |   234 |    +1.4% | -284.489 |   -14647.4 |    138 | io_out_REG[0]$_DFF_P_/D
    2100* |       4 |     269 |      113 |     22 |   234 |    +1.4% | -284.489 |   -14647.4 |    138 | io_out_REG[0]$_DFF_P_/D
    2103* |       4 |     271 |      113 |     22 |   234 |    +1.4% | -284.489 |   -14645.6 |    138 | io_out_REG[0]$_DFF_P_/D
    2104* |       4 |     271 |      113 |     22 |   234 |    +1.4% | -284.489 |   -14645.6 |    138 | io_out_REG[0]$_DFF_P_/D
    2105* |       4 |     271 |      113 |     22 |   234 |    +1.4% | -284.489 |   -14645.6 |    138 | io_out_REG[0]$_DFF_P_/D
    2106* |       4 |     271 |      113 |     22 |   234 |    +1.4% | -284.489 |   -14645.6 |    138 | io_out_REG[0]$_DFF_P_/D
    2107* |       4 |     271 |      113 |     22 |   234 |    +1.4% | -284.489 |   -14645.6 |    138 | io_out_REG[0]$_DFF_P_/D
    2108* |       4 |     271 |      113 |     22 |   234 |    +1.4% | -284.489 |   -14645.6 |    138 | io_out_REG[0]$_DFF_P_/D
    2109* |       4 |     271 |      113 |     22 |   234 |    +1.4% | -284.489 |   -14645.6 |    138 | io_out_REG[0]$_DFF_P_/D
    2110* |       4 |     271 |      113 |     22 |   234 |    +1.4% | -284.489 |   -14645.6 |    138 | io_out_REG[0]$_DFF_P_/D
    2110* |       4 |     271 |      113 |     22 |   234 |    +1.4% | -284.489 |   -14645.6 |    138 | io_out_REG[0]$_DFF_P_/D
    2111* |       4 |     271 |      113 |     22 |   234 |    +1.4% | -284.489 |   -14645.6 |    138 | io_out_REG[0]$_DFF_P_/D
    2113* |       4 |     272 |      113 |     22 |   234 |    +1.4% | -284.489 |   -14644.7 |    138 | io_out_REG[0]$_DFF_P_/D
    2114* |       4 |     272 |      113 |     22 |   234 |    +1.4% | -284.489 |   -14644.7 |    138 | io_out_REG[0]$_DFF_P_/D
    2115* |       4 |     272 |      113 |     22 |   234 |    +1.4% | -284.489 |   -14644.7 |    138 | io_out_REG[0]$_DFF_P_/D
    2116* |       4 |     272 |      113 |     22 |   234 |    +1.4% | -284.489 |   -14644.7 |    138 | io_out_REG[0]$_DFF_P_/D
    2117* |       4 |     272 |      113 |     22 |   234 |    +1.4% | -284.489 |   -14644.7 |    138 | io_out_REG[0]$_DFF_P_/D
    2120* |       4 |     273 |      113 |     22 |   235 |    +1.4% | -284.489 |   -14643.6 |    138 | io_out_REG[0]$_DFF_P_/D
    2122* |       4 |     274 |      113 |     22 |   236 |    +1.4% | -284.489 |   -14643.3 |    138 | io_out_REG[0]$_DFF_P_/D
    2123* |       4 |     274 |      113 |     22 |   236 |    +1.4% | -284.489 |   -14643.3 |    138 | io_out_REG[0]$_DFF_P_/D
    2124* |       4 |     274 |      113 |     22 |   236 |    +1.4% | -284.489 |   -14643.3 |    138 | io_out_REG[0]$_DFF_P_/D
    2125* |       4 |     274 |      113 |     22 |   236 |    +1.4% | -284.489 |   -14643.3 |    138 | io_out_REG[0]$_DFF_P_/D
    2129* |       4 |     277 |      113 |     22 |   236 |    +1.4% | -284.489 |   -14641.5 |    138 | io_out_REG[0]$_DFF_P_/D
    2130* |       4 |     277 |      113 |     22 |   236 |    +1.4% | -284.489 |   -14641.5 |    138 | io_out_REG[0]$_DFF_P_/D
    2130* |       4 |     277 |      113 |     22 |   236 |    +1.4% | -284.489 |   -14641.5 |    138 | io_out_REG[0]$_DFF_P_/D
    2131* |       4 |     277 |      113 |     22 |   236 |    +1.4% | -284.489 |   -14641.5 |    138 | io_out_REG[0]$_DFF_P_/D
    2132* |       4 |     277 |      113 |     22 |   236 |    +1.4% | -284.489 |   -14641.5 |    138 | io_out_REG[0]$_DFF_P_/D
    2133* |       4 |     277 |      113 |     22 |   236 |    +1.4% | -284.489 |   -14641.5 |    138 | io_out_REG[0]$_DFF_P_/D
    2135* |       4 |     278 |      113 |     22 |   236 |    +1.4% | -284.489 |   -14640.8 |    138 | io_out_REG[0]$_DFF_P_/D
    2136* |       4 |     278 |      113 |     22 |   236 |    +1.4% | -284.489 |   -14640.8 |    138 | io_out_REG[0]$_DFF_P_/D
    2137* |       4 |     278 |      113 |     22 |   236 |    +1.4% | -284.489 |   -14640.8 |    138 | io_out_REG[0]$_DFF_P_/D
    2138* |       4 |     278 |      113 |     22 |   236 |    +1.4% | -284.489 |   -14640.8 |    138 | io_out_REG[0]$_DFF_P_/D
    2139* |       4 |     278 |      113 |     22 |   236 |    +1.4% | -284.489 |   -14640.8 |    138 | io_out_REG[0]$_DFF_P_/D
    2140* |       4 |     278 |      113 |     22 |   236 |    +1.4% | -284.489 |   -14640.8 |    138 | io_out_REG[0]$_DFF_P_/D
    2140* |       4 |     278 |      113 |     22 |   236 |    +1.4% | -284.489 |   -14640.8 |    138 | io_out_REG[0]$_DFF_P_/D
    2141* |       4 |     278 |      113 |     22 |   236 |    +1.4% | -284.489 |   -14640.8 |    138 | io_out_REG[0]$_DFF_P_/D
    2142* |       4 |     278 |      113 |     22 |   236 |    +1.4% | -284.489 |   -14640.8 |    138 | io_out_REG[0]$_DFF_P_/D
    2143* |       4 |     278 |      113 |     22 |   236 |    +1.4% | -284.489 |   -14640.8 |    138 | io_out_REG[0]$_DFF_P_/D
    2144* |       4 |     278 |      113 |     22 |   236 |    +1.4% | -284.489 |   -14640.8 |    138 | io_out_REG[0]$_DFF_P_/D
    2145* |       4 |     278 |      113 |     22 |   236 |    +1.4% | -284.489 |   -14640.8 |    138 | io_out_REG[0]$_DFF_P_/D
    2146* |       4 |     278 |      113 |     22 |   236 |    +1.4% | -284.489 |   -14640.8 |    138 | io_out_REG[0]$_DFF_P_/D
    2147* |       4 |     278 |      113 |     22 |   236 |    +1.4% | -284.489 |   -14640.8 |    138 | io_out_REG[0]$_DFF_P_/D
    2148* |       4 |     278 |      113 |     22 |   236 |    +1.4% | -284.489 |   -14640.8 |    138 | io_out_REG[0]$_DFF_P_/D
    2149* |       4 |     278 |      113 |     22 |   236 |    +1.4% | -284.489 |   -14640.8 |    138 | io_out_REG[0]$_DFF_P_/D
    2150* |       4 |     278 |      113 |     22 |   236 |    +1.4% | -284.489 |   -14640.8 |    138 | io_out_REG[0]$_DFF_P_/D
    2150* |       4 |     278 |      113 |     22 |   236 |    +1.4% | -284.489 |   -14640.8 |    138 | io_out_REG[0]$_DFF_P_/D
    2151* |       4 |     278 |      113 |     22 |   236 |    +1.4% | -284.489 |   -14640.8 |    138 | io_out_REG[0]$_DFF_P_/D
    2152* |       4 |     278 |      113 |     22 |   236 |    +1.4% | -284.489 |   -14640.8 |    138 | io_out_REG[0]$_DFF_P_/D
    2153* |       4 |     278 |      113 |     22 |   236 |    +1.4% | -284.489 |   -14640.8 |    138 | io_out_REG[0]$_DFF_P_/D
    2154* |       4 |     278 |      113 |     22 |   236 |    +1.4% | -284.489 |   -14640.8 |    138 | io_out_REG[0]$_DFF_P_/D
    2155* |       4 |     278 |      113 |     22 |   236 |    +1.4% | -284.489 |   -14640.8 |    138 | io_out_REG[0]$_DFF_P_/D
    2156* |       4 |     278 |      113 |     22 |   236 |    +1.4% | -284.489 |   -14640.8 |    138 | io_out_REG[0]$_DFF_P_/D
    2157* |       4 |     278 |      113 |     22 |   236 |    +1.4% | -284.489 |   -14640.8 |    138 | io_out_REG[0]$_DFF_P_/D
    2158* |       4 |     278 |      113 |     22 |   236 |    +1.4% | -284.489 |   -14640.8 |    138 | io_out_REG[0]$_DFF_P_/D
    2159* |       4 |     278 |      113 |     22 |   236 |    +1.4% | -284.489 |   -14640.8 |    138 | io_out_REG[0]$_DFF_P_/D
    2160* |       4 |     278 |      113 |     22 |   236 |    +1.4% | -284.489 |   -14640.8 |    138 | io_out_REG[0]$_DFF_P_/D
    2160* |       4 |     278 |      113 |     22 |   236 |    +1.4% | -284.489 |   -14640.8 |    138 | io_out_REG[0]$_DFF_P_/D
    2161* |       4 |     278 |      113 |     22 |   236 |    +1.4% | -284.489 |   -14640.8 |    138 | io_out_REG[0]$_DFF_P_/D
    2162* |       4 |     278 |      113 |     22 |   236 |    +1.4% | -284.489 |   -14640.8 |    138 | io_out_REG[0]$_DFF_P_/D
    2163* |       4 |     278 |      113 |     22 |   236 |    +1.4% | -284.489 |   -14640.8 |    138 | io_out_REG[0]$_DFF_P_/D
    2164* |       4 |     278 |      113 |     22 |   236 |    +1.4% | -284.489 |   -14640.8 |    138 | io_out_REG[0]$_DFF_P_/D
    2165* |       4 |     278 |      113 |     22 |   236 |    +1.4% | -284.489 |   -14640.8 |    138 | io_out_REG[0]$_DFF_P_/D
    2166* |       4 |     278 |      113 |     22 |   236 |    +1.4% | -284.489 |   -14640.8 |    138 | io_out_REG[0]$_DFF_P_/D
    2167* |       4 |     278 |      113 |     22 |   236 |    +1.4% | -284.489 |   -14640.8 |    138 | io_out_REG[0]$_DFF_P_/D
    2168* |       4 |     278 |      113 |     22 |   236 |    +1.4% | -284.489 |   -14640.8 |    138 | io_out_REG[0]$_DFF_P_/D
    2169* |       4 |     278 |      113 |     22 |   236 |    +1.4% | -284.489 |   -14640.8 |    138 | io_out_REG[0]$_DFF_P_/D
    2170* |       4 |     278 |      113 |     22 |   236 |    +1.4% | -284.489 |   -14640.8 |    138 | io_out_REG[0]$_DFF_P_/D
    2170* |       4 |     278 |      113 |     22 |   236 |    +1.4% | -284.489 |   -14640.8 |    138 | io_out_REG[0]$_DFF_P_/D
    2171* |       4 |     278 |      113 |     22 |   236 |    +1.4% | -284.489 |   -14640.8 |    138 | io_out_REG[0]$_DFF_P_/D
    2172* |       4 |     278 |      113 |     22 |   236 |    +1.4% | -284.489 |   -14640.8 |    138 | io_out_REG[0]$_DFF_P_/D
    2173* |       4 |     278 |      113 |     22 |   236 |    +1.4% | -284.489 |   -14640.8 |    138 | io_out_REG[0]$_DFF_P_/D
    2174* |       4 |     278 |      113 |     22 |   236 |    +1.4% | -284.489 |   -14640.8 |    138 | io_out_REG[0]$_DFF_P_/D
    2175* |       4 |     278 |      113 |     22 |   236 |    +1.4% | -284.489 |   -14640.8 |    138 | io_out_REG[0]$_DFF_P_/D
    2176* |       4 |     278 |      113 |     22 |   236 |    +1.4% | -284.489 |   -14640.8 |    138 | io_out_REG[0]$_DFF_P_/D
    2177* |       4 |     278 |      113 |     22 |   236 |    +1.4% | -284.489 |   -14640.8 |    138 | io_out_REG[0]$_DFF_P_/D
    2178* |       4 |     278 |      113 |     22 |   236 |    +1.4% | -284.489 |   -14640.8 |    138 | io_out_REG[0]$_DFF_P_/D
    2179* |       4 |     278 |      113 |     22 |   236 |    +1.4% | -284.489 |   -14640.8 |    138 | io_out_REG[0]$_DFF_P_/D
    2180* |       4 |     278 |      113 |     22 |   236 |    +1.4% | -284.489 |   -14640.8 |    138 | io_out_REG[0]$_DFF_P_/D
    2180* |       4 |     278 |      113 |     22 |   236 |    +1.4% | -284.489 |   -14640.8 |    138 | io_out_REG[0]$_DFF_P_/D
    2181* |       4 |     278 |      113 |     22 |   236 |    +1.4% | -284.489 |   -14640.8 |    138 | io_out_REG[0]$_DFF_P_/D
    2182* |       4 |     278 |      113 |     22 |   236 |    +1.4% | -284.489 |   -14640.8 |    138 | io_out_REG[0]$_DFF_P_/D
    2183* |       4 |     278 |      113 |     22 |   236 |    +1.4% | -284.489 |   -14640.8 |    138 | io_out_REG[0]$_DFF_P_/D
    2184* |       4 |     278 |      113 |     22 |   236 |    +1.4% | -284.489 |   -14640.8 |    138 | io_out_REG[0]$_DFF_P_/D
    2185* |       4 |     278 |      113 |     22 |   236 |    +1.4% | -284.489 |   -14640.8 |    138 | io_out_REG[0]$_DFF_P_/D
    2186* |       4 |     278 |      113 |     22 |   236 |    +1.4% | -284.489 |   -14640.8 |    138 | io_out_REG[0]$_DFF_P_/D
    2187* |       4 |     278 |      113 |     22 |   236 |    +1.4% | -284.489 |   -14640.8 |    138 | io_out_REG[0]$_DFF_P_/D
    2188* |       4 |     278 |      113 |     22 |   236 |    +1.4% | -284.489 |   -14640.8 |    138 | io_out_REG[0]$_DFF_P_/D
    2189* |       4 |     278 |      113 |     22 |   236 |    +1.4% | -284.489 |   -14640.8 |    138 | io_out_REG[0]$_DFF_P_/D
    2190* |       4 |     278 |      113 |     22 |   236 |    +1.4% | -284.489 |   -14640.8 |    138 | io_out_REG[0]$_DFF_P_/D
    2190* |       4 |     278 |      113 |     22 |   236 |    +1.4% | -284.489 |   -14640.8 |    138 | io_out_REG[0]$_DFF_P_/D
    2191* |       4 |     278 |      113 |     22 |   236 |    +1.4% | -284.489 |   -14640.8 |    138 | io_out_REG[0]$_DFF_P_/D
    2192* |       4 |     278 |      113 |     22 |   236 |    +1.4% | -284.489 |   -14640.8 |    138 | io_out_REG[0]$_DFF_P_/D
    2193* |       4 |     278 |      113 |     22 |   236 |    +1.4% | -284.489 |   -14640.8 |    138 | io_out_REG[0]$_DFF_P_/D
    2194* |       4 |     278 |      113 |     22 |   236 |    +1.4% | -284.489 |   -14640.8 |    138 | io_out_REG[0]$_DFF_P_/D
    2195* |       4 |     278 |      113 |     22 |   236 |    +1.4% | -284.489 |   -14640.8 |    138 | io_out_REG[0]$_DFF_P_/D
    2196* |       4 |     278 |      113 |     22 |   236 |    +1.4% | -284.489 |   -14640.8 |    138 | io_out_REG[0]$_DFF_P_/D
    2197* |       4 |     278 |      113 |     22 |   236 |    +1.4% | -284.489 |   -14640.8 |    138 | io_out_REG[0]$_DFF_P_/D
    2198* |       4 |     278 |      113 |     22 |   236 |    +1.4% | -284.489 |   -14640.8 |    138 | io_out_REG[0]$_DFF_P_/D
    2199* |       4 |     278 |      113 |     22 |   236 |    +1.4% | -284.489 |   -14640.8 |    138 | io_out_REG[0]$_DFF_P_/D
    2200* |       4 |     278 |      113 |     22 |   236 |    +1.4% | -284.489 |   -14640.8 |    138 | io_out_REG[0]$_DFF_P_/D
    final |       4 |     278 |      113 |     22 |   236 |    +1.4% | -284.489 |   -14640.8 |    138 | io_out_REG[0]$_DFF_P_/D
--------------------------------------------------------------------------------------------------------------
[INFO RSZ-0059] Removed 4 buffers.
[INFO RSZ-0045] Inserted 113 buffers, 2 to split loads.
[INFO RSZ-0051] Resized 278 instances: 278 up, 0 up match, 0 down, 0 VT
[INFO RSZ-0043] Swapped pins on 236 instances.
[INFO RSZ-0049] Cloned 22 instances.
[WARNING RSZ-0062] Unable to repair all setup violations.
[INFO RSZ-0033] No hold violations found.
Took 17 seconds: repair_timing -setup_margin 0 -hold_margin 0 -repair_tns 100 -verbose
[INFO DPL-0005] Max displacement: +/- 500 sites horizontally, +/- 100 rows vertically.
Movements Summary
---------------------------------------
Total cells:                   11715
Diamond Move Success:          11715 (100.00%)
Diamond Move Failure:              0
Rip-up and replace Success:        0 (  0.00% of diamond failures)
Rip-up and replace Failure:        0
Total Placement Failures:          0
---------------------------------------
Placement Analysis
---------------------------------
total displacement        239.3 u
average displacement        0.0 u
max displacement            1.6 u
original HPWL           39791.5 u
legalized HPWL          39973.6 u
delta HPWL                    0 %

Report metrics stage 4, cts final...

==========================================================================
cts final report_design_area
--------------------------------------------------------------------------
Design area 1595 um^2 56% utilization.
write_db ./results/asap7/mock-alu/modified_alpha_8-beta_0.1/4_1_cts.odb
write_sdc -no_timestamp ./results/asap7/mock-alu/modified_alpha_8-beta_0.1/4_cts.sdc
Elapsed time: 0:21.15[h:]min:sec. CPU time: user 44.19 sys 19.55 (301%). Peak memory: 298324KB.
Log                        Elapsed/s Peak Memory/MB  sha1sum .odb [0:20)
4_1_cts                           21            291 608e60b28fbddb1b678e
