OpenROAD ee3d65ce03b2656092ed62bf9205c5c11049c575 
Features included (+) or not (-): +GPU +GUI +Python
This program is licensed under the BSD-3 license. See the LICENSE file for details.
Components of this program may be licensed under more restrictive licenses which must be honored.
[INFO ORD-0030] Using 32 thread(s).
source /home/lucast/workspace/OR-flow-TCC/flow/platforms/asap7/liberty_suppressions.tcl
read_liberty /home/lucast/workspace/OR-flow-TCC/flow/platforms/asap7/lib/NLDM/asap7sc7p5t_AO_RVT_FF_nldm_211120.lib.gz
read_liberty /home/lucast/workspace/OR-flow-TCC/flow/platforms/asap7/lib/NLDM/asap7sc7p5t_INVBUF_RVT_FF_nldm_220122.lib.gz
read_liberty /home/lucast/workspace/OR-flow-TCC/flow/platforms/asap7/lib/NLDM/asap7sc7p5t_OA_RVT_FF_nldm_211120.lib.gz
read_liberty /home/lucast/workspace/OR-flow-TCC/flow/platforms/asap7/lib/NLDM/asap7sc7p5t_SIMPLE_RVT_FF_nldm_211120.lib.gz
read_liberty /home/lucast/workspace/OR-flow-TCC/flow/platforms/asap7/lib/NLDM/asap7sc7p5t_SEQ_RVT_FF_nldm_220123.lib
read_liberty /home/lucast/workspace/OR-flow-TCC/flow/platforms/asap7/lib/NLDM/asap7sc7p5t_DFFHQNH2V2X_RVT_TT_nldm_FAKE.lib
read_liberty /home/lucast/workspace/OR-flow-TCC/flow/platforms/asap7/lib/NLDM/asap7sc7p5t_DFFHQNV2X_RVT_TT_nldm_FAKE.lib
read_db -hier ./results/asap7/mock-alu/modified_alpha_130-beta_0.1/3_place.odb
[WARNING ORD-0012] Hierarchical flow (-hier) is currently in development and may cause multiple issues. Do not use in production environments.
source /home/lucast/workspace/OR-flow-TCC/flow/platforms/asap7/setRC.tcl
clock_tree_synthesis -sink_clustering_enable -repair_clock_nets
[INFO CTS-0050] Root buffer is BUFx16f_ASAP7_75t_R.
[INFO CTS-0051] Sink buffer is BUFx24_ASAP7_75t_R.
[INFO CTS-0052] The following clock buffers will be used for CTS:
                    BUFx16f_ASAP7_75t_R
                    BUFx24_ASAP7_75t_R
[INFO CTS-0049] Characterization buffer is BUFx24_ASAP7_75t_R.
[INFO CTS-0007] Net "clock" found for clock "clock".
[INFO CTS-0010]  Clock net "clock" has 373 sinks.
[INFO CTS-0008] TritonCTS found 1 clock nets.
[INFO CTS-0097] Characterization used 2 buffer(s) types.
[INFO CTS-0201] 0 blockages from hard placement blockages and placed macros will be used.
[INFO CTS-0027] Generating H-Tree topology for net clock.
[INFO CTS-0028]  Total number of sinks: 373.
[INFO CTS-0090]  Sinks will be clustered based on buffer max cap.
[INFO CTS-0030]  Number of static layers: 0.
[INFO CTS-0020]  Wire segment unit: 1350  dbu (1 um).
[INFO CTS-0206] Best clustering solution was found from clustering size of 30 and clustering diameter of 50.
[INFO CTS-0019]  Total number of sinks after clustering: 25.
[INFO CTS-0024]  Normalized sink region: [(6.43556, 3.57458), (39.2035, 37.6397)].
[INFO CTS-0025]     Width:  32.7679.
[INFO CTS-0026]     Height: 34.0651.
 Level 1
    Direction: Vertical
    Sinks per sub-region: 13
    Sub-region size: 32.7679 X 17.0326
[INFO CTS-0034]     Segment length (rounded): 8.
[INFO CTS-0032]  Stop criterion found. Max number of sinks is 15.
[INFO CTS-0035]  Number of sinks covered: 25.
[INFO CTS-0018]     Created 28 clock buffers.
[INFO CTS-0012]     Minimum number of buffers in the clock path: 3.
[INFO CTS-0013]     Maximum number of buffers in the clock path: 3.
[INFO CTS-0015]     Created 28 clock nets.
[INFO CTS-0016]     Fanout distribution for the current clock = 9:2, 12:1, 13:4, 14:4, 15:4, 16:7, 17:3, 18:1, 19:1..
[INFO CTS-0017]     Max level of the clock tree: 1.
[INFO CTS-0098] Clock net "clock"
[INFO CTS-0099]  Sinks 397
[INFO CTS-0100]  Leaf buffers 25
[INFO CTS-0101]  Average sink wire length 86.72 um
[INFO CTS-0102]  Path depth 2 - 3
[INFO CTS-0207]  Dummy loads inserted 24
estimate_parasitics -placement
[INFO DPL-0005] Max displacement: +/- 500 sites horizontally, +/- 100 rows vertically.
Movements Summary
---------------------------------------
Total cells:                   11550
Diamond Move Success:          11550 (100.00%)
Diamond Move Failure:              0
Rip-up and replace Success:        0 (  0.00% of diamond failures)
Rip-up and replace Failure:        0
Total Placement Failures:          0
---------------------------------------
Placement Analysis
---------------------------------
total displacement        166.7 u
average displacement        0.0 u
max displacement            1.5 u
original HPWL           38580.3 u
legalized HPWL          39338.0 u
delta HPWL                    2 %

estimate_parasitics -placement
repair_timing -setup_margin 0 -hold_margin 0 -repair_tns 100 -verbose
[INFO RSZ-0100] Repair move sequence: UnbufferMove SizeUpMove SwapPinsMove BufferMove CloneMove SplitLoadMove 
[INFO RSZ-0094] Found 815 endpoints with setup violations.
[INFO RSZ-0099] Repairing 815 out of 815 (100.00%) violating endpoints...
   Iter   | Removed | Resized | Inserted | Cloned |  Pin  |   Area   |    WNS   |   TNS      |  Viol  | Worst
          | Buffers |  Gates  | Buffers  |  Gates | Swaps |          |          |            | Endpts | Endpt
--------------------------------------------------------------------------------------------------------------
        0 |       0 |       0 |        0 |      0 |     0 |    +0.0% | -318.367 |   -35205.1 |    815 | io_out_REG[0]$_DFF_P_/D
       10 |       0 |       2 |        8 |      0 |     4 |    +0.1% | -316.668 |   -35155.4 |    815 | io_out_REG[0]$_DFF_P_/D
       20 |       0 |       2 |       16 |      0 |    10 |    +0.1% | -312.345 |   -35146.0 |    815 | io_out_REG[0]$_DFF_P_/D
       30 |       0 |       6 |       17 |      1 |    14 |    +0.1% | -298.390 |   -35122.2 |    815 | io_out_REG[0]$_DFF_P_/D
       40 |       0 |       8 |       20 |      1 |    19 |    +0.1% | -293.004 |   -35115.4 |    815 | io_out_REG[0]$_DFF_P_/D
       50 |       0 |      12 |       21 |      1 |    24 |    +0.2% | -296.944 |   -35119.3 |    815 | io_out_REG[0]$_DFF_P_/D
       60 |       0 |      13 |       26 |      1 |    30 |    +0.2% | -291.664 |   -35114.1 |    815 | io_out_REG[0]$_DFF_P_/D
       70 |       0 |      15 |       26 |      1 |    38 |    +0.2% | -290.697 |   -35113.1 |    815 | io_out_REG[0]$_DFF_P_/D
       80 |       0 |      17 |       27 |      1 |    45 |    +0.2% | -287.536 |   -35109.9 |    815 | io_out_REG[0]$_DFF_P_/D
       80 |       0 |      17 |       27 |      1 |    45 |    +0.2% | -287.536 |   -35109.9 |    815 | io_out_REG[0]$_DFF_P_/D
       90 |       0 |      23 |       28 |      1 |    47 |    +0.2% | -287.536 |   -32270.2 |    815 | io_out_REG[0]$_DFF_P_/D
      100 |       0 |      30 |       31 |      1 |    47 |    +0.3% | -287.536 |   -30832.3 |    815 | io_out_REG[0]$_DFF_P_/D
      110 |       0 |      38 |       34 |      1 |    48 |    +0.3% | -287.536 |   -30425.7 |    815 | io_out_REG[0]$_DFF_P_/D
      120 |       0 |      44 |       35 |      3 |    49 |    +0.3% | -287.536 |   -30309.0 |    815 | io_out_REG[0]$_DFF_P_/D
      130 |       0 |      50 |       37 |      5 |    49 |    +0.4% | -287.536 |   -30160.1 |    815 | io_out_REG[0]$_DFF_P_/D
      140 |       0 |      58 |       37 |      6 |    50 |    +0.4% | -287.536 |   -30154.0 |    815 | io_out_REG[0]$_DFF_P_/D
      150 |       0 |      64 |       39 |      6 |    52 |    +0.4% | -287.536 |   -30074.1 |    815 | io_out_REG[0]$_DFF_P_/D
      160 |       0 |      66 |       44 |      8 |    53 |    +0.5% | -287.536 |   -30261.0 |    815 | io_out_REG[0]$_DFF_P_/D
      168 |       0 |      49 |       36 |      3 |    49 |    +0.4% | -287.536 |   -29961.1 |    815 | io_out_REG[0]$_DFF_P_/D
      170 |       0 |      50 |       36 |      3 |    49 |    +0.4% | -287.536 |   -30015.2 |    815 | io_out_REG[0]$_DFF_P_/D
      180 |       0 |      58 |       37 |      4 |    49 |    +0.4% | -287.536 |   -30049.8 |    815 | io_out_REG[0]$_DFF_P_/D
      190 |       0 |      62 |       42 |      5 |    49 |    +0.4% | -287.536 |   -29968.6 |    815 | io_out_REG[0]$_DFF_P_/D
      200 |       0 |      67 |       45 |      5 |    52 |    +0.5% | -287.536 |   -29938.2 |    815 | io_out_REG[0]$_DFF_P_/D
      207 |       0 |      71 |       47 |      5 |    53 |    +0.5% | -287.536 |   -29938.5 |    815 | io_out_REG[0]$_DFF_P_/D
      210 |       0 |      71 |       47 |      5 |    55 |    +0.5% | -287.536 |   -29930.0 |    815 | io_out_REG[0]$_DFF_P_/D
      220 |       0 |      73 |       51 |      5 |    61 |    +0.5% | -287.536 |   -29890.9 |    815 | io_out_REG[0]$_DFF_P_/D
      230 |       0 |      76 |       54 |      5 |    65 |    +0.6% | -287.741 |   -29855.4 |    815 | io_out_REG[0]$_DFF_P_/D
      234 |       0 |      73 |       51 |      5 |    62 |    +0.5% | -287.536 |   -29890.1 |    815 | io_out_REG[0]$_DFF_P_/D
      240 |       0 |      75 |       51 |      5 |    65 |    +0.5% | -287.536 |   -29896.0 |    815 | io_out_REG[0]$_DFF_P_/D
      250 |       0 |      82 |       51 |      6 |    67 |    +0.6% | -287.536 |   -29843.8 |    815 | io_out_REG[0]$_DFF_P_/D
      258 |       0 |      87 |       51 |      6 |    68 |    +0.6% | -287.536 |   -29832.9 |    815 | io_out_REG[0]$_DFF_P_/D
      260 |       0 |      88 |       51 |      6 |    68 |    +0.6% | -287.536 |   -29830.7 |    815 | io_out_REG[0]$_DFF_P_/D
      270 |       0 |      94 |       52 |      9 |    68 |    +0.6% | -287.536 |   -29951.6 |    815 | io_out_REG[0]$_DFF_P_/D
      278 |       0 |      90 |       51 |      6 |    68 |    +0.6% | -287.536 |   -29826.5 |    815 | io_out_REG[0]$_DFF_P_/D
      280 |       0 |      91 |       51 |      6 |    68 |    +0.6% | -287.741 |   -29791.3 |    815 | io_out_REG[0]$_DFF_P_/D
      290 |       0 |      94 |       54 |      6 |    73 |    +0.6% | -288.816 |   -29754.2 |    815 | io_out_REG[0]$_DFF_P_/D
      300 |       0 |      98 |       56 |      6 |    77 |    +0.6% | -288.816 |   -29769.8 |    815 | io_out_REG[0]$_DFF_P_/D
      307 |       0 |      90 |       51 |      6 |    68 |    +0.6% | -287.536 |   -29826.5 |    815 | io_out_REG[0]$_DFF_P_/D
      310 |       0 |      90 |       53 |      6 |    68 |    +0.6% | -287.536 |   -29824.3 |    815 | io_out_REG[0]$_DFF_P_/D
      319 |       0 |      95 |       53 |      7 |    71 |    +0.6% | -287.536 |   -29836.5 |    815 | io_out_REG[0]$_DFF_P_/D
      320 |       0 |      95 |       53 |      7 |    71 |    +0.6% | -287.536 |   -29836.5 |    815 | io_out_REG[0]$_DFF_P_/D
      330 |       0 |      99 |       57 |      7 |    74 |    +0.6% | -288.816 |   -29804.8 |    815 | io_out_REG[0]$_DFF_P_/D
      335 |       0 |      95 |       53 |      7 |    71 |    +0.6% | -287.536 |   -29836.5 |    815 | io_out_REG[0]$_DFF_P_/D
      340 |       0 |      98 |       53 |      8 |    71 |    +0.6% | -287.536 |   -29845.4 |    815 | io_out_REG[0]$_DFF_P_/D
      350 |       0 |     104 |       54 |     10 |    72 |    +0.6% | -287.536 |   -29962.3 |    815 | io_out_REG[0]$_DFF_P_/D
      360 |       0 |     106 |       57 |     10 |    77 |    +0.7% | -287.536 |   -30306.3 |    815 | io_out_REG[0]$_DFF_P_/D
      360 |       0 |     100 |       53 |      8 |    72 |    +0.6% | -287.536 |   -29846.8 |    815 | io_out_REG[0]$_DFF_P_/D
      370 |       0 |     103 |       56 |      8 |    76 |    +0.6% | -288.816 |   -29842.3 |    815 | io_out_REG[0]$_DFF_P_/D
      374 |       0 |     100 |       53 |      8 |    72 |    +0.6% | -287.536 |   -29846.8 |    815 | io_out_REG[0]$_DFF_P_/D
      380 |       0 |     102 |       54 |      8 |    74 |    +0.6% | -287.741 |   -29826.7 |    815 | io_out_REG[0]$_DFF_P_/D
      389 |       0 |     100 |       53 |      8 |    73 |    +0.6% | -287.536 |   -29840.3 |    815 | io_out_REG[0]$_DFF_P_/D
      390 |       0 |     100 |       53 |      8 |    73 |    +0.6% | -287.536 |   -29840.3 |    815 | io_out_REG[0]$_DFF_P_/D
      400 |       0 |     105 |       55 |     10 |    74 |    +0.6% | -287.536 |   -29950.8 |    815 | io_out_REG[0]$_DFF_P_/D
      404 |       0 |     102 |       53 |      8 |    73 |    +0.6% | -287.536 |   -29831.9 |    815 | io_out_REG[0]$_DFF_P_/D
      410 |       0 |     106 |       53 |      8 |    74 |    +0.6% | -287.536 |   -29823.4 |    815 | io_out_REG[0]$_DFF_P_/D
      420 |       0 |     110 |       55 |      8 |    78 |    +0.6% | -287.536 |   -30151.9 |    815 | io_out_REG[0]$_DFF_P_/D
      423 |       0 |     111 |       58 |      8 |    79 |    +0.7% | -287.536 |   -30149.7 |    815 | io_out_REG[0]$_DFF_P_/D
      426 |       0 |     111 |       58 |      8 |    79 |    +0.7% | -287.536 |   -30149.7 |    815 | io_out_REG[0]$_DFF_P_/D
      430 |       0 |     111 |       59 |      8 |    81 |    +0.7% | -287.536 |   -30151.1 |    815 | io_out_REG[0]$_DFF_P_/D
      440 |       0 |     111 |       69 |      8 |    81 |    +0.7% | -287.536 |   -30259.1 |    815 | io_out_REG[0]$_DFF_P_/D
      450 |       3 |     111 |       73 |      8 |    84 |    +0.7% | -287.536 |   -30256.6 |    815 | io_out_REG[0]$_DFF_P_/D
      460 |       8 |     111 |       78 |      8 |    84 |    +0.7% | -287.536 |   -30256.6 |    815 | io_out_REG[0]$_DFF_P_/D
      470 |      13 |     111 |       83 |      8 |    84 |    +0.7% | -287.536 |   -30256.6 |    815 | io_out_REG[0]$_DFF_P_/D
      479 |       0 |     111 |       58 |      8 |    81 |    +0.7% | -287.536 |   -30140.6 |    815 | io_out_REG[0]$_DFF_P_/D
      480 |       0 |     111 |       58 |      8 |    81 |    +0.7% | -287.536 |   -30140.6 |    815 | io_out_REG[0]$_DFF_P_/D
      490 |       0 |     118 |       59 |     10 |    81 |    +0.7% | -287.536 |   -30252.1 |    815 | io_out_REG[0]$_DFF_P_/D
      500 |       0 |     124 |       59 |     12 |    83 |    +0.7% | -287.536 |   -30235.7 |    815 | io_out_REG[0]$_DFF_P_/D
      503 |       0 |     115 |       58 |      8 |    81 |    +0.7% | -287.536 |   -30121.9 |    815 | io_out_REG[0]$_DFF_P_/D
      510 |       0 |     117 |       59 |      8 |    84 |    +0.7% | -287.536 |   -30122.7 |    815 | io_out_REG[0]$_DFF_P_/D
      510 |       0 |     115 |       58 |      8 |    81 |    +0.7% | -287.536 |   -30121.9 |    815 | io_out_REG[0]$_DFF_P_/D
      519 |       1 |     116 |       59 |      8 |    85 |    +0.7% | -287.513 |   -30111.6 |    815 | io_out_REG[0]$_DFF_P_/D
      520 |       1 |     116 |       59 |      8 |    85 |    +0.7% | -287.513 |   -30111.6 |    815 | io_out_REG[0]$_DFF_P_/D
      530 |       1 |     120 |       61 |     10 |    87 |    +0.7% | -287.513 |   -30236.4 |    815 | io_out_REG[0]$_DFF_P_/D
      534 |       1 |     117 |       59 |      8 |    85 |    +0.7% | -287.513 |   -30111.1 |    815 | io_out_REG[0]$_DFF_P_/D
      540 |       1 |     119 |       60 |      8 |    87 |    +0.7% | -287.718 |   -30061.7 |    815 | io_out_REG[0]$_DFF_P_/D
      550 |       1 |     122 |       62 |      8 |    92 |    +0.7% | -287.718 |   -30053.3 |    815 | io_out_REG[0]$_DFF_P_/D
      552 |       1 |     117 |       59 |      8 |    85 |    +0.7% | -287.513 |   -30111.1 |    815 | io_out_REG[0]$_DFF_P_/D
      560 |       1 |     121 |       62 |      8 |    85 |    +0.7% | -287.718 |   -30077.5 |    815 | io_out_REG[0]$_DFF_P_/D
      562 |       1 |     117 |       59 |      8 |    85 |    +0.7% | -287.513 |   -30111.1 |    815 | io_out_REG[0]$_DFF_P_/D
      570 |       1 |     122 |       60 |      8 |    86 |    +0.7% | -287.513 |   -30129.4 |    815 | io_out_REG[0]$_DFF_P_/D
      576 |       1 |     123 |       62 |     10 |    88 |    +0.7% | -287.513 |   -30095.4 |    815 | io_out_REG[0]$_DFF_P_/D
      580 |       1 |     123 |       63 |     10 |    90 |    +0.7% | -287.513 |   -30095.2 |    815 | io_out_REG[0]$_DFF_P_/D
      584 |       1 |     123 |       63 |     10 |    88 |    +0.7% | -287.513 |   -30093.1 |    815 | io_out_REG[0]$_DFF_P_/D
      590 |       1 |     123 |       65 |     10 |    91 |    +0.7% | -287.513 |   -30086.6 |    815 | io_out_REG[0]$_DFF_P_/D
      600 |       1 |     124 |       72 |     10 |    93 |    +0.8% | -287.513 |   -30117.3 |    815 | io_out_REG[0]$_DFF_P_/D
      610 |       1 |     129 |       72 |     10 |    98 |    +0.8% | -288.579 |   -30130.3 |    815 | io_out_REG[0]$_DFF_P_/D
      620 |       1 |     132 |       75 |     11 |   101 |    +0.8% | -287.513 |   -30212.3 |    815 | io_out_REG[0]$_DFF_P_/D
      630 |       4 |     133 |       78 |     11 |   104 |    +0.8% | -287.513 |   -30157.7 |    815 | io_out_REG[0]$_DFF_P_/D
      640 |       9 |     133 |       83 |     11 |   104 |    +0.8% | -287.513 |   -30157.7 |    815 | io_out_REG[0]$_DFF_P_/D
      645 |       1 |     123 |       68 |     10 |    93 |    +0.8% | -287.513 |   -30087.2 |    815 | io_out_REG[0]$_DFF_P_/D
      650 |       1 |     123 |       69 |     10 |    96 |    +0.8% | -287.513 |   -30096.1 |    815 | io_out_REG[0]$_DFF_P_/D
      651 |       1 |     123 |       68 |     10 |    96 |    +0.8% | -287.513 |   -30083.9 |    815 | io_out_REG[0]$_DFF_P_/D
      660 |       1 |     126 |       70 |     10 |    99 |    +0.8% | -288.579 |   -30090.8 |    815 | io_out_REG[0]$_DFF_P_/D
      667 |       1 |     124 |       69 |     10 |    99 |    +0.8% | -287.513 |   -30076.5 |    815 | io_out_REG[0]$_DFF_P_/D
      670 |       1 |     126 |       69 |     10 |    99 |    +0.8% | -288.793 |   -30064.1 |    815 | io_out_REG[0]$_DFF_P_/D
      680 |       1 |     130 |       74 |     10 |   101 |    +0.8% | -288.793 |   -30031.2 |    815 | io_out_REG[0]$_DFF_P_/D
      680 |       1 |     124 |       69 |     10 |    99 |    +0.8% | -287.513 |   -30076.5 |    815 | io_out_REG[0]$_DFF_P_/D
      687 |       1 |     126 |       70 |     10 |   100 |    +0.8% | -287.513 |   -30075.2 |    815 | io_out_REG[0]$_DFF_P_/D
      690 |       1 |     126 |       70 |     10 |   102 |    +0.8% | -287.513 |   -30075.2 |    815 | io_out_REG[0]$_DFF_P_/D
      694 |       1 |     126 |       70 |     10 |   101 |    +0.8% | -287.513 |   -30074.4 |    815 | io_out_REG[0]$_DFF_P_/D
      700 |       1 |     126 |       71 |     10 |   105 |    +0.8% | -287.513 |   -30063.9 |    815 | io_out_REG[0]$_DFF_P_/D
      700 |       1 |     126 |       71 |     10 |   105 |    +0.8% | -287.513 |   -30063.9 |    815 | io_out_REG[0]$_DFF_P_/D
      709 |       1 |     126 |       71 |     10 |   105 |    +0.8% | -287.513 |   -30063.9 |    815 | io_out_REG[0]$_DFF_P_/D
      710 |       1 |     126 |       71 |     10 |   105 |    +0.8% | -287.513 |   -30063.9 |    815 | io_out_REG[0]$_DFF_P_/D
      712 |       1 |     126 |       71 |     10 |   107 |    +0.8% | -287.513 |   -30062.1 |    815 | io_out_REG[0]$_DFF_P_/D
      719 |       1 |     128 |       72 |     10 |   110 |    +0.8% | -287.513 |   -30049.2 |    815 | io_out_REG[0]$_DFF_P_/D
      720 |       1 |     128 |       72 |     10 |   110 |    +0.8% | -287.513 |   -30049.2 |    815 | io_out_REG[0]$_DFF_P_/D
      730 |       1 |     131 |       76 |     10 |   113 |    +0.8% | -287.513 |   -30068.7 |    815 | io_out_REG[0]$_DFF_P_/D
      739 |       1 |     128 |       73 |     10 |   111 |    +0.8% | -287.513 |   -30048.4 |    815 | io_out_REG[0]$_DFF_P_/D
      740 |       1 |     128 |       73 |     10 |   111 |    +0.8% | -287.513 |   -30048.4 |    815 | io_out_REG[0]$_DFF_P_/D
      742 |       1 |     128 |       73 |     10 |   113 |    +0.8% | -287.513 |   -30043.4 |    815 | io_out_REG[0]$_DFF_P_/D
      746 |       1 |     128 |       73 |     10 |   115 |    +0.8% | -287.513 |   -30039.7 |    815 | io_out_REG[0]$_DFF_P_/D
      750 |       1 |     128 |       73 |     10 |   118 |    +0.8% | -287.513 |   -30033.8 |    815 | io_out_REG[0]$_DFF_P_/D
      755 |       1 |     128 |       73 |     10 |   118 |    +0.8% | -287.513 |   -30033.8 |    815 | io_out_REG[0]$_DFF_P_/D
      760 |       1 |     129 |       73 |     10 |   121 |    +0.8% | -287.548 |   -30022.4 |    815 | io_out_REG[0]$_DFF_P_/D
      763 |       1 |     128 |       73 |     10 |   121 |    +0.8% | -287.513 |   -30029.0 |    815 | io_out_REG[0]$_DFF_P_/D
      770 |       1 |     130 |       76 |     10 |   122 |    +0.8% | -287.513 |   -30100.5 |    815 | io_out_REG[0]$_DFF_P_/D
      774 |       1 |     128 |       73 |     10 |   121 |    +0.8% | -287.513 |   -30029.0 |    815 | io_out_REG[0]$_DFF_P_/D
      779 |       1 |     128 |       73 |     10 |   121 |    +0.8% | -287.513 |   -30029.0 |    815 | io_out_REG[0]$_DFF_P_/D
      780 |       1 |     128 |       73 |     10 |   121 |    +0.8% | -287.513 |   -30029.0 |    815 | io_out_REG[0]$_DFF_P_/D
      782 |       1 |     128 |       73 |     11 |   122 |    +0.8% | -287.513 |   -30042.7 |    815 | io_out_REG[0]$_DFF_P_/D
      790 |       1 |     131 |       75 |     12 |   123 |    +0.8% | -289.763 |   -30075.4 |    815 | io_out_REG[0]$_DFF_P_/D
      792 |       1 |     128 |       73 |     11 |   123 |    +0.8% | -287.513 |   -30042.0 |    815 | io_out_REG[0]$_DFF_P_/D
      796 |       1 |     129 |       73 |     11 |   124 |    +0.8% | -287.513 |   -30040.7 |    815 | io_out_REG[0]$_DFF_P_/D
      800 |       1 |     130 |       74 |     12 |   124 |    +0.8% | -287.513 |   -30183.6 |    815 | io_out_REG[0]$_DFF_P_/D
      807 |       1 |     129 |       73 |     11 |   124 |    +0.8% | -287.513 |   -30040.7 |    815 | io_out_REG[0]$_DFF_P_/D
      809 |       1 |     129 |       73 |     11 |   124 |    +0.8% | -287.513 |   -30040.7 |    815 | io_out_REG[0]$_DFF_P_/D
      810 |       1 |     129 |       73 |     11 |   124 |    +0.8% | -287.513 |   -30040.7 |    815 | io_out_REG[0]$_DFF_P_/D
      814 |       1 |     129 |       73 |     11 |   125 |    +0.8% | -287.513 |   -30034.3 |    815 | io_out_REG[0]$_DFF_P_/D
      815 |       1 |     129 |       73 |     11 |   125 |    +0.8% | -287.513 |   -30034.3 |    815 | io_out_REG[0]$_DFF_P_/D
      817 |       2 |     129 |       73 |     11 |   125 |    +0.8% | -287.513 |   -30022.9 |    815 | io_out_REG[0]$_DFF_P_/D
      820 |       2 |     130 |       73 |     11 |   126 |    +0.8% | -287.513 |   -30016.5 |    815 | io_out_REG[0]$_DFF_P_/D
      827 |       2 |     130 |       73 |     11 |   126 |    +0.8% | -287.513 |   -30016.5 |    815 | io_out_REG[0]$_DFF_P_/D
      830 |       2 |     131 |       73 |     11 |   127 |    +0.8% | -287.513 |   -30014.1 |    815 | io_out_REG[0]$_DFF_P_/D
      833 |       2 |     131 |       73 |     11 |   127 |    +0.8% | -287.513 |   -30014.1 |    815 | io_out_REG[0]$_DFF_P_/D
      840 |       2 |     132 |       77 |     11 |   128 |    +0.8% | -287.718 |   -29996.1 |    815 | io_out_REG[0]$_DFF_P_/D
      842 |       2 |     131 |       73 |     11 |   127 |    +0.8% | -287.513 |   -30014.1 |    815 | io_out_REG[0]$_DFF_P_/D
      846 |       2 |     131 |       73 |     11 |   130 |    +0.8% | -287.513 |   -30013.3 |    815 | io_out_REG[0]$_DFF_P_/D
      850 |       2 |     133 |       73 |     11 |   131 |    +0.8% | -288.793 |   -30002.1 |    815 | io_out_REG[0]$_DFF_P_/D
      858 |       2 |     131 |       73 |     11 |   130 |    +0.8% | -287.513 |   -30013.3 |    815 | io_out_REG[0]$_DFF_P_/D
      860 |       2 |     131 |       73 |     11 |   131 |    +0.8% | -287.513 |   -30012.4 |    815 | io_out_REG[0]$_DFF_P_/D
      862 |       2 |     131 |       73 |     11 |   133 |    +0.8% | -287.513 |   -30012.3 |    815 | io_out_REG[0]$_DFF_P_/D
      870 |       2 |     136 |       74 |     11 |   134 |    +0.8% | -287.718 |   -29986.8 |    815 | io_out_REG[0]$_DFF_P_/D
      880 |       2 |     140 |       77 |     12 |   136 |    +0.9% | -289.978 |   -30020.3 |    815 | io_out_REG[0]$_DFF_P_/D
      884 |       2 |     133 |       74 |     11 |   133 |    +0.8% | -287.513 |   -30000.1 |    815 | io_out_REG[0]$_DFF_P_/D
      890 |       2 |     137 |       74 |     11 |   134 |    +0.8% | -288.793 |   -29973.8 |    815 | io_out_REG[0]$_DFF_P_/D
      896 |       2 |     133 |       74 |     11 |   133 |    +0.8% | -287.513 |   -30000.1 |    815 | io_out_REG[0]$_DFF_P_/D
      899 |       2 |     133 |       74 |     11 |   135 |    +0.8% | -287.513 |   -29991.4 |    815 | io_out_REG[0]$_DFF_P_/D
      900 |       2 |     133 |       74 |     11 |   135 |    +0.8% | -287.513 |   -29991.4 |    815 | io_out_REG[0]$_DFF_P_/D
      910 |       2 |     138 |       78 |     11 |   137 |    +0.9% | -288.793 |   -30006.7 |    815 | io_out_REG[0]$_DFF_P_/D
      910 |       2 |     133 |       74 |     11 |   135 |    +0.8% | -287.513 |   -29991.4 |    815 | io_out_REG[0]$_DFF_P_/D
      913 |       2 |     133 |       74 |     11 |   135 |    +0.8% | -287.513 |   -29991.4 |    815 | io_out_REG[0]$_DFF_P_/D
      916 |       2 |     133 |       75 |     11 |   136 |    +0.8% | -287.450 |   -30002.4 |    815 | io_out_REG[0]$_DFF_P_/D
      920 |       2 |     134 |       76 |     11 |   137 |    +0.8% | -287.485 |   -29994.3 |    815 | io_out_REG[0]$_DFF_P_/D
      920 |       2 |     133 |       76 |     11 |   137 |    +0.8% | -287.450 |   -30002.9 |    815 | io_out_REG[0]$_DFF_P_/D
      922 |       2 |     133 |       76 |     11 |   138 |    +0.8% | -287.450 |   -30002.2 |    815 | io_out_REG[0]$_DFF_P_/D
      927 |       2 |     133 |       76 |     11 |   138 |    +0.8% | -287.450 |   -30002.2 |    815 | io_out_REG[0]$_DFF_P_/D
      930 |       2 |     133 |       76 |     11 |   140 |    +0.8% | -287.450 |   -29997.6 |    815 | io_out_REG[0]$_DFF_P_/D
      938 |       2 |     133 |       76 |     11 |   140 |    +0.8% | -287.450 |   -29997.6 |    815 | io_out_REG[0]$_DFF_P_/D
      940 |       2 |     133 |       76 |     11 |   141 |    +0.8% | -287.450 |   -29994.8 |    815 | io_out_REG[0]$_DFF_P_/D
      949 |       2 |     134 |       76 |     11 |   147 |    +0.8% | -287.450 |   -29984.5 |    815 | io_out_REG[0]$_DFF_P_/D
      950 |       2 |     134 |       76 |     11 |   147 |    +0.8% | -287.450 |   -29984.5 |    815 | io_out_REG[0]$_DFF_P_/D
      958 |       2 |     135 |       76 |     11 |   153 |    +0.8% | -287.450 |   -29973.1 |    815 | io_out_REG[0]$_DFF_P_/D
      960 |       2 |     135 |       76 |     11 |   154 |    +0.8% | -287.450 |   -29976.1 |    815 | io_out_REG[0]$_DFF_P_/D
      967 |       2 |     135 |       76 |     11 |   160 |    +0.8% | -287.450 |   -29969.2 |    815 | io_out_REG[0]$_DFF_P_/D
      970 |       2 |     135 |       76 |     11 |   162 |    +0.8% | -287.450 |   -29973.3 |    815 | io_out_REG[0]$_DFF_P_/D
      976 |       2 |     135 |       76 |     11 |   160 |    +0.8% | -287.450 |   -29969.2 |    815 | io_out_REG[0]$_DFF_P_/D
      980 |       2 |     135 |       76 |     11 |   163 |    +0.8% | -287.450 |   -29980.0 |    815 | io_out_REG[0]$_DFF_P_/D
      984 |       2 |     135 |       76 |     11 |   161 |    +0.8% | -287.450 |   -29968.0 |    815 | io_out_REG[0]$_DFF_P_/D
      990 |       2 |     135 |       76 |     11 |   166 |    +0.8% | -287.450 |   -29981.7 |    815 | io_out_REG[0]$_DFF_P_/D
      992 |       2 |     135 |       76 |     11 |   162 |    +0.8% | -287.450 |   -29966.1 |    815 | io_out_REG[0]$_DFF_P_/D
     1000 |       2 |     135 |       76 |     11 |   169 |    +0.8% | -287.450 |   -29964.3 |    815 | io_out_REG[0]$_DFF_P_/D
     1004 |       2 |     135 |       76 |     11 |   166 |    +0.8% | -287.450 |   -29965.0 |    815 | io_out_REG[0]$_DFF_P_/D
     1005 |       2 |     135 |       76 |     11 |   166 |    +0.8% | -287.450 |   -29965.0 |    815 | io_out_REG[0]$_DFF_P_/D
     1010 |       2 |     135 |       76 |     11 |   170 |    +0.8% | -287.450 |   -29970.0 |    815 | io_out_REG[0]$_DFF_P_/D
     1011 |       2 |     135 |       76 |     11 |   167 |    +0.8% | -287.450 |   -29963.8 |    815 | io_out_REG[0]$_DFF_P_/D
     1019 |       2 |     135 |       76 |     11 |   168 |    +0.8% | -287.450 |   -29962.3 |    815 | io_out_REG[0]$_DFF_P_/D
     1020 |       2 |     135 |       76 |     11 |   168 |    +0.8% | -287.450 |   -29962.3 |    815 | io_out_REG[0]$_DFF_P_/D
     1028 |       2 |     135 |       76 |     11 |   174 |    +0.8% | -287.450 |   -29959.5 |    815 | io_out_REG[0]$_DFF_P_/D
     1029 |       2 |     135 |       76 |     11 |   174 |    +0.8% | -287.450 |   -29959.5 |    815 | io_out_REG[0]$_DFF_P_/D
     1030 |       2 |     135 |       76 |     11 |   174 |    +0.8% | -287.450 |   -29959.5 |    815 | io_out_REG[0]$_DFF_P_/D
     1038 |       2 |     135 |       76 |     11 |   175 |    +0.8% | -287.450 |   -29958.8 |    815 | io_out_REG[0]$_DFF_P_/D
     1040 |       2 |     135 |       76 |     11 |   176 |    +0.8% | -287.450 |   -29962.7 |    815 | io_out_REG[0]$_DFF_P_/D
     1047 |       2 |     136 |       76 |     11 |   182 |    +0.8% | -287.450 |   -29957.0 |    815 | io_out_REG[0]$_DFF_P_/D
     1050 |       2 |     136 |       76 |     11 |   184 |    +0.8% | -287.450 |   -29965.2 |    815 | io_out_REG[0]$_DFF_P_/D
     1055 |       2 |     136 |       76 |     11 |   182 |    +0.8% | -287.450 |   -29957.0 |    815 | io_out_REG[0]$_DFF_P_/D
     1059 |       2 |     137 |       76 |     11 |   184 |    +0.8% | -287.450 |   -29939.5 |    815 | io_out_REG[0]$_DFF_P_/D
     1060 |       2 |     137 |       76 |     11 |   184 |    +0.8% | -287.450 |   -29939.5 |    815 | io_out_REG[0]$_DFF_P_/D
     1067 |       2 |     137 |       76 |     11 |   186 |    +0.8% | -287.450 |   -29933.5 |    815 | io_out_REG[0]$_DFF_P_/D
     1070 |       2 |     137 |       76 |     11 |   188 |    +0.8% | -287.450 |   -29935.3 |    815 | io_out_REG[0]$_DFF_P_/D
     1076 |       2 |     137 |       76 |     11 |   187 |    +0.8% | -287.450 |   -29932.4 |    815 | io_out_REG[0]$_DFF_P_/D
     1080 |       2 |     137 |       76 |     11 |   190 |    +0.8% | -287.450 |   -29931.2 |    815 | io_out_REG[0]$_DFF_P_/D
     1086 |       2 |     137 |       76 |     11 |   196 |    +0.8% | -287.450 |   -29926.3 |    815 | io_out_REG[0]$_DFF_P_/D
     1090 |       2 |     137 |       76 |     11 |   199 |    +0.8% | -287.450 |   -29934.4 |    815 | io_out_REG[0]$_DFF_P_/D
     1094 |       2 |     137 |       76 |     11 |   196 |    +0.8% | -287.450 |   -29926.3 |    815 | io_out_REG[0]$_DFF_P_/D
     1095 |       2 |     137 |       76 |     11 |   196 |    +0.8% | -287.450 |   -29926.3 |    815 | io_out_REG[0]$_DFF_P_/D
     1096 |       2 |     137 |       76 |     11 |   196 |    +0.8% | -287.450 |   -29926.3 |    815 | io_out_REG[0]$_DFF_P_/D
     1097 |       2 |     137 |       76 |     11 |   196 |    +0.8% | -287.450 |   -29926.3 |    815 | io_out_REG[0]$_DFF_P_/D
     1098 |       2 |     137 |       76 |     11 |   196 |    +0.8% | -287.450 |   -29926.3 |    815 | io_out_REG[0]$_DFF_P_/D
     1099 |       2 |     137 |       76 |     11 |   196 |    +0.8% | -287.450 |   -29926.3 |    815 | io_out_REG[0]$_DFF_P_/D
     1100 |       2 |     137 |       76 |     11 |   196 |    +0.8% | -287.450 |   -29926.3 |    815 | io_out_REG[0]$_DFF_P_/D
     1100 |       2 |     137 |       76 |     11 |   196 |    +0.8% | -287.450 |   -29926.3 |    815 | io_out_REG[0]$_DFF_P_/D
     1108 |       2 |     137 |       76 |     11 |   201 |    +0.8% | -287.450 |   -29924.9 |    815 | io_out_REG[0]$_DFF_P_/D
     1110 |       2 |     137 |       76 |     11 |   202 |    +0.8% | -287.450 |   -29927.8 |    815 | io_out_REG[0]$_DFF_P_/D
     1116 |       2 |     137 |       76 |     11 |   201 |    +0.8% | -287.450 |   -29924.9 |    815 | io_out_REG[0]$_DFF_P_/D
     1117 |       2 |     137 |       76 |     11 |   201 |    +0.8% | -287.450 |   -29924.9 |    815 | io_out_REG[0]$_DFF_P_/D
     1120 |       2 |     137 |       76 |     11 |   203 |    +0.8% | -287.450 |   -29921.8 |    815 | io_out_REG[0]$_DFF_P_/D
     1120 |       2 |     137 |       76 |     11 |   203 |    +0.8% | -287.450 |   -29921.8 |    815 | io_out_REG[0]$_DFF_P_/D
     1123 |       2 |     137 |       76 |     11 |   203 |    +0.8% | -287.450 |   -29921.8 |    815 | io_out_REG[0]$_DFF_P_/D
     1124 |       2 |     137 |       76 |     11 |   203 |    +0.8% | -287.450 |   -29921.8 |    815 | io_out_REG[0]$_DFF_P_/D
     1125 |       2 |     137 |       76 |     11 |   203 |    +0.8% | -287.450 |   -29921.8 |    815 | io_out_REG[0]$_DFF_P_/D
     1129 |       2 |     138 |       76 |     11 |   205 |    +0.8% | -287.450 |   -29919.6 |    815 | io_out_REG[0]$_DFF_P_/D
     1130 |       2 |     138 |       76 |     11 |   205 |    +0.8% | -287.450 |   -29919.6 |    815 | io_out_REG[0]$_DFF_P_/D
     1130 |       2 |     138 |       76 |     11 |   205 |    +0.8% | -287.450 |   -29919.6 |    815 | io_out_REG[0]$_DFF_P_/D
     1131 |       2 |     138 |       76 |     11 |   205 |    +0.8% | -287.450 |   -29919.6 |    815 | io_out_REG[0]$_DFF_P_/D
     1138 |       2 |     138 |       76 |     11 |   205 |    +0.8% | -287.450 |   -29919.6 |    815 | io_out_REG[0]$_DFF_P_/D
     1140 |       2 |     138 |       76 |     11 |   206 |    +0.8% | -287.450 |   -29922.1 |    815 | io_out_REG[0]$_DFF_P_/D
     1140 |       2 |     138 |       76 |     11 |   205 |    +0.8% | -287.450 |   -29919.6 |    815 | io_out_REG[0]$_DFF_P_/D
     1141 |       2 |     138 |       76 |     11 |   205 |    +0.8% | -287.450 |   -29919.6 |    815 | io_out_REG[0]$_DFF_P_/D
     1142 |       2 |     138 |       76 |     11 |   205 |    +0.8% | -287.450 |   -29919.6 |    815 | io_out_REG[0]$_DFF_P_/D
     1143 |       2 |     138 |       76 |     11 |   205 |    +0.8% | -287.450 |   -29919.6 |    815 | io_out_REG[0]$_DFF_P_/D
     1144 |       2 |     138 |       76 |     11 |   205 |    +0.8% | -287.450 |   -29919.6 |    815 | io_out_REG[0]$_DFF_P_/D
     1145 |       2 |     138 |       76 |     11 |   205 |    +0.8% | -287.450 |   -29919.6 |    815 | io_out_REG[0]$_DFF_P_/D
     1146 |       2 |     138 |       76 |     11 |   205 |    +0.8% | -287.450 |   -29919.6 |    815 | io_out_REG[0]$_DFF_P_/D
     1150 |       2 |     141 |       76 |     11 |   205 |    +0.8% | -287.450 |   -29010.9 |    815 | io_out_REG[0]$_DFF_P_/D
     1160 |       2 |     146 |       78 |     12 |   207 |    +0.9% | -287.450 |   -25748.1 |    815 | io_out_REG[0]$_DFF_P_/D
     1169 |       2 |     152 |       80 |     13 |   207 |    +0.9% | -287.450 |   -23592.3 |    813 | io_out_REG[0]$_DFF_P_/D
     1170 |       2 |     152 |       80 |     13 |   207 |    +0.9% | -287.450 |   -23592.3 |    813 | io_out_REG[0]$_DFF_P_/D
     1170 |       2 |     152 |       80 |     13 |   207 |    +0.9% | -287.450 |   -23592.3 |    812 | io_out_REG[0]$_DFF_P_/D
     1174 |       2 |     155 |       80 |     13 |   207 |    +0.9% | -287.450 |   -23388.8 |    810 | io_out_REG[0]$_DFF_P_/D
     1175 |       2 |     155 |       80 |     13 |   207 |    +0.9% | -287.450 |   -23388.8 |    809 | io_out_REG[0]$_DFF_P_/D
     1176 |       2 |     155 |       80 |     13 |   207 |    +0.9% | -287.450 |   -23388.8 |    808 | io_out_REG[0]$_DFF_P_/D
     1177 |       2 |     155 |       80 |     13 |   207 |    +0.9% | -287.450 |   -23388.8 |    807 | io_out_REG[0]$_DFF_P_/D
     1180 |       2 |     157 |       80 |     13 |   207 |    +0.9% | -287.450 |   -23383.7 |    806 | io_out_REG[0]$_DFF_P_/D
     1180 |       2 |     157 |       80 |     13 |   207 |    +0.9% | -287.450 |   -23383.7 |    805 | io_out_REG[0]$_DFF_P_/D
     1184 |       2 |     157 |       80 |     13 |   209 |    +0.9% | -287.450 |   -23382.9 |    805 | io_out_REG[0]$_DFF_P_/D
     1185 |       2 |     157 |       80 |     13 |   209 |    +0.9% | -287.450 |   -23382.9 |    804 | io_out_REG[0]$_DFF_P_/D
     1186 |       2 |     157 |       80 |     13 |   209 |    +0.9% | -287.450 |   -23382.9 |    803 | io_out_REG[0]$_DFF_P_/D
     1187 |       2 |     157 |       80 |     13 |   209 |    +0.9% | -287.450 |   -23382.9 |    802 | io_out_REG[0]$_DFF_P_/D
     1188 |       2 |     157 |       80 |     13 |   209 |    +0.9% | -287.450 |   -23382.9 |    801 | io_out_REG[0]$_DFF_P_/D
     1189 |       2 |     157 |       80 |     13 |   209 |    +0.9% | -287.450 |   -23382.9 |    800 | io_out_REG[0]$_DFF_P_/D
     1190 |       2 |     157 |       80 |     13 |   209 |    +0.9% | -287.450 |   -23382.9 |    800 | io_out_REG[0]$_DFF_P_/D
     1190 |       2 |     157 |       80 |     13 |   209 |    +0.9% | -287.450 |   -23382.9 |    799 | io_out_REG[0]$_DFF_P_/D
     1191 |       2 |     157 |       80 |     13 |   209 |    +0.9% | -287.450 |   -23382.9 |    798 | io_out_REG[0]$_DFF_P_/D
     1192 |       2 |     157 |       80 |     13 |   209 |    +0.9% | -287.450 |   -23382.9 |    797 | io_out_REG[0]$_DFF_P_/D
     1193 |       2 |     157 |       80 |     13 |   209 |    +0.9% | -287.450 |   -23382.9 |    796 | io_out_REG[0]$_DFF_P_/D
     1194 |       2 |     157 |       80 |     13 |   209 |    +0.9% | -287.450 |   -23382.9 |    795 | io_out_REG[0]$_DFF_P_/D
     1195 |       2 |     157 |       80 |     13 |   209 |    +0.9% | -287.450 |   -23382.9 |    794 | io_out_REG[0]$_DFF_P_/D
     1196 |       2 |     157 |       80 |     13 |   209 |    +0.9% | -287.450 |   -23382.9 |    793 | io_out_REG[0]$_DFF_P_/D
     1197 |       2 |     157 |       80 |     13 |   209 |    +0.9% | -287.450 |   -23382.9 |    792 | io_out_REG[0]$_DFF_P_/D
     1198 |       2 |     157 |       80 |     13 |   209 |    +0.9% | -287.450 |   -23382.9 |    791 | io_out_REG[0]$_DFF_P_/D
     1199 |       2 |     157 |       80 |     13 |   209 |    +0.9% | -287.450 |   -23382.9 |    790 | io_out_REG[0]$_DFF_P_/D
     1200 |       2 |     157 |       80 |     13 |   209 |    +0.9% | -287.450 |   -23382.9 |    790 | io_out_REG[0]$_DFF_P_/D
     1200 |       2 |     157 |       80 |     13 |   209 |    +0.9% | -287.450 |   -23382.9 |    790 | io_out_REG[0]$_DFF_P_/D
     1201 |       2 |     157 |       80 |     13 |   209 |    +0.9% | -287.450 |   -23382.9 |    789 | io_out_REG[0]$_DFF_P_/D
     1202 |       2 |     157 |       80 |     13 |   209 |    +0.9% | -287.450 |   -23382.9 |    788 | io_out_REG[0]$_DFF_P_/D
     1203 |       2 |     157 |       80 |     13 |   209 |    +0.9% | -287.450 |   -23382.9 |    787 | io_out_REG[0]$_DFF_P_/D
     1204 |       2 |     157 |       80 |     13 |   209 |    +0.9% | -287.450 |   -23382.9 |    786 | io_out_REG[0]$_DFF_P_/D
     1205 |       2 |     157 |       80 |     13 |   209 |    +0.9% | -287.450 |   -23382.9 |    785 | io_out_REG[0]$_DFF_P_/D
     1206 |       2 |     157 |       80 |     13 |   209 |    +0.9% | -287.450 |   -23382.9 |    784 | io_out_REG[0]$_DFF_P_/D
     1207 |       2 |     157 |       80 |     13 |   209 |    +0.9% | -287.450 |   -23382.9 |    783 | io_out_REG[0]$_DFF_P_/D
     1208 |       2 |     157 |       80 |     13 |   209 |    +0.9% | -287.450 |   -23382.9 |    782 | io_out_REG[0]$_DFF_P_/D
     1209 |       2 |     157 |       80 |     13 |   209 |    +0.9% | -287.450 |   -23382.9 |    781 | io_out_REG[0]$_DFF_P_/D
     1210 |       2 |     157 |       80 |     13 |   209 |    +0.9% | -287.450 |   -23382.9 |    781 | io_out_REG[0]$_DFF_P_/D
     1210 |       2 |     157 |       80 |     13 |   209 |    +0.9% | -287.450 |   -23382.9 |    780 | io_out_REG[0]$_DFF_P_/D
     1211 |       2 |     157 |       80 |     13 |   209 |    +0.9% | -287.450 |   -23382.9 |    779 | io_out_REG[0]$_DFF_P_/D
     1212 |       2 |     157 |       80 |     13 |   209 |    +0.9% | -287.450 |   -23382.9 |    778 | io_out_REG[0]$_DFF_P_/D
     1213 |       2 |     157 |       80 |     13 |   209 |    +0.9% | -287.450 |   -23382.9 |    777 | io_out_REG[0]$_DFF_P_/D
     1214 |       2 |     157 |       80 |     13 |   209 |    +0.9% | -287.450 |   -23382.9 |    776 | io_out_REG[0]$_DFF_P_/D
     1215 |       2 |     157 |       80 |     13 |   209 |    +0.9% | -287.450 |   -23382.9 |    775 | io_out_REG[0]$_DFF_P_/D
     1216 |       2 |     157 |       80 |     13 |   209 |    +0.9% | -287.450 |   -23382.9 |    774 | io_out_REG[0]$_DFF_P_/D
     1217 |       2 |     157 |       80 |     13 |   209 |    +0.9% | -287.450 |   -23382.9 |    773 | io_out_REG[0]$_DFF_P_/D
     1218 |       2 |     157 |       80 |     13 |   209 |    +0.9% | -287.450 |   -23382.9 |    772 | io_out_REG[0]$_DFF_P_/D
     1219 |       2 |     157 |       80 |     13 |   209 |    +0.9% | -287.450 |   -23382.9 |    771 | io_out_REG[0]$_DFF_P_/D
     1220 |       2 |     157 |       80 |     13 |   209 |    +0.9% | -287.450 |   -23382.9 |    771 | io_out_REG[0]$_DFF_P_/D
     1220 |       2 |     157 |       80 |     13 |   209 |    +0.9% | -287.450 |   -23382.9 |    770 | io_out_REG[0]$_DFF_P_/D
     1221 |       2 |     157 |       80 |     13 |   209 |    +0.9% | -287.450 |   -23382.9 |    769 | io_out_REG[0]$_DFF_P_/D
     1222 |       2 |     157 |       80 |     13 |   209 |    +0.9% | -287.450 |   -23382.9 |    768 | io_out_REG[0]$_DFF_P_/D
     1223 |       2 |     157 |       80 |     13 |   209 |    +0.9% | -287.450 |   -23382.9 |    767 | io_out_REG[0]$_DFF_P_/D
     1224 |       2 |     157 |       80 |     13 |   209 |    +0.9% | -287.450 |   -23382.9 |    766 | io_out_REG[0]$_DFF_P_/D
     1225 |       2 |     157 |       80 |     13 |   209 |    +0.9% | -287.450 |   -23382.9 |    765 | io_out_REG[0]$_DFF_P_/D
     1226 |       2 |     157 |       80 |     13 |   209 |    +0.9% | -287.450 |   -23382.9 |    764 | io_out_REG[0]$_DFF_P_/D
     1227 |       2 |     157 |       80 |     13 |   209 |    +0.9% | -287.450 |   -23382.9 |    763 | io_out_REG[0]$_DFF_P_/D
     1228 |       2 |     157 |       80 |     13 |   209 |    +0.9% | -287.450 |   -23382.9 |    762 | io_out_REG[0]$_DFF_P_/D
     1229 |       2 |     157 |       80 |     13 |   209 |    +0.9% | -287.450 |   -23382.9 |    761 | io_out_REG[0]$_DFF_P_/D
     1230 |       2 |     157 |       80 |     13 |   209 |    +0.9% | -287.450 |   -23382.9 |    761 | io_out_REG[0]$_DFF_P_/D
     1230 |       2 |     157 |       80 |     13 |   209 |    +0.9% | -287.450 |   -23382.9 |    760 | io_out_REG[0]$_DFF_P_/D
     1231 |       2 |     157 |       80 |     13 |   209 |    +0.9% | -287.450 |   -23382.9 |    759 | io_out_REG[0]$_DFF_P_/D
     1232 |       2 |     157 |       80 |     13 |   209 |    +0.9% | -287.450 |   -23382.9 |    758 | io_out_REG[0]$_DFF_P_/D
     1233 |       2 |     157 |       80 |     13 |   209 |    +0.9% | -287.450 |   -23382.9 |    757 | io_out_REG[0]$_DFF_P_/D
     1234 |       2 |     157 |       80 |     13 |   209 |    +0.9% | -287.450 |   -23382.9 |    756 | io_out_REG[0]$_DFF_P_/D
     1235 |       2 |     157 |       80 |     13 |   209 |    +0.9% | -287.450 |   -23382.9 |    755 | io_out_REG[0]$_DFF_P_/D
     1236 |       2 |     157 |       80 |     13 |   209 |    +0.9% | -287.450 |   -23382.9 |    754 | io_out_REG[0]$_DFF_P_/D
     1237 |       2 |     157 |       80 |     13 |   209 |    +0.9% | -287.450 |   -23382.9 |    753 | io_out_REG[0]$_DFF_P_/D
     1238 |       2 |     157 |       80 |     13 |   209 |    +0.9% | -287.450 |   -23382.9 |    752 | io_out_REG[0]$_DFF_P_/D
     1239 |       2 |     157 |       80 |     13 |   209 |    +0.9% | -287.450 |   -23382.9 |    751 | io_out_REG[0]$_DFF_P_/D
     1240 |       2 |     157 |       80 |     13 |   209 |    +0.9% | -287.450 |   -23382.9 |    751 | io_out_REG[0]$_DFF_P_/D
     1240 |       2 |     157 |       80 |     13 |   209 |    +0.9% | -287.450 |   -23382.9 |    750 | io_out_REG[0]$_DFF_P_/D
     1241 |       2 |     157 |       80 |     13 |   209 |    +0.9% | -287.450 |   -23382.9 |    749 | io_out_REG[0]$_DFF_P_/D
     1242 |       2 |     157 |       80 |     13 |   209 |    +0.9% | -287.450 |   -23382.9 |    748 | io_out_REG[0]$_DFF_P_/D
     1243 |       2 |     157 |       80 |     13 |   209 |    +0.9% | -287.450 |   -23382.9 |    747 | io_out_REG[0]$_DFF_P_/D
     1244 |       2 |     157 |       80 |     13 |   209 |    +0.9% | -287.450 |   -23382.9 |    746 | io_out_REG[0]$_DFF_P_/D
     1245 |       2 |     157 |       80 |     13 |   209 |    +0.9% | -287.450 |   -23382.9 |    745 | io_out_REG[0]$_DFF_P_/D
     1246 |       2 |     157 |       80 |     13 |   209 |    +0.9% | -287.450 |   -23382.9 |    744 | io_out_REG[0]$_DFF_P_/D
     1247 |       2 |     157 |       80 |     13 |   209 |    +0.9% | -287.450 |   -23382.9 |    743 | io_out_REG[0]$_DFF_P_/D
     1248 |       2 |     157 |       80 |     13 |   209 |    +0.9% | -287.450 |   -23382.9 |    742 | io_out_REG[0]$_DFF_P_/D
     1249 |       2 |     157 |       80 |     13 |   209 |    +0.9% | -287.450 |   -23382.9 |    741 | io_out_REG[0]$_DFF_P_/D
     1250 |       2 |     157 |       80 |     13 |   209 |    +0.9% | -287.450 |   -23382.9 |    741 | io_out_REG[0]$_DFF_P_/D
     1250 |       2 |     157 |       80 |     13 |   209 |    +0.9% | -287.450 |   -23382.9 |    740 | io_out_REG[0]$_DFF_P_/D
     1251 |       2 |     157 |       80 |     13 |   209 |    +0.9% | -287.450 |   -23382.9 |    739 | io_out_REG[0]$_DFF_P_/D
     1252 |       2 |     157 |       80 |     13 |   209 |    +0.9% | -287.450 |   -23382.9 |    738 | io_out_REG[0]$_DFF_P_/D
     1253 |       2 |     157 |       80 |     13 |   209 |    +0.9% | -287.450 |   -23382.9 |    737 | io_out_REG[0]$_DFF_P_/D
     1254 |       2 |     157 |       80 |     13 |   209 |    +0.9% | -287.450 |   -23382.9 |    736 | io_out_REG[0]$_DFF_P_/D
     1255 |       2 |     157 |       80 |     13 |   209 |    +0.9% | -287.450 |   -23382.9 |    735 | io_out_REG[0]$_DFF_P_/D
     1256 |       2 |     157 |       80 |     13 |   209 |    +0.9% | -287.450 |   -23382.9 |    734 | io_out_REG[0]$_DFF_P_/D
     1257 |       2 |     157 |       80 |     13 |   209 |    +0.9% | -287.450 |   -23382.9 |    733 | io_out_REG[0]$_DFF_P_/D
     1258 |       2 |     157 |       80 |     13 |   209 |    +0.9% | -287.450 |   -23382.9 |    732 | io_out_REG[0]$_DFF_P_/D
     1259 |       2 |     157 |       80 |     13 |   209 |    +0.9% | -287.450 |   -23382.9 |    731 | io_out_REG[0]$_DFF_P_/D
     1260 |       2 |     157 |       80 |     13 |   209 |    +0.9% | -287.450 |   -23382.9 |    731 | io_out_REG[0]$_DFF_P_/D
     1260 |       2 |     157 |       80 |     13 |   209 |    +0.9% | -287.450 |   -23382.9 |    730 | io_out_REG[0]$_DFF_P_/D
     1261 |       2 |     157 |       80 |     13 |   209 |    +0.9% | -287.450 |   -23382.9 |    729 | io_out_REG[0]$_DFF_P_/D
     1262 |       2 |     157 |       80 |     13 |   209 |    +0.9% | -287.450 |   -23382.9 |    728 | io_out_REG[0]$_DFF_P_/D
     1263 |       2 |     157 |       80 |     13 |   209 |    +0.9% | -287.450 |   -23382.9 |    727 | io_out_REG[0]$_DFF_P_/D
     1264 |       2 |     157 |       80 |     13 |   209 |    +0.9% | -287.450 |   -23382.9 |    726 | io_out_REG[0]$_DFF_P_/D
     1265 |       2 |     157 |       80 |     13 |   209 |    +0.9% | -287.450 |   -23382.9 |    725 | io_out_REG[0]$_DFF_P_/D
     1270 |       2 |     157 |       80 |     13 |   213 |    +0.9% | -287.450 |   -23387.7 |    725 | io_out_REG[0]$_DFF_P_/D
     1272 |       2 |     157 |       80 |     13 |   214 |    +0.9% | -287.450 |   -23384.0 |    725 | io_out_REG[0]$_DFF_P_/D
     1273 |       2 |     157 |       80 |     13 |   214 |    +0.9% | -287.450 |   -23384.0 |    724 | io_out_REG[0]$_DFF_P_/D
     1274 |       2 |     157 |       80 |     13 |   214 |    +0.9% | -287.450 |   -23384.0 |    723 | io_out_REG[0]$_DFF_P_/D
     1275 |       2 |     157 |       80 |     13 |   214 |    +0.9% | -287.450 |   -23384.0 |    722 | io_out_REG[0]$_DFF_P_/D
     1276 |       2 |     157 |       80 |     13 |   214 |    +0.9% | -287.450 |   -23384.0 |    721 | io_out_REG[0]$_DFF_P_/D
     1280 |       2 |     158 |       80 |     14 |   215 |    +0.9% | -287.450 |   -22834.9 |    721 | io_out_REG[0]$_DFF_P_/D
     1285 |       2 |     159 |       82 |     15 |   216 |    +1.0% | -287.450 |   -22483.9 |    719 | io_out_REG[0]$_DFF_P_/D
     1286 |       2 |     159 |       82 |     15 |   216 |    +1.0% | -287.450 |   -22483.9 |    718 | io_out_REG[0]$_DFF_P_/D
     1287 |       2 |     159 |       82 |     15 |   216 |    +1.0% | -287.450 |   -22483.9 |    717 | io_out_REG[0]$_DFF_P_/D
     1288 |       2 |     159 |       82 |     15 |   216 |    +1.0% | -287.450 |   -22483.9 |    716 | io_out_REG[0]$_DFF_P_/D
     1289 |       2 |     159 |       82 |     15 |   216 |    +1.0% | -287.450 |   -22483.9 |    715 | io_out_REG[0]$_DFF_P_/D
     1290 |       2 |     159 |       82 |     15 |   216 |    +1.0% | -287.450 |   -22483.9 |    715 | io_out_REG[0]$_DFF_P_/D
     1290 |       2 |     159 |       82 |     15 |   216 |    +1.0% | -287.450 |   -22483.9 |    714 | io_out_REG[0]$_DFF_P_/D
     1291 |       2 |     159 |       82 |     15 |   216 |    +1.0% | -287.450 |   -22483.9 |    713 | io_out_REG[0]$_DFF_P_/D
     1298 |       2 |     159 |       82 |     15 |   217 |    +1.0% | -287.450 |   -22483.6 |    713 | io_out_REG[0]$_DFF_P_/D
     1299 |       2 |     159 |       82 |     15 |   217 |    +1.0% | -287.450 |   -22483.6 |    712 | io_out_REG[0]$_DFF_P_/D
     1300 |       2 |     159 |       82 |     15 |   217 |    +1.0% | -287.450 |   -22483.6 |    712 | io_out_REG[0]$_DFF_P_/D
     1308 |       2 |     159 |       82 |     15 |   217 |    +1.0% | -287.450 |   -22483.6 |    712 | io_out_REG[0]$_DFF_P_/D
     1309 |       2 |     159 |       82 |     15 |   217 |    +1.0% | -287.450 |   -22483.6 |    711 | io_out_REG[0]$_DFF_P_/D
     1310 |       2 |     159 |       82 |     15 |   217 |    +1.0% | -287.450 |   -22483.6 |    711 | io_out_REG[0]$_DFF_P_/D
     1310 |       2 |     159 |       82 |     15 |   217 |    +1.0% | -287.450 |   -22483.6 |    710 | io_out_REG[0]$_DFF_P_/D
     1317 |       2 |     159 |       82 |     15 |   217 |    +1.0% | -287.450 |   -22483.6 |    710 | io_out_REG[0]$_DFF_P_/D
     1318 |       2 |     159 |       82 |     15 |   217 |    +1.0% | -287.450 |   -22483.6 |    709 | io_out_REG[0]$_DFF_P_/D
     1319 |       2 |     159 |       82 |     15 |   217 |    +1.0% | -287.450 |   -22483.6 |    708 | io_out_REG[0]$_DFF_P_/D
     1320 |       2 |     159 |       82 |     15 |   217 |    +1.0% | -287.450 |   -22483.6 |    708 | io_out_REG[0]$_DFF_P_/D
     1326 |       2 |     159 |       82 |     15 |   217 |    +1.0% | -287.450 |   -22483.6 |    708 | io_out_REG[0]$_DFF_P_/D
     1327 |       2 |     159 |       82 |     15 |   217 |    +1.0% | -287.450 |   -22483.6 |    707 | io_out_REG[0]$_DFF_P_/D
     1330 |       2 |     159 |       82 |     15 |   219 |    +1.0% | -287.450 |   -22485.4 |    707 | io_out_REG[0]$_DFF_P_/D
     1334 |       2 |     159 |       82 |     15 |   218 |    +1.0% | -287.450 |   -22482.4 |    707 | io_out_REG[0]$_DFF_P_/D
     1340 |       2 |     162 |       84 |     15 |   219 |    +1.0% | -287.450 |   -21314.8 |    707 | io_out_REG[0]$_DFF_P_/D
     1343 |       2 |     164 |       85 |     15 |   219 |    +1.0% | -287.450 |   -20748.8 |    705 | io_out_REG[0]$_DFF_P_/D
     1344 |       2 |     164 |       85 |     15 |   219 |    +1.0% | -287.450 |   -20748.8 |    704 | io_out_REG[0]$_DFF_P_/D
     1345 |       2 |     164 |       85 |     15 |   219 |    +1.0% | -287.450 |   -20748.8 |    703 | io_out_REG[0]$_DFF_P_/D
     1346 |       2 |     164 |       85 |     15 |   219 |    +1.0% | -287.450 |   -20748.8 |    702 | io_out_REG[0]$_DFF_P_/D
     1350 |       2 |     164 |       85 |     15 |   222 |    +1.0% | -287.450 |   -20756.8 |    702 | io_out_REG[0]$_DFF_P_/D
     1353 |       2 |     164 |       85 |     15 |   219 |    +1.0% | -287.450 |   -20748.8 |    702 | io_out_REG[0]$_DFF_P_/D
     1354 |       2 |     164 |       85 |     15 |   219 |    +1.0% | -287.450 |   -20748.8 |    701 | io_out_REG[0]$_DFF_P_/D
     1355 |       2 |     164 |       85 |     15 |   219 |    +1.0% | -287.450 |   -20748.8 |    700 | io_out_REG[0]$_DFF_P_/D
     1356 |       2 |     164 |       85 |     15 |   219 |    +1.0% | -287.450 |   -20748.8 |    699 | io_out_REG[0]$_DFF_P_/D
     1357 |       2 |     164 |       85 |     15 |   219 |    +1.0% | -287.450 |   -20748.8 |    698 | io_out_REG[0]$_DFF_P_/D
     1358 |       2 |     164 |       85 |     15 |   219 |    +1.0% | -287.450 |   -20748.8 |    697 | io_out_REG[0]$_DFF_P_/D
     1360 |       2 |     164 |       85 |     15 |   220 |    +1.0% | -287.450 |   -20751.8 |    697 | io_out_REG[0]$_DFF_P_/D
     1365 |       2 |     164 |       85 |     15 |   219 |    +1.0% | -287.450 |   -20748.8 |    697 | io_out_REG[0]$_DFF_P_/D
     1370 |       2 |     168 |       85 |     15 |   219 |    +1.0% | -287.450 |   -20004.6 |    697 | io_out_REG[0]$_DFF_P_/D
     1376 |       2 |     174 |       85 |     15 |   219 |    +1.0% | -287.450 |   -19267.1 |    695 | io_out_REG[0]$_DFF_P_/D
     1377 |       2 |     174 |       85 |     15 |   219 |    +1.0% | -287.450 |   -19267.1 |    694 | io_out_REG[0]$_DFF_P_/D
     1378 |       2 |     174 |       85 |     15 |   219 |    +1.0% | -287.450 |   -19267.1 |    693 | io_out_REG[0]$_DFF_P_/D
     1380 |       2 |     174 |       85 |     15 |   220 |    +1.0% | -287.450 |   -19265.7 |    693 | io_out_REG[0]$_DFF_P_/D
     1385 |       2 |     174 |       85 |     15 |   220 |    +1.0% | -287.450 |   -19265.7 |    693 | io_out_REG[0]$_DFF_P_/D
     1390 |       2 |     178 |       85 |     15 |   220 |    +1.0% | -287.450 |   -18275.0 |    693 | io_out_REG[0]$_DFF_P_/D
     1392 |       2 |     179 |       85 |     15 |   221 |    +1.0% | -287.450 |   -18260.6 |    691 | io_out_REG[0]$_DFF_P_/D
     1399 |       2 |     179 |       85 |     15 |   222 |    +1.0% | -287.450 |   -18259.4 |    691 | io_out_REG[0]$_DFF_P_/D
     1400 |       2 |     179 |       85 |     15 |   222 |    +1.0% | -287.450 |   -18259.4 |    691 | io_out_REG[0]$_DFF_P_/D
     1400 |       2 |     179 |       85 |     15 |   222 |    +1.0% | -287.450 |   -18259.4 |    690 | io_out_REG[0]$_DFF_P_/D
     1401 |       2 |     179 |       85 |     15 |   222 |    +1.0% | -287.450 |   -18259.4 |    689 | io_out_REG[0]$_DFF_P_/D
     1402 |       2 |     179 |       85 |     15 |   222 |    +1.0% | -287.450 |   -18259.4 |    688 | io_out_REG[0]$_DFF_P_/D
     1403 |       2 |     179 |       85 |     15 |   222 |    +1.0% | -287.450 |   -18259.4 |    687 | io_out_REG[0]$_DFF_P_/D
     1404 |       2 |     179 |       85 |     15 |   222 |    +1.0% | -287.450 |   -18259.4 |    686 | io_out_REG[0]$_DFF_P_/D
     1405 |       2 |     179 |       85 |     15 |   222 |    +1.0% | -287.450 |   -18259.4 |    685 | io_out_REG[0]$_DFF_P_/D
     1406 |       2 |     179 |       85 |     15 |   222 |    +1.0% | -287.450 |   -18259.4 |    684 | io_out_REG[0]$_DFF_P_/D
     1407 |       2 |     179 |       85 |     15 |   222 |    +1.0% | -287.450 |   -18259.4 |    683 | io_out_REG[0]$_DFF_P_/D
     1408 |       2 |     179 |       85 |     15 |   222 |    +1.0% | -287.450 |   -18259.4 |    682 | io_out_REG[0]$_DFF_P_/D
     1410 |       2 |     180 |       85 |     15 |   222 |    +1.0% | -287.453 |   -18246.3 |    682 | io_out_REG[0]$_DFF_P_/D
     1413 |       2 |     179 |       85 |     15 |   222 |    +1.0% | -287.450 |   -18259.4 |    681 | io_out_REG[0]$_DFF_P_/D
     1414 |       2 |     179 |       85 |     15 |   222 |    +1.0% | -287.450 |   -18259.4 |    680 | io_out_REG[0]$_DFF_P_/D
     1417 |       2 |     181 |       85 |     15 |   222 |    +1.0% | -287.450 |   -18257.2 |    678 | io_out_REG[0]$_DFF_P_/D
     1418 |       2 |     181 |       85 |     15 |   222 |    +1.0% | -287.450 |   -18257.2 |    677 | io_out_REG[0]$_DFF_P_/D
     1420 |       2 |     182 |       85 |     15 |   222 |    +1.0% | -287.450 |   -18090.4 |    677 | io_out_REG[0]$_DFF_P_/D
     1422 |       2 |     184 |       85 |     15 |   222 |    +1.0% | -287.450 |   -18029.8 |    675 | io_out_REG[0]$_DFF_P_/D
     1427 |       2 |     184 |       85 |     15 |   222 |    +1.0% | -287.450 |   -18029.8 |    674 | io_out_REG[0]$_DFF_P_/D
     1430 |       2 |     186 |       85 |     15 |   222 |    +1.0% | -287.453 |   -17899.2 |    674 | io_out_REG[0]$_DFF_P_/D
     1432 |       2 |     184 |       85 |     15 |   222 |    +1.0% | -287.450 |   -18029.8 |    673 | io_out_REG[0]$_DFF_P_/D
     1433 |       2 |     184 |       85 |     15 |   222 |    +1.0% | -287.450 |   -18029.8 |    672 | io_out_REG[0]$_DFF_P_/D
     1434 |       2 |     184 |       85 |     15 |   222 |    +1.0% | -287.450 |   -18029.8 |    671 | io_out_REG[0]$_DFF_P_/D
     1435 |       2 |     184 |       85 |     15 |   222 |    +1.0% | -287.450 |   -18029.8 |    670 | io_out_REG[0]$_DFF_P_/D
     1436 |       2 |     184 |       85 |     15 |   222 |    +1.0% | -287.450 |   -18029.8 |    669 | io_out_REG[0]$_DFF_P_/D
     1437 |       2 |     184 |       85 |     15 |   222 |    +1.0% | -287.450 |   -18029.8 |    668 | io_out_REG[0]$_DFF_P_/D
     1440 |       2 |     184 |       86 |     15 |   223 |    +1.0% | -287.450 |   -18104.6 |    668 | io_out_REG[0]$_DFF_P_/D
     1443 |       2 |     187 |       86 |     15 |   223 |    +1.0% | -287.450 |   -17820.2 |    666 | io_out_REG[0]$_DFF_P_/D
     1444 |       2 |     187 |       86 |     15 |   223 |    +1.0% | -287.450 |   -17820.2 |    665 | io_out_REG[0]$_DFF_P_/D
     1445 |       2 |     187 |       86 |     15 |   223 |    +1.0% | -287.450 |   -17820.2 |    664 | io_out_REG[0]$_DFF_P_/D
     1446 |       2 |     187 |       86 |     15 |   223 |    +1.0% | -287.450 |   -17820.2 |    663 | io_out_REG[0]$_DFF_P_/D
     1447 |       2 |     187 |       86 |     15 |   223 |    +1.0% | -287.450 |   -17820.2 |    662 | io_out_REG[0]$_DFF_P_/D
     1450 |       2 |     188 |       86 |     15 |   224 |    +1.0% | -287.450 |   -17664.3 |    661 | io_out_REG[0]$_DFF_P_/D
     1450 |       2 |     188 |       86 |     15 |   224 |    +1.0% | -287.450 |   -17664.3 |    660 | io_out_REG[0]$_DFF_P_/D
     1451 |       2 |     188 |       86 |     15 |   224 |    +1.0% | -287.450 |   -17664.3 |    659 | io_out_REG[0]$_DFF_P_/D
     1452 |       2 |     188 |       86 |     15 |   224 |    +1.0% | -287.450 |   -17664.3 |    658 | io_out_REG[0]$_DFF_P_/D
     1453 |       2 |     188 |       86 |     15 |   224 |    +1.0% | -287.450 |   -17664.3 |    657 | io_out_REG[0]$_DFF_P_/D
     1454 |       2 |     188 |       86 |     15 |   224 |    +1.0% | -287.450 |   -17664.3 |    656 | io_out_REG[0]$_DFF_P_/D
     1455 |       2 |     188 |       86 |     15 |   224 |    +1.0% | -287.450 |   -17664.3 |    655 | io_out_REG[0]$_DFF_P_/D
     1456 |       2 |     188 |       86 |     15 |   224 |    +1.0% | -287.450 |   -17664.3 |    654 | io_out_REG[0]$_DFF_P_/D
     1460 |       2 |     189 |       89 |     15 |   225 |    +1.0% | -287.450 |   -17076.1 |    654 | io_out_REG[0]$_DFF_P_/D
     1461 |       2 |     189 |       90 |     15 |   225 |    +1.1% | -287.450 |   -17062.3 |    652 | io_out_REG[0]$_DFF_P_/D
     1467 |       2 |     193 |       91 |     15 |   225 |    +1.1% | -287.450 |   -16458.6 |    650 | io_out_REG[0]$_DFF_P_/D
     1470 |       2 |     195 |       91 |     15 |   225 |    +1.1% | -287.453 |   -16327.5 |    650 | io_out_REG[0]$_DFF_P_/D
     1472 |       2 |     193 |       91 |     15 |   225 |    +1.1% | -287.450 |   -16458.6 |    649 | io_out_REG[0]$_DFF_P_/D
     1477 |       2 |     193 |       91 |     15 |   225 |    +1.1% | -287.450 |   -16458.6 |    648 | io_out_REG[0]$_DFF_P_/D
     1478 |       2 |     193 |       91 |     15 |   225 |    +1.1% | -287.450 |   -16458.6 |    647 | io_out_REG[0]$_DFF_P_/D
     1479 |       2 |     193 |       91 |     15 |   225 |    +1.1% | -287.450 |   -16458.6 |    646 | io_out_REG[0]$_DFF_P_/D
     1480 |       2 |     193 |       91 |     15 |   225 |    +1.1% | -287.450 |   -16458.6 |    646 | io_out_REG[0]$_DFF_P_/D
     1480 |       2 |     193 |       91 |     15 |   225 |    +1.1% | -287.450 |   -16458.6 |    645 | io_out_REG[0]$_DFF_P_/D
     1485 |       2 |     193 |       91 |     15 |   225 |    +1.1% | -287.450 |   -16458.6 |    644 | io_out_REG[0]$_DFF_P_/D
     1486 |       2 |     193 |       91 |     15 |   225 |    +1.1% | -287.450 |   -16458.6 |    643 | io_out_REG[0]$_DFF_P_/D
     1487 |       2 |     193 |       91 |     15 |   225 |    +1.1% | -287.450 |   -16458.6 |    642 | io_out_REG[0]$_DFF_P_/D
     1488 |       2 |     193 |       91 |     15 |   225 |    +1.1% | -287.450 |   -16458.6 |    641 | io_out_REG[0]$_DFF_P_/D
     1490 |       2 |     194 |       91 |     15 |   225 |    +1.1% | -287.450 |   -16381.8 |    641 | io_out_REG[0]$_DFF_P_/D
     1493 |       2 |     197 |       91 |     15 |   225 |    +1.1% | -287.450 |   -15998.9 |    639 | io_out_REG[0]$_DFF_P_/D
     1494 |       2 |     197 |       91 |     15 |   225 |    +1.1% | -287.450 |   -15998.9 |    638 | io_out_REG[0]$_DFF_P_/D
     1495 |       2 |     197 |       91 |     15 |   225 |    +1.1% | -287.450 |   -15998.9 |    637 | io_out_REG[0]$_DFF_P_/D
     1496 |       2 |     197 |       91 |     15 |   225 |    +1.1% | -287.450 |   -15998.9 |    636 | io_out_REG[0]$_DFF_P_/D
     1497 |       2 |     197 |       91 |     15 |   225 |    +1.1% | -287.450 |   -15998.9 |    635 | io_out_REG[0]$_DFF_P_/D
     1498 |       2 |     197 |       91 |     15 |   225 |    +1.1% | -287.450 |   -15998.9 |    634 | io_out_REG[0]$_DFF_P_/D
     1499 |       2 |     197 |       91 |     15 |   225 |    +1.1% | -287.450 |   -15998.9 |    633 | io_out_REG[0]$_DFF_P_/D
     1500 |       2 |     197 |       91 |     15 |   225 |    +1.1% | -287.450 |   -15998.9 |    633 | io_out_REG[0]$_DFF_P_/D
     1500 |       2 |     197 |       91 |     15 |   225 |    +1.1% | -287.450 |   -15998.9 |    632 | io_out_REG[0]$_DFF_P_/D
     1501 |       2 |     197 |       91 |     15 |   225 |    +1.1% | -287.450 |   -15998.9 |    631 | io_out_REG[0]$_DFF_P_/D
     1506 |       2 |     197 |       91 |     15 |   225 |    +1.1% | -287.450 |   -15998.9 |    630 | io_out_REG[0]$_DFF_P_/D
     1507 |       2 |     197 |       91 |     15 |   225 |    +1.1% | -287.450 |   -15998.9 |    629 | io_out_REG[0]$_DFF_P_/D
     1508 |       2 |     197 |       91 |     15 |   225 |    +1.1% | -287.450 |   -15998.9 |    628 | io_out_REG[0]$_DFF_P_/D
     1510 |       2 |     197 |       91 |     15 |   226 |    +1.1% | -287.450 |   -15997.6 |    628 | io_out_REG[0]$_DFF_P_/D
     1515 |       2 |     197 |       91 |     15 |   226 |    +1.1% | -287.450 |   -15997.6 |    628 | io_out_REG[0]$_DFF_P_/D
     1516 |       2 |     197 |       91 |     15 |   226 |    +1.1% | -287.450 |   -15997.6 |    627 | io_out_REG[0]$_DFF_P_/D
     1520 |       2 |     200 |       91 |     15 |   226 |    +1.1% | -287.453 |   -15858.2 |    627 | io_out_REG[0]$_DFF_P_/D
     1520 |       2 |     197 |       91 |     15 |   226 |    +1.1% | -287.450 |   -15997.6 |    626 | io_out_REG[0]$_DFF_P_/D
     1525 |       2 |     197 |       91 |     15 |   226 |    +1.1% | -287.450 |   -15997.6 |    625 | io_out_REG[0]$_DFF_P_/D
     1530 |       2 |     201 |       91 |     15 |   226 |    +1.1% | -287.453 |   -15802.1 |    625 | io_out_REG[0]$_DFF_P_/D
     1530 |       2 |     197 |       91 |     15 |   226 |    +1.1% | -287.450 |   -15997.6 |    624 | io_out_REG[0]$_DFF_P_/D
     1531 |       2 |     197 |       91 |     15 |   226 |    +1.1% | -287.450 |   -15997.6 |    623 | io_out_REG[0]$_DFF_P_/D
     1532 |       2 |     197 |       91 |     15 |   226 |    +1.1% | -287.450 |   -15997.6 |    622 | io_out_REG[0]$_DFF_P_/D
     1533 |       2 |     197 |       91 |     15 |   226 |    +1.1% | -287.450 |   -15997.6 |    621 | io_out_REG[0]$_DFF_P_/D
     1534 |       2 |     197 |       91 |     15 |   226 |    +1.1% | -287.450 |   -15997.6 |    620 | io_out_REG[0]$_DFF_P_/D
     1535 |       2 |     197 |       91 |     15 |   226 |    +1.1% | -287.450 |   -15997.6 |    620 | io_out_REG[0]$_DFF_P_/D
     1536 |       2 |     197 |       91 |     15 |   226 |    +1.1% | -287.450 |   -15997.6 |    619 | io_out_REG[0]$_DFF_P_/D
     1537 |       2 |     197 |       91 |     15 |   226 |    +1.1% | -287.450 |   -15997.6 |    618 | io_out_REG[0]$_DFF_P_/D
     1540 |       2 |     199 |       91 |     15 |   226 |    +1.1% | -287.453 |   -15866.6 |    618 | io_out_REG[0]$_DFF_P_/D
     1540 |       2 |     197 |       91 |     15 |   226 |    +1.1% | -287.450 |   -15997.6 |    617 | io_out_REG[0]$_DFF_P_/D
     1541 |       2 |     197 |       91 |     15 |   226 |    +1.1% | -287.450 |   -15997.6 |    616 | io_out_REG[0]$_DFF_P_/D
     1542 |       2 |     197 |       91 |     15 |   226 |    +1.1% | -287.450 |   -15997.6 |    615 | io_out_REG[0]$_DFF_P_/D
     1543 |       2 |     197 |       91 |     15 |   226 |    +1.1% | -287.450 |   -15997.6 |    614 | io_out_REG[0]$_DFF_P_/D
     1544 |       2 |     197 |       91 |     15 |   226 |    +1.1% | -287.450 |   -15997.6 |    613 | io_out_REG[0]$_DFF_P_/D
     1545 |       2 |     197 |       91 |     15 |   226 |    +1.1% | -287.450 |   -15997.6 |    612 | io_out_REG[0]$_DFF_P_/D
     1550 |       2 |     201 |       91 |     15 |   226 |    +1.1% | -287.453 |   -15802.1 |    612 | io_out_REG[0]$_DFF_P_/D
     1550 |       2 |     197 |       91 |     15 |   226 |    +1.1% | -287.450 |   -15997.6 |    611 | io_out_REG[0]$_DFF_P_/D
     1551 |       2 |     197 |       91 |     15 |   226 |    +1.1% | -287.450 |   -15997.6 |    610 | io_out_REG[0]$_DFF_P_/D
     1552 |       2 |     197 |       91 |     15 |   226 |    +1.1% | -287.450 |   -15997.6 |    610 | io_out_REG[0]$_DFF_P_/D
     1553 |       2 |     197 |       91 |     15 |   226 |    +1.1% | -287.450 |   -15997.6 |    609 | io_out_REG[0]$_DFF_P_/D
     1555 |       2 |     198 |       91 |     15 |   226 |    +1.1% | -287.450 |   -15995.9 |    607 | io_out_REG[0]$_DFF_P_/D
     1556 |       2 |     198 |       91 |     15 |   226 |    +1.1% | -287.450 |   -15995.9 |    606 | io_out_REG[0]$_DFF_P_/D
     1557 |       2 |     198 |       91 |     15 |   226 |    +1.1% | -287.450 |   -15995.9 |    605 | io_out_REG[0]$_DFF_P_/D
     1558 |       2 |     198 |       91 |     15 |   226 |    +1.1% | -287.450 |   -15995.9 |    604 | io_out_REG[0]$_DFF_P_/D
     1559 |       2 |     198 |       91 |     15 |   226 |    +1.1% | -287.450 |   -15995.9 |    603 | io_out_REG[0]$_DFF_P_/D
     1560 |       2 |     198 |       91 |     15 |   226 |    +1.1% | -287.450 |   -15995.9 |    603 | io_out_REG[0]$_DFF_P_/D
     1560 |       2 |     198 |       91 |     15 |   226 |    +1.1% | -287.450 |   -15995.9 |    602 | io_out_REG[0]$_DFF_P_/D
     1561 |       2 |     198 |       91 |     15 |   226 |    +1.1% | -287.450 |   -15995.9 |    601 | io_out_REG[0]$_DFF_P_/D
     1562 |       2 |     198 |       91 |     15 |   226 |    +1.1% | -287.450 |   -15995.9 |    600 | io_out_REG[0]$_DFF_P_/D
     1563 |       2 |     198 |       91 |     15 |   226 |    +1.1% | -287.450 |   -15995.9 |    599 | io_out_REG[0]$_DFF_P_/D
     1564 |       2 |     198 |       91 |     15 |   226 |    +1.1% | -287.450 |   -15995.9 |    598 | io_out_REG[0]$_DFF_P_/D
     1569 |       2 |     198 |       91 |     15 |   226 |    +1.1% | -287.450 |   -15995.9 |    597 | io_out_REG[0]$_DFF_P_/D
     1570 |       2 |     198 |       91 |     15 |   226 |    +1.1% | -287.450 |   -15995.9 |    597 | io_out_REG[0]$_DFF_P_/D
     1570 |       2 |     198 |       91 |     15 |   226 |    +1.1% | -287.450 |   -15995.9 |    596 | io_out_REG[0]$_DFF_P_/D
     1571 |       2 |     198 |       91 |     15 |   226 |    +1.1% | -287.450 |   -15995.9 |    595 | io_out_REG[0]$_DFF_P_/D
     1572 |       2 |     198 |       91 |     15 |   226 |    +1.1% | -287.450 |   -15995.9 |    594 | io_out_REG[0]$_DFF_P_/D
     1573 |       2 |     198 |       91 |     15 |   226 |    +1.1% | -287.450 |   -15995.9 |    593 | io_out_REG[0]$_DFF_P_/D
     1574 |       2 |     198 |       91 |     15 |   226 |    +1.1% | -287.450 |   -15995.9 |    592 | io_out_REG[0]$_DFF_P_/D
     1575 |       2 |     198 |       91 |     15 |   226 |    +1.1% | -287.450 |   -15995.9 |    591 | io_out_REG[0]$_DFF_P_/D
     1576 |       2 |     198 |       91 |     15 |   226 |    +1.1% | -287.450 |   -15995.9 |    590 | io_out_REG[0]$_DFF_P_/D
     1577 |       2 |     198 |       91 |     15 |   226 |    +1.1% | -287.450 |   -15995.9 |    589 | io_out_REG[0]$_DFF_P_/D
     1580 |       2 |     200 |       91 |     15 |   226 |    +1.1% | -287.453 |   -15864.9 |    589 | io_out_REG[0]$_DFF_P_/D
     1582 |       2 |     198 |       91 |     15 |   226 |    +1.1% | -287.450 |   -15995.9 |    588 | io_out_REG[0]$_DFF_P_/D
     1587 |       2 |     198 |       91 |     15 |   226 |    +1.1% | -287.450 |   -15995.9 |    587 | io_out_REG[0]$_DFF_P_/D
     1588 |       2 |     198 |       91 |     15 |   226 |    +1.1% | -287.450 |   -15995.9 |    586 | io_out_REG[0]$_DFF_P_/D
     1589 |       2 |     198 |       91 |     15 |   226 |    +1.1% | -287.450 |   -15995.9 |    585 | io_out_REG[0]$_DFF_P_/D
     1590 |       2 |     198 |       91 |     15 |   226 |    +1.1% | -287.450 |   -15995.9 |    585 | io_out_REG[0]$_DFF_P_/D
     1595 |       2 |     201 |       92 |     15 |   227 |    +1.1% | -287.450 |   -15870.2 |    583 | io_out_REG[0]$_DFF_P_/D
     1596 |       2 |     201 |       92 |     15 |   227 |    +1.1% | -287.450 |   -15870.2 |    582 | io_out_REG[0]$_DFF_P_/D
     1600 |       2 |     204 |       92 |     15 |   227 |    +1.1% | -287.453 |   -15730.9 |    582 | io_out_REG[0]$_DFF_P_/D
     1601 |       2 |     201 |       92 |     15 |   227 |    +1.1% | -287.450 |   -15870.2 |    581 | io_out_REG[0]$_DFF_P_/D
     1602 |       2 |     201 |       92 |     15 |   227 |    +1.1% | -287.450 |   -15870.2 |    580 | io_out_REG[0]$_DFF_P_/D
     1603 |       2 |     201 |       92 |     15 |   227 |    +1.1% | -287.450 |   -15870.2 |    579 | io_out_REG[0]$_DFF_P_/D
     1604 |       2 |     201 |       92 |     15 |   227 |    +1.1% | -287.450 |   -15870.2 |    578 | io_out_REG[0]$_DFF_P_/D
     1609 |       2 |     201 |       92 |     15 |   227 |    +1.1% | -287.450 |   -15870.2 |    577 | io_out_REG[0]$_DFF_P_/D
     1610 |       2 |     201 |       92 |     15 |   227 |    +1.1% | -287.450 |   -15870.2 |    577 | io_out_REG[0]$_DFF_P_/D
     1614 |       2 |     201 |       92 |     15 |   227 |    +1.1% | -287.450 |   -15870.2 |    576 | io_out_REG[0]$_DFF_P_/D
     1619 |       2 |     201 |       92 |     15 |   227 |    +1.1% | -287.450 |   -15870.2 |    575 | io_out_REG[0]$_DFF_P_/D
     1620 |       2 |     201 |       92 |     15 |   227 |    +1.1% | -287.450 |   -15870.2 |    575 | io_out_REG[0]$_DFF_P_/D
     1620 |       2 |     201 |       92 |     15 |   227 |    +1.1% | -287.450 |   -15870.2 |    574 | io_out_REG[0]$_DFF_P_/D
     1621 |       2 |     201 |       92 |     15 |   227 |    +1.1% | -287.450 |   -15870.2 |    573 | io_out_REG[0]$_DFF_P_/D
     1626 |       2 |     201 |       92 |     15 |   227 |    +1.1% | -287.450 |   -15870.2 |    572 | io_out_REG[0]$_DFF_P_/D
     1630 |       2 |     204 |       92 |     15 |   227 |    +1.1% | -287.453 |   -15730.9 |    572 | io_out_REG[0]$_DFF_P_/D
     1631 |       2 |     201 |       92 |     15 |   227 |    +1.1% | -287.450 |   -15870.2 |    571 | io_out_REG[0]$_DFF_P_/D
     1636 |       2 |     201 |       92 |     15 |   227 |    +1.1% | -287.450 |   -15870.2 |    570 | io_out_REG[0]$_DFF_P_/D
     1640 |       2 |     204 |       92 |     15 |   227 |    +1.1% | -287.453 |   -15730.9 |    570 | io_out_REG[0]$_DFF_P_/D
     1641 |       2 |     201 |       92 |     15 |   227 |    +1.1% | -287.450 |   -15870.2 |    569 | io_out_REG[0]$_DFF_P_/D
     1642 |       2 |     201 |       92 |     15 |   227 |    +1.1% | -287.450 |   -15870.2 |    568 | io_out_REG[0]$_DFF_P_/D
     1643 |       2 |     201 |       92 |     15 |   227 |    +1.1% | -287.450 |   -15870.2 |    567 | io_out_REG[0]$_DFF_P_/D
     1644 |       2 |     201 |       92 |     15 |   227 |    +1.1% | -287.450 |   -15870.2 |    566 | io_out_REG[0]$_DFF_P_/D
     1645 |       2 |     201 |       92 |     15 |   227 |    +1.1% | -287.450 |   -15870.2 |    565 | io_out_REG[0]$_DFF_P_/D
     1646 |       2 |     201 |       92 |     15 |   227 |    +1.1% | -287.450 |   -15870.2 |    564 | io_out_REG[0]$_DFF_P_/D
     1647 |       2 |     201 |       92 |     15 |   227 |    +1.1% | -287.450 |   -15870.2 |    563 | io_out_REG[0]$_DFF_P_/D
     1648 |       2 |     201 |       92 |     15 |   227 |    +1.1% | -287.450 |   -15870.2 |    562 | io_out_REG[0]$_DFF_P_/D
     1650 |       2 |     202 |       92 |     15 |   227 |    +1.1% | -287.453 |   -15856.8 |    562 | io_out_REG[0]$_DFF_P_/D
     1652 |       2 |     201 |       92 |     15 |   227 |    +1.1% | -287.450 |   -15870.2 |    561 | io_out_REG[0]$_DFF_P_/D
     1653 |       2 |     201 |       92 |     15 |   227 |    +1.1% | -287.450 |   -15870.2 |    560 | io_out_REG[0]$_DFF_P_/D
     1654 |       2 |     201 |       92 |     15 |   227 |    +1.1% | -287.450 |   -15870.2 |    559 | io_out_REG[0]$_DFF_P_/D
     1655 |       2 |     201 |       92 |     15 |   227 |    +1.1% | -287.450 |   -15870.2 |    558 | io_out_REG[0]$_DFF_P_/D
     1656 |       2 |     201 |       92 |     15 |   227 |    +1.1% | -287.450 |   -15870.2 |    557 | io_out_REG[0]$_DFF_P_/D
     1657 |       2 |     201 |       92 |     15 |   227 |    +1.1% | -287.450 |   -15870.2 |    556 | io_out_REG[0]$_DFF_P_/D
     1658 |       2 |     201 |       92 |     15 |   227 |    +1.1% | -287.450 |   -15870.2 |    555 | io_out_REG[0]$_DFF_P_/D
     1659 |       2 |     201 |       92 |     15 |   227 |    +1.1% | -287.450 |   -15870.2 |    554 | io_out_REG[0]$_DFF_P_/D
     1660 |       2 |     201 |       92 |     15 |   227 |    +1.1% | -287.450 |   -15870.2 |    554 | io_out_REG[0]$_DFF_P_/D
     1662 |       2 |     201 |       92 |     15 |   227 |    +1.1% | -287.450 |   -15870.2 |    553 | io_out_REG[0]$_DFF_P_/D
     1663 |       2 |     201 |       92 |     15 |   227 |    +1.1% | -287.450 |   -15870.2 |    552 | io_out_REG[0]$_DFF_P_/D
     1666 |       2 |     201 |       92 |     15 |   227 |    +1.1% | -287.450 |   -15870.2 |    551 | io_out_REG[0]$_DFF_P_/D
     1667 |       2 |     201 |       92 |     15 |   227 |    +1.1% | -287.450 |   -15870.2 |    550 | io_out_REG[0]$_DFF_P_/D
     1668 |       2 |     201 |       92 |     15 |   227 |    +1.1% | -287.450 |   -15870.2 |    549 | io_out_REG[0]$_DFF_P_/D
     1669 |       2 |     201 |       92 |     15 |   227 |    +1.1% | -287.450 |   -15870.2 |    548 | io_out_REG[0]$_DFF_P_/D
     1670 |       2 |     201 |       92 |     15 |   227 |    +1.1% | -287.450 |   -15870.2 |    548 | io_out_REG[0]$_DFF_P_/D
     1672 |       2 |     201 |       92 |     15 |   227 |    +1.1% | -287.450 |   -15870.2 |    547 | io_out_REG[0]$_DFF_P_/D
     1673 |       2 |     201 |       92 |     15 |   227 |    +1.1% | -287.450 |   -15870.2 |    546 | io_out_REG[0]$_DFF_P_/D
     1674 |       2 |     201 |       92 |     15 |   227 |    +1.1% | -287.450 |   -15870.2 |    545 | io_out_REG[0]$_DFF_P_/D
     1675 |       2 |     201 |       92 |     15 |   227 |    +1.1% | -287.450 |   -15870.2 |    544 | io_out_REG[0]$_DFF_P_/D
     1676 |       2 |     201 |       92 |     15 |   227 |    +1.1% | -287.450 |   -15870.2 |    543 | io_out_REG[0]$_DFF_P_/D
     1677 |       2 |     201 |       92 |     15 |   227 |    +1.1% | -287.450 |   -15870.2 |    542 | io_out_REG[0]$_DFF_P_/D
     1678 |       2 |     201 |       92 |     15 |   227 |    +1.1% | -287.450 |   -15870.2 |    541 | io_out_REG[0]$_DFF_P_/D
     1679 |       2 |     201 |       92 |     15 |   227 |    +1.1% | -287.450 |   -15870.2 |    540 | io_out_REG[0]$_DFF_P_/D
     1680 |       2 |     201 |       92 |     15 |   227 |    +1.1% | -287.450 |   -15870.2 |    540 | io_out_REG[0]$_DFF_P_/D
     1680 |       2 |     201 |       92 |     15 |   227 |    +1.1% | -287.450 |   -15870.2 |    539 | io_out_REG[0]$_DFF_P_/D
     1681 |       2 |     201 |       92 |     15 |   227 |    +1.1% | -287.450 |   -15870.2 |    538 | io_out_REG[0]$_DFF_P_/D
     1682 |       2 |     201 |       92 |     15 |   227 |    +1.1% | -287.450 |   -15870.2 |    537 | io_out_REG[0]$_DFF_P_/D
     1683 |       2 |     201 |       92 |     15 |   227 |    +1.1% | -287.450 |   -15870.2 |    536 | io_out_REG[0]$_DFF_P_/D
     1684 |       2 |     201 |       92 |     15 |   227 |    +1.1% | -287.450 |   -15870.2 |    535 | io_out_REG[0]$_DFF_P_/D
     1687 |       2 |     201 |       92 |     15 |   227 |    +1.1% | -287.450 |   -15870.2 |    534 | io_out_REG[0]$_DFF_P_/D
     1688 |       2 |     201 |       92 |     15 |   227 |    +1.1% | -287.450 |   -15870.2 |    533 | io_out_REG[0]$_DFF_P_/D
     1689 |       2 |     201 |       92 |     15 |   227 |    +1.1% | -287.450 |   -15870.2 |    532 | io_out_REG[0]$_DFF_P_/D
     1690 |       2 |     201 |       92 |     15 |   227 |    +1.1% | -287.450 |   -15870.2 |    532 | io_out_REG[0]$_DFF_P_/D
     1692 |       2 |     201 |       92 |     15 |   227 |    +1.1% | -287.450 |   -15870.2 |    531 | io_out_REG[0]$_DFF_P_/D
     1695 |       2 |     201 |       92 |     15 |   227 |    +1.1% | -287.450 |   -15870.2 |    530 | io_out_REG[0]$_DFF_P_/D
     1696 |       2 |     201 |       92 |     15 |   227 |    +1.1% | -287.450 |   -15870.2 |    529 | io_out_REG[0]$_DFF_P_/D
     1697 |       2 |     201 |       92 |     15 |   227 |    +1.1% | -287.450 |   -15870.2 |    528 | io_out_REG[0]$_DFF_P_/D
     1698 |       2 |     201 |       92 |     15 |   227 |    +1.1% | -287.450 |   -15870.2 |    527 | io_out_REG[0]$_DFF_P_/D
     1699 |       2 |     201 |       92 |     15 |   227 |    +1.1% | -287.450 |   -15870.2 |    526 | io_out_REG[0]$_DFF_P_/D
     1700 |       2 |     201 |       92 |     15 |   227 |    +1.1% | -287.450 |   -15870.2 |    526 | io_out_REG[0]$_DFF_P_/D
     1700 |       2 |     201 |       92 |     15 |   227 |    +1.1% | -287.450 |   -15870.2 |    526 | io_out_REG[0]$_DFF_P_/D
     1701 |       2 |     201 |       92 |     15 |   227 |    +1.1% | -287.450 |   -15870.2 |    525 | io_out_REG[0]$_DFF_P_/D
     1702 |       2 |     201 |       92 |     15 |   227 |    +1.1% | -287.450 |   -15870.2 |    524 | io_out_REG[0]$_DFF_P_/D
     1703 |       2 |     201 |       92 |     15 |   227 |    +1.1% | -287.450 |   -15870.2 |    523 | io_out_REG[0]$_DFF_P_/D
     1706 |       2 |     202 |       92 |     16 |   227 |    +1.1% | -287.450 |   -15864.5 |    521 | io_out_REG[0]$_DFF_P_/D
     1707 |       2 |     202 |       92 |     16 |   227 |    +1.1% | -287.450 |   -15864.5 |    520 | io_out_REG[0]$_DFF_P_/D
     1708 |       2 |     202 |       92 |     16 |   227 |    +1.1% | -287.450 |   -15864.5 |    519 | io_out_REG[0]$_DFF_P_/D
     1709 |       2 |     202 |       92 |     16 |   227 |    +1.1% | -287.450 |   -15864.5 |    518 | io_out_REG[0]$_DFF_P_/D
     1710 |       2 |     202 |       92 |     16 |   227 |    +1.1% | -287.450 |   -15864.5 |    518 | io_out_REG[0]$_DFF_P_/D
     1710 |       2 |     202 |       92 |     16 |   227 |    +1.1% | -287.450 |   -15864.5 |    517 | io_out_REG[0]$_DFF_P_/D
     1711 |       2 |     202 |       92 |     16 |   227 |    +1.1% | -287.450 |   -15864.5 |    516 | io_out_REG[0]$_DFF_P_/D
     1714 |       2 |     202 |       92 |     16 |   227 |    +1.1% | -287.450 |   -15864.5 |    515 | io_out_REG[0]$_DFF_P_/D
     1715 |       2 |     202 |       92 |     16 |   227 |    +1.1% | -287.450 |   -15864.5 |    514 | io_out_REG[0]$_DFF_P_/D
     1716 |       2 |     202 |       92 |     16 |   227 |    +1.1% | -287.450 |   -15864.5 |    513 | io_out_REG[0]$_DFF_P_/D
     1717 |       2 |     202 |       92 |     16 |   227 |    +1.1% | -287.450 |   -15864.5 |    512 | io_out_REG[0]$_DFF_P_/D
     1718 |       2 |     202 |       92 |     16 |   227 |    +1.1% | -287.450 |   -15864.5 |    511 | io_out_REG[0]$_DFF_P_/D
     1720 |       2 |     203 |       92 |     16 |   227 |    +1.1% | -287.453 |   -15851.1 |    511 | io_out_REG[0]$_DFF_P_/D
     1721 |       2 |     202 |       92 |     16 |   227 |    +1.1% | -287.450 |   -15864.5 |    510 | io_out_REG[0]$_DFF_P_/D
     1722 |       2 |     202 |       92 |     16 |   227 |    +1.1% | -287.450 |   -15864.5 |    509 | io_out_REG[0]$_DFF_P_/D
     1723 |       2 |     202 |       92 |     16 |   227 |    +1.1% | -287.450 |   -15864.5 |    508 | io_out_REG[0]$_DFF_P_/D
     1724 |       2 |     202 |       92 |     16 |   227 |    +1.1% | -287.450 |   -15864.5 |    507 | io_out_REG[0]$_DFF_P_/D
     1725 |       2 |     202 |       92 |     16 |   227 |    +1.1% | -287.450 |   -15864.5 |    506 | io_out_REG[0]$_DFF_P_/D
     1726 |       2 |     202 |       92 |     16 |   227 |    +1.1% | -287.450 |   -15864.5 |    505 | io_out_REG[0]$_DFF_P_/D
     1727 |       2 |     202 |       92 |     16 |   227 |    +1.1% | -287.450 |   -15864.5 |    504 | io_out_REG[0]$_DFF_P_/D
     1728 |       2 |     202 |       92 |     16 |   227 |    +1.1% | -287.450 |   -15864.5 |    503 | io_out_REG[0]$_DFF_P_/D
     1729 |       2 |     202 |       92 |     16 |   227 |    +1.1% | -287.450 |   -15864.5 |    502 | io_out_REG[0]$_DFF_P_/D
     1730 |       2 |     202 |       92 |     16 |   227 |    +1.1% | -287.450 |   -15864.5 |    502 | io_out_REG[0]$_DFF_P_/D
     1730 |       2 |     202 |       92 |     16 |   227 |    +1.1% | -287.450 |   -15864.5 |    501 | io_out_REG[0]$_DFF_P_/D
     1731 |       2 |     202 |       92 |     16 |   227 |    +1.1% | -287.450 |   -15864.5 |    500 | io_out_REG[0]$_DFF_P_/D
     1732 |       2 |     202 |       92 |     16 |   227 |    +1.1% | -287.450 |   -15864.5 |    499 | io_out_REG[0]$_DFF_P_/D
     1733 |       2 |     202 |       92 |     16 |   227 |    +1.1% | -287.450 |   -15864.5 |    498 | io_out_REG[0]$_DFF_P_/D
     1734 |       2 |     202 |       92 |     16 |   227 |    +1.1% | -287.450 |   -15864.5 |    497 | io_out_REG[0]$_DFF_P_/D
     1735 |       2 |     202 |       92 |     16 |   227 |    +1.1% | -287.450 |   -15864.5 |    496 | io_out_REG[0]$_DFF_P_/D
     1736 |       2 |     202 |       92 |     16 |   227 |    +1.1% | -287.450 |   -15864.5 |    495 | io_out_REG[0]$_DFF_P_/D
     1737 |       2 |     202 |       92 |     16 |   227 |    +1.1% | -287.450 |   -15864.5 |    494 | io_out_REG[0]$_DFF_P_/D
     1738 |       2 |     202 |       92 |     16 |   227 |    +1.1% | -287.450 |   -15864.5 |    493 | io_out_REG[0]$_DFF_P_/D
     1740 |       2 |     203 |       92 |     16 |   227 |    +1.1% | -287.450 |   -15847.9 |    492 | io_out_REG[0]$_DFF_P_/D
     1740 |       2 |     203 |       92 |     16 |   227 |    +1.1% | -287.450 |   -15847.9 |    491 | io_out_REG[0]$_DFF_P_/D
     1741 |       2 |     203 |       92 |     16 |   227 |    +1.1% | -287.450 |   -15847.9 |    490 | io_out_REG[0]$_DFF_P_/D
     1742 |       2 |     203 |       92 |     16 |   227 |    +1.1% | -287.450 |   -15847.9 |    489 | io_out_REG[0]$_DFF_P_/D
     1749 |       2 |     203 |       92 |     16 |   227 |    +1.1% | -287.450 |   -15847.9 |    489 | io_out_REG[0]$_DFF_P_/D
     1750 |       2 |     203 |       92 |     16 |   227 |    +1.1% | -287.450 |   -15847.9 |    489 | io_out_REG[0]$_DFF_P_/D
     1750 |       2 |     203 |       92 |     16 |   227 |    +1.1% | -287.450 |   -15847.9 |    488 | io_out_REG[0]$_DFF_P_/D
     1751 |       2 |     203 |       92 |     16 |   227 |    +1.1% | -287.450 |   -15847.9 |    487 | io_out_REG[0]$_DFF_P_/D
     1752 |       2 |     203 |       92 |     16 |   227 |    +1.1% | -287.450 |   -15847.9 |    486 | io_out_REG[0]$_DFF_P_/D
     1755 |       2 |     203 |       92 |     16 |   227 |    +1.1% | -287.450 |   -15847.9 |    485 | io_out_REG[0]$_DFF_P_/D
     1756 |       2 |     203 |       92 |     16 |   227 |    +1.1% | -287.450 |   -15847.9 |    484 | io_out_REG[0]$_DFF_P_/D
     1757 |       2 |     203 |       92 |     16 |   227 |    +1.1% | -287.450 |   -15847.9 |    483 | io_out_REG[0]$_DFF_P_/D
     1758 |       2 |     203 |       92 |     16 |   227 |    +1.1% | -287.450 |   -15847.9 |    483 | io_out_REG[0]$_DFF_P_/D
     1759 |       2 |     203 |       92 |     16 |   227 |    +1.1% | -287.450 |   -15847.9 |    482 | io_out_REG[0]$_DFF_P_/D
     1760 |       2 |     203 |       92 |     16 |   227 |    +1.1% | -287.450 |   -15847.9 |    482 | io_out_REG[0]$_DFF_P_/D
     1762 |       2 |     203 |       92 |     16 |   227 |    +1.1% | -287.450 |   -15847.9 |    481 | io_out_REG[0]$_DFF_P_/D
     1763 |       2 |     203 |       92 |     16 |   227 |    +1.1% | -287.450 |   -15847.9 |    480 | io_out_REG[0]$_DFF_P_/D
     1766 |       2 |     203 |       92 |     16 |   227 |    +1.1% | -287.450 |   -15847.9 |    479 | io_out_REG[0]$_DFF_P_/D
     1767 |       2 |     203 |       92 |     16 |   227 |    +1.1% | -287.450 |   -15847.9 |    479 | io_out_REG[0]$_DFF_P_/D
     1768 |       2 |     203 |       92 |     16 |   227 |    +1.1% | -287.450 |   -15847.9 |    478 | io_out_REG[0]$_DFF_P_/D
     1769 |       2 |     203 |       92 |     16 |   227 |    +1.1% | -287.450 |   -15847.9 |    477 | io_out_REG[0]$_DFF_P_/D
     1770 |       2 |     203 |       92 |     16 |   227 |    +1.1% | -287.450 |   -15847.9 |    477 | io_out_REG[0]$_DFF_P_/D
     1771 |       2 |     203 |       92 |     16 |   227 |    +1.1% | -287.450 |   -15847.9 |    476 | io_out_REG[0]$_DFF_P_/D
     1772 |       2 |     203 |       92 |     16 |   227 |    +1.1% | -287.450 |   -15847.9 |    475 | io_out_REG[0]$_DFF_P_/D
     1773 |       2 |     203 |       92 |     16 |   227 |    +1.1% | -287.450 |   -15847.9 |    474 | io_out_REG[0]$_DFF_P_/D
     1774 |       2 |     203 |       92 |     16 |   227 |    +1.1% | -287.450 |   -15847.9 |    473 | io_out_REG[0]$_DFF_P_/D
     1775 |       2 |     203 |       92 |     16 |   227 |    +1.1% | -287.450 |   -15847.9 |    472 | io_out_REG[0]$_DFF_P_/D
     1776 |       2 |     203 |       92 |     16 |   227 |    +1.1% | -287.450 |   -15847.9 |    471 | io_out_REG[0]$_DFF_P_/D
     1777 |       2 |     203 |       92 |     16 |   227 |    +1.1% | -287.450 |   -15847.9 |    470 | io_out_REG[0]$_DFF_P_/D
     1778 |       2 |     203 |       92 |     16 |   227 |    +1.1% | -287.450 |   -15847.9 |    469 | io_out_REG[0]$_DFF_P_/D
     1779 |       2 |     203 |       92 |     16 |   227 |    +1.1% | -287.450 |   -15847.9 |    468 | io_out_REG[0]$_DFF_P_/D
     1780 |       2 |     203 |       92 |     16 |   227 |    +1.1% | -287.450 |   -15847.9 |    468 | io_out_REG[0]$_DFF_P_/D
     1780 |       2 |     203 |       92 |     16 |   227 |    +1.1% | -287.450 |   -15847.9 |    468 | io_out_REG[0]$_DFF_P_/D
     1781 |       2 |     203 |       92 |     16 |   227 |    +1.1% | -287.450 |   -15847.9 |    467 | io_out_REG[0]$_DFF_P_/D
     1782 |       2 |     203 |       92 |     16 |   227 |    +1.1% | -287.450 |   -15847.9 |    466 | io_out_REG[0]$_DFF_P_/D
     1783 |       2 |     203 |       92 |     16 |   227 |    +1.1% | -287.450 |   -15847.9 |    465 | io_out_REG[0]$_DFF_P_/D
     1788 |       2 |     206 |       93 |     16 |   227 |    +1.1% | -287.450 |   -15276.8 |    463 | io_out_REG[0]$_DFF_P_/D
     1789 |       2 |     206 |       93 |     16 |   227 |    +1.1% | -287.450 |   -15276.8 |    462 | io_out_REG[0]$_DFF_P_/D
     1790 |       2 |     206 |       93 |     16 |   227 |    +1.1% | -287.450 |   -15276.8 |    462 | io_out_REG[0]$_DFF_P_/D
     1790 |       2 |     206 |       93 |     16 |   227 |    +1.1% | -287.450 |   -15276.8 |    461 | io_out_REG[0]$_DFF_P_/D
     1791 |       2 |     206 |       93 |     16 |   227 |    +1.1% | -287.450 |   -15276.8 |    460 | io_out_REG[0]$_DFF_P_/D
     1792 |       2 |     206 |       93 |     16 |   227 |    +1.1% | -287.450 |   -15276.8 |    459 | io_out_REG[0]$_DFF_P_/D
     1796 |       2 |     206 |       94 |     17 |   228 |    +1.1% | -287.450 |   -15158.9 |    457 | io_out_REG[0]$_DFF_P_/D
     1797 |       2 |     206 |       94 |     17 |   228 |    +1.1% | -287.450 |   -15158.9 |    456 | io_out_REG[0]$_DFF_P_/D
     1798 |       2 |     206 |       94 |     17 |   228 |    +1.1% | -287.450 |   -15158.9 |    455 | io_out_REG[0]$_DFF_P_/D
     1799 |       2 |     206 |       94 |     17 |   228 |    +1.1% | -287.450 |   -15158.9 |    454 | io_out_REG[0]$_DFF_P_/D
     1800 |       2 |     206 |       94 |     17 |   228 |    +1.1% | -287.450 |   -15158.9 |    454 | io_out_REG[0]$_DFF_P_/D
     1800 |       2 |     206 |       94 |     17 |   228 |    +1.1% | -287.450 |   -15158.9 |    453 | io_out_REG[0]$_DFF_P_/D
     1801 |       2 |     206 |       94 |     17 |   228 |    +1.1% | -287.450 |   -15158.9 |    452 | io_out_REG[0]$_DFF_P_/D
     1802 |       2 |     206 |       94 |     17 |   228 |    +1.1% | -287.450 |   -15158.9 |    451 | io_out_REG[0]$_DFF_P_/D
     1803 |       2 |     206 |       94 |     17 |   228 |    +1.1% | -287.450 |   -15158.9 |    450 | io_out_REG[0]$_DFF_P_/D
     1810 |       2 |     206 |       94 |     17 |   234 |    +1.1% | -287.450 |   -15180.1 |    450 | io_out_REG[0]$_DFF_P_/D
     1810 |       2 |     206 |       94 |     17 |   228 |    +1.1% | -287.450 |   -15158.9 |    450 | io_out_REG[0]$_DFF_P_/D
     1811 |       2 |     206 |       94 |     17 |   228 |    +1.1% | -287.450 |   -15158.9 |    449 | io_out_REG[0]$_DFF_P_/D
     1812 |       2 |     206 |       94 |     17 |   228 |    +1.1% | -287.450 |   -15158.9 |    448 | io_out_REG[0]$_DFF_P_/D
     1813 |       2 |     206 |       94 |     17 |   228 |    +1.1% | -287.450 |   -15158.9 |    447 | io_out_REG[0]$_DFF_P_/D
     1814 |       2 |     206 |       94 |     17 |   228 |    +1.1% | -287.450 |   -15158.9 |    447 | io_out_REG[0]$_DFF_P_/D
     1815 |       2 |     206 |       94 |     17 |   228 |    +1.1% | -287.450 |   -15158.9 |    446 | io_out_REG[0]$_DFF_P_/D
     1816 |       2 |     206 |       94 |     17 |   228 |    +1.1% | -287.450 |   -15158.9 |    446 | io_out_REG[0]$_DFF_P_/D
     1817 |       2 |     206 |       94 |     17 |   228 |    +1.1% | -287.450 |   -15158.9 |    445 | io_out_REG[0]$_DFF_P_/D
     1818 |       2 |     206 |       94 |     17 |   228 |    +1.1% | -287.450 |   -15158.9 |    444 | io_out_REG[0]$_DFF_P_/D
     1819 |       2 |     206 |       94 |     17 |   228 |    +1.1% | -287.450 |   -15158.9 |    443 | io_out_REG[0]$_DFF_P_/D
     1820 |       2 |     206 |       94 |     17 |   228 |    +1.1% | -287.450 |   -15158.9 |    443 | io_out_REG[0]$_DFF_P_/D
     1820 |       2 |     206 |       94 |     17 |   228 |    +1.1% | -287.450 |   -15158.9 |    442 | io_out_REG[0]$_DFF_P_/D
     1822 |       2 |     207 |       94 |     17 |   228 |    +1.1% | -287.450 |   -15159.2 |    440 | io_out_REG[0]$_DFF_P_/D
     1823 |       2 |     207 |       94 |     17 |   228 |    +1.1% | -287.450 |   -15159.2 |    439 | io_out_REG[0]$_DFF_P_/D
     1824 |       2 |     207 |       94 |     17 |   228 |    +1.1% | -287.450 |   -15159.2 |    438 | io_out_REG[0]$_DFF_P_/D
     1825 |       2 |     207 |       94 |     17 |   228 |    +1.1% | -287.450 |   -15159.2 |    437 | io_out_REG[0]$_DFF_P_/D
     1826 |       2 |     207 |       94 |     17 |   228 |    +1.1% | -287.450 |   -15159.2 |    436 | io_out_REG[0]$_DFF_P_/D
     1827 |       2 |     207 |       94 |     17 |   228 |    +1.1% | -287.450 |   -15159.2 |    435 | io_out_REG[0]$_DFF_P_/D
     1828 |       2 |     207 |       94 |     17 |   228 |    +1.1% | -287.450 |   -15159.2 |    434 | io_out_REG[0]$_DFF_P_/D
     1829 |       2 |     207 |       94 |     17 |   228 |    +1.1% | -287.450 |   -15159.2 |    433 | io_out_REG[0]$_DFF_P_/D
     1830 |       2 |     207 |       94 |     17 |   228 |    +1.1% | -287.450 |   -15159.2 |    433 | io_out_REG[0]$_DFF_P_/D
     1830 |       2 |     207 |       94 |     17 |   228 |    +1.1% | -287.450 |   -15159.2 |    432 | io_out_REG[0]$_DFF_P_/D
     1831 |       2 |     207 |       94 |     17 |   228 |    +1.1% | -287.450 |   -15159.2 |    431 | io_out_REG[0]$_DFF_P_/D
     1832 |       2 |     207 |       94 |     17 |   228 |    +1.1% | -287.450 |   -15159.2 |    430 | io_out_REG[0]$_DFF_P_/D
     1833 |       2 |     207 |       94 |     17 |   228 |    +1.1% | -287.450 |   -15159.2 |    429 | io_out_REG[0]$_DFF_P_/D
     1834 |       2 |     207 |       94 |     17 |   228 |    +1.1% | -287.450 |   -15159.2 |    428 | io_out_REG[0]$_DFF_P_/D
     1835 |       2 |     207 |       94 |     17 |   228 |    +1.1% | -287.450 |   -15159.2 |    427 | io_out_REG[0]$_DFF_P_/D
     1836 |       2 |     207 |       94 |     17 |   228 |    +1.1% | -287.450 |   -15159.2 |    426 | io_out_REG[0]$_DFF_P_/D
     1837 |       2 |     207 |       94 |     17 |   228 |    +1.1% | -287.450 |   -15159.2 |    425 | io_out_REG[0]$_DFF_P_/D
     1838 |       2 |     207 |       94 |     17 |   228 |    +1.1% | -287.450 |   -15159.2 |    424 | io_out_REG[0]$_DFF_P_/D
     1839 |       2 |     207 |       94 |     17 |   228 |    +1.1% | -287.450 |   -15159.2 |    423 | io_out_REG[0]$_DFF_P_/D
     1840 |       2 |     207 |       94 |     17 |   228 |    +1.1% | -287.450 |   -15159.2 |    423 | io_out_REG[0]$_DFF_P_/D
     1840 |       2 |     207 |       94 |     17 |   228 |    +1.1% | -287.450 |   -15159.2 |    422 | io_out_REG[0]$_DFF_P_/D
     1841 |       2 |     207 |       94 |     17 |   228 |    +1.1% | -287.450 |   -15159.2 |    421 | io_out_REG[0]$_DFF_P_/D
     1842 |       2 |     207 |       94 |     17 |   228 |    +1.1% | -287.450 |   -15159.2 |    420 | io_out_REG[0]$_DFF_P_/D
     1843 |       2 |     207 |       94 |     17 |   228 |    +1.1% | -287.450 |   -15159.2 |    419 | io_out_REG[0]$_DFF_P_/D
     1844 |       2 |     207 |       94 |     17 |   228 |    +1.1% | -287.450 |   -15159.2 |    419 | io_out_REG[0]$_DFF_P_/D
     1845 |       2 |     207 |       94 |     17 |   228 |    +1.1% | -287.450 |   -15159.2 |    418 | io_out_REG[0]$_DFF_P_/D
     1846 |       2 |     207 |       94 |     17 |   228 |    +1.1% | -287.450 |   -15159.2 |    417 | io_out_REG[0]$_DFF_P_/D
     1847 |       2 |     207 |       94 |     17 |   228 |    +1.1% | -287.450 |   -15159.2 |    416 | io_out_REG[0]$_DFF_P_/D
     1848 |       2 |     207 |       94 |     17 |   228 |    +1.1% | -287.450 |   -15159.2 |    415 | io_out_REG[0]$_DFF_P_/D
     1849 |       2 |     207 |       94 |     17 |   228 |    +1.1% | -287.450 |   -15159.2 |    414 | io_out_REG[0]$_DFF_P_/D
     1850 |       2 |     207 |       94 |     17 |   228 |    +1.1% | -287.450 |   -15159.2 |    414 | io_out_REG[0]$_DFF_P_/D
     1850 |       2 |     207 |       94 |     17 |   228 |    +1.1% | -287.450 |   -15159.2 |    413 | io_out_REG[0]$_DFF_P_/D
     1851 |       2 |     207 |       94 |     17 |   228 |    +1.1% | -287.450 |   -15159.2 |    412 | io_out_REG[0]$_DFF_P_/D
     1852 |       2 |     207 |       94 |     17 |   228 |    +1.1% | -287.450 |   -15159.2 |    411 | io_out_REG[0]$_DFF_P_/D
     1853 |       2 |     207 |       94 |     17 |   228 |    +1.1% | -287.450 |   -15159.2 |    410 | io_out_REG[0]$_DFF_P_/D
     1854 |       2 |     207 |       94 |     17 |   228 |    +1.1% | -287.450 |   -15159.2 |    409 | io_out_REG[0]$_DFF_P_/D
     1855 |       2 |     207 |       94 |     17 |   228 |    +1.1% | -287.450 |   -15159.2 |    408 | io_out_REG[0]$_DFF_P_/D
     1856 |       2 |     207 |       94 |     17 |   228 |    +1.1% | -287.450 |   -15159.2 |    407 | io_out_REG[0]$_DFF_P_/D
     1857 |       2 |     207 |       94 |     17 |   228 |    +1.1% | -287.450 |   -15159.2 |    406 | io_out_REG[0]$_DFF_P_/D
     1858 |       2 |     207 |       94 |     17 |   228 |    +1.1% | -287.450 |   -15159.2 |    405 | io_out_REG[0]$_DFF_P_/D
     1859 |       2 |     207 |       94 |     17 |   228 |    +1.1% | -287.450 |   -15159.2 |    404 | io_out_REG[0]$_DFF_P_/D
     1860 |       2 |     207 |       94 |     17 |   228 |    +1.1% | -287.450 |   -15159.2 |    404 | io_out_REG[0]$_DFF_P_/D
     1860 |       2 |     207 |       94 |     17 |   228 |    +1.1% | -287.450 |   -15159.2 |    403 | io_out_REG[0]$_DFF_P_/D
     1861 |       2 |     207 |       94 |     17 |   228 |    +1.1% | -287.450 |   -15159.2 |    402 | io_out_REG[0]$_DFF_P_/D
     1862 |       2 |     207 |       94 |     17 |   228 |    +1.1% | -287.450 |   -15159.2 |    402 | io_out_REG[0]$_DFF_P_/D
     1863 |       2 |     207 |       94 |     17 |   228 |    +1.1% | -287.450 |   -15159.2 |    401 | io_out_REG[0]$_DFF_P_/D
     1864 |       2 |     207 |       94 |     17 |   228 |    +1.1% | -287.450 |   -15159.2 |    400 | io_out_REG[0]$_DFF_P_/D
     1865 |       2 |     207 |       94 |     17 |   228 |    +1.1% | -287.450 |   -15159.2 |    399 | io_out_REG[0]$_DFF_P_/D
     1866 |       2 |     207 |       94 |     17 |   228 |    +1.1% | -287.450 |   -15159.2 |    398 | io_out_REG[0]$_DFF_P_/D
     1867 |       2 |     207 |       94 |     17 |   228 |    +1.1% | -287.450 |   -15159.2 |    397 | io_out_REG[0]$_DFF_P_/D
     1870 |       2 |     208 |       94 |     17 |   229 |    +1.1% | -287.450 |   -15149.3 |    397 | io_out_REG[0]$_DFF_P_/D
     1871 |       2 |     209 |       94 |     17 |   229 |    +1.1% | -287.450 |   -15145.7 |    395 | io_out_REG[0]$_DFF_P_/D
     1872 |       2 |     209 |       94 |     17 |   229 |    +1.1% | -287.450 |   -15145.7 |    394 | io_out_REG[0]$_DFF_P_/D
     1873 |       2 |     209 |       94 |     17 |   229 |    +1.1% | -287.450 |   -15145.7 |    393 | io_out_REG[0]$_DFF_P_/D
     1874 |       2 |     209 |       94 |     17 |   229 |    +1.1% | -287.450 |   -15145.7 |    392 | io_out_REG[0]$_DFF_P_/D
     1876 |       2 |     210 |       94 |     17 |   229 |    +1.1% | -287.450 |   -15144.4 |    390 | io_out_REG[0]$_DFF_P_/D
     1877 |       2 |     210 |       94 |     17 |   229 |    +1.1% | -287.450 |   -15144.4 |    389 | io_out_REG[0]$_DFF_P_/D
     1878 |       2 |     210 |       94 |     17 |   229 |    +1.1% | -287.450 |   -15144.4 |    388 | io_out_REG[0]$_DFF_P_/D
     1879 |       2 |     210 |       94 |     17 |   229 |    +1.1% | -287.450 |   -15144.4 |    387 | io_out_REG[0]$_DFF_P_/D
     1880 |       2 |     210 |       94 |     17 |   229 |    +1.1% | -287.450 |   -15144.4 |    387 | io_out_REG[0]$_DFF_P_/D
     1880 |       2 |     210 |       94 |     17 |   229 |    +1.1% | -287.450 |   -15144.4 |    386 | io_out_REG[0]$_DFF_P_/D
     1881 |       2 |     210 |       94 |     17 |   229 |    +1.1% | -287.450 |   -15144.4 |    385 | io_out_REG[0]$_DFF_P_/D
     1882 |       2 |     210 |       94 |     17 |   229 |    +1.1% | -287.450 |   -15144.4 |    384 | io_out_REG[0]$_DFF_P_/D
     1883 |       2 |     210 |       94 |     17 |   229 |    +1.1% | -287.450 |   -15144.4 |    383 | io_out_REG[0]$_DFF_P_/D
     1884 |       2 |     210 |       94 |     17 |   229 |    +1.1% | -287.450 |   -15144.4 |    382 | io_out_REG[0]$_DFF_P_/D
     1885 |       2 |     210 |       94 |     17 |   229 |    +1.1% | -287.450 |   -15144.4 |    381 | io_out_REG[0]$_DFF_P_/D
     1886 |       2 |     210 |       94 |     17 |   229 |    +1.1% | -287.450 |   -15144.4 |    380 | io_out_REG[0]$_DFF_P_/D
     1887 |       2 |     210 |       94 |     17 |   229 |    +1.1% | -287.450 |   -15144.4 |    379 | io_out_REG[0]$_DFF_P_/D
     1888 |       2 |     210 |       94 |     17 |   229 |    +1.1% | -287.450 |   -15144.4 |    378 | io_out_REG[0]$_DFF_P_/D
     1889 |       2 |     210 |       94 |     17 |   229 |    +1.1% | -287.450 |   -15144.4 |    378 | io_out_REG[0]$_DFF_P_/D
     1890 |       2 |     210 |       94 |     17 |   229 |    +1.1% | -287.450 |   -15144.4 |    378 | io_out_REG[0]$_DFF_P_/D
     1890 |       2 |     210 |       94 |     17 |   229 |    +1.1% | -287.450 |   -15144.4 |    377 | io_out_REG[0]$_DFF_P_/D
     1891 |       2 |     210 |       94 |     17 |   229 |    +1.1% | -287.450 |   -15144.4 |    376 | io_out_REG[0]$_DFF_P_/D
     1892 |       2 |     210 |       94 |     17 |   229 |    +1.1% | -287.450 |   -15144.4 |    375 | io_out_REG[0]$_DFF_P_/D
     1893 |       2 |     210 |       94 |     17 |   229 |    +1.1% | -287.450 |   -15144.4 |    374 | io_out_REG[0]$_DFF_P_/D
     1894 |       2 |     210 |       94 |     17 |   229 |    +1.1% | -287.450 |   -15144.4 |    373 | io_out_REG[0]$_DFF_P_/D
     1895 |       2 |     210 |       94 |     17 |   229 |    +1.1% | -287.450 |   -15144.4 |    372 | io_out_REG[0]$_DFF_P_/D
     1896 |       2 |     210 |       94 |     17 |   229 |    +1.1% | -287.450 |   -15144.4 |    371 | io_out_REG[0]$_DFF_P_/D
     1897 |       2 |     210 |       94 |     17 |   229 |    +1.1% | -287.450 |   -15144.4 |    370 | io_out_REG[0]$_DFF_P_/D
     1898 |       2 |     210 |       94 |     17 |   229 |    +1.1% | -287.450 |   -15144.4 |    369 | io_out_REG[0]$_DFF_P_/D
     1899 |       2 |     210 |       94 |     17 |   229 |    +1.1% | -287.450 |   -15144.4 |    368 | io_out_REG[0]$_DFF_P_/D
     1900 |       2 |     210 |       94 |     17 |   229 |    +1.1% | -287.450 |   -15144.4 |    368 | io_out_REG[0]$_DFF_P_/D
     1900 |       2 |     210 |       94 |     17 |   229 |    +1.1% | -287.450 |   -15144.4 |    367 | io_out_REG[0]$_DFF_P_/D
     1901 |       2 |     210 |       94 |     17 |   229 |    +1.1% | -287.450 |   -15144.4 |    366 | io_out_REG[0]$_DFF_P_/D
     1902 |       2 |     210 |       94 |     17 |   229 |    +1.1% | -287.450 |   -15144.4 |    365 | io_out_REG[0]$_DFF_P_/D
     1903 |       2 |     210 |       94 |     17 |   229 |    +1.1% | -287.450 |   -15144.4 |    364 | io_out_REG[0]$_DFF_P_/D
     1904 |       2 |     210 |       94 |     17 |   229 |    +1.1% | -287.450 |   -15144.4 |    363 | io_out_REG[0]$_DFF_P_/D
     1905 |       2 |     210 |       94 |     17 |   229 |    +1.1% | -287.450 |   -15144.4 |    362 | io_out_REG[0]$_DFF_P_/D
     1906 |       2 |     210 |       94 |     17 |   229 |    +1.1% | -287.450 |   -15144.4 |    361 | io_out_REG[0]$_DFF_P_/D
     1907 |       2 |     210 |       94 |     17 |   229 |    +1.1% | -287.450 |   -15144.4 |    360 | io_out_REG[0]$_DFF_P_/D
     1908 |       2 |     210 |       94 |     17 |   229 |    +1.1% | -287.450 |   -15144.4 |    359 | io_out_REG[0]$_DFF_P_/D
     1909 |       2 |     210 |       94 |     17 |   229 |    +1.1% | -287.450 |   -15144.4 |    358 | io_out_REG[0]$_DFF_P_/D
     1910 |       2 |     210 |       94 |     17 |   229 |    +1.1% | -287.450 |   -15144.4 |    358 | io_out_REG[0]$_DFF_P_/D
     1910 |       2 |     210 |       94 |     17 |   229 |    +1.1% | -287.450 |   -15144.4 |    357 | io_out_REG[0]$_DFF_P_/D
     1911 |       2 |     210 |       94 |     17 |   229 |    +1.1% | -287.450 |   -15144.4 |    356 | io_out_REG[0]$_DFF_P_/D
     1912 |       2 |     210 |       94 |     17 |   229 |    +1.1% | -287.450 |   -15144.4 |    355 | io_out_REG[0]$_DFF_P_/D
     1913 |       2 |     210 |       94 |     17 |   229 |    +1.1% | -287.450 |   -15144.4 |    354 | io_out_REG[0]$_DFF_P_/D
     1914 |       2 |     210 |       94 |     17 |   229 |    +1.1% | -287.450 |   -15144.4 |    353 | io_out_REG[0]$_DFF_P_/D
     1915 |       2 |     210 |       94 |     17 |   229 |    +1.1% | -287.450 |   -15144.4 |    352 | io_out_REG[0]$_DFF_P_/D
     1916 |       2 |     210 |       94 |     17 |   229 |    +1.1% | -287.450 |   -15144.4 |    351 | io_out_REG[0]$_DFF_P_/D
     1917 |       2 |     210 |       94 |     17 |   229 |    +1.1% | -287.450 |   -15144.4 |    350 | io_out_REG[0]$_DFF_P_/D
     1918 |       2 |     210 |       94 |     17 |   229 |    +1.1% | -287.450 |   -15144.4 |    349 | io_out_REG[0]$_DFF_P_/D
     1919 |       2 |     210 |       94 |     17 |   229 |    +1.1% | -287.450 |   -15144.4 |    348 | io_out_REG[0]$_DFF_P_/D
     1920 |       2 |     210 |       94 |     17 |   229 |    +1.1% | -287.450 |   -15144.4 |    348 | io_out_REG[0]$_DFF_P_/D
     1920 |       2 |     210 |       94 |     17 |   229 |    +1.1% | -287.450 |   -15144.4 |    347 | io_out_REG[0]$_DFF_P_/D
     1921 |       2 |     210 |       94 |     17 |   229 |    +1.1% | -287.450 |   -15144.4 |    346 | io_out_REG[0]$_DFF_P_/D
     1922 |       2 |     210 |       94 |     17 |   229 |    +1.1% | -287.450 |   -15144.4 |    346 | io_out_REG[0]$_DFF_P_/D
     1923 |       2 |     210 |       94 |     17 |   229 |    +1.1% | -287.450 |   -15144.4 |    345 | io_out_REG[0]$_DFF_P_/D
     1924 |       2 |     210 |       94 |     17 |   229 |    +1.1% | -287.450 |   -15144.4 |    344 | io_out_REG[0]$_DFF_P_/D
     1925 |       2 |     210 |       94 |     17 |   229 |    +1.1% | -287.450 |   -15144.4 |    343 | io_out_REG[0]$_DFF_P_/D
     1926 |       2 |     210 |       94 |     17 |   229 |    +1.1% | -287.450 |   -15144.4 |    342 | io_out_REG[0]$_DFF_P_/D
     1927 |       2 |     210 |       94 |     17 |   229 |    +1.1% | -287.450 |   -15144.4 |    341 | io_out_REG[0]$_DFF_P_/D
     1928 |       2 |     210 |       94 |     17 |   229 |    +1.1% | -287.450 |   -15144.4 |    340 | io_out_REG[0]$_DFF_P_/D
     1929 |       2 |     210 |       94 |     17 |   229 |    +1.1% | -287.450 |   -15144.4 |    339 | io_out_REG[0]$_DFF_P_/D
     1930 |       2 |     210 |       94 |     17 |   229 |    +1.1% | -287.450 |   -15144.4 |    339 | io_out_REG[0]$_DFF_P_/D
     1930 |       2 |     210 |       94 |     17 |   229 |    +1.1% | -287.450 |   -15144.4 |    338 | io_out_REG[0]$_DFF_P_/D
     1931 |       2 |     210 |       94 |     17 |   229 |    +1.1% | -287.450 |   -15144.4 |    337 | io_out_REG[0]$_DFF_P_/D
     1932 |       2 |     210 |       94 |     17 |   229 |    +1.1% | -287.450 |   -15144.4 |    336 | io_out_REG[0]$_DFF_P_/D
     1936 |       2 |     210 |       95 |     18 |   230 |    +1.1% | -287.450 |   -15138.9 |    334 | io_out_REG[0]$_DFF_P_/D
     1937 |       2 |     210 |       95 |     18 |   230 |    +1.1% | -287.450 |   -15138.9 |    333 | io_out_REG[0]$_DFF_P_/D
     1938 |       2 |     210 |       95 |     18 |   230 |    +1.1% | -287.450 |   -15138.9 |    332 | io_out_REG[0]$_DFF_P_/D
     1939 |       2 |     210 |       95 |     18 |   230 |    +1.1% | -287.450 |   -15138.9 |    331 | io_out_REG[0]$_DFF_P_/D
     1940 |       2 |     210 |       95 |     18 |   230 |    +1.1% | -287.450 |   -15138.9 |    331 | io_out_REG[0]$_DFF_P_/D
     1940 |       2 |     210 |       95 |     18 |   230 |    +1.1% | -287.450 |   -15138.9 |    330 | io_out_REG[0]$_DFF_P_/D
     1941 |       2 |     210 |       95 |     18 |   230 |    +1.1% | -287.450 |   -15138.9 |    329 | io_out_REG[0]$_DFF_P_/D
     1942 |       2 |     210 |       95 |     18 |   230 |    +1.1% | -287.450 |   -15138.9 |    328 | io_out_REG[0]$_DFF_P_/D
     1943 |       2 |     210 |       95 |     18 |   230 |    +1.1% | -287.450 |   -15138.9 |    327 | io_out_REG[0]$_DFF_P_/D
     1944 |       2 |     210 |       95 |     18 |   230 |    +1.1% | -287.450 |   -15138.9 |    326 | io_out_REG[0]$_DFF_P_/D
     1945 |       2 |     210 |       95 |     18 |   230 |    +1.1% | -287.450 |   -15138.9 |    325 | io_out_REG[0]$_DFF_P_/D
     1946 |       2 |     210 |       95 |     18 |   230 |    +1.1% | -287.450 |   -15138.9 |    324 | io_out_REG[0]$_DFF_P_/D
     1947 |       2 |     210 |       95 |     18 |   230 |    +1.1% | -287.450 |   -15138.9 |    323 | io_out_REG[0]$_DFF_P_/D
     1948 |       2 |     210 |       95 |     18 |   230 |    +1.1% | -287.450 |   -15138.9 |    322 | io_out_REG[0]$_DFF_P_/D
     1949 |       2 |     210 |       95 |     18 |   230 |    +1.1% | -287.450 |   -15138.9 |    321 | io_out_REG[0]$_DFF_P_/D
     1950 |       2 |     210 |       95 |     18 |   230 |    +1.1% | -287.450 |   -15138.9 |    321 | io_out_REG[0]$_DFF_P_/D
     1950 |       2 |     210 |       95 |     18 |   230 |    +1.1% | -287.450 |   -15138.9 |    320 | io_out_REG[0]$_DFF_P_/D
     1951 |       2 |     210 |       95 |     18 |   230 |    +1.1% | -287.450 |   -15138.9 |    319 | io_out_REG[0]$_DFF_P_/D
     1952 |       2 |     210 |       95 |     18 |   230 |    +1.1% | -287.450 |   -15138.9 |    318 | io_out_REG[0]$_DFF_P_/D
     1953 |       2 |     210 |       95 |     18 |   230 |    +1.1% | -287.450 |   -15138.9 |    317 | io_out_REG[0]$_DFF_P_/D
     1954 |       2 |     210 |       95 |     18 |   230 |    +1.1% | -287.450 |   -15138.9 |    316 | io_out_REG[0]$_DFF_P_/D
     1955 |       2 |     210 |       95 |     18 |   230 |    +1.1% | -287.450 |   -15138.9 |    315 | io_out_REG[0]$_DFF_P_/D
     1956 |       2 |     210 |       95 |     18 |   230 |    +1.1% | -287.450 |   -15138.9 |    314 | io_out_REG[0]$_DFF_P_/D
     1957 |       2 |     210 |       95 |     18 |   230 |    +1.1% | -287.450 |   -15138.9 |    313 | io_out_REG[0]$_DFF_P_/D
     1958 |       2 |     210 |       95 |     18 |   230 |    +1.1% | -287.450 |   -15138.9 |    312 | io_out_REG[0]$_DFF_P_/D
     1959 |       2 |     210 |       95 |     18 |   230 |    +1.1% | -287.450 |   -15138.9 |    311 | io_out_REG[0]$_DFF_P_/D
     1960 |       2 |     210 |       95 |     18 |   230 |    +1.1% | -287.450 |   -15138.9 |    311 | io_out_REG[0]$_DFF_P_/D
     1960 |       2 |     210 |       95 |     18 |   230 |    +1.1% | -287.450 |   -15138.9 |    310 | io_out_REG[0]$_DFF_P_/D
     1961 |       2 |     210 |       95 |     18 |   230 |    +1.1% | -287.450 |   -15138.9 |    309 | io_out_REG[0]$_DFF_P_/D
     1962 |       2 |     210 |       95 |     18 |   230 |    +1.1% | -287.450 |   -15138.9 |    308 | io_out_REG[0]$_DFF_P_/D
     1963 |       2 |     210 |       95 |     18 |   230 |    +1.1% | -287.450 |   -15138.9 |    307 | io_out_REG[0]$_DFF_P_/D
     1964 |       2 |     210 |       95 |     18 |   230 |    +1.1% | -287.450 |   -15138.9 |    306 | io_out_REG[0]$_DFF_P_/D
     1965 |       2 |     210 |       95 |     18 |   230 |    +1.1% | -287.450 |   -15138.9 |    305 | io_out_REG[0]$_DFF_P_/D
     1966 |       2 |     210 |       95 |     18 |   230 |    +1.1% | -287.450 |   -15138.9 |    304 | io_out_REG[0]$_DFF_P_/D
     1967 |       2 |     210 |       95 |     18 |   230 |    +1.1% | -287.450 |   -15138.9 |    303 | io_out_REG[0]$_DFF_P_/D
     1968 |       2 |     210 |       95 |     18 |   230 |    +1.1% | -287.450 |   -15138.9 |    302 | io_out_REG[0]$_DFF_P_/D
     1969 |       2 |     210 |       95 |     18 |   230 |    +1.1% | -287.450 |   -15138.9 |    301 | io_out_REG[0]$_DFF_P_/D
     1970 |       2 |     210 |       95 |     18 |   230 |    +1.1% | -287.450 |   -15138.9 |    301 | io_out_REG[0]$_DFF_P_/D
     1970 |       2 |     210 |       95 |     18 |   230 |    +1.1% | -287.450 |   -15138.9 |    300 | io_out_REG[0]$_DFF_P_/D
     1971 |       2 |     210 |       95 |     18 |   230 |    +1.1% | -287.450 |   -15138.9 |    299 | io_out_REG[0]$_DFF_P_/D
     1972 |       2 |     210 |       95 |     18 |   230 |    +1.1% | -287.450 |   -15138.9 |    298 | io_out_REG[0]$_DFF_P_/D
     1973 |       2 |     210 |       95 |     18 |   230 |    +1.1% | -287.450 |   -15138.9 |    297 | io_out_REG[0]$_DFF_P_/D
     1974 |       2 |     210 |       95 |     18 |   230 |    +1.1% | -287.450 |   -15138.9 |    296 | io_out_REG[0]$_DFF_P_/D
     1975 |       2 |     210 |       95 |     18 |   230 |    +1.1% | -287.450 |   -15138.9 |    295 | io_out_REG[0]$_DFF_P_/D
     1976 |       2 |     210 |       95 |     18 |   230 |    +1.1% | -287.450 |   -15138.9 |    294 | io_out_REG[0]$_DFF_P_/D
     1977 |       2 |     210 |       95 |     18 |   230 |    +1.1% | -287.450 |   -15138.9 |    293 | io_out_REG[0]$_DFF_P_/D
     1978 |       2 |     210 |       95 |     18 |   230 |    +1.1% | -287.450 |   -15138.9 |    292 | io_out_REG[0]$_DFF_P_/D
     1979 |       2 |     210 |       95 |     18 |   230 |    +1.1% | -287.450 |   -15138.9 |    291 | io_out_REG[0]$_DFF_P_/D
     1980 |       2 |     210 |       95 |     18 |   230 |    +1.1% | -287.450 |   -15138.9 |    291 | io_out_REG[0]$_DFF_P_/D
     1980 |       2 |     210 |       95 |     18 |   230 |    +1.1% | -287.450 |   -15138.9 |    290 | io_out_REG[0]$_DFF_P_/D
     1981 |       2 |     210 |       95 |     18 |   230 |    +1.1% | -287.450 |   -15138.9 |    289 | io_out_REG[0]$_DFF_P_/D
     1982 |       2 |     210 |       95 |     18 |   230 |    +1.1% | -287.450 |   -15138.9 |    288 | io_out_REG[0]$_DFF_P_/D
     1983 |       2 |     210 |       95 |     18 |   230 |    +1.1% | -287.450 |   -15138.9 |    287 | io_out_REG[0]$_DFF_P_/D
     1984 |       2 |     210 |       95 |     18 |   230 |    +1.1% | -287.450 |   -15138.9 |    286 | io_out_REG[0]$_DFF_P_/D
     1985 |       2 |     210 |       95 |     18 |   230 |    +1.1% | -287.450 |   -15138.9 |    285 | io_out_REG[0]$_DFF_P_/D
     1986 |       2 |     210 |       95 |     18 |   230 |    +1.1% | -287.450 |   -15138.9 |    284 | io_out_REG[0]$_DFF_P_/D
     1987 |       2 |     210 |       95 |     18 |   230 |    +1.1% | -287.450 |   -15138.9 |    283 | io_out_REG[0]$_DFF_P_/D
     1988 |       2 |     210 |       95 |     18 |   230 |    +1.1% | -287.450 |   -15138.9 |    282 | io_out_REG[0]$_DFF_P_/D
     1989 |       2 |     210 |       95 |     18 |   230 |    +1.1% | -287.450 |   -15138.9 |    281 | io_out_REG[0]$_DFF_P_/D
     1990 |       2 |     210 |       95 |     18 |   230 |    +1.1% | -287.450 |   -15138.9 |    281 | io_out_REG[0]$_DFF_P_/D
     1990 |       2 |     210 |       95 |     18 |   230 |    +1.1% | -287.450 |   -15138.9 |    280 | io_out_REG[0]$_DFF_P_/D
     1991 |       2 |     210 |       95 |     18 |   230 |    +1.1% | -287.450 |   -15138.9 |    279 | io_out_REG[0]$_DFF_P_/D
     1992 |       2 |     210 |       95 |     18 |   230 |    +1.1% | -287.450 |   -15138.9 |    278 | io_out_REG[0]$_DFF_P_/D
     1993 |       2 |     210 |       95 |     18 |   230 |    +1.1% | -287.450 |   -15138.9 |    277 | io_out_REG[0]$_DFF_P_/D
     1994 |       2 |     210 |       95 |     18 |   230 |    +1.1% | -287.450 |   -15138.9 |    276 | io_out_REG[0]$_DFF_P_/D
     1995 |       2 |     210 |       95 |     18 |   230 |    +1.1% | -287.450 |   -15138.9 |    275 | io_out_REG[0]$_DFF_P_/D
     1996 |       2 |     210 |       95 |     18 |   230 |    +1.1% | -287.450 |   -15138.9 |    274 | io_out_REG[0]$_DFF_P_/D
     1997 |       2 |     210 |       95 |     18 |   230 |    +1.1% | -287.450 |   -15138.9 |    273 | io_out_REG[0]$_DFF_P_/D
     1998 |       2 |     210 |       95 |     18 |   230 |    +1.1% | -287.450 |   -15138.9 |    272 | io_out_REG[0]$_DFF_P_/D
     1999 |       2 |     210 |       95 |     18 |   230 |    +1.1% | -287.450 |   -15138.9 |    271 | io_out_REG[0]$_DFF_P_/D
     2000 |       2 |     210 |       95 |     18 |   230 |    +1.1% | -287.450 |   -15138.9 |    271 | io_out_REG[0]$_DFF_P_/D
     2000 |       2 |     210 |       95 |     18 |   230 |    +1.1% | -287.450 |   -15138.9 |    271 | io_out_REG[0]$_DFF_P_/D
     2001 |       2 |     210 |       95 |     18 |   230 |    +1.1% | -287.450 |   -15138.9 |    270 | io_out_REG[0]$_DFF_P_/D
     2002 |       2 |     210 |       95 |     18 |   230 |    +1.1% | -287.450 |   -15138.9 |    269 | io_out_REG[0]$_DFF_P_/D
     2003 |       2 |     210 |       95 |     18 |   230 |    +1.1% | -287.450 |   -15138.9 |    268 | io_out_REG[0]$_DFF_P_/D
     2004 |       2 |     210 |       95 |     18 |   230 |    +1.1% | -287.450 |   -15138.9 |    267 | io_out_REG[0]$_DFF_P_/D
     2005 |       2 |     210 |       95 |     18 |   230 |    +1.1% | -287.450 |   -15138.9 |    266 | io_out_REG[0]$_DFF_P_/D
     2006 |       2 |     210 |       95 |     18 |   230 |    +1.1% | -287.450 |   -15138.9 |    265 | io_out_REG[0]$_DFF_P_/D
     2007 |       2 |     210 |       95 |     18 |   230 |    +1.1% | -287.450 |   -15138.9 |    264 | io_out_REG[0]$_DFF_P_/D
     2008 |       2 |     210 |       95 |     18 |   230 |    +1.1% | -287.450 |   -15138.9 |    263 | io_out_REG[0]$_DFF_P_/D
     2009 |       2 |     210 |       95 |     18 |   230 |    +1.1% | -287.450 |   -15138.9 |    262 | io_out_REG[0]$_DFF_P_/D
     2010 |       2 |     210 |       95 |     18 |   230 |    +1.1% | -287.450 |   -15138.9 |    262 | io_out_REG[0]$_DFF_P_/D
     2010 |       2 |     210 |       95 |     18 |   230 |    +1.1% | -287.450 |   -15138.9 |    261 | io_out_REG[0]$_DFF_P_/D
     2011 |       2 |     210 |       95 |     18 |   230 |    +1.1% | -287.450 |   -15138.9 |    260 | io_out_REG[0]$_DFF_P_/D
     2012 |       2 |     210 |       95 |     18 |   230 |    +1.1% | -287.450 |   -15138.9 |    259 | io_out_REG[0]$_DFF_P_/D
     2013 |       2 |     210 |       95 |     18 |   230 |    +1.1% | -287.450 |   -15138.9 |    258 | io_out_REG[0]$_DFF_P_/D
     2014 |       2 |     210 |       95 |     18 |   230 |    +1.1% | -287.450 |   -15138.9 |    257 | io_out_REG[0]$_DFF_P_/D
     2015 |       2 |     210 |       95 |     18 |   230 |    +1.1% | -287.450 |   -15138.9 |    256 | io_out_REG[0]$_DFF_P_/D
     2016 |       2 |     210 |       95 |     18 |   230 |    +1.1% | -287.450 |   -15138.9 |    255 | io_out_REG[0]$_DFF_P_/D
     2017 |       2 |     210 |       95 |     18 |   230 |    +1.1% | -287.450 |   -15138.9 |    254 | io_out_REG[0]$_DFF_P_/D
     2018 |       2 |     210 |       95 |     18 |   230 |    +1.1% | -287.450 |   -15138.9 |    253 | io_out_REG[0]$_DFF_P_/D
     2019 |       2 |     210 |       95 |     18 |   230 |    +1.1% | -287.450 |   -15138.9 |    252 | io_out_REG[0]$_DFF_P_/D
     2020 |       2 |     210 |       95 |     18 |   230 |    +1.1% | -287.450 |   -15138.9 |    252 | io_out_REG[0]$_DFF_P_/D
     2020 |       2 |     210 |       95 |     18 |   230 |    +1.1% | -287.450 |   -15138.9 |    251 | io_out_REG[0]$_DFF_P_/D
     2021 |       2 |     210 |       95 |     18 |   230 |    +1.1% | -287.450 |   -15138.9 |    250 | io_out_REG[0]$_DFF_P_/D
     2022 |       2 |     210 |       95 |     18 |   230 |    +1.1% | -287.450 |   -15138.9 |    249 | io_out_REG[0]$_DFF_P_/D
     2023 |       2 |     210 |       95 |     18 |   230 |    +1.1% | -287.450 |   -15138.9 |    248 | io_out_REG[0]$_DFF_P_/D
     2024 |       2 |     210 |       95 |     18 |   230 |    +1.1% | -287.450 |   -15138.9 |    248 | io_out_REG[0]$_DFF_P_/D
     2025 |       2 |     210 |       95 |     18 |   230 |    +1.1% | -287.450 |   -15138.9 |    247 | io_out_REG[0]$_DFF_P_/D
     2026 |       2 |     210 |       95 |     18 |   230 |    +1.1% | -287.450 |   -15138.9 |    246 | io_out_REG[0]$_DFF_P_/D
     2027 |       2 |     210 |       95 |     18 |   230 |    +1.1% | -287.450 |   -15138.9 |    245 | io_out_REG[0]$_DFF_P_/D
     2028 |       2 |     210 |       95 |     18 |   230 |    +1.1% | -287.450 |   -15138.9 |    244 | io_out_REG[0]$_DFF_P_/D
     2029 |       2 |     210 |       95 |     18 |   230 |    +1.1% | -287.450 |   -15138.9 |    243 | io_out_REG[0]$_DFF_P_/D
     2030 |       2 |     210 |       95 |     18 |   230 |    +1.1% | -287.450 |   -15138.9 |    243 | io_out_REG[0]$_DFF_P_/D
     2030 |       2 |     210 |       95 |     18 |   230 |    +1.1% | -287.450 |   -15138.9 |    242 | io_out_REG[0]$_DFF_P_/D
     2031 |       2 |     210 |       95 |     18 |   230 |    +1.1% | -287.450 |   -15138.9 |    241 | io_out_REG[0]$_DFF_P_/D
     2032 |       2 |     210 |       95 |     18 |   230 |    +1.1% | -287.450 |   -15138.9 |    240 | io_out_REG[0]$_DFF_P_/D
     2033 |       2 |     210 |       95 |     18 |   230 |    +1.1% | -287.450 |   -15138.9 |    239 | io_out_REG[0]$_DFF_P_/D
     2034 |       2 |     210 |       95 |     18 |   230 |    +1.1% | -287.450 |   -15138.9 |    238 | io_out_REG[0]$_DFF_P_/D
     2035 |       2 |     210 |       95 |     18 |   230 |    +1.1% | -287.450 |   -15138.9 |    237 | io_out_REG[0]$_DFF_P_/D
     2036 |       2 |     210 |       95 |     18 |   230 |    +1.1% | -287.450 |   -15138.9 |    236 | io_out_REG[0]$_DFF_P_/D
     2037 |       2 |     210 |       95 |     18 |   230 |    +1.1% | -287.450 |   -15138.9 |    235 | io_out_REG[0]$_DFF_P_/D
     2038 |       2 |     210 |       95 |     18 |   230 |    +1.1% | -287.450 |   -15138.9 |    234 | io_out_REG[0]$_DFF_P_/D
     2039 |       2 |     210 |       95 |     18 |   230 |    +1.1% | -287.450 |   -15138.9 |    233 | io_out_REG[0]$_DFF_P_/D
     2040 |       2 |     210 |       95 |     18 |   230 |    +1.1% | -287.450 |   -15138.9 |    233 | io_out_REG[0]$_DFF_P_/D
     2040 |       2 |     210 |       95 |     18 |   230 |    +1.1% | -287.450 |   -15138.9 |    232 | io_out_REG[0]$_DFF_P_/D
     2041 |       2 |     210 |       95 |     18 |   230 |    +1.1% | -287.450 |   -15138.9 |    231 | io_out_REG[0]$_DFF_P_/D
     2042 |       2 |     210 |       95 |     18 |   230 |    +1.1% | -287.450 |   -15138.9 |    230 | io_out_REG[0]$_DFF_P_/D
     2043 |       2 |     210 |       95 |     18 |   230 |    +1.1% | -287.450 |   -15138.9 |    229 | io_out_REG[0]$_DFF_P_/D
     2044 |       2 |     210 |       95 |     18 |   230 |    +1.1% | -287.450 |   -15138.9 |    228 | io_out_REG[0]$_DFF_P_/D
     2045 |       2 |     210 |       95 |     18 |   230 |    +1.1% | -287.450 |   -15138.9 |    227 | io_out_REG[0]$_DFF_P_/D
     2046 |       2 |     210 |       95 |     18 |   230 |    +1.1% | -287.450 |   -15138.9 |    226 | io_out_REG[0]$_DFF_P_/D
     2047 |       2 |     210 |       95 |     18 |   230 |    +1.1% | -287.450 |   -15138.9 |    225 | io_out_REG[0]$_DFF_P_/D
     2048 |       2 |     210 |       95 |     18 |   230 |    +1.1% | -287.450 |   -15138.9 |    224 | io_out_REG[0]$_DFF_P_/D
     2049 |       2 |     210 |       95 |     18 |   230 |    +1.1% | -287.450 |   -15138.9 |    223 | io_out_REG[0]$_DFF_P_/D
     2050 |       2 |     210 |       95 |     18 |   230 |    +1.1% | -287.450 |   -15138.9 |    223 | io_out_REG[0]$_DFF_P_/D
     2050 |       2 |     210 |       95 |     18 |   230 |    +1.1% | -287.450 |   -15138.9 |    222 | io_out_REG[0]$_DFF_P_/D
     2051 |       2 |     210 |       95 |     18 |   230 |    +1.1% | -287.450 |   -15138.9 |    221 | io_out_REG[0]$_DFF_P_/D
     2052 |       2 |     210 |       95 |     18 |   230 |    +1.1% | -287.450 |   -15138.9 |    220 | io_out_REG[0]$_DFF_P_/D
     2053 |       2 |     210 |       95 |     18 |   230 |    +1.1% | -287.450 |   -15138.9 |    219 | io_out_REG[0]$_DFF_P_/D
     2054 |       2 |     210 |       95 |     18 |   230 |    +1.1% | -287.450 |   -15138.9 |    218 | io_out_REG[0]$_DFF_P_/D
     2055 |       2 |     210 |       95 |     18 |   230 |    +1.1% | -287.450 |   -15138.9 |    217 | io_out_REG[0]$_DFF_P_/D
     2056 |       2 |     210 |       95 |     18 |   230 |    +1.1% | -287.450 |   -15138.9 |    216 | io_out_REG[0]$_DFF_P_/D
     2057 |       2 |     210 |       95 |     18 |   230 |    +1.1% | -287.450 |   -15138.9 |    215 | io_out_REG[0]$_DFF_P_/D
     2058 |       2 |     210 |       95 |     18 |   230 |    +1.1% | -287.450 |   -15138.9 |    214 | io_out_REG[0]$_DFF_P_/D
     2059 |       2 |     210 |       95 |     18 |   230 |    +1.1% | -287.450 |   -15138.9 |    213 | io_out_REG[0]$_DFF_P_/D
     2060 |       2 |     210 |       95 |     18 |   230 |    +1.1% | -287.450 |   -15138.9 |    213 | io_out_REG[0]$_DFF_P_/D
     2060 |       2 |     210 |       95 |     18 |   230 |    +1.1% | -287.450 |   -15138.9 |    212 | io_out_REG[0]$_DFF_P_/D
     2061 |       2 |     210 |       95 |     18 |   230 |    +1.1% | -287.450 |   -15138.9 |    211 | io_out_REG[0]$_DFF_P_/D
     2062 |       2 |     210 |       95 |     18 |   230 |    +1.1% | -287.450 |   -15138.9 |    210 | io_out_REG[0]$_DFF_P_/D
     2063 |       2 |     210 |       95 |     18 |   230 |    +1.1% | -287.450 |   -15138.9 |    209 | io_out_REG[0]$_DFF_P_/D
     2064 |       2 |     210 |       95 |     18 |   230 |    +1.1% | -287.450 |   -15138.9 |    208 | io_out_REG[0]$_DFF_P_/D
     2065 |       2 |     210 |       95 |     18 |   230 |    +1.1% | -287.450 |   -15138.9 |    207 | io_out_REG[0]$_DFF_P_/D
     2066 |       2 |     210 |       95 |     18 |   230 |    +1.1% | -287.450 |   -15138.9 |    206 | io_out_REG[0]$_DFF_P_/D
     2067 |       2 |     210 |       95 |     18 |   230 |    +1.1% | -287.450 |   -15138.9 |    205 | io_out_REG[0]$_DFF_P_/D
     2068 |       2 |     210 |       95 |     18 |   230 |    +1.1% | -287.450 |   -15138.9 |    204 | io_out_REG[0]$_DFF_P_/D
     2069 |       2 |     210 |       95 |     18 |   230 |    +1.1% | -287.450 |   -15138.9 |    203 | io_out_REG[0]$_DFF_P_/D
     2070 |       2 |     210 |       95 |     18 |   230 |    +1.1% | -287.450 |   -15138.9 |    203 | io_out_REG[0]$_DFF_P_/D
     2070 |       2 |     210 |       95 |     18 |   230 |    +1.1% | -287.450 |   -15138.9 |    202 | io_out_REG[0]$_DFF_P_/D
     2071 |       2 |     210 |       95 |     18 |   230 |    +1.1% | -287.450 |   -15138.9 |    202 | io_out_REG[0]$_DFF_P_/D
     2072 |       2 |     210 |       95 |     18 |   230 |    +1.1% | -287.450 |   -15138.9 |    201 | io_out_REG[0]$_DFF_P_/D
     2073 |       2 |     210 |       95 |     18 |   230 |    +1.1% | -287.450 |   -15138.9 |    200 | io_out_REG[0]$_DFF_P_/D
     2074 |       2 |     210 |       95 |     18 |   230 |    +1.1% | -287.450 |   -15138.9 |    199 | io_out_REG[0]$_DFF_P_/D
     2075 |       2 |     210 |       95 |     18 |   230 |    +1.1% | -287.450 |   -15138.9 |    198 | io_out_REG[0]$_DFF_P_/D
     2076 |       2 |     210 |       95 |     18 |   230 |    +1.1% | -287.450 |   -15138.9 |    197 | io_out_REG[0]$_DFF_P_/D
     2077 |       2 |     210 |       95 |     18 |   230 |    +1.1% | -287.450 |   -15138.9 |    196 | io_out_REG[0]$_DFF_P_/D
     2078 |       2 |     210 |       95 |     18 |   230 |    +1.1% | -287.450 |   -15138.9 |    195 | io_out_REG[0]$_DFF_P_/D
     2079 |       2 |     210 |       95 |     18 |   230 |    +1.1% | -287.450 |   -15138.9 |    194 | io_out_REG[0]$_DFF_P_/D
     2080 |       2 |     210 |       95 |     18 |   230 |    +1.1% | -287.450 |   -15138.9 |    194 | io_out_REG[0]$_DFF_P_/D
     2080 |       2 |     210 |       95 |     18 |   230 |    +1.1% | -287.450 |   -15138.9 |    193 | io_out_REG[0]$_DFF_P_/D
     2082 |       2 |     211 |       95 |     18 |   230 |    +1.1% | -287.450 |   -15138.3 |    191 | io_out_REG[0]$_DFF_P_/D
     2083 |       2 |     211 |       95 |     18 |   230 |    +1.1% | -287.450 |   -15138.3 |    190 | io_out_REG[0]$_DFF_P_/D
     2084 |       2 |     211 |       95 |     18 |   230 |    +1.1% | -287.450 |   -15138.3 |    189 | io_out_REG[0]$_DFF_P_/D
     2085 |       2 |     211 |       95 |     18 |   230 |    +1.1% | -287.450 |   -15138.3 |    188 | io_out_REG[0]$_DFF_P_/D
     2086 |       2 |     211 |       95 |     18 |   230 |    +1.1% | -287.450 |   -15138.3 |    187 | io_out_REG[0]$_DFF_P_/D
     2087 |       2 |     211 |       95 |     18 |   230 |    +1.1% | -287.450 |   -15138.3 |    186 | io_out_REG[0]$_DFF_P_/D
     2088 |       2 |     211 |       95 |     18 |   230 |    +1.1% | -287.450 |   -15138.3 |    185 | io_out_REG[0]$_DFF_P_/D
     2089 |       2 |     211 |       95 |     18 |   230 |    +1.1% | -287.450 |   -15138.3 |    184 | io_out_REG[0]$_DFF_P_/D
     2090 |       2 |     211 |       95 |     18 |   230 |    +1.1% | -287.450 |   -15138.3 |    184 | io_out_REG[0]$_DFF_P_/D
     2091 |       2 |     212 |       95 |     18 |   230 |    +1.1% | -287.450 |   -15137.4 |    182 | io_out_REG[0]$_DFF_P_/D
     2092 |       2 |     212 |       95 |     18 |   230 |    +1.1% | -287.450 |   -15137.4 |    181 | io_out_REG[0]$_DFF_P_/D
     2093 |       2 |     212 |       95 |     18 |   230 |    +1.1% | -287.450 |   -15137.4 |    180 | io_out_REG[0]$_DFF_P_/D
     2094 |       2 |     212 |       95 |     18 |   230 |    +1.1% | -287.450 |   -15137.4 |    179 | io_out_REG[0]$_DFF_P_/D
     2095 |       2 |     212 |       95 |     18 |   230 |    +1.1% | -287.450 |   -15137.4 |    178 | io_out_REG[0]$_DFF_P_/D
     2096 |       2 |     212 |       95 |     18 |   230 |    +1.1% | -287.450 |   -15137.4 |    177 | io_out_REG[0]$_DFF_P_/D
     2097 |       2 |     212 |       95 |     18 |   230 |    +1.1% | -287.450 |   -15137.4 |    176 | io_out_REG[0]$_DFF_P_/D
     2098 |       2 |     212 |       95 |     18 |   230 |    +1.1% | -287.450 |   -15137.4 |    175 | io_out_REG[0]$_DFF_P_/D
     2099 |       2 |     212 |       95 |     18 |   230 |    +1.1% | -287.450 |   -15137.4 |    174 | io_out_REG[0]$_DFF_P_/D
     2100 |       2 |     212 |       95 |     18 |   230 |    +1.1% | -287.450 |   -15137.4 |    174 | io_out_REG[0]$_DFF_P_/D
     2100 |       2 |     212 |       95 |     18 |   230 |    +1.1% | -287.450 |   -15137.4 |    174 | io_out_REG[0]$_DFF_P_/D
    2100* |       2 |     212 |       95 |     18 |   230 |    +1.1% | -287.450 |   -15137.4 |    191 | io_out_REG[0]$_DFF_P_/D
    2101* |       2 |     212 |       95 |     18 |   230 |    +1.1% | -287.450 |   -15137.4 |    191 | io_out_REG[0]$_DFF_P_/D
    2102* |       2 |     212 |       95 |     18 |   230 |    +1.1% | -287.450 |   -15137.4 |    191 | io_out_REG[0]$_DFF_P_/D
    2103* |       2 |     212 |       95 |     18 |   230 |    +1.1% | -287.450 |   -15137.4 |    191 | io_out_REG[0]$_DFF_P_/D
    2106* |       2 |     214 |       95 |     18 |   230 |    +1.2% | -287.450 |   -15132.6 |    191 | io_out_REG[0]$_DFF_P_/D
    2107* |       2 |     214 |       95 |     18 |   230 |    +1.2% | -287.450 |   -15132.6 |    191 | io_out_REG[0]$_DFF_P_/D
    2108* |       2 |     214 |       95 |     18 |   230 |    +1.2% | -287.450 |   -15132.6 |    191 | io_out_REG[0]$_DFF_P_/D
    2109* |       2 |     214 |       95 |     18 |   230 |    +1.2% | -287.450 |   -15132.6 |    191 | io_out_REG[0]$_DFF_P_/D
    2110* |       2 |     214 |       95 |     18 |   230 |    +1.2% | -287.450 |   -15132.6 |    191 | io_out_REG[0]$_DFF_P_/D
    2110* |       2 |     214 |       95 |     18 |   230 |    +1.2% | -287.450 |   -15132.6 |    191 | io_out_REG[0]$_DFF_P_/D
    2111* |       2 |     214 |       95 |     18 |   230 |    +1.2% | -287.450 |   -15132.6 |    191 | io_out_REG[0]$_DFF_P_/D
    2112* |       2 |     214 |       95 |     18 |   230 |    +1.2% | -287.450 |   -15132.6 |    191 | io_out_REG[0]$_DFF_P_/D
    2113* |       2 |     214 |       95 |     18 |   230 |    +1.2% | -287.450 |   -15132.6 |    191 | io_out_REG[0]$_DFF_P_/D
    2114* |       2 |     214 |       95 |     18 |   230 |    +1.2% | -287.450 |   -15132.6 |    191 | io_out_REG[0]$_DFF_P_/D
    2116* |       2 |     214 |       95 |     18 |   231 |    +1.2% | -287.450 |   -15129.4 |    191 | io_out_REG[0]$_DFF_P_/D
    2117* |       2 |     214 |       95 |     18 |   231 |    +1.2% | -287.450 |   -15129.4 |    191 | io_out_REG[0]$_DFF_P_/D
    2118* |       2 |     214 |       95 |     18 |   231 |    +1.2% | -287.450 |   -15129.4 |    191 | io_out_REG[0]$_DFF_P_/D
    2119* |       2 |     214 |       95 |     18 |   231 |    +1.2% | -287.450 |   -15129.4 |    191 | io_out_REG[0]$_DFF_P_/D
    2120* |       2 |     214 |       95 |     18 |   231 |    +1.2% | -287.450 |   -15129.4 |    191 | io_out_REG[0]$_DFF_P_/D
    2120* |       2 |     214 |       95 |     18 |   231 |    +1.2% | -287.450 |   -15129.4 |    191 | io_out_REG[0]$_DFF_P_/D
    2121* |       2 |     214 |       95 |     18 |   231 |    +1.2% | -287.450 |   -15129.4 |    191 | io_out_REG[0]$_DFF_P_/D
    2122* |       2 |     214 |       95 |     18 |   231 |    +1.2% | -287.450 |   -15129.4 |    191 | io_out_REG[0]$_DFF_P_/D
    2123* |       2 |     214 |       95 |     18 |   231 |    +1.2% | -287.450 |   -15129.4 |    191 | io_out_REG[0]$_DFF_P_/D
    2124* |       2 |     214 |       95 |     18 |   231 |    +1.2% | -287.450 |   -15129.4 |    191 | io_out_REG[0]$_DFF_P_/D
    2125* |       2 |     214 |       95 |     18 |   231 |    +1.2% | -287.450 |   -15129.4 |    191 | io_out_REG[0]$_DFF_P_/D
    2126* |       2 |     214 |       95 |     18 |   231 |    +1.2% | -287.450 |   -15129.4 |    191 | io_out_REG[0]$_DFF_P_/D
    2127* |       2 |     214 |       95 |     18 |   231 |    +1.2% | -287.450 |   -15129.4 |    191 | io_out_REG[0]$_DFF_P_/D
    2128* |       2 |     214 |       95 |     18 |   231 |    +1.2% | -287.450 |   -15129.4 |    191 | io_out_REG[0]$_DFF_P_/D
    2129* |       2 |     214 |       95 |     18 |   231 |    +1.2% | -287.450 |   -15129.4 |    191 | io_out_REG[0]$_DFF_P_/D
    2130* |       2 |     214 |       95 |     18 |   231 |    +1.2% | -287.450 |   -15129.4 |    191 | io_out_REG[0]$_DFF_P_/D
    2130* |       2 |     214 |       95 |     18 |   231 |    +1.2% | -287.450 |   -15129.4 |    191 | io_out_REG[0]$_DFF_P_/D
    2131* |       2 |     214 |       95 |     18 |   231 |    +1.2% | -287.450 |   -15129.4 |    191 | io_out_REG[0]$_DFF_P_/D
    2132* |       2 |     214 |       95 |     18 |   231 |    +1.2% | -287.450 |   -15129.4 |    191 | io_out_REG[0]$_DFF_P_/D
    2133* |       2 |     214 |       95 |     18 |   231 |    +1.2% | -287.450 |   -15129.4 |    191 | io_out_REG[0]$_DFF_P_/D
    2134* |       2 |     214 |       95 |     18 |   231 |    +1.2% | -287.450 |   -15129.4 |    191 | io_out_REG[0]$_DFF_P_/D
    2135* |       2 |     214 |       95 |     18 |   231 |    +1.2% | -287.450 |   -15129.4 |    191 | io_out_REG[0]$_DFF_P_/D
    2136* |       2 |     214 |       95 |     18 |   231 |    +1.2% | -287.450 |   -15129.4 |    191 | io_out_REG[0]$_DFF_P_/D
    2137* |       2 |     214 |       95 |     18 |   231 |    +1.2% | -287.450 |   -15129.4 |    191 | io_out_REG[0]$_DFF_P_/D
    2138* |       2 |     214 |       95 |     18 |   231 |    +1.2% | -287.450 |   -15129.4 |    191 | io_out_REG[0]$_DFF_P_/D
    2139* |       2 |     214 |       95 |     18 |   231 |    +1.2% | -287.450 |   -15129.4 |    191 | io_out_REG[0]$_DFF_P_/D
    2140* |       2 |     214 |       95 |     18 |   231 |    +1.2% | -287.450 |   -15129.4 |    191 | io_out_REG[0]$_DFF_P_/D
    2140* |       2 |     214 |       95 |     18 |   231 |    +1.2% | -287.450 |   -15129.4 |    191 | io_out_REG[0]$_DFF_P_/D
    2143* |       2 |     216 |       95 |     18 |   231 |    +1.2% | -287.450 |   -15127.3 |    191 | io_out_REG[0]$_DFF_P_/D
    2145* |       2 |     217 |       95 |     18 |   231 |    +1.2% | -287.450 |   -15125.1 |    191 | io_out_REG[0]$_DFF_P_/D
    2146* |       2 |     217 |       95 |     18 |   231 |    +1.2% | -287.450 |   -15125.1 |    191 | io_out_REG[0]$_DFF_P_/D
    2147* |       2 |     217 |       95 |     18 |   231 |    +1.2% | -287.450 |   -15125.1 |    191 | io_out_REG[0]$_DFF_P_/D
    2148* |       2 |     217 |       95 |     18 |   231 |    +1.2% | -287.450 |   -15125.1 |    191 | io_out_REG[0]$_DFF_P_/D
    2149* |       2 |     217 |       95 |     18 |   231 |    +1.2% | -287.450 |   -15125.1 |    191 | io_out_REG[0]$_DFF_P_/D
    2150* |       2 |     217 |       95 |     18 |   231 |    +1.2% | -287.450 |   -15125.1 |    191 | io_out_REG[0]$_DFF_P_/D
    2151* |       2 |     217 |       95 |     18 |   232 |    +1.2% | -287.450 |   -15123.9 |    191 | io_out_REG[0]$_DFF_P_/D
    2153* |       2 |     218 |       95 |     18 |   232 |    +1.2% | -287.450 |   -15118.0 |    191 | io_out_REG[0]$_DFF_P_/D
    2156* |       2 |     220 |       95 |     18 |   232 |    +1.2% | -287.450 |   -15116.8 |    191 | io_out_REG[0]$_DFF_P_/D
    2158* |       2 |     221 |       95 |     18 |   232 |    +1.2% | -287.450 |   -15116.9 |    191 | io_out_REG[0]$_DFF_P_/D
    2159* |       2 |     221 |       95 |     18 |   232 |    +1.2% | -287.450 |   -15116.9 |    191 | io_out_REG[0]$_DFF_P_/D
    2160* |       2 |     221 |       95 |     18 |   232 |    +1.2% | -287.450 |   -15116.9 |    191 | io_out_REG[0]$_DFF_P_/D
    2160* |       2 |     221 |       95 |     18 |   232 |    +1.2% | -287.450 |   -15116.9 |    191 | io_out_REG[0]$_DFF_P_/D
    2161* |       2 |     221 |       95 |     18 |   232 |    +1.2% | -287.450 |   -15116.9 |    191 | io_out_REG[0]$_DFF_P_/D
    2162* |       2 |     221 |       95 |     18 |   232 |    +1.2% | -287.450 |   -15116.9 |    191 | io_out_REG[0]$_DFF_P_/D
    2163* |       2 |     221 |       95 |     18 |   232 |    +1.2% | -287.450 |   -15116.9 |    191 | io_out_REG[0]$_DFF_P_/D
    2164* |       2 |     221 |       95 |     18 |   232 |    +1.2% | -287.450 |   -15116.9 |    191 | io_out_REG[0]$_DFF_P_/D
    2165* |       2 |     221 |       95 |     18 |   232 |    +1.2% | -287.450 |   -15116.9 |    191 | io_out_REG[0]$_DFF_P_/D
    2166* |       2 |     221 |       95 |     18 |   232 |    +1.2% | -287.450 |   -15116.9 |    191 | io_out_REG[0]$_DFF_P_/D
    2168* |       2 |     222 |       95 |     18 |   232 |    +1.2% | -287.450 |   -15116.8 |    191 | io_out_REG[0]$_DFF_P_/D
    2170* |       2 |     222 |       95 |     18 |   233 |    +1.2% | -287.450 |   -15116.8 |    191 | io_out_REG[0]$_DFF_P_/D
    2170* |       2 |     222 |       95 |     18 |   233 |    +1.2% | -287.450 |   -15116.8 |    191 | io_out_REG[0]$_DFF_P_/D
    2171* |       2 |     222 |       95 |     18 |   233 |    +1.2% | -287.450 |   -15116.8 |    191 | io_out_REG[0]$_DFF_P_/D
    2175* |       2 |     225 |       95 |     18 |   233 |    +1.2% | -287.450 |   -15115.8 |    191 | io_out_REG[0]$_DFF_P_/D
    2177* |       2 |     226 |       95 |     18 |   233 |    +1.2% | -287.450 |   -15115.3 |    191 | io_out_REG[0]$_DFF_P_/D
    2178* |       2 |     226 |       95 |     18 |   233 |    +1.2% | -287.450 |   -15115.3 |    191 | io_out_REG[0]$_DFF_P_/D
    2179* |       2 |     226 |       95 |     18 |   233 |    +1.2% | -287.450 |   -15115.3 |    191 | io_out_REG[0]$_DFF_P_/D
    2180* |       2 |     226 |       95 |     18 |   233 |    +1.2% | -287.450 |   -15115.3 |    191 | io_out_REG[0]$_DFF_P_/D
    2180* |       2 |     226 |       95 |     18 |   233 |    +1.2% | -287.450 |   -15115.3 |    191 | io_out_REG[0]$_DFF_P_/D
    2181* |       2 |     226 |       95 |     18 |   233 |    +1.2% | -287.450 |   -15115.3 |    191 | io_out_REG[0]$_DFF_P_/D
    2183* |       2 |     227 |       95 |     18 |   233 |    +1.2% | -287.450 |   -15114.7 |    191 | io_out_REG[0]$_DFF_P_/D
    2184* |       2 |     227 |       95 |     18 |   233 |    +1.2% | -287.450 |   -15114.7 |    191 | io_out_REG[0]$_DFF_P_/D
    2185* |       2 |     227 |       95 |     18 |   233 |    +1.2% | -287.450 |   -15114.7 |    191 | io_out_REG[0]$_DFF_P_/D
    2186* |       2 |     227 |       95 |     18 |   233 |    +1.2% | -287.450 |   -15114.7 |    191 | io_out_REG[0]$_DFF_P_/D
    2187* |       2 |     227 |       95 |     18 |   233 |    +1.2% | -287.450 |   -15114.7 |    191 | io_out_REG[0]$_DFF_P_/D
    2188* |       2 |     227 |       95 |     18 |   233 |    +1.2% | -287.450 |   -15114.7 |    191 | io_out_REG[0]$_DFF_P_/D
    2189* |       2 |     227 |       95 |     18 |   233 |    +1.2% | -287.450 |   -15114.7 |    191 | io_out_REG[0]$_DFF_P_/D
    2190* |       2 |     227 |       95 |     18 |   233 |    +1.2% | -287.450 |   -15114.7 |    191 | io_out_REG[0]$_DFF_P_/D
    2190* |       2 |     227 |       95 |     18 |   233 |    +1.2% | -287.450 |   -15114.7 |    191 | io_out_REG[0]$_DFF_P_/D
    2191* |       2 |     227 |       95 |     18 |   233 |    +1.2% | -287.450 |   -15114.7 |    191 | io_out_REG[0]$_DFF_P_/D
    2192* |       2 |     227 |       95 |     18 |   233 |    +1.2% | -287.450 |   -15114.7 |    191 | io_out_REG[0]$_DFF_P_/D
    2193* |       2 |     227 |       95 |     18 |   233 |    +1.2% | -287.450 |   -15114.7 |    191 | io_out_REG[0]$_DFF_P_/D
    2194* |       2 |     227 |       95 |     18 |   233 |    +1.2% | -287.450 |   -15114.7 |    191 | io_out_REG[0]$_DFF_P_/D
    2195* |       2 |     227 |       95 |     18 |   233 |    +1.2% | -287.450 |   -15114.7 |    191 | io_out_REG[0]$_DFF_P_/D
    2196* |       2 |     227 |       95 |     18 |   233 |    +1.2% | -287.450 |   -15114.7 |    191 | io_out_REG[0]$_DFF_P_/D
    2197* |       2 |     227 |       95 |     18 |   233 |    +1.2% | -287.450 |   -15114.7 |    191 | io_out_REG[0]$_DFF_P_/D
    2198* |       2 |     227 |       95 |     18 |   233 |    +1.2% | -287.450 |   -15114.7 |    191 | io_out_REG[0]$_DFF_P_/D
    2199* |       2 |     227 |       95 |     18 |   233 |    +1.2% | -287.450 |   -15114.7 |    191 | io_out_REG[0]$_DFF_P_/D
    2200* |       2 |     227 |       95 |     18 |   233 |    +1.2% | -287.450 |   -15114.7 |    191 | io_out_REG[0]$_DFF_P_/D
    2201* |       2 |     227 |       95 |     18 |   233 |    +1.2% | -287.450 |   -15114.7 |    191 | io_out_REG[0]$_DFF_P_/D
    2202* |       2 |     227 |       95 |     18 |   233 |    +1.2% | -287.450 |   -15114.7 |    191 | io_out_REG[0]$_DFF_P_/D
    2203* |       2 |     227 |       95 |     18 |   233 |    +1.2% | -287.450 |   -15114.7 |    191 | io_out_REG[0]$_DFF_P_/D
    2204* |       2 |     227 |       95 |     18 |   233 |    +1.2% | -287.450 |   -15114.7 |    191 | io_out_REG[0]$_DFF_P_/D
    2205* |       2 |     227 |       95 |     18 |   233 |    +1.2% | -287.450 |   -15114.7 |    191 | io_out_REG[0]$_DFF_P_/D
    2206* |       2 |     227 |       95 |     18 |   233 |    +1.2% | -287.450 |   -15114.7 |    191 | io_out_REG[0]$_DFF_P_/D
    2207* |       2 |     227 |       95 |     18 |   233 |    +1.2% | -287.450 |   -15114.7 |    191 | io_out_REG[0]$_DFF_P_/D
    2208* |       2 |     227 |       95 |     18 |   233 |    +1.2% | -287.450 |   -15114.7 |    191 | io_out_REG[0]$_DFF_P_/D
    2209* |       2 |     227 |       95 |     18 |   233 |    +1.2% | -287.450 |   -15114.7 |    191 | io_out_REG[0]$_DFF_P_/D
    2210* |       2 |     227 |       95 |     18 |   233 |    +1.2% | -287.450 |   -15114.7 |    191 | io_out_REG[0]$_DFF_P_/D
    2210* |       2 |     227 |       95 |     18 |   233 |    +1.2% | -287.450 |   -15114.7 |    191 | io_out_REG[0]$_DFF_P_/D
    2211* |       2 |     227 |       95 |     18 |   233 |    +1.2% | -287.450 |   -15114.7 |    191 | io_out_REG[0]$_DFF_P_/D
    2212* |       2 |     227 |       95 |     18 |   233 |    +1.2% | -287.450 |   -15114.7 |    191 | io_out_REG[0]$_DFF_P_/D
    2213* |       2 |     227 |       95 |     18 |   233 |    +1.2% | -287.450 |   -15114.7 |    191 | io_out_REG[0]$_DFF_P_/D
    2214* |       2 |     227 |       95 |     18 |   233 |    +1.2% | -287.450 |   -15114.7 |    191 | io_out_REG[0]$_DFF_P_/D
    2215* |       2 |     227 |       95 |     18 |   233 |    +1.2% | -287.450 |   -15114.7 |    191 | io_out_REG[0]$_DFF_P_/D
    2216* |       2 |     227 |       95 |     18 |   233 |    +1.2% | -287.450 |   -15114.7 |    191 | io_out_REG[0]$_DFF_P_/D
    2217* |       2 |     227 |       95 |     18 |   233 |    +1.2% | -287.450 |   -15114.7 |    191 | io_out_REG[0]$_DFF_P_/D
    2218* |       2 |     227 |       95 |     18 |   233 |    +1.2% | -287.450 |   -15114.7 |    191 | io_out_REG[0]$_DFF_P_/D
    2219* |       2 |     227 |       95 |     18 |   233 |    +1.2% | -287.450 |   -15114.7 |    191 | io_out_REG[0]$_DFF_P_/D
    2220* |       2 |     227 |       95 |     18 |   233 |    +1.2% | -287.450 |   -15114.7 |    191 | io_out_REG[0]$_DFF_P_/D
    2220* |       2 |     227 |       95 |     18 |   233 |    +1.2% | -287.450 |   -15114.7 |    191 | io_out_REG[0]$_DFF_P_/D
    2221* |       2 |     227 |       95 |     18 |   233 |    +1.2% | -287.450 |   -15114.7 |    191 | io_out_REG[0]$_DFF_P_/D
    2222* |       2 |     227 |       95 |     18 |   233 |    +1.2% | -287.450 |   -15114.7 |    191 | io_out_REG[0]$_DFF_P_/D
    2223* |       2 |     227 |       95 |     18 |   233 |    +1.2% | -287.450 |   -15114.7 |    191 | io_out_REG[0]$_DFF_P_/D
    2224* |       2 |     227 |       95 |     18 |   233 |    +1.2% | -287.450 |   -15114.7 |    191 | io_out_REG[0]$_DFF_P_/D
    2225* |       2 |     227 |       95 |     18 |   233 |    +1.2% | -287.450 |   -15114.7 |    191 | io_out_REG[0]$_DFF_P_/D
    2226* |       2 |     227 |       95 |     18 |   233 |    +1.2% | -287.450 |   -15114.7 |    191 | io_out_REG[0]$_DFF_P_/D
    2227* |       2 |     227 |       95 |     18 |   233 |    +1.2% | -287.450 |   -15114.7 |    191 | io_out_REG[0]$_DFF_P_/D
    2228* |       2 |     227 |       95 |     18 |   233 |    +1.2% | -287.450 |   -15114.7 |    191 | io_out_REG[0]$_DFF_P_/D
    2229* |       2 |     227 |       95 |     18 |   233 |    +1.2% | -287.450 |   -15114.7 |    191 | io_out_REG[0]$_DFF_P_/D
    2230* |       2 |     227 |       95 |     18 |   233 |    +1.2% | -287.450 |   -15114.7 |    191 | io_out_REG[0]$_DFF_P_/D
    2230* |       2 |     227 |       95 |     18 |   233 |    +1.2% | -287.450 |   -15114.7 |    191 | io_out_REG[0]$_DFF_P_/D
    2231* |       2 |     227 |       95 |     18 |   233 |    +1.2% | -287.450 |   -15114.7 |    191 | io_out_REG[0]$_DFF_P_/D
    2232* |       2 |     227 |       95 |     18 |   233 |    +1.2% | -287.450 |   -15114.7 |    191 | io_out_REG[0]$_DFF_P_/D
    2233* |       2 |     227 |       95 |     18 |   233 |    +1.2% | -287.450 |   -15114.7 |    191 | io_out_REG[0]$_DFF_P_/D
    2234* |       2 |     227 |       95 |     18 |   233 |    +1.2% | -287.450 |   -15114.7 |    191 | io_out_REG[0]$_DFF_P_/D
    2235* |       2 |     227 |       95 |     18 |   233 |    +1.2% | -287.450 |   -15114.7 |    191 | io_out_REG[0]$_DFF_P_/D
    2236* |       2 |     227 |       95 |     18 |   233 |    +1.2% | -287.450 |   -15114.7 |    191 | io_out_REG[0]$_DFF_P_/D
    2237* |       2 |     227 |       95 |     18 |   233 |    +1.2% | -287.450 |   -15114.7 |    191 | io_out_REG[0]$_DFF_P_/D
    2238* |       2 |     227 |       95 |     18 |   233 |    +1.2% | -287.450 |   -15114.7 |    191 | io_out_REG[0]$_DFF_P_/D
    2239* |       2 |     227 |       95 |     18 |   233 |    +1.2% | -287.450 |   -15114.7 |    191 | io_out_REG[0]$_DFF_P_/D
    2240* |       2 |     227 |       95 |     18 |   233 |    +1.2% | -287.450 |   -15114.7 |    191 | io_out_REG[0]$_DFF_P_/D
    2240* |       2 |     227 |       95 |     18 |   233 |    +1.2% | -287.450 |   -15114.7 |    191 | io_out_REG[0]$_DFF_P_/D
    2241* |       2 |     227 |       95 |     18 |   233 |    +1.2% | -287.450 |   -15114.7 |    191 | io_out_REG[0]$_DFF_P_/D
    2242* |       2 |     227 |       95 |     18 |   233 |    +1.2% | -287.450 |   -15114.7 |    191 | io_out_REG[0]$_DFF_P_/D
    2243* |       2 |     227 |       95 |     18 |   233 |    +1.2% | -287.450 |   -15114.7 |    191 | io_out_REG[0]$_DFF_P_/D
    2244* |       2 |     227 |       95 |     18 |   233 |    +1.2% | -287.450 |   -15114.7 |    191 | io_out_REG[0]$_DFF_P_/D
    2245* |       2 |     227 |       95 |     18 |   233 |    +1.2% | -287.450 |   -15114.7 |    191 | io_out_REG[0]$_DFF_P_/D
    2246* |       2 |     227 |       95 |     18 |   233 |    +1.2% | -287.450 |   -15114.7 |    191 | io_out_REG[0]$_DFF_P_/D
    2247* |       2 |     227 |       95 |     18 |   233 |    +1.2% | -287.450 |   -15114.7 |    191 | io_out_REG[0]$_DFF_P_/D
    2248* |       2 |     227 |       95 |     18 |   233 |    +1.2% | -287.450 |   -15114.7 |    191 | io_out_REG[0]$_DFF_P_/D
    2249* |       2 |     227 |       95 |     18 |   233 |    +1.2% | -287.450 |   -15114.7 |    191 | io_out_REG[0]$_DFF_P_/D
    2250* |       2 |     227 |       95 |     18 |   233 |    +1.2% | -287.450 |   -15114.7 |    191 | io_out_REG[0]$_DFF_P_/D
    2250* |       2 |     227 |       95 |     18 |   233 |    +1.2% | -287.450 |   -15114.7 |    191 | io_out_REG[0]$_DFF_P_/D
    2251* |       2 |     227 |       95 |     18 |   233 |    +1.2% | -287.450 |   -15114.7 |    191 | io_out_REG[0]$_DFF_P_/D
    2252* |       2 |     227 |       95 |     18 |   233 |    +1.2% | -287.450 |   -15114.7 |    191 | io_out_REG[0]$_DFF_P_/D
    2253* |       2 |     227 |       95 |     18 |   233 |    +1.2% | -287.450 |   -15114.7 |    191 | io_out_REG[0]$_DFF_P_/D
    2254* |       2 |     227 |       95 |     18 |   233 |    +1.2% | -287.450 |   -15114.7 |    191 | io_out_REG[0]$_DFF_P_/D
    2255* |       2 |     227 |       95 |     18 |   233 |    +1.2% | -287.450 |   -15114.7 |    191 | io_out_REG[0]$_DFF_P_/D
    2256* |       2 |     227 |       95 |     18 |   233 |    +1.2% | -287.450 |   -15114.7 |    191 | io_out_REG[0]$_DFF_P_/D
    2257* |       2 |     227 |       95 |     18 |   233 |    +1.2% | -287.450 |   -15114.7 |    191 | io_out_REG[0]$_DFF_P_/D
    2258* |       2 |     227 |       95 |     18 |   233 |    +1.2% | -287.450 |   -15114.7 |    191 | io_out_REG[0]$_DFF_P_/D
    2259* |       2 |     227 |       95 |     18 |   233 |    +1.2% | -287.450 |   -15114.7 |    191 | io_out_REG[0]$_DFF_P_/D
    2260* |       2 |     227 |       95 |     18 |   233 |    +1.2% | -287.450 |   -15114.7 |    191 | io_out_REG[0]$_DFF_P_/D
    2260* |       2 |     227 |       95 |     18 |   233 |    +1.2% | -287.450 |   -15114.7 |    191 | io_out_REG[0]$_DFF_P_/D
    2261* |       2 |     227 |       95 |     18 |   233 |    +1.2% | -287.450 |   -15114.7 |    191 | io_out_REG[0]$_DFF_P_/D
    2262* |       2 |     227 |       95 |     18 |   233 |    +1.2% | -287.450 |   -15114.7 |    191 | io_out_REG[0]$_DFF_P_/D
    2263* |       2 |     227 |       95 |     18 |   233 |    +1.2% | -287.450 |   -15114.7 |    191 | io_out_REG[0]$_DFF_P_/D
    2264* |       2 |     227 |       95 |     18 |   233 |    +1.2% | -287.450 |   -15114.7 |    191 | io_out_REG[0]$_DFF_P_/D
    2265* |       2 |     227 |       95 |     18 |   233 |    +1.2% | -287.450 |   -15114.7 |    191 | io_out_REG[0]$_DFF_P_/D
    2266* |       2 |     227 |       95 |     18 |   233 |    +1.2% | -287.450 |   -15114.7 |    191 | io_out_REG[0]$_DFF_P_/D
    2267* |       2 |     227 |       95 |     18 |   233 |    +1.2% | -287.450 |   -15114.7 |    191 | io_out_REG[0]$_DFF_P_/D
    2268* |       2 |     227 |       95 |     18 |   233 |    +1.2% | -287.450 |   -15114.7 |    191 | io_out_REG[0]$_DFF_P_/D
    2269* |       2 |     227 |       95 |     18 |   233 |    +1.2% | -287.450 |   -15114.7 |    191 | io_out_REG[0]$_DFF_P_/D
    2270* |       2 |     227 |       95 |     18 |   233 |    +1.2% | -287.450 |   -15114.7 |    191 | io_out_REG[0]$_DFF_P_/D
    2270* |       2 |     227 |       95 |     18 |   233 |    +1.2% | -287.450 |   -15114.7 |    191 | io_out_REG[0]$_DFF_P_/D
    2271* |       2 |     227 |       95 |     18 |   233 |    +1.2% | -287.450 |   -15114.7 |    191 | io_out_REG[0]$_DFF_P_/D
    2272* |       2 |     227 |       95 |     18 |   233 |    +1.2% | -287.450 |   -15114.7 |    191 | io_out_REG[0]$_DFF_P_/D
    2273* |       2 |     227 |       95 |     18 |   233 |    +1.2% | -287.450 |   -15114.7 |    191 | io_out_REG[0]$_DFF_P_/D
    2274* |       2 |     227 |       95 |     18 |   233 |    +1.2% | -287.450 |   -15114.7 |    191 | io_out_REG[0]$_DFF_P_/D
    2275* |       2 |     227 |       95 |     18 |   233 |    +1.2% | -287.450 |   -15114.7 |    191 | io_out_REG[0]$_DFF_P_/D
    2276* |       2 |     227 |       95 |     18 |   233 |    +1.2% | -287.450 |   -15114.7 |    191 | io_out_REG[0]$_DFF_P_/D
    2277* |       2 |     227 |       95 |     18 |   233 |    +1.2% | -287.450 |   -15114.7 |    191 | io_out_REG[0]$_DFF_P_/D
    2278* |       2 |     227 |       95 |     18 |   233 |    +1.2% | -287.450 |   -15114.7 |    191 | io_out_REG[0]$_DFF_P_/D
    2279* |       2 |     227 |       95 |     18 |   233 |    +1.2% | -287.450 |   -15114.7 |    191 | io_out_REG[0]$_DFF_P_/D
    2280* |       2 |     227 |       95 |     18 |   233 |    +1.2% | -287.450 |   -15114.7 |    191 | io_out_REG[0]$_DFF_P_/D
    2280* |       2 |     227 |       95 |     18 |   233 |    +1.2% | -287.450 |   -15114.7 |    191 | io_out_REG[0]$_DFF_P_/D
    2281* |       2 |     227 |       95 |     18 |   233 |    +1.2% | -287.450 |   -15114.7 |    191 | io_out_REG[0]$_DFF_P_/D
    2282* |       2 |     227 |       95 |     18 |   233 |    +1.2% | -287.450 |   -15114.7 |    191 | io_out_REG[0]$_DFF_P_/D
    2283* |       2 |     227 |       95 |     18 |   233 |    +1.2% | -287.450 |   -15114.7 |    191 | io_out_REG[0]$_DFF_P_/D
    2284* |       2 |     227 |       95 |     18 |   233 |    +1.2% | -287.450 |   -15114.7 |    191 | io_out_REG[0]$_DFF_P_/D
    2285* |       2 |     227 |       95 |     18 |   233 |    +1.2% | -287.450 |   -15114.7 |    191 | io_out_REG[0]$_DFF_P_/D
    2286* |       2 |     227 |       95 |     18 |   233 |    +1.2% | -287.450 |   -15114.7 |    191 | io_out_REG[0]$_DFF_P_/D
    2287* |       2 |     227 |       95 |     18 |   233 |    +1.2% | -287.450 |   -15114.7 |    191 | io_out_REG[0]$_DFF_P_/D
    2288* |       2 |     227 |       95 |     18 |   233 |    +1.2% | -287.450 |   -15114.7 |    191 | io_out_REG[0]$_DFF_P_/D
    2289* |       2 |     227 |       95 |     18 |   233 |    +1.2% | -287.450 |   -15114.7 |    191 | io_out_REG[0]$_DFF_P_/D
    2290* |       2 |     227 |       95 |     18 |   233 |    +1.2% | -287.450 |   -15114.7 |    191 | io_out_REG[0]$_DFF_P_/D
    2290* |       2 |     227 |       95 |     18 |   233 |    +1.2% | -287.450 |   -15114.7 |    191 | io_out_REG[0]$_DFF_P_/D
    2291* |       2 |     227 |       95 |     18 |   233 |    +1.2% | -287.450 |   -15114.7 |    191 | io_out_REG[0]$_DFF_P_/D
    2292* |       2 |     227 |       95 |     18 |   233 |    +1.2% | -287.450 |   -15114.7 |    191 | io_out_REG[0]$_DFF_P_/D
    2293* |       2 |     227 |       95 |     18 |   233 |    +1.2% | -287.450 |   -15114.7 |    191 | io_out_REG[0]$_DFF_P_/D
    2294* |       2 |     227 |       95 |     18 |   233 |    +1.2% | -287.450 |   -15114.7 |    191 | io_out_REG[0]$_DFF_P_/D
    2295* |       2 |     227 |       95 |     18 |   233 |    +1.2% | -287.450 |   -15114.7 |    191 | io_out_REG[0]$_DFF_P_/D
    2297* |       2 |     228 |       95 |     18 |   233 |    +1.2% | -287.450 |   -15113.8 |    189 | io_out_REG[0]$_DFF_P_/D
    2299* |       2 |     229 |       95 |     18 |   233 |    +1.2% | -287.450 |   -15112.5 |    187 | io_out_REG[0]$_DFF_P_/D
    2300* |       2 |     229 |       95 |     18 |   233 |    +1.2% | -287.450 |   -15112.5 |    187 | io_out_REG[0]$_DFF_P_/D
    final |       2 |     229 |       95 |     18 |   233 |    +1.2% | -287.450 |   -15112.5 |    187 | io_out_REG[0]$_DFF_P_/D
--------------------------------------------------------------------------------------------------------------
[INFO RSZ-0059] Removed 2 buffers.
[INFO RSZ-0040] Inserted 95 buffers.
[INFO RSZ-0051] Resized 229 instances: 229 up, 0 up match, 0 down, 0 VT
[INFO RSZ-0043] Swapped pins on 233 instances.
[INFO RSZ-0049] Cloned 18 instances.
[WARNING RSZ-0062] Unable to repair all setup violations.
[INFO RSZ-0033] No hold violations found.
Took 26 seconds: repair_timing -setup_margin 0 -hold_margin 0 -repair_tns 100 -verbose
[INFO DPL-0005] Max displacement: +/- 500 sites horizontally, +/- 100 rows vertically.
Movements Summary
---------------------------------------
Total cells:                   11661
Diamond Move Success:          11661 (100.00%)
Diamond Move Failure:              0
Rip-up and replace Success:        0 (  0.00% of diamond failures)
Rip-up and replace Failure:        0
Total Placement Failures:          0
---------------------------------------
Placement Analysis
---------------------------------
total displacement        210.3 u
average displacement        0.0 u
max displacement            1.6 u
original HPWL           39981.1 u
legalized HPWL          40135.3 u
delta HPWL                    0 %

Report metrics stage 4, cts final...

==========================================================================
cts final report_design_area
--------------------------------------------------------------------------
Design area 1591 um^2 56% utilization.
write_db ./results/asap7/mock-alu/modified_alpha_130-beta_0.1/4_1_cts.odb
write_sdc -no_timestamp ./results/asap7/mock-alu/modified_alpha_130-beta_0.1/4_cts.sdc
Elapsed time: 0:30.18[h:]min:sec. CPU time: user 93.60 sys 38.64 (438%). Peak memory: 399708KB.
Log                        Elapsed/s Peak Memory/MB  sha1sum .odb [0:20)
4_1_cts                           30            390 4ac8ac3b03d63d8de314
