OpenROAD ee3d65ce03b2656092ed62bf9205c5c11049c575 
Features included (+) or not (-): +GPU +GUI +Python
This program is licensed under the BSD-3 license. See the LICENSE file for details.
Components of this program may be licensed under more restrictive licenses which must be honored.
[INFO ORD-0030] Using 32 thread(s).
source /home/lucast/workspace/OR-flow-TCC/flow/platforms/asap7/liberty_suppressions.tcl
read_liberty /home/lucast/workspace/OR-flow-TCC/flow/platforms/asap7/lib/NLDM/asap7sc7p5t_AO_RVT_FF_nldm_211120.lib.gz
read_liberty /home/lucast/workspace/OR-flow-TCC/flow/platforms/asap7/lib/NLDM/asap7sc7p5t_INVBUF_RVT_FF_nldm_220122.lib.gz
read_liberty /home/lucast/workspace/OR-flow-TCC/flow/platforms/asap7/lib/NLDM/asap7sc7p5t_OA_RVT_FF_nldm_211120.lib.gz
read_liberty /home/lucast/workspace/OR-flow-TCC/flow/platforms/asap7/lib/NLDM/asap7sc7p5t_SIMPLE_RVT_FF_nldm_211120.lib.gz
read_liberty /home/lucast/workspace/OR-flow-TCC/flow/platforms/asap7/lib/NLDM/asap7sc7p5t_SEQ_RVT_FF_nldm_220123.lib
read_liberty /home/lucast/workspace/OR-flow-TCC/flow/platforms/asap7/lib/NLDM/asap7sc7p5t_DFFHQNH2V2X_RVT_TT_nldm_FAKE.lib
read_liberty /home/lucast/workspace/OR-flow-TCC/flow/platforms/asap7/lib/NLDM/asap7sc7p5t_DFFHQNV2X_RVT_TT_nldm_FAKE.lib
read_db -hier ./results/asap7/mock-alu/modified_alpha_130-beta_0.1/5_2_route.odb
[WARNING ORD-0012] Hierarchical flow (-hier) is currently in development and may cause multiple issues. Do not use in production environments.
source /home/lucast/workspace/OR-flow-TCC/flow/platforms/asap7/setRC.tcl
FILLERxp5_ASAP7_75t_R FILLER_ASAP7_75t_R DECAPx1_ASAP7_75t_R DECAPx2_ASAP7_75t_R DECAPx4_ASAP7_75t_R DECAPx6_ASAP7_75t_R DECAPx10_ASAP7_75t_R
filler_placement "FILLERxp5_ASAP7_75t_R FILLER_ASAP7_75t_R DECAPx1_ASAP7_75t_R DECAPx2_ASAP7_75t_R DECAPx4_ASAP7_75t_R DECAPx6_ASAP7_75t_R DECAPx10_ASAP7_75t_R"
Filler gap of size 460 at implant RVTN.
Filler gap of size 59 at implant RVTN.
Filler gap of size 49 at implant RVTN.
Filler gap of size 21 at implant RVTN.
Filler gap of size 1 at implant RVTN.
Filler gap of size 13 at implant RVTN.
Filler gap of size 5 at implant RVTN.
Filler gap of size 5 at implant RVTN.
Filler gap of size 5 at implant RVTN.
Filler gap of size 5 at implant RVTN.
Filler gap of size 7 at implant RVTN.
Filler gap of size 227 at implant RVTN.
Filler gap of size 59 at implant RVTN.
Filler gap of size 574 at implant RVTN.
Filler gap of size 1 at implant RVTN.
Filler gap of size 18 at implant RVTN.
Filler gap of size 48 at implant RVTN.
Filler gap of size 13 at implant RVTN.
Filler gap of size 21 at implant RVTN.
Filler gap of size 219 at implant RVTN.
Filler gap of size 59 at implant RVTN.
Filler gap of size 460 at implant RVTN.
Filler gap of size 52 at implant RVTN.
Filler gap of size 13 at implant RVTN.
Filler gap of size 2 at implant RVTN.
Filler gap of size 289 at implant RVTN.
Filler gap of size 514 at implant RVTN.
Filler gap of size 12 at implant RVTN.
Filler gap of size 2 at implant RVTN.
Filler gap of size 228 at implant RVTN.
Filler gap of size 59 at implant RVTN.
Filler gap of size 460 at implant RVTN.
Filler gap of size 65 at implant RVTN.
Filler gap of size 12 at implant RVTN.
Filler gap of size 4 at implant RVTN.
Filler gap of size 28 at implant RVTN.
Filler gap of size 4 at implant RVTN.
Filler gap of size 8 at implant RVTN.
Filler gap of size 284 at implant RVTN.
Filler gap of size 580 at implant RVTN.
Filler gap of size 1 at implant RVTN.
Filler gap of size 9 at implant RVTN.
Filler gap of size 237 at implant RVTN.
Filler gap of size 59 at implant RVTN.
Filler gap of size 460 at implant RVTN.
Filler gap of size 49 at implant RVTN.
Filler gap of size 10 at implant RVTN.
Filler gap of size 30 at implant RVTN.
Filler gap of size 1 at implant RVTN.
Filler gap of size 336 at implant RVTN.
Filler gap of size 521 at implant RVTN.
Filler gap of size 16 at implant RVTN.
Filler gap of size 20 at implant RVTN.
Filler gap of size 270 at implant RVTN.
Filler gap of size 59 at implant RVTN.
Filler gap of size 460 at implant RVTN.
Filler gap of size 75 at implant RVTN.
Filler gap of size 1 at implant RVTN.
Filler gap of size 7 at implant RVTN.
Filler gap of size 7 at implant RVTN.
Filler gap of size 326 at implant RVTN.
Filler gap of size 239 at implant RVTN.
Filler gap of size 12 at implant RVTN.
Filler gap of size 12 at implant RVTN.
Filler gap of size 267 at implant RVTN.
Filler gap of size 2 at implant RVTN.
Filler gap of size 262 at implant RVTN.
Filler gap of size 59 at implant RVTN.
Filler gap of size 198 at implant RVTN.
Filler gap of size 3 at implant RVTN.
Filler gap of size 50 at implant RVTN.
Filler gap of size 3 at implant RVTN.
Filler gap of size 22 at implant RVTN.
Filler gap of size 77 at implant RVTN.
Filler gap of size 1 at implant RVTN.
Filler gap of size 347 at implant RVTN.
Filler gap of size 198 at implant RVTN.
Filler gap of size 6 at implant RVTN.
Filler gap of size 1 at implant RVTN.
Filler gap of size 16 at implant RVTN.
Filler gap of size 9 at implant RVTN.
Filler gap of size 1 at implant RVTN.
Filler gap of size 81 at implant RVTN.
Filler gap of size 8 at implant RVTN.
Filler gap of size 12 at implant RVTN.
Filler gap of size 24 at implant RVTN.
Filler gap of size 252 at implant RVTN.
Filler gap of size 59 at implant RVTN.
Filler gap of size 201 at implant RVTN.
Filler gap of size 2 at implant RVTN.
Filler gap of size 7 at implant RVTN.
Filler gap of size 14 at implant RVTN.
Filler gap of size 11 at implant RVTN.
Filler gap of size 3 at implant RVTN.
Filler gap of size 2 at implant RVTN.
Filler gap of size 95 at implant RVTN.
Filler gap of size 6 at implant RVTN.
Filler gap of size 5 at implant RVTN.
Filler gap of size 7 at implant RVTN.
Filler gap of size 52 at implant RVTN.
Filler gap of size 3 at implant RVTN.
Filler gap of size 298 at implant RVTN.
Filler gap of size 132 at implant RVTN.
Filler gap of size 29 at implant RVTN.
Filler gap of size 1 at implant RVTN.
Filler gap of size 3 at implant RVTN.
Filler gap of size 1 at implant RVTN.
Filler gap of size 2 at implant RVTN.
Filler gap of size 5 at implant RVTN.
Filler gap of size 1 at implant RVTN.
Filler gap of size 2 at implant RVTN.
Filler gap of size 2 at implant RVTN.
Filler gap of size 4 at implant RVTN.
Filler gap of size 69 at implant RVTN.
Filler gap of size 12 at implant RVTN.
Filler gap of size 4 at implant RVTN.
Filler gap of size 22 at implant RVTN.
Filler gap of size 62 at implant RVTN.
Filler gap of size 11 at implant RVTN.
Filler gap of size 138 at implant RVTN.
Filler gap of size 70 at implant RVTN.
Filler gap of size 59 at implant RVTN.
Filler gap of size 131 at implant RVTN.
Filler gap of size 3 at implant RVTN.
Filler gap of size 4 at implant RVTN.
Filler gap of size 5 at implant RVTN.
Filler gap of size 1 at implant RVTN.
Filler gap of size 1 at implant RVTN.
Filler gap of size 1 at implant RVTN.
Filler gap of size 2 at implant RVTN.
Filler gap of size 2 at implant RVTN.
Filler gap of size 1 at implant RVTN.
Filler gap of size 7 at implant RVTN.
Filler gap of size 4 at implant RVTN.
Filler gap of size 1 at implant RVTN.
Filler gap of size 1 at implant RVTN.
Filler gap of size 2 at implant RVTN.
Filler gap of size 26 at implant RVTN.
Filler gap of size 10 at implant RVTN.
Filler gap of size 90 at implant RVTN.
Filler gap of size 1 at implant RVTN.
Filler gap of size 2 at implant RVTN.
Filler gap of size 11 at implant RVTN.
Filler gap of size 88 at implant RVTN.
Filler gap of size 2 at implant RVTN.
Filler gap of size 2 at implant RVTN.
Filler gap of size 21 at implant RVTN.
Filler gap of size 6 at implant RVTN.
Filler gap of size 66 at implant RVTN.
Filler gap of size 131 at implant RVTN.
Filler gap of size 29 at implant RVTN.
Filler gap of size 10 at implant RVTN.
Filler gap of size 14 at implant RVTN.
Filler gap of size 11 at implant RVTN.
Filler gap of size 3 at implant RVTN.
Filler gap of size 2 at implant RVTN.
Filler gap of size 6 at implant RVTN.
Filler gap of size 10 at implant RVTN.
Filler gap of size 39 at implant RVTN.
Filler gap of size 1 at implant RVTN.
Filler gap of size 12 at implant RVTN.
Filler gap of size 4 at implant RVTN.
Filler gap of size 75 at implant RVTN.
Filler gap of size 3 at implant RVTN.
Filler gap of size 2 at implant RVTN.
Filler gap of size 4 at implant RVTN.
Filler gap of size 7 at implant RVTN.
Filler gap of size 2 at implant RVTN.
Filler gap of size 64 at implant RVTN.
Filler gap of size 16 at implant RVTN.
Filler gap of size 16 at implant RVTN.
Filler gap of size 2 at implant RVTN.
Filler gap of size 3 at implant RVTN.
Filler gap of size 59 at implant RVTN.
Filler gap of size 89 at implant RVTN.
Filler gap of size 29 at implant RVTN.
Filler gap of size 2 at implant RVTN.
Filler gap of size 6 at implant RVTN.
Filler gap of size 1 at implant RVTN.
Filler gap of size 13 at implant RVTN.
Filler gap of size 2 at implant RVTN.
Filler gap of size 1 at implant RVTN.
Filler gap of size 1 at implant RVTN.
Filler gap of size 10 at implant RVTN.
Filler gap of size 2 at implant RVTN.
Filler gap of size 3 at implant RVTN.
Filler gap of size 1 at implant RVTN.
Filler gap of size 2 at implant RVTN.
Filler gap of size 1 at implant RVTN.
Filler gap of size 2 at implant RVTN.
Filler gap of size 1 at implant RVTN.
Filler gap of size 1 at implant RVTN.
Filler gap of size 1 at implant RVTN.
Filler gap of size 9 at implant RVTN.
Filler gap of size 3 at implant RVTN.
Filler gap of size 1 at implant RVTN.
Filler gap of size 6 at implant RVTN.
Filler gap of size 21 at implant RVTN.
Filler gap of size 1 at implant RVTN.
Filler gap of size 1 at implant RVTN.
Filler gap of size 1 at implant RVTN.
Filler gap of size 2 at implant RVTN.
Filler gap of size 2 at implant RVTN.
Filler gap of size 6 at implant RVTN.
Filler gap of size 2 at implant RVTN.
Filler gap of size 4 at implant RVTN.
Filler gap of size 2 at implant RVTN.
Filler gap of size 3 at implant RVTN.
Filler gap of size 1 at implant RVTN.
Filler gap of size 4 at implant RVTN.
Filler gap of size 8 at implant RVTN.
Filler gap of size 1 at implant RVTN.
Filler gap of size 5 at implant RVTN.
Filler gap of size 57 at implant RVTN.
Filler gap of size 91 at implant RVTN.
Filler gap of size 33 at implant RVTN.
Filler gap of size 9 at implant RVTN.
Filler gap of size 1 at implant RVTN.
Filler gap of size 12 at implant RVTN.
Filler gap of size 10 at implant RVTN.
Filler gap of size 3 at implant RVTN.
Filler gap of size 1 at implant RVTN.
Filler gap of size 1 at implant RVTN.
Filler gap of size 7 at implant RVTN.
Filler gap of size 2 at implant RVTN.
Filler gap of size 4 at implant RVTN.
Filler gap of size 11 at implant RVTN.
Filler gap of size 10 at implant RVTN.
Filler gap of size 1 at implant RVTN.
Filler gap of size 2 at implant RVTN.
Filler gap of size 23 at implant RVTN.
Filler gap of size 1 at implant RVTN.
Filler gap of size 12 at implant RVTN.
Filler gap of size 1 at implant RVTN.
Filler gap of size 1 at implant RVTN.
Filler gap of size 1 at implant RVTN.
Filler gap of size 3 at implant RVTN.
Filler gap of size 3 at implant RVTN.
Filler gap of size 1 at implant RVTN.
Filler gap of size 3 at implant RVTN.
Filler gap of size 2 at implant RVTN.
Filler gap of size 4 at implant RVTN.
Filler gap of size 1 at implant RVTN.
Filler gap of size 7 at implant RVTN.
Filler gap of size 5 at implant RVTN.
Filler gap of size 1 at implant RVTN.
Filler gap of size 1 at implant RVTN.
Filler gap of size 4 at implant RVTN.
Filler gap of size 4 at implant RVTN.
Filler gap of size 2 at implant RVTN.
Filler gap of size 9 at implant RVTN.
Filler gap of size 2 at implant RVTN.
Filler gap of size 1 at implant RVTN.
Filler gap of size 39 at implant RVTN.
Filler gap of size 73 at implant RVTN.
Filler gap of size 16 at implant RVTN.
Filler gap of size 4 at implant RVTN.
Filler gap of size 2 at implant RVTN.
Filler gap of size 2 at implant RVTN.
Filler gap of size 2 at implant RVTN.
Filler gap of size 3 at implant RVTN.
Filler gap of size 2 at implant RVTN.
Filler gap of size 1 at implant RVTN.
Filler gap of size 2 at implant RVTN.
Filler gap of size 2 at implant RVTN.
Filler gap of size 5 at implant RVTN.
Filler gap of size 1 at implant RVTN.
Filler gap of size 1 at implant RVTN.
Filler gap of size 1 at implant RVTN.
Filler gap of size 2 at implant RVTN.
Filler gap of size 2 at implant RVTN.
Filler gap of size 11 at implant RVTN.
Filler gap of size 2 at implant RVTN.
Filler gap of size 32 at implant RVTN.
Filler gap of size 1 at implant RVTN.
Filler gap of size 1 at implant RVTN.
Filler gap of size 3 at implant RVTN.
Filler gap of size 1 at implant RVTN.
Filler gap of size 5 at implant RVTN.
Filler gap of size 9 at implant RVTN.
Filler gap of size 16 at implant RVTN.
Filler gap of size 20 at implant RVTN.
Filler gap of size 9 at implant RVTN.
Filler gap of size 5 at implant RVTN.
Filler gap of size 3 at implant RVTN.
Filler gap of size 3 at implant RVTN.
Filler gap of size 39 at implant RVTN.
Filler gap of size 73 at implant RVTN.
Filler gap of size 1 at implant RVTN.
Filler gap of size 9 at implant RVTN.
Filler gap of size 6 at implant RVTN.
Filler gap of size 1 at implant RVTN.
Filler gap of size 1 at implant RVTN.
Filler gap of size 2 at implant RVTN.
Filler gap of size 1 at implant RVTN.
Filler gap of size 1 at implant RVTN.
Filler gap of size 1 at implant RVTN.
Filler gap of size 3 at implant RVTN.
Filler gap of size 5 at implant RVTN.
Filler gap of size 2 at implant RVTN.
Filler gap of size 1 at implant RVTN.
Filler gap of size 10 at implant RVTN.
Filler gap of size 15 at implant RVTN.
Filler gap of size 2 at implant RVTN.
Filler gap of size 8 at implant RVTN.
Filler gap of size 1 at implant RVTN.
Filler gap of size 15 at implant RVTN.
Filler gap of size 6 at implant RVTN.
Filler gap of size 1 at implant RVTN.
Filler gap of size 3 at implant RVTN.
Filler gap of size 1 at implant RVTN.
Filler gap of size 2 at implant RVTN.
Filler gap of size 22 at implant RVTN.
Filler gap of size 2 at implant RVTN.
Filler gap of size 1 at implant RVTN.
Filler gap of size 1 at implant RVTN.
Filler gap of size 1 at implant RVTN.
Filler gap of size 2 at implant RVTN.
Filler gap of size 11 at implant RVTN.
Filler gap of size 3 at implant RVTN.
Filler gap of size 3 at implant RVTN.
Filler gap of size 1 at implant RVTN.
Filler gap of size 2 at implant RVTN.
Filler gap of size 1 at implant RVTN.
Filler gap of size 3 at implant RVTN.
Filler gap of size 31 at implant RVTN.
Filler gap of size 81 at implant RVTN.
Filler gap of size 4 at implant RVTN.
Filler gap of size 3 at implant RVTN.
Filler gap of size 2 at implant RVTN.
Filler gap of size 1 at implant RVTN.
Filler gap of size 6 at implant RVTN.
Filler gap of size 4 at implant RVTN.
Filler gap of size 4 at implant RVTN.
Filler gap of size 13 at implant RVTN.
Filler gap of size 2 at implant RVTN.
Filler gap of size 2 at implant RVTN.
Filler gap of size 4 at implant RVTN.
Filler gap of size 2 at implant RVTN.
Filler gap of size 3 at implant RVTN.
Filler gap of size 6 at implant RVTN.
Filler gap of size 1 at implant RVTN.
Filler gap of size 8 at implant RVTN.
Filler gap of size 1 at implant RVTN.
Filler gap of size 12 at implant RVTN.
Filler gap of size 1 at implant RVTN.
Filler gap of size 2 at implant RVTN.
Filler gap of size 36 at implant RVTN.
Filler gap of size 24 at implant RVTN.
Filler gap of size 20 at implant RVTN.
Filler gap of size 2 at implant RVTN.
Filler gap of size 1 at implant RVTN.
Filler gap of size 2 at implant RVTN.
Filler gap of size 20 at implant RVTN.
Filler gap of size 3 at implant RVTN.
Filler gap of size 8 at implant RVTN.
Filler gap of size 8 at implant RVTN.
Filler gap of size 2 at implant RVTN.
Filler gap of size 2 at implant RVTN.
Filler gap of size 3 at implant RVTN.
Filler gap of size 4 at implant RVTN.
Filler gap of size 33 at implant RVTN.
Filler gap of size 82 at implant RVTN.
Filler gap of size 3 at implant RVTN.
Filler gap of size 31 at implant RVTN.
Filler gap of size 2 at implant RVTN.
Filler gap of size 7 at implant RVTN.
Filler gap of size 3 at implant RVTN.
Filler gap of size 2 at implant RVTN.
Filler gap of size 1 at implant RVTN.
Filler gap of size 2 at implant RVTN.
Filler gap of size 8 at implant RVTN.
Filler gap of size 4 at implant RVTN.
Filler gap of size 2 at implant RVTN.
Filler gap of size 5 at implant RVTN.
Filler gap of size 1 at implant RVTN.
Filler gap of size 6 at implant RVTN.
Filler gap of size 15 at implant RVTN.
Filler gap of size 4 at implant RVTN.
Filler gap of size 3 at implant RVTN.
Filler gap of size 37 at implant RVTN.
Filler gap of size 2 at implant RVTN.
Filler gap of size 6 at implant RVTN.
Filler gap of size 3 at implant RVTN.
Filler gap of size 4 at implant RVTN.
Filler gap of size 6 at implant RVTN.
Filler gap of size 5 at implant RVTN.
Filler gap of size 3 at implant RVTN.
Filler gap of size 15 at implant RVTN.
Filler gap of size 28 at implant RVTN.
Filler gap of size 5 at implant RVTN.
Filler gap of size 16 at implant RVTN.
Filler gap of size 7 at implant RVTN.
Filler gap of size 2 at implant RVTN.
Filler gap of size 1 at implant RVTN.
Filler gap of size 4 at implant RVTN.
Filler gap of size 1 at implant RVTN.
Filler gap of size 2 at implant RVTN.
Filler gap of size 3 at implant RVTN.
Filler gap of size 7 at implant RVTN.
Filler gap of size 7 at implant RVTN.
Filler gap of size 19 at implant RVTN.
Filler gap of size 99 at implant RVTN.
Filler gap of size 1 at implant RVTN.
Filler gap of size 5 at implant RVTN.
Filler gap of size 6 at implant RVTN.
Filler gap of size 11 at implant RVTN.
Filler gap of size 1 at implant RVTN.
Filler gap of size 1 at implant RVTN.
Filler gap of size 2 at implant RVTN.
Filler gap of size 5 at implant RVTN.
Filler gap of size 1 at implant RVTN.
Filler gap of size 1 at implant RVTN.
Filler gap of size 2 at implant RVTN.
Filler gap of size 1 at implant RVTN.
Filler gap of size 1 at implant RVTN.
Filler gap of size 1 at implant RVTN.
Filler gap of size 1 at implant RVTN.
Filler gap of size 1 at implant RVTN.
Filler gap of size 5 at implant RVTN.
Filler gap of size 12 at implant RVTN.
Filler gap of size 1 at implant RVTN.
Filler gap of size 5 at implant RVTN.
Filler gap of size 3 at implant RVTN.
Filler gap of size 2 at implant RVTN.
Filler gap of size 2 at implant RVTN.
Filler gap of size 5 at implant RVTN.
Filler gap of size 24 at implant RVTN.
Filler gap of size 4 at implant RVTN.
Filler gap of size 2 at implant RVTN.
Filler gap of size 2 at implant RVTN.
Filler gap of size 3 at implant RVTN.
Filler gap of size 5 at implant RVTN.
Filler gap of size 1 at implant RVTN.
Filler gap of size 28 at implant RVTN.
Filler gap of size 5 at implant RVTN.
Filler gap of size 1 at implant RVTN.
Filler gap of size 17 at implant RVTN.
Filler gap of size 1 at implant RVTN.
Filler gap of size 1 at implant RVTN.
Filler gap of size 2 at implant RVTN.
Filler gap of size 13 at implant RVTN.
Filler gap of size 16 at implant RVTN.
Filler gap of size 3 at implant RVTN.
Filler gap of size 18 at implant RVTN.
Filler gap of size 3 at implant RVTN.
Filler gap of size 16 at implant RVTN.
Filler gap of size 99 at implant RVTN.
Filler gap of size 4 at implant RVTN.
Filler gap of size 4 at implant RVTN.
Filler gap of size 2 at implant RVTN.
Filler gap of size 8 at implant RVTN.
Filler gap of size 4 at implant RVTN.
Filler gap of size 17 at implant RVTN.
Filler gap of size 21 at implant RVTN.
Filler gap of size 4 at implant RVTN.
Filler gap of size 9 at implant RVTN.
Filler gap of size 1 at implant RVTN.
Filler gap of size 10 at implant RVTN.
Filler gap of size 1 at implant RVTN.
Filler gap of size 1 at implant RVTN.
Filler gap of size 3 at implant RVTN.
Filler gap of size 1 at implant RVTN.
Filler gap of size 16 at implant RVTN.
Filler gap of size 13 at implant RVTN.
Filler gap of size 1 at implant RVTN.
Filler gap of size 5 at implant RVTN.
Filler gap of size 1 at implant RVTN.
Filler gap of size 1 at implant RVTN.
Filler gap of size 1 at implant RVTN.
Filler gap of size 2 at implant RVTN.
Filler gap of size 32 at implant RVTN.
Filler gap of size 8 at implant RVTN.
Filler gap of size 5 at implant RVTN.
Filler gap of size 1 at implant RVTN.
Filler gap of size 4 at implant RVTN.
Filler gap of size 4 at implant RVTN.
Filler gap of size 3 at implant RVTN.
Filler gap of size 1 at implant RVTN.
Filler gap of size 2 at implant RVTN.
Filler gap of size 5 at implant RVTN.
Filler gap of size 6 at implant RVTN.
Filler gap of size 29 at implant RVTN.
Filler gap of size 4 at implant RVTN.
Filler gap of size 1 at implant RVTN.
Filler gap of size 14 at implant RVTN.
Filler gap of size 2 at implant RVTN.
Filler gap of size 1 at implant RVTN.
Filler gap of size 5 at implant RVTN.
Filler gap of size 26 at implant RVTN.
Filler gap of size 21 at implant RVTN.
Filler gap of size 78 at implant RVTN.
Filler gap of size 5 at implant RVTN.
Filler gap of size 1 at implant RVTN.
Filler gap of size 2 at implant RVTN.
Filler gap of size 1 at implant RVTN.
Filler gap of size 9 at implant RVTN.
Filler gap of size 10 at implant RVTN.
Filler gap of size 1 at implant RVTN.
Filler gap of size 1 at implant RVTN.
Filler gap of size 34 at implant RVTN.
Filler gap of size 5 at implant RVTN.
Filler gap of size 1 at implant RVTN.
Filler gap of size 1 at implant RVTN.
Filler gap of size 16 at implant RVTN.
Filler gap of size 3 at implant RVTN.
Filler gap of size 9 at implant RVTN.
Filler gap of size 10 at implant RVTN.
Filler gap of size 1 at implant RVTN.
Filler gap of size 2 at implant RVTN.
Filler gap of size 39 at implant RVTN.
Filler gap of size 6 at implant RVTN.
Filler gap of size 3 at implant RVTN.
Filler gap of size 5 at implant RVTN.
Filler gap of size 7 at implant RVTN.
Filler gap of size 3 at implant RVTN.
Filler gap of size 10 at implant RVTN.
Filler gap of size 10 at implant RVTN.
Filler gap of size 1 at implant RVTN.
Filler gap of size 5 at implant RVTN.
Filler gap of size 6 at implant RVTN.
Filler gap of size 1 at implant RVTN.
Filler gap of size 6 at implant RVTN.
Filler gap of size 8 at implant RVTN.
Filler gap of size 4 at implant RVTN.
Filler gap of size 7 at implant RVTN.
Filler gap of size 4 at implant RVTN.
Filler gap of size 12 at implant RVTN.
Filler gap of size 78 at implant RVTN.
Filler gap of size 5 at implant RVTN.
Filler gap of size 3 at implant RVTN.
Filler gap of size 2 at implant RVTN.
Filler gap of size 3 at implant RVTN.
Filler gap of size 7 at implant RVTN.
Filler gap of size 11 at implant RVTN.
Filler gap of size 4 at implant RVTN.
Filler gap of size 9 at implant RVTN.
Filler gap of size 11 at implant RVTN.
Filler gap of size 7 at implant RVTN.
Filler gap of size 9 at implant RVTN.
Filler gap of size 16 at implant RVTN.
Filler gap of size 4 at implant RVTN.
Filler gap of size 7 at implant RVTN.
Filler gap of size 3 at implant RVTN.
Filler gap of size 2 at implant RVTN.
Filler gap of size 30 at implant RVTN.
Filler gap of size 2 at implant RVTN.
Filler gap of size 5 at implant RVTN.
Filler gap of size 12 at implant RVTN.
Filler gap of size 5 at implant RVTN.
Filler gap of size 10 at implant RVTN.
Filler gap of size 16 at implant RVTN.
Filler gap of size 10 at implant RVTN.
Filler gap of size 7 at implant RVTN.
Filler gap of size 11 at implant RVTN.
Filler gap of size 19 at implant RVTN.
Filler gap of size 7 at implant RVTN.
Filler gap of size 12 at implant RVTN.
Filler gap of size 5 at implant RVTN.
Filler gap of size 9 at implant RVTN.
Filler gap of size 7 at implant RVTN.
Filler gap of size 84 at implant RVTN.
Filler gap of size 3 at implant RVTN.
Filler gap of size 4 at implant RVTN.
Filler gap of size 21 at implant RVTN.
Filler gap of size 24 at implant RVTN.
Filler gap of size 3 at implant RVTN.
Filler gap of size 9 at implant RVTN.
Filler gap of size 13 at implant RVTN.
Filler gap of size 17 at implant RVTN.
Filler gap of size 1 at implant RVTN.
Filler gap of size 2 at implant RVTN.
Filler gap of size 1 at implant RVTN.
Filler gap of size 1 at implant RVTN.
Filler gap of size 4 at implant RVTN.
Filler gap of size 8 at implant RVTN.
Filler gap of size 3 at implant RVTN.
Filler gap of size 6 at implant RVTN.
Filler gap of size 3 at implant RVTN.
Filler gap of size 20 at implant RVTN.
Filler gap of size 13 at implant RVTN.
Filler gap of size 19 at implant RVTN.
Filler gap of size 5 at implant RVTN.
Filler gap of size 1 at implant RVTN.
Filler gap of size 1 at implant RVTN.
Filler gap of size 4 at implant RVTN.
Filler gap of size 20 at implant RVTN.
Filler gap of size 7 at implant RVTN.
Filler gap of size 22 at implant RVTN.
Filler gap of size 21 at implant RVTN.
Filler gap of size 22 at implant RVTN.
Filler gap of size 6 at implant RVTN.
Filler gap of size 2 at implant RVTN.
Filler gap of size 2 at implant RVTN.
Filler gap of size 1 at implant RVTN.
Filler gap of size 5 at implant RVTN.
Filler gap of size 84 at implant RVTN.
Filler gap of size 4 at implant RVTN.
Filler gap of size 52 at implant RVTN.
Filler gap of size 10 at implant RVTN.
Filler gap of size 3 at implant RVTN.
Filler gap of size 5 at implant RVTN.
Filler gap of size 5 at implant RVTN.
Filler gap of size 1 at implant RVTN.
Filler gap of size 6 at implant RVTN.
Filler gap of size 5 at implant RVTN.
Filler gap of size 9 at implant RVTN.
Filler gap of size 10 at implant RVTN.
Filler gap of size 6 at implant RVTN.
Filler gap of size 3 at implant RVTN.
Filler gap of size 9 at implant RVTN.
Filler gap of size 3 at implant RVTN.
Filler gap of size 14 at implant RVTN.
Filler gap of size 1 at implant RVTN.
Filler gap of size 11 at implant RVTN.
Filler gap of size 13 at implant RVTN.
Filler gap of size 1 at implant RVTN.
Filler gap of size 13 at implant RVTN.
Filler gap of size 11 at implant RVTN.
Filler gap of size 2 at implant RVTN.
Filler gap of size 5 at implant RVTN.
Filler gap of size 1 at implant RVTN.
Filler gap of size 5 at implant RVTN.
Filler gap of size 3 at implant RVTN.
Filler gap of size 3 at implant RVTN.
Filler gap of size 3 at implant RVTN.
Filler gap of size 1 at implant RVTN.
Filler gap of size 10 at implant RVTN.
Filler gap of size 1 at implant RVTN.
Filler gap of size 7 at implant RVTN.
Filler gap of size 11 at implant RVTN.
Filler gap of size 7 at implant RVTN.
Filler gap of size 6 at implant RVTN.
Filler gap of size 1 at implant RVTN.
Filler gap of size 3 at implant RVTN.
Filler gap of size 5 at implant RVTN.
Filler gap of size 2 at implant RVTN.
Filler gap of size 5 at implant RVTN.
Filler gap of size 78 at implant RVTN.
Filler gap of size 3 at implant RVTN.
Filler gap of size 3 at implant RVTN.
Filler gap of size 3 at implant RVTN.
Filler gap of size 21 at implant RVTN.
Filler gap of size 14 at implant RVTN.
Filler gap of size 2 at implant RVTN.
Filler gap of size 1 at implant RVTN.
Filler gap of size 2 at implant RVTN.
Filler gap of size 6 at implant RVTN.
Filler gap of size 10 at implant RVTN.
Filler gap of size 7 at implant RVTN.
Filler gap of size 16 at implant RVTN.
Filler gap of size 14 at implant RVTN.
Filler gap of size 1 at implant RVTN.
Filler gap of size 9 at implant RVTN.
Filler gap of size 18 at implant RVTN.
Filler gap of size 10 at implant RVTN.
Filler gap of size 1 at implant RVTN.
Filler gap of size 1 at implant RVTN.
Filler gap of size 24 at implant RVTN.
Filler gap of size 5 at implant RVTN.
Filler gap of size 1 at implant RVTN.
Filler gap of size 1 at implant RVTN.
Filler gap of size 4 at implant RVTN.
Filler gap of size 1 at implant RVTN.
Filler gap of size 4 at implant RVTN.
Filler gap of size 3 at implant RVTN.
Filler gap of size 11 at implant RVTN.
Filler gap of size 6 at implant RVTN.
Filler gap of size 6 at implant RVTN.
Filler gap of size 1 at implant RVTN.
Filler gap of size 1 at implant RVTN.
Filler gap of size 2 at implant RVTN.
Filler gap of size 18 at implant RVTN.
Filler gap of size 1 at implant RVTN.
Filler gap of size 2 at implant RVTN.
Filler gap of size 6 at implant RVTN.
Filler gap of size 1 at implant RVTN.
Filler gap of size 1 at implant RVTN.
Filler gap of size 5 at implant RVTN.
Filler gap of size 83 at implant RVTN.
Filler gap of size 1 at implant RVTN.
Filler gap of size 14 at implant RVTN.
Filler gap of size 3 at implant RVTN.
Filler gap of size 2 at implant RVTN.
Filler gap of size 12 at implant RVTN.
Filler gap of size 2 at implant RVTN.
Filler gap of size 4 at implant RVTN.
Filler gap of size 2 at implant RVTN.
Filler gap of size 1 at implant RVTN.
Filler gap of size 4 at implant RVTN.
Filler gap of size 1 at implant RVTN.
Filler gap of size 2 at implant RVTN.
Filler gap of size 2 at implant RVTN.
Filler gap of size 6 at implant RVTN.
Filler gap of size 6 at implant RVTN.
Filler gap of size 4 at implant RVTN.
Filler gap of size 8 at implant RVTN.
Filler gap of size 7 at implant RVTN.
Filler gap of size 3 at implant RVTN.
Filler gap of size 4 at implant RVTN.
Filler gap of size 28 at implant RVTN.
Filler gap of size 4 at implant RVTN.
Filler gap of size 6 at implant RVTN.
Filler gap of size 4 at implant RVTN.
Filler gap of size 6 at implant RVTN.
Filler gap of size 1 at implant RVTN.
Filler gap of size 1 at implant RVTN.
Filler gap of size 3 at implant RVTN.
Filler gap of size 2 at implant RVTN.
Filler gap of size 12 at implant RVTN.
Filler gap of size 4 at implant RVTN.
Filler gap of size 4 at implant RVTN.
Filler gap of size 1 at implant RVTN.
Filler gap of size 4 at implant RVTN.
Filler gap of size 18 at implant RVTN.
Filler gap of size 5 at implant RVTN.
Filler gap of size 59 at implant RVTN.
Filler gap of size 1 at implant RVTN.
Filler gap of size 1 at implant RVTN.
Filler gap of size 1 at implant RVTN.
Filler gap of size 2 at implant RVTN.
Filler gap of size 2 at implant RVTN.
Filler gap of size 2 at implant RVTN.
Filler gap of size 10 at implant RVTN.
Filler gap of size 1 at implant RVTN.
Filler gap of size 6 at implant RVTN.
Filler gap of size 1 at implant RVTN.
Filler gap of size 1 at implant RVTN.
Filler gap of size 1 at implant RVTN.
Filler gap of size 2 at implant RVTN.
Filler gap of size 2 at implant RVTN.
Filler gap of size 2 at implant RVTN.
Filler gap of size 1 at implant RVTN.
Filler gap of size 5 at implant RVTN.
Filler gap of size 12 at implant RVTN.
Filler gap of size 1 at implant RVTN.
Filler gap of size 11 at implant RVTN.
Filler gap of size 11 at implant RVTN.
Filler gap of size 17 at implant RVTN.
Filler gap of size 1 at implant RVTN.
Filler gap of size 12 at implant RVTN.
Filler gap of size 3 at implant RVTN.
Filler gap of size 10 at implant RVTN.
Filler gap of size 5 at implant RVTN.
Filler gap of size 2 at implant RVTN.
Filler gap of size 13 at implant RVTN.
Filler gap of size 11 at implant RVTN.
Filler gap of size 7 at implant RVTN.
Filler gap of size 5 at implant RVTN.
Filler gap of size 1 at implant RVTN.
Filler gap of size 3 at implant RVTN.
Filler gap of size 5 at implant RVTN.
Filler gap of size 5 at implant RVTN.
Filler gap of size 11 at implant RVTN.
Filler gap of size 1 at implant RVTN.
Filler gap of size 6 at implant RVTN.
Filler gap of size 7 at implant RVTN.
Filler gap of size 1 at implant RVTN.
Filler gap of size 6 at implant RVTN.
Filler gap of size 3 at implant RVTN.
Filler gap of size 1 at implant RVTN.
Filler gap of size 1 at implant RVTN.
Filler gap of size 4 at implant RVTN.
Filler gap of size 11 at implant RVTN.
Filler gap of size 15 at implant RVTN.
Filler gap of size 7 at implant RVTN.
Filler gap of size 11 at implant RVTN.
Filler gap of size 59 at implant RVTN.
Filler gap of size 6 at implant RVTN.
Filler gap of size 3 at implant RVTN.
Filler gap of size 25 at implant RVTN.
Filler gap of size 4 at implant RVTN.
Filler gap of size 3 at implant RVTN.
Filler gap of size 21 at implant RVTN.
Filler gap of size 6 at implant RVTN.
Filler gap of size 2 at implant RVTN.
Filler gap of size 24 at implant RVTN.
Filler gap of size 1 at implant RVTN.
Filler gap of size 6 at implant RVTN.
Filler gap of size 11 at implant RVTN.
Filler gap of size 1 at implant RVTN.
Filler gap of size 6 at implant RVTN.
Filler gap of size 3 at implant RVTN.
Filler gap of size 20 at implant RVTN.
Filler gap of size 1 at implant RVTN.
Filler gap of size 3 at implant RVTN.
Filler gap of size 3 at implant RVTN.
Filler gap of size 1 at implant RVTN.
Filler gap of size 5 at implant RVTN.
Filler gap of size 10 at implant RVTN.
Filler gap of size 46 at implant RVTN.
Filler gap of size 3 at implant RVTN.
Filler gap of size 1 at implant RVTN.
Filler gap of size 1 at implant RVTN.
Filler gap of size 6 at implant RVTN.
Filler gap of size 2 at implant RVTN.
Filler gap of size 2 at implant RVTN.
Filler gap of size 4 at implant RVTN.
Filler gap of size 4 at implant RVTN.
Filler gap of size 4 at implant RVTN.
Filler gap of size 3 at implant RVTN.
Filler gap of size 2 at implant RVTN.
Filler gap of size 3 at implant RVTN.
Filler gap of size 2 at implant RVTN.
Filler gap of size 4 at implant RVTN.
Filler gap of size 4 at implant RVTN.
Filler gap of size 1 at implant RVTN.
Filler gap of size 21 at implant RVTN.
Filler gap of size 3 at implant RVTN.
Filler gap of size 9 at implant RVTN.
Filler gap of size 1 at implant RVTN.
Filler gap of size 9 at implant RVTN.
Filler gap of size 9 at implant RVTN.
Filler gap of size 16 at implant RVTN.
Filler gap of size 6 at implant RVTN.
Filler gap of size 9 at implant RVTN.
Filler gap of size 78 at implant RVTN.
Filler gap of size 17 at implant RVTN.
Filler gap of size 2 at implant RVTN.
Filler gap of size 1 at implant RVTN.
Filler gap of size 3 at implant RVTN.
Filler gap of size 2 at implant RVTN.
Filler gap of size 2 at implant RVTN.
Filler gap of size 17 at implant RVTN.
Filler gap of size 3 at implant RVTN.
Filler gap of size 1 at implant RVTN.
Filler gap of size 5 at implant RVTN.
Filler gap of size 7 at implant RVTN.
Filler gap of size 4 at implant RVTN.
Filler gap of size 7 at implant RVTN.
Filler gap of size 23 at implant RVTN.
Filler gap of size 7 at implant RVTN.
Filler gap of size 1 at implant RVTN.
Filler gap of size 14 at implant RVTN.
Filler gap of size 1 at implant RVTN.
Filler gap of size 6 at implant RVTN.
Filler gap of size 8 at implant RVTN.
Filler gap of size 1 at implant RVTN.
Filler gap of size 3 at implant RVTN.
Filler gap of size 1 at implant RVTN.
Filler gap of size 2 at implant RVTN.
Filler gap of size 27 at implant RVTN.
Filler gap of size 7 at implant RVTN.
Filler gap of size 6 at implant RVTN.
Filler gap of size 6 at implant RVTN.
Filler gap of size 13 at implant RVTN.
Filler gap of size 17 at implant RVTN.
Filler gap of size 1 at implant RVTN.
Filler gap of size 2 at implant RVTN.
Filler gap of size 2 at implant RVTN.
Filler gap of size 3 at implant RVTN.
Filler gap of size 2 at implant RVTN.
Filler gap of size 1 at implant RVTN.
Filler gap of size 2 at implant RVTN.
Filler gap of size 5 at implant RVTN.
Filler gap of size 7 at implant RVTN.
Filler gap of size 1 at implant RVTN.
Filler gap of size 4 at implant RVTN.
Filler gap of size 3 at implant RVTN.
Filler gap of size 3 at implant RVTN.
Filler gap of size 5 at implant RVTN.
Filler gap of size 7 at implant RVTN.
Filler gap of size 1 at implant RVTN.
Filler gap of size 6 at implant RVTN.
Filler gap of size 9 at implant RVTN.
Filler gap of size 19 at implant RVTN.
Filler gap of size 76 at implant RVTN.
Filler gap of size 2 at implant RVTN.
Filler gap of size 5 at implant RVTN.
Filler gap of size 1 at implant RVTN.
Filler gap of size 1 at implant RVTN.
Filler gap of size 1 at implant RVTN.
Filler gap of size 1 at implant RVTN.
Filler gap of size 3 at implant RVTN.
Filler gap of size 9 at implant RVTN.
Filler gap of size 7 at implant RVTN.
Filler gap of size 10 at implant RVTN.
Filler gap of size 4 at implant RVTN.
Filler gap of size 10 at implant RVTN.
Filler gap of size 5 at implant RVTN.
Filler gap of size 10 at implant RVTN.
Filler gap of size 2 at implant RVTN.
Filler gap of size 28 at implant RVTN.
Filler gap of size 2 at implant RVTN.
Filler gap of size 2 at implant RVTN.
Filler gap of size 2 at implant RVTN.
Filler gap of size 32 at implant RVTN.
Filler gap of size 15 at implant RVTN.
Filler gap of size 6 at implant RVTN.
Filler gap of size 3 at implant RVTN.
Filler gap of size 12 at implant RVTN.
Filler gap of size 6 at implant RVTN.
Filler gap of size 13 at implant RVTN.
Filler gap of size 15 at implant RVTN.
Filler gap of size 4 at implant RVTN.
Filler gap of size 6 at implant RVTN.
Filler gap of size 4 at implant RVTN.
Filler gap of size 5 at implant RVTN.
Filler gap of size 4 at implant RVTN.
Filler gap of size 3 at implant RVTN.
Filler gap of size 11 at implant RVTN.
Filler gap of size 3 at implant RVTN.
Filler gap of size 3 at implant RVTN.
Filler gap of size 24 at implant RVTN.
Filler gap of size 68 at implant RVTN.
Filler gap of size 2 at implant RVTN.
Filler gap of size 5 at implant RVTN.
Filler gap of size 1 at implant RVTN.
Filler gap of size 5 at implant RVTN.
Filler gap of size 15 at implant RVTN.
Filler gap of size 4 at implant RVTN.
Filler gap of size 1 at implant RVTN.
Filler gap of size 3 at implant RVTN.
Filler gap of size 2 at implant RVTN.
Filler gap of size 2 at implant RVTN.
Filler gap of size 4 at implant RVTN.
Filler gap of size 4 at implant RVTN.
Filler gap of size 2 at implant RVTN.
Filler gap of size 5 at implant RVTN.
Filler gap of size 5 at implant RVTN.
Filler gap of size 5 at implant RVTN.
Filler gap of size 2 at implant RVTN.
Filler gap of size 1 at implant RVTN.
Filler gap of size 1 at implant RVTN.
Filler gap of size 8 at implant RVTN.
Filler gap of size 7 at implant RVTN.
Filler gap of size 18 at implant RVTN.
Filler gap of size 2 at implant RVTN.
Filler gap of size 1 at implant RVTN.
Filler gap of size 33 at implant RVTN.
Filler gap of size 3 at implant RVTN.
Filler gap of size 3 at implant RVTN.
Filler gap of size 12 at implant RVTN.
Filler gap of size 1 at implant RVTN.
Filler gap of size 27 at implant RVTN.
Filler gap of size 10 at implant RVTN.
Filler gap of size 17 at implant RVTN.
Filler gap of size 3 at implant RVTN.
Filler gap of size 17 at implant RVTN.
Filler gap of size 8 at implant RVTN.
Filler gap of size 22 at implant RVTN.
Filler gap of size 6 at implant RVTN.
Filler gap of size 2 at implant RVTN.
Filler gap of size 10 at implant RVTN.
Filler gap of size 17 at implant RVTN.
Filler gap of size 71 at implant RVTN.
Filler gap of size 1 at implant RVTN.
Filler gap of size 12 at implant RVTN.
Filler gap of size 2 at implant RVTN.
Filler gap of size 17 at implant RVTN.
Filler gap of size 8 at implant RVTN.
Filler gap of size 1 at implant RVTN.
Filler gap of size 1 at implant RVTN.
Filler gap of size 5 at implant RVTN.
Filler gap of size 2 at implant RVTN.
Filler gap of size 10 at implant RVTN.
Filler gap of size 6 at implant RVTN.
Filler gap of size 4 at implant RVTN.
Filler gap of size 1 at implant RVTN.
Filler gap of size 5 at implant RVTN.
Filler gap of size 1 at implant RVTN.
Filler gap of size 1 at implant RVTN.
Filler gap of size 1 at implant RVTN.
Filler gap of size 4 at implant RVTN.
Filler gap of size 2 at implant RVTN.
Filler gap of size 23 at implant RVTN.
Filler gap of size 6 at implant RVTN.
Filler gap of size 5 at implant RVTN.
Filler gap of size 4 at implant RVTN.
Filler gap of size 4 at implant RVTN.
Filler gap of size 3 at implant RVTN.
Filler gap of size 15 at implant RVTN.
Filler gap of size 1 at implant RVTN.
Filler gap of size 8 at implant RVTN.
Filler gap of size 2 at implant RVTN.
Filler gap of size 4 at implant RVTN.
Filler gap of size 2 at implant RVTN.
Filler gap of size 4 at implant RVTN.
Filler gap of size 3 at implant RVTN.
Filler gap of size 1 at implant RVTN.
Filler gap of size 12 at implant RVTN.
Filler gap of size 7 at implant RVTN.
Filler gap of size 2 at implant RVTN.
Filler gap of size 4 at implant RVTN.
Filler gap of size 3 at implant RVTN.
Filler gap of size 4 at implant RVTN.
Filler gap of size 24 at implant RVTN.
Filler gap of size 66 at implant RVTN.
Filler gap of size 5 at implant RVTN.
Filler gap of size 11 at implant RVTN.
Filler gap of size 7 at implant RVTN.
Filler gap of size 8 at implant RVTN.
Filler gap of size 2 at implant RVTN.
Filler gap of size 8 at implant RVTN.
Filler gap of size 1 at implant RVTN.
Filler gap of size 2 at implant RVTN.
Filler gap of size 2 at implant RVTN.
Filler gap of size 10 at implant RVTN.
Filler gap of size 6 at implant RVTN.
Filler gap of size 1 at implant RVTN.
Filler gap of size 2 at implant RVTN.
Filler gap of size 1 at implant RVTN.
Filler gap of size 2 at implant RVTN.
Filler gap of size 2 at implant RVTN.
Filler gap of size 2 at implant RVTN.
Filler gap of size 1 at implant RVTN.
Filler gap of size 3 at implant RVTN.
Filler gap of size 2 at implant RVTN.
Filler gap of size 20 at implant RVTN.
Filler gap of size 1 at implant RVTN.
Filler gap of size 2 at implant RVTN.
Filler gap of size 1 at implant RVTN.
Filler gap of size 12 at implant RVTN.
Filler gap of size 7 at implant RVTN.
Filler gap of size 1 at implant RVTN.
Filler gap of size 1 at implant RVTN.
Filler gap of size 9 at implant RVTN.
Filler gap of size 1 at implant RVTN.
Filler gap of size 4 at implant RVTN.
Filler gap of size 4 at implant RVTN.
Filler gap of size 1 at implant RVTN.
Filler gap of size 2 at implant RVTN.
Filler gap of size 1 at implant RVTN.
Filler gap of size 2 at implant RVTN.
Filler gap of size 4 at implant RVTN.
Filler gap of size 1 at implant RVTN.
Filler gap of size 5 at implant RVTN.
Filler gap of size 3 at implant RVTN.
Filler gap of size 10 at implant RVTN.
Filler gap of size 7 at implant RVTN.
Filler gap of size 1 at implant RVTN.
Filler gap of size 5 at implant RVTN.
Filler gap of size 4 at implant RVTN.
Filler gap of size 1 at implant RVTN.
Filler gap of size 4 at implant RVTN.
Filler gap of size 16 at implant RVTN.
Filler gap of size 69 at implant RVTN.
Filler gap of size 5 at implant RVTN.
Filler gap of size 4 at implant RVTN.
Filler gap of size 41 at implant RVTN.
Filler gap of size 10 at implant RVTN.
Filler gap of size 1 at implant RVTN.
Filler gap of size 4 at implant RVTN.
Filler gap of size 1 at implant RVTN.
Filler gap of size 6 at implant RVTN.
Filler gap of size 9 at implant RVTN.
Filler gap of size 2 at implant RVTN.
Filler gap of size 1 at implant RVTN.
Filler gap of size 1 at implant RVTN.
Filler gap of size 7 at implant RVTN.
Filler gap of size 2 at implant RVTN.
Filler gap of size 1 at implant RVTN.
Filler gap of size 8 at implant RVTN.
Filler gap of size 1 at implant RVTN.
Filler gap of size 1 at implant RVTN.
Filler gap of size 1 at implant RVTN.
Filler gap of size 3 at implant RVTN.
Filler gap of size 7 at implant RVTN.
Filler gap of size 8 at implant RVTN.
Filler gap of size 9 at implant RVTN.
Filler gap of size 1 at implant RVTN.
Filler gap of size 6 at implant RVTN.
Filler gap of size 7 at implant RVTN.
Filler gap of size 1 at implant RVTN.
Filler gap of size 13 at implant RVTN.
Filler gap of size 1 at implant RVTN.
Filler gap of size 5 at implant RVTN.
Filler gap of size 1 at implant RVTN.
Filler gap of size 6 at implant RVTN.
Filler gap of size 1 at implant RVTN.
Filler gap of size 1 at implant RVTN.
Filler gap of size 1 at implant RVTN.
Filler gap of size 1 at implant RVTN.
Filler gap of size 4 at implant RVTN.
Filler gap of size 5 at implant RVTN.
Filler gap of size 2 at implant RVTN.
Filler gap of size 4 at implant RVTN.
Filler gap of size 1 at implant RVTN.
Filler gap of size 14 at implant RVTN.
Filler gap of size 3 at implant RVTN.
Filler gap of size 2 at implant RVTN.
Filler gap of size 11 at implant RVTN.
Filler gap of size 10 at implant RVTN.
Filler gap of size 16 at implant RVTN.
Filler gap of size 68 at implant RVTN.
Filler gap of size 1 at implant RVTN.
Filler gap of size 8 at implant RVTN.
Filler gap of size 3 at implant RVTN.
Filler gap of size 3 at implant RVTN.
Filler gap of size 10 at implant RVTN.
Filler gap of size 1 at implant RVTN.
Filler gap of size 2 at implant RVTN.
Filler gap of size 4 at implant RVTN.
Filler gap of size 1 at implant RVTN.
Filler gap of size 1 at implant RVTN.
Filler gap of size 1 at implant RVTN.
Filler gap of size 1 at implant RVTN.
Filler gap of size 1 at implant RVTN.
Filler gap of size 16 at implant RVTN.
Filler gap of size 1 at implant RVTN.
Filler gap of size 2 at implant RVTN.
Filler gap of size 1 at implant RVTN.
Filler gap of size 9 at implant RVTN.
Filler gap of size 3 at implant RVTN.
Filler gap of size 6 at implant RVTN.
Filler gap of size 4 at implant RVTN.
Filler gap of size 3 at implant RVTN.
Filler gap of size 1 at implant RVTN.
Filler gap of size 9 at implant RVTN.
Filler gap of size 9 at implant RVTN.
Filler gap of size 5 at implant RVTN.
Filler gap of size 4 at implant RVTN.
Filler gap of size 41 at implant RVTN.
Filler gap of size 3 at implant RVTN.
Filler gap of size 11 at implant RVTN.
Filler gap of size 2 at implant RVTN.
Filler gap of size 1 at implant RVTN.
Filler gap of size 2 at implant RVTN.
Filler gap of size 8 at implant RVTN.
Filler gap of size 9 at implant RVTN.
Filler gap of size 7 at implant RVTN.
Filler gap of size 7 at implant RVTN.
Filler gap of size 1 at implant RVTN.
Filler gap of size 20 at implant RVTN.
Filler gap of size 7 at implant RVTN.
Filler gap of size 6 at implant RVTN.
Filler gap of size 68 at implant RVTN.
Filler gap of size 3 at implant RVTN.
Filler gap of size 1 at implant RVTN.
Filler gap of size 2 at implant RVTN.
Filler gap of size 2 at implant RVTN.
Filler gap of size 1 at implant RVTN.
Filler gap of size 7 at implant RVTN.
Filler gap of size 1 at implant RVTN.
Filler gap of size 1 at implant RVTN.
Filler gap of size 1 at implant RVTN.
Filler gap of size 3 at implant RVTN.
Filler gap of size 2 at implant RVTN.
Filler gap of size 1 at implant RVTN.
Filler gap of size 2 at implant RVTN.
Filler gap of size 4 at implant RVTN.
Filler gap of size 5 at implant RVTN.
Filler gap of size 3 at implant RVTN.
Filler gap of size 1 at implant RVTN.
Filler gap of size 11 at implant RVTN.
Filler gap of size 5 at implant RVTN.
Filler gap of size 1 at implant RVTN.
Filler gap of size 1 at implant RVTN.
Filler gap of size 1 at implant RVTN.
Filler gap of size 8 at implant RVTN.
Filler gap of size 5 at implant RVTN.
Filler gap of size 12 at implant RVTN.
Filler gap of size 1 at implant RVTN.
Filler gap of size 1 at implant RVTN.
Filler gap of size 21 at implant RVTN.
Filler gap of size 17 at implant RVTN.
Filler gap of size 14 at implant RVTN.
Filler gap of size 1 at implant RVTN.
Filler gap of size 9 at implant RVTN.
Filler gap of size 19 at implant RVTN.
Filler gap of size 21 at implant RVTN.
Filler gap of size 2 at implant RVTN.
Filler gap of size 2 at implant RVTN.
Filler gap of size 9 at implant RVTN.
Filler gap of size 1 at implant RVTN.
Filler gap of size 1 at implant RVTN.
Filler gap of size 1 at implant RVTN.
Filler gap of size 5 at implant RVTN.
Filler gap of size 8 at implant RVTN.
Filler gap of size 62 at implant RVTN.
Filler gap of size 4 at implant RVTN.
Filler gap of size 22 at implant RVTN.
Filler gap of size 2 at implant RVTN.
Filler gap of size 1 at implant RVTN.
Filler gap of size 2 at implant RVTN.
Filler gap of size 3 at implant RVTN.
Filler gap of size 2 at implant RVTN.
Filler gap of size 10 at implant RVTN.
Filler gap of size 1 at implant RVTN.
Filler gap of size 23 at implant RVTN.
Filler gap of size 4 at implant RVTN.
Filler gap of size 4 at implant RVTN.
Filler gap of size 7 at implant RVTN.
Filler gap of size 3 at implant RVTN.
Filler gap of size 1 at implant RVTN.
Filler gap of size 1 at implant RVTN.
Filler gap of size 1 at implant RVTN.
Filler gap of size 1 at implant RVTN.
Filler gap of size 11 at implant RVTN.
Filler gap of size 3 at implant RVTN.
Filler gap of size 5 at implant RVTN.
Filler gap of size 6 at implant RVTN.
Filler gap of size 2 at implant RVTN.
Filler gap of size 11 at implant RVTN.
Filler gap of size 8 at implant RVTN.
Filler gap of size 9 at implant RVTN.
Filler gap of size 7 at implant RVTN.
Filler gap of size 3 at implant RVTN.
Filler gap of size 11 at implant RVTN.
Filler gap of size 11 at implant RVTN.
Filler gap of size 1 at implant RVTN.
Filler gap of size 5 at implant RVTN.
Filler gap of size 1 at implant RVTN.
Filler gap of size 2 at implant RVTN.
Filler gap of size 16 at implant RVTN.
Filler gap of size 6 at implant RVTN.
Filler gap of size 20 at implant RVTN.
Filler gap of size 2 at implant RVTN.
Filler gap of size 13 at implant RVTN.
Filler gap of size 10 at implant RVTN.
Filler gap of size 1 at implant RVTN.
Filler gap of size 4 at implant RVTN.
Filler gap of size 12 at implant RVTN.
Filler gap of size 6 at implant RVTN.
Filler gap of size 8 at implant RVTN.
Filler gap of size 4 at implant RVTN.
Filler gap of size 8 at implant RVTN.
Filler gap of size 71 at implant RVTN.
Filler gap of size 2 at implant RVTN.
Filler gap of size 9 at implant RVTN.
Filler gap of size 5 at implant RVTN.
Filler gap of size 1 at implant RVTN.
Filler gap of size 1 at implant RVTN.
Filler gap of size 2 at implant RVTN.
Filler gap of size 1 at implant RVTN.
Filler gap of size 1 at implant RVTN.
Filler gap of size 1 at implant RVTN.
Filler gap of size 2 at implant RVTN.
Filler gap of size 12 at implant RVTN.
Filler gap of size 7 at implant RVTN.
Filler gap of size 6 at implant RVTN.
Filler gap of size 1 at implant RVTN.
Filler gap of size 3 at implant RVTN.
Filler gap of size 1 at implant RVTN.
Filler gap of size 1 at implant RVTN.
Filler gap of size 3 at implant RVTN.
Filler gap of size 3 at implant RVTN.
Filler gap of size 3 at implant RVTN.
Filler gap of size 2 at implant RVTN.
Filler gap of size 1 at implant RVTN.
Filler gap of size 1 at implant RVTN.
Filler gap of size 23 at implant RVTN.
Filler gap of size 3 at implant RVTN.
Filler gap of size 10 at implant RVTN.
Filler gap of size 1 at implant RVTN.
Filler gap of size 1 at implant RVTN.
Filler gap of size 1 at implant RVTN.
Filler gap of size 2 at implant RVTN.
Filler gap of size 4 at implant RVTN.
Filler gap of size 2 at implant RVTN.
Filler gap of size 3 at implant RVTN.
Filler gap of size 5 at implant RVTN.
Filler gap of size 10 at implant RVTN.
Filler gap of size 2 at implant RVTN.
Filler gap of size 3 at implant RVTN.
Filler gap of size 9 at implant RVTN.
Filler gap of size 2 at implant RVTN.
Filler gap of size 4 at implant RVTN.
Filler gap of size 4 at implant RVTN.
Filler gap of size 12 at implant RVTN.
Filler gap of size 12 at implant RVTN.
Filler gap of size 5 at implant RVTN.
Filler gap of size 13 at implant RVTN.
Filler gap of size 5 at implant RVTN.
Filler gap of size 2 at implant RVTN.
Filler gap of size 2 at implant RVTN.
Filler gap of size 5 at implant RVTN.
Filler gap of size 7 at implant RVTN.
Filler gap of size 66 at implant RVTN.
Filler gap of size 3 at implant RVTN.
Filler gap of size 3 at implant RVTN.
Filler gap of size 2 at implant RVTN.
Filler gap of size 1 at implant RVTN.
Filler gap of size 1 at implant RVTN.
Filler gap of size 1 at implant RVTN.
Filler gap of size 1 at implant RVTN.
Filler gap of size 2 at implant RVTN.
Filler gap of size 1 at implant RVTN.
Filler gap of size 1 at implant RVTN.
Filler gap of size 5 at implant RVTN.
Filler gap of size 1 at implant RVTN.
Filler gap of size 2 at implant RVTN.
Filler gap of size 2 at implant RVTN.
Filler gap of size 18 at implant RVTN.
Filler gap of size 5 at implant RVTN.
Filler gap of size 1 at implant RVTN.
Filler gap of size 9 at implant RVTN.
Filler gap of size 6 at implant RVTN.
Filler gap of size 1 at implant RVTN.
Filler gap of size 9 at implant RVTN.
Filler gap of size 1 at implant RVTN.
Filler gap of size 1 at implant RVTN.
Filler gap of size 13 at implant RVTN.
Filler gap of size 1 at implant RVTN.
Filler gap of size 8 at implant RVTN.
Filler gap of size 6 at implant RVTN.
Filler gap of size 1 at implant RVTN.
Filler gap of size 17 at implant RVTN.
Filler gap of size 22 at implant RVTN.
Filler gap of size 1 at implant RVTN.
Filler gap of size 9 at implant RVTN.
Filler gap of size 7 at implant RVTN.
Filler gap of size 1 at implant RVTN.
Filler gap of size 5 at implant RVTN.
Filler gap of size 4 at implant RVTN.
Filler gap of size 12 at implant RVTN.
Filler gap of size 13 at implant RVTN.
Filler gap of size 9 at implant RVTN.
Filler gap of size 2 at implant RVTN.
Filler gap of size 4 at implant RVTN.
Filler gap of size 1 at implant RVTN.
Filler gap of size 7 at implant RVTN.
Filler gap of size 14 at implant RVTN.
Filler gap of size 66 at implant RVTN.
Filler gap of size 1 at implant RVTN.
Filler gap of size 14 at implant RVTN.
Filler gap of size 1 at implant RVTN.
Filler gap of size 1 at implant RVTN.
Filler gap of size 1 at implant RVTN.
Filler gap of size 1 at implant RVTN.
Filler gap of size 2 at implant RVTN.
Filler gap of size 1 at implant RVTN.
Filler gap of size 1 at implant RVTN.
Filler gap of size 1 at implant RVTN.
Filler gap of size 17 at implant RVTN.
Filler gap of size 1 at implant RVTN.
Filler gap of size 11 at implant RVTN.
Filler gap of size 24 at implant RVTN.
Filler gap of size 10 at implant RVTN.
Filler gap of size 6 at implant RVTN.
Filler gap of size 4 at implant RVTN.
Filler gap of size 16 at implant RVTN.
Filler gap of size 2 at implant RVTN.
Filler gap of size 7 at implant RVTN.
Filler gap of size 1 at implant RVTN.
Filler gap of size 3 at implant RVTN.
Filler gap of size 1 at implant RVTN.
Filler gap of size 1 at implant RVTN.
Filler gap of size 6 at implant RVTN.
Filler gap of size 8 at implant RVTN.
Filler gap of size 1 at implant RVTN.
Filler gap of size 4 at implant RVTN.
Filler gap of size 1 at implant RVTN.
Filler gap of size 1 at implant RVTN.
Filler gap of size 1 at implant RVTN.
Filler gap of size 1 at implant RVTN.
Filler gap of size 7 at implant RVTN.
Filler gap of size 10 at implant RVTN.
Filler gap of size 6 at implant RVTN.
Filler gap of size 1 at implant RVTN.
Filler gap of size 3 at implant RVTN.
Filler gap of size 1 at implant RVTN.
Filler gap of size 2 at implant RVTN.
Filler gap of size 1 at implant RVTN.
Filler gap of size 1 at implant RVTN.
Filler gap of size 1 at implant RVTN.
Filler gap of size 1 at implant RVTN.
Filler gap of size 17 at implant RVTN.
Filler gap of size 63 at implant RVTN.
Filler gap of size 1 at implant RVTN.
Filler gap of size 2 at implant RVTN.
Filler gap of size 8 at implant RVTN.
Filler gap of size 3 at implant RVTN.
Filler gap of size 5 at implant RVTN.
Filler gap of size 4 at implant RVTN.
Filler gap of size 5 at implant RVTN.
Filler gap of size 1 at implant RVTN.
Filler gap of size 2 at implant RVTN.
Filler gap of size 2 at implant RVTN.
Filler gap of size 8 at implant RVTN.
Filler gap of size 6 at implant RVTN.
Filler gap of size 3 at implant RVTN.
Filler gap of size 3 at implant RVTN.
Filler gap of size 4 at implant RVTN.
Filler gap of size 39 at implant RVTN.
Filler gap of size 11 at implant RVTN.
Filler gap of size 3 at implant RVTN.
Filler gap of size 19 at implant RVTN.
Filler gap of size 1 at implant RVTN.
Filler gap of size 3 at implant RVTN.
Filler gap of size 15 at implant RVTN.
Filler gap of size 5 at implant RVTN.
Filler gap of size 3 at implant RVTN.
Filler gap of size 8 at implant RVTN.
Filler gap of size 3 at implant RVTN.
Filler gap of size 3 at implant RVTN.
Filler gap of size 2 at implant RVTN.
Filler gap of size 4 at implant RVTN.
Filler gap of size 4 at implant RVTN.
Filler gap of size 4 at implant RVTN.
Filler gap of size 2 at implant RVTN.
Filler gap of size 32 at implant RVTN.
Filler gap of size 1 at implant RVTN.
Filler gap of size 3 at implant RVTN.
Filler gap of size 12 at implant RVTN.
Filler gap of size 64 at implant RVTN.
Filler gap of size 5 at implant RVTN.
Filler gap of size 2 at implant RVTN.
Filler gap of size 1 at implant RVTN.
Filler gap of size 1 at implant RVTN.
Filler gap of size 2 at implant RVTN.
Filler gap of size 2 at implant RVTN.
Filler gap of size 2 at implant RVTN.
Filler gap of size 3 at implant RVTN.
Filler gap of size 5 at implant RVTN.
Filler gap of size 2 at implant RVTN.
Filler gap of size 6 at implant RVTN.
Filler gap of size 4 at implant RVTN.
Filler gap of size 7 at implant RVTN.
Filler gap of size 5 at implant RVTN.
Filler gap of size 8 at implant RVTN.
Filler gap of size 2 at implant RVTN.
Filler gap of size 5 at implant RVTN.
Filler gap of size 2 at implant RVTN.
Filler gap of size 8 at implant RVTN.
Filler gap of size 7 at implant RVTN.
Filler gap of size 7 at implant RVTN.
Filler gap of size 8 at implant RVTN.
Filler gap of size 2 at implant RVTN.
Filler gap of size 3 at implant RVTN.
Filler gap of size 1 at implant RVTN.
Filler gap of size 6 at implant RVTN.
Filler gap of size 2 at implant RVTN.
Filler gap of size 2 at implant RVTN.
Filler gap of size 19 at implant RVTN.
Filler gap of size 9 at implant RVTN.
Filler gap of size 5 at implant RVTN.
Filler gap of size 3 at implant RVTN.
Filler gap of size 5 at implant RVTN.
Filler gap of size 2 at implant RVTN.
Filler gap of size 2 at implant RVTN.
Filler gap of size 5 at implant RVTN.
Filler gap of size 3 at implant RVTN.
Filler gap of size 1 at implant RVTN.
Filler gap of size 2 at implant RVTN.
Filler gap of size 4 at implant RVTN.
Filler gap of size 3 at implant RVTN.
Filler gap of size 3 at implant RVTN.
Filler gap of size 3 at implant RVTN.
Filler gap of size 3 at implant RVTN.
Filler gap of size 9 at implant RVTN.
Filler gap of size 4 at implant RVTN.
Filler gap of size 1 at implant RVTN.
Filler gap of size 2 at implant RVTN.
Filler gap of size 61 at implant RVTN.
Filler gap of size 2 at implant RVTN.
Filler gap of size 4 at implant RVTN.
Filler gap of size 2 at implant RVTN.
Filler gap of size 3 at implant RVTN.
Filler gap of size 1 at implant RVTN.
Filler gap of size 6 at implant RVTN.
Filler gap of size 16 at implant RVTN.
Filler gap of size 4 at implant RVTN.
Filler gap of size 2 at implant RVTN.
Filler gap of size 1 at implant RVTN.
Filler gap of size 3 at implant RVTN.
Filler gap of size 1 at implant RVTN.
Filler gap of size 1 at implant RVTN.
Filler gap of size 1 at implant RVTN.
Filler gap of size 3 at implant RVTN.
Filler gap of size 5 at implant RVTN.
Filler gap of size 3 at implant RVTN.
Filler gap of size 2 at implant RVTN.
Filler gap of size 1 at implant RVTN.
Filler gap of size 2 at implant RVTN.
Filler gap of size 1 at implant RVTN.
Filler gap of size 1 at implant RVTN.
Filler gap of size 1 at implant RVTN.
Filler gap of size 5 at implant RVTN.
Filler gap of size 11 at implant RVTN.
Filler gap of size 1 at implant RVTN.
Filler gap of size 11 at implant RVTN.
Filler gap of size 18 at implant RVTN.
Filler gap of size 6 at implant RVTN.
Filler gap of size 27 at implant RVTN.
Filler gap of size 2 at implant RVTN.
Filler gap of size 2 at implant RVTN.
Filler gap of size 4 at implant RVTN.
Filler gap of size 6 at implant RVTN.
Filler gap of size 5 at implant RVTN.
Filler gap of size 5 at implant RVTN.
Filler gap of size 11 at implant RVTN.
Filler gap of size 9 at implant RVTN.
Filler gap of size 17 at implant RVTN.
Filler gap of size 1 at implant RVTN.
Filler gap of size 1 at implant RVTN.
Filler gap of size 70 at implant RVTN.
Filler gap of size 15 at implant RVTN.
Filler gap of size 1 at implant RVTN.
Filler gap of size 1 at implant RVTN.
Filler gap of size 1 at implant RVTN.
Filler gap of size 7 at implant RVTN.
Filler gap of size 2 at implant RVTN.
Filler gap of size 4 at implant RVTN.
Filler gap of size 12 at implant RVTN.
Filler gap of size 1 at implant RVTN.
Filler gap of size 6 at implant RVTN.
Filler gap of size 2 at implant RVTN.
Filler gap of size 11 at implant RVTN.
Filler gap of size 11 at implant RVTN.
Filler gap of size 4 at implant RVTN.
Filler gap of size 4 at implant RVTN.
Filler gap of size 1 at implant RVTN.
Filler gap of size 5 at implant RVTN.
Filler gap of size 3 at implant RVTN.
Filler gap of size 3 at implant RVTN.
Filler gap of size 16 at implant RVTN.
Filler gap of size 16 at implant RVTN.
Filler gap of size 24 at implant RVTN.
Filler gap of size 1 at implant RVTN.
Filler gap of size 5 at implant RVTN.
Filler gap of size 1 at implant RVTN.
Filler gap of size 3 at implant RVTN.
Filler gap of size 23 at implant RVTN.
Filler gap of size 1 at implant RVTN.
Filler gap of size 1 at implant RVTN.
Filler gap of size 2 at implant RVTN.
Filler gap of size 3 at implant RVTN.
Filler gap of size 4 at implant RVTN.
Filler gap of size 1 at implant RVTN.
Filler gap of size 2 at implant RVTN.
Filler gap of size 2 at implant RVTN.
Filler gap of size 4 at implant RVTN.
Filler gap of size 27 at implant RVTN.
Filler gap of size 6 at implant RVTN.
Filler gap of size 5 at implant RVTN.
Filler gap of size 2 at implant RVTN.
Filler gap of size 22 at implant RVTN.
Filler gap of size 69 at implant RVTN.
Filler gap of size 26 at implant RVTN.
Filler gap of size 8 at implant RVTN.
Filler gap of size 1 at implant RVTN.
Filler gap of size 1 at implant RVTN.
Filler gap of size 1 at implant RVTN.
Filler gap of size 4 at implant RVTN.
Filler gap of size 3 at implant RVTN.
Filler gap of size 9 at implant RVTN.
Filler gap of size 6 at implant RVTN.
Filler gap of size 1 at implant RVTN.
Filler gap of size 5 at implant RVTN.
Filler gap of size 1 at implant RVTN.
Filler gap of size 7 at implant RVTN.
Filler gap of size 1 at implant RVTN.
Filler gap of size 5 at implant RVTN.
Filler gap of size 9 at implant RVTN.
Filler gap of size 7 at implant RVTN.
Filler gap of size 23 at implant RVTN.
Filler gap of size 4 at implant RVTN.
Filler gap of size 1 at implant RVTN.
Filler gap of size 25 at implant RVTN.
Filler gap of size 2 at implant RVTN.
Filler gap of size 3 at implant RVTN.
Filler gap of size 8 at implant RVTN.
Filler gap of size 3 at implant RVTN.
Filler gap of size 4 at implant RVTN.
Filler gap of size 3 at implant RVTN.
Filler gap of size 3 at implant RVTN.
Filler gap of size 12 at implant RVTN.
Filler gap of size 11 at implant RVTN.
Filler gap of size 3 at implant RVTN.
Filler gap of size 3 at implant RVTN.
Filler gap of size 2 at implant RVTN.
Filler gap of size 10 at implant RVTN.
Filler gap of size 5 at implant RVTN.
Filler gap of size 1 at implant RVTN.
Filler gap of size 64 at implant RVTN.
Filler gap of size 13 at implant RVTN.
Filler gap of size 2 at implant RVTN.
Filler gap of size 14 at implant RVTN.
Filler gap of size 1 at implant RVTN.
Filler gap of size 4 at implant RVTN.
Filler gap of size 1 at implant RVTN.
Filler gap of size 1 at implant RVTN.
Filler gap of size 4 at implant RVTN.
Filler gap of size 8 at implant RVTN.
Filler gap of size 2 at implant RVTN.
Filler gap of size 6 at implant RVTN.
Filler gap of size 9 at implant RVTN.
Filler gap of size 4 at implant RVTN.
Filler gap of size 6 at implant RVTN.
Filler gap of size 1 at implant RVTN.
Filler gap of size 4 at implant RVTN.
Filler gap of size 2 at implant RVTN.
Filler gap of size 1 at implant RVTN.
Filler gap of size 2 at implant RVTN.
Filler gap of size 3 at implant RVTN.
Filler gap of size 9 at implant RVTN.
Filler gap of size 14 at implant RVTN.
Filler gap of size 4 at implant RVTN.
Filler gap of size 15 at implant RVTN.
Filler gap of size 4 at implant RVTN.
Filler gap of size 3 at implant RVTN.
Filler gap of size 4 at implant RVTN.
Filler gap of size 20 at implant RVTN.
Filler gap of size 25 at implant RVTN.
Filler gap of size 9 at implant RVTN.
Filler gap of size 2 at implant RVTN.
Filler gap of size 1 at implant RVTN.
Filler gap of size 3 at implant RVTN.
Filler gap of size 4 at implant RVTN.
Filler gap of size 3 at implant RVTN.
Filler gap of size 1 at implant RVTN.
Filler gap of size 15 at implant RVTN.
Filler gap of size 46 at implant RVTN.
Filler gap of size 1 at implant RVTN.
Filler gap of size 6 at implant RVTN.
Filler gap of size 2 at implant RVTN.
Filler gap of size 3 at implant RVTN.
Filler gap of size 6 at implant RVTN.
Filler gap of size 3 at implant RVTN.
Filler gap of size 2 at implant RVTN.
Filler gap of size 13 at implant RVTN.
Filler gap of size 8 at implant RVTN.
Filler gap of size 3 at implant RVTN.
Filler gap of size 13 at implant RVTN.
Filler gap of size 9 at implant RVTN.
Filler gap of size 23 at implant RVTN.
Filler gap of size 2 at implant RVTN.
Filler gap of size 6 at implant RVTN.
Filler gap of size 9 at implant RVTN.
Filler gap of size 9 at implant RVTN.
Filler gap of size 3 at implant RVTN.
Filler gap of size 3 at implant RVTN.
Filler gap of size 1 at implant RVTN.
Filler gap of size 5 at implant RVTN.
Filler gap of size 2 at implant RVTN.
Filler gap of size 8 at implant RVTN.
Filler gap of size 1 at implant RVTN.
Filler gap of size 2 at implant RVTN.
Filler gap of size 2 at implant RVTN.
Filler gap of size 1 at implant RVTN.
Filler gap of size 13 at implant RVTN.
Filler gap of size 2 at implant RVTN.
Filler gap of size 4 at implant RVTN.
Filler gap of size 8 at implant RVTN.
Filler gap of size 3 at implant RVTN.
Filler gap of size 5 at implant RVTN.
Filler gap of size 6 at implant RVTN.
Filler gap of size 35 at implant RVTN.
Filler gap of size 1 at implant RVTN.
Filler gap of size 1 at implant RVTN.
Filler gap of size 1 at implant RVTN.
Filler gap of size 7 at implant RVTN.
Filler gap of size 1 at implant RVTN.
Filler gap of size 16 at implant RVTN.
Filler gap of size 46 at implant RVTN.
Filler gap of size 1 at implant RVTN.
Filler gap of size 2 at implant RVTN.
Filler gap of size 6 at implant RVTN.
Filler gap of size 1 at implant RVTN.
Filler gap of size 8 at implant RVTN.
Filler gap of size 2 at implant RVTN.
Filler gap of size 7 at implant RVTN.
Filler gap of size 2 at implant RVTN.
Filler gap of size 1 at implant RVTN.
Filler gap of size 1 at implant RVTN.
Filler gap of size 5 at implant RVTN.
Filler gap of size 9 at implant RVTN.
Filler gap of size 17 at implant RVTN.
Filler gap of size 3 at implant RVTN.
Filler gap of size 3 at implant RVTN.
Filler gap of size 3 at implant RVTN.
Filler gap of size 2 at implant RVTN.
Filler gap of size 19 at implant RVTN.
Filler gap of size 6 at implant RVTN.
Filler gap of size 1 at implant RVTN.
Filler gap of size 1 at implant RVTN.
Filler gap of size 7 at implant RVTN.
Filler gap of size 5 at implant RVTN.
Filler gap of size 3 at implant RVTN.
Filler gap of size 2 at implant RVTN.
Filler gap of size 8 at implant RVTN.
Filler gap of size 21 at implant RVTN.
Filler gap of size 2 at implant RVTN.
Filler gap of size 5 at implant RVTN.
Filler gap of size 1 at implant RVTN.
Filler gap of size 1 at implant RVTN.
Filler gap of size 11 at implant RVTN.
Filler gap of size 2 at implant RVTN.
Filler gap of size 4 at implant RVTN.
Filler gap of size 12 at implant RVTN.
Filler gap of size 2 at implant RVTN.
Filler gap of size 2 at implant RVTN.
Filler gap of size 3 at implant RVTN.
Filler gap of size 1 at implant RVTN.
Filler gap of size 3 at implant RVTN.
Filler gap of size 4 at implant RVTN.
Filler gap of size 22 at implant RVTN.
Filler gap of size 64 at implant RVTN.
Filler gap of size 6 at implant RVTN.
Filler gap of size 4 at implant RVTN.
Filler gap of size 1 at implant RVTN.
Filler gap of size 3 at implant RVTN.
Filler gap of size 1 at implant RVTN.
Filler gap of size 2 at implant RVTN.
Filler gap of size 1 at implant RVTN.
Filler gap of size 1 at implant RVTN.
Filler gap of size 1 at implant RVTN.
Filler gap of size 2 at implant RVTN.
Filler gap of size 7 at implant RVTN.
Filler gap of size 1 at implant RVTN.
Filler gap of size 7 at implant RVTN.
Filler gap of size 9 at implant RVTN.
Filler gap of size 1 at implant RVTN.
Filler gap of size 15 at implant RVTN.
Filler gap of size 3 at implant RVTN.
Filler gap of size 3 at implant RVTN.
Filler gap of size 2 at implant RVTN.
Filler gap of size 13 at implant RVTN.
Filler gap of size 3 at implant RVTN.
Filler gap of size 1 at implant RVTN.
Filler gap of size 3 at implant RVTN.
Filler gap of size 1 at implant RVTN.
Filler gap of size 9 at implant RVTN.
Filler gap of size 5 at implant RVTN.
Filler gap of size 13 at implant RVTN.
Filler gap of size 1 at implant RVTN.
Filler gap of size 1 at implant RVTN.
Filler gap of size 3 at implant RVTN.
Filler gap of size 20 at implant RVTN.
Filler gap of size 3 at implant RVTN.
Filler gap of size 1 at implant RVTN.
Filler gap of size 3 at implant RVTN.
Filler gap of size 3 at implant RVTN.
Filler gap of size 7 at implant RVTN.
Filler gap of size 5 at implant RVTN.
Filler gap of size 9 at implant RVTN.
Filler gap of size 1 at implant RVTN.
Filler gap of size 1 at implant RVTN.
Filler gap of size 5 at implant RVTN.
Filler gap of size 17 at implant RVTN.
Filler gap of size 55 at implant RVTN.
Filler gap of size 8 at implant RVTN.
Filler gap of size 11 at implant RVTN.
Filler gap of size 1 at implant RVTN.
Filler gap of size 5 at implant RVTN.
Filler gap of size 3 at implant RVTN.
Filler gap of size 2 at implant RVTN.
Filler gap of size 3 at implant RVTN.
Filler gap of size 5 at implant RVTN.
Filler gap of size 8 at implant RVTN.
Filler gap of size 3 at implant RVTN.
Filler gap of size 2 at implant RVTN.
Filler gap of size 2 at implant RVTN.
Filler gap of size 5 at implant RVTN.
Filler gap of size 1 at implant RVTN.
Filler gap of size 2 at implant RVTN.
Filler gap of size 8 at implant RVTN.
Filler gap of size 5 at implant RVTN.
Filler gap of size 33 at implant RVTN.
Filler gap of size 13 at implant RVTN.
Filler gap of size 7 at implant RVTN.
Filler gap of size 11 at implant RVTN.
Filler gap of size 1 at implant RVTN.
Filler gap of size 2 at implant RVTN.
Filler gap of size 12 at implant RVTN.
Filler gap of size 1 at implant RVTN.
Filler gap of size 1 at implant RVTN.
Filler gap of size 3 at implant RVTN.
Filler gap of size 5 at implant RVTN.
Filler gap of size 4 at implant RVTN.
Filler gap of size 6 at implant RVTN.
Filler gap of size 19 at implant RVTN.
Filler gap of size 15 at implant RVTN.
Filler gap of size 7 at implant RVTN.
Filler gap of size 20 at implant RVTN.
Filler gap of size 9 at implant RVTN.
Filler gap of size 6 at implant RVTN.
Filler gap of size 2 at implant RVTN.
Filler gap of size 29 at implant RVTN.
Filler gap of size 16 at implant RVTN.
Filler gap of size 64 at implant RVTN.
Filler gap of size 5 at implant RVTN.
Filler gap of size 2 at implant RVTN.
Filler gap of size 3 at implant RVTN.
Filler gap of size 10 at implant RVTN.
Filler gap of size 1 at implant RVTN.
Filler gap of size 15 at implant RVTN.
Filler gap of size 1 at implant RVTN.
Filler gap of size 1 at implant RVTN.
Filler gap of size 2 at implant RVTN.
Filler gap of size 9 at implant RVTN.
Filler gap of size 2 at implant RVTN.
Filler gap of size 4 at implant RVTN.
Filler gap of size 2 at implant RVTN.
Filler gap of size 1 at implant RVTN.
Filler gap of size 2 at implant RVTN.
Filler gap of size 1 at implant RVTN.
Filler gap of size 3 at implant RVTN.
Filler gap of size 2 at implant RVTN.
Filler gap of size 1 at implant RVTN.
Filler gap of size 1 at implant RVTN.
Filler gap of size 3 at implant RVTN.
Filler gap of size 2 at implant RVTN.
Filler gap of size 2 at implant RVTN.
Filler gap of size 2 at implant RVTN.
Filler gap of size 9 at implant RVTN.
Filler gap of size 17 at implant RVTN.
Filler gap of size 2 at implant RVTN.
Filler gap of size 8 at implant RVTN.
Filler gap of size 4 at implant RVTN.
Filler gap of size 7 at implant RVTN.
Filler gap of size 12 at implant RVTN.
Filler gap of size 3 at implant RVTN.
Filler gap of size 10 at implant RVTN.
Filler gap of size 10 at implant RVTN.
Filler gap of size 1 at implant RVTN.
Filler gap of size 3 at implant RVTN.
Filler gap of size 16 at implant RVTN.
Filler gap of size 1 at implant RVTN.
Filler gap of size 1 at implant RVTN.
Filler gap of size 2 at implant RVTN.
Filler gap of size 2 at implant RVTN.
Filler gap of size 4 at implant RVTN.
Filler gap of size 2 at implant RVTN.
Filler gap of size 2 at implant RVTN.
Filler gap of size 2 at implant RVTN.
Filler gap of size 4 at implant RVTN.
Filler gap of size 9 at implant RVTN.
Filler gap of size 56 at implant RVTN.
Filler gap of size 18 at implant RVTN.
Filler gap of size 2 at implant RVTN.
Filler gap of size 1 at implant RVTN.
Filler gap of size 1 at implant RVTN.
Filler gap of size 1 at implant RVTN.
Filler gap of size 1 at implant RVTN.
Filler gap of size 16 at implant RVTN.
Filler gap of size 3 at implant RVTN.
Filler gap of size 7 at implant RVTN.
Filler gap of size 8 at implant RVTN.
Filler gap of size 2 at implant RVTN.
Filler gap of size 3 at implant RVTN.
Filler gap of size 3 at implant RVTN.
Filler gap of size 12 at implant RVTN.
Filler gap of size 2 at implant RVTN.
Filler gap of size 2 at implant RVTN.
Filler gap of size 1 at implant RVTN.
Filler gap of size 1 at implant RVTN.
Filler gap of size 3 at implant RVTN.
Filler gap of size 1 at implant RVTN.
Filler gap of size 1 at implant RVTN.
Filler gap of size 1 at implant RVTN.
Filler gap of size 4 at implant RVTN.
Filler gap of size 19 at implant RVTN.
Filler gap of size 11 at implant RVTN.
Filler gap of size 17 at implant RVTN.
Filler gap of size 8 at implant RVTN.
Filler gap of size 5 at implant RVTN.
Filler gap of size 1 at implant RVTN.
Filler gap of size 1 at implant RVTN.
Filler gap of size 7 at implant RVTN.
Filler gap of size 3 at implant RVTN.
Filler gap of size 1 at implant RVTN.
Filler gap of size 5 at implant RVTN.
Filler gap of size 4 at implant RVTN.
Filler gap of size 5 at implant RVTN.
Filler gap of size 19 at implant RVTN.
Filler gap of size 2 at implant RVTN.
Filler gap of size 1 at implant RVTN.
Filler gap of size 19 at implant RVTN.
Filler gap of size 11 at implant RVTN.
Filler gap of size 2 at implant RVTN.
Filler gap of size 2 at implant RVTN.
Filler gap of size 23 at implant RVTN.
Filler gap of size 2 at implant RVTN.
Filler gap of size 4 at implant RVTN.
Filler gap of size 2 at implant RVTN.
Filler gap of size 2 at implant RVTN.
Filler gap of size 2 at implant RVTN.
Filler gap of size 10 at implant RVTN.
Filler gap of size 46 at implant RVTN.
Filler gap of size 3 at implant RVTN.
Filler gap of size 3 at implant RVTN.
Filler gap of size 3 at implant RVTN.
Filler gap of size 2 at implant RVTN.
Filler gap of size 3 at implant RVTN.
Filler gap of size 6 at implant RVTN.
Filler gap of size 8 at implant RVTN.
Filler gap of size 2 at implant RVTN.
Filler gap of size 1 at implant RVTN.
Filler gap of size 11 at implant RVTN.
Filler gap of size 5 at implant RVTN.
Filler gap of size 1 at implant RVTN.
Filler gap of size 3 at implant RVTN.
Filler gap of size 8 at implant RVTN.
Filler gap of size 1 at implant RVTN.
Filler gap of size 2 at implant RVTN.
Filler gap of size 14 at implant RVTN.
Filler gap of size 6 at implant RVTN.
Filler gap of size 4 at implant RVTN.
Filler gap of size 11 at implant RVTN.
Filler gap of size 15 at implant RVTN.
Filler gap of size 8 at implant RVTN.
Filler gap of size 1 at implant RVTN.
Filler gap of size 5 at implant RVTN.
Filler gap of size 4 at implant RVTN.
Filler gap of size 3 at implant RVTN.
Filler gap of size 2 at implant RVTN.
Filler gap of size 3 at implant RVTN.
Filler gap of size 6 at implant RVTN.
Filler gap of size 1 at implant RVTN.
Filler gap of size 4 at implant RVTN.
Filler gap of size 12 at implant RVTN.
Filler gap of size 13 at implant RVTN.
Filler gap of size 7 at implant RVTN.
Filler gap of size 3 at implant RVTN.
Filler gap of size 6 at implant RVTN.
Filler gap of size 25 at implant RVTN.
Filler gap of size 5 at implant RVTN.
Filler gap of size 25 at implant RVTN.
Filler gap of size 10 at implant RVTN.
Filler gap of size 1 at implant RVTN.
Filler gap of size 3 at implant RVTN.
Filler gap of size 46 at implant RVTN.
Filler gap of size 6 at implant RVTN.
Filler gap of size 2 at implant RVTN.
Filler gap of size 13 at implant RVTN.
Filler gap of size 2 at implant RVTN.
Filler gap of size 7 at implant RVTN.
Filler gap of size 6 at implant RVTN.
Filler gap of size 6 at implant RVTN.
Filler gap of size 3 at implant RVTN.
Filler gap of size 1 at implant RVTN.
Filler gap of size 12 at implant RVTN.
Filler gap of size 3 at implant RVTN.
Filler gap of size 1 at implant RVTN.
Filler gap of size 2 at implant RVTN.
Filler gap of size 2 at implant RVTN.
Filler gap of size 18 at implant RVTN.
Filler gap of size 3 at implant RVTN.
Filler gap of size 11 at implant RVTN.
Filler gap of size 4 at implant RVTN.
Filler gap of size 2 at implant RVTN.
Filler gap of size 37 at implant RVTN.
Filler gap of size 10 at implant RVTN.
Filler gap of size 13 at implant RVTN.
Filler gap of size 1 at implant RVTN.
Filler gap of size 6 at implant RVTN.
Filler gap of size 7 at implant RVTN.
Filler gap of size 3 at implant RVTN.
Filler gap of size 8 at implant RVTN.
Filler gap of size 19 at implant RVTN.
Filler gap of size 17 at implant RVTN.
Filler gap of size 10 at implant RVTN.
Filler gap of size 14 at implant RVTN.
Filler gap of size 11 at implant RVTN.
Filler gap of size 9 at implant RVTN.
Filler gap of size 8 at implant RVTN.
Filler gap of size 55 at implant RVTN.
Filler gap of size 18 at implant RVTN.
Filler gap of size 9 at implant RVTN.
Filler gap of size 1 at implant RVTN.
Filler gap of size 2 at implant RVTN.
Filler gap of size 22 at implant RVTN.
Filler gap of size 4 at implant RVTN.
Filler gap of size 6 at implant RVTN.
Filler gap of size 8 at implant RVTN.
Filler gap of size 2 at implant RVTN.
Filler gap of size 28 at implant RVTN.
Filler gap of size 13 at implant RVTN.
Filler gap of size 10 at implant RVTN.
Filler gap of size 3 at implant RVTN.
Filler gap of size 2 at implant RVTN.
Filler gap of size 4 at implant RVTN.
Filler gap of size 5 at implant RVTN.
Filler gap of size 1 at implant RVTN.
Filler gap of size 18 at implant RVTN.
Filler gap of size 31 at implant RVTN.
Filler gap of size 10 at implant RVTN.
Filler gap of size 4 at implant RVTN.
Filler gap of size 9 at implant RVTN.
Filler gap of size 8 at implant RVTN.
Filler gap of size 8 at implant RVTN.
Filler gap of size 5 at implant RVTN.
Filler gap of size 4 at implant RVTN.
Filler gap of size 8 at implant RVTN.
Filler gap of size 21 at implant RVTN.
Filler gap of size 2 at implant RVTN.
Filler gap of size 2 at implant RVTN.
Filler gap of size 15 at implant RVTN.
Filler gap of size 16 at implant RVTN.
Filler gap of size 3 at implant RVTN.
Filler gap of size 1 at implant RVTN.
Filler gap of size 16 at implant RVTN.
Filler gap of size 57 at implant RVTN.
Filler gap of size 19 at implant RVTN.
Filler gap of size 2 at implant RVTN.
Filler gap of size 2 at implant RVTN.
Filler gap of size 1 at implant RVTN.
Filler gap of size 1 at implant RVTN.
Filler gap of size 1 at implant RVTN.
Filler gap of size 3 at implant RVTN.
Filler gap of size 1 at implant RVTN.
Filler gap of size 3 at implant RVTN.
Filler gap of size 2 at implant RVTN.
Filler gap of size 1 at implant RVTN.
Filler gap of size 1 at implant RVTN.
Filler gap of size 14 at implant RVTN.
Filler gap of size 8 at implant RVTN.
Filler gap of size 5 at implant RVTN.
Filler gap of size 2 at implant RVTN.
Filler gap of size 1 at implant RVTN.
Filler gap of size 20 at implant RVTN.
Filler gap of size 3 at implant RVTN.
Filler gap of size 4 at implant RVTN.
Filler gap of size 3 at implant RVTN.
Filler gap of size 2 at implant RVTN.
Filler gap of size 12 at implant RVTN.
Filler gap of size 2 at implant RVTN.
Filler gap of size 9 at implant RVTN.
Filler gap of size 1 at implant RVTN.
Filler gap of size 8 at implant RVTN.
Filler gap of size 1 at implant RVTN.
Filler gap of size 13 at implant RVTN.
Filler gap of size 45 at implant RVTN.
Filler gap of size 7 at implant RVTN.
Filler gap of size 7 at implant RVTN.
Filler gap of size 4 at implant RVTN.
Filler gap of size 7 at implant RVTN.
Filler gap of size 2 at implant RVTN.
Filler gap of size 24 at implant RVTN.
Filler gap of size 12 at implant RVTN.
Filler gap of size 2 at implant RVTN.
Filler gap of size 5 at implant RVTN.
Filler gap of size 12 at implant RVTN.
Filler gap of size 3 at implant RVTN.
Filler gap of size 5 at implant RVTN.
Filler gap of size 2 at implant RVTN.
Filler gap of size 8 at implant RVTN.
Filler gap of size 64 at implant RVTN.
Filler gap of size 5 at implant RVTN.
Filler gap of size 2 at implant RVTN.
Filler gap of size 3 at implant RVTN.
Filler gap of size 2 at implant RVTN.
Filler gap of size 1 at implant RVTN.
Filler gap of size 2 at implant RVTN.
Filler gap of size 1 at implant RVTN.
Filler gap of size 11 at implant RVTN.
Filler gap of size 1 at implant RVTN.
Filler gap of size 4 at implant RVTN.
Filler gap of size 13 at implant RVTN.
Filler gap of size 6 at implant RVTN.
Filler gap of size 4 at implant RVTN.
Filler gap of size 4 at implant RVTN.
Filler gap of size 3 at implant RVTN.
Filler gap of size 3 at implant RVTN.
Filler gap of size 3 at implant RVTN.
Filler gap of size 2 at implant RVTN.
Filler gap of size 3 at implant RVTN.
Filler gap of size 16 at implant RVTN.
Filler gap of size 1 at implant RVTN.
Filler gap of size 6 at implant RVTN.
Filler gap of size 3 at implant RVTN.
Filler gap of size 7 at implant RVTN.
Filler gap of size 11 at implant RVTN.
Filler gap of size 21 at implant RVTN.
Filler gap of size 1 at implant RVTN.
Filler gap of size 1 at implant RVTN.
Filler gap of size 1 at implant RVTN.
Filler gap of size 1 at implant RVTN.
Filler gap of size 1 at implant RVTN.
Filler gap of size 9 at implant RVTN.
Filler gap of size 8 at implant RVTN.
Filler gap of size 10 at implant RVTN.
Filler gap of size 8 at implant RVTN.
Filler gap of size 1 at implant RVTN.
Filler gap of size 2 at implant RVTN.
Filler gap of size 11 at implant RVTN.
Filler gap of size 64 at implant RVTN.
Filler gap of size 1 at implant RVTN.
Filler gap of size 13 at implant RVTN.
Filler gap of size 1 at implant RVTN.
Filler gap of size 2 at implant RVTN.
Filler gap of size 2 at implant RVTN.
Filler gap of size 3 at implant RVTN.
Filler gap of size 2 at implant RVTN.
Filler gap of size 17 at implant RVTN.
Filler gap of size 6 at implant RVTN.
Filler gap of size 2 at implant RVTN.
Filler gap of size 2 at implant RVTN.
Filler gap of size 2 at implant RVTN.
Filler gap of size 7 at implant RVTN.
Filler gap of size 9 at implant RVTN.
Filler gap of size 1 at implant RVTN.
Filler gap of size 1 at implant RVTN.
Filler gap of size 1 at implant RVTN.
Filler gap of size 1 at implant RVTN.
Filler gap of size 3 at implant RVTN.
Filler gap of size 12 at implant RVTN.
Filler gap of size 11 at implant RVTN.
Filler gap of size 2 at implant RVTN.
Filler gap of size 2 at implant RVTN.
Filler gap of size 11 at implant RVTN.
Filler gap of size 1 at implant RVTN.
Filler gap of size 3 at implant RVTN.
Filler gap of size 3 at implant RVTN.
Filler gap of size 1 at implant RVTN.
Filler gap of size 4 at implant RVTN.
Filler gap of size 1 at implant RVTN.
Filler gap of size 3 at implant RVTN.
Filler gap of size 2 at implant RVTN.
Filler gap of size 1 at implant RVTN.
Filler gap of size 4 at implant RVTN.
Filler gap of size 39 at implant RVTN.
Filler gap of size 6 at implant RVTN.
Filler gap of size 5 at implant RVTN.
Filler gap of size 6 at implant RVTN.
Filler gap of size 2 at implant RVTN.
Filler gap of size 12 at implant RVTN.
Filler gap of size 9 at implant RVTN.
Filler gap of size 5 at implant RVTN.
Filler gap of size 2 at implant RVTN.
Filler gap of size 15 at implant RVTN.
Filler gap of size 5 at implant RVTN.
Filler gap of size 19 at implant RVTN.
Filler gap of size 62 at implant RVTN.
Filler gap of size 2 at implant RVTN.
Filler gap of size 2 at implant RVTN.
Filler gap of size 21 at implant RVTN.
Filler gap of size 4 at implant RVTN.
Filler gap of size 11 at implant RVTN.
Filler gap of size 2 at implant RVTN.
Filler gap of size 9 at implant RVTN.
Filler gap of size 1 at implant RVTN.
Filler gap of size 1 at implant RVTN.
Filler gap of size 2 at implant RVTN.
Filler gap of size 1 at implant RVTN.
Filler gap of size 2 at implant RVTN.
Filler gap of size 1 at implant RVTN.
Filler gap of size 1 at implant RVTN.
Filler gap of size 2 at implant RVTN.
Filler gap of size 20 at implant RVTN.
Filler gap of size 29 at implant RVTN.
Filler gap of size 15 at implant RVTN.
Filler gap of size 3 at implant RVTN.
Filler gap of size 5 at implant RVTN.
Filler gap of size 22 at implant RVTN.
Filler gap of size 2 at implant RVTN.
Filler gap of size 1 at implant RVTN.
Filler gap of size 1 at implant RVTN.
Filler gap of size 2 at implant RVTN.
Filler gap of size 2 at implant RVTN.
Filler gap of size 2 at implant RVTN.
Filler gap of size 3 at implant RVTN.
Filler gap of size 1 at implant RVTN.
Filler gap of size 2 at implant RVTN.
Filler gap of size 3 at implant RVTN.
Filler gap of size 1 at implant RVTN.
Filler gap of size 14 at implant RVTN.
Filler gap of size 62 at implant RVTN.
Filler gap of size 6 at implant RVTN.
Filler gap of size 1 at implant RVTN.
Filler gap of size 1 at implant RVTN.
Filler gap of size 3 at implant RVTN.
Filler gap of size 1 at implant RVTN.
Filler gap of size 3 at implant RVTN.
Filler gap of size 29 at implant RVTN.
Filler gap of size 2 at implant RVTN.
Filler gap of size 3 at implant RVTN.
Filler gap of size 2 at implant RVTN.
Filler gap of size 2 at implant RVTN.
Filler gap of size 2 at implant RVTN.
Filler gap of size 1 at implant RVTN.
Filler gap of size 2 at implant RVTN.
Filler gap of size 1 at implant RVTN.
Filler gap of size 3 at implant RVTN.
Filler gap of size 5 at implant RVTN.
Filler gap of size 2 at implant RVTN.
Filler gap of size 1 at implant RVTN.
Filler gap of size 3 at implant RVTN.
Filler gap of size 9 at implant RVTN.
Filler gap of size 14 at implant RVTN.
Filler gap of size 1 at implant RVTN.
Filler gap of size 8 at implant RVTN.
Filler gap of size 29 at implant RVTN.
Filler gap of size 1 at implant RVTN.
Filler gap of size 4 at implant RVTN.
Filler gap of size 5 at implant RVTN.
Filler gap of size 4 at implant RVTN.
Filler gap of size 4 at implant RVTN.
Filler gap of size 4 at implant RVTN.
Filler gap of size 6 at implant RVTN.
Filler gap of size 1 at implant RVTN.
Filler gap of size 1 at implant RVTN.
Filler gap of size 3 at implant RVTN.
Filler gap of size 1 at implant RVTN.
Filler gap of size 1 at implant RVTN.
Filler gap of size 9 at implant RVTN.
Filler gap of size 57 at implant RVTN.
Filler gap of size 2 at implant RVTN.
Filler gap of size 9 at implant RVTN.
Filler gap of size 2 at implant RVTN.
Filler gap of size 1 at implant RVTN.
Filler gap of size 2 at implant RVTN.
Filler gap of size 9 at implant RVTN.
Filler gap of size 2 at implant RVTN.
Filler gap of size 1 at implant RVTN.
Filler gap of size 1 at implant RVTN.
Filler gap of size 1 at implant RVTN.
Filler gap of size 11 at implant RVTN.
Filler gap of size 4 at implant RVTN.
Filler gap of size 16 at implant RVTN.
Filler gap of size 2 at implant RVTN.
Filler gap of size 4 at implant RVTN.
Filler gap of size 2 at implant RVTN.
Filler gap of size 1 at implant RVTN.
Filler gap of size 2 at implant RVTN.
Filler gap of size 4 at implant RVTN.
Filler gap of size 1 at implant RVTN.
Filler gap of size 2 at implant RVTN.
Filler gap of size 7 at implant RVTN.
Filler gap of size 5 at implant RVTN.
Filler gap of size 3 at implant RVTN.
Filler gap of size 1 at implant RVTN.
Filler gap of size 1 at implant RVTN.
Filler gap of size 2 at implant RVTN.
Filler gap of size 5 at implant RVTN.
Filler gap of size 1 at implant RVTN.
Filler gap of size 3 at implant RVTN.
Filler gap of size 20 at implant RVTN.
Filler gap of size 3 at implant RVTN.
Filler gap of size 10 at implant RVTN.
Filler gap of size 9 at implant RVTN.
Filler gap of size 19 at implant RVTN.
Filler gap of size 3 at implant RVTN.
Filler gap of size 9 at implant RVTN.
Filler gap of size 8 at implant RVTN.
Filler gap of size 4 at implant RVTN.
Filler gap of size 2 at implant RVTN.
Filler gap of size 5 at implant RVTN.
Filler gap of size 4 at implant RVTN.
Filler gap of size 8 at implant RVTN.
Filler gap of size 3 at implant RVTN.
Filler gap of size 1 at implant RVTN.
Filler gap of size 2 at implant RVTN.
Filler gap of size 12 at implant RVTN.
Filler gap of size 64 at implant RVTN.
Filler gap of size 14 at implant RVTN.
Filler gap of size 1 at implant RVTN.
Filler gap of size 6 at implant RVTN.
Filler gap of size 9 at implant RVTN.
Filler gap of size 5 at implant RVTN.
Filler gap of size 9 at implant RVTN.
Filler gap of size 27 at implant RVTN.
Filler gap of size 8 at implant RVTN.
Filler gap of size 1 at implant RVTN.
Filler gap of size 1 at implant RVTN.
Filler gap of size 2 at implant RVTN.
Filler gap of size 4 at implant RVTN.
Filler gap of size 2 at implant RVTN.
Filler gap of size 3 at implant RVTN.
Filler gap of size 4 at implant RVTN.
Filler gap of size 2 at implant RVTN.
Filler gap of size 1 at implant RVTN.
Filler gap of size 3 at implant RVTN.
Filler gap of size 3 at implant RVTN.
Filler gap of size 3 at implant RVTN.
Filler gap of size 6 at implant RVTN.
Filler gap of size 2 at implant RVTN.
Filler gap of size 4 at implant RVTN.
Filler gap of size 4 at implant RVTN.
Filler gap of size 7 at implant RVTN.
Filler gap of size 1 at implant RVTN.
Filler gap of size 1 at implant RVTN.
Filler gap of size 1 at implant RVTN.
Filler gap of size 14 at implant RVTN.
Filler gap of size 2 at implant RVTN.
Filler gap of size 8 at implant RVTN.
Filler gap of size 4 at implant RVTN.
Filler gap of size 1 at implant RVTN.
Filler gap of size 6 at implant RVTN.
Filler gap of size 1 at implant RVTN.
Filler gap of size 2 at implant RVTN.
Filler gap of size 1 at implant RVTN.
Filler gap of size 14 at implant RVTN.
Filler gap of size 24 at implant RVTN.
Filler gap of size 16 at implant RVTN.
Filler gap of size 63 at implant RVTN.
Filler gap of size 5 at implant RVTN.
Filler gap of size 1 at implant RVTN.
Filler gap of size 11 at implant RVTN.
Filler gap of size 8 at implant RVTN.
Filler gap of size 5 at implant RVTN.
Filler gap of size 6 at implant RVTN.
Filler gap of size 13 at implant RVTN.
Filler gap of size 1 at implant RVTN.
Filler gap of size 12 at implant RVTN.
Filler gap of size 3 at implant RVTN.
Filler gap of size 6 at implant RVTN.
Filler gap of size 2 at implant RVTN.
Filler gap of size 1 at implant RVTN.
Filler gap of size 1 at implant RVTN.
Filler gap of size 2 at implant RVTN.
Filler gap of size 1 at implant RVTN.
Filler gap of size 2 at implant RVTN.
Filler gap of size 2 at implant RVTN.
Filler gap of size 2 at implant RVTN.
Filler gap of size 2 at implant RVTN.
Filler gap of size 3 at implant RVTN.
Filler gap of size 5 at implant RVTN.
Filler gap of size 3 at implant RVTN.
Filler gap of size 3 at implant RVTN.
Filler gap of size 1 at implant RVTN.
Filler gap of size 5 at implant RVTN.
Filler gap of size 3 at implant RVTN.
Filler gap of size 4 at implant RVTN.
Filler gap of size 2 at implant RVTN.
Filler gap of size 22 at implant RVTN.
Filler gap of size 5 at implant RVTN.
Filler gap of size 2 at implant RVTN.
Filler gap of size 4 at implant RVTN.
Filler gap of size 4 at implant RVTN.
Filler gap of size 4 at implant RVTN.
Filler gap of size 25 at implant RVTN.
Filler gap of size 3 at implant RVTN.
Filler gap of size 5 at implant RVTN.
Filler gap of size 3 at implant RVTN.
Filler gap of size 4 at implant RVTN.
Filler gap of size 4 at implant RVTN.
Filler gap of size 16 at implant RVTN.
Filler gap of size 11 at implant RVTN.
Filler gap of size 54 at implant RVTN.
Filler gap of size 8 at implant RVTN.
Filler gap of size 5 at implant RVTN.
Filler gap of size 13 at implant RVTN.
Filler gap of size 6 at implant RVTN.
Filler gap of size 11 at implant RVTN.
Filler gap of size 5 at implant RVTN.
Filler gap of size 24 at implant RVTN.
Filler gap of size 3 at implant RVTN.
Filler gap of size 3 at implant RVTN.
Filler gap of size 8 at implant RVTN.
Filler gap of size 4 at implant RVTN.
Filler gap of size 4 at implant RVTN.
Filler gap of size 4 at implant RVTN.
Filler gap of size 2 at implant RVTN.
Filler gap of size 1 at implant RVTN.
Filler gap of size 3 at implant RVTN.
Filler gap of size 3 at implant RVTN.
Filler gap of size 1 at implant RVTN.
Filler gap of size 1 at implant RVTN.
Filler gap of size 1 at implant RVTN.
Filler gap of size 16 at implant RVTN.
Filler gap of size 26 at implant RVTN.
Filler gap of size 20 at implant RVTN.
Filler gap of size 1 at implant RVTN.
Filler gap of size 7 at implant RVTN.
Filler gap of size 1 at implant RVTN.
Filler gap of size 2 at implant RVTN.
Filler gap of size 2 at implant RVTN.
Filler gap of size 1 at implant RVTN.
Filler gap of size 20 at implant RVTN.
Filler gap of size 17 at implant RVTN.
Filler gap of size 4 at implant RVTN.
Filler gap of size 2 at implant RVTN.
Filler gap of size 6 at implant RVTN.
Filler gap of size 16 at implant RVTN.
Filler gap of size 23 at implant RVTN.
Filler gap of size 4 at implant RVTN.
Filler gap of size 49 at implant RVTN.
Filler gap of size 13 at implant RVTN.
Filler gap of size 1 at implant RVTN.
Filler gap of size 2 at implant RVTN.
Filler gap of size 1 at implant RVTN.
Filler gap of size 12 at implant RVTN.
Filler gap of size 3 at implant RVTN.
Filler gap of size 3 at implant RVTN.
Filler gap of size 5 at implant RVTN.
Filler gap of size 3 at implant RVTN.
Filler gap of size 21 at implant RVTN.
Filler gap of size 8 at implant RVTN.
Filler gap of size 1 at implant RVTN.
Filler gap of size 1 at implant RVTN.
Filler gap of size 1 at implant RVTN.
Filler gap of size 4 at implant RVTN.
Filler gap of size 16 at implant RVTN.
Filler gap of size 1 at implant RVTN.
Filler gap of size 3 at implant RVTN.
Filler gap of size 22 at implant RVTN.
Filler gap of size 38 at implant RVTN.
Filler gap of size 1 at implant RVTN.
Filler gap of size 1 at implant RVTN.
Filler gap of size 1 at implant RVTN.
Filler gap of size 2 at implant RVTN.
Filler gap of size 1 at implant RVTN.
Filler gap of size 3 at implant RVTN.
Filler gap of size 7 at implant RVTN.
Filler gap of size 7 at implant RVTN.
Filler gap of size 2 at implant RVTN.
Filler gap of size 1 at implant RVTN.
Filler gap of size 1 at implant RVTN.
Filler gap of size 1 at implant RVTN.
Filler gap of size 3 at implant RVTN.
Filler gap of size 5 at implant RVTN.
Filler gap of size 58 at implant RVTN.
Filler gap of size 1 at implant RVTN.
Filler gap of size 6 at implant RVTN.
Filler gap of size 2 at implant RVTN.
Filler gap of size 1 at implant RVTN.
Filler gap of size 1 at implant RVTN.
Filler gap of size 4 at implant RVTN.
Filler gap of size 15 at implant RVTN.
Filler gap of size 14 at implant RVTN.
Filler gap of size 8 at implant RVTN.
Filler gap of size 4 at implant RVTN.
Filler gap of size 3 at implant RVTN.
Filler gap of size 6 at implant RVTN.
Filler gap of size 1 at implant RVTN.
Filler gap of size 2 at implant RVTN.
Filler gap of size 1 at implant RVTN.
Filler gap of size 2 at implant RVTN.
Filler gap of size 1 at implant RVTN.
Filler gap of size 3 at implant RVTN.
Filler gap of size 19 at implant RVTN.
Filler gap of size 3 at implant RVTN.
Filler gap of size 4 at implant RVTN.
Filler gap of size 1 at implant RVTN.
Filler gap of size 2 at implant RVTN.
Filler gap of size 2 at implant RVTN.
Filler gap of size 34 at implant RVTN.
Filler gap of size 4 at implant RVTN.
Filler gap of size 19 at implant RVTN.
Filler gap of size 6 at implant RVTN.
Filler gap of size 11 at implant RVTN.
Filler gap of size 7 at implant RVTN.
Filler gap of size 7 at implant RVTN.
Filler gap of size 6 at implant RVTN.
Filler gap of size 3 at implant RVTN.
Filler gap of size 2 at implant RVTN.
Filler gap of size 5 at implant RVTN.
Filler gap of size 3 at implant RVTN.
Filler gap of size 5 at implant RVTN.
Filler gap of size 60 at implant RVTN.
Filler gap of size 1 at implant RVTN.
Filler gap of size 1 at implant RVTN.
Filler gap of size 1 at implant RVTN.
Filler gap of size 1 at implant RVTN.
Filler gap of size 1 at implant RVTN.
Filler gap of size 14 at implant RVTN.
Filler gap of size 1 at implant RVTN.
Filler gap of size 11 at implant RVTN.
Filler gap of size 3 at implant RVTN.
Filler gap of size 2 at implant RVTN.
Filler gap of size 2 at implant RVTN.
Filler gap of size 2 at implant RVTN.
Filler gap of size 1 at implant RVTN.
Filler gap of size 2 at implant RVTN.
Filler gap of size 5 at implant RVTN.
Filler gap of size 2 at implant RVTN.
Filler gap of size 1 at implant RVTN.
Filler gap of size 1 at implant RVTN.
Filler gap of size 6 at implant RVTN.
Filler gap of size 12 at implant RVTN.
Filler gap of size 1 at implant RVTN.
Filler gap of size 1 at implant RVTN.
Filler gap of size 2 at implant RVTN.
Filler gap of size 8 at implant RVTN.
Filler gap of size 1 at implant RVTN.
Filler gap of size 2 at implant RVTN.
Filler gap of size 4 at implant RVTN.
Filler gap of size 31 at implant RVTN.
Filler gap of size 24 at implant RVTN.
Filler gap of size 12 at implant RVTN.
Filler gap of size 1 at implant RVTN.
Filler gap of size 4 at implant RVTN.
Filler gap of size 4 at implant RVTN.
Filler gap of size 23 at implant RVTN.
Filler gap of size 11 at implant RVTN.
Filler gap of size 5 at implant RVTN.
Filler gap of size 1 at implant RVTN.
Filler gap of size 57 at implant RVTN.
Filler gap of size 5 at implant RVTN.
Filler gap of size 5 at implant RVTN.
Filler gap of size 1 at implant RVTN.
Filler gap of size 4 at implant RVTN.
Filler gap of size 18 at implant RVTN.
Filler gap of size 3 at implant RVTN.
Filler gap of size 4 at implant RVTN.
Filler gap of size 1 at implant RVTN.
Filler gap of size 10 at implant RVTN.
Filler gap of size 1 at implant RVTN.
Filler gap of size 13 at implant RVTN.
Filler gap of size 20 at implant RVTN.
Filler gap of size 1 at implant RVTN.
Filler gap of size 2 at implant RVTN.
Filler gap of size 39 at implant RVTN.
Filler gap of size 1 at implant RVTN.
Filler gap of size 19 at implant RVTN.
Filler gap of size 1 at implant RVTN.
Filler gap of size 19 at implant RVTN.
Filler gap of size 22 at implant RVTN.
Filler gap of size 2 at implant RVTN.
Filler gap of size 14 at implant RVTN.
Filler gap of size 7 at implant RVTN.
Filler gap of size 2 at implant RVTN.
Filler gap of size 8 at implant RVTN.
Filler gap of size 3 at implant RVTN.
Filler gap of size 4 at implant RVTN.
Filler gap of size 24 at implant RVTN.
Filler gap of size 1 at implant RVTN.
Filler gap of size 19 at implant RVTN.
Filler gap of size 53 at implant RVTN.
Filler gap of size 11 at implant RVTN.
Filler gap of size 6 at implant RVTN.
Filler gap of size 4 at implant RVTN.
Filler gap of size 2 at implant RVTN.
Filler gap of size 1 at implant RVTN.
Filler gap of size 1 at implant RVTN.
Filler gap of size 6 at implant RVTN.
Filler gap of size 1 at implant RVTN.
Filler gap of size 2 at implant RVTN.
Filler gap of size 2 at implant RVTN.
Filler gap of size 6 at implant RVTN.
Filler gap of size 5 at implant RVTN.
Filler gap of size 3 at implant RVTN.
Filler gap of size 9 at implant RVTN.
Filler gap of size 7 at implant RVTN.
Filler gap of size 2 at implant RVTN.
Filler gap of size 5 at implant RVTN.
Filler gap of size 3 at implant RVTN.
Filler gap of size 2 at implant RVTN.
Filler gap of size 1 at implant RVTN.
Filler gap of size 2 at implant RVTN.
Filler gap of size 14 at implant RVTN.
Filler gap of size 18 at implant RVTN.
Filler gap of size 15 at implant RVTN.
Filler gap of size 6 at implant RVTN.
Filler gap of size 1 at implant RVTN.
Filler gap of size 1 at implant RVTN.
Filler gap of size 1 at implant RVTN.
Filler gap of size 2 at implant RVTN.
Filler gap of size 1 at implant RVTN.
Filler gap of size 9 at implant RVTN.
Filler gap of size 1 at implant RVTN.
Filler gap of size 9 at implant RVTN.
Filler gap of size 3 at implant RVTN.
Filler gap of size 3 at implant RVTN.
Filler gap of size 5 at implant RVTN.
Filler gap of size 4 at implant RVTN.
Filler gap of size 4 at implant RVTN.
Filler gap of size 4 at implant RVTN.
Filler gap of size 6 at implant RVTN.
Filler gap of size 3 at implant RVTN.
Filler gap of size 16 at implant RVTN.
Filler gap of size 3 at implant RVTN.
Filler gap of size 2 at implant RVTN.
Filler gap of size 4 at implant RVTN.
Filler gap of size 84 at implant RVTN.
Filler gap of size 1 at implant RVTN.
Filler gap of size 1 at implant RVTN.
Filler gap of size 2 at implant RVTN.
Filler gap of size 1 at implant RVTN.
Filler gap of size 3 at implant RVTN.
Filler gap of size 4 at implant RVTN.
Filler gap of size 5 at implant RVTN.
Filler gap of size 4 at implant RVTN.
Filler gap of size 13 at implant RVTN.
Filler gap of size 2 at implant RVTN.
Filler gap of size 8 at implant RVTN.
Filler gap of size 3 at implant RVTN.
Filler gap of size 1 at implant RVTN.
Filler gap of size 1 at implant RVTN.
Filler gap of size 2 at implant RVTN.
Filler gap of size 1 at implant RVTN.
Filler gap of size 2 at implant RVTN.
Filler gap of size 2 at implant RVTN.
Filler gap of size 1 at implant RVTN.
Filler gap of size 1 at implant RVTN.
Filler gap of size 1 at implant RVTN.
Filler gap of size 11 at implant RVTN.
Filler gap of size 1 at implant RVTN.
Filler gap of size 5 at implant RVTN.
Filler gap of size 2 at implant RVTN.
Filler gap of size 20 at implant RVTN.
Filler gap of size 1 at implant RVTN.
Filler gap of size 1 at implant RVTN.
Filler gap of size 4 at implant RVTN.
Filler gap of size 2 at implant RVTN.
Filler gap of size 2 at implant RVTN.
Filler gap of size 1 at implant RVTN.
Filler gap of size 2 at implant RVTN.
Filler gap of size 2 at implant RVTN.
Filler gap of size 2 at implant RVTN.
Filler gap of size 16 at implant RVTN.
Filler gap of size 2 at implant RVTN.
Filler gap of size 13 at implant RVTN.
Filler gap of size 7 at implant RVTN.
Filler gap of size 3 at implant RVTN.
Filler gap of size 17 at implant RVTN.
Filler gap of size 8 at implant RVTN.
Filler gap of size 6 at implant RVTN.
Filler gap of size 10 at implant RVTN.
Filler gap of size 2 at implant RVTN.
Filler gap of size 62 at implant RVTN.
Filler gap of size 32 at implant RVTN.
Filler gap of size 3 at implant RVTN.
Filler gap of size 3 at implant RVTN.
Filler gap of size 1 at implant RVTN.
Filler gap of size 13 at implant RVTN.
Filler gap of size 3 at implant RVTN.
Filler gap of size 10 at implant RVTN.
Filler gap of size 1 at implant RVTN.
Filler gap of size 9 at implant RVTN.
Filler gap of size 5 at implant RVTN.
Filler gap of size 2 at implant RVTN.
Filler gap of size 6 at implant RVTN.
Filler gap of size 1 at implant RVTN.
Filler gap of size 2 at implant RVTN.
Filler gap of size 4 at implant RVTN.
Filler gap of size 7 at implant RVTN.
Filler gap of size 1 at implant RVTN.
Filler gap of size 1 at implant RVTN.
Filler gap of size 6 at implant RVTN.
Filler gap of size 1 at implant RVTN.
Filler gap of size 14 at implant RVTN.
Filler gap of size 2 at implant RVTN.
Filler gap of size 2 at implant RVTN.
Filler gap of size 1 at implant RVTN.
Filler gap of size 1 at implant RVTN.
Filler gap of size 12 at implant RVTN.
Filler gap of size 21 at implant RVTN.
Filler gap of size 5 at implant RVTN.
Filler gap of size 1 at implant RVTN.
Filler gap of size 9 at implant RVTN.
Filler gap of size 4 at implant RVTN.
Filler gap of size 21 at implant RVTN.
Filler gap of size 4 at implant RVTN.
Filler gap of size 3 at implant RVTN.
Filler gap of size 1 at implant RVTN.
Filler gap of size 2 at implant RVTN.
Filler gap of size 61 at implant RVTN.
Filler gap of size 16 at implant RVTN.
Filler gap of size 1 at implant RVTN.
Filler gap of size 17 at implant RVTN.
Filler gap of size 7 at implant RVTN.
Filler gap of size 1 at implant RVTN.
Filler gap of size 1 at implant RVTN.
Filler gap of size 6 at implant RVTN.
Filler gap of size 4 at implant RVTN.
Filler gap of size 1 at implant RVTN.
Filler gap of size 11 at implant RVTN.
Filler gap of size 7 at implant RVTN.
Filler gap of size 4 at implant RVTN.
Filler gap of size 2 at implant RVTN.
Filler gap of size 2 at implant RVTN.
Filler gap of size 1 at implant RVTN.
Filler gap of size 2 at implant RVTN.
Filler gap of size 1 at implant RVTN.
Filler gap of size 3 at implant RVTN.
Filler gap of size 2 at implant RVTN.
Filler gap of size 23 at implant RVTN.
Filler gap of size 1 at implant RVTN.
Filler gap of size 4 at implant RVTN.
Filler gap of size 4 at implant RVTN.
Filler gap of size 2 at implant RVTN.
Filler gap of size 1 at implant RVTN.
Filler gap of size 1 at implant RVTN.
Filler gap of size 2 at implant RVTN.
Filler gap of size 13 at implant RVTN.
Filler gap of size 17 at implant RVTN.
Filler gap of size 2 at implant RVTN.
Filler gap of size 14 at implant RVTN.
Filler gap of size 2 at implant RVTN.
Filler gap of size 11 at implant RVTN.
Filler gap of size 3 at implant RVTN.
Filler gap of size 1 at implant RVTN.
Filler gap of size 5 at implant RVTN.
Filler gap of size 13 at implant RVTN.
Filler gap of size 55 at implant RVTN.
Filler gap of size 15 at implant RVTN.
Filler gap of size 3 at implant RVTN.
Filler gap of size 5 at implant RVTN.
Filler gap of size 3 at implant RVTN.
Filler gap of size 7 at implant RVTN.
Filler gap of size 1 at implant RVTN.
Filler gap of size 1 at implant RVTN.
Filler gap of size 7 at implant RVTN.
Filler gap of size 7 at implant RVTN.
Filler gap of size 6 at implant RVTN.
Filler gap of size 2 at implant RVTN.
Filler gap of size 8 at implant RVTN.
Filler gap of size 4 at implant RVTN.
Filler gap of size 3 at implant RVTN.
Filler gap of size 2 at implant RVTN.
Filler gap of size 5 at implant RVTN.
Filler gap of size 16 at implant RVTN.
Filler gap of size 2 at implant RVTN.
Filler gap of size 2 at implant RVTN.
Filler gap of size 1 at implant RVTN.
Filler gap of size 2 at implant RVTN.
Filler gap of size 8 at implant RVTN.
Filler gap of size 3 at implant RVTN.
Filler gap of size 11 at implant RVTN.
Filler gap of size 34 at implant RVTN.
Filler gap of size 2 at implant RVTN.
Filler gap of size 3 at implant RVTN.
Filler gap of size 18 at implant RVTN.
Filler gap of size 2 at implant RVTN.
Filler gap of size 1 at implant RVTN.
Filler gap of size 5 at implant RVTN.
Filler gap of size 1 at implant RVTN.
Filler gap of size 55 at implant RVTN.
Filler gap of size 6 at implant RVTN.
Filler gap of size 2 at implant RVTN.
Filler gap of size 4 at implant RVTN.
Filler gap of size 1 at implant RVTN.
Filler gap of size 4 at implant RVTN.
Filler gap of size 2 at implant RVTN.
Filler gap of size 16 at implant RVTN.
Filler gap of size 2 at implant RVTN.
Filler gap of size 4 at implant RVTN.
Filler gap of size 2 at implant RVTN.
Filler gap of size 3 at implant RVTN.
Filler gap of size 1 at implant RVTN.
Filler gap of size 1 at implant RVTN.
Filler gap of size 9 at implant RVTN.
Filler gap of size 2 at implant RVTN.
Filler gap of size 1 at implant RVTN.
Filler gap of size 3 at implant RVTN.
Filler gap of size 1 at implant RVTN.
Filler gap of size 12 at implant RVTN.
Filler gap of size 2 at implant RVTN.
Filler gap of size 3 at implant RVTN.
Filler gap of size 7 at implant RVTN.
Filler gap of size 1 at implant RVTN.
Filler gap of size 1 at implant RVTN.
Filler gap of size 2 at implant RVTN.
Filler gap of size 1 at implant RVTN.
Filler gap of size 1 at implant RVTN.
Filler gap of size 1 at implant RVTN.
Filler gap of size 5 at implant RVTN.
Filler gap of size 14 at implant RVTN.
Filler gap of size 5 at implant RVTN.
Filler gap of size 1 at implant RVTN.
Filler gap of size 2 at implant RVTN.
Filler gap of size 3 at implant RVTN.
Filler gap of size 4 at implant RVTN.
Filler gap of size 3 at implant RVTN.
Filler gap of size 3 at implant RVTN.
Filler gap of size 62 at implant RVTN.
Filler gap of size 13 at implant RVTN.
Filler gap of size 1 at implant RVTN.
Filler gap of size 2 at implant RVTN.
Filler gap of size 1 at implant RVTN.
Filler gap of size 2 at implant RVTN.
Filler gap of size 1 at implant RVTN.
Filler gap of size 6 at implant RVTN.
Filler gap of size 1 at implant RVTN.
Filler gap of size 1 at implant RVTN.
Filler gap of size 6 at implant RVTN.
Filler gap of size 17 at implant RVTN.
Filler gap of size 1 at implant RVTN.
Filler gap of size 2 at implant RVTN.
Filler gap of size 3 at implant RVTN.
Filler gap of size 14 at implant RVTN.
Filler gap of size 2 at implant RVTN.
Filler gap of size 2 at implant RVTN.
Filler gap of size 4 at implant RVTN.
Filler gap of size 9 at implant RVTN.
Filler gap of size 1 at implant RVTN.
Filler gap of size 23 at implant RVTN.
Filler gap of size 7 at implant RVTN.
Filler gap of size 1 at implant RVTN.
Filler gap of size 2 at implant RVTN.
Filler gap of size 5 at implant RVTN.
Filler gap of size 7 at implant RVTN.
Filler gap of size 3 at implant RVTN.
Filler gap of size 2 at implant RVTN.
Filler gap of size 1 at implant RVTN.
Filler gap of size 6 at implant RVTN.
Filler gap of size 9 at implant RVTN.
Filler gap of size 5 at implant RVTN.
Filler gap of size 6 at implant RVTN.
Filler gap of size 4 at implant RVTN.
Filler gap of size 3 at implant RVTN.
Filler gap of size 65 at implant RVTN.
Filler gap of size 4 at implant RVTN.
Filler gap of size 9 at implant RVTN.
Filler gap of size 6 at implant RVTN.
Filler gap of size 1 at implant RVTN.
Filler gap of size 2 at implant RVTN.
Filler gap of size 2 at implant RVTN.
Filler gap of size 2 at implant RVTN.
Filler gap of size 6 at implant RVTN.
Filler gap of size 5 at implant RVTN.
Filler gap of size 2 at implant RVTN.
Filler gap of size 8 at implant RVTN.
Filler gap of size 2 at implant RVTN.
Filler gap of size 8 at implant RVTN.
Filler gap of size 1 at implant RVTN.
Filler gap of size 38 at implant RVTN.
Filler gap of size 4 at implant RVTN.
Filler gap of size 11 at implant RVTN.
Filler gap of size 1 at implant RVTN.
Filler gap of size 20 at implant RVTN.
Filler gap of size 2 at implant RVTN.
Filler gap of size 21 at implant RVTN.
Filler gap of size 2 at implant RVTN.
Filler gap of size 2 at implant RVTN.
Filler gap of size 25 at implant RVTN.
Filler gap of size 1 at implant RVTN.
Filler gap of size 2 at implant RVTN.
Filler gap of size 1 at implant RVTN.
Filler gap of size 5 at implant RVTN.
Filler gap of size 6 at implant RVTN.
Filler gap of size 5 at implant RVTN.
Filler gap of size 3 at implant RVTN.
Filler gap of size 5 at implant RVTN.
Filler gap of size 1 at implant RVTN.
Filler gap of size 4 at implant RVTN.
Filler gap of size 4 at implant RVTN.
Filler gap of size 4 at implant RVTN.
Filler gap of size 8 at implant RVTN.
Filler gap of size 5 at implant RVTN.
Filler gap of size 9 at implant RVTN.
Filler gap of size 41 at implant RVTN.
Filler gap of size 4 at implant RVTN.
Filler gap of size 1 at implant RVTN.
Filler gap of size 4 at implant RVTN.
Filler gap of size 1 at implant RVTN.
Filler gap of size 4 at implant RVTN.
Filler gap of size 3 at implant RVTN.
Filler gap of size 10 at implant RVTN.
Filler gap of size 12 at implant RVTN.
Filler gap of size 2 at implant RVTN.
Filler gap of size 3 at implant RVTN.
Filler gap of size 3 at implant RVTN.
Filler gap of size 2 at implant RVTN.
Filler gap of size 12 at implant RVTN.
Filler gap of size 17 at implant RVTN.
Filler gap of size 2 at implant RVTN.
Filler gap of size 1 at implant RVTN.
Filler gap of size 1 at implant RVTN.
Filler gap of size 2 at implant RVTN.
Filler gap of size 3 at implant RVTN.
Filler gap of size 9 at implant RVTN.
Filler gap of size 4 at implant RVTN.
Filler gap of size 3 at implant RVTN.
Filler gap of size 5 at implant RVTN.
Filler gap of size 31 at implant RVTN.
Filler gap of size 3 at implant RVTN.
Filler gap of size 11 at implant RVTN.
Filler gap of size 1 at implant RVTN.
Filler gap of size 2 at implant RVTN.
Filler gap of size 8 at implant RVTN.
Filler gap of size 16 at implant RVTN.
Filler gap of size 6 at implant RVTN.
Filler gap of size 1 at implant RVTN.
Filler gap of size 1 at implant RVTN.
Filler gap of size 2 at implant RVTN.
Filler gap of size 4 at implant RVTN.
Filler gap of size 4 at implant RVTN.
Filler gap of size 7 at implant RVTN.
Filler gap of size 6 at implant RVTN.
Filler gap of size 4 at implant RVTN.
Filler gap of size 2 at implant RVTN.
Filler gap of size 1 at implant RVTN.
Filler gap of size 41 at implant RVTN.
Filler gap of size 3 at implant RVTN.
Filler gap of size 1 at implant RVTN.
Filler gap of size 2 at implant RVTN.
Filler gap of size 3 at implant RVTN.
Filler gap of size 1 at implant RVTN.
Filler gap of size 49 at implant RVTN.
Filler gap of size 1 at implant RVTN.
Filler gap of size 1 at implant RVTN.
Filler gap of size 2 at implant RVTN.
Filler gap of size 2 at implant RVTN.
Filler gap of size 3 at implant RVTN.
Filler gap of size 24 at implant RVTN.
Filler gap of size 3 at implant RVTN.
Filler gap of size 1 at implant RVTN.
Filler gap of size 1 at implant RVTN.
Filler gap of size 10 at implant RVTN.
Filler gap of size 1 at implant RVTN.
Filler gap of size 1 at implant RVTN.
Filler gap of size 1 at implant RVTN.
Filler gap of size 2 at implant RVTN.
Filler gap of size 20 at implant RVTN.
Filler gap of size 9 at implant RVTN.
Filler gap of size 3 at implant RVTN.
Filler gap of size 7 at implant RVTN.
Filler gap of size 1 at implant RVTN.
Filler gap of size 5 at implant RVTN.
Filler gap of size 1 at implant RVTN.
Filler gap of size 2 at implant RVTN.
Filler gap of size 2 at implant RVTN.
Filler gap of size 2 at implant RVTN.
Filler gap of size 5 at implant RVTN.
Filler gap of size 3 at implant RVTN.
Filler gap of size 10 at implant RVTN.
Filler gap of size 2 at implant RVTN.
Filler gap of size 4 at implant RVTN.
Filler gap of size 1 at implant RVTN.
Filler gap of size 8 at implant RVTN.
Filler gap of size 1 at implant RVTN.
Filler gap of size 2 at implant RVTN.
Filler gap of size 2 at implant RVTN.
Filler gap of size 1 at implant RVTN.
Filler gap of size 5 at implant RVTN.
Filler gap of size 51 at implant RVTN.
Filler gap of size 5 at implant RVTN.
Filler gap of size 1 at implant RVTN.
Filler gap of size 4 at implant RVTN.
Filler gap of size 2 at implant RVTN.
Filler gap of size 3 at implant RVTN.
Filler gap of size 6 at implant RVTN.
Filler gap of size 8 at implant RVTN.
Filler gap of size 3 at implant RVTN.
Filler gap of size 1 at implant RVTN.
Filler gap of size 2 at implant RVTN.
Filler gap of size 6 at implant RVTN.
Filler gap of size 2 at implant RVTN.
Filler gap of size 6 at implant RVTN.
Filler gap of size 1 at implant RVTN.
Filler gap of size 1 at implant RVTN.
Filler gap of size 2 at implant RVTN.
Filler gap of size 21 at implant RVTN.
Filler gap of size 2 at implant RVTN.
Filler gap of size 1 at implant RVTN.
Filler gap of size 11 at implant RVTN.
Filler gap of size 12 at implant RVTN.
Filler gap of size 6 at implant RVTN.
Filler gap of size 1 at implant RVTN.
Filler gap of size 3 at implant RVTN.
Filler gap of size 1 at implant RVTN.
Filler gap of size 7 at implant RVTN.
Filler gap of size 3 at implant RVTN.
Filler gap of size 1 at implant RVTN.
Filler gap of size 2 at implant RVTN.
Filler gap of size 15 at implant RVTN.
Filler gap of size 3 at implant RVTN.
Filler gap of size 1 at implant RVTN.
Filler gap of size 3 at implant RVTN.
Filler gap of size 3 at implant RVTN.
Filler gap of size 2 at implant RVTN.
Filler gap of size 9 at implant RVTN.
Filler gap of size 3 at implant RVTN.
Filler gap of size 3 at implant RVTN.
Filler gap of size 3 at implant RVTN.
Filler gap of size 1 at implant RVTN.
Filler gap of size 55 at implant RVTN.
Filler gap of size 4 at implant RVTN.
Filler gap of size 1 at implant RVTN.
Filler gap of size 1 at implant RVTN.
Filler gap of size 2 at implant RVTN.
Filler gap of size 16 at implant RVTN.
Filler gap of size 1 at implant RVTN.
Filler gap of size 1 at implant RVTN.
Filler gap of size 9 at implant RVTN.
Filler gap of size 6 at implant RVTN.
Filler gap of size 11 at implant RVTN.
Filler gap of size 15 at implant RVTN.
Filler gap of size 1 at implant RVTN.
Filler gap of size 22 at implant RVTN.
Filler gap of size 1 at implant RVTN.
Filler gap of size 4 at implant RVTN.
Filler gap of size 2 at implant RVTN.
Filler gap of size 12 at implant RVTN.
Filler gap of size 2 at implant RVTN.
Filler gap of size 8 at implant RVTN.
Filler gap of size 7 at implant RVTN.
Filler gap of size 6 at implant RVTN.
Filler gap of size 4 at implant RVTN.
Filler gap of size 1 at implant RVTN.
Filler gap of size 4 at implant RVTN.
Filler gap of size 1 at implant RVTN.
Filler gap of size 1 at implant RVTN.
Filler gap of size 2 at implant RVTN.
Filler gap of size 2 at implant RVTN.
Filler gap of size 1 at implant RVTN.
Filler gap of size 2 at implant RVTN.
Filler gap of size 1 at implant RVTN.
Filler gap of size 1 at implant RVTN.
Filler gap of size 2 at implant RVTN.
Filler gap of size 9 at implant RVTN.
Filler gap of size 7 at implant RVTN.
Filler gap of size 28 at implant RVTN.
Filler gap of size 4 at implant RVTN.
Filler gap of size 43 at implant RVTN.
Filler gap of size 3 at implant RVTN.
Filler gap of size 56 at implant RVTN.
Filler gap of size 3 at implant RVTN.
Filler gap of size 4 at implant RVTN.
Filler gap of size 4 at implant RVTN.
Filler gap of size 59 at implant RVTN.
Filler gap of size 3 at implant RVTN.
Filler gap of size 4 at implant RVTN.
Filler gap of size 31 at implant RVTN.
Filler gap of size 3 at implant RVTN.
Filler gap of size 2 at implant RVTN.
Filler gap of size 5 at implant RVTN.
Filler gap of size 3 at implant RVTN.
Filler gap of size 1 at implant RVTN.
Filler gap of size 26 at implant RVTN.
Filler gap of size 2 at implant RVTN.
Filler gap of size 20 at implant RVTN.
Filler gap of size 1 at implant RVTN.
Filler gap of size 14 at implant RVTN.
Filler gap of size 1 at implant RVTN.
Filler gap of size 1 at implant RVTN.
Filler gap of size 3 at implant RVTN.
Filler gap of size 1 at implant RVTN.
Filler gap of size 2 at implant RVTN.
Filler gap of size 2 at implant RVTN.
Filler gap of size 1 at implant RVTN.
Filler gap of size 1 at implant RVTN.
Filler gap of size 14 at implant RVTN.
Filler gap of size 11 at implant RVTN.
Filler gap of size 2 at implant RVTN.
Filler gap of size 17 at implant RVTN.
Filler gap of size 17 at implant RVTN.
Filler gap of size 16 at implant RVTN.
Filler gap of size 3 at implant RVTN.
Filler gap of size 6 at implant RVTN.
Filler gap of size 64 at implant RVTN.
Filler gap of size 10 at implant RVTN.
Filler gap of size 1 at implant RVTN.
Filler gap of size 5 at implant RVTN.
Filler gap of size 7 at implant RVTN.
Filler gap of size 1 at implant RVTN.
Filler gap of size 1 at implant RVTN.
Filler gap of size 1 at implant RVTN.
Filler gap of size 5 at implant RVTN.
Filler gap of size 5 at implant RVTN.
Filler gap of size 2 at implant RVTN.
Filler gap of size 3 at implant RVTN.
Filler gap of size 8 at implant RVTN.
Filler gap of size 6 at implant RVTN.
Filler gap of size 3 at implant RVTN.
Filler gap of size 6 at implant RVTN.
Filler gap of size 2 at implant RVTN.
Filler gap of size 4 at implant RVTN.
Filler gap of size 2 at implant RVTN.
Filler gap of size 1 at implant RVTN.
Filler gap of size 16 at implant RVTN.
Filler gap of size 1 at implant RVTN.
Filler gap of size 29 at implant RVTN.
Filler gap of size 19 at implant RVTN.
Filler gap of size 3 at implant RVTN.
Filler gap of size 2 at implant RVTN.
Filler gap of size 4 at implant RVTN.
Filler gap of size 5 at implant RVTN.
Filler gap of size 6 at implant RVTN.
Filler gap of size 1 at implant RVTN.
Filler gap of size 1 at implant RVTN.
Filler gap of size 2 at implant RVTN.
Filler gap of size 11 at implant RVTN.
Filler gap of size 4 at implant RVTN.
Filler gap of size 2 at implant RVTN.
Filler gap of size 1 at implant RVTN.
Filler gap of size 9 at implant RVTN.
Filler gap of size 11 at implant RVTN.
Filler gap of size 43 at implant RVTN.
Filler gap of size 62 at implant RVTN.
Filler gap of size 2 at implant RVTN.
Filler gap of size 2 at implant RVTN.
Filler gap of size 1 at implant RVTN.
Filler gap of size 2 at implant RVTN.
Filler gap of size 2 at implant RVTN.
Filler gap of size 7 at implant RVTN.
Filler gap of size 1 at implant RVTN.
Filler gap of size 2 at implant RVTN.
Filler gap of size 2 at implant RVTN.
Filler gap of size 1 at implant RVTN.
Filler gap of size 1 at implant RVTN.
Filler gap of size 4 at implant RVTN.
Filler gap of size 1 at implant RVTN.
Filler gap of size 8 at implant RVTN.
Filler gap of size 6 at implant RVTN.
Filler gap of size 5 at implant RVTN.
Filler gap of size 14 at implant RVTN.
Filler gap of size 3 at implant RVTN.
Filler gap of size 2 at implant RVTN.
Filler gap of size 2 at implant RVTN.
Filler gap of size 2 at implant RVTN.
Filler gap of size 2 at implant RVTN.
Filler gap of size 2 at implant RVTN.
Filler gap of size 2 at implant RVTN.
Filler gap of size 2 at implant RVTN.
Filler gap of size 1 at implant RVTN.
Filler gap of size 1 at implant RVTN.
Filler gap of size 1 at implant RVTN.
Filler gap of size 2 at implant RVTN.
Filler gap of size 1 at implant RVTN.
Filler gap of size 9 at implant RVTN.
Filler gap of size 9 at implant RVTN.
Filler gap of size 1 at implant RVTN.
Filler gap of size 4 at implant RVTN.
Filler gap of size 2 at implant RVTN.
Filler gap of size 11 at implant RVTN.
Filler gap of size 1 at implant RVTN.
Filler gap of size 9 at implant RVTN.
Filler gap of size 18 at implant RVTN.
Filler gap of size 2 at implant RVTN.
Filler gap of size 62 at implant RVTN.
Filler gap of size 9 at implant RVTN.
Filler gap of size 5 at implant RVTN.
Filler gap of size 1 at implant RVTN.
Filler gap of size 2 at implant RVTN.
Filler gap of size 1 at implant RVTN.
Filler gap of size 3 at implant RVTN.
Filler gap of size 5 at implant RVTN.
Filler gap of size 2 at implant RVTN.
Filler gap of size 3 at implant RVTN.
Filler gap of size 11 at implant RVTN.
Filler gap of size 2 at implant RVTN.
Filler gap of size 1 at implant RVTN.
Filler gap of size 1 at implant RVTN.
Filler gap of size 8 at implant RVTN.
Filler gap of size 2 at implant RVTN.
Filler gap of size 1 at implant RVTN.
Filler gap of size 2 at implant RVTN.
Filler gap of size 4 at implant RVTN.
Filler gap of size 4 at implant RVTN.
Filler gap of size 1 at implant RVTN.
Filler gap of size 1 at implant RVTN.
Filler gap of size 28 at implant RVTN.
Filler gap of size 2 at implant RVTN.
Filler gap of size 1 at implant RVTN.
Filler gap of size 21 at implant RVTN.
Filler gap of size 2 at implant RVTN.
Filler gap of size 2 at implant RVTN.
Filler gap of size 34 at implant RVTN.
Filler gap of size 20 at implant RVTN.
Filler gap of size 59 at implant RVTN.
Filler gap of size 2 at implant RVTN.
Filler gap of size 1 at implant RVTN.
Filler gap of size 4 at implant RVTN.
Filler gap of size 1 at implant RVTN.
Filler gap of size 1 at implant RVTN.
Filler gap of size 2 at implant RVTN.
Filler gap of size 5 at implant RVTN.
Filler gap of size 7 at implant RVTN.
Filler gap of size 1 at implant RVTN.
Filler gap of size 1 at implant RVTN.
Filler gap of size 3 at implant RVTN.
Filler gap of size 1 at implant RVTN.
Filler gap of size 3 at implant RVTN.
Filler gap of size 8 at implant RVTN.
Filler gap of size 17 at implant RVTN.
Filler gap of size 1 at implant RVTN.
Filler gap of size 13 at implant RVTN.
Filler gap of size 1 at implant RVTN.
Filler gap of size 2 at implant RVTN.
Filler gap of size 1 at implant RVTN.
Filler gap of size 30 at implant RVTN.
Filler gap of size 5 at implant RVTN.
Filler gap of size 1 at implant RVTN.
Filler gap of size 1 at implant RVTN.
Filler gap of size 1 at implant RVTN.
Filler gap of size 3 at implant RVTN.
Filler gap of size 15 at implant RVTN.
Filler gap of size 1 at implant RVTN.
Filler gap of size 2 at implant RVTN.
Filler gap of size 1 at implant RVTN.
Filler gap of size 3 at implant RVTN.
Filler gap of size 14 at implant RVTN.
Filler gap of size 14 at implant RVTN.
Filler gap of size 69 at implant RVTN.
Filler gap of size 24 at implant RVTN.
Filler gap of size 16 at implant RVTN.
Filler gap of size 1 at implant RVTN.
Filler gap of size 2 at implant RVTN.
Filler gap of size 3 at implant RVTN.
Filler gap of size 4 at implant RVTN.
Filler gap of size 2 at implant RVTN.
Filler gap of size 2 at implant RVTN.
Filler gap of size 1 at implant RVTN.
Filler gap of size 1 at implant RVTN.
Filler gap of size 1 at implant RVTN.
Filler gap of size 1 at implant RVTN.
Filler gap of size 2 at implant RVTN.
Filler gap of size 5 at implant RVTN.
Filler gap of size 12 at implant RVTN.
Filler gap of size 6 at implant RVTN.
Filler gap of size 12 at implant RVTN.
Filler gap of size 3 at implant RVTN.
Filler gap of size 4 at implant RVTN.
Filler gap of size 1 at implant RVTN.
Filler gap of size 1 at implant RVTN.
Filler gap of size 1 at implant RVTN.
Filler gap of size 7 at implant RVTN.
Filler gap of size 15 at implant RVTN.
Filler gap of size 3 at implant RVTN.
Filler gap of size 2 at implant RVTN.
Filler gap of size 2 at implant RVTN.
Filler gap of size 1 at implant RVTN.
Filler gap of size 1 at implant RVTN.
Filler gap of size 1 at implant RVTN.
Filler gap of size 5 at implant RVTN.
Filler gap of size 13 at implant RVTN.
Filler gap of size 1 at implant RVTN.
Filler gap of size 3 at implant RVTN.
Filler gap of size 26 at implant RVTN.
Filler gap of size 19 at implant RVTN.
Filler gap of size 71 at implant RVTN.
Filler gap of size 21 at implant RVTN.
Filler gap of size 4 at implant RVTN.
Filler gap of size 2 at implant RVTN.
Filler gap of size 2 at implant RVTN.
Filler gap of size 6 at implant RVTN.
Filler gap of size 2 at implant RVTN.
Filler gap of size 1 at implant RVTN.
Filler gap of size 2 at implant RVTN.
Filler gap of size 2 at implant RVTN.
Filler gap of size 1 at implant RVTN.
Filler gap of size 3 at implant RVTN.
Filler gap of size 2 at implant RVTN.
Filler gap of size 2 at implant RVTN.
Filler gap of size 2 at implant RVTN.
Filler gap of size 1 at implant RVTN.
Filler gap of size 20 at implant RVTN.
Filler gap of size 21 at implant RVTN.
Filler gap of size 12 at implant RVTN.
Filler gap of size 2 at implant RVTN.
Filler gap of size 5 at implant RVTN.
Filler gap of size 1 at implant RVTN.
Filler gap of size 1 at implant RVTN.
Filler gap of size 2 at implant RVTN.
Filler gap of size 2 at implant RVTN.
Filler gap of size 3 at implant RVTN.
Filler gap of size 1 at implant RVTN.
Filler gap of size 3 at implant RVTN.
Filler gap of size 5 at implant RVTN.
Filler gap of size 2 at implant RVTN.
Filler gap of size 5 at implant RVTN.
Filler gap of size 3 at implant RVTN.
Filler gap of size 3 at implant RVTN.
Filler gap of size 4 at implant RVTN.
Filler gap of size 2 at implant RVTN.
Filler gap of size 2 at implant RVTN.
Filler gap of size 7 at implant RVTN.
Filler gap of size 2 at implant RVTN.
Filler gap of size 1 at implant RVTN.
Filler gap of size 6 at implant RVTN.
Filler gap of size 6 at implant RVTN.
Filler gap of size 2 at implant RVTN.
Filler gap of size 11 at implant RVTN.
Filler gap of size 61 at implant RVTN.
Filler gap of size 1 at implant RVTN.
Filler gap of size 1 at implant RVTN.
Filler gap of size 2 at implant RVTN.
Filler gap of size 8 at implant RVTN.
Filler gap of size 1 at implant RVTN.
Filler gap of size 2 at implant RVTN.
Filler gap of size 2 at implant RVTN.
Filler gap of size 17 at implant RVTN.
Filler gap of size 3 at implant RVTN.
Filler gap of size 1 at implant RVTN.
Filler gap of size 1 at implant RVTN.
Filler gap of size 15 at implant RVTN.
Filler gap of size 3 at implant RVTN.
Filler gap of size 1 at implant RVTN.
Filler gap of size 1 at implant RVTN.
Filler gap of size 2 at implant RVTN.
Filler gap of size 1 at implant RVTN.
Filler gap of size 2 at implant RVTN.
Filler gap of size 10 at implant RVTN.
Filler gap of size 12 at implant RVTN.
Filler gap of size 2 at implant RVTN.
Filler gap of size 5 at implant RVTN.
Filler gap of size 2 at implant RVTN.
Filler gap of size 3 at implant RVTN.
Filler gap of size 3 at implant RVTN.
Filler gap of size 10 at implant RVTN.
Filler gap of size 6 at implant RVTN.
Filler gap of size 11 at implant RVTN.
Filler gap of size 5 at implant RVTN.
Filler gap of size 17 at implant RVTN.
Filler gap of size 1 at implant RVTN.
Filler gap of size 10 at implant RVTN.
Filler gap of size 4 at implant RVTN.
Filler gap of size 66 at implant RVTN.
Filler gap of size 8 at implant RVTN.
Filler gap of size 4 at implant RVTN.
Filler gap of size 4 at implant RVTN.
Filler gap of size 2 at implant RVTN.
Filler gap of size 10 at implant RVTN.
Filler gap of size 13 at implant RVTN.
Filler gap of size 2 at implant RVTN.
Filler gap of size 5 at implant RVTN.
Filler gap of size 3 at implant RVTN.
Filler gap of size 20 at implant RVTN.
Filler gap of size 7 at implant RVTN.
Filler gap of size 6 at implant RVTN.
Filler gap of size 3 at implant RVTN.
Filler gap of size 3 at implant RVTN.
Filler gap of size 1 at implant RVTN.
Filler gap of size 1 at implant RVTN.
Filler gap of size 16 at implant RVTN.
Filler gap of size 12 at implant RVTN.
Filler gap of size 1 at implant RVTN.
Filler gap of size 28 at implant RVTN.
Filler gap of size 1 at implant RVTN.
Filler gap of size 1 at implant RVTN.
Filler gap of size 17 at implant RVTN.
Filler gap of size 2 at implant RVTN.
Filler gap of size 1 at implant RVTN.
Filler gap of size 4 at implant RVTN.
Filler gap of size 7 at implant RVTN.
Filler gap of size 10 at implant RVTN.
Filler gap of size 16 at implant RVTN.
Filler gap of size 13 at implant RVTN.
Filler gap of size 1 at implant RVTN.
Filler gap of size 1 at implant RVTN.
Filler gap of size 1 at implant RVTN.
Filler gap of size 1 at implant RVTN.
Filler gap of size 1 at implant RVTN.
Filler gap of size 14 at implant RVTN.
Filler gap of size 9 at implant RVTN.
Filler gap of size 18 at implant RVTN.
Filler gap of size 13 at implant RVTN.
Filler gap of size 66 at implant RVTN.
Filler gap of size 1 at implant RVTN.
Filler gap of size 1 at implant RVTN.
Filler gap of size 2 at implant RVTN.
Filler gap of size 13 at implant RVTN.
Filler gap of size 2 at implant RVTN.
Filler gap of size 33 at implant RVTN.
Filler gap of size 1 at implant RVTN.
Filler gap of size 2 at implant RVTN.
Filler gap of size 13 at implant RVTN.
Filler gap of size 1 at implant RVTN.
Filler gap of size 6 at implant RVTN.
Filler gap of size 4 at implant RVTN.
Filler gap of size 1 at implant RVTN.
Filler gap of size 1 at implant RVTN.
Filler gap of size 2 at implant RVTN.
Filler gap of size 14 at implant RVTN.
Filler gap of size 4 at implant RVTN.
Filler gap of size 2 at implant RVTN.
Filler gap of size 1 at implant RVTN.
Filler gap of size 4 at implant RVTN.
Filler gap of size 43 at implant RVTN.
Filler gap of size 3 at implant RVTN.
Filler gap of size 1 at implant RVTN.
Filler gap of size 12 at implant RVTN.
Filler gap of size 4 at implant RVTN.
Filler gap of size 1 at implant RVTN.
Filler gap of size 1 at implant RVTN.
Filler gap of size 1 at implant RVTN.
Filler gap of size 1 at implant RVTN.
Filler gap of size 4 at implant RVTN.
Filler gap of size 1 at implant RVTN.
Filler gap of size 22 at implant RVTN.
Filler gap of size 4 at implant RVTN.
Filler gap of size 10 at implant RVTN.
Filler gap of size 4 at implant RVTN.
Filler gap of size 2 at implant RVTN.
Filler gap of size 14 at implant RVTN.
Filler gap of size 31 at implant RVTN.
Filler gap of size 25 at implant RVTN.
Filler gap of size 60 at implant RVTN.
Filler gap of size 1 at implant RVTN.
Filler gap of size 2 at implant RVTN.
Filler gap of size 1 at implant RVTN.
Filler gap of size 3 at implant RVTN.
Filler gap of size 7 at implant RVTN.
Filler gap of size 8 at implant RVTN.
Filler gap of size 3 at implant RVTN.
Filler gap of size 6 at implant RVTN.
Filler gap of size 2 at implant RVTN.
Filler gap of size 6 at implant RVTN.
Filler gap of size 3 at implant RVTN.
Filler gap of size 4 at implant RVTN.
Filler gap of size 19 at implant RVTN.
Filler gap of size 2 at implant RVTN.
Filler gap of size 6 at implant RVTN.
Filler gap of size 10 at implant RVTN.
Filler gap of size 2 at implant RVTN.
Filler gap of size 2 at implant RVTN.
Filler gap of size 2 at implant RVTN.
Filler gap of size 1 at implant RVTN.
Filler gap of size 1 at implant RVTN.
Filler gap of size 1 at implant RVTN.
Filler gap of size 49 at implant RVTN.
Filler gap of size 3 at implant RVTN.
Filler gap of size 3 at implant RVTN.
Filler gap of size 3 at implant RVTN.
Filler gap of size 6 at implant RVTN.
Filler gap of size 1 at implant RVTN.
Filler gap of size 3 at implant RVTN.
Filler gap of size 1 at implant RVTN.
Filler gap of size 6 at implant RVTN.
Filler gap of size 1 at implant RVTN.
Filler gap of size 44 at implant RVTN.
Filler gap of size 23 at implant RVTN.
Filler gap of size 24 at implant RVTN.
Filler gap of size 19 at implant RVTN.
Filler gap of size 9 at implant RVTN.
Filler gap of size 37 at implant RVTN.
Filler gap of size 81 at implant RVTN.
Filler gap of size 4 at implant RVTN.
Filler gap of size 2 at implant RVTN.
Filler gap of size 12 at implant RVTN.
Filler gap of size 4 at implant RVTN.
Filler gap of size 27 at implant RVTN.
Filler gap of size 14 at implant RVTN.
Filler gap of size 1 at implant RVTN.
Filler gap of size 1 at implant RVTN.
Filler gap of size 1 at implant RVTN.
Filler gap of size 3 at implant RVTN.
Filler gap of size 1 at implant RVTN.
Filler gap of size 1 at implant RVTN.
Filler gap of size 5 at implant RVTN.
Filler gap of size 3 at implant RVTN.
Filler gap of size 18 at implant RVTN.
Filler gap of size 5 at implant RVTN.
Filler gap of size 1 at implant RVTN.
Filler gap of size 12 at implant RVTN.
Filler gap of size 2 at implant RVTN.
Filler gap of size 5 at implant RVTN.
Filler gap of size 11 at implant RVTN.
Filler gap of size 1 at implant RVTN.
Filler gap of size 5 at implant RVTN.
Filler gap of size 1 at implant RVTN.
Filler gap of size 7 at implant RVTN.
Filler gap of size 15 at implant RVTN.
Filler gap of size 6 at implant RVTN.
Filler gap of size 6 at implant RVTN.
Filler gap of size 7 at implant RVTN.
Filler gap of size 41 at implant RVTN.
Filler gap of size 9 at implant RVTN.
Filler gap of size 5 at implant RVTN.
Filler gap of size 24 at implant RVTN.
Filler gap of size 25 at implant RVTN.
Filler gap of size 6 at implant RVTN.
Filler gap of size 6 at implant RVTN.
Filler gap of size 17 at implant RVTN.
Filler gap of size 2 at implant RVTN.
Filler gap of size 29 at implant RVTN.
Filler gap of size 15 at implant RVTN.
Filler gap of size 55 at implant RVTN.
Filler gap of size 2 at implant RVTN.
Filler gap of size 3 at implant RVTN.
Filler gap of size 4 at implant RVTN.
Filler gap of size 5 at implant RVTN.
Filler gap of size 16 at implant RVTN.
Filler gap of size 5 at implant RVTN.
Filler gap of size 5 at implant RVTN.
Filler gap of size 1 at implant RVTN.
Filler gap of size 5 at implant RVTN.
Filler gap of size 16 at implant RVTN.
Filler gap of size 3 at implant RVTN.
Filler gap of size 3 at implant RVTN.
Filler gap of size 9 at implant RVTN.
Filler gap of size 5 at implant RVTN.
Filler gap of size 1 at implant RVTN.
Filler gap of size 2 at implant RVTN.
Filler gap of size 1 at implant RVTN.
Filler gap of size 2 at implant RVTN.
Filler gap of size 3 at implant RVTN.
Filler gap of size 2 at implant RVTN.
Filler gap of size 6 at implant RVTN.
Filler gap of size 3 at implant RVTN.
Filler gap of size 3 at implant RVTN.
Filler gap of size 7 at implant RVTN.
Filler gap of size 22 at implant RVTN.
Filler gap of size 24 at implant RVTN.
Filler gap of size 10 at implant RVTN.
Filler gap of size 12 at implant RVTN.
Filler gap of size 8 at implant RVTN.
Filler gap of size 21 at implant RVTN.
Filler gap of size 6 at implant RVTN.
Filler gap of size 2 at implant RVTN.
Filler gap of size 11 at implant RVTN.
Filler gap of size 1 at implant RVTN.
Filler gap of size 30 at implant RVTN.
Filler gap of size 19 at implant RVTN.
Filler gap of size 16 at implant RVTN.
Filler gap of size 55 at implant RVTN.
Filler gap of size 5 at implant RVTN.
Filler gap of size 1 at implant RVTN.
Filler gap of size 1 at implant RVTN.
Filler gap of size 3 at implant RVTN.
Filler gap of size 1 at implant RVTN.
Filler gap of size 3 at implant RVTN.
Filler gap of size 10 at implant RVTN.
Filler gap of size 30 at implant RVTN.
Filler gap of size 1 at implant RVTN.
Filler gap of size 4 at implant RVTN.
Filler gap of size 17 at implant RVTN.
Filler gap of size 18 at implant RVTN.
Filler gap of size 2 at implant RVTN.
Filler gap of size 2 at implant RVTN.
Filler gap of size 1 at implant RVTN.
Filler gap of size 1 at implant RVTN.
Filler gap of size 1 at implant RVTN.
Filler gap of size 12 at implant RVTN.
Filler gap of size 2 at implant RVTN.
Filler gap of size 2 at implant RVTN.
Filler gap of size 33 at implant RVTN.
Filler gap of size 12 at implant RVTN.
Filler gap of size 45 at implant RVTN.
Filler gap of size 2 at implant RVTN.
Filler gap of size 4 at implant RVTN.
Filler gap of size 1 at implant RVTN.
Filler gap of size 2 at implant RVTN.
Filler gap of size 2 at implant RVTN.
Filler gap of size 16 at implant RVTN.
Filler gap of size 38 at implant RVTN.
Filler gap of size 11 at implant RVTN.
Filler gap of size 52 at implant RVTN.
Filler gap of size 1 at implant RVTN.
Filler gap of size 1 at implant RVTN.
Filler gap of size 1 at implant RVTN.
Filler gap of size 2 at implant RVTN.
Filler gap of size 27 at implant RVTN.
Filler gap of size 19 at implant RVTN.
Filler gap of size 16 at implant RVTN.
Filler gap of size 1 at implant RVTN.
Filler gap of size 12 at implant RVTN.
Filler gap of size 12 at implant RVTN.
Filler gap of size 1 at implant RVTN.
Filler gap of size 2 at implant RVTN.
Filler gap of size 1 at implant RVTN.
Filler gap of size 4 at implant RVTN.
Filler gap of size 3 at implant RVTN.
Filler gap of size 1 at implant RVTN.
Filler gap of size 5 at implant RVTN.
Filler gap of size 5 at implant RVTN.
Filler gap of size 1 at implant RVTN.
Filler gap of size 2 at implant RVTN.
Filler gap of size 2 at implant RVTN.
Filler gap of size 20 at implant RVTN.
Filler gap of size 1 at implant RVTN.
Filler gap of size 1 at implant RVTN.
Filler gap of size 2 at implant RVTN.
Filler gap of size 11 at implant RVTN.
Filler gap of size 3 at implant RVTN.
Filler gap of size 1 at implant RVTN.
Filler gap of size 1 at implant RVTN.
Filler gap of size 11 at implant RVTN.
Filler gap of size 1 at implant RVTN.
Filler gap of size 6 at implant RVTN.
Filler gap of size 3 at implant RVTN.
Filler gap of size 7 at implant RVTN.
Filler gap of size 2 at implant RVTN.
Filler gap of size 3 at implant RVTN.
Filler gap of size 8 at implant RVTN.
Filler gap of size 7 at implant RVTN.
Filler gap of size 17 at implant RVTN.
Filler gap of size 7 at implant RVTN.
Filler gap of size 66 at implant RVTN.
Filler gap of size 10 at implant RVTN.
Filler gap of size 2 at implant RVTN.
Filler gap of size 1 at implant RVTN.
Filler gap of size 1 at implant RVTN.
Filler gap of size 1 at implant RVTN.
Filler gap of size 20 at implant RVTN.
Filler gap of size 2 at implant RVTN.
Filler gap of size 6 at implant RVTN.
Filler gap of size 3 at implant RVTN.
Filler gap of size 3 at implant RVTN.
Filler gap of size 1 at implant RVTN.
Filler gap of size 13 at implant RVTN.
Filler gap of size 10 at implant RVTN.
Filler gap of size 2 at implant RVTN.
Filler gap of size 2 at implant RVTN.
Filler gap of size 5 at implant RVTN.
Filler gap of size 6 at implant RVTN.
Filler gap of size 2 at implant RVTN.
Filler gap of size 6 at implant RVTN.
Filler gap of size 1 at implant RVTN.
Filler gap of size 10 at implant RVTN.
Filler gap of size 10 at implant RVTN.
Filler gap of size 17 at implant RVTN.
Filler gap of size 3 at implant RVTN.
Filler gap of size 6 at implant RVTN.
Filler gap of size 5 at implant RVTN.
Filler gap of size 1 at implant RVTN.
Filler gap of size 1 at implant RVTN.
Filler gap of size 1 at implant RVTN.
Filler gap of size 1 at implant RVTN.
Filler gap of size 1 at implant RVTN.
Filler gap of size 5 at implant RVTN.
Filler gap of size 14 at implant RVTN.
Filler gap of size 1 at implant RVTN.
Filler gap of size 6 at implant RVTN.
Filler gap of size 26 at implant RVTN.
Filler gap of size 1 at implant RVTN.
Filler gap of size 3 at implant RVTN.
Filler gap of size 7 at implant RVTN.
Filler gap of size 8 at implant RVTN.
Filler gap of size 18 at implant RVTN.
Filler gap of size 7 at implant RVTN.
Filler gap of size 1 at implant RVTN.
Filler gap of size 7 at implant RVTN.
Filler gap of size 64 at implant RVTN.
Filler gap of size 3 at implant RVTN.
Filler gap of size 2 at implant RVTN.
Filler gap of size 1 at implant RVTN.
Filler gap of size 1 at implant RVTN.
Filler gap of size 1 at implant RVTN.
Filler gap of size 1 at implant RVTN.
Filler gap of size 1 at implant RVTN.
Filler gap of size 1 at implant RVTN.
Filler gap of size 15 at implant RVTN.
Filler gap of size 5 at implant RVTN.
Filler gap of size 10 at implant RVTN.
Filler gap of size 3 at implant RVTN.
Filler gap of size 6 at implant RVTN.
Filler gap of size 3 at implant RVTN.
Filler gap of size 1 at implant RVTN.
Filler gap of size 6 at implant RVTN.
Filler gap of size 6 at implant RVTN.
Filler gap of size 1 at implant RVTN.
Filler gap of size 2 at implant RVTN.
Filler gap of size 2 at implant RVTN.
Filler gap of size 4 at implant RVTN.
Filler gap of size 1 at implant RVTN.
Filler gap of size 23 at implant RVTN.
Filler gap of size 2 at implant RVTN.
Filler gap of size 15 at implant RVTN.
Filler gap of size 3 at implant RVTN.
Filler gap of size 3 at implant RVTN.
Filler gap of size 3 at implant RVTN.
Filler gap of size 4 at implant RVTN.
Filler gap of size 3 at implant RVTN.
Filler gap of size 1 at implant RVTN.
Filler gap of size 4 at implant RVTN.
Filler gap of size 1 at implant RVTN.
Filler gap of size 21 at implant RVTN.
Filler gap of size 1 at implant RVTN.
Filler gap of size 6 at implant RVTN.
Filler gap of size 11 at implant RVTN.
Filler gap of size 14 at implant RVTN.
Filler gap of size 3 at implant RVTN.
Filler gap of size 3 at implant RVTN.
Filler gap of size 3 at implant RVTN.
Filler gap of size 11 at implant RVTN.
Filler gap of size 25 at implant RVTN.
Filler gap of size 8 at implant RVTN.
Filler gap of size 3 at implant RVTN.
Filler gap of size 4 at implant RVTN.
Filler gap of size 10 at implant RVTN.
Filler gap of size 64 at implant RVTN.
Filler gap of size 2 at implant RVTN.
Filler gap of size 1 at implant RVTN.
Filler gap of size 3 at implant RVTN.
Filler gap of size 2 at implant RVTN.
Filler gap of size 13 at implant RVTN.
Filler gap of size 3 at implant RVTN.
Filler gap of size 11 at implant RVTN.
Filler gap of size 4 at implant RVTN.
Filler gap of size 12 at implant RVTN.
Filler gap of size 1 at implant RVTN.
Filler gap of size 1 at implant RVTN.
Filler gap of size 2 at implant RVTN.
Filler gap of size 2 at implant RVTN.
Filler gap of size 1 at implant RVTN.
Filler gap of size 1 at implant RVTN.
Filler gap of size 2 at implant RVTN.
Filler gap of size 2 at implant RVTN.
Filler gap of size 1 at implant RVTN.
Filler gap of size 4 at implant RVTN.
Filler gap of size 2 at implant RVTN.
Filler gap of size 26 at implant RVTN.
Filler gap of size 9 at implant RVTN.
Filler gap of size 1 at implant RVTN.
Filler gap of size 2 at implant RVTN.
Filler gap of size 19 at implant RVTN.
Filler gap of size 4 at implant RVTN.
Filler gap of size 11 at implant RVTN.
Filler gap of size 5 at implant RVTN.
Filler gap of size 1 at implant RVTN.
Filler gap of size 1 at implant RVTN.
Filler gap of size 8 at implant RVTN.
Filler gap of size 6 at implant RVTN.
Filler gap of size 19 at implant RVTN.
Filler gap of size 2 at implant RVTN.
Filler gap of size 17 at implant RVTN.
Filler gap of size 7 at implant RVTN.
Filler gap of size 32 at implant RVTN.
Filler gap of size 2 at implant RVTN.
Filler gap of size 5 at implant RVTN.
Filler gap of size 66 at implant RVTN.
Filler gap of size 3 at implant RVTN.
Filler gap of size 2 at implant RVTN.
Filler gap of size 7 at implant RVTN.
Filler gap of size 4 at implant RVTN.
Filler gap of size 3 at implant RVTN.
Filler gap of size 1 at implant RVTN.
Filler gap of size 2 at implant RVTN.
Filler gap of size 8 at implant RVTN.
Filler gap of size 7 at implant RVTN.
Filler gap of size 3 at implant RVTN.
Filler gap of size 9 at implant RVTN.
Filler gap of size 1 at implant RVTN.
Filler gap of size 11 at implant RVTN.
Filler gap of size 2 at implant RVTN.
Filler gap of size 2 at implant RVTN.
Filler gap of size 1 at implant RVTN.
Filler gap of size 2 at implant RVTN.
Filler gap of size 2 at implant RVTN.
Filler gap of size 1 at implant RVTN.
Filler gap of size 4 at implant RVTN.
Filler gap of size 4 at implant RVTN.
Filler gap of size 4 at implant RVTN.
Filler gap of size 3 at implant RVTN.
Filler gap of size 14 at implant RVTN.
Filler gap of size 2 at implant RVTN.
Filler gap of size 2 at implant RVTN.
Filler gap of size 1 at implant RVTN.
Filler gap of size 3 at implant RVTN.
Filler gap of size 11 at implant RVTN.
Filler gap of size 11 at implant RVTN.
Filler gap of size 6 at implant RVTN.
Filler gap of size 5 at implant RVTN.
Filler gap of size 1 at implant RVTN.
Filler gap of size 5 at implant RVTN.
Filler gap of size 18 at implant RVTN.
Filler gap of size 14 at implant RVTN.
Filler gap of size 10 at implant RVTN.
Filler gap of size 2 at implant RVTN.
Filler gap of size 55 at implant RVTN.
Filler gap of size 5 at implant RVTN.
Filler gap of size 2 at implant RVTN.
Filler gap of size 1 at implant RVTN.
Filler gap of size 16 at implant RVTN.
Filler gap of size 17 at implant RVTN.
Filler gap of size 9 at implant RVTN.
Filler gap of size 1 at implant RVTN.
Filler gap of size 2 at implant RVTN.
Filler gap of size 10 at implant RVTN.
Filler gap of size 12 at implant RVTN.
Filler gap of size 2 at implant RVTN.
Filler gap of size 9 at implant RVTN.
Filler gap of size 2 at implant RVTN.
Filler gap of size 2 at implant RVTN.
Filler gap of size 12 at implant RVTN.
Filler gap of size 4 at implant RVTN.
Filler gap of size 1 at implant RVTN.
Filler gap of size 2 at implant RVTN.
Filler gap of size 18 at implant RVTN.
Filler gap of size 36 at implant RVTN.
Filler gap of size 9 at implant RVTN.
Filler gap of size 5 at implant RVTN.
Filler gap of size 1 at implant RVTN.
Filler gap of size 1 at implant RVTN.
Filler gap of size 2 at implant RVTN.
Filler gap of size 10 at implant RVTN.
Filler gap of size 15 at implant RVTN.
Filler gap of size 2 at implant RVTN.
Filler gap of size 17 at implant RVTN.
Filler gap of size 94 at implant RVTN.
Filler gap of size 5 at implant RVTN.
Filler gap of size 2 at implant RVTN.
Filler gap of size 2 at implant RVTN.
Filler gap of size 1 at implant RVTN.
Filler gap of size 8 at implant RVTN.
Filler gap of size 9 at implant RVTN.
Filler gap of size 1 at implant RVTN.
Filler gap of size 13 at implant RVTN.
Filler gap of size 8 at implant RVTN.
Filler gap of size 6 at implant RVTN.
Filler gap of size 2 at implant RVTN.
Filler gap of size 3 at implant RVTN.
Filler gap of size 12 at implant RVTN.
Filler gap of size 6 at implant RVTN.
Filler gap of size 1 at implant RVTN.
Filler gap of size 4 at implant RVTN.
Filler gap of size 3 at implant RVTN.
Filler gap of size 1 at implant RVTN.
Filler gap of size 2 at implant RVTN.
Filler gap of size 2 at implant RVTN.
Filler gap of size 7 at implant RVTN.
Filler gap of size 6 at implant RVTN.
Filler gap of size 19 at implant RVTN.
Filler gap of size 3 at implant RVTN.
Filler gap of size 5 at implant RVTN.
Filler gap of size 2 at implant RVTN.
Filler gap of size 1 at implant RVTN.
Filler gap of size 1 at implant RVTN.
Filler gap of size 1 at implant RVTN.
Filler gap of size 1 at implant RVTN.
Filler gap of size 10 at implant RVTN.
Filler gap of size 3 at implant RVTN.
Filler gap of size 1 at implant RVTN.
Filler gap of size 1 at implant RVTN.
Filler gap of size 1 at implant RVTN.
Filler gap of size 10 at implant RVTN.
Filler gap of size 11 at implant RVTN.
Filler gap of size 5 at implant RVTN.
Filler gap of size 1 at implant RVTN.
Filler gap of size 6 at implant RVTN.
Filler gap of size 14 at implant RVTN.
Filler gap of size 7 at implant RVTN.
Filler gap of size 3 at implant RVTN.
Filler gap of size 11 at implant RVTN.
Filler gap of size 3 at implant RVTN.
Filler gap of size 2 at implant RVTN.
Filler gap of size 2 at implant RVTN.
Filler gap of size 9 at implant RVTN.
Filler gap of size 10 at implant RVTN.
Filler gap of size 3 at implant RVTN.
Filler gap of size 7 at implant RVTN.
Filler gap of size 1 at implant RVTN.
Filler gap of size 53 at implant RVTN.
Filler gap of size 1 at implant RVTN.
Filler gap of size 1 at implant RVTN.
Filler gap of size 1 at implant RVTN.
Filler gap of size 5 at implant RVTN.
Filler gap of size 12 at implant RVTN.
Filler gap of size 1 at implant RVTN.
Filler gap of size 19 at implant RVTN.
Filler gap of size 1 at implant RVTN.
Filler gap of size 9 at implant RVTN.
Filler gap of size 5 at implant RVTN.
Filler gap of size 3 at implant RVTN.
Filler gap of size 7 at implant RVTN.
Filler gap of size 5 at implant RVTN.
Filler gap of size 2 at implant RVTN.
Filler gap of size 2 at implant RVTN.
Filler gap of size 8 at implant RVTN.
Filler gap of size 5 at implant RVTN.
Filler gap of size 19 at implant RVTN.
Filler gap of size 8 at implant RVTN.
Filler gap of size 1 at implant RVTN.
Filler gap of size 1 at implant RVTN.
Filler gap of size 2 at implant RVTN.
Filler gap of size 3 at implant RVTN.
Filler gap of size 8 at implant RVTN.
Filler gap of size 2 at implant RVTN.
Filler gap of size 7 at implant RVTN.
Filler gap of size 8 at implant RVTN.
Filler gap of size 17 at implant RVTN.
Filler gap of size 2 at implant RVTN.
Filler gap of size 2 at implant RVTN.
Filler gap of size 3 at implant RVTN.
Filler gap of size 5 at implant RVTN.
Filler gap of size 3 at implant RVTN.
Filler gap of size 5 at implant RVTN.
Filler gap of size 2 at implant RVTN.
Filler gap of size 2 at implant RVTN.
Filler gap of size 12 at implant RVTN.
Filler gap of size 1 at implant RVTN.
Filler gap of size 7 at implant RVTN.
Filler gap of size 3 at implant RVTN.
Filler gap of size 1 at implant RVTN.
Filler gap of size 1 at implant RVTN.
Filler gap of size 2 at implant RVTN.
Filler gap of size 4 at implant RVTN.
Filler gap of size 3 at implant RVTN.
Filler gap of size 15 at implant RVTN.
Filler gap of size 2 at implant RVTN.
Filler gap of size 19 at implant RVTN.
Filler gap of size 56 at implant RVTN.
Filler gap of size 2 at implant RVTN.
Filler gap of size 4 at implant RVTN.
Filler gap of size 2 at implant RVTN.
Filler gap of size 1 at implant RVTN.
Filler gap of size 2 at implant RVTN.
Filler gap of size 12 at implant RVTN.
Filler gap of size 13 at implant RVTN.
Filler gap of size 8 at implant RVTN.
Filler gap of size 1 at implant RVTN.
Filler gap of size 3 at implant RVTN.
Filler gap of size 5 at implant RVTN.
Filler gap of size 3 at implant RVTN.
Filler gap of size 33 at implant RVTN.
Filler gap of size 7 at implant RVTN.
Filler gap of size 1 at implant RVTN.
Filler gap of size 2 at implant RVTN.
Filler gap of size 1 at implant RVTN.
Filler gap of size 2 at implant RVTN.
Filler gap of size 1 at implant RVTN.
Filler gap of size 13 at implant RVTN.
Filler gap of size 11 at implant RVTN.
Filler gap of size 10 at implant RVTN.
Filler gap of size 2 at implant RVTN.
Filler gap of size 2 at implant RVTN.
Filler gap of size 5 at implant RVTN.
Filler gap of size 3 at implant RVTN.
Filler gap of size 1 at implant RVTN.
Filler gap of size 1 at implant RVTN.
Filler gap of size 8 at implant RVTN.
Filler gap of size 2 at implant RVTN.
Filler gap of size 1 at implant RVTN.
Filler gap of size 1 at implant RVTN.
Filler gap of size 2 at implant RVTN.
Filler gap of size 10 at implant RVTN.
Filler gap of size 47 at implant RVTN.
Filler gap of size 1 at implant RVTN.
Filler gap of size 12 at implant RVTN.
Filler gap of size 14 at implant RVTN.
Filler gap of size 1 at implant RVTN.
Filler gap of size 56 at implant RVTN.
Filler gap of size 2 at implant RVTN.
Filler gap of size 14 at implant RVTN.
Filler gap of size 12 at implant RVTN.
Filler gap of size 17 at implant RVTN.
Filler gap of size 14 at implant RVTN.
Filler gap of size 17 at implant RVTN.
Filler gap of size 2 at implant RVTN.
Filler gap of size 13 at implant RVTN.
Filler gap of size 2 at implant RVTN.
Filler gap of size 1 at implant RVTN.
Filler gap of size 2 at implant RVTN.
Filler gap of size 2 at implant RVTN.
Filler gap of size 3 at implant RVTN.
Filler gap of size 14 at implant RVTN.
Filler gap of size 7 at implant RVTN.
Filler gap of size 2 at implant RVTN.
Filler gap of size 2 at implant RVTN.
Filler gap of size 1 at implant RVTN.
Filler gap of size 4 at implant RVTN.
Filler gap of size 3 at implant RVTN.
Filler gap of size 3 at implant RVTN.
Filler gap of size 2 at implant RVTN.
Filler gap of size 2 at implant RVTN.
Filler gap of size 7 at implant RVTN.
Filler gap of size 12 at implant RVTN.
Filler gap of size 3 at implant RVTN.
Filler gap of size 15 at implant RVTN.
Filler gap of size 6 at implant RVTN.
Filler gap of size 1 at implant RVTN.
Filler gap of size 2 at implant RVTN.
Filler gap of size 1 at implant RVTN.
Filler gap of size 1 at implant RVTN.
Filler gap of size 10 at implant RVTN.
Filler gap of size 19 at implant RVTN.
Filler gap of size 1 at implant RVTN.
Filler gap of size 40 at implant RVTN.
Filler gap of size 25 at implant RVTN.
Filler gap of size 5 at implant RVTN.
Filler gap of size 21 at implant RVTN.
Filler gap of size 53 at implant RVTN.
Filler gap of size 1 at implant RVTN.
Filler gap of size 4 at implant RVTN.
Filler gap of size 1 at implant RVTN.
Filler gap of size 1 at implant RVTN.
Filler gap of size 9 at implant RVTN.
Filler gap of size 3 at implant RVTN.
Filler gap of size 5 at implant RVTN.
Filler gap of size 1 at implant RVTN.
Filler gap of size 2 at implant RVTN.
Filler gap of size 4 at implant RVTN.
Filler gap of size 1 at implant RVTN.
Filler gap of size 1 at implant RVTN.
Filler gap of size 1 at implant RVTN.
Filler gap of size 1 at implant RVTN.
Filler gap of size 5 at implant RVTN.
Filler gap of size 1 at implant RVTN.
Filler gap of size 4 at implant RVTN.
Filler gap of size 7 at implant RVTN.
Filler gap of size 2 at implant RVTN.
Filler gap of size 1 at implant RVTN.
Filler gap of size 12 at implant RVTN.
Filler gap of size 34 at implant RVTN.
Filler gap of size 2 at implant RVTN.
Filler gap of size 1 at implant RVTN.
Filler gap of size 2 at implant RVTN.
Filler gap of size 1 at implant RVTN.
Filler gap of size 2 at implant RVTN.
Filler gap of size 1 at implant RVTN.
Filler gap of size 3 at implant RVTN.
Filler gap of size 5 at implant RVTN.
Filler gap of size 11 at implant RVTN.
Filler gap of size 2 at implant RVTN.
Filler gap of size 57 at implant RVTN.
Filler gap of size 29 at implant RVTN.
Filler gap of size 56 at implant RVTN.
Filler gap of size 3 at implant RVTN.
Filler gap of size 2 at implant RVTN.
Filler gap of size 20 at implant RVTN.
Filler gap of size 2 at implant RVTN.
Filler gap of size 6 at implant RVTN.
Filler gap of size 8 at implant RVTN.
Filler gap of size 6 at implant RVTN.
Filler gap of size 11 at implant RVTN.
Filler gap of size 2 at implant RVTN.
Filler gap of size 6 at implant RVTN.
Filler gap of size 1 at implant RVTN.
Filler gap of size 14 at implant RVTN.
Filler gap of size 4 at implant RVTN.
Filler gap of size 3 at implant RVTN.
Filler gap of size 8 at implant RVTN.
Filler gap of size 2 at implant RVTN.
Filler gap of size 1 at implant RVTN.
Filler gap of size 2 at implant RVTN.
Filler gap of size 10 at implant RVTN.
Filler gap of size 15 at implant RVTN.
Filler gap of size 1 at implant RVTN.
Filler gap of size 1 at implant RVTN.
Filler gap of size 1 at implant RVTN.
Filler gap of size 2 at implant RVTN.
Filler gap of size 2 at implant RVTN.
Filler gap of size 1 at implant RVTN.
Filler gap of size 2 at implant RVTN.
Filler gap of size 4 at implant RVTN.
Filler gap of size 8 at implant RVTN.
Filler gap of size 5 at implant RVTN.
Filler gap of size 7 at implant RVTN.
Filler gap of size 3 at implant RVTN.
Filler gap of size 2 at implant RVTN.
Filler gap of size 8 at implant RVTN.
Filler gap of size 1 at implant RVTN.
Filler gap of size 52 at implant RVTN.
Filler gap of size 56 at implant RVTN.
Filler gap of size 58 at implant RVTN.
Filler gap of size 1 at implant RVTN.
Filler gap of size 25 at implant RVTN.
Filler gap of size 2 at implant RVTN.
Filler gap of size 5 at implant RVTN.
Filler gap of size 5 at implant RVTN.
Filler gap of size 7 at implant RVTN.
Filler gap of size 2 at implant RVTN.
Filler gap of size 6 at implant RVTN.
Filler gap of size 1 at implant RVTN.
Filler gap of size 11 at implant RVTN.
Filler gap of size 22 at implant RVTN.
Filler gap of size 5 at implant RVTN.
Filler gap of size 2 at implant RVTN.
Filler gap of size 8 at implant RVTN.
Filler gap of size 16 at implant RVTN.
Filler gap of size 3 at implant RVTN.
Filler gap of size 3 at implant RVTN.
Filler gap of size 12 at implant RVTN.
Filler gap of size 2 at implant RVTN.
Filler gap of size 2 at implant RVTN.
Filler gap of size 1 at implant RVTN.
Filler gap of size 2 at implant RVTN.
Filler gap of size 1 at implant RVTN.
Filler gap of size 6 at implant RVTN.
Filler gap of size 12 at implant RVTN.
Filler gap of size 30 at implant RVTN.
Filler gap of size 4 at implant RVTN.
Filler gap of size 2 at implant RVTN.
Filler gap of size 4 at implant RVTN.
Filler gap of size 54 at implant RVTN.
Filler gap of size 7 at implant RVTN.
Filler gap of size 8 at implant RVTN.
Filler gap of size 6 at implant RVTN.
Filler gap of size 61 at implant RVTN.
Filler gap of size 1 at implant RVTN.
Filler gap of size 8 at implant RVTN.
Filler gap of size 2 at implant RVTN.
Filler gap of size 4 at implant RVTN.
Filler gap of size 2 at implant RVTN.
Filler gap of size 2 at implant RVTN.
Filler gap of size 1 at implant RVTN.
Filler gap of size 18 at implant RVTN.
Filler gap of size 3 at implant RVTN.
Filler gap of size 19 at implant RVTN.
Filler gap of size 9 at implant RVTN.
Filler gap of size 1 at implant RVTN.
Filler gap of size 3 at implant RVTN.
Filler gap of size 5 at implant RVTN.
Filler gap of size 2 at implant RVTN.
Filler gap of size 5 at implant RVTN.
Filler gap of size 3 at implant RVTN.
Filler gap of size 1 at implant RVTN.
Filler gap of size 1 at implant RVTN.
Filler gap of size 1 at implant RVTN.
Filler gap of size 3 at implant RVTN.
Filler gap of size 3 at implant RVTN.
Filler gap of size 2 at implant RVTN.
Filler gap of size 13 at implant RVTN.
Filler gap of size 13 at implant RVTN.
Filler gap of size 7 at implant RVTN.
Filler gap of size 3 at implant RVTN.
Filler gap of size 2 at implant RVTN.
Filler gap of size 1 at implant RVTN.
Filler gap of size 1 at implant RVTN.
Filler gap of size 1 at implant RVTN.
Filler gap of size 2 at implant RVTN.
Filler gap of size 2 at implant RVTN.
Filler gap of size 2 at implant RVTN.
Filler gap of size 4 at implant RVTN.
Filler gap of size 3 at implant RVTN.
Filler gap of size 9 at implant RVTN.
Filler gap of size 3 at implant RVTN.
Filler gap of size 15 at implant RVTN.
Filler gap of size 2 at implant RVTN.
Filler gap of size 8 at implant RVTN.
Filler gap of size 59 at implant RVTN.
Filler gap of size 62 at implant RVTN.
Filler gap of size 3 at implant RVTN.
Filler gap of size 1 at implant RVTN.
Filler gap of size 6 at implant RVTN.
Filler gap of size 15 at implant RVTN.
Filler gap of size 3 at implant RVTN.
Filler gap of size 5 at implant RVTN.
Filler gap of size 7 at implant RVTN.
Filler gap of size 2 at implant RVTN.
Filler gap of size 1 at implant RVTN.
Filler gap of size 1 at implant RVTN.
Filler gap of size 1 at implant RVTN.
Filler gap of size 3 at implant RVTN.
Filler gap of size 4 at implant RVTN.
Filler gap of size 2 at implant RVTN.
Filler gap of size 1 at implant RVTN.
Filler gap of size 1 at implant RVTN.
Filler gap of size 2 at implant RVTN.
Filler gap of size 1 at implant RVTN.
Filler gap of size 8 at implant RVTN.
Filler gap of size 10 at implant RVTN.
Filler gap of size 3 at implant RVTN.
Filler gap of size 5 at implant RVTN.
Filler gap of size 1 at implant RVTN.
Filler gap of size 3 at implant RVTN.
Filler gap of size 1 at implant RVTN.
Filler gap of size 2 at implant RVTN.
Filler gap of size 3 at implant RVTN.
Filler gap of size 5 at implant RVTN.
Filler gap of size 2 at implant RVTN.
Filler gap of size 3 at implant RVTN.
Filler gap of size 4 at implant RVTN.
Filler gap of size 10 at implant RVTN.
Filler gap of size 2 at implant RVTN.
Filler gap of size 3 at implant RVTN.
Filler gap of size 6 at implant RVTN.
Filler gap of size 5 at implant RVTN.
Filler gap of size 7 at implant RVTN.
Filler gap of size 44 at implant RVTN.
Filler gap of size 68 at implant RVTN.
Filler gap of size 3 at implant RVTN.
Filler gap of size 2 at implant RVTN.
Filler gap of size 4 at implant RVTN.
Filler gap of size 1 at implant RVTN.
Filler gap of size 3 at implant RVTN.
Filler gap of size 13 at implant RVTN.
Filler gap of size 17 at implant RVTN.
Filler gap of size 20 at implant RVTN.
Filler gap of size 3 at implant RVTN.
Filler gap of size 1 at implant RVTN.
Filler gap of size 1 at implant RVTN.
Filler gap of size 17 at implant RVTN.
Filler gap of size 5 at implant RVTN.
Filler gap of size 2 at implant RVTN.
Filler gap of size 1 at implant RVTN.
Filler gap of size 6 at implant RVTN.
Filler gap of size 1 at implant RVTN.
Filler gap of size 2 at implant RVTN.
Filler gap of size 1 at implant RVTN.
Filler gap of size 2 at implant RVTN.
Filler gap of size 4 at implant RVTN.
Filler gap of size 2 at implant RVTN.
Filler gap of size 23 at implant RVTN.
Filler gap of size 3 at implant RVTN.
Filler gap of size 3 at implant RVTN.
Filler gap of size 2 at implant RVTN.
Filler gap of size 4 at implant RVTN.
Filler gap of size 1 at implant RVTN.
Filler gap of size 5 at implant RVTN.
Filler gap of size 4 at implant RVTN.
Filler gap of size 4 at implant RVTN.
Filler gap of size 59 at implant RVTN.
Filler gap of size 67 at implant RVTN.
Filler gap of size 2 at implant RVTN.
Filler gap of size 5 at implant RVTN.
Filler gap of size 9 at implant RVTN.
Filler gap of size 2 at implant RVTN.
Filler gap of size 3 at implant RVTN.
Filler gap of size 2 at implant RVTN.
Filler gap of size 2 at implant RVTN.
Filler gap of size 27 at implant RVTN.
Filler gap of size 2 at implant RVTN.
Filler gap of size 4 at implant RVTN.
Filler gap of size 10 at implant RVTN.
Filler gap of size 7 at implant RVTN.
Filler gap of size 1 at implant RVTN.
Filler gap of size 6 at implant RVTN.
Filler gap of size 2 at implant RVTN.
Filler gap of size 6 at implant RVTN.
Filler gap of size 6 at implant RVTN.
Filler gap of size 6 at implant RVTN.
Filler gap of size 2 at implant RVTN.
Filler gap of size 2 at implant RVTN.
Filler gap of size 15 at implant RVTN.
Filler gap of size 1 at implant RVTN.
Filler gap of size 3 at implant RVTN.
Filler gap of size 2 at implant RVTN.
Filler gap of size 5 at implant RVTN.
Filler gap of size 3 at implant RVTN.
Filler gap of size 2 at implant RVTN.
Filler gap of size 3 at implant RVTN.
Filler gap of size 4 at implant RVTN.
Filler gap of size 5 at implant RVTN.
Filler gap of size 4 at implant RVTN.
Filler gap of size 2 at implant RVTN.
Filler gap of size 1 at implant RVTN.
Filler gap of size 3 at implant RVTN.
Filler gap of size 2 at implant RVTN.
Filler gap of size 3 at implant RVTN.
Filler gap of size 8 at implant RVTN.
Filler gap of size 13 at implant RVTN.
Filler gap of size 61 at implant RVTN.
Filler gap of size 16 at implant RVTN.
Filler gap of size 5 at implant RVTN.
Filler gap of size 2 at implant RVTN.
Filler gap of size 2 at implant RVTN.
Filler gap of size 6 at implant RVTN.
Filler gap of size 2 at implant RVTN.
Filler gap of size 8 at implant RVTN.
Filler gap of size 2 at implant RVTN.
Filler gap of size 8 at implant RVTN.
Filler gap of size 2 at implant RVTN.
Filler gap of size 1 at implant RVTN.
Filler gap of size 15 at implant RVTN.
Filler gap of size 8 at implant RVTN.
Filler gap of size 5 at implant RVTN.
Filler gap of size 3 at implant RVTN.
Filler gap of size 2 at implant RVTN.
Filler gap of size 10 at implant RVTN.
Filler gap of size 3 at implant RVTN.
Filler gap of size 6 at implant RVTN.
Filler gap of size 2 at implant RVTN.
Filler gap of size 2 at implant RVTN.
Filler gap of size 3 at implant RVTN.
Filler gap of size 5 at implant RVTN.
Filler gap of size 3 at implant RVTN.
Filler gap of size 1 at implant RVTN.
Filler gap of size 3 at implant RVTN.
Filler gap of size 1 at implant RVTN.
Filler gap of size 2 at implant RVTN.
Filler gap of size 2 at implant RVTN.
Filler gap of size 1 at implant RVTN.
Filler gap of size 6 at implant RVTN.
Filler gap of size 3 at implant RVTN.
Filler gap of size 2 at implant RVTN.
Filler gap of size 6 at implant RVTN.
Filler gap of size 8 at implant RVTN.
Filler gap of size 61 at implant RVTN.
Filler gap of size 23 at implant RVTN.
Filler gap of size 1 at implant RVTN.
Filler gap of size 1 at implant RVTN.
Filler gap of size 23 at implant RVTN.
Filler gap of size 8 at implant RVTN.
Filler gap of size 6 at implant RVTN.
Filler gap of size 3 at implant RVTN.
Filler gap of size 6 at implant RVTN.
Filler gap of size 1 at implant RVTN.
Filler gap of size 16 at implant RVTN.
Filler gap of size 18 at implant RVTN.
Filler gap of size 3 at implant RVTN.
Filler gap of size 1 at implant RVTN.
Filler gap of size 9 at implant RVTN.
Filler gap of size 3 at implant RVTN.
Filler gap of size 1 at implant RVTN.
Filler gap of size 2 at implant RVTN.
Filler gap of size 7 at implant RVTN.
Filler gap of size 1 at implant RVTN.
Filler gap of size 1 at implant RVTN.
Filler gap of size 1 at implant RVTN.
Filler gap of size 2 at implant RVTN.
Filler gap of size 1 at implant RVTN.
Filler gap of size 3 at implant RVTN.
Filler gap of size 2 at implant RVTN.
Filler gap of size 3 at implant RVTN.
Filler gap of size 5 at implant RVTN.
Filler gap of size 3 at implant RVTN.
Filler gap of size 6 at implant RVTN.
Filler gap of size 23 at implant RVTN.
Filler gap of size 9 at implant RVTN.
Filler gap of size 2 at implant RVTN.
Filler gap of size 15 at implant RVTN.
Filler gap of size 61 at implant RVTN.
Filler gap of size 12 at implant RVTN.
Filler gap of size 2 at implant RVTN.
Filler gap of size 2 at implant RVTN.
Filler gap of size 5 at implant RVTN.
Filler gap of size 13 at implant RVTN.
Filler gap of size 2 at implant RVTN.
Filler gap of size 6 at implant RVTN.
Filler gap of size 1 at implant RVTN.
Filler gap of size 1 at implant RVTN.
Filler gap of size 1 at implant RVTN.
Filler gap of size 6 at implant RVTN.
Filler gap of size 14 at implant RVTN.
Filler gap of size 1 at implant RVTN.
Filler gap of size 20 at implant RVTN.
Filler gap of size 5 at implant RVTN.
Filler gap of size 4 at implant RVTN.
Filler gap of size 2 at implant RVTN.
Filler gap of size 1 at implant RVTN.
Filler gap of size 1 at implant RVTN.
Filler gap of size 1 at implant RVTN.
Filler gap of size 2 at implant RVTN.
Filler gap of size 4 at implant RVTN.
Filler gap of size 4 at implant RVTN.
Filler gap of size 1 at implant RVTN.
Filler gap of size 10 at implant RVTN.
Filler gap of size 39 at implant RVTN.
Filler gap of size 9 at implant RVTN.
Filler gap of size 3 at implant RVTN.
Filler gap of size 9 at implant RVTN.
Filler gap of size 20 at implant RVTN.
Filler gap of size 20 at implant RVTN.
Filler gap of size 5 at implant RVTN.
Filler gap of size 7 at implant RVTN.
Filler gap of size 8 at implant RVTN.
Filler gap of size 22 at implant RVTN.
Filler gap of size 34 at implant RVTN.
Filler gap of size 61 at implant RVTN.
Filler gap of size 3 at implant RVTN.
Filler gap of size 16 at implant RVTN.
Filler gap of size 10 at implant RVTN.
Filler gap of size 1 at implant RVTN.
Filler gap of size 1 at implant RVTN.
Filler gap of size 2 at implant RVTN.
Filler gap of size 2 at implant RVTN.
Filler gap of size 3 at implant RVTN.
Filler gap of size 2 at implant RVTN.
Filler gap of size 2 at implant RVTN.
Filler gap of size 13 at implant RVTN.
Filler gap of size 12 at implant RVTN.
Filler gap of size 1 at implant RVTN.
Filler gap of size 1 at implant RVTN.
Filler gap of size 2 at implant RVTN.
Filler gap of size 7 at implant RVTN.
Filler gap of size 1 at implant RVTN.
Filler gap of size 8 at implant RVTN.
Filler gap of size 1 at implant RVTN.
Filler gap of size 1 at implant RVTN.
Filler gap of size 1 at implant RVTN.
Filler gap of size 2 at implant RVTN.
Filler gap of size 7 at implant RVTN.
Filler gap of size 2 at implant RVTN.
Filler gap of size 8 at implant RVTN.
Filler gap of size 2 at implant RVTN.
Filler gap of size 5 at implant RVTN.
Filler gap of size 6 at implant RVTN.
Filler gap of size 10 at implant RVTN.
Filler gap of size 3 at implant RVTN.
Filler gap of size 2 at implant RVTN.
Filler gap of size 3 at implant RVTN.
Filler gap of size 1 at implant RVTN.
Filler gap of size 1 at implant RVTN.
Filler gap of size 14 at implant RVTN.
Filler gap of size 10 at implant RVTN.
Filler gap of size 4 at implant RVTN.
Filler gap of size 1 at implant RVTN.
Filler gap of size 3 at implant RVTN.
Filler gap of size 45 at implant RVTN.
Filler gap of size 1 at implant RVTN.
Filler gap of size 11 at implant RVTN.
Filler gap of size 96 at implant RVTN.
Filler gap of size 1 at implant RVTN.
Filler gap of size 4 at implant RVTN.
Filler gap of size 3 at implant RVTN.
Filler gap of size 2 at implant RVTN.
Filler gap of size 3 at implant RVTN.
Filler gap of size 1 at implant RVTN.
Filler gap of size 2 at implant RVTN.
Filler gap of size 22 at implant RVTN.
Filler gap of size 2 at implant RVTN.
Filler gap of size 3 at implant RVTN.
Filler gap of size 7 at implant RVTN.
Filler gap of size 3 at implant RVTN.
Filler gap of size 2 at implant RVTN.
Filler gap of size 1 at implant RVTN.
Filler gap of size 1 at implant RVTN.
Filler gap of size 8 at implant RVTN.
Filler gap of size 6 at implant RVTN.
Filler gap of size 4 at implant RVTN.
Filler gap of size 1 at implant RVTN.
Filler gap of size 3 at implant RVTN.
Filler gap of size 2 at implant RVTN.
Filler gap of size 32 at implant RVTN.
Filler gap of size 2 at implant RVTN.
Filler gap of size 3 at implant RVTN.
Filler gap of size 5 at implant RVTN.
Filler gap of size 1 at implant RVTN.
Filler gap of size 1 at implant RVTN.
Filler gap of size 4 at implant RVTN.
Filler gap of size 6 at implant RVTN.
Filler gap of size 1 at implant RVTN.
Filler gap of size 3 at implant RVTN.
Filler gap of size 24 at implant RVTN.
Filler gap of size 27 at implant RVTN.
Filler gap of size 70 at implant RVTN.
Filler gap of size 5 at implant RVTN.
Filler gap of size 9 at implant RVTN.
Filler gap of size 1 at implant RVTN.
Filler gap of size 5 at implant RVTN.
Filler gap of size 6 at implant RVTN.
Filler gap of size 5 at implant RVTN.
Filler gap of size 6 at implant RVTN.
Filler gap of size 2 at implant RVTN.
Filler gap of size 18 at implant RVTN.
Filler gap of size 14 at implant RVTN.
Filler gap of size 3 at implant RVTN.
Filler gap of size 2 at implant RVTN.
Filler gap of size 1 at implant RVTN.
Filler gap of size 1 at implant RVTN.
Filler gap of size 1 at implant RVTN.
Filler gap of size 2 at implant RVTN.
Filler gap of size 13 at implant RVTN.
Filler gap of size 3 at implant RVTN.
Filler gap of size 25 at implant RVTN.
Filler gap of size 6 at implant RVTN.
Filler gap of size 18 at implant RVTN.
Filler gap of size 16 at implant RVTN.
Filler gap of size 1 at implant RVTN.
Filler gap of size 28 at implant RVTN.
Filler gap of size 22 at implant RVTN.
Filler gap of size 12 at implant RVTN.
Filler gap of size 2 at implant RVTN.
Filler gap of size 2 at implant RVTN.
Filler gap of size 3 at implant RVTN.
Filler gap of size 3 at implant RVTN.
Filler gap of size 2 at implant RVTN.
Filler gap of size 2 at implant RVTN.
Filler gap of size 1 at implant RVTN.
Filler gap of size 1 at implant RVTN.
Filler gap of size 7 at implant RVTN.
Filler gap of size 2 at implant RVTN.
Filler gap of size 2 at implant RVTN.
Filler gap of size 8 at implant RVTN.
Filler gap of size 2 at implant RVTN.
Filler gap of size 13 at implant RVTN.
Filler gap of size 92 at implant RVTN.
Filler gap of size 2 at implant RVTN.
Filler gap of size 7 at implant RVTN.
Filler gap of size 1 at implant RVTN.
Filler gap of size 1 at implant RVTN.
Filler gap of size 7 at implant RVTN.
Filler gap of size 2 at implant RVTN.
Filler gap of size 1 at implant RVTN.
Filler gap of size 1 at implant RVTN.
Filler gap of size 1 at implant RVTN.
Filler gap of size 1 at implant RVTN.
Filler gap of size 2 at implant RVTN.
Filler gap of size 2 at implant RVTN.
Filler gap of size 3 at implant RVTN.
Filler gap of size 6 at implant RVTN.
Filler gap of size 8 at implant RVTN.
Filler gap of size 9 at implant RVTN.
Filler gap of size 2 at implant RVTN.
Filler gap of size 4 at implant RVTN.
Filler gap of size 1 at implant RVTN.
Filler gap of size 1 at implant RVTN.
Filler gap of size 16 at implant RVTN.
Filler gap of size 1 at implant RVTN.
Filler gap of size 2 at implant RVTN.
Filler gap of size 2 at implant RVTN.
Filler gap of size 5 at implant RVTN.
Filler gap of size 4 at implant RVTN.
Filler gap of size 13 at implant RVTN.
Filler gap of size 9 at implant RVTN.
Filler gap of size 5 at implant RVTN.
Filler gap of size 1 at implant RVTN.
Filler gap of size 3 at implant RVTN.
Filler gap of size 1 at implant RVTN.
Filler gap of size 1 at implant RVTN.
Filler gap of size 5 at implant RVTN.
Filler gap of size 3 at implant RVTN.
Filler gap of size 2 at implant RVTN.
Filler gap of size 1 at implant RVTN.
Filler gap of size 3 at implant RVTN.
Filler gap of size 2 at implant RVTN.
Filler gap of size 4 at implant RVTN.
Filler gap of size 3 at implant RVTN.
Filler gap of size 13 at implant RVTN.
Filler gap of size 6 at implant RVTN.
Filler gap of size 2 at implant RVTN.
Filler gap of size 82 at implant RVTN.
Filler gap of size 16 at implant RVTN.
Filler gap of size 1 at implant RVTN.
Filler gap of size 2 at implant RVTN.
Filler gap of size 4 at implant RVTN.
Filler gap of size 3 at implant RVTN.
Filler gap of size 10 at implant RVTN.
Filler gap of size 9 at implant RVTN.
Filler gap of size 2 at implant RVTN.
Filler gap of size 6 at implant RVTN.
Filler gap of size 1 at implant RVTN.
Filler gap of size 17 at implant RVTN.
Filler gap of size 9 at implant RVTN.
Filler gap of size 3 at implant RVTN.
Filler gap of size 1 at implant RVTN.
Filler gap of size 2 at implant RVTN.
Filler gap of size 5 at implant RVTN.
Filler gap of size 2 at implant RVTN.
Filler gap of size 19 at implant RVTN.
Filler gap of size 4 at implant RVTN.
Filler gap of size 3 at implant RVTN.
Filler gap of size 1 at implant RVTN.
Filler gap of size 6 at implant RVTN.
Filler gap of size 4 at implant RVTN.
Filler gap of size 2 at implant RVTN.
Filler gap of size 5 at implant RVTN.
Filler gap of size 3 at implant RVTN.
Filler gap of size 2 at implant RVTN.
Filler gap of size 1 at implant RVTN.
Filler gap of size 12 at implant RVTN.
Filler gap of size 2 at implant RVTN.
Filler gap of size 40 at implant RVTN.
Filler gap of size 8 at implant RVTN.
Filler gap of size 1 at implant RVTN.
Filler gap of size 7 at implant RVTN.
Filler gap of size 2 at implant RVTN.
Filler gap of size 7 at implant RVTN.
Filler gap of size 1 at implant RVTN.
Filler gap of size 12 at implant RVTN.
Filler gap of size 5 at implant RVTN.
Filler gap of size 8 at implant RVTN.
Filler gap of size 66 at implant RVTN.
Filler gap of size 4 at implant RVTN.
Filler gap of size 1 at implant RVTN.
Filler gap of size 2 at implant RVTN.
Filler gap of size 38 at implant RVTN.
Filler gap of size 25 at implant RVTN.
Filler gap of size 3 at implant RVTN.
Filler gap of size 7 at implant RVTN.
Filler gap of size 11 at implant RVTN.
Filler gap of size 4 at implant RVTN.
Filler gap of size 3 at implant RVTN.
Filler gap of size 2 at implant RVTN.
Filler gap of size 1 at implant RVTN.
Filler gap of size 3 at implant RVTN.
Filler gap of size 2 at implant RVTN.
Filler gap of size 8 at implant RVTN.
Filler gap of size 11 at implant RVTN.
Filler gap of size 2 at implant RVTN.
Filler gap of size 2 at implant RVTN.
Filler gap of size 7 at implant RVTN.
Filler gap of size 3 at implant RVTN.
Filler gap of size 19 at implant RVTN.
Filler gap of size 4 at implant RVTN.
Filler gap of size 1 at implant RVTN.
Filler gap of size 1 at implant RVTN.
Filler gap of size 3 at implant RVTN.
Filler gap of size 7 at implant RVTN.
Filler gap of size 4 at implant RVTN.
Filler gap of size 9 at implant RVTN.
Filler gap of size 3 at implant RVTN.
Filler gap of size 4 at implant RVTN.
Filler gap of size 3 at implant RVTN.
Filler gap of size 5 at implant RVTN.
Filler gap of size 2 at implant RVTN.
Filler gap of size 1 at implant RVTN.
Filler gap of size 8 at implant RVTN.
Filler gap of size 2 at implant RVTN.
Filler gap of size 1 at implant RVTN.
Filler gap of size 1 at implant RVTN.
Filler gap of size 9 at implant RVTN.
Filler gap of size 7 at implant RVTN.
Filler gap of size 14 at implant RVTN.
Filler gap of size 58 at implant RVTN.
Filler gap of size 3 at implant RVTN.
Filler gap of size 12 at implant RVTN.
Filler gap of size 2 at implant RVTN.
Filler gap of size 6 at implant RVTN.
Filler gap of size 14 at implant RVTN.
Filler gap of size 6 at implant RVTN.
Filler gap of size 37 at implant RVTN.
Filler gap of size 2 at implant RVTN.
Filler gap of size 2 at implant RVTN.
Filler gap of size 1 at implant RVTN.
Filler gap of size 3 at implant RVTN.
Filler gap of size 3 at implant RVTN.
Filler gap of size 4 at implant RVTN.
Filler gap of size 6 at implant RVTN.
Filler gap of size 6 at implant RVTN.
Filler gap of size 2 at implant RVTN.
Filler gap of size 2 at implant RVTN.
Filler gap of size 3 at implant RVTN.
Filler gap of size 6 at implant RVTN.
Filler gap of size 1 at implant RVTN.
Filler gap of size 2 at implant RVTN.
Filler gap of size 8 at implant RVTN.
Filler gap of size 4 at implant RVTN.
Filler gap of size 1 at implant RVTN.
Filler gap of size 2 at implant RVTN.
Filler gap of size 23 at implant RVTN.
Filler gap of size 2 at implant RVTN.
Filler gap of size 7 at implant RVTN.
Filler gap of size 1 at implant RVTN.
Filler gap of size 5 at implant RVTN.
Filler gap of size 4 at implant RVTN.
Filler gap of size 58 at implant RVTN.
Filler gap of size 6 at implant RVTN.
Filler gap of size 6 at implant RVTN.
Filler gap of size 6 at implant RVTN.
Filler gap of size 2 at implant RVTN.
Filler gap of size 13 at implant RVTN.
Filler gap of size 6 at implant RVTN.
Filler gap of size 27 at implant RVTN.
Filler gap of size 8 at implant RVTN.
Filler gap of size 4 at implant RVTN.
Filler gap of size 3 at implant RVTN.
Filler gap of size 2 at implant RVTN.
Filler gap of size 11 at implant RVTN.
Filler gap of size 1 at implant RVTN.
Filler gap of size 16 at implant RVTN.
Filler gap of size 3 at implant RVTN.
Filler gap of size 2 at implant RVTN.
Filler gap of size 3 at implant RVTN.
Filler gap of size 5 at implant RVTN.
Filler gap of size 1 at implant RVTN.
Filler gap of size 1 at implant RVTN.
Filler gap of size 9 at implant RVTN.
Filler gap of size 12 at implant RVTN.
Filler gap of size 2 at implant RVTN.
Filler gap of size 3 at implant RVTN.
Filler gap of size 2 at implant RVTN.
Filler gap of size 4 at implant RVTN.
Filler gap of size 2 at implant RVTN.
Filler gap of size 4 at implant RVTN.
Filler gap of size 7 at implant RVTN.
Filler gap of size 2 at implant RVTN.
Filler gap of size 1 at implant RVTN.
Filler gap of size 2 at implant RVTN.
Filler gap of size 7 at implant RVTN.
Filler gap of size 26 at implant RVTN.
Filler gap of size 26 at implant RVTN.
Filler gap of size 11 at implant RVTN.
Filler gap of size 1 at implant RVTN.
Filler gap of size 8 at implant RVTN.
Filler gap of size 67 at implant RVTN.
Filler gap of size 9 at implant RVTN.
Filler gap of size 4 at implant RVTN.
Filler gap of size 1 at implant RVTN.
Filler gap of size 3 at implant RVTN.
Filler gap of size 3 at implant RVTN.
Filler gap of size 3 at implant RVTN.
Filler gap of size 12 at implant RVTN.
Filler gap of size 3 at implant RVTN.
Filler gap of size 3 at implant RVTN.
Filler gap of size 6 at implant RVTN.
Filler gap of size 1 at implant RVTN.
Filler gap of size 5 at implant RVTN.
Filler gap of size 1 at implant RVTN.
Filler gap of size 13 at implant RVTN.
Filler gap of size 2 at implant RVTN.
Filler gap of size 5 at implant RVTN.
Filler gap of size 8 at implant RVTN.
Filler gap of size 1 at implant RVTN.
Filler gap of size 2 at implant RVTN.
Filler gap of size 6 at implant RVTN.
Filler gap of size 3 at implant RVTN.
Filler gap of size 2 at implant RVTN.
Filler gap of size 2 at implant RVTN.
Filler gap of size 2 at implant RVTN.
Filler gap of size 3 at implant RVTN.
Filler gap of size 2 at implant RVTN.
Filler gap of size 16 at implant RVTN.
Filler gap of size 8 at implant RVTN.
Filler gap of size 7 at implant RVTN.
Filler gap of size 4 at implant RVTN.
Filler gap of size 2 at implant RVTN.
Filler gap of size 4 at implant RVTN.
Filler gap of size 3 at implant RVTN.
Filler gap of size 5 at implant RVTN.
Filler gap of size 59 at implant RVTN.
Filler gap of size 31 at implant RVTN.
Filler gap of size 5 at implant RVTN.
Filler gap of size 58 at implant RVTN.
Filler gap of size 1 at implant RVTN.
Filler gap of size 2 at implant RVTN.
Filler gap of size 11 at implant RVTN.
Filler gap of size 3 at implant RVTN.
Filler gap of size 3 at implant RVTN.
Filler gap of size 4 at implant RVTN.
Filler gap of size 1 at implant RVTN.
Filler gap of size 1 at implant RVTN.
Filler gap of size 1 at implant RVTN.
Filler gap of size 2 at implant RVTN.
Filler gap of size 2 at implant RVTN.
Filler gap of size 5 at implant RVTN.
Filler gap of size 2 at implant RVTN.
Filler gap of size 1 at implant RVTN.
Filler gap of size 1 at implant RVTN.
Filler gap of size 2 at implant RVTN.
Filler gap of size 2 at implant RVTN.
Filler gap of size 9 at implant RVTN.
Filler gap of size 4 at implant RVTN.
Filler gap of size 3 at implant RVTN.
Filler gap of size 5 at implant RVTN.
Filler gap of size 3 at implant RVTN.
Filler gap of size 7 at implant RVTN.
Filler gap of size 1 at implant RVTN.
Filler gap of size 9 at implant RVTN.
Filler gap of size 1 at implant RVTN.
Filler gap of size 2 at implant RVTN.
Filler gap of size 1 at implant RVTN.
Filler gap of size 1 at implant RVTN.
Filler gap of size 17 at implant RVTN.
Filler gap of size 6 at implant RVTN.
Filler gap of size 8 at implant RVTN.
Filler gap of size 11 at implant RVTN.
Filler gap of size 14 at implant RVTN.
Filler gap of size 6 at implant RVTN.
Filler gap of size 2 at implant RVTN.
Filler gap of size 5 at implant RVTN.
Filler gap of size 20 at implant RVTN.
Filler gap of size 3 at implant RVTN.
Filler gap of size 1 at implant RVTN.
Filler gap of size 2 at implant RVTN.
Filler gap of size 1 at implant RVTN.
Filler gap of size 32 at implant RVTN.
Filler gap of size 50 at implant RVTN.
Filler gap of size 1 at implant RVTN.
Filler gap of size 56 at implant RVTN.
Filler gap of size 5 at implant RVTN.
Filler gap of size 2 at implant RVTN.
Filler gap of size 1 at implant RVTN.
Filler gap of size 1 at implant RVTN.
Filler gap of size 1 at implant RVTN.
Filler gap of size 3 at implant RVTN.
Filler gap of size 6 at implant RVTN.
Filler gap of size 5 at implant RVTN.
Filler gap of size 2 at implant RVTN.
Filler gap of size 1 at implant RVTN.
Filler gap of size 11 at implant RVTN.
Filler gap of size 1 at implant RVTN.
Filler gap of size 1 at implant RVTN.
Filler gap of size 19 at implant RVTN.
Filler gap of size 2 at implant RVTN.
Filler gap of size 1 at implant RVTN.
Filler gap of size 2 at implant RVTN.
Filler gap of size 11 at implant RVTN.
Filler gap of size 5 at implant RVTN.
Filler gap of size 4 at implant RVTN.
Filler gap of size 8 at implant RVTN.
Filler gap of size 2 at implant RVTN.
Filler gap of size 6 at implant RVTN.
Filler gap of size 8 at implant RVTN.
Filler gap of size 2 at implant RVTN.
Filler gap of size 8 at implant RVTN.
Filler gap of size 23 at implant RVTN.
Filler gap of size 2 at implant RVTN.
Filler gap of size 2 at implant RVTN.
Filler gap of size 63 at implant RVTN.
Filler gap of size 1 at implant RVTN.
Filler gap of size 23 at implant RVTN.
Filler gap of size 5 at implant RVTN.
Filler gap of size 9 at implant RVTN.
Filler gap of size 56 at implant RVTN.
Filler gap of size 8 at implant RVTN.
Filler gap of size 2 at implant RVTN.
Filler gap of size 1 at implant RVTN.
Filler gap of size 1 at implant RVTN.
Filler gap of size 1 at implant RVTN.
Filler gap of size 2 at implant RVTN.
Filler gap of size 5 at implant RVTN.
Filler gap of size 11 at implant RVTN.
Filler gap of size 28 at implant RVTN.
Filler gap of size 16 at implant RVTN.
Filler gap of size 4 at implant RVTN.
Filler gap of size 16 at implant RVTN.
Filler gap of size 6 at implant RVTN.
Filler gap of size 1 at implant RVTN.
Filler gap of size 2 at implant RVTN.
Filler gap of size 2 at implant RVTN.
Filler gap of size 2 at implant RVTN.
Filler gap of size 27 at implant RVTN.
Filler gap of size 20 at implant RVTN.
Filler gap of size 18 at implant RVTN.
Filler gap of size 52 at implant RVTN.
Filler gap of size 7 at implant RVTN.
Filler gap of size 21 at implant RVTN.
Filler gap of size 7 at implant RVTN.
Filler gap of size 17 at implant RVTN.
Filler gap of size 19 at implant RVTN.
Filler gap of size 62 at implant RVTN.
Filler gap of size 3 at implant RVTN.
Filler gap of size 3 at implant RVTN.
Filler gap of size 4 at implant RVTN.
Filler gap of size 5 at implant RVTN.
Filler gap of size 15 at implant RVTN.
Filler gap of size 1 at implant RVTN.
Filler gap of size 14 at implant RVTN.
Filler gap of size 2 at implant RVTN.
Filler gap of size 14 at implant RVTN.
Filler gap of size 2 at implant RVTN.
Filler gap of size 7 at implant RVTN.
Filler gap of size 3 at implant RVTN.
Filler gap of size 7 at implant RVTN.
Filler gap of size 1 at implant RVTN.
Filler gap of size 1 at implant RVTN.
Filler gap of size 3 at implant RVTN.
Filler gap of size 2 at implant RVTN.
Filler gap of size 2 at implant RVTN.
Filler gap of size 20 at implant RVTN.
Filler gap of size 6 at implant RVTN.
Filler gap of size 9 at implant RVTN.
Filler gap of size 11 at implant RVTN.
Filler gap of size 12 at implant RVTN.
Filler gap of size 161 at implant RVTN.
Filler gap of size 62 at implant RVTN.
Filler gap of size 19 at implant RVTN.
Filler gap of size 1 at implant RVTN.
Filler gap of size 11 at implant RVTN.
Filler gap of size 3 at implant RVTN.
Filler gap of size 5 at implant RVTN.
Filler gap of size 18 at implant RVTN.
Filler gap of size 6 at implant RVTN.
Filler gap of size 1 at implant RVTN.
Filler gap of size 10 at implant RVTN.
Filler gap of size 3 at implant RVTN.
Filler gap of size 20 at implant RVTN.
Filler gap of size 1 at implant RVTN.
Filler gap of size 1 at implant RVTN.
Filler gap of size 15 at implant RVTN.
Filler gap of size 11 at implant RVTN.
Filler gap of size 4 at implant RVTN.
Filler gap of size 3 at implant RVTN.
Filler gap of size 27 at implant RVTN.
Filler gap of size 10 at implant RVTN.
Filler gap of size 3 at implant RVTN.
Filler gap of size 5 at implant RVTN.
Filler gap of size 2 at implant RVTN.
Filler gap of size 20 at implant RVTN.
Filler gap of size 83 at implant RVTN.
Filler gap of size 11 at implant RVTN.
Filler gap of size 9 at implant RVTN.
Filler gap of size 9 at implant RVTN.
Filler gap of size 10 at implant RVTN.
Filler gap of size 70 at implant RVTN.
Filler gap of size 1 at implant RVTN.
Filler gap of size 2 at implant RVTN.
Filler gap of size 7 at implant RVTN.
Filler gap of size 23 at implant RVTN.
Filler gap of size 1 at implant RVTN.
Filler gap of size 2 at implant RVTN.
Filler gap of size 1 at implant RVTN.
Filler gap of size 2 at implant RVTN.
Filler gap of size 2 at implant RVTN.
Filler gap of size 1 at implant RVTN.
Filler gap of size 1 at implant RVTN.
Filler gap of size 1 at implant RVTN.
Filler gap of size 2 at implant RVTN.
Filler gap of size 14 at implant RVTN.
Filler gap of size 4 at implant RVTN.
Filler gap of size 1 at implant RVTN.
Filler gap of size 8 at implant RVTN.
Filler gap of size 8 at implant RVTN.
Filler gap of size 8 at implant RVTN.
Filler gap of size 1 at implant RVTN.
Filler gap of size 1 at implant RVTN.
Filler gap of size 17 at implant RVTN.
Filler gap of size 1 at implant RVTN.
Filler gap of size 1 at implant RVTN.
Filler gap of size 6 at implant RVTN.
Filler gap of size 2 at implant RVTN.
Filler gap of size 12 at implant RVTN.
Filler gap of size 11 at implant RVTN.
Filler gap of size 10 at implant RVTN.
Filler gap of size 4 at implant RVTN.
Filler gap of size 3 at implant RVTN.
Filler gap of size 2 at implant RVTN.
Filler gap of size 5 at implant RVTN.
Filler gap of size 5 at implant RVTN.
Filler gap of size 4 at implant RVTN.
Filler gap of size 4 at implant RVTN.
Filler gap of size 6 at implant RVTN.
Filler gap of size 54 at implant RVTN.
Filler gap of size 6 at implant RVTN.
Filler gap of size 14 at implant RVTN.
Filler gap of size 9 at implant RVTN.
Filler gap of size 10 at implant RVTN.
Filler gap of size 2 at implant RVTN.
Filler gap of size 1 at implant RVTN.
Filler gap of size 77 at implant RVTN.
Filler gap of size 2 at implant RVTN.
Filler gap of size 5 at implant RVTN.
Filler gap of size 7 at implant RVTN.
Filler gap of size 9 at implant RVTN.
Filler gap of size 1 at implant RVTN.
Filler gap of size 2 at implant RVTN.
Filler gap of size 2 at implant RVTN.
Filler gap of size 2 at implant RVTN.
Filler gap of size 6 at implant RVTN.
Filler gap of size 3 at implant RVTN.
Filler gap of size 4 at implant RVTN.
Filler gap of size 11 at implant RVTN.
Filler gap of size 1 at implant RVTN.
Filler gap of size 12 at implant RVTN.
Filler gap of size 3 at implant RVTN.
Filler gap of size 15 at implant RVTN.
Filler gap of size 4 at implant RVTN.
Filler gap of size 2 at implant RVTN.
Filler gap of size 8 at implant RVTN.
Filler gap of size 3 at implant RVTN.
Filler gap of size 2 at implant RVTN.
Filler gap of size 5 at implant RVTN.
Filler gap of size 1 at implant RVTN.
Filler gap of size 10 at implant RVTN.
Filler gap of size 4 at implant RVTN.
Filler gap of size 6 at implant RVTN.
Filler gap of size 5 at implant RVTN.
Filler gap of size 9 at implant RVTN.
Filler gap of size 6 at implant RVTN.
Filler gap of size 2 at implant RVTN.
Filler gap of size 2 at implant RVTN.
Filler gap of size 6 at implant RVTN.
Filler gap of size 2 at implant RVTN.
Filler gap of size 6 at implant RVTN.
Filler gap of size 3 at implant RVTN.
Filler gap of size 18 at implant RVTN.
Filler gap of size 3 at implant RVTN.
Filler gap of size 75 at implant RVTN.
Filler gap of size 17 at implant RVTN.
Filler gap of size 6 at implant RVTN.
Filler gap of size 3 at implant RVTN.
Filler gap of size 3 at implant RVTN.
Filler gap of size 66 at implant RVTN.
Filler gap of size 3 at implant RVTN.
Filler gap of size 1 at implant RVTN.
Filler gap of size 3 at implant RVTN.
Filler gap of size 5 at implant RVTN.
Filler gap of size 9 at implant RVTN.
Filler gap of size 1 at implant RVTN.
Filler gap of size 1 at implant RVTN.
Filler gap of size 8 at implant RVTN.
Filler gap of size 3 at implant RVTN.
Filler gap of size 2 at implant RVTN.
Filler gap of size 2 at implant RVTN.
Filler gap of size 4 at implant RVTN.
Filler gap of size 7 at implant RVTN.
Filler gap of size 5 at implant RVTN.
Filler gap of size 2 at implant RVTN.
Filler gap of size 1 at implant RVTN.
Filler gap of size 2 at implant RVTN.
Filler gap of size 4 at implant RVTN.
Filler gap of size 1 at implant RVTN.
Filler gap of size 1 at implant RVTN.
Filler gap of size 5 at implant RVTN.
Filler gap of size 2 at implant RVTN.
Filler gap of size 7 at implant RVTN.
Filler gap of size 2 at implant RVTN.
Filler gap of size 7 at implant RVTN.
Filler gap of size 14 at implant RVTN.
Filler gap of size 2 at implant RVTN.
Filler gap of size 10 at implant RVTN.
Filler gap of size 2 at implant RVTN.
Filler gap of size 4 at implant RVTN.
Filler gap of size 33 at implant RVTN.
Filler gap of size 4 at implant RVTN.
Filler gap of size 1 at implant RVTN.
Filler gap of size 4 at implant RVTN.
Filler gap of size 80 at implant RVTN.
Filler gap of size 29 at implant RVTN.
Filler gap of size 68 at implant RVTN.
Filler gap of size 15 at implant RVTN.
Filler gap of size 8 at implant RVTN.
Filler gap of size 3 at implant RVTN.
Filler gap of size 5 at implant RVTN.
Filler gap of size 4 at implant RVTN.
Filler gap of size 4 at implant RVTN.
Filler gap of size 6 at implant RVTN.
Filler gap of size 2 at implant RVTN.
Filler gap of size 1 at implant RVTN.
Filler gap of size 1 at implant RVTN.
Filler gap of size 3 at implant RVTN.
Filler gap of size 6 at implant RVTN.
Filler gap of size 4 at implant RVTN.
Filler gap of size 5 at implant RVTN.
Filler gap of size 3 at implant RVTN.
Filler gap of size 1 at implant RVTN.
Filler gap of size 6 at implant RVTN.
Filler gap of size 3 at implant RVTN.
Filler gap of size 9 at implant RVTN.
Filler gap of size 23 at implant RVTN.
Filler gap of size 10 at implant RVTN.
Filler gap of size 6 at implant RVTN.
Filler gap of size 3 at implant RVTN.
Filler gap of size 5 at implant RVTN.
Filler gap of size 2 at implant RVTN.
Filler gap of size 8 at implant RVTN.
Filler gap of size 3 at implant RVTN.
Filler gap of size 2 at implant RVTN.
Filler gap of size 19 at implant RVTN.
Filler gap of size 3 at implant RVTN.
Filler gap of size 5 at implant RVTN.
Filler gap of size 2 at implant RVTN.
Filler gap of size 2 at implant RVTN.
Filler gap of size 3 at implant RVTN.
Filler gap of size 2 at implant RVTN.
Filler gap of size 66 at implant RVTN.
Filler gap of size 41 at implant RVTN.
Filler gap of size 71 at implant RVTN.
Filler gap of size 2 at implant RVTN.
Filler gap of size 2 at implant RVTN.
Filler gap of size 3 at implant RVTN.
Filler gap of size 2 at implant RVTN.
Filler gap of size 31 at implant RVTN.
Filler gap of size 2 at implant RVTN.
Filler gap of size 1 at implant RVTN.
Filler gap of size 1 at implant RVTN.
Filler gap of size 1 at implant RVTN.
Filler gap of size 4 at implant RVTN.
Filler gap of size 1 at implant RVTN.
Filler gap of size 13 at implant RVTN.
Filler gap of size 2 at implant RVTN.
Filler gap of size 4 at implant RVTN.
Filler gap of size 2 at implant RVTN.
Filler gap of size 12 at implant RVTN.
Filler gap of size 2 at implant RVTN.
Filler gap of size 9 at implant RVTN.
Filler gap of size 13 at implant RVTN.
Filler gap of size 6 at implant RVTN.
Filler gap of size 10 at implant RVTN.
Filler gap of size 3 at implant RVTN.
Filler gap of size 1 at implant RVTN.
Filler gap of size 1 at implant RVTN.
Filler gap of size 1 at implant RVTN.
Filler gap of size 11 at implant RVTN.
Filler gap of size 3 at implant RVTN.
Filler gap of size 4 at implant RVTN.
Filler gap of size 4 at implant RVTN.
Filler gap of size 4 at implant RVTN.
Filler gap of size 2 at implant RVTN.
Filler gap of size 2 at implant RVTN.
Filler gap of size 5 at implant RVTN.
Filler gap of size 1 at implant RVTN.
Filler gap of size 9 at implant RVTN.
Filler gap of size 51 at implant RVTN.
Filler gap of size 42 at implant RVTN.
Filler gap of size 6 at implant RVTN.
Filler gap of size 5 at implant RVTN.
Filler gap of size 78 at implant RVTN.
Filler gap of size 4 at implant RVTN.
Filler gap of size 5 at implant RVTN.
Filler gap of size 22 at implant RVTN.
Filler gap of size 13 at implant RVTN.
Filler gap of size 2 at implant RVTN.
Filler gap of size 2 at implant RVTN.
Filler gap of size 2 at implant RVTN.
Filler gap of size 2 at implant RVTN.
Filler gap of size 4 at implant RVTN.
Filler gap of size 3 at implant RVTN.
Filler gap of size 3 at implant RVTN.
Filler gap of size 6 at implant RVTN.
Filler gap of size 12 at implant RVTN.
Filler gap of size 20 at implant RVTN.
Filler gap of size 1 at implant RVTN.
Filler gap of size 10 at implant RVTN.
Filler gap of size 3 at implant RVTN.
Filler gap of size 2 at implant RVTN.
Filler gap of size 9 at implant RVTN.
Filler gap of size 1 at implant RVTN.
Filler gap of size 25 at implant RVTN.
Filler gap of size 11 at implant RVTN.
Filler gap of size 11 at implant RVTN.
Filler gap of size 7 at implant RVTN.
Filler gap of size 5 at implant RVTN.
Filler gap of size 2 at implant RVTN.
Filler gap of size 63 at implant RVTN.
Filler gap of size 51 at implant RVTN.
Filler gap of size 3 at implant RVTN.
Filler gap of size 75 at implant RVTN.
Filler gap of size 21 at implant RVTN.
Filler gap of size 1 at implant RVTN.
Filler gap of size 2 at implant RVTN.
Filler gap of size 2 at implant RVTN.
Filler gap of size 2 at implant RVTN.
Filler gap of size 3 at implant RVTN.
Filler gap of size 2 at implant RVTN.
Filler gap of size 2 at implant RVTN.
Filler gap of size 9 at implant RVTN.
Filler gap of size 7 at implant RVTN.
Filler gap of size 5 at implant RVTN.
Filler gap of size 5 at implant RVTN.
Filler gap of size 1 at implant RVTN.
Filler gap of size 4 at implant RVTN.
Filler gap of size 2 at implant RVTN.
Filler gap of size 8 at implant RVTN.
Filler gap of size 8 at implant RVTN.
Filler gap of size 2 at implant RVTN.
Filler gap of size 17 at implant RVTN.
Filler gap of size 11 at implant RVTN.
Filler gap of size 5 at implant RVTN.
Filler gap of size 22 at implant RVTN.
Filler gap of size 6 at implant RVTN.
Filler gap of size 5 at implant RVTN.
Filler gap of size 1 at implant RVTN.
Filler gap of size 2 at implant RVTN.
Filler gap of size 1 at implant RVTN.
Filler gap of size 5 at implant RVTN.
Filler gap of size 9 at implant RVTN.
Filler gap of size 5 at implant RVTN.
Filler gap of size 1 at implant RVTN.
Filler gap of size 117 at implant RVTN.
Filler gap of size 12 at implant RVTN.
Filler gap of size 92 at implant RVTN.
Filler gap of size 4 at implant RVTN.
Filler gap of size 11 at implant RVTN.
Filler gap of size 3 at implant RVTN.
Filler gap of size 13 at implant RVTN.
Filler gap of size 4 at implant RVTN.
Filler gap of size 4 at implant RVTN.
Filler gap of size 10 at implant RVTN.
Filler gap of size 5 at implant RVTN.
Filler gap of size 1 at implant RVTN.
Filler gap of size 5 at implant RVTN.
Filler gap of size 7 at implant RVTN.
Filler gap of size 7 at implant RVTN.
Filler gap of size 1 at implant RVTN.
Filler gap of size 7 at implant RVTN.
Filler gap of size 12 at implant RVTN.
Filler gap of size 2 at implant RVTN.
Filler gap of size 2 at implant RVTN.
Filler gap of size 2 at implant RVTN.
Filler gap of size 14 at implant RVTN.
Filler gap of size 2 at implant RVTN.
Filler gap of size 2 at implant RVTN.
Filler gap of size 8 at implant RVTN.
Filler gap of size 4 at implant RVTN.
Filler gap of size 17 at implant RVTN.
Filler gap of size 11 at implant RVTN.
Filler gap of size 1 at implant RVTN.
Filler gap of size 5 at implant RVTN.
Filler gap of size 1 at implant RVTN.
Filler gap of size 1 at implant RVTN.
Filler gap of size 75 at implant RVTN.
Filler gap of size 3 at implant RVTN.
Filler gap of size 18 at implant RVTN.
Filler gap of size 28 at implant RVTN.
Filler gap of size 76 at implant RVTN.
Filler gap of size 11 at implant RVTN.
Filler gap of size 12 at implant RVTN.
Filler gap of size 2 at implant RVTN.
Filler gap of size 3 at implant RVTN.
Filler gap of size 11 at implant RVTN.
Filler gap of size 2 at implant RVTN.
Filler gap of size 4 at implant RVTN.
Filler gap of size 2 at implant RVTN.
Filler gap of size 15 at implant RVTN.
Filler gap of size 6 at implant RVTN.
Filler gap of size 10 at implant RVTN.
Filler gap of size 1 at implant RVTN.
Filler gap of size 19 at implant RVTN.
Filler gap of size 6 at implant RVTN.
Filler gap of size 5 at implant RVTN.
Filler gap of size 2 at implant RVTN.
Filler gap of size 1 at implant RVTN.
Filler gap of size 2 at implant RVTN.
Filler gap of size 2 at implant RVTN.
Filler gap of size 2 at implant RVTN.
Filler gap of size 24 at implant RVTN.
Filler gap of size 24 at implant RVTN.
Filler gap of size 4 at implant RVTN.
Filler gap of size 2 at implant RVTN.
Filler gap of size 2 at implant RVTN.
Filler gap of size 6 at implant RVTN.
Filler gap of size 1 at implant RVTN.
Filler gap of size 1 at implant RVTN.
Filler gap of size 10 at implant RVTN.
Filler gap of size 2 at implant RVTN.
Filler gap of size 4 at implant RVTN.
Filler gap of size 1 at implant RVTN.
Filler gap of size 131 at implant RVTN.
Filler gap of size 76 at implant RVTN.
Filler gap of size 2 at implant RVTN.
Filler gap of size 3 at implant RVTN.
Filler gap of size 6 at implant RVTN.
Filler gap of size 5 at implant RVTN.
Filler gap of size 2 at implant RVTN.
Filler gap of size 11 at implant RVTN.
Filler gap of size 19 at implant RVTN.
Filler gap of size 4 at implant RVTN.
Filler gap of size 1 at implant RVTN.
Filler gap of size 4 at implant RVTN.
Filler gap of size 8 at implant RVTN.
Filler gap of size 2 at implant RVTN.
Filler gap of size 1 at implant RVTN.
Filler gap of size 4 at implant RVTN.
Filler gap of size 29 at implant RVTN.
Filler gap of size 21 at implant RVTN.
Filler gap of size 1 at implant RVTN.
Filler gap of size 2 at implant RVTN.
Filler gap of size 1 at implant RVTN.
Filler gap of size 1 at implant RVTN.
Filler gap of size 9 at implant RVTN.
Filler gap of size 5 at implant RVTN.
Filler gap of size 1 at implant RVTN.
Filler gap of size 9 at implant RVTN.
Filler gap of size 2 at implant RVTN.
Filler gap of size 18 at implant RVTN.
Filler gap of size 4 at implant RVTN.
Filler gap of size 4 at implant RVTN.
Filler gap of size 1 at implant RVTN.
Filler gap of size 4 at implant RVTN.
Filler gap of size 3 at implant RVTN.
Filler gap of size 12 at implant RVTN.
Filler gap of size 3 at implant RVTN.
Filler gap of size 120 at implant RVTN.
Filler gap of size 59 at implant RVTN.
Filler gap of size 101 at implant RVTN.
Filler gap of size 9 at implant RVTN.
Filler gap of size 3 at implant RVTN.
Filler gap of size 9 at implant RVTN.
Filler gap of size 5 at implant RVTN.
Filler gap of size 4 at implant RVTN.
Filler gap of size 1 at implant RVTN.
Filler gap of size 9 at implant RVTN.
Filler gap of size 13 at implant RVTN.
Filler gap of size 5 at implant RVTN.
Filler gap of size 1 at implant RVTN.
Filler gap of size 3 at implant RVTN.
Filler gap of size 6 at implant RVTN.
Filler gap of size 2 at implant RVTN.
Filler gap of size 15 at implant RVTN.
Filler gap of size 9 at implant RVTN.
Filler gap of size 3 at implant RVTN.
Filler gap of size 6 at implant RVTN.
Filler gap of size 5 at implant RVTN.
Filler gap of size 5 at implant RVTN.
Filler gap of size 2 at implant RVTN.
Filler gap of size 1 at implant RVTN.
Filler gap of size 4 at implant RVTN.
Filler gap of size 1 at implant RVTN.
Filler gap of size 1 at implant RVTN.
Filler gap of size 1 at implant RVTN.
Filler gap of size 3 at implant RVTN.
Filler gap of size 4 at implant RVTN.
Filler gap of size 5 at implant RVTN.
Filler gap of size 3 at implant RVTN.
Filler gap of size 1 at implant RVTN.
Filler gap of size 1 at implant RVTN.
Filler gap of size 2 at implant RVTN.
Filler gap of size 2 at implant RVTN.
Filler gap of size 3 at implant RVTN.
Filler gap of size 145 at implant RVTN.
Filler gap of size 89 at implant RVTN.
Filler gap of size 24 at implant RVTN.
Filler gap of size 1 at implant RVTN.
Filler gap of size 5 at implant RVTN.
Filler gap of size 8 at implant RVTN.
Filler gap of size 3 at implant RVTN.
Filler gap of size 2 at implant RVTN.
Filler gap of size 27 at implant RVTN.
Filler gap of size 1 at implant RVTN.
Filler gap of size 10 at implant RVTN.
Filler gap of size 10 at implant RVTN.
Filler gap of size 3 at implant RVTN.
Filler gap of size 5 at implant RVTN.
Filler gap of size 3 at implant RVTN.
Filler gap of size 3 at implant RVTN.
Filler gap of size 20 at implant RVTN.
Filler gap of size 2 at implant RVTN.
Filler gap of size 10 at implant RVTN.
Filler gap of size 6 at implant RVTN.
Filler gap of size 2 at implant RVTN.
Filler gap of size 3 at implant RVTN.
Filler gap of size 10 at implant RVTN.
Filler gap of size 5 at implant RVTN.
Filler gap of size 6 at implant RVTN.
Filler gap of size 1 at implant RVTN.
Filler gap of size 1 at implant RVTN.
Filler gap of size 1 at implant RVTN.
Filler gap of size 1 at implant RVTN.
Filler gap of size 12 at implant RVTN.
Filler gap of size 6 at implant RVTN.
Filler gap of size 7 at implant RVTN.
Filler gap of size 2 at implant RVTN.
Filler gap of size 77 at implant RVTN.
Filler gap of size 59 at implant RVTN.
Filler gap of size 95 at implant RVTN.
Filler gap of size 7 at implant RVTN.
Filler gap of size 3 at implant RVTN.
Filler gap of size 6 at implant RVTN.
Filler gap of size 5 at implant RVTN.
Filler gap of size 1 at implant RVTN.
Filler gap of size 3 at implant RVTN.
Filler gap of size 2 at implant RVTN.
Filler gap of size 1 at implant RVTN.
Filler gap of size 3 at implant RVTN.
Filler gap of size 1 at implant RVTN.
Filler gap of size 30 at implant RVTN.
Filler gap of size 5 at implant RVTN.
Filler gap of size 7 at implant RVTN.
Filler gap of size 3 at implant RVTN.
Filler gap of size 2 at implant RVTN.
Filler gap of size 4 at implant RVTN.
Filler gap of size 3 at implant RVTN.
Filler gap of size 2 at implant RVTN.
Filler gap of size 4 at implant RVTN.
Filler gap of size 3 at implant RVTN.
Filler gap of size 13 at implant RVTN.
Filler gap of size 1 at implant RVTN.
Filler gap of size 2 at implant RVTN.
Filler gap of size 6 at implant RVTN.
Filler gap of size 1 at implant RVTN.
Filler gap of size 1 at implant RVTN.
Filler gap of size 2 at implant RVTN.
Filler gap of size 2 at implant RVTN.
Filler gap of size 1 at implant RVTN.
Filler gap of size 5 at implant RVTN.
Filler gap of size 4 at implant RVTN.
Filler gap of size 1 at implant RVTN.
Filler gap of size 4 at implant RVTN.
Filler gap of size 2 at implant RVTN.
Filler gap of size 5 at implant RVTN.
Filler gap of size 2 at implant RVTN.
Filler gap of size 1 at implant RVTN.
Filler gap of size 1 at implant RVTN.
Filler gap of size 137 at implant RVTN.
Filler gap of size 81 at implant RVTN.
Filler gap of size 34 at implant RVTN.
Filler gap of size 1 at implant RVTN.
Filler gap of size 3 at implant RVTN.
Filler gap of size 4 at implant RVTN.
Filler gap of size 2 at implant RVTN.
Filler gap of size 3 at implant RVTN.
Filler gap of size 4 at implant RVTN.
Filler gap of size 1 at implant RVTN.
Filler gap of size 1 at implant RVTN.
Filler gap of size 5 at implant RVTN.
Filler gap of size 4 at implant RVTN.
Filler gap of size 1 at implant RVTN.
Filler gap of size 6 at implant RVTN.
Filler gap of size 2 at implant RVTN.
Filler gap of size 2 at implant RVTN.
Filler gap of size 15 at implant RVTN.
Filler gap of size 8 at implant RVTN.
Filler gap of size 3 at implant RVTN.
Filler gap of size 5 at implant RVTN.
Filler gap of size 8 at implant RVTN.
Filler gap of size 16 at implant RVTN.
Filler gap of size 16 at implant RVTN.
Filler gap of size 1 at implant RVTN.
Filler gap of size 4 at implant RVTN.
Filler gap of size 9 at implant RVTN.
Filler gap of size 10 at implant RVTN.
Filler gap of size 2 at implant RVTN.
Filler gap of size 3 at implant RVTN.
Filler gap of size 1 at implant RVTN.
Filler gap of size 3 at implant RVTN.
Filler gap of size 4 at implant RVTN.
Filler gap of size 82 at implant RVTN.
Filler gap of size 59 at implant RVTN.
Filler gap of size 78 at implant RVTN.
Filler gap of size 13 at implant RVTN.
Filler gap of size 26 at implant RVTN.
Filler gap of size 6 at implant RVTN.
Filler gap of size 16 at implant RVTN.
Filler gap of size 3 at implant RVTN.
Filler gap of size 1 at implant RVTN.
Filler gap of size 1 at implant RVTN.
Filler gap of size 1 at implant RVTN.
Filler gap of size 2 at implant RVTN.
Filler gap of size 1 at implant RVTN.
Filler gap of size 11 at implant RVTN.
Filler gap of size 7 at implant RVTN.
Filler gap of size 1 at implant RVTN.
Filler gap of size 32 at implant RVTN.
Filler gap of size 4 at implant RVTN.
Filler gap of size 17 at implant RVTN.
Filler gap of size 20 at implant RVTN.
Filler gap of size 5 at implant RVTN.
Filler gap of size 11 at implant RVTN.
Filler gap of size 1 at implant RVTN.
Filler gap of size 3 at implant RVTN.
Filler gap of size 3 at implant RVTN.
Filler gap of size 3 at implant RVTN.
Filler gap of size 5 at implant RVTN.
Filler gap of size 1 at implant RVTN.
Filler gap of size 6 at implant RVTN.
Filler gap of size 1 at implant RVTN.
Filler gap of size 1 at implant RVTN.
Filler gap of size 142 at implant RVTN.
Filler gap of size 90 at implant RVTN.
Filler gap of size 4 at implant RVTN.
Filler gap of size 2 at implant RVTN.
Filler gap of size 11 at implant RVTN.
Filler gap of size 6 at implant RVTN.
Filler gap of size 13 at implant RVTN.
Filler gap of size 1 at implant RVTN.
Filler gap of size 1 at implant RVTN.
Filler gap of size 1 at implant RVTN.
Filler gap of size 2 at implant RVTN.
Filler gap of size 2 at implant RVTN.
Filler gap of size 1 at implant RVTN.
Filler gap of size 9 at implant RVTN.
Filler gap of size 21 at implant RVTN.
Filler gap of size 13 at implant RVTN.
Filler gap of size 18 at implant RVTN.
Filler gap of size 1 at implant RVTN.
Filler gap of size 8 at implant RVTN.
Filler gap of size 2 at implant RVTN.
Filler gap of size 4 at implant RVTN.
Filler gap of size 4 at implant RVTN.
Filler gap of size 2 at implant RVTN.
Filler gap of size 2 at implant RVTN.
Filler gap of size 1 at implant RVTN.
Filler gap of size 2 at implant RVTN.
Filler gap of size 75 at implant RVTN.
Filler gap of size 59 at implant RVTN.
Filler gap of size 47 at implant RVTN.
Filler gap of size 51 at implant RVTN.
Filler gap of size 9 at implant RVTN.
Filler gap of size 5 at implant RVTN.
Filler gap of size 5 at implant RVTN.
Filler gap of size 10 at implant RVTN.
Filler gap of size 2 at implant RVTN.
Filler gap of size 1 at implant RVTN.
Filler gap of size 7 at implant RVTN.
Filler gap of size 1 at implant RVTN.
Filler gap of size 12 at implant RVTN.
Filler gap of size 3 at implant RVTN.
Filler gap of size 6 at implant RVTN.
Filler gap of size 2 at implant RVTN.
Filler gap of size 15 at implant RVTN.
Filler gap of size 13 at implant RVTN.
Filler gap of size 15 at implant RVTN.
Filler gap of size 1 at implant RVTN.
Filler gap of size 21 at implant RVTN.
Filler gap of size 5 at implant RVTN.
Filler gap of size 5 at implant RVTN.
Filler gap of size 12 at implant RVTN.
Filler gap of size 1 at implant RVTN.
Filler gap of size 3 at implant RVTN.
Filler gap of size 2 at implant RVTN.
Filler gap of size 1 at implant RVTN.
Filler gap of size 4 at implant RVTN.
Filler gap of size 8 at implant RVTN.
Filler gap of size 155 at implant RVTN.
Filler gap of size 122 at implant RVTN.
Filler gap of size 13 at implant RVTN.
Filler gap of size 2 at implant RVTN.
Filler gap of size 3 at implant RVTN.
Filler gap of size 2 at implant RVTN.
Filler gap of size 1 at implant RVTN.
Filler gap of size 3 at implant RVTN.
Filler gap of size 6 at implant RVTN.
Filler gap of size 19 at implant RVTN.
Filler gap of size 16 at implant RVTN.
Filler gap of size 12 at implant RVTN.
Filler gap of size 5 at implant RVTN.
Filler gap of size 2 at implant RVTN.
Filler gap of size 6 at implant RVTN.
Filler gap of size 1 at implant RVTN.
Filler gap of size 3 at implant RVTN.
Filler gap of size 10 at implant RVTN.
Filler gap of size 5 at implant RVTN.
Filler gap of size 9 at implant RVTN.
Filler gap of size 11 at implant RVTN.
Filler gap of size 3 at implant RVTN.
Filler gap of size 4 at implant RVTN.
Filler gap of size 1 at implant RVTN.
Filler gap of size 1 at implant RVTN.
Filler gap of size 6 at implant RVTN.
Filler gap of size 2 at implant RVTN.
Filler gap of size 1 at implant RVTN.
Filler gap of size 106 at implant RVTN.
Filler gap of size 59 at implant RVTN.
Filler gap of size 104 at implant RVTN.
Filler gap of size 14 at implant RVTN.
Filler gap of size 2 at implant RVTN.
Filler gap of size 10 at implant RVTN.
Filler gap of size 3 at implant RVTN.
Filler gap of size 1 at implant RVTN.
Filler gap of size 8 at implant RVTN.
Filler gap of size 1 at implant RVTN.
Filler gap of size 1 at implant RVTN.
Filler gap of size 5 at implant RVTN.
Filler gap of size 8 at implant RVTN.
Filler gap of size 1 at implant RVTN.
Filler gap of size 9 at implant RVTN.
Filler gap of size 6 at implant RVTN.
Filler gap of size 2 at implant RVTN.
Filler gap of size 5 at implant RVTN.
Filler gap of size 4 at implant RVTN.
Filler gap of size 5 at implant RVTN.
Filler gap of size 9 at implant RVTN.
Filler gap of size 3 at implant RVTN.
Filler gap of size 4 at implant RVTN.
Filler gap of size 9 at implant RVTN.
Filler gap of size 2 at implant RVTN.
Filler gap of size 10 at implant RVTN.
Filler gap of size 1 at implant RVTN.
Filler gap of size 29 at implant RVTN.
Filler gap of size 15 at implant RVTN.
Filler gap of size 5 at implant RVTN.
Filler gap of size 4 at implant RVTN.
Filler gap of size 1 at implant RVTN.
Filler gap of size 2 at implant RVTN.
Filler gap of size 146 at implant RVTN.
Filler gap of size 127 at implant RVTN.
Filler gap of size 1 at implant RVTN.
Filler gap of size 2 at implant RVTN.
Filler gap of size 21 at implant RVTN.
Filler gap of size 1 at implant RVTN.
Filler gap of size 2 at implant RVTN.
Filler gap of size 3 at implant RVTN.
Filler gap of size 5 at implant RVTN.
Filler gap of size 3 at implant RVTN.
Filler gap of size 10 at implant RVTN.
Filler gap of size 2 at implant RVTN.
Filler gap of size 11 at implant RVTN.
Filler gap of size 8 at implant RVTN.
Filler gap of size 8 at implant RVTN.
Filler gap of size 18 at implant RVTN.
Filler gap of size 10 at implant RVTN.
Filler gap of size 15 at implant RVTN.
Filler gap of size 4 at implant RVTN.
Filler gap of size 3 at implant RVTN.
Filler gap of size 1 at implant RVTN.
Filler gap of size 1 at implant RVTN.
Filler gap of size 1 at implant RVTN.
Filler gap of size 3 at implant RVTN.
Filler gap of size 4 at implant RVTN.
Filler gap of size 2 at implant RVTN.
Filler gap of size 8 at implant RVTN.
Filler gap of size 6 at implant RVTN.
Filler gap of size 103 at implant RVTN.
Filler gap of size 59 at implant RVTN.
Filler gap of size 138 at implant RVTN.
Filler gap of size 1 at implant RVTN.
Filler gap of size 3 at implant RVTN.
Filler gap of size 13 at implant RVTN.
Filler gap of size 20 at implant RVTN.
Filler gap of size 8 at implant RVTN.
Filler gap of size 16 at implant RVTN.
Filler gap of size 1 at implant RVTN.
Filler gap of size 11 at implant RVTN.
Filler gap of size 9 at implant RVTN.
Filler gap of size 23 at implant RVTN.
Filler gap of size 1 at implant RVTN.
Filler gap of size 2 at implant RVTN.
Filler gap of size 1 at implant RVTN.
Filler gap of size 4 at implant RVTN.
Filler gap of size 4 at implant RVTN.
Filler gap of size 4 at implant RVTN.
Filler gap of size 34 at implant RVTN.
Filler gap of size 2 at implant RVTN.
Filler gap of size 7 at implant RVTN.
Filler gap of size 3 at implant RVTN.
Filler gap of size 3 at implant RVTN.
Filler gap of size 4 at implant RVTN.
Filler gap of size 41 at implant RVTN.
Filler gap of size 1 at implant RVTN.
Filler gap of size 3 at implant RVTN.
Filler gap of size 151 at implant RVTN.
Filler gap of size 145 at implant RVTN.
Filler gap of size 15 at implant RVTN.
Filler gap of size 9 at implant RVTN.
Filler gap of size 1 at implant RVTN.
Filler gap of size 9 at implant RVTN.
Filler gap of size 8 at implant RVTN.
Filler gap of size 3 at implant RVTN.
Filler gap of size 7 at implant RVTN.
Filler gap of size 10 at implant RVTN.
Filler gap of size 1 at implant RVTN.
Filler gap of size 4 at implant RVTN.
Filler gap of size 1 at implant RVTN.
Filler gap of size 1 at implant RVTN.
Filler gap of size 1 at implant RVTN.
Filler gap of size 1 at implant RVTN.
Filler gap of size 6 at implant RVTN.
Filler gap of size 1 at implant RVTN.
Filler gap of size 2 at implant RVTN.
Filler gap of size 24 at implant RVTN.
Filler gap of size 1 at implant RVTN.
Filler gap of size 3 at implant RVTN.
Filler gap of size 8 at implant RVTN.
Filler gap of size 5 at implant RVTN.
Filler gap of size 11 at implant RVTN.
Filler gap of size 17 at implant RVTN.
Filler gap of size 4 at implant RVTN.
Filler gap of size 9 at implant RVTN.
Filler gap of size 6 at implant RVTN.
Filler gap of size 103 at implant RVTN.
Filler gap of size 59 at implant RVTN.
Filler gap of size 138 at implant RVTN.
Filler gap of size 29 at implant RVTN.
Filler gap of size 2 at implant RVTN.
Filler gap of size 1 at implant RVTN.
Filler gap of size 7 at implant RVTN.
Filler gap of size 4 at implant RVTN.
Filler gap of size 7 at implant RVTN.
Filler gap of size 3 at implant RVTN.
Filler gap of size 3 at implant RVTN.
Filler gap of size 2 at implant RVTN.
Filler gap of size 1 at implant RVTN.
Filler gap of size 7 at implant RVTN.
Filler gap of size 3 at implant RVTN.
Filler gap of size 2 at implant RVTN.
Filler gap of size 3 at implant RVTN.
Filler gap of size 6 at implant RVTN.
Filler gap of size 2 at implant RVTN.
Filler gap of size 1 at implant RVTN.
Filler gap of size 6 at implant RVTN.
Filler gap of size 2 at implant RVTN.
Filler gap of size 10 at implant RVTN.
Filler gap of size 1 at implant RVTN.
Filler gap of size 3 at implant RVTN.
Filler gap of size 3 at implant RVTN.
Filler gap of size 1 at implant RVTN.
Filler gap of size 34 at implant RVTN.
Filler gap of size 9 at implant RVTN.
Filler gap of size 3 at implant RVTN.
Filler gap of size 5 at implant RVTN.
Filler gap of size 1 at implant RVTN.
Filler gap of size 2 at implant RVTN.
Filler gap of size 6 at implant RVTN.
Filler gap of size 166 at implant RVTN.
Filler gap of size 138 at implant RVTN.
Filler gap of size 20 at implant RVTN.
Filler gap of size 10 at implant RVTN.
Filler gap of size 7 at implant RVTN.
Filler gap of size 1 at implant RVTN.
Filler gap of size 1 at implant RVTN.
Filler gap of size 1 at implant RVTN.
Filler gap of size 1 at implant RVTN.
Filler gap of size 6 at implant RVTN.
Filler gap of size 5 at implant RVTN.
Filler gap of size 2 at implant RVTN.
Filler gap of size 3 at implant RVTN.
Filler gap of size 1 at implant RVTN.
Filler gap of size 1 at implant RVTN.
Filler gap of size 2 at implant RVTN.
Filler gap of size 3 at implant RVTN.
Filler gap of size 3 at implant RVTN.
Filler gap of size 4 at implant RVTN.
Filler gap of size 4 at implant RVTN.
Filler gap of size 5 at implant RVTN.
Filler gap of size 2 at implant RVTN.
Filler gap of size 2 at implant RVTN.
Filler gap of size 1 at implant RVTN.
Filler gap of size 3 at implant RVTN.
Filler gap of size 22 at implant RVTN.
Filler gap of size 8 at implant RVTN.
Filler gap of size 14 at implant RVTN.
Filler gap of size 101 at implant RVTN.
Filler gap of size 59 at implant RVTN.
Filler gap of size 139 at implant RVTN.
Filler gap of size 15 at implant RVTN.
Filler gap of size 8 at implant RVTN.
Filler gap of size 1 at implant RVTN.
Filler gap of size 1 at implant RVTN.
Filler gap of size 1 at implant RVTN.
Filler gap of size 1 at implant RVTN.
Filler gap of size 10 at implant RVTN.
Filler gap of size 6 at implant RVTN.
Filler gap of size 1 at implant RVTN.
Filler gap of size 2 at implant RVTN.
Filler gap of size 15 at implant RVTN.
Filler gap of size 3 at implant RVTN.
Filler gap of size 1 at implant RVTN.
Filler gap of size 4 at implant RVTN.
Filler gap of size 2 at implant RVTN.
Filler gap of size 1 at implant RVTN.
Filler gap of size 1 at implant RVTN.
Filler gap of size 3 at implant RVTN.
Filler gap of size 1 at implant RVTN.
Filler gap of size 12 at implant RVTN.
Filler gap of size 165 at implant RVTN.
Filler gap of size 186 at implant RVTN.
Filler gap of size 2 at implant RVTN.
Filler gap of size 1 at implant RVTN.
Filler gap of size 2 at implant RVTN.
Filler gap of size 1 at implant RVTN.
Filler gap of size 1 at implant RVTN.
Filler gap of size 4 at implant RVTN.
Filler gap of size 2 at implant RVTN.
Filler gap of size 3 at implant RVTN.
Filler gap of size 3 at implant RVTN.
Filler gap of size 1 at implant RVTN.
Filler gap of size 8 at implant RVTN.
Filler gap of size 1 at implant RVTN.
Filler gap of size 2 at implant RVTN.
Filler gap of size 40 at implant RVTN.
Filler gap of size 6 at implant RVTN.
Filler gap of size 1 at implant RVTN.
Filler gap of size 1 at implant RVTN.
Filler gap of size 3 at implant RVTN.
Filler gap of size 5 at implant RVTN.
Filler gap of size 1 at implant RVTN.
Filler gap of size 17 at implant RVTN.
Filler gap of size 13 at implant RVTN.
Filler gap of size 7 at implant RVTN.
Filler gap of size 1 at implant RVTN.
Filler gap of size 3 at implant RVTN.
Filler gap of size 92 at implant RVTN.
Filler gap of size 59 at implant RVTN.
Filler gap of size 195 at implant RVTN.
Filler gap of size 3 at implant RVTN.
Filler gap of size 3 at implant RVTN.
Filler gap of size 14 at implant RVTN.
Filler gap of size 5 at implant RVTN.
Filler gap of size 5 at implant RVTN.
Filler gap of size 6 at implant RVTN.
Filler gap of size 7 at implant RVTN.
Filler gap of size 4 at implant RVTN.
Filler gap of size 2 at implant RVTN.
Filler gap of size 2 at implant RVTN.
Filler gap of size 1 at implant RVTN.
Filler gap of size 1 at implant RVTN.
Filler gap of size 1 at implant RVTN.
Filler gap of size 3 at implant RVTN.
Filler gap of size 14 at implant RVTN.
Filler gap of size 2 at implant RVTN.
Filler gap of size 2 at implant RVTN.
Filler gap of size 1 at implant RVTN.
Filler gap of size 1 at implant RVTN.
Filler gap of size 1 at implant RVTN.
Filler gap of size 4 at implant RVTN.
Filler gap of size 25 at implant RVTN.
Filler gap of size 6 at implant RVTN.
Filler gap of size 1 at implant RVTN.
Filler gap of size 7 at implant RVTN.
Filler gap of size 1 at implant RVTN.
Filler gap of size 2 at implant RVTN.
Filler gap of size 155 at implant RVTN.
Filler gap of size 195 at implant RVTN.
Filler gap of size 10 at implant RVTN.
Filler gap of size 1 at implant RVTN.
Filler gap of size 14 at implant RVTN.
Filler gap of size 7 at implant RVTN.
Filler gap of size 1 at implant RVTN.
Filler gap of size 12 at implant RVTN.
Filler gap of size 1 at implant RVTN.
Filler gap of size 1 at implant RVTN.
Filler gap of size 4 at implant RVTN.
Filler gap of size 1 at implant RVTN.
Filler gap of size 2 at implant RVTN.
Filler gap of size 1 at implant RVTN.
Filler gap of size 6 at implant RVTN.
Filler gap of size 1 at implant RVTN.
Filler gap of size 6 at implant RVTN.
Filler gap of size 1 at implant RVTN.
Filler gap of size 5 at implant RVTN.
Filler gap of size 1 at implant RVTN.
Filler gap of size 30 at implant RVTN.
Filler gap of size 8 at implant RVTN.
Filler gap of size 23 at implant RVTN.
Filler gap of size 1 at implant RVTN.
Filler gap of size 1 at implant RVTN.
Filler gap of size 5 at implant RVTN.
Filler gap of size 1 at implant RVTN.
Filler gap of size 103 at implant RVTN.
Filler gap of size 59 at implant RVTN.
Filler gap of size 201 at implant RVTN.
Filler gap of size 13 at implant RVTN.
Filler gap of size 1 at implant RVTN.
Filler gap of size 1 at implant RVTN.
Filler gap of size 2 at implant RVTN.
Filler gap of size 1 at implant RVTN.
Filler gap of size 1 at implant RVTN.
Filler gap of size 1 at implant RVTN.
Filler gap of size 1 at implant RVTN.
Filler gap of size 2 at implant RVTN.
Filler gap of size 1 at implant RVTN.
Filler gap of size 2 at implant RVTN.
Filler gap of size 7 at implant RVTN.
Filler gap of size 1 at implant RVTN.
Filler gap of size 2 at implant RVTN.
Filler gap of size 1 at implant RVTN.
Filler gap of size 1 at implant RVTN.
Filler gap of size 1 at implant RVTN.
Filler gap of size 2 at implant RVTN.
Filler gap of size 1 at implant RVTN.
Filler gap of size 1 at implant RVTN.
Filler gap of size 7 at implant RVTN.
Filler gap of size 9 at implant RVTN.
Filler gap of size 2 at implant RVTN.
Filler gap of size 2 at implant RVTN.
Filler gap of size 166 at implant RVTN.
Filler gap of size 191 at implant RVTN.
Filler gap of size 4 at implant RVTN.
Filler gap of size 5 at implant RVTN.
Filler gap of size 13 at implant RVTN.
Filler gap of size 3 at implant RVTN.
Filler gap of size 11 at implant RVTN.
Filler gap of size 6 at implant RVTN.
Filler gap of size 1 at implant RVTN.
Filler gap of size 1 at implant RVTN.
Filler gap of size 1 at implant RVTN.
Filler gap of size 5 at implant RVTN.
Filler gap of size 7 at implant RVTN.
Filler gap of size 1 at implant RVTN.
Filler gap of size 2 at implant RVTN.
Filler gap of size 1 at implant RVTN.
Filler gap of size 1 at implant RVTN.
Filler gap of size 3 at implant RVTN.
Filler gap of size 8 at implant RVTN.
Filler gap of size 3 at implant RVTN.
Filler gap of size 2 at implant RVTN.
Filler gap of size 18 at implant RVTN.
Filler gap of size 1 at implant RVTN.
Filler gap of size 3 at implant RVTN.
Filler gap of size 2 at implant RVTN.
Filler gap of size 1 at implant RVTN.
Filler gap of size 122 at implant RVTN.
Filler gap of size 59 at implant RVTN.
Filler gap of size 192 at implant RVTN.
Filler gap of size 11 at implant RVTN.
Filler gap of size 2 at implant RVTN.
Filler gap of size 2 at implant RVTN.
Filler gap of size 11 at implant RVTN.
Filler gap of size 1 at implant RVTN.
Filler gap of size 2 at implant RVTN.
Filler gap of size 1 at implant RVTN.
Filler gap of size 1 at implant RVTN.
Filler gap of size 2 at implant RVTN.
Filler gap of size 1 at implant RVTN.
Filler gap of size 6 at implant RVTN.
Filler gap of size 1 at implant RVTN.
Filler gap of size 1 at implant RVTN.
Filler gap of size 6 at implant RVTN.
Filler gap of size 15 at implant RVTN.
Filler gap of size 10 at implant RVTN.
Filler gap of size 2 at implant RVTN.
Filler gap of size 2 at implant RVTN.
Filler gap of size 177 at implant RVTN.
Filler gap of size 220 at implant RVTN.
Filler gap of size 1 at implant RVTN.
Filler gap of size 21 at implant RVTN.
Filler gap of size 1 at implant RVTN.
Filler gap of size 2 at implant RVTN.
Filler gap of size 1 at implant RVTN.
Filler gap of size 1 at implant RVTN.
Filler gap of size 1 at implant RVTN.
Filler gap of size 1 at implant RVTN.
Filler gap of size 1 at implant RVTN.
Filler gap of size 3 at implant RVTN.
Filler gap of size 6 at implant RVTN.
Filler gap of size 2 at implant RVTN.
Filler gap of size 5 at implant RVTN.
Filler gap of size 1 at implant RVTN.
Filler gap of size 6 at implant RVTN.
Filler gap of size 4 at implant RVTN.
Filler gap of size 10 at implant RVTN.
Filler gap of size 2 at implant RVTN.
Filler gap of size 6 at implant RVTN.
Filler gap of size 112 at implant RVTN.
Filler gap of size 59 at implant RVTN.
Filler gap of size 216 at implant RVTN.
Filler gap of size 5 at implant RVTN.
Filler gap of size 18 at implant RVTN.
Filler gap of size 4 at implant RVTN.
Filler gap of size 3 at implant RVTN.
Filler gap of size 3 at implant RVTN.
Filler gap of size 1 at implant RVTN.
Filler gap of size 8 at implant RVTN.
Filler gap of size 1 at implant RVTN.
Filler gap of size 5 at implant RVTN.
Filler gap of size 3 at implant RVTN.
Filler gap of size 3 at implant RVTN.
Filler gap of size 8 at implant RVTN.
Filler gap of size 3 at implant RVTN.
Filler gap of size 2 at implant RVTN.
Filler gap of size 2 at implant RVTN.
Filler gap of size 2 at implant RVTN.
Filler gap of size 2 at implant RVTN.
Filler gap of size 22 at implant RVTN.
Filler gap of size 1 at implant RVTN.
Filler gap of size 1 at implant RVTN.
Filler gap of size 3 at implant RVTN.
Filler gap of size 8 at implant RVTN.
Filler gap of size 179 at implant RVTN.
Filler gap of size 212 at implant RVTN.
Filler gap of size 15 at implant RVTN.
Filler gap of size 6 at implant RVTN.
Filler gap of size 10 at implant RVTN.
Filler gap of size 3 at implant RVTN.
Filler gap of size 2 at implant RVTN.
Filler gap of size 9 at implant RVTN.
Filler gap of size 1 at implant RVTN.
Filler gap of size 5 at implant RVTN.
Filler gap of size 1 at implant RVTN.
Filler gap of size 2 at implant RVTN.
Filler gap of size 4 at implant RVTN.
Filler gap of size 1 at implant RVTN.
Filler gap of size 1 at implant RVTN.
Filler gap of size 2 at implant RVTN.
Filler gap of size 1 at implant RVTN.
Filler gap of size 1 at implant RVTN.
Filler gap of size 12 at implant RVTN.
Filler gap of size 1 at implant RVTN.
Filler gap of size 1 at implant RVTN.
Filler gap of size 4 at implant RVTN.
Filler gap of size 12 at implant RVTN.
Filler gap of size 1 at implant RVTN.
Filler gap of size 4 at implant RVTN.
Filler gap of size 2 at implant RVTN.
Filler gap of size 8 at implant RVTN.
Filler gap of size 1 at implant RVTN.
Filler gap of size 1 at implant RVTN.
Filler gap of size 4 at implant RVTN.
Filler gap of size 2 at implant RVTN.
Filler gap of size 2 at implant RVTN.
Filler gap of size 4 at implant RVTN.
Filler gap of size 15 at implant RVTN.
Filler gap of size 113 at implant RVTN.
Filler gap of size 59 at implant RVTN.
Filler gap of size 250 at implant RVTN.
Filler gap of size 2 at implant RVTN.
Filler gap of size 13 at implant RVTN.
Filler gap of size 16 at implant RVTN.
Filler gap of size 7 at implant RVTN.
Filler gap of size 2 at implant RVTN.
Filler gap of size 1 at implant RVTN.
Filler gap of size 1 at implant RVTN.
Filler gap of size 1 at implant RVTN.
Filler gap of size 1 at implant RVTN.
Filler gap of size 1 at implant RVTN.
Filler gap of size 2 at implant RVTN.
Filler gap of size 3 at implant RVTN.
Filler gap of size 4 at implant RVTN.
Filler gap of size 4 at implant RVTN.
Filler gap of size 6 at implant RVTN.
Filler gap of size 1 at implant RVTN.
Filler gap of size 1 at implant RVTN.
Filler gap of size 3 at implant RVTN.
Filler gap of size 1 at implant RVTN.
Filler gap of size 1 at implant RVTN.
Filler gap of size 1 at implant RVTN.
Filler gap of size 3 at implant RVTN.
Filler gap of size 3 at implant RVTN.
Filler gap of size 1 at implant RVTN.
Filler gap of size 1 at implant RVTN.
Filler gap of size 4 at implant RVTN.
Filler gap of size 3 at implant RVTN.
Filler gap of size 5 at implant RVTN.
Filler gap of size 174 at implant RVTN.
Filler gap of size 265 at implant RVTN.
Filler gap of size 27 at implant RVTN.
Filler gap of size 5 at implant RVTN.
Filler gap of size 1 at implant RVTN.
Filler gap of size 3 at implant RVTN.
Filler gap of size 3 at implant RVTN.
Filler gap of size 2 at implant RVTN.
Filler gap of size 3 at implant RVTN.
Filler gap of size 3 at implant RVTN.
Filler gap of size 4 at implant RVTN.
Filler gap of size 1 at implant RVTN.
Filler gap of size 5 at implant RVTN.
Filler gap of size 8 at implant RVTN.
Filler gap of size 2 at implant RVTN.
Filler gap of size 5 at implant RVTN.
Filler gap of size 3 at implant RVTN.
Filler gap of size 6 at implant RVTN.
Filler gap of size 10 at implant RVTN.
Filler gap of size 2 at implant RVTN.
Filler gap of size 1 at implant RVTN.
Filler gap of size 1 at implant RVTN.
Filler gap of size 1 at implant RVTN.
Filler gap of size 1 at implant RVTN.
Filler gap of size 11 at implant RVTN.
Filler gap of size 2 at implant RVTN.
Filler gap of size 1 at implant RVTN.
Filler gap of size 119 at implant RVTN.
Filler gap of size 59 at implant RVTN.
Filler gap of size 295 at implant RVTN.
Filler gap of size 2 at implant RVTN.
Filler gap of size 4 at implant RVTN.
Filler gap of size 2 at implant RVTN.
Filler gap of size 1 at implant RVTN.
Filler gap of size 2 at implant RVTN.
Filler gap of size 1 at implant RVTN.
Filler gap of size 1 at implant RVTN.
Filler gap of size 1 at implant RVTN.
Filler gap of size 1 at implant RVTN.
Filler gap of size 13 at implant RVTN.
Filler gap of size 26 at implant RVTN.
Filler gap of size 9 at implant RVTN.
Filler gap of size 7 at implant RVTN.
Filler gap of size 2 at implant RVTN.
Filler gap of size 2 at implant RVTN.
Filler gap of size 2 at implant RVTN.
Filler gap of size 4 at implant RVTN.
Filler gap of size 178 at implant RVTN.
Filler gap of size 295 at implant RVTN.
Filler gap of size 2 at implant RVTN.
Filler gap of size 10 at implant RVTN.
Filler gap of size 2 at implant RVTN.
Filler gap of size 1 at implant RVTN.
Filler gap of size 3 at implant RVTN.
Filler gap of size 1 at implant RVTN.
Filler gap of size 3 at implant RVTN.
Filler gap of size 4 at implant RVTN.
Filler gap of size 30 at implant RVTN.
Filler gap of size 3 at implant RVTN.
Filler gap of size 1 at implant RVTN.
Filler gap of size 3 at implant RVTN.
Filler gap of size 2 at implant RVTN.
Filler gap of size 1 at implant RVTN.
Filler gap of size 2 at implant RVTN.
Filler gap of size 7 at implant RVTN.
Filler gap of size 1 at implant RVTN.
Filler gap of size 1 at implant RVTN.
Filler gap of size 120 at implant RVTN.
Filler gap of size 59 at implant RVTN.
Filler gap of size 281 at implant RVTN.
Filler gap of size 2 at implant RVTN.
Filler gap of size 17 at implant RVTN.
Filler gap of size 3 at implant RVTN.
Filler gap of size 11 at implant RVTN.
Filler gap of size 7 at implant RVTN.
Filler gap of size 4 at implant RVTN.
Filler gap of size 7 at implant RVTN.
Filler gap of size 1 at implant RVTN.
Filler gap of size 14 at implant RVTN.
Filler gap of size 1 at implant RVTN.
Filler gap of size 1 at implant RVTN.
Filler gap of size 1 at implant RVTN.
Filler gap of size 4 at implant RVTN.
Filler gap of size 3 at implant RVTN.
Filler gap of size 3 at implant RVTN.
Filler gap of size 1 at implant RVTN.
Filler gap of size 1 at implant RVTN.
Filler gap of size 1 at implant RVTN.
Filler gap of size 2 at implant RVTN.
Filler gap of size 179 at implant RVTN.
Filler gap of size 287 at implant RVTN.
Filler gap of size 5 at implant RVTN.
Filler gap of size 22 at implant RVTN.
Filler gap of size 16 at implant RVTN.
Filler gap of size 4 at implant RVTN.
Filler gap of size 17 at implant RVTN.
Filler gap of size 7 at implant RVTN.
Filler gap of size 14 at implant RVTN.
Filler gap of size 2 at implant RVTN.
Filler gap of size 6 at implant RVTN.
Filler gap of size 2 at implant RVTN.
Filler gap of size 2 at implant RVTN.
Filler gap of size 1 at implant RVTN.
Filler gap of size 16 at implant RVTN.
Filler gap of size 2 at implant RVTN.
Filler gap of size 1 at implant RVTN.
Filler gap of size 7 at implant RVTN.
Filler gap of size 2 at implant RVTN.
Filler gap of size 119 at implant RVTN.
Filler gap of size 59 at implant RVTN.
Filler gap of size 286 at implant RVTN.
Filler gap of size 14 at implant RVTN.
Filler gap of size 5 at implant RVTN.
Filler gap of size 3 at implant RVTN.
Filler gap of size 1 at implant RVTN.
Filler gap of size 1 at implant RVTN.
Filler gap of size 1 at implant RVTN.
Filler gap of size 1 at implant RVTN.
Filler gap of size 7 at implant RVTN.
Filler gap of size 3 at implant RVTN.
Filler gap of size 1 at implant RVTN.
Filler gap of size 3 at implant RVTN.
Filler gap of size 5 at implant RVTN.
Filler gap of size 2 at implant RVTN.
Filler gap of size 2 at implant RVTN.
Filler gap of size 8 at implant RVTN.
Filler gap of size 3 at implant RVTN.
Filler gap of size 6 at implant RVTN.
Filler gap of size 3 at implant RVTN.
Filler gap of size 192 at implant RVTN.
Filler gap of size 286 at implant RVTN.
Filler gap of size 10 at implant RVTN.
Filler gap of size 7 at implant RVTN.
Filler gap of size 7 at implant RVTN.
Filler gap of size 1 at implant RVTN.
Filler gap of size 1 at implant RVTN.
Filler gap of size 2 at implant RVTN.
Filler gap of size 2 at implant RVTN.
Filler gap of size 9 at implant RVTN.
Filler gap of size 2 at implant RVTN.
Filler gap of size 24 at implant RVTN.
Filler gap of size 9 at implant RVTN.
Filler gap of size 2 at implant RVTN.
Filler gap of size 1 at implant RVTN.
Filler gap of size 2 at implant RVTN.
Filler gap of size 1 at implant RVTN.
Filler gap of size 1 at implant RVTN.
Filler gap of size 2 at implant RVTN.
Filler gap of size 7 at implant RVTN.
Filler gap of size 3 at implant RVTN.
Filler gap of size 14 at implant RVTN.
Filler gap of size 134 at implant RVTN.
Filler gap of size 59 at implant RVTN.
Filler gap of size 291 at implant RVTN.
Filler gap of size 2 at implant RVTN.
Filler gap of size 1 at implant RVTN.
Filler gap of size 6 at implant RVTN.
Filler gap of size 11 at implant RVTN.
Filler gap of size 3 at implant RVTN.
Filler gap of size 1 at implant RVTN.
Filler gap of size 7 at implant RVTN.
Filler gap of size 2 at implant RVTN.
Filler gap of size 11 at implant RVTN.
Filler gap of size 1 at implant RVTN.
Filler gap of size 5 at implant RVTN.
Filler gap of size 1 at implant RVTN.
Filler gap of size 6 at implant RVTN.
Filler gap of size 186 at implant RVTN.
Filler gap of size 312 at implant RVTN.
Filler gap of size 20 at implant RVTN.
Filler gap of size 7 at implant RVTN.
Filler gap of size 2 at implant RVTN.
Filler gap of size 2 at implant RVTN.
Filler gap of size 4 at implant RVTN.
Filler gap of size 2 at implant RVTN.
Filler gap of size 6 at implant RVTN.
Filler gap of size 1 at implant RVTN.
Filler gap of size 2 at implant RVTN.
Filler gap of size 9 at implant RVTN.
Filler gap of size 1 at implant RVTN.
Filler gap of size 6 at implant RVTN.
Filler gap of size 13 at implant RVTN.
Filler gap of size 2 at implant RVTN.
Filler gap of size 132 at implant RVTN.
Filler gap of size 59 at implant RVTN.
Filler gap of size 313 at implant RVTN.
Filler gap of size 38 at implant RVTN.
Filler gap of size 3 at implant RVTN.
Filler gap of size 10 at implant RVTN.
Filler gap of size 2 at implant RVTN.
Filler gap of size 4 at implant RVTN.
Filler gap of size 13 at implant RVTN.
Filler gap of size 1 at implant RVTN.
Filler gap of size 2 at implant RVTN.
Filler gap of size 2 at implant RVTN.
Filler gap of size 1 at implant RVTN.
Filler gap of size 1 at implant RVTN.
Filler gap of size 12 at implant RVTN.
Filler gap of size 6 at implant RVTN.
Filler gap of size 1 at implant RVTN.
Filler gap of size 1 at implant RVTN.
Filler gap of size 2 at implant RVTN.
Filler gap of size 9 at implant RVTN.
Filler gap of size 7 at implant RVTN.
Filler gap of size 212 at implant RVTN.
Filler gap of size 314 at implant RVTN.
Filler gap of size 28 at implant RVTN.
Filler gap of size 9 at implant RVTN.
Filler gap of size 15 at implant RVTN.
Filler gap of size 12 at implant RVTN.
Filler gap of size 22 at implant RVTN.
Filler gap of size 3 at implant RVTN.
Filler gap of size 4 at implant RVTN.
Filler gap of size 11 at implant RVTN.
Filler gap of size 3 at implant RVTN.
Filler gap of size 1 at implant RVTN.
Filler gap of size 25 at implant RVTN.
Filler gap of size 12 at implant RVTN.
Filler gap of size 13 at implant RVTN.
Filler gap of size 9 at implant RVTN.
Filler gap of size 2 at implant RVTN.
Filler gap of size 8 at implant RVTN.
Filler gap of size 36 at implant RVTN.
Filler gap of size 2 at implant RVTN.
Filler gap of size 1 at implant RVTN.
Filler gap of size 1 at implant RVTN.
Filler gap of size 157 at implant RVTN.
Filler gap of size 59 at implant RVTN.
Filler gap of size 371 at implant RVTN.
Filler gap of size 3 at implant RVTN.
Filler gap of size 2 at implant RVTN.
Filler gap of size 14 at implant RVTN.
Filler gap of size 6 at implant RVTN.
Filler gap of size 6 at implant RVTN.
Filler gap of size 3 at implant RVTN.
Filler gap of size 14 at implant RVTN.
Filler gap of size 8 at implant RVTN.
Filler gap of size 1 at implant RVTN.
Filler gap of size 1 at implant RVTN.
Filler gap of size 1 at implant RVTN.
Filler gap of size 1 at implant RVTN.
Filler gap of size 1 at implant RVTN.
Filler gap of size 7 at implant RVTN.
Filler gap of size 10 at implant RVTN.
Filler gap of size 2 at implant RVTN.
Filler gap of size 6 at implant RVTN.
Filler gap of size 218 at implant RVTN.
Filler gap of size 361 at implant RVTN.
Filler gap of size 19 at implant RVTN.
Filler gap of size 18 at implant RVTN.
Filler gap of size 4 at implant RVTN.
Filler gap of size 1 at implant RVTN.
Filler gap of size 7 at implant RVTN.
Filler gap of size 1 at implant RVTN.
Filler gap of size 3 at implant RVTN.
Filler gap of size 2 at implant RVTN.
Filler gap of size 1 at implant RVTN.
Filler gap of size 8 at implant RVTN.
Filler gap of size 21 at implant RVTN.
Filler gap of size 3 at implant RVTN.
Filler gap of size 164 at implant RVTN.
Filler gap of size 59 at implant RVTN.
Filler gap of size 383 at implant RVTN.
Filler gap of size 8 at implant RVTN.
Filler gap of size 11 at implant RVTN.
Filler gap of size 11 at implant RVTN.
Filler gap of size 2 at implant RVTN.
Filler gap of size 5 at implant RVTN.
Filler gap of size 1 at implant RVTN.
Filler gap of size 4 at implant RVTN.
Filler gap of size 9 at implant RVTN.
Filler gap of size 5 at implant RVTN.
Filler gap of size 225 at implant RVTN.
Filler gap of size 386 at implant RVTN.
Filler gap of size 1 at implant RVTN.
Filler gap of size 17 at implant RVTN.
Filler gap of size 22 at implant RVTN.
Filler gap of size 4 at implant RVTN.
Filler gap of size 2 at implant RVTN.
Filler gap of size 6 at implant RVTN.
Filler gap of size 3 at implant RVTN.
Filler gap of size 4 at implant RVTN.
Filler gap of size 7 at implant RVTN.
Filler gap of size 5 at implant RVTN.
Filler gap of size 167 at implant RVTN.
Filler gap of size 59 at implant RVTN.
Filler gap of size 389 at implant RVTN.
Filler gap of size 2 at implant RVTN.
Filler gap of size 3 at implant RVTN.
Filler gap of size 6 at implant RVTN.
Filler gap of size 8 at implant RVTN.
Filler gap of size 8 at implant RVTN.
Filler gap of size 1 at implant RVTN.
Filler gap of size 5 at implant RVTN.
Filler gap of size 1 at implant RVTN.
Filler gap of size 228 at implant RVTN.
Filler gap of size 387 at implant RVTN.
Filler gap of size 1 at implant RVTN.
Filler gap of size 4 at implant RVTN.
Filler gap of size 5 at implant RVTN.
Filler gap of size 2 at implant RVTN.
Filler gap of size 3 at implant RVTN.
Filler gap of size 1 at implant RVTN.
Filler gap of size 1 at implant RVTN.
Filler gap of size 1 at implant RVTN.
Filler gap of size 1 at implant RVTN.
Filler gap of size 1 at implant RVTN.
Filler gap of size 2 at implant RVTN.
Filler gap of size 6 at implant RVTN.
Filler gap of size 5 at implant RVTN.
Filler gap of size 186 at implant RVTN.
Filler gap of size 59 at implant RVTN.
Filler gap of size 393 at implant RVTN.
Filler gap of size 6 at implant RVTN.
Filler gap of size 1 at implant RVTN.
Filler gap of size 10 at implant RVTN.
Filler gap of size 9 at implant RVTN.
Filler gap of size 1 at implant RVTN.
Filler gap of size 9 at implant RVTN.
Filler gap of size 2 at implant RVTN.
Filler gap of size 266 at implant RVTN.
Filler gap of size 409 at implant RVTN.
Filler gap of size 2 at implant RVTN.
Filler gap of size 5 at implant RVTN.
Filler gap of size 4 at implant RVTN.
Filler gap of size 1 at implant RVTN.
Filler gap of size 10 at implant RVTN.
Filler gap of size 10 at implant RVTN.
Filler gap of size 4 at implant RVTN.
Filler gap of size 3 at implant RVTN.
Filler gap of size 2 at implant RVTN.
Filler gap of size 4 at implant RVTN.
Filler gap of size 3 at implant RVTN.
Filler gap of size 211 at implant RVTN.
Filler gap of size 59 at implant RVTN.
Filler gap of size 434 at implant RVTN.
Filler gap of size 3 at implant RVTN.
Filler gap of size 2 at implant RVTN.
Filler gap of size 1 at implant RVTN.
Filler gap of size 1 at implant RVTN.
Filler gap of size 1 at implant RVTN.
Filler gap of size 1 at implant RVTN.
Filler gap of size 101 at implant RVTN.
Filler gap of size 1 at implant RVTN.
Filler gap of size 2 at implant RVTN.
Filler gap of size 1 at implant RVTN.
Filler gap of size 2 at implant RVTN.
Filler gap of size 3 at implant RVTN.
Filler gap of size 287 at implant RVTN.
Filler gap of size 544 at implant RVTN.
Filler gap of size 88 at implant RVTN.
Filler gap of size 5 at implant RVTN.
Filler gap of size 255 at implant RVTN.
Filler gap of size 59 at implant RVTN.
Filler gap of size 460 at implant RVTN.
Filler gap of size 105 at implant RVTN.
Filler gap of size 6 at implant RVTN.
Filler gap of size 330 at implant RVTN.
Filler gap of size 557 at implant RVTN.
Filler gap of size 5 at implant RVTN.
Filler gap of size 1 at implant RVTN.
Filler gap of size 269 at implant RVTN.
Filler gap of size 59 at implant RVTN.
Filler gap of size 460 at implant RVTN.
Filler gap of size 104 at implant RVTN.
Filler gap of size 28 at implant RVTN.
Filler gap of size 342 at implant RVTN.
Filler gap of size 580 at implant RVTN.
Filler gap of size 14 at implant RVTN.
Filler gap of size 276 at implant RVTN.
Filler gap of size 59 at implant RVTN.
Filler gap of size 460 at implant RVTN.
Filler gap of size 51 at implant RVTN.
Filler gap of size 69 at implant RVTN.
Filler gap of size 8 at implant RVTN.
Filler gap of size 32 at implant RVTN.
Filler gap of size 15 at implant RVTN.
Filler gap of size 306 at implant RVTN.
Filler gap of size 571 at implant RVTN.
Filler gap of size 21 at implant RVTN.
Filler gap of size 320 at implant RVTN.
Filler gap of size 59 at implant RVTN.
Filler gap of size 460 at implant RVTN.
Filler gap of size 150 at implant RVTN.
Filler gap of size 366 at implant RVTN.
Filler gap of size 922 at implant RVTN.
Filler gap of size 59 at implant RVTN.
Filler gap of size 460 at implant RVTN.
Filler gap of size 460 at implant RVTN.
Filler gap of size 59 at implant RVTN.
[INFO DPL-0001] Placed 11759 filler instances.
write_db ./results/asap7/mock-alu/modified_alpha_130-beta_0.1/5_3_fillcell.odb
Elapsed time: 0:00.89[h:]min:sec. CPU time: user 0.83 sys 0.05 (100%). Peak memory: 249744KB.
Log                        Elapsed/s Peak Memory/MB  sha1sum .odb [0:20)
5_3_fillcell                       0            243 340c521ce903f03c5b66
