OpenROAD ee3d65ce03b2656092ed62bf9205c5c11049c575 
Features included (+) or not (-): +GPU +GUI +Python
This program is licensed under the BSD-3 license. See the LICENSE file for details.
Components of this program may be licensed under more restrictive licenses which must be honored.
[INFO ORD-0030] Using 32 thread(s).
source /home/lucast/workspace/OR-flow-TCC/flow/platforms/asap7/liberty_suppressions.tcl
read_liberty /home/lucast/workspace/OR-flow-TCC/flow/platforms/asap7/lib/NLDM/asap7sc7p5t_AO_RVT_FF_nldm_211120.lib.gz
read_liberty /home/lucast/workspace/OR-flow-TCC/flow/platforms/asap7/lib/NLDM/asap7sc7p5t_INVBUF_RVT_FF_nldm_220122.lib.gz
read_liberty /home/lucast/workspace/OR-flow-TCC/flow/platforms/asap7/lib/NLDM/asap7sc7p5t_OA_RVT_FF_nldm_211120.lib.gz
read_liberty /home/lucast/workspace/OR-flow-TCC/flow/platforms/asap7/lib/NLDM/asap7sc7p5t_SIMPLE_RVT_FF_nldm_211120.lib.gz
read_liberty /home/lucast/workspace/OR-flow-TCC/flow/platforms/asap7/lib/NLDM/asap7sc7p5t_SEQ_RVT_FF_nldm_220123.lib
read_liberty /home/lucast/workspace/OR-flow-TCC/flow/platforms/asap7/lib/NLDM/asap7sc7p5t_DFFHQNH2V2X_RVT_TT_nldm_FAKE.lib
read_liberty /home/lucast/workspace/OR-flow-TCC/flow/platforms/asap7/lib/NLDM/asap7sc7p5t_DFFHQNV2X_RVT_TT_nldm_FAKE.lib
read_db -hier ./results/asap7/mock-alu/modified_alpha_67-beta_0.1/3_place.odb
[WARNING ORD-0012] Hierarchical flow (-hier) is currently in development and may cause multiple issues. Do not use in production environments.
source /home/lucast/workspace/OR-flow-TCC/flow/platforms/asap7/setRC.tcl
clock_tree_synthesis -sink_clustering_enable -repair_clock_nets
[INFO CTS-0050] Root buffer is BUFx16f_ASAP7_75t_R.
[INFO CTS-0051] Sink buffer is BUFx24_ASAP7_75t_R.
[INFO CTS-0052] The following clock buffers will be used for CTS:
                    BUFx16f_ASAP7_75t_R
                    BUFx24_ASAP7_75t_R
[INFO CTS-0049] Characterization buffer is BUFx24_ASAP7_75t_R.
[INFO CTS-0007] Net "clock" found for clock "clock".
[INFO CTS-0010]  Clock net "clock" has 368 sinks.
[INFO CTS-0008] TritonCTS found 1 clock nets.
[INFO CTS-0097] Characterization used 2 buffer(s) types.
[INFO CTS-0201] 0 blockages from hard placement blockages and placed macros will be used.
[INFO CTS-0027] Generating H-Tree topology for net clock.
[INFO CTS-0028]  Total number of sinks: 368.
[INFO CTS-0090]  Sinks will be clustered based on buffer max cap.
[INFO CTS-0030]  Number of static layers: 0.
[INFO CTS-0020]  Wire segment unit: 1350  dbu (1 um).
[INFO CTS-0206] Best clustering solution was found from clustering size of 30 and clustering diameter of 50.
[INFO CTS-0019]  Total number of sinks after clustering: 25.
[INFO CTS-0024]  Normalized sink region: [(5.17012, 3.62458), (39.6725, 35.7575)].
[INFO CTS-0025]     Width:  34.5023.
[INFO CTS-0026]     Height: 32.1329.
 Level 1
    Direction: Horizontal
    Sinks per sub-region: 13
    Sub-region size: 17.2512 X 32.1329
[INFO CTS-0034]     Segment length (rounded): 8.
[INFO CTS-0032]  Stop criterion found. Max number of sinks is 15.
[INFO CTS-0035]  Number of sinks covered: 25.
[INFO CTS-0018]     Created 28 clock buffers.
[INFO CTS-0012]     Minimum number of buffers in the clock path: 3.
[INFO CTS-0013]     Maximum number of buffers in the clock path: 3.
[INFO CTS-0015]     Created 28 clock nets.
[INFO CTS-0016]     Fanout distribution for the current clock = 7:1, 9:1, 10:1, 11:2, 13:1, 14:5, 15:4, 16:5, 17:5, 18:1, 19:1..
[INFO CTS-0017]     Max level of the clock tree: 1.
[INFO CTS-0098] Clock net "clock"
[INFO CTS-0099]  Sinks 392
[INFO CTS-0100]  Leaf buffers 25
[INFO CTS-0101]  Average sink wire length 85.02 um
[INFO CTS-0102]  Path depth 2 - 3
[INFO CTS-0207]  Dummy loads inserted 24
estimate_parasitics -placement
[INFO DPL-0005] Max displacement: +/- 500 sites horizontally, +/- 100 rows vertically.
Movements Summary
---------------------------------------
Total cells:                   11545
Diamond Move Success:          11545 (100.00%)
Diamond Move Failure:              0
Rip-up and replace Success:        0 (  0.00% of diamond failures)
Rip-up and replace Failure:        0
Total Placement Failures:          0
---------------------------------------
Placement Analysis
---------------------------------
total displacement        148.7 u
average displacement        0.0 u
max displacement            1.7 u
original HPWL           38606.6 u
legalized HPWL          39336.1 u
delta HPWL                    2 %

estimate_parasitics -placement
repair_timing -setup_margin 0 -hold_margin 0 -repair_tns 100 -verbose
[INFO RSZ-0100] Repair move sequence: UnbufferMove SizeUpMove SwapPinsMove BufferMove CloneMove SplitLoadMove 
[INFO RSZ-0094] Found 789 endpoints with setup violations.
[INFO RSZ-0099] Repairing 789 out of 789 (100.00%) violating endpoints...
   Iter   | Removed | Resized | Inserted | Cloned |  Pin  |   Area   |    WNS   |   TNS      |  Viol  | Worst
          | Buffers |  Gates  | Buffers  |  Gates | Swaps |          |          |            | Endpts | Endpt
--------------------------------------------------------------------------------------------------------------
        0 |       0 |       0 |        0 |      0 |     0 |    +0.0% | -341.788 |   -35509.4 |    789 | io_out_REG[0]$_DFF_P_/D
       10 |       0 |       0 |       11 |      0 |     4 |    +0.1% | -330.746 |   -35361.7 |    789 | io_out_REG[0]$_DFF_P_/D
       20 |       0 |       2 |       16 |      0 |     8 |    +0.1% | -329.023 |   -35294.0 |    789 | io_out_REG[0]$_DFF_P_/D
       30 |       0 |       4 |       19 |      0 |    14 |    +0.1% | -318.340 |   -35241.9 |    789 | io_out_REG[0]$_DFF_P_/D
       40 |       0 |       9 |       20 |      1 |    17 |    +0.1% | -311.434 |   -35230.0 |    789 | io_out_REG[0]$_DFF_P_/D
       50 |       0 |      11 |       23 |      1 |    22 |    +0.2% | -309.878 |   -35226.2 |    789 | io_out_REG[0]$_DFF_P_/D
       60 |       0 |      14 |       28 |      1 |    26 |    +0.2% | -309.495 |   -35211.9 |    789 | io_out_REG[0]$_DFF_P_/D
       70 |       0 |      15 |       28 |      2 |    34 |    +0.2% | -305.936 |   -35208.0 |    789 | io_out_REG[0]$_DFF_P_/D
       80 |       0 |      17 |       31 |      2 |    39 |    +0.2% | -302.641 |   -35203.4 |    789 | io_out_REG[0]$_DFF_P_/D
       90 |       0 |      18 |       33 |      2 |    46 |    +0.2% | -302.978 |   -35204.2 |    789 | io_out_REG[0]$_DFF_P_/D
      100 |       0 |      21 |       34 |      2 |    52 |    +0.2% | -300.709 |   -35201.4 |    789 | io_out_REG[0]$_DFF_P_/D
      110 |       0 |      21 |       35 |      2 |    61 |    +0.3% | -300.278 |   -35201.0 |    789 | io_out_REG[0]$_DFF_P_/D
      110 |       0 |      21 |       34 |      2 |    56 |    +0.2% | -299.805 |   -35200.5 |    789 | io_out_REG[0]$_DFF_P_/D
      120 |       0 |      24 |       38 |      2 |    59 |    +0.3% | -299.805 |   -34027.3 |    789 | io_out_REG[0]$_DFF_P_/D
      130 |       0 |      26 |       40 |      2 |    65 |    +0.3% | -299.865 |   -34025.8 |    789 | io_out_REG[0]$_DFF_P_/D
      131 |       0 |      25 |       40 |      2 |    63 |    +0.3% | -299.802 |   -34025.8 |    789 | io_out_REG[0]$_DFF_P_/D
      140 |       0 |      26 |       41 |      2 |    69 |    +0.3% | -300.943 |   -34027.5 |    789 | io_out_REG[0]$_DFF_P_/D
      150 |       0 |      31 |       43 |      3 |    71 |    +0.3% | -300.911 |   -34039.6 |    789 | io_out_REG[0]$_DFF_P_/D
      160 |       0 |      36 |       47 |      3 |    72 |    +0.4% | -300.911 |   -34081.9 |    789 | io_out_REG[0]$_DFF_P_/D
      160 |       0 |      25 |       41 |      2 |    66 |    +0.3% | -299.802 |   -34023.2 |    789 | io_out_REG[0]$_DFF_P_/D
      170 |       0 |      30 |       43 |      2 |    68 |    +0.3% | -299.802 |   -31906.8 |    789 | io_out_REG[0]$_DFF_P_/D
      180 |       0 |      38 |       45 |      2 |    68 |    +0.3% | -299.802 |   -30424.2 |    789 | io_out_REG[0]$_DFF_P_/D
      190 |       0 |      44 |       49 |      2 |    70 |    +0.4% | -299.802 |   -30196.8 |    789 | io_out_REG[0]$_DFF_P_/D
      200 |       0 |      52 |       49 |      3 |    71 |    +0.4% | -299.802 |   -30330.1 |    789 | io_out_REG[0]$_DFF_P_/D
      210 |       0 |      59 |       49 |      6 |    71 |    +0.5% | -299.802 |   -30330.6 |    789 | io_out_REG[0]$_DFF_P_/D
      220 |       0 |      67 |       49 |      7 |    72 |    +0.5% | -299.802 |   -30175.1 |    789 | io_out_REG[0]$_DFF_P_/D
      230 |       0 |      73 |       49 |      7 |    76 |    +0.5% | -299.802 |   -30130.5 |    789 | io_out_REG[0]$_DFF_P_/D
      240 |       0 |      80 |       51 |      7 |    77 |    +0.5% | -299.802 |   -30250.4 |    789 | io_out_REG[0]$_DFF_P_/D
      250 |       0 |      88 |       52 |      7 |    78 |    +0.6% | -299.802 |   -30474.7 |    789 | io_out_REG[0]$_DFF_P_/D
      260 |       0 |      94 |       54 |      9 |    78 |    +0.6% | -299.802 |   -30405.4 |    789 | io_out_REG[0]$_DFF_P_/D
      269 |       0 |      78 |       50 |      7 |    77 |    +0.5% | -299.802 |   -30112.9 |    789 | io_out_REG[0]$_DFF_P_/D
      270 |       0 |      78 |       50 |      7 |    77 |    +0.5% | -299.802 |   -30112.9 |    789 | io_out_REG[0]$_DFF_P_/D
      280 |       1 |      82 |       53 |      7 |    79 |    +0.6% | -300.943 |   -30143.0 |    789 | io_out_REG[0]$_DFF_P_/D
      281 |       0 |      78 |       50 |      7 |    77 |    +0.5% | -299.802 |   -30112.9 |    789 | io_out_REG[0]$_DFF_P_/D
      290 |       0 |      85 |       50 |      7 |    78 |    +0.5% | -299.802 |   -30097.9 |    789 | io_out_REG[0]$_DFF_P_/D
      300 |       0 |      92 |       53 |      7 |    79 |    +0.6% | -299.802 |   -30239.9 |    789 | io_out_REG[0]$_DFF_P_/D
      310 |       0 |      97 |       58 |      7 |    80 |    +0.6% | -299.802 |   -30418.9 |    789 | io_out_REG[0]$_DFF_P_/D
      317 |       0 |      91 |       52 |      7 |    79 |    +0.6% | -299.802 |   -30096.9 |    789 | io_out_REG[0]$_DFF_P_/D
      320 |       0 |      91 |       53 |      7 |    80 |    +0.6% | -299.802 |   -30085.1 |    789 | io_out_REG[0]$_DFF_P_/D
      330 |       2 |      93 |       56 |      7 |    84 |    +0.6% | -300.957 |   -30195.6 |    789 | io_out_REG[0]$_DFF_P_/D
      340 |       2 |      97 |       61 |      8 |    85 |    +0.6% | -300.957 |   -30444.3 |    789 | io_out_REG[0]$_DFF_P_/D
      350 |       2 |     101 |       64 |     10 |    86 |    +0.7% | -300.957 |   -30464.0 |    789 | io_out_REG[0]$_DFF_P_/D
      356 |       0 |      91 |       52 |      7 |    79 |    +0.6% | -299.802 |   -30096.9 |    789 | io_out_REG[0]$_DFF_P_/D
      360 |       0 |      92 |       52 |      7 |    81 |    +0.6% | -299.802 |   -30093.5 |    789 | io_out_REG[0]$_DFF_P_/D
      370 |       0 |      99 |       52 |      7 |    84 |    +0.6% | -299.802 |   -30076.2 |    789 | io_out_REG[0]$_DFF_P_/D
      371 |       0 |      98 |       52 |      7 |    84 |    +0.6% | -299.802 |   -30076.0 |    789 | io_out_REG[0]$_DFF_P_/D
      380 |       0 |     103 |       53 |      8 |    85 |    +0.6% | -299.802 |   -30235.5 |    789 | io_out_REG[0]$_DFF_P_/D
      390 |       0 |     111 |       54 |      8 |    86 |    +0.6% | -299.802 |   -30435.2 |    789 | io_out_REG[0]$_DFF_P_/D
      400 |       0 |     113 |       56 |      9 |    91 |    +0.7% | -299.802 |   -30647.2 |    789 | io_out_REG[0]$_DFF_P_/D
      410 |       0 |     120 |       58 |     10 |    91 |    +0.7% | -299.802 |   -30643.5 |    789 | io_out_REG[0]$_DFF_P_/D
      412 |       0 |     100 |       52 |      7 |    85 |    +0.6% | -299.802 |   -30070.4 |    789 | io_out_REG[0]$_DFF_P_/D
      420 |       0 |     100 |       59 |      7 |    85 |    +0.6% | -299.802 |   -30145.7 |    789 | io_out_REG[0]$_DFF_P_/D
      430 |       1 |     103 |       62 |      8 |    87 |    +0.7% | -300.738 |   -30221.2 |    789 | io_out_REG[0]$_DFF_P_/D
      440 |       5 |     104 |       66 |      8 |    88 |    +0.7% | -300.738 |   -30220.9 |    789 | io_out_REG[0]$_DFF_P_/D
      450 |      10 |     104 |       71 |      8 |    88 |    +0.7% | -300.738 |   -30220.9 |    789 | io_out_REG[0]$_DFF_P_/D
      460 |      15 |     104 |       76 |      8 |    88 |    +0.7% | -300.738 |   -30220.9 |    789 | io_out_REG[0]$_DFF_P_/D
      463 |       0 |     100 |       52 |      7 |    85 |    +0.6% | -299.802 |   -30070.4 |    789 | io_out_REG[0]$_DFF_P_/D
      468 |       0 |     101 |       53 |      7 |    87 |    +0.6% | -299.802 |   -30068.7 |    789 | io_out_REG[0]$_DFF_P_/D
      470 |       0 |     101 |       54 |      7 |    87 |    +0.6% | -299.802 |   -30231.5 |    789 | io_out_REG[0]$_DFF_P_/D
      480 |       0 |     106 |       56 |      8 |    89 |    +0.6% | -299.802 |   -30453.1 |    789 | io_out_REG[0]$_DFF_P_/D
      490 |       0 |     112 |       58 |     10 |    90 |    +0.7% | -299.802 |   -30460.6 |    789 | io_out_REG[0]$_DFF_P_/D
      499 |       0 |     101 |       53 |      7 |    87 |    +0.6% | -299.802 |   -30068.7 |    789 | io_out_REG[0]$_DFF_P_/D
      500 |       0 |     101 |       53 |      7 |    87 |    +0.6% | -299.802 |   -30068.7 |    789 | io_out_REG[0]$_DFF_P_/D
      510 |       1 |     103 |       54 |      7 |    93 |    +0.6% | -301.195 |   -30066.2 |    789 | io_out_REG[0]$_DFF_P_/D
      520 |       1 |     104 |       57 |      7 |   100 |    +0.6% | -302.430 |   -30091.3 |    789 | io_out_REG[0]$_DFF_P_/D
      521 |       0 |     101 |       53 |      7 |    88 |    +0.6% | -299.802 |   -30062.3 |    789 | io_out_REG[0]$_DFF_P_/D
      530 |       1 |     103 |       56 |      7 |    91 |    +0.6% | -300.957 |   -30029.7 |    789 | io_out_REG[0]$_DFF_P_/D
      540 |       2 |     105 |       57 |      7 |    97 |    +0.6% | -300.959 |   -29980.8 |    789 | io_out_REG[0]$_DFF_P_/D
      540 |       0 |     102 |       53 |      7 |    89 |    +0.6% | -299.802 |   -30041.1 |    789 | io_out_REG[0]$_DFF_P_/D
      550 |       0 |     104 |       54 |      7 |    95 |    +0.6% | -299.802 |   -30010.7 |    789 | io_out_REG[0]$_DFF_P_/D
      560 |       0 |     108 |       55 |      7 |   100 |    +0.6% | -299.802 |   -29996.8 |    789 | io_out_REG[0]$_DFF_P_/D
      565 |       0 |     108 |       57 |      7 |   102 |    +0.6% | -299.802 |   -29994.6 |    789 | io_out_REG[0]$_DFF_P_/D
      567 |       1 |     108 |       57 |      7 |   102 |    +0.6% | -299.802 |   -29983.5 |    789 | io_out_REG[0]$_DFF_P_/D
      570 |       1 |     109 |       57 |      7 |   103 |    +0.7% | -300.957 |   -30027.9 |    789 | io_out_REG[0]$_DFF_P_/D
      574 |       1 |     108 |       57 |      7 |   102 |    +0.6% | -299.802 |   -29983.5 |    789 | io_out_REG[0]$_DFF_P_/D
      579 |       1 |     108 |       57 |      7 |   103 |    +0.6% | -299.802 |   -29977.3 |    789 | io_out_REG[0]$_DFF_P_/D
      580 |       1 |     108 |       57 |      7 |   103 |    +0.6% | -299.802 |   -29977.3 |    789 | io_out_REG[0]$_DFF_P_/D
      587 |       1 |     108 |       57 |      7 |   103 |    +0.6% | -299.802 |   -29977.3 |    789 | io_out_REG[0]$_DFF_P_/D
      590 |       1 |     108 |       58 |      7 |   104 |    +0.6% | -299.802 |   -29981.2 |    789 | io_out_REG[0]$_DFF_P_/D
      600 |       1 |     112 |       59 |      8 |   108 |    +0.7% | -301.627 |   -30010.7 |    789 | io_out_REG[0]$_DFF_P_/D
      610 |       4 |     115 |       60 |      8 |   111 |    +0.7% | -301.357 |   -29988.9 |    789 | io_out_REG[0]$_DFF_P_/D
      619 |       1 |     108 |       57 |      7 |   104 |    +0.6% | -299.802 |   -29970.7 |    789 | io_out_REG[0]$_DFF_P_/D
      620 |       1 |     108 |       57 |      7 |   104 |    +0.6% | -299.802 |   -29970.7 |    789 | io_out_REG[0]$_DFF_P_/D
      630 |       1 |     111 |       63 |      7 |   106 |    +0.7% | -299.802 |   -30560.4 |    789 | io_out_REG[0]$_DFF_P_/D
      640 |       1 |     115 |       67 |      8 |   108 |    +0.7% | -299.802 |   -31070.7 |    789 | io_out_REG[0]$_DFF_P_/D
      640 |       1 |     108 |       57 |      7 |   105 |    +0.6% | -299.802 |   -29970.0 |    789 | io_out_REG[0]$_DFF_P_/D
      645 |       1 |     108 |       57 |      7 |   107 |    +0.6% | -299.802 |   -29967.7 |    789 | io_out_REG[0]$_DFF_P_/D
      646 |       1 |     108 |       57 |      7 |   107 |    +0.6% | -299.802 |   -29967.7 |    789 | io_out_REG[0]$_DFF_P_/D
      650 |       1 |     110 |       57 |      7 |   108 |    +0.7% | -300.957 |   -30009.3 |    789 | io_out_REG[0]$_DFF_P_/D
      652 |       1 |     108 |       57 |      7 |   107 |    +0.6% | -299.802 |   -29967.7 |    789 | io_out_REG[0]$_DFF_P_/D
      660 |       1 |     108 |       63 |      7 |   108 |    +0.7% | -299.802 |   -30025.0 |    789 | io_out_REG[0]$_DFF_P_/D
      670 |       2 |     109 |       71 |      7 |   108 |    +0.7% | -299.802 |   -30094.0 |    789 | io_out_REG[0]$_DFF_P_/D
      680 |       7 |     109 |       76 |      7 |   108 |    +0.7% | -299.802 |   -30094.0 |    789 | io_out_REG[0]$_DFF_P_/D
      690 |      12 |     109 |       81 |      7 |   108 |    +0.7% | -299.802 |   -30094.0 |    789 | io_out_REG[0]$_DFF_P_/D
      700 |      17 |     109 |       86 |      7 |   108 |    +0.7% | -299.802 |   -30094.0 |    789 | io_out_REG[0]$_DFF_P_/D
      704 |       1 |     108 |       57 |      7 |   108 |    +0.6% | -299.802 |   -29961.0 |    789 | io_out_REG[0]$_DFF_P_/D
      710 |       1 |     109 |       59 |      8 |   109 |    +0.7% | -301.627 |   -30010.8 |    789 | io_out_REG[0]$_DFF_P_/D
      718 |       1 |     108 |       57 |      7 |   109 |    +0.6% | -299.802 |   -29960.4 |    789 | io_out_REG[0]$_DFF_P_/D
      720 |       1 |     108 |       58 |      7 |   109 |    +0.7% | -299.802 |   -29956.3 |    789 | io_out_REG[0]$_DFF_P_/D
      730 |       1 |     112 |       61 |      8 |   111 |    +0.7% | -299.802 |   -30339.6 |    789 | io_out_REG[0]$_DFF_P_/D
      740 |       1 |     116 |       65 |     11 |   111 |    +0.7% | -299.802 |   -30313.5 |    789 | io_out_REG[0]$_DFF_P_/D
      747 |       1 |     108 |       58 |      7 |   109 |    +0.7% | -299.802 |   -29956.3 |    789 | io_out_REG[0]$_DFF_P_/D
      750 |       1 |     110 |       58 |      7 |   109 |    +0.7% | -300.943 |   -29966.8 |    789 | io_out_REG[0]$_DFF_P_/D
      751 |       1 |     109 |       58 |      7 |   109 |    +0.7% | -299.802 |   -29954.7 |    789 | io_out_REG[0]$_DFF_P_/D
      760 |       1 |     114 |       60 |      7 |   110 |    +0.7% | -300.336 |   -29933.8 |    789 | io_out_REG[0]$_DFF_P_/D
      770 |       1 |     119 |       61 |      8 |   113 |    +0.7% | -300.336 |   -29941.0 |    789 | io_out_REG[0]$_DFF_P_/D
      776 |       1 |     112 |       59 |      7 |   110 |    +0.7% | -299.802 |   -29934.1 |    789 | io_out_REG[0]$_DFF_P_/D
      779 |       1 |     112 |       59 |      7 |   111 |    +0.7% | -299.802 |   -29933.3 |    789 | io_out_REG[0]$_DFF_P_/D
      780 |       1 |     112 |       59 |      7 |   111 |    +0.7% | -299.802 |   -29933.3 |    789 | io_out_REG[0]$_DFF_P_/D
      790 |       1 |     118 |       61 |      7 |   113 |    +0.7% | -299.802 |   -30364.0 |    789 | io_out_REG[0]$_DFF_P_/D
      798 |       1 |     115 |       59 |      7 |   111 |    +0.7% | -299.802 |   -29931.6 |    789 | io_out_REG[0]$_DFF_P_/D
      800 |       1 |     115 |       59 |      7 |   112 |    +0.7% | -299.802 |   -29932.9 |    789 | io_out_REG[0]$_DFF_P_/D
      802 |       1 |     115 |       59 |      7 |   111 |    +0.7% | -299.802 |   -29931.6 |    789 | io_out_REG[0]$_DFF_P_/D
      809 |       1 |     116 |       59 |      7 |   111 |    +0.7% | -299.802 |   -29927.7 |    789 | io_out_REG[0]$_DFF_P_/D
      810 |       1 |     116 |       59 |      7 |   111 |    +0.7% | -299.802 |   -29927.7 |    789 | io_out_REG[0]$_DFF_P_/D
      811 |       1 |     116 |       59 |      7 |   112 |    +0.7% | -299.802 |   -29927.1 |    789 | io_out_REG[0]$_DFF_P_/D
      820 |       1 |     121 |       60 |      9 |   112 |    +0.7% | -299.802 |   -29932.6 |    789 | io_out_REG[0]$_DFF_P_/D
      830 |       1 |     126 |       62 |      9 |   115 |    +0.7% | -299.802 |   -30332.8 |    789 | io_out_REG[0]$_DFF_P_/D
      838 |       1 |     122 |       60 |      9 |   112 |    +0.7% | -299.802 |   -29932.2 |    789 | io_out_REG[0]$_DFF_P_/D
      840 |       1 |     122 |       60 |      9 |   113 |    +0.7% | -299.802 |   -29931.3 |    789 | io_out_REG[0]$_DFF_P_/D
      844 |       1 |     122 |       60 |      9 |   113 |    +0.7% | -299.802 |   -29931.3 |    789 | io_out_REG[0]$_DFF_P_/D
      850 |       1 |     124 |       61 |     10 |   114 |    +0.7% | -301.627 |   -29987.1 |    789 | io_out_REG[0]$_DFF_P_/D
      857 |       1 |     122 |       60 |      9 |   113 |    +0.7% | -299.802 |   -29931.3 |    789 | io_out_REG[0]$_DFF_P_/D
      860 |       1 |     122 |       61 |      9 |   114 |    +0.7% | -299.802 |   -29938.8 |    789 | io_out_REG[0]$_DFF_P_/D
      865 |       1 |     122 |       61 |      9 |   113 |    +0.7% | -299.802 |   -29937.4 |    789 | io_out_REG[0]$_DFF_P_/D
      870 |       1 |     124 |       63 |      9 |   113 |    +0.7% | -299.802 |   -30074.9 |    789 | io_out_REG[0]$_DFF_P_/D
      880 |       1 |     129 |       66 |     10 |   114 |    +0.8% | -299.802 |   -30421.8 |    789 | io_out_REG[0]$_DFF_P_/D
      881 |       1 |     122 |       61 |      9 |   113 |    +0.7% | -299.802 |   -29937.4 |    789 | io_out_REG[0]$_DFF_P_/D
      890 |       1 |     125 |       63 |     10 |   115 |    +0.7% | -301.061 |   -30005.7 |    789 | io_out_REG[0]$_DFF_P_/D
      893 |       1 |     122 |       61 |      9 |   114 |    +0.7% | -299.802 |   -29937.1 |    789 | io_out_REG[0]$_DFF_P_/D
      896 |       1 |     122 |       61 |      9 |   116 |    +0.7% | -299.802 |   -29928.8 |    789 | io_out_REG[0]$_DFF_P_/D
      899 |       1 |     122 |       61 |      9 |   118 |    +0.7% | -299.802 |   -29923.7 |    789 | io_out_REG[0]$_DFF_P_/D
      900 |       1 |     122 |       61 |      9 |   118 |    +0.7% | -299.802 |   -29923.7 |    789 | io_out_REG[0]$_DFF_P_/D
      910 |       1 |     128 |       63 |     10 |   119 |    +0.8% | -301.061 |   -29953.1 |    789 | io_out_REG[0]$_DFF_P_/D
      920 |       3 |     132 |       66 |     10 |   120 |    +0.8% | -302.733 |   -29993.3 |    789 | io_out_REG[0]$_DFF_P_/D
      923 |       1 |     124 |       61 |      9 |   118 |    +0.7% | -299.802 |   -29910.2 |    789 | io_out_REG[0]$_DFF_P_/D
      926 |       1 |     124 |       61 |      9 |   120 |    +0.7% | -299.802 |   -29908.8 |    789 | io_out_REG[0]$_DFF_P_/D
      929 |       1 |     124 |       61 |      9 |   120 |    +0.7% | -299.802 |   -29908.8 |    789 | io_out_REG[0]$_DFF_P_/D
      930 |       1 |     124 |       61 |      9 |   120 |    +0.7% | -299.802 |   -29908.8 |    789 | io_out_REG[0]$_DFF_P_/D
      933 |       1 |     124 |       61 |      9 |   123 |    +0.7% | -299.802 |   -29908.9 |    789 | io_out_REG[0]$_DFF_P_/D
      940 |       1 |     124 |       61 |      9 |   129 |    +0.7% | -299.792 |   -29903.2 |    789 | io_out_REG[0]$_DFF_P_/D
      942 |       1 |     126 |       61 |      9 |   129 |    +0.7% | -299.792 |   -29904.2 |    789 | io_out_REG[0]$_DFF_P_/D
      946 |       1 |     126 |       61 |      9 |   132 |    +0.7% | -299.792 |   -29904.0 |    789 | io_out_REG[0]$_DFF_P_/D
      950 |       1 |     127 |       62 |      9 |   133 |    +0.7% | -299.792 |   -29905.3 |    789 | io_out_REG[0]$_DFF_P_/D
      953 |       1 |     127 |       62 |      9 |   136 |    +0.7% | -299.792 |   -29900.5 |    789 | io_out_REG[0]$_DFF_P_/D
      960 |       1 |     131 |       62 |     10 |   137 |    +0.8% | -301.318 |   -29958.0 |    789 | io_out_REG[0]$_DFF_P_/D
      964 |       1 |     127 |       62 |      9 |   136 |    +0.7% | -299.792 |   -29900.5 |    789 | io_out_REG[0]$_DFF_P_/D
      967 |       1 |     127 |       62 |      9 |   137 |    +0.7% | -299.792 |   -29899.8 |    789 | io_out_REG[0]$_DFF_P_/D
      970 |       1 |     127 |       62 |      9 |   139 |    +0.7% | -299.792 |   -29891.3 |    789 | io_out_REG[0]$_DFF_P_/D
      971 |       1 |     128 |       62 |      9 |   139 |    +0.7% | -299.792 |   -29884.7 |    789 | io_out_REG[0]$_DFF_P_/D
      973 |       1 |     128 |       62 |      9 |   139 |    +0.7% | -299.792 |   -29884.7 |    789 | io_out_REG[0]$_DFF_P_/D
      975 |       1 |     128 |       62 |      9 |   139 |    +0.7% | -299.792 |   -29884.7 |    789 | io_out_REG[0]$_DFF_P_/D
      978 |       2 |     128 |       63 |      9 |   139 |    +0.7% | -299.792 |   -29884.6 |    789 | io_out_REG[0]$_DFF_P_/D
      980 |       2 |     129 |       63 |      9 |   139 |    +0.7% | -299.792 |   -29878.1 |    789 | io_out_REG[0]$_DFF_P_/D
      990 |       2 |     134 |       66 |     10 |   140 |    +0.8% | -299.792 |   -30025.9 |    789 | io_out_REG[0]$_DFF_P_/D
     1000 |       2 |     139 |       69 |     12 |   140 |    +0.8% | -299.792 |   -30179.1 |    789 | io_out_REG[0]$_DFF_P_/D
     1010 |       2 |     144 |       71 |     12 |   143 |    +0.8% | -299.792 |   -30476.1 |    789 | io_out_REG[0]$_DFF_P_/D
     1015 |       2 |     130 |       65 |      9 |   140 |    +0.8% | -299.792 |   -29876.8 |    789 | io_out_REG[0]$_DFF_P_/D
     1019 |       2 |     131 |       65 |      9 |   140 |    +0.8% | -299.792 |   -29874.0 |    789 | io_out_REG[0]$_DFF_P_/D
     1020 |       2 |     131 |       65 |      9 |   140 |    +0.8% | -299.792 |   -29874.0 |    789 | io_out_REG[0]$_DFF_P_/D
     1026 |       2 |     131 |       65 |      9 |   140 |    +0.8% | -299.792 |   -29874.0 |    789 | io_out_REG[0]$_DFF_P_/D
     1030 |       2 |     133 |       65 |      9 |   141 |    +0.8% | -300.948 |   -29909.7 |    789 | io_out_REG[0]$_DFF_P_/D
     1035 |       2 |     131 |       65 |      9 |   140 |    +0.8% | -299.792 |   -29874.0 |    789 | io_out_REG[0]$_DFF_P_/D
     1040 |       2 |     131 |       65 |      9 |   144 |    +0.8% | -299.792 |   -29870.8 |    789 | io_out_REG[0]$_DFF_P_/D
     1040 |       2 |     131 |       65 |      9 |   144 |    +0.8% | -299.792 |   -29870.8 |    789 | io_out_REG[0]$_DFF_P_/D
     1044 |       2 |     132 |       66 |      9 |   145 |    +0.8% | -299.792 |   -29862.6 |    789 | io_out_REG[0]$_DFF_P_/D
     1048 |       2 |     132 |       66 |      9 |   145 |    +0.8% | -299.792 |   -29862.6 |    789 | io_out_REG[0]$_DFF_P_/D
     1050 |       2 |     132 |       66 |      9 |   146 |    +0.8% | -299.792 |   -29861.8 |    789 | io_out_REG[0]$_DFF_P_/D
     1050 |       2 |     132 |       66 |      9 |   146 |    +0.8% | -299.792 |   -29861.8 |    789 | io_out_REG[0]$_DFF_P_/D
     1053 |       2 |     132 |       66 |      9 |   146 |    +0.8% | -299.792 |   -29861.8 |    789 | io_out_REG[0]$_DFF_P_/D
     1060 |       2 |     132 |       66 |      9 |   152 |    +0.8% | -299.792 |   -29865.7 |    789 | io_out_REG[0]$_DFF_P_/D
     1063 |       2 |     132 |       66 |      9 |   148 |    +0.8% | -299.792 |   -29860.9 |    789 | io_out_REG[0]$_DFF_P_/D
     1070 |       2 |     132 |       66 |      9 |   154 |    +0.8% | -299.792 |   -29861.8 |    789 | io_out_REG[0]$_DFF_P_/D
     1072 |       2 |     132 |       66 |      9 |   150 |    +0.8% | -299.792 |   -29856.0 |    789 | io_out_REG[0]$_DFF_P_/D
     1080 |       2 |     132 |       66 |      9 |   157 |    +0.8% | -299.792 |   -29859.1 |    789 | io_out_REG[0]$_DFF_P_/D
     1082 |       2 |     132 |       66 |      9 |   151 |    +0.8% | -299.792 |   -29852.4 |    789 | io_out_REG[0]$_DFF_P_/D
     1090 |       2 |     132 |       66 |      9 |   158 |    +0.8% | -299.792 |   -29862.9 |    789 | io_out_REG[0]$_DFF_P_/D
     1091 |       2 |     133 |       66 |      9 |   158 |    +0.8% | -299.792 |   -29844.4 |    789 | io_out_REG[0]$_DFF_P_/D
     1100 |       2 |     133 |       66 |      9 |   166 |    +0.8% | -299.792 |   -29840.6 |    789 | io_out_REG[0]$_DFF_P_/D
     1101 |       2 |     133 |       66 |      9 |   166 |    +0.8% | -299.792 |   -29840.6 |    789 | io_out_REG[0]$_DFF_P_/D
     1110 |       2 |     133 |       66 |      9 |   174 |    +0.8% | -299.792 |   -29838.3 |    789 | io_out_REG[0]$_DFF_P_/D
     1115 |       2 |     133 |       66 |      9 |   177 |    +0.8% | -299.792 |   -29833.8 |    789 | io_out_REG[0]$_DFF_P_/D
     1119 |       2 |     133 |       66 |      9 |   177 |    +0.8% | -299.792 |   -29833.8 |    789 | io_out_REG[0]$_DFF_P_/D
     1120 |       2 |     133 |       66 |      9 |   177 |    +0.8% | -299.792 |   -29833.8 |    789 | io_out_REG[0]$_DFF_P_/D
     1128 |       2 |     133 |       66 |      9 |   183 |    +0.8% | -299.792 |   -29831.8 |    789 | io_out_REG[0]$_DFF_P_/D
     1129 |       2 |     133 |       66 |      9 |   183 |    +0.8% | -299.792 |   -29831.8 |    789 | io_out_REG[0]$_DFF_P_/D
     1130 |       2 |     133 |       66 |      9 |   183 |    +0.8% | -299.792 |   -29831.8 |    789 | io_out_REG[0]$_DFF_P_/D
     1137 |       2 |     133 |       66 |      9 |   184 |    +0.8% | -299.792 |   -29830.6 |    789 | io_out_REG[0]$_DFF_P_/D
     1140 |       2 |     133 |       66 |      9 |   186 |    +0.8% | -299.792 |   -29837.5 |    789 | io_out_REG[0]$_DFF_P_/D
     1144 |       2 |     133 |       66 |      9 |   190 |    +0.8% | -299.792 |   -29828.8 |    789 | io_out_REG[0]$_DFF_P_/D
     1150 |       2 |     133 |       66 |      9 |   195 |    +0.8% | -299.792 |   -29843.0 |    789 | io_out_REG[0]$_DFF_P_/D
     1152 |       2 |     133 |       66 |      9 |   191 |    +0.8% | -299.792 |   -29827.7 |    789 | io_out_REG[0]$_DFF_P_/D
     1153 |       2 |     133 |       66 |      9 |   191 |    +0.8% | -299.792 |   -29827.7 |    789 | io_out_REG[0]$_DFF_P_/D
     1154 |       2 |     133 |       66 |      9 |   191 |    +0.8% | -299.792 |   -29827.7 |    789 | io_out_REG[0]$_DFF_P_/D
     1155 |       2 |     133 |       66 |      9 |   191 |    +0.8% | -299.792 |   -29827.7 |    789 | io_out_REG[0]$_DFF_P_/D
     1160 |       2 |     133 |       66 |      9 |   195 |    +0.8% | -299.792 |   -29826.7 |    789 | io_out_REG[0]$_DFF_P_/D
     1163 |       2 |     133 |       66 |      9 |   192 |    +0.8% | -299.792 |   -29827.0 |    789 | io_out_REG[0]$_DFF_P_/D
     1170 |       2 |     133 |       66 |      9 |   198 |    +0.8% | -299.792 |   -29865.3 |    789 | io_out_REG[0]$_DFF_P_/D
     1172 |       2 |     133 |       66 |      9 |   192 |    +0.8% | -299.792 |   -29827.0 |    789 | io_out_REG[0]$_DFF_P_/D
     1180 |       2 |     133 |       66 |      9 |   199 |    +0.8% | -299.792 |   -29825.5 |    789 | io_out_REG[0]$_DFF_P_/D
     1184 |       2 |     133 |       66 |      9 |   193 |    +0.8% | -299.792 |   -29825.7 |    789 | io_out_REG[0]$_DFF_P_/D
     1190 |       2 |     133 |       66 |      9 |   198 |    +0.8% | -299.792 |   -29842.3 |    789 | io_out_REG[0]$_DFF_P_/D
     1192 |       2 |     133 |       66 |      9 |   193 |    +0.8% | -299.792 |   -29825.7 |    789 | io_out_REG[0]$_DFF_P_/D
     1193 |       2 |     133 |       66 |      9 |   193 |    +0.8% | -299.792 |   -29825.7 |    789 | io_out_REG[0]$_DFF_P_/D
     1200 |       2 |     133 |       66 |      9 |   199 |    +0.8% | -299.792 |   -29830.2 |    789 | io_out_REG[0]$_DFF_P_/D
     1202 |       2 |     133 |       66 |      9 |   196 |    +0.8% | -299.792 |   -29821.2 |    789 | io_out_REG[0]$_DFF_P_/D
     1208 |       2 |     133 |       66 |      9 |   201 |    +0.8% | -299.792 |   -29819.1 |    789 | io_out_REG[0]$_DFF_P_/D
     1210 |       2 |     133 |       66 |      9 |   202 |    +0.8% | -299.792 |   -29818.0 |    789 | io_out_REG[0]$_DFF_P_/D
     1217 |       2 |     133 |       66 |      9 |   202 |    +0.8% | -299.792 |   -29818.0 |    789 | io_out_REG[0]$_DFF_P_/D
     1220 |       2 |     133 |       66 |      9 |   204 |    +0.8% | -299.792 |   -29822.6 |    789 | io_out_REG[0]$_DFF_P_/D
     1225 |       2 |     133 |       66 |      9 |   202 |    +0.8% | -299.792 |   -29818.0 |    789 | io_out_REG[0]$_DFF_P_/D
     1230 |       2 |     133 |       66 |      9 |   206 |    +0.8% | -299.792 |   -29822.7 |    789 | io_out_REG[0]$_DFF_P_/D
     1233 |       2 |     133 |       66 |      9 |   202 |    +0.8% | -299.792 |   -29818.0 |    789 | io_out_REG[0]$_DFF_P_/D
     1234 |       2 |     133 |       66 |      9 |   202 |    +0.8% | -299.792 |   -29818.0 |    789 | io_out_REG[0]$_DFF_P_/D
     1235 |       2 |     133 |       66 |      9 |   202 |    +0.8% | -299.792 |   -29818.0 |    789 | io_out_REG[0]$_DFF_P_/D
     1240 |       2 |     133 |       66 |      9 |   206 |    +0.8% | -299.792 |   -29819.8 |    789 | io_out_REG[0]$_DFF_P_/D
     1243 |       2 |     133 |       66 |      9 |   203 |    +0.8% | -299.792 |   -29817.4 |    789 | io_out_REG[0]$_DFF_P_/D
     1244 |       2 |     133 |       66 |      9 |   203 |    +0.8% | -299.792 |   -29817.4 |    789 | io_out_REG[0]$_DFF_P_/D
     1248 |       2 |     134 |       66 |      9 |   205 |    +0.8% | -299.792 |   -29803.7 |    789 | io_out_REG[0]$_DFF_P_/D
     1249 |       2 |     134 |       66 |      9 |   205 |    +0.8% | -299.792 |   -29803.7 |    789 | io_out_REG[0]$_DFF_P_/D
     1250 |       2 |     134 |       66 |      9 |   205 |    +0.8% | -299.792 |   -29803.7 |    789 | io_out_REG[0]$_DFF_P_/D
     1252 |       2 |     134 |       66 |      9 |   205 |    +0.8% | -299.792 |   -29803.7 |    789 | io_out_REG[0]$_DFF_P_/D
     1260 |       2 |     134 |       66 |      9 |   212 |    +0.8% | -299.792 |   -29815.8 |    789 | io_out_REG[0]$_DFF_P_/D
     1260 |       2 |     134 |       66 |      9 |   205 |    +0.8% | -299.792 |   -29803.7 |    789 | io_out_REG[0]$_DFF_P_/D
     1261 |       2 |     134 |       66 |      9 |   205 |    +0.8% | -299.792 |   -29803.7 |    789 | io_out_REG[0]$_DFF_P_/D
     1264 |       2 |     135 |       66 |      9 |   206 |    +0.8% | -299.792 |   -29797.7 |    789 | io_out_REG[0]$_DFF_P_/D
     1265 |       2 |     135 |       66 |      9 |   206 |    +0.8% | -299.792 |   -29797.7 |    789 | io_out_REG[0]$_DFF_P_/D
     1266 |       2 |     135 |       66 |      9 |   206 |    +0.8% | -299.792 |   -29797.7 |    789 | io_out_REG[0]$_DFF_P_/D
     1267 |       2 |     135 |       66 |      9 |   206 |    +0.8% | -299.792 |   -29797.7 |    789 | io_out_REG[0]$_DFF_P_/D
     1270 |       2 |     137 |       66 |      9 |   206 |    +0.8% | -299.792 |   -28740.3 |    789 | io_out_REG[0]$_DFF_P_/D
     1280 |       2 |     142 |       69 |     10 |   207 |    +0.8% | -299.792 |   -24863.6 |    789 | io_out_REG[0]$_DFF_P_/D
     1290 |       2 |     148 |       71 |     11 |   208 |    +0.8% | -299.792 |   -23130.9 |    789 | io_out_REG[0]$_DFF_P_/D
     1292 |       2 |     150 |       71 |     11 |   208 |    +0.8% | -299.792 |   -23104.1 |    787 | io_out_REG[0]$_DFF_P_/D
     1293 |       2 |     150 |       71 |     11 |   208 |    +0.8% | -299.792 |   -23104.1 |    787 | io_out_REG[0]$_DFF_P_/D
     1294 |       2 |     150 |       71 |     11 |   208 |    +0.8% | -299.792 |   -23104.1 |    786 | io_out_REG[0]$_DFF_P_/D
     1295 |       2 |     150 |       71 |     11 |   208 |    +0.8% | -299.792 |   -23104.1 |    786 | io_out_REG[0]$_DFF_P_/D
     1296 |       2 |     150 |       71 |     11 |   208 |    +0.8% | -299.792 |   -23104.1 |    786 | io_out_REG[0]$_DFF_P_/D
     1297 |       2 |     150 |       71 |     11 |   208 |    +0.8% | -299.792 |   -23104.1 |    785 | io_out_REG[0]$_DFF_P_/D
     1300 |       2 |     152 |       71 |     11 |   208 |    +0.8% | -299.792 |   -23075.1 |    784 | io_out_REG[0]$_DFF_P_/D
     1300 |       2 |     152 |       71 |     11 |   208 |    +0.8% | -299.792 |   -23075.1 |    783 | io_out_REG[0]$_DFF_P_/D
     1301 |       2 |     152 |       71 |     11 |   208 |    +0.8% | -299.792 |   -23075.1 |    783 | io_out_REG[0]$_DFF_P_/D
     1302 |       2 |     152 |       71 |     11 |   208 |    +0.8% | -299.792 |   -23075.1 |    782 | io_out_REG[0]$_DFF_P_/D
     1303 |       2 |     152 |       71 |     11 |   208 |    +0.8% | -299.792 |   -23075.1 |    781 | io_out_REG[0]$_DFF_P_/D
     1304 |       2 |     152 |       71 |     11 |   208 |    +0.8% | -299.792 |   -23075.1 |    780 | io_out_REG[0]$_DFF_P_/D
     1306 |       2 |     153 |       71 |     11 |   208 |    +0.8% | -299.792 |   -23069.6 |    778 | io_out_REG[0]$_DFF_P_/D
     1307 |       2 |     153 |       71 |     11 |   208 |    +0.8% | -299.792 |   -23069.6 |    777 | io_out_REG[0]$_DFF_P_/D
     1308 |       2 |     153 |       71 |     11 |   208 |    +0.8% | -299.792 |   -23069.6 |    777 | io_out_REG[0]$_DFF_P_/D
     1309 |       2 |     153 |       71 |     11 |   208 |    +0.8% | -299.792 |   -23069.6 |    777 | io_out_REG[0]$_DFF_P_/D
     1310 |       2 |     153 |       71 |     11 |   208 |    +0.8% | -299.792 |   -23069.6 |    777 | io_out_REG[0]$_DFF_P_/D
     1310 |       2 |     153 |       71 |     11 |   208 |    +0.8% | -299.792 |   -23069.6 |    776 | io_out_REG[0]$_DFF_P_/D
     1311 |       2 |     153 |       71 |     11 |   208 |    +0.8% | -299.792 |   -23069.6 |    775 | io_out_REG[0]$_DFF_P_/D
     1312 |       2 |     153 |       71 |     11 |   208 |    +0.8% | -299.792 |   -23069.6 |    774 | io_out_REG[0]$_DFF_P_/D
     1313 |       2 |     153 |       71 |     11 |   208 |    +0.8% | -299.792 |   -23069.6 |    773 | io_out_REG[0]$_DFF_P_/D
     1314 |       2 |     153 |       71 |     11 |   208 |    +0.8% | -299.792 |   -23069.6 |    772 | io_out_REG[0]$_DFF_P_/D
     1315 |       2 |     153 |       71 |     11 |   208 |    +0.8% | -299.792 |   -23069.6 |    771 | io_out_REG[0]$_DFF_P_/D
     1316 |       2 |     153 |       71 |     11 |   208 |    +0.8% | -299.792 |   -23069.6 |    771 | io_out_REG[0]$_DFF_P_/D
     1317 |       2 |     153 |       71 |     11 |   208 |    +0.8% | -299.792 |   -23069.6 |    770 | io_out_REG[0]$_DFF_P_/D
     1318 |       2 |     153 |       71 |     11 |   208 |    +0.8% | -299.792 |   -23069.6 |    769 | io_out_REG[0]$_DFF_P_/D
     1319 |       2 |     153 |       71 |     11 |   208 |    +0.8% | -299.792 |   -23069.6 |    768 | io_out_REG[0]$_DFF_P_/D
     1320 |       2 |     153 |       71 |     11 |   208 |    +0.8% | -299.792 |   -23069.6 |    768 | io_out_REG[0]$_DFF_P_/D
     1320 |       2 |     153 |       71 |     11 |   208 |    +0.8% | -299.792 |   -23069.6 |    767 | io_out_REG[0]$_DFF_P_/D
     1321 |       2 |     153 |       71 |     11 |   208 |    +0.8% | -299.792 |   -23069.6 |    766 | io_out_REG[0]$_DFF_P_/D
     1322 |       2 |     153 |       71 |     11 |   208 |    +0.8% | -299.792 |   -23069.6 |    765 | io_out_REG[0]$_DFF_P_/D
     1323 |       2 |     153 |       71 |     11 |   208 |    +0.8% | -299.792 |   -23069.6 |    764 | io_out_REG[0]$_DFF_P_/D
     1324 |       2 |     153 |       71 |     11 |   208 |    +0.8% | -299.792 |   -23069.6 |    763 | io_out_REG[0]$_DFF_P_/D
     1325 |       2 |     153 |       71 |     11 |   208 |    +0.8% | -299.792 |   -23069.6 |    762 | io_out_REG[0]$_DFF_P_/D
     1326 |       2 |     153 |       71 |     11 |   208 |    +0.8% | -299.792 |   -23069.6 |    761 | io_out_REG[0]$_DFF_P_/D
     1327 |       2 |     153 |       71 |     11 |   208 |    +0.8% | -299.792 |   -23069.6 |    760 | io_out_REG[0]$_DFF_P_/D
     1328 |       2 |     153 |       71 |     11 |   208 |    +0.8% | -299.792 |   -23069.6 |    759 | io_out_REG[0]$_DFF_P_/D
     1329 |       2 |     153 |       71 |     11 |   208 |    +0.8% | -299.792 |   -23069.6 |    758 | io_out_REG[0]$_DFF_P_/D
     1330 |       2 |     153 |       71 |     11 |   208 |    +0.8% | -299.792 |   -23069.6 |    758 | io_out_REG[0]$_DFF_P_/D
     1330 |       2 |     153 |       71 |     11 |   208 |    +0.8% | -299.792 |   -23069.6 |    757 | io_out_REG[0]$_DFF_P_/D
     1331 |       2 |     153 |       71 |     11 |   208 |    +0.8% | -299.792 |   -23069.6 |    756 | io_out_REG[0]$_DFF_P_/D
     1332 |       2 |     153 |       71 |     11 |   208 |    +0.8% | -299.792 |   -23069.6 |    755 | io_out_REG[0]$_DFF_P_/D
     1333 |       2 |     153 |       71 |     11 |   208 |    +0.8% | -299.792 |   -23069.6 |    754 | io_out_REG[0]$_DFF_P_/D
     1334 |       2 |     153 |       71 |     11 |   208 |    +0.8% | -299.792 |   -23069.6 |    753 | io_out_REG[0]$_DFF_P_/D
     1335 |       2 |     153 |       71 |     11 |   208 |    +0.8% | -299.792 |   -23069.6 |    752 | io_out_REG[0]$_DFF_P_/D
     1336 |       2 |     153 |       71 |     11 |   208 |    +0.8% | -299.792 |   -23069.6 |    751 | io_out_REG[0]$_DFF_P_/D
     1337 |       2 |     153 |       71 |     11 |   208 |    +0.8% | -299.792 |   -23069.6 |    750 | io_out_REG[0]$_DFF_P_/D
     1338 |       2 |     153 |       71 |     11 |   208 |    +0.8% | -299.792 |   -23069.6 |    749 | io_out_REG[0]$_DFF_P_/D
     1339 |       2 |     153 |       71 |     11 |   208 |    +0.8% | -299.792 |   -23069.6 |    748 | io_out_REG[0]$_DFF_P_/D
     1340 |       2 |     153 |       71 |     11 |   208 |    +0.8% | -299.792 |   -23069.6 |    748 | io_out_REG[0]$_DFF_P_/D
     1340 |       2 |     153 |       71 |     11 |   208 |    +0.8% | -299.792 |   -23069.6 |    747 | io_out_REG[0]$_DFF_P_/D
     1341 |       2 |     153 |       71 |     11 |   208 |    +0.8% | -299.792 |   -23069.6 |    746 | io_out_REG[0]$_DFF_P_/D
     1342 |       2 |     153 |       71 |     11 |   208 |    +0.8% | -299.792 |   -23069.6 |    745 | io_out_REG[0]$_DFF_P_/D
     1343 |       2 |     153 |       71 |     11 |   208 |    +0.8% | -299.792 |   -23069.6 |    744 | io_out_REG[0]$_DFF_P_/D
     1344 |       2 |     153 |       71 |     11 |   208 |    +0.8% | -299.792 |   -23069.6 |    743 | io_out_REG[0]$_DFF_P_/D
     1345 |       2 |     153 |       71 |     11 |   208 |    +0.8% | -299.792 |   -23069.6 |    742 | io_out_REG[0]$_DFF_P_/D
     1346 |       2 |     153 |       71 |     11 |   208 |    +0.8% | -299.792 |   -23069.6 |    741 | io_out_REG[0]$_DFF_P_/D
     1347 |       2 |     153 |       71 |     11 |   208 |    +0.8% | -299.792 |   -23069.6 |    740 | io_out_REG[0]$_DFF_P_/D
     1348 |       2 |     153 |       71 |     11 |   208 |    +0.8% | -299.792 |   -23069.6 |    739 | io_out_REG[0]$_DFF_P_/D
     1349 |       2 |     153 |       71 |     11 |   208 |    +0.8% | -299.792 |   -23069.6 |    738 | io_out_REG[0]$_DFF_P_/D
     1350 |       2 |     153 |       71 |     11 |   208 |    +0.8% | -299.792 |   -23069.6 |    738 | io_out_REG[0]$_DFF_P_/D
     1350 |       2 |     153 |       71 |     11 |   208 |    +0.8% | -299.792 |   -23069.6 |    737 | io_out_REG[0]$_DFF_P_/D
     1351 |       2 |     153 |       71 |     11 |   208 |    +0.8% | -299.792 |   -23069.6 |    736 | io_out_REG[0]$_DFF_P_/D
     1352 |       2 |     153 |       71 |     11 |   208 |    +0.8% | -299.792 |   -23069.6 |    735 | io_out_REG[0]$_DFF_P_/D
     1353 |       2 |     153 |       71 |     11 |   208 |    +0.8% | -299.792 |   -23069.6 |    734 | io_out_REG[0]$_DFF_P_/D
     1354 |       2 |     153 |       71 |     11 |   208 |    +0.8% | -299.792 |   -23069.6 |    733 | io_out_REG[0]$_DFF_P_/D
     1355 |       2 |     153 |       71 |     11 |   208 |    +0.8% | -299.792 |   -23069.6 |    732 | io_out_REG[0]$_DFF_P_/D
     1356 |       2 |     153 |       71 |     11 |   208 |    +0.8% | -299.792 |   -23069.6 |    731 | io_out_REG[0]$_DFF_P_/D
     1357 |       2 |     153 |       71 |     11 |   208 |    +0.8% | -299.792 |   -23069.6 |    730 | io_out_REG[0]$_DFF_P_/D
     1358 |       2 |     153 |       71 |     11 |   208 |    +0.8% | -299.792 |   -23069.6 |    729 | io_out_REG[0]$_DFF_P_/D
     1359 |       2 |     153 |       71 |     11 |   208 |    +0.8% | -299.792 |   -23069.6 |    728 | io_out_REG[0]$_DFF_P_/D
     1360 |       2 |     153 |       71 |     11 |   208 |    +0.8% | -299.792 |   -23069.6 |    728 | io_out_REG[0]$_DFF_P_/D
     1360 |       2 |     153 |       71 |     11 |   208 |    +0.8% | -299.792 |   -23069.6 |    727 | io_out_REG[0]$_DFF_P_/D
     1361 |       2 |     153 |       71 |     11 |   208 |    +0.8% | -299.792 |   -23069.6 |    726 | io_out_REG[0]$_DFF_P_/D
     1362 |       2 |     153 |       71 |     11 |   208 |    +0.8% | -299.792 |   -23069.6 |    725 | io_out_REG[0]$_DFF_P_/D
     1363 |       2 |     153 |       71 |     11 |   208 |    +0.8% | -299.792 |   -23069.6 |    724 | io_out_REG[0]$_DFF_P_/D
     1364 |       2 |     153 |       71 |     11 |   208 |    +0.8% | -299.792 |   -23069.6 |    723 | io_out_REG[0]$_DFF_P_/D
     1365 |       2 |     153 |       71 |     11 |   208 |    +0.8% | -299.792 |   -23069.6 |    722 | io_out_REG[0]$_DFF_P_/D
     1366 |       2 |     153 |       71 |     11 |   208 |    +0.8% | -299.792 |   -23069.6 |    721 | io_out_REG[0]$_DFF_P_/D
     1367 |       2 |     153 |       71 |     11 |   208 |    +0.8% | -299.792 |   -23069.6 |    720 | io_out_REG[0]$_DFF_P_/D
     1368 |       2 |     153 |       71 |     11 |   208 |    +0.8% | -299.792 |   -23069.6 |    719 | io_out_REG[0]$_DFF_P_/D
     1369 |       2 |     153 |       71 |     11 |   208 |    +0.8% | -299.792 |   -23069.6 |    718 | io_out_REG[0]$_DFF_P_/D
     1370 |       2 |     153 |       71 |     11 |   208 |    +0.8% | -299.792 |   -23069.6 |    718 | io_out_REG[0]$_DFF_P_/D
     1370 |       2 |     153 |       71 |     11 |   208 |    +0.8% | -299.792 |   -23069.6 |    717 | io_out_REG[0]$_DFF_P_/D
     1371 |       2 |     153 |       71 |     11 |   208 |    +0.8% | -299.792 |   -23069.6 |    716 | io_out_REG[0]$_DFF_P_/D
     1372 |       2 |     153 |       71 |     11 |   208 |    +0.8% | -299.792 |   -23069.6 |    715 | io_out_REG[0]$_DFF_P_/D
     1373 |       2 |     153 |       71 |     11 |   208 |    +0.8% | -299.792 |   -23069.6 |    714 | io_out_REG[0]$_DFF_P_/D
     1374 |       2 |     153 |       71 |     11 |   208 |    +0.8% | -299.792 |   -23069.6 |    713 | io_out_REG[0]$_DFF_P_/D
     1375 |       2 |     153 |       71 |     11 |   208 |    +0.8% | -299.792 |   -23069.6 |    712 | io_out_REG[0]$_DFF_P_/D
     1376 |       2 |     153 |       71 |     11 |   208 |    +0.8% | -299.792 |   -23069.6 |    711 | io_out_REG[0]$_DFF_P_/D
     1377 |       2 |     153 |       71 |     11 |   208 |    +0.8% | -299.792 |   -23069.6 |    711 | io_out_REG[0]$_DFF_P_/D
     1378 |       2 |     153 |       71 |     11 |   208 |    +0.8% | -299.792 |   -23069.6 |    710 | io_out_REG[0]$_DFF_P_/D
     1379 |       2 |     153 |       71 |     11 |   208 |    +0.8% | -299.792 |   -23069.6 |    709 | io_out_REG[0]$_DFF_P_/D
     1380 |       2 |     153 |       71 |     11 |   208 |    +0.8% | -299.792 |   -23069.6 |    709 | io_out_REG[0]$_DFF_P_/D
     1380 |       2 |     153 |       71 |     11 |   208 |    +0.8% | -299.792 |   -23069.6 |    708 | io_out_REG[0]$_DFF_P_/D
     1381 |       2 |     153 |       71 |     11 |   208 |    +0.8% | -299.792 |   -23069.6 |    707 | io_out_REG[0]$_DFF_P_/D
     1382 |       2 |     153 |       71 |     11 |   208 |    +0.8% | -299.792 |   -23069.6 |    706 | io_out_REG[0]$_DFF_P_/D
     1383 |       2 |     153 |       71 |     11 |   208 |    +0.8% | -299.792 |   -23069.6 |    705 | io_out_REG[0]$_DFF_P_/D
     1384 |       2 |     153 |       71 |     11 |   208 |    +0.8% | -299.792 |   -23069.6 |    704 | io_out_REG[0]$_DFF_P_/D
     1385 |       2 |     153 |       71 |     11 |   208 |    +0.8% | -299.792 |   -23069.6 |    703 | io_out_REG[0]$_DFF_P_/D
     1386 |       2 |     153 |       71 |     11 |   208 |    +0.8% | -299.792 |   -23069.6 |    702 | io_out_REG[0]$_DFF_P_/D
     1387 |       2 |     153 |       71 |     11 |   208 |    +0.8% | -299.792 |   -23069.6 |    701 | io_out_REG[0]$_DFF_P_/D
     1388 |       2 |     153 |       71 |     11 |   208 |    +0.8% | -299.792 |   -23069.6 |    700 | io_out_REG[0]$_DFF_P_/D
     1389 |       2 |     153 |       71 |     11 |   208 |    +0.8% | -299.792 |   -23069.6 |    699 | io_out_REG[0]$_DFF_P_/D
     1390 |       2 |     153 |       71 |     11 |   208 |    +0.8% | -299.792 |   -23069.6 |    699 | io_out_REG[0]$_DFF_P_/D
     1390 |       2 |     153 |       71 |     11 |   208 |    +0.8% | -299.792 |   -23069.6 |    699 | io_out_REG[0]$_DFF_P_/D
     1391 |       2 |     153 |       71 |     11 |   208 |    +0.8% | -299.792 |   -23069.6 |    698 | io_out_REG[0]$_DFF_P_/D
     1392 |       2 |     153 |       71 |     11 |   208 |    +0.8% | -299.792 |   -23069.6 |    697 | io_out_REG[0]$_DFF_P_/D
     1393 |       2 |     153 |       71 |     11 |   208 |    +0.8% | -299.792 |   -23069.6 |    696 | io_out_REG[0]$_DFF_P_/D
     1394 |       2 |     153 |       71 |     11 |   208 |    +0.8% | -299.792 |   -23069.6 |    695 | io_out_REG[0]$_DFF_P_/D
     1395 |       2 |     153 |       71 |     11 |   208 |    +0.8% | -299.792 |   -23069.6 |    694 | io_out_REG[0]$_DFF_P_/D
     1396 |       2 |     153 |       71 |     11 |   208 |    +0.8% | -299.792 |   -23069.6 |    693 | io_out_REG[0]$_DFF_P_/D
     1400 |       2 |     153 |       71 |     11 |   211 |    +0.8% | -299.792 |   -23077.7 |    693 | io_out_REG[0]$_DFF_P_/D
     1400 |       2 |     153 |       71 |     11 |   208 |    +0.8% | -299.792 |   -23069.6 |    693 | io_out_REG[0]$_DFF_P_/D
     1410 |       2 |     156 |       73 |     13 |   210 |    +0.9% | -299.792 |   -22194.9 |    692 | io_out_REG[0]$_DFF_P_/D
     1410 |       2 |     156 |       73 |     13 |   210 |    +0.9% | -299.792 |   -22194.9 |    691 | io_out_REG[0]$_DFF_P_/D
     1411 |       2 |     156 |       73 |     13 |   210 |    +0.9% | -299.792 |   -22194.9 |    690 | io_out_REG[0]$_DFF_P_/D
     1412 |       2 |     156 |       73 |     13 |   210 |    +0.9% | -299.792 |   -22194.9 |    689 | io_out_REG[0]$_DFF_P_/D
     1419 |       2 |     156 |       73 |     13 |   211 |    +0.9% | -299.792 |   -22193.5 |    689 | io_out_REG[0]$_DFF_P_/D
     1420 |       2 |     156 |       73 |     13 |   211 |    +0.9% | -299.792 |   -22193.5 |    689 | io_out_REG[0]$_DFF_P_/D
     1426 |       2 |     160 |       74 |     13 |   212 |    +0.9% | -299.792 |   -21961.9 |    687 | io_out_REG[0]$_DFF_P_/D
     1430 |       2 |     160 |       74 |     13 |   215 |    +0.9% | -299.792 |   -21970.0 |    687 | io_out_REG[0]$_DFF_P_/D
     1433 |       2 |     160 |       74 |     13 |   212 |    +0.9% | -299.792 |   -21961.9 |    687 | io_out_REG[0]$_DFF_P_/D
     1440 |       2 |     164 |       77 |     13 |   213 |    +0.9% | -299.792 |   -20571.2 |    687 | io_out_REG[0]$_DFF_P_/D
     1442 |       2 |     165 |       78 |     13 |   213 |    +0.9% | -299.792 |   -20415.5 |    685 | io_out_REG[0]$_DFF_P_/D
     1445 |       2 |     167 |       78 |     13 |   213 |    +0.9% | -299.792 |   -20388.7 |    683 | io_out_REG[0]$_DFF_P_/D
     1450 |       2 |     167 |       78 |     13 |   217 |    +0.9% | -299.792 |   -20392.3 |    683 | io_out_REG[0]$_DFF_P_/D
     1452 |       2 |     167 |       78 |     13 |   213 |    +0.9% | -299.792 |   -20388.7 |    683 | io_out_REG[0]$_DFF_P_/D
     1453 |       2 |     167 |       78 |     13 |   213 |    +0.9% | -299.792 |   -20388.7 |    682 | io_out_REG[0]$_DFF_P_/D
     1455 |       2 |     168 |       78 |     13 |   213 |    +0.9% | -299.792 |   -20387.9 |    680 | io_out_REG[0]$_DFF_P_/D
     1456 |       2 |     168 |       78 |     13 |   213 |    +0.9% | -299.792 |   -20387.9 |    679 | io_out_REG[0]$_DFF_P_/D
     1457 |       2 |     168 |       78 |     13 |   213 |    +0.9% | -299.792 |   -20387.9 |    678 | io_out_REG[0]$_DFF_P_/D
     1458 |       2 |     168 |       78 |     13 |   213 |    +0.9% | -299.792 |   -20387.9 |    677 | io_out_REG[0]$_DFF_P_/D
     1460 |       2 |     169 |       78 |     13 |   213 |    +0.9% | -299.792 |   -20381.3 |    677 | io_out_REG[0]$_DFF_P_/D
     1467 |       2 |     175 |       79 |     13 |   213 |    +1.0% | -299.792 |   -19006.3 |    675 | io_out_REG[0]$_DFF_P_/D
     1468 |       2 |     175 |       79 |     13 |   213 |    +1.0% | -299.792 |   -19006.3 |    674 | io_out_REG[0]$_DFF_P_/D
     1469 |       2 |     175 |       79 |     13 |   213 |    +1.0% | -299.792 |   -19006.3 |    673 | io_out_REG[0]$_DFF_P_/D
     1470 |       2 |     175 |       79 |     13 |   213 |    +1.0% | -299.792 |   -19006.3 |    673 | io_out_REG[0]$_DFF_P_/D
     1470 |       2 |     175 |       79 |     13 |   213 |    +1.0% | -299.792 |   -19006.3 |    672 | io_out_REG[0]$_DFF_P_/D
     1471 |       2 |     175 |       79 |     13 |   213 |    +1.0% | -299.792 |   -19006.3 |    671 | io_out_REG[0]$_DFF_P_/D
     1472 |       2 |     175 |       79 |     13 |   213 |    +1.0% | -299.792 |   -19006.3 |    670 | io_out_REG[0]$_DFF_P_/D
     1473 |       2 |     175 |       79 |     13 |   213 |    +1.0% | -299.792 |   -19006.3 |    669 | io_out_REG[0]$_DFF_P_/D
     1480 |       2 |     175 |       79 |     13 |   219 |    +1.0% | -299.792 |   -19008.2 |    669 | io_out_REG[0]$_DFF_P_/D
     1480 |       2 |     175 |       79 |     13 |   214 |    +1.0% | -299.792 |   -19005.1 |    669 | io_out_REG[0]$_DFF_P_/D
     1481 |       2 |     175 |       79 |     13 |   214 |    +1.0% | -299.792 |   -19005.1 |    668 | io_out_REG[0]$_DFF_P_/D
     1490 |       2 |     175 |       79 |     13 |   222 |    +1.0% | -299.792 |   -19007.8 |    668 | io_out_REG[0]$_DFF_P_/D
     1490 |       2 |     175 |       79 |     13 |   217 |    +1.0% | -299.792 |   -19003.3 |    668 | io_out_REG[0]$_DFF_P_/D
     1491 |       2 |     175 |       79 |     13 |   217 |    +1.0% | -299.792 |   -19003.3 |    667 | io_out_REG[0]$_DFF_P_/D
     1492 |       2 |     175 |       79 |     13 |   217 |    +1.0% | -299.792 |   -19003.3 |    666 | io_out_REG[0]$_DFF_P_/D
     1493 |       2 |     175 |       79 |     13 |   217 |    +1.0% | -299.792 |   -19003.3 |    665 | io_out_REG[0]$_DFF_P_/D
     1500 |       2 |     175 |       79 |     13 |   223 |    +1.0% | -299.792 |   -19007.8 |    665 | io_out_REG[0]$_DFF_P_/D
     1500 |       2 |     175 |       79 |     13 |   219 |    +1.0% | -299.792 |   -19001.1 |    665 | io_out_REG[0]$_DFF_P_/D
     1507 |       2 |     175 |       79 |     13 |   220 |    +1.0% | -299.792 |   -18999.9 |    665 | io_out_REG[0]$_DFF_P_/D
     1508 |       2 |     175 |       79 |     13 |   220 |    +1.0% | -299.792 |   -18999.9 |    664 | io_out_REG[0]$_DFF_P_/D
     1509 |       2 |     175 |       79 |     13 |   220 |    +1.0% | -299.792 |   -18999.9 |    663 | io_out_REG[0]$_DFF_P_/D
     1510 |       2 |     175 |       79 |     13 |   220 |    +1.0% | -299.792 |   -18999.9 |    663 | io_out_REG[0]$_DFF_P_/D
     1510 |       2 |     175 |       79 |     13 |   220 |    +1.0% | -299.792 |   -18999.9 |    662 | io_out_REG[0]$_DFF_P_/D
     1511 |       2 |     175 |       79 |     13 |   220 |    +1.0% | -299.792 |   -18999.9 |    661 | io_out_REG[0]$_DFF_P_/D
     1513 |       2 |     176 |       79 |     13 |   220 |    +1.0% | -299.792 |   -18893.6 |    659 | io_out_REG[0]$_DFF_P_/D
     1514 |       2 |     176 |       79 |     13 |   220 |    +1.0% | -299.792 |   -18893.6 |    658 | io_out_REG[0]$_DFF_P_/D
     1515 |       2 |     176 |       79 |     13 |   220 |    +1.0% | -299.792 |   -18893.6 |    657 | io_out_REG[0]$_DFF_P_/D
     1520 |       2 |     176 |       79 |     13 |   224 |    +1.0% | -299.792 |   -18896.8 |    657 | io_out_REG[0]$_DFF_P_/D
     1522 |       2 |     176 |       79 |     13 |   221 |    +1.0% | -299.792 |   -18892.3 |    657 | io_out_REG[0]$_DFF_P_/D
     1523 |       2 |     176 |       79 |     13 |   221 |    +1.0% | -299.792 |   -18892.3 |    656 | io_out_REG[0]$_DFF_P_/D
     1524 |       2 |     176 |       79 |     13 |   221 |    +1.0% | -299.792 |   -18892.3 |    655 | io_out_REG[0]$_DFF_P_/D
     1525 |       2 |     176 |       79 |     13 |   221 |    +1.0% | -299.792 |   -18892.3 |    654 | io_out_REG[0]$_DFF_P_/D
     1526 |       2 |     176 |       79 |     13 |   221 |    +1.0% | -299.792 |   -18892.3 |    653 | io_out_REG[0]$_DFF_P_/D
     1530 |       2 |     178 |       79 |     13 |   222 |    +1.0% | -299.792 |   -18790.6 |    652 | io_out_REG[0]$_DFF_P_/D
     1530 |       2 |     178 |       79 |     13 |   222 |    +1.0% | -299.792 |   -18790.6 |    651 | io_out_REG[0]$_DFF_P_/D
     1531 |       2 |     178 |       79 |     13 |   222 |    +1.0% | -299.792 |   -18790.6 |    650 | io_out_REG[0]$_DFF_P_/D
     1538 |       2 |     178 |       79 |     13 |   223 |    +1.0% | -299.792 |   -18789.3 |    650 | io_out_REG[0]$_DFF_P_/D
     1539 |       2 |     178 |       79 |     13 |   223 |    +1.0% | -299.792 |   -18789.3 |    649 | io_out_REG[0]$_DFF_P_/D
     1540 |       2 |     178 |       79 |     13 |   223 |    +1.0% | -299.792 |   -18789.3 |    649 | io_out_REG[0]$_DFF_P_/D
     1540 |       2 |     178 |       79 |     13 |   223 |    +1.0% | -299.792 |   -18789.3 |    648 | io_out_REG[0]$_DFF_P_/D
     1544 |       2 |     179 |       81 |     13 |   224 |    +1.0% | -299.792 |   -18218.7 |    646 | io_out_REG[0]$_DFF_P_/D
     1545 |       2 |     179 |       81 |     13 |   224 |    +1.0% | -299.792 |   -18218.7 |    645 | io_out_REG[0]$_DFF_P_/D
     1546 |       2 |     179 |       81 |     13 |   224 |    +1.0% | -299.792 |   -18218.7 |    644 | io_out_REG[0]$_DFF_P_/D
     1550 |       2 |     179 |       81 |     13 |   227 |    +1.0% | -299.792 |   -18224.0 |    644 | io_out_REG[0]$_DFF_P_/D
     1553 |       2 |     179 |       81 |     13 |   225 |    +1.0% | -299.792 |   -18217.4 |    644 | io_out_REG[0]$_DFF_P_/D
     1554 |       2 |     179 |       81 |     13 |   225 |    +1.0% | -299.792 |   -18217.4 |    643 | io_out_REG[0]$_DFF_P_/D
     1555 |       2 |     179 |       81 |     13 |   225 |    +1.0% | -299.792 |   -18217.4 |    642 | io_out_REG[0]$_DFF_P_/D
     1556 |       2 |     179 |       81 |     13 |   225 |    +1.0% | -299.792 |   -18217.4 |    641 | io_out_REG[0]$_DFF_P_/D
     1557 |       2 |     179 |       81 |     13 |   225 |    +1.0% | -299.792 |   -18217.4 |    640 | io_out_REG[0]$_DFF_P_/D
     1558 |       2 |     179 |       81 |     13 |   225 |    +1.0% | -299.792 |   -18217.4 |    639 | io_out_REG[0]$_DFF_P_/D
     1559 |       2 |     179 |       81 |     13 |   225 |    +1.0% | -299.792 |   -18217.4 |    638 | io_out_REG[0]$_DFF_P_/D
     1560 |       2 |     179 |       81 |     13 |   225 |    +1.0% | -299.792 |   -18217.4 |    638 | io_out_REG[0]$_DFF_P_/D
     1560 |       2 |     179 |       81 |     13 |   225 |    +1.0% | -299.792 |   -18217.4 |    637 | io_out_REG[0]$_DFF_P_/D
     1561 |       2 |     179 |       81 |     13 |   225 |    +1.0% | -299.792 |   -18217.4 |    636 | io_out_REG[0]$_DFF_P_/D
     1562 |       2 |     179 |       81 |     13 |   225 |    +1.0% | -299.792 |   -18217.4 |    635 | io_out_REG[0]$_DFF_P_/D
     1563 |       2 |     179 |       81 |     13 |   225 |    +1.0% | -299.792 |   -18217.4 |    634 | io_out_REG[0]$_DFF_P_/D
     1564 |       2 |     179 |       81 |     13 |   225 |    +1.0% | -299.792 |   -18217.4 |    633 | io_out_REG[0]$_DFF_P_/D
     1565 |       2 |     179 |       81 |     13 |   225 |    +1.0% | -299.792 |   -18217.4 |    632 | io_out_REG[0]$_DFF_P_/D
     1566 |       2 |     179 |       81 |     13 |   225 |    +1.0% | -299.792 |   -18217.4 |    631 | io_out_REG[0]$_DFF_P_/D
     1567 |       2 |     179 |       81 |     13 |   225 |    +1.0% | -299.792 |   -18217.4 |    630 | io_out_REG[0]$_DFF_P_/D
     1568 |       2 |     179 |       81 |     13 |   225 |    +1.0% | -299.792 |   -18217.4 |    629 | io_out_REG[0]$_DFF_P_/D
     1569 |       2 |     179 |       81 |     13 |   225 |    +1.0% | -299.792 |   -18217.4 |    628 | io_out_REG[0]$_DFF_P_/D
     1570 |       2 |     179 |       81 |     13 |   225 |    +1.0% | -299.792 |   -18217.4 |    628 | io_out_REG[0]$_DFF_P_/D
     1570 |       2 |     179 |       81 |     13 |   225 |    +1.0% | -299.792 |   -18217.4 |    627 | io_out_REG[0]$_DFF_P_/D
     1575 |       2 |     183 |       81 |     13 |   225 |    +1.0% | -299.792 |   -17339.7 |    625 | io_out_REG[0]$_DFF_P_/D
     1576 |       2 |     183 |       81 |     13 |   225 |    +1.0% | -299.792 |   -17339.7 |    624 | io_out_REG[0]$_DFF_P_/D
     1577 |       2 |     183 |       81 |     13 |   225 |    +1.0% | -299.792 |   -17339.7 |    623 | io_out_REG[0]$_DFF_P_/D
     1578 |       2 |     183 |       81 |     13 |   225 |    +1.0% | -299.792 |   -17339.7 |    622 | io_out_REG[0]$_DFF_P_/D
     1579 |       2 |     183 |       81 |     13 |   225 |    +1.0% | -299.792 |   -17339.7 |    621 | io_out_REG[0]$_DFF_P_/D
     1580 |       2 |     183 |       81 |     13 |   225 |    +1.0% | -299.792 |   -17339.7 |    621 | io_out_REG[0]$_DFF_P_/D
     1580 |       2 |     183 |       81 |     13 |   225 |    +1.0% | -299.792 |   -17339.7 |    620 | io_out_REG[0]$_DFF_P_/D
     1581 |       2 |     183 |       81 |     13 |   225 |    +1.0% | -299.792 |   -17339.7 |    619 | io_out_REG[0]$_DFF_P_/D
     1582 |       2 |     183 |       81 |     13 |   225 |    +1.0% | -299.792 |   -17339.7 |    618 | io_out_REG[0]$_DFF_P_/D
     1583 |       2 |     183 |       81 |     13 |   225 |    +1.0% | -299.792 |   -17339.7 |    617 | io_out_REG[0]$_DFF_P_/D
     1584 |       2 |     183 |       81 |     13 |   225 |    +1.0% | -299.792 |   -17339.7 |    616 | io_out_REG[0]$_DFF_P_/D
     1585 |       2 |     183 |       81 |     13 |   225 |    +1.0% | -299.792 |   -17339.7 |    615 | io_out_REG[0]$_DFF_P_/D
     1586 |       2 |     183 |       81 |     13 |   225 |    +1.0% | -299.792 |   -17339.7 |    614 | io_out_REG[0]$_DFF_P_/D
     1587 |       2 |     183 |       81 |     13 |   225 |    +1.0% | -299.792 |   -17339.7 |    613 | io_out_REG[0]$_DFF_P_/D
     1588 |       2 |     183 |       81 |     13 |   225 |    +1.0% | -299.792 |   -17339.7 |    612 | io_out_REG[0]$_DFF_P_/D
     1589 |       2 |     183 |       81 |     13 |   225 |    +1.0% | -299.792 |   -17339.7 |    611 | io_out_REG[0]$_DFF_P_/D
     1590 |       2 |     183 |       81 |     13 |   225 |    +1.0% | -299.792 |   -17339.7 |    611 | io_out_REG[0]$_DFF_P_/D
     1590 |       2 |     183 |       81 |     13 |   225 |    +1.0% | -299.792 |   -17339.7 |    610 | io_out_REG[0]$_DFF_P_/D
     1591 |       2 |     183 |       81 |     13 |   225 |    +1.0% | -299.792 |   -17339.7 |    609 | io_out_REG[0]$_DFF_P_/D
     1592 |       2 |     183 |       81 |     13 |   225 |    +1.0% | -299.792 |   -17339.7 |    608 | io_out_REG[0]$_DFF_P_/D
     1593 |       2 |     183 |       81 |     13 |   225 |    +1.0% | -299.792 |   -17339.7 |    607 | io_out_REG[0]$_DFF_P_/D
     1594 |       2 |     183 |       81 |     13 |   225 |    +1.0% | -299.792 |   -17339.7 |    606 | io_out_REG[0]$_DFF_P_/D
     1595 |       2 |     183 |       81 |     13 |   225 |    +1.0% | -299.792 |   -17339.7 |    605 | io_out_REG[0]$_DFF_P_/D
     1596 |       2 |     183 |       81 |     13 |   225 |    +1.0% | -299.792 |   -17339.7 |    604 | io_out_REG[0]$_DFF_P_/D
     1597 |       2 |     183 |       81 |     13 |   225 |    +1.0% | -299.792 |   -17339.7 |    603 | io_out_REG[0]$_DFF_P_/D
     1598 |       2 |     183 |       81 |     13 |   225 |    +1.0% | -299.792 |   -17339.7 |    602 | io_out_REG[0]$_DFF_P_/D
     1599 |       2 |     183 |       81 |     13 |   225 |    +1.0% | -299.792 |   -17339.7 |    601 | io_out_REG[0]$_DFF_P_/D
     1600 |       2 |     183 |       81 |     13 |   225 |    +1.0% | -299.792 |   -17339.7 |    601 | io_out_REG[0]$_DFF_P_/D
     1600 |       2 |     183 |       81 |     13 |   225 |    +1.0% | -299.792 |   -17339.7 |    600 | io_out_REG[0]$_DFF_P_/D
     1601 |       2 |     183 |       81 |     13 |   225 |    +1.0% | -299.792 |   -17339.7 |    599 | io_out_REG[0]$_DFF_P_/D
     1602 |       2 |     183 |       81 |     13 |   225 |    +1.0% | -299.792 |   -17339.7 |    598 | io_out_REG[0]$_DFF_P_/D
     1603 |       2 |     183 |       81 |     13 |   225 |    +1.0% | -299.792 |   -17339.7 |    597 | io_out_REG[0]$_DFF_P_/D
     1604 |       2 |     183 |       81 |     13 |   225 |    +1.0% | -299.792 |   -17339.7 |    596 | io_out_REG[0]$_DFF_P_/D
     1605 |       2 |     183 |       81 |     13 |   225 |    +1.0% | -299.792 |   -17339.7 |    595 | io_out_REG[0]$_DFF_P_/D
     1606 |       2 |     183 |       81 |     13 |   225 |    +1.0% | -299.792 |   -17339.7 |    594 | io_out_REG[0]$_DFF_P_/D
     1607 |       2 |     183 |       81 |     13 |   225 |    +1.0% | -299.792 |   -17339.7 |    593 | io_out_REG[0]$_DFF_P_/D
     1608 |       2 |     183 |       81 |     13 |   225 |    +1.0% | -299.792 |   -17339.7 |    592 | io_out_REG[0]$_DFF_P_/D
     1609 |       2 |     183 |       81 |     13 |   225 |    +1.0% | -299.792 |   -17339.7 |    591 | io_out_REG[0]$_DFF_P_/D
     1610 |       2 |     183 |       81 |     13 |   225 |    +1.0% | -299.792 |   -17339.7 |    591 | io_out_REG[0]$_DFF_P_/D
     1610 |       2 |     183 |       81 |     13 |   225 |    +1.0% | -299.792 |   -17339.7 |    590 | io_out_REG[0]$_DFF_P_/D
     1611 |       2 |     183 |       81 |     13 |   225 |    +1.0% | -299.792 |   -17339.7 |    589 | io_out_REG[0]$_DFF_P_/D
     1612 |       2 |     183 |       81 |     13 |   225 |    +1.0% | -299.792 |   -17339.7 |    588 | io_out_REG[0]$_DFF_P_/D
     1613 |       2 |     183 |       81 |     13 |   225 |    +1.0% | -299.792 |   -17339.7 |    587 | io_out_REG[0]$_DFF_P_/D
     1614 |       2 |     183 |       81 |     13 |   225 |    +1.0% | -299.792 |   -17339.7 |    586 | io_out_REG[0]$_DFF_P_/D
     1615 |       2 |     183 |       81 |     13 |   225 |    +1.0% | -299.792 |   -17339.7 |    585 | io_out_REG[0]$_DFF_P_/D
     1616 |       2 |     183 |       81 |     13 |   225 |    +1.0% | -299.792 |   -17339.7 |    584 | io_out_REG[0]$_DFF_P_/D
     1617 |       2 |     183 |       81 |     13 |   225 |    +1.0% | -299.792 |   -17339.7 |    583 | io_out_REG[0]$_DFF_P_/D
     1618 |       2 |     183 |       81 |     13 |   225 |    +1.0% | -299.792 |   -17339.7 |    582 | io_out_REG[0]$_DFF_P_/D
     1619 |       2 |     183 |       81 |     13 |   225 |    +1.0% | -299.792 |   -17339.7 |    581 | io_out_REG[0]$_DFF_P_/D
     1620 |       2 |     183 |       81 |     13 |   225 |    +1.0% | -299.792 |   -17339.7 |    581 | io_out_REG[0]$_DFF_P_/D
     1620 |       2 |     183 |       81 |     13 |   225 |    +1.0% | -299.792 |   -17339.7 |    580 | io_out_REG[0]$_DFF_P_/D
     1621 |       2 |     183 |       81 |     13 |   225 |    +1.0% | -299.792 |   -17339.7 |    579 | io_out_REG[0]$_DFF_P_/D
     1622 |       2 |     183 |       81 |     13 |   225 |    +1.0% | -299.792 |   -17339.7 |    578 | io_out_REG[0]$_DFF_P_/D
     1623 |       2 |     183 |       81 |     13 |   225 |    +1.0% | -299.792 |   -17339.7 |    577 | io_out_REG[0]$_DFF_P_/D
     1625 |       2 |     184 |       81 |     13 |   225 |    +1.0% | -299.792 |   -17339.2 |    575 | io_out_REG[0]$_DFF_P_/D
     1626 |       2 |     184 |       81 |     13 |   225 |    +1.0% | -299.792 |   -17339.2 |    574 | io_out_REG[0]$_DFF_P_/D
     1627 |       2 |     184 |       81 |     13 |   225 |    +1.0% | -299.792 |   -17339.2 |    573 | io_out_REG[0]$_DFF_P_/D
     1628 |       2 |     184 |       81 |     13 |   225 |    +1.0% | -299.792 |   -17339.2 |    572 | io_out_REG[0]$_DFF_P_/D
     1629 |       2 |     184 |       81 |     13 |   225 |    +1.0% | -299.792 |   -17339.2 |    571 | io_out_REG[0]$_DFF_P_/D
     1630 |       2 |     184 |       81 |     13 |   225 |    +1.0% | -299.792 |   -17339.2 |    571 | io_out_REG[0]$_DFF_P_/D
     1630 |       2 |     184 |       81 |     13 |   225 |    +1.0% | -299.792 |   -17339.2 |    570 | io_out_REG[0]$_DFF_P_/D
     1631 |       2 |     184 |       81 |     13 |   225 |    +1.0% | -299.792 |   -17339.2 |    569 | io_out_REG[0]$_DFF_P_/D
     1632 |       2 |     184 |       81 |     13 |   225 |    +1.0% | -299.792 |   -17339.2 |    568 | io_out_REG[0]$_DFF_P_/D
     1633 |       2 |     184 |       81 |     13 |   225 |    +1.0% | -299.792 |   -17339.2 |    567 | io_out_REG[0]$_DFF_P_/D
     1634 |       2 |     184 |       81 |     13 |   225 |    +1.0% | -299.792 |   -17339.2 |    566 | io_out_REG[0]$_DFF_P_/D
     1635 |       2 |     184 |       81 |     13 |   225 |    +1.0% | -299.792 |   -17339.2 |    565 | io_out_REG[0]$_DFF_P_/D
     1636 |       2 |     184 |       81 |     13 |   225 |    +1.0% | -299.792 |   -17339.2 |    564 | io_out_REG[0]$_DFF_P_/D
     1637 |       2 |     184 |       81 |     13 |   225 |    +1.0% | -299.792 |   -17339.2 |    563 | io_out_REG[0]$_DFF_P_/D
     1638 |       2 |     184 |       81 |     13 |   225 |    +1.0% | -299.792 |   -17339.2 |    562 | io_out_REG[0]$_DFF_P_/D
     1639 |       2 |     184 |       81 |     13 |   225 |    +1.0% | -299.792 |   -17339.2 |    561 | io_out_REG[0]$_DFF_P_/D
     1640 |       2 |     184 |       81 |     13 |   225 |    +1.0% | -299.792 |   -17339.2 |    561 | io_out_REG[0]$_DFF_P_/D
     1649 |       2 |     190 |       83 |     14 |   225 |    +1.0% | -299.792 |   -16612.2 |    559 | io_out_REG[0]$_DFF_P_/D
     1650 |       2 |     190 |       83 |     14 |   225 |    +1.0% | -299.792 |   -16612.2 |    559 | io_out_REG[0]$_DFF_P_/D
     1650 |       2 |     190 |       83 |     14 |   225 |    +1.0% | -299.792 |   -16612.2 |    558 | io_out_REG[0]$_DFF_P_/D
     1651 |       2 |     190 |       83 |     14 |   225 |    +1.0% | -299.792 |   -16612.2 |    557 | io_out_REG[0]$_DFF_P_/D
     1652 |       2 |     190 |       83 |     14 |   225 |    +1.0% | -299.792 |   -16612.2 |    556 | io_out_REG[0]$_DFF_P_/D
     1653 |       2 |     190 |       83 |     14 |   225 |    +1.0% | -299.792 |   -16612.2 |    555 | io_out_REG[0]$_DFF_P_/D
     1654 |       2 |     190 |       83 |     14 |   225 |    +1.0% | -299.792 |   -16612.2 |    554 | io_out_REG[0]$_DFF_P_/D
     1655 |       2 |     190 |       83 |     14 |   225 |    +1.0% | -299.792 |   -16612.2 |    553 | io_out_REG[0]$_DFF_P_/D
     1656 |       2 |     190 |       83 |     14 |   225 |    +1.0% | -299.792 |   -16612.2 |    552 | io_out_REG[0]$_DFF_P_/D
     1657 |       2 |     190 |       83 |     14 |   225 |    +1.0% | -299.792 |   -16612.2 |    551 | io_out_REG[0]$_DFF_P_/D
     1659 |       2 |     191 |       83 |     14 |   225 |    +1.0% | -299.792 |   -16607.8 |    549 | io_out_REG[0]$_DFF_P_/D
     1660 |       2 |     191 |       83 |     14 |   225 |    +1.0% | -299.792 |   -16607.8 |    549 | io_out_REG[0]$_DFF_P_/D
     1660 |       2 |     191 |       83 |     14 |   225 |    +1.0% | -299.792 |   -16607.8 |    548 | io_out_REG[0]$_DFF_P_/D
     1661 |       2 |     191 |       83 |     14 |   225 |    +1.0% | -299.792 |   -16607.8 |    547 | io_out_REG[0]$_DFF_P_/D
     1662 |       2 |     191 |       83 |     14 |   225 |    +1.0% | -299.792 |   -16607.8 |    546 | io_out_REG[0]$_DFF_P_/D
     1663 |       2 |     191 |       83 |     14 |   225 |    +1.0% | -299.792 |   -16607.8 |    545 | io_out_REG[0]$_DFF_P_/D
     1664 |       2 |     191 |       83 |     14 |   225 |    +1.0% | -299.792 |   -16607.8 |    544 | io_out_REG[0]$_DFF_P_/D
     1665 |       2 |     191 |       83 |     14 |   225 |    +1.0% | -299.792 |   -16607.8 |    543 | io_out_REG[0]$_DFF_P_/D
     1666 |       2 |     191 |       83 |     14 |   225 |    +1.0% | -299.792 |   -16607.8 |    542 | io_out_REG[0]$_DFF_P_/D
     1667 |       2 |     191 |       83 |     14 |   225 |    +1.0% | -299.792 |   -16607.8 |    541 | io_out_REG[0]$_DFF_P_/D
     1668 |       2 |     191 |       83 |     14 |   225 |    +1.0% | -299.792 |   -16607.8 |    540 | io_out_REG[0]$_DFF_P_/D
     1670 |       2 |     192 |       83 |     14 |   225 |    +1.0% | -299.792 |   -16516.4 |    540 | io_out_REG[0]$_DFF_P_/D
     1673 |       2 |     195 |       83 |     14 |   225 |    +1.0% | -299.792 |   -16011.2 |    538 | io_out_REG[0]$_DFF_P_/D
     1674 |       2 |     195 |       83 |     14 |   225 |    +1.0% | -299.792 |   -16011.2 |    537 | io_out_REG[0]$_DFF_P_/D
     1675 |       2 |     195 |       83 |     14 |   225 |    +1.0% | -299.792 |   -16011.2 |    536 | io_out_REG[0]$_DFF_P_/D
     1676 |       2 |     195 |       83 |     14 |   225 |    +1.0% | -299.792 |   -16011.2 |    535 | io_out_REG[0]$_DFF_P_/D
     1677 |       2 |     195 |       83 |     14 |   225 |    +1.0% | -299.792 |   -16011.2 |    534 | io_out_REG[0]$_DFF_P_/D
     1678 |       2 |     195 |       83 |     14 |   225 |    +1.0% | -299.792 |   -16011.2 |    533 | io_out_REG[0]$_DFF_P_/D
     1679 |       2 |     195 |       83 |     14 |   225 |    +1.0% | -299.792 |   -16011.2 |    532 | io_out_REG[0]$_DFF_P_/D
     1680 |       2 |     195 |       83 |     14 |   225 |    +1.0% | -299.792 |   -16011.2 |    532 | io_out_REG[0]$_DFF_P_/D
     1680 |       2 |     195 |       83 |     14 |   225 |    +1.0% | -299.792 |   -16011.2 |    531 | io_out_REG[0]$_DFF_P_/D
     1681 |       2 |     195 |       83 |     14 |   225 |    +1.0% | -299.792 |   -16011.2 |    530 | io_out_REG[0]$_DFF_P_/D
     1682 |       2 |     195 |       83 |     14 |   225 |    +1.0% | -299.792 |   -16011.2 |    529 | io_out_REG[0]$_DFF_P_/D
     1683 |       2 |     195 |       83 |     14 |   225 |    +1.0% | -299.792 |   -16011.2 |    528 | io_out_REG[0]$_DFF_P_/D
     1684 |       2 |     195 |       83 |     14 |   225 |    +1.0% | -299.792 |   -16011.2 |    527 | io_out_REG[0]$_DFF_P_/D
     1685 |       2 |     195 |       83 |     14 |   225 |    +1.0% | -299.792 |   -16011.2 |    526 | io_out_REG[0]$_DFF_P_/D
     1686 |       2 |     195 |       83 |     14 |   225 |    +1.0% | -299.792 |   -16011.2 |    525 | io_out_REG[0]$_DFF_P_/D
     1687 |       2 |     195 |       83 |     14 |   225 |    +1.0% | -299.792 |   -16011.2 |    524 | io_out_REG[0]$_DFF_P_/D
     1688 |       2 |     195 |       83 |     14 |   225 |    +1.0% | -299.792 |   -16011.2 |    523 | io_out_REG[0]$_DFF_P_/D
     1689 |       2 |     195 |       83 |     14 |   225 |    +1.0% | -299.792 |   -16011.2 |    522 | io_out_REG[0]$_DFF_P_/D
     1690 |       2 |     195 |       83 |     14 |   225 |    +1.0% | -299.792 |   -16011.2 |    522 | io_out_REG[0]$_DFF_P_/D
     1690 |       2 |     195 |       83 |     14 |   225 |    +1.0% | -299.792 |   -16011.2 |    521 | io_out_REG[0]$_DFF_P_/D
     1691 |       2 |     195 |       83 |     14 |   225 |    +1.0% | -299.792 |   -16011.2 |    521 | io_out_REG[0]$_DFF_P_/D
     1692 |       2 |     195 |       83 |     14 |   225 |    +1.0% | -299.792 |   -16011.2 |    520 | io_out_REG[0]$_DFF_P_/D
     1693 |       2 |     195 |       83 |     14 |   225 |    +1.0% | -299.792 |   -16011.2 |    519 | io_out_REG[0]$_DFF_P_/D
     1694 |       2 |     195 |       83 |     14 |   225 |    +1.0% | -299.792 |   -16011.2 |    518 | io_out_REG[0]$_DFF_P_/D
     1695 |       2 |     195 |       83 |     14 |   225 |    +1.0% | -299.792 |   -16011.2 |    517 | io_out_REG[0]$_DFF_P_/D
     1696 |       2 |     195 |       83 |     14 |   225 |    +1.0% | -299.792 |   -16011.2 |    516 | io_out_REG[0]$_DFF_P_/D
     1697 |       2 |     195 |       83 |     14 |   225 |    +1.0% | -299.792 |   -16011.2 |    515 | io_out_REG[0]$_DFF_P_/D
     1698 |       2 |     195 |       83 |     14 |   225 |    +1.0% | -299.792 |   -16011.2 |    514 | io_out_REG[0]$_DFF_P_/D
     1699 |       2 |     195 |       83 |     14 |   225 |    +1.0% | -299.792 |   -16011.2 |    513 | io_out_REG[0]$_DFF_P_/D
     1700 |       2 |     195 |       83 |     14 |   225 |    +1.0% | -299.792 |   -16011.2 |    513 | io_out_REG[0]$_DFF_P_/D
     1700 |       2 |     195 |       83 |     14 |   225 |    +1.0% | -299.792 |   -16011.2 |    512 | io_out_REG[0]$_DFF_P_/D
     1701 |       2 |     195 |       83 |     14 |   225 |    +1.0% | -299.792 |   -16011.2 |    511 | io_out_REG[0]$_DFF_P_/D
     1702 |       2 |     195 |       83 |     14 |   225 |    +1.0% | -299.792 |   -16011.2 |    510 | io_out_REG[0]$_DFF_P_/D
     1703 |       2 |     195 |       83 |     14 |   225 |    +1.0% | -299.792 |   -16011.2 |    509 | io_out_REG[0]$_DFF_P_/D
     1704 |       2 |     195 |       83 |     14 |   225 |    +1.0% | -299.792 |   -16011.2 |    508 | io_out_REG[0]$_DFF_P_/D
     1705 |       2 |     195 |       83 |     14 |   225 |    +1.0% | -299.792 |   -16011.2 |    507 | io_out_REG[0]$_DFF_P_/D
     1706 |       2 |     195 |       83 |     14 |   225 |    +1.0% | -299.792 |   -16011.2 |    506 | io_out_REG[0]$_DFF_P_/D
     1707 |       2 |     195 |       83 |     14 |   225 |    +1.0% | -299.792 |   -16011.2 |    505 | io_out_REG[0]$_DFF_P_/D
     1708 |       2 |     195 |       83 |     14 |   225 |    +1.0% | -299.792 |   -16011.2 |    504 | io_out_REG[0]$_DFF_P_/D
     1709 |       2 |     195 |       83 |     14 |   225 |    +1.0% | -299.792 |   -16011.2 |    503 | io_out_REG[0]$_DFF_P_/D
     1710 |       2 |     195 |       83 |     14 |   225 |    +1.0% | -299.792 |   -16011.2 |    503 | io_out_REG[0]$_DFF_P_/D
     1710 |       2 |     195 |       83 |     14 |   225 |    +1.0% | -299.792 |   -16011.2 |    502 | io_out_REG[0]$_DFF_P_/D
     1711 |       2 |     195 |       83 |     14 |   225 |    +1.0% | -299.792 |   -16011.2 |    501 | io_out_REG[0]$_DFF_P_/D
     1712 |       2 |     195 |       83 |     14 |   225 |    +1.0% | -299.792 |   -16011.2 |    500 | io_out_REG[0]$_DFF_P_/D
     1713 |       2 |     195 |       83 |     14 |   225 |    +1.0% | -299.792 |   -16011.2 |    499 | io_out_REG[0]$_DFF_P_/D
     1714 |       2 |     195 |       83 |     14 |   225 |    +1.0% | -299.792 |   -16011.2 |    498 | io_out_REG[0]$_DFF_P_/D
     1715 |       2 |     195 |       83 |     14 |   225 |    +1.0% | -299.792 |   -16011.2 |    497 | io_out_REG[0]$_DFF_P_/D
     1716 |       2 |     195 |       83 |     14 |   225 |    +1.0% | -299.792 |   -16011.2 |    496 | io_out_REG[0]$_DFF_P_/D
     1717 |       2 |     195 |       83 |     14 |   225 |    +1.0% | -299.792 |   -16011.2 |    495 | io_out_REG[0]$_DFF_P_/D
     1718 |       2 |     195 |       83 |     14 |   225 |    +1.0% | -299.792 |   -16011.2 |    494 | io_out_REG[0]$_DFF_P_/D
     1719 |       2 |     195 |       83 |     14 |   225 |    +1.0% | -299.792 |   -16011.2 |    493 | io_out_REG[0]$_DFF_P_/D
     1720 |       2 |     195 |       83 |     14 |   225 |    +1.0% | -299.792 |   -16011.2 |    493 | io_out_REG[0]$_DFF_P_/D
     1720 |       2 |     195 |       83 |     14 |   225 |    +1.0% | -299.792 |   -16011.2 |    492 | io_out_REG[0]$_DFF_P_/D
     1721 |       2 |     195 |       83 |     14 |   225 |    +1.0% | -299.792 |   -16011.2 |    491 | io_out_REG[0]$_DFF_P_/D
     1722 |       2 |     195 |       83 |     14 |   225 |    +1.0% | -299.792 |   -16011.2 |    490 | io_out_REG[0]$_DFF_P_/D
     1723 |       2 |     195 |       83 |     14 |   225 |    +1.0% | -299.792 |   -16011.2 |    489 | io_out_REG[0]$_DFF_P_/D
     1724 |       2 |     195 |       83 |     14 |   225 |    +1.0% | -299.792 |   -16011.2 |    488 | io_out_REG[0]$_DFF_P_/D
     1725 |       2 |     195 |       83 |     14 |   225 |    +1.0% | -299.792 |   -16011.2 |    487 | io_out_REG[0]$_DFF_P_/D
     1726 |       2 |     195 |       83 |     14 |   225 |    +1.0% | -299.792 |   -16011.2 |    486 | io_out_REG[0]$_DFF_P_/D
     1727 |       2 |     195 |       83 |     14 |   225 |    +1.0% | -299.792 |   -16011.2 |    485 | io_out_REG[0]$_DFF_P_/D
     1728 |       2 |     195 |       83 |     14 |   225 |    +1.0% | -299.792 |   -16011.2 |    484 | io_out_REG[0]$_DFF_P_/D
     1729 |       2 |     195 |       83 |     14 |   225 |    +1.0% | -299.792 |   -16011.2 |    483 | io_out_REG[0]$_DFF_P_/D
     1730 |       2 |     195 |       83 |     14 |   225 |    +1.0% | -299.792 |   -16011.2 |    483 | io_out_REG[0]$_DFF_P_/D
     1730 |       2 |     195 |       83 |     14 |   225 |    +1.0% | -299.792 |   -16011.2 |    482 | io_out_REG[0]$_DFF_P_/D
     1731 |       2 |     195 |       83 |     14 |   225 |    +1.0% | -299.792 |   -16011.2 |    481 | io_out_REG[0]$_DFF_P_/D
     1732 |       2 |     195 |       83 |     14 |   225 |    +1.0% | -299.792 |   -16011.2 |    480 | io_out_REG[0]$_DFF_P_/D
     1733 |       2 |     195 |       83 |     14 |   225 |    +1.0% | -299.792 |   -16011.2 |    479 | io_out_REG[0]$_DFF_P_/D
     1734 |       2 |     195 |       83 |     14 |   225 |    +1.0% | -299.792 |   -16011.2 |    478 | io_out_REG[0]$_DFF_P_/D
     1740 |       2 |     197 |       84 |     14 |   227 |    +1.0% | -299.792 |   -15884.8 |    478 | io_out_REG[0]$_DFF_P_/D
     1745 |       2 |     200 |       85 |     14 |   228 |    +1.0% | -299.792 |   -15663.5 |    476 | io_out_REG[0]$_DFF_P_/D
     1746 |       2 |     200 |       85 |     14 |   228 |    +1.0% | -299.792 |   -15663.5 |    475 | io_out_REG[0]$_DFF_P_/D
     1750 |       2 |     200 |       85 |     14 |   231 |    +1.0% | -299.792 |   -15666.4 |    475 | io_out_REG[0]$_DFF_P_/D
     1750 |       2 |     200 |       85 |     14 |   228 |    +1.0% | -299.792 |   -15663.5 |    475 | io_out_REG[0]$_DFF_P_/D
     1751 |       2 |     200 |       85 |     14 |   228 |    +1.0% | -299.792 |   -15663.5 |    474 | io_out_REG[0]$_DFF_P_/D
     1752 |       2 |     200 |       85 |     14 |   228 |    +1.0% | -299.792 |   -15663.5 |    473 | io_out_REG[0]$_DFF_P_/D
     1753 |       2 |     200 |       85 |     14 |   228 |    +1.0% | -299.792 |   -15663.5 |    472 | io_out_REG[0]$_DFF_P_/D
     1754 |       2 |     200 |       85 |     14 |   228 |    +1.0% | -299.792 |   -15663.5 |    471 | io_out_REG[0]$_DFF_P_/D
     1755 |       2 |     200 |       85 |     14 |   228 |    +1.0% | -299.792 |   -15663.5 |    470 | io_out_REG[0]$_DFF_P_/D
     1756 |       2 |     200 |       85 |     14 |   228 |    +1.0% | -299.792 |   -15663.5 |    469 | io_out_REG[0]$_DFF_P_/D
     1757 |       2 |     200 |       85 |     14 |   228 |    +1.0% | -299.792 |   -15663.5 |    468 | io_out_REG[0]$_DFF_P_/D
     1758 |       2 |     200 |       85 |     14 |   228 |    +1.0% | -299.792 |   -15663.5 |    467 | io_out_REG[0]$_DFF_P_/D
     1759 |       2 |     200 |       85 |     14 |   228 |    +1.0% | -299.792 |   -15663.5 |    466 | io_out_REG[0]$_DFF_P_/D
     1760 |       2 |     200 |       85 |     14 |   228 |    +1.0% | -299.792 |   -15663.5 |    466 | io_out_REG[0]$_DFF_P_/D
     1762 |       2 |     201 |       85 |     14 |   229 |    +1.0% | -299.792 |   -15660.9 |    464 | io_out_REG[0]$_DFF_P_/D
     1763 |       2 |     201 |       85 |     14 |   229 |    +1.0% | -299.792 |   -15660.9 |    463 | io_out_REG[0]$_DFF_P_/D
     1764 |       2 |     201 |       85 |     14 |   229 |    +1.0% | -299.792 |   -15660.9 |    462 | io_out_REG[0]$_DFF_P_/D
     1765 |       2 |     201 |       85 |     14 |   229 |    +1.0% | -299.792 |   -15660.9 |    461 | io_out_REG[0]$_DFF_P_/D
     1766 |       2 |     201 |       85 |     14 |   229 |    +1.0% | -299.792 |   -15660.9 |    460 | io_out_REG[0]$_DFF_P_/D
     1767 |       2 |     201 |       85 |     14 |   229 |    +1.0% | -299.792 |   -15660.9 |    459 | io_out_REG[0]$_DFF_P_/D
     1768 |       2 |     201 |       85 |     14 |   229 |    +1.0% | -299.792 |   -15660.9 |    459 | io_out_REG[0]$_DFF_P_/D
     1769 |       2 |     201 |       85 |     14 |   229 |    +1.0% | -299.792 |   -15660.9 |    458 | io_out_REG[0]$_DFF_P_/D
     1770 |       2 |     201 |       85 |     14 |   229 |    +1.0% | -299.792 |   -15660.9 |    458 | io_out_REG[0]$_DFF_P_/D
     1770 |       2 |     201 |       85 |     14 |   229 |    +1.0% | -299.792 |   -15660.9 |    457 | io_out_REG[0]$_DFF_P_/D
     1771 |       2 |     201 |       85 |     14 |   229 |    +1.0% | -299.792 |   -15660.9 |    456 | io_out_REG[0]$_DFF_P_/D
     1772 |       2 |     201 |       85 |     14 |   229 |    +1.0% | -299.792 |   -15660.9 |    455 | io_out_REG[0]$_DFF_P_/D
     1773 |       2 |     201 |       85 |     14 |   229 |    +1.0% | -299.792 |   -15660.9 |    454 | io_out_REG[0]$_DFF_P_/D
     1774 |       2 |     201 |       85 |     14 |   229 |    +1.0% | -299.792 |   -15660.9 |    453 | io_out_REG[0]$_DFF_P_/D
     1780 |       2 |     201 |       85 |     14 |   234 |    +1.0% | -299.792 |   -15676.9 |    453 | io_out_REG[0]$_DFF_P_/D
     1781 |       2 |     201 |       85 |     14 |   229 |    +1.0% | -299.792 |   -15660.9 |    453 | io_out_REG[0]$_DFF_P_/D
     1782 |       2 |     201 |       85 |     14 |   229 |    +1.0% | -299.792 |   -15660.9 |    452 | io_out_REG[0]$_DFF_P_/D
     1783 |       2 |     201 |       85 |     14 |   229 |    +1.0% | -299.792 |   -15660.9 |    451 | io_out_REG[0]$_DFF_P_/D
     1784 |       2 |     201 |       85 |     14 |   229 |    +1.0% | -299.792 |   -15660.9 |    450 | io_out_REG[0]$_DFF_P_/D
     1785 |       2 |     201 |       85 |     14 |   229 |    +1.0% | -299.792 |   -15660.9 |    449 | io_out_REG[0]$_DFF_P_/D
     1786 |       2 |     201 |       85 |     14 |   229 |    +1.0% | -299.792 |   -15660.9 |    448 | io_out_REG[0]$_DFF_P_/D
     1790 |       2 |     201 |       85 |     14 |   232 |    +1.0% | -299.792 |   -15666.6 |    448 | io_out_REG[0]$_DFF_P_/D
     1793 |       2 |     201 |       85 |     14 |   229 |    +1.0% | -299.792 |   -15660.9 |    448 | io_out_REG[0]$_DFF_P_/D
     1794 |       2 |     201 |       85 |     14 |   229 |    +1.0% | -299.792 |   -15660.9 |    447 | io_out_REG[0]$_DFF_P_/D
     1795 |       2 |     201 |       85 |     14 |   229 |    +1.0% | -299.792 |   -15660.9 |    447 | io_out_REG[0]$_DFF_P_/D
     1796 |       2 |     201 |       85 |     14 |   229 |    +1.0% | -299.792 |   -15660.9 |    446 | io_out_REG[0]$_DFF_P_/D
     1797 |       2 |     201 |       85 |     14 |   229 |    +1.0% | -299.792 |   -15660.9 |    445 | io_out_REG[0]$_DFF_P_/D
     1798 |       2 |     201 |       85 |     14 |   229 |    +1.0% | -299.792 |   -15660.9 |    444 | io_out_REG[0]$_DFF_P_/D
     1799 |       2 |     201 |       85 |     14 |   229 |    +1.0% | -299.792 |   -15660.9 |    443 | io_out_REG[0]$_DFF_P_/D
     1800 |       2 |     201 |       85 |     14 |   229 |    +1.0% | -299.792 |   -15660.9 |    443 | io_out_REG[0]$_DFF_P_/D
     1800 |       2 |     201 |       85 |     14 |   229 |    +1.0% | -299.792 |   -15660.9 |    442 | io_out_REG[0]$_DFF_P_/D
     1804 |       2 |     201 |       85 |     14 |   231 |    +1.0% | -299.792 |   -15660.6 |    442 | io_out_REG[0]$_DFF_P_/D
     1806 |       2 |     202 |       85 |     14 |   231 |    +1.0% | -299.792 |   -15660.1 |    440 | io_out_REG[0]$_DFF_P_/D
     1807 |       2 |     202 |       85 |     14 |   231 |    +1.0% | -299.792 |   -15660.1 |    439 | io_out_REG[0]$_DFF_P_/D
     1808 |       2 |     202 |       85 |     14 |   231 |    +1.0% | -299.792 |   -15660.1 |    438 | io_out_REG[0]$_DFF_P_/D
     1809 |       2 |     202 |       85 |     14 |   231 |    +1.0% | -299.792 |   -15660.1 |    437 | io_out_REG[0]$_DFF_P_/D
     1810 |       2 |     202 |       85 |     14 |   231 |    +1.0% | -299.792 |   -15660.1 |    437 | io_out_REG[0]$_DFF_P_/D
     1811 |       2 |     203 |       85 |     14 |   231 |    +1.0% | -299.792 |   -15659.4 |    435 | io_out_REG[0]$_DFF_P_/D
     1812 |       2 |     203 |       85 |     14 |   231 |    +1.0% | -299.792 |   -15659.4 |    435 | io_out_REG[0]$_DFF_P_/D
     1813 |       2 |     203 |       85 |     14 |   231 |    +1.0% | -299.792 |   -15659.4 |    434 | io_out_REG[0]$_DFF_P_/D
     1814 |       2 |     203 |       85 |     14 |   231 |    +1.0% | -299.792 |   -15659.4 |    434 | io_out_REG[0]$_DFF_P_/D
     1815 |       2 |     203 |       85 |     14 |   231 |    +1.0% | -299.792 |   -15659.4 |    433 | io_out_REG[0]$_DFF_P_/D
     1816 |       2 |     203 |       85 |     14 |   231 |    +1.0% | -299.792 |   -15659.4 |    432 | io_out_REG[0]$_DFF_P_/D
     1817 |       2 |     203 |       85 |     14 |   231 |    +1.0% | -299.792 |   -15659.4 |    431 | io_out_REG[0]$_DFF_P_/D
     1818 |       2 |     203 |       85 |     14 |   231 |    +1.0% | -299.792 |   -15659.4 |    430 | io_out_REG[0]$_DFF_P_/D
     1820 |       2 |     203 |       86 |     14 |   231 |    +1.0% | -299.792 |   -15657.9 |    429 | io_out_REG[0]$_DFF_P_/D
     1820 |       2 |     203 |       86 |     14 |   231 |    +1.0% | -299.792 |   -15657.9 |    428 | io_out_REG[0]$_DFF_P_/D
     1821 |       2 |     203 |       86 |     14 |   231 |    +1.0% | -299.792 |   -15657.9 |    427 | io_out_REG[0]$_DFF_P_/D
     1822 |       2 |     203 |       86 |     14 |   231 |    +1.0% | -299.792 |   -15657.9 |    426 | io_out_REG[0]$_DFF_P_/D
     1823 |       2 |     203 |       86 |     14 |   231 |    +1.0% | -299.792 |   -15657.9 |    425 | io_out_REG[0]$_DFF_P_/D
     1824 |       2 |     203 |       86 |     14 |   231 |    +1.0% | -299.792 |   -15657.9 |    424 | io_out_REG[0]$_DFF_P_/D
     1825 |       2 |     203 |       86 |     14 |   231 |    +1.0% | -299.792 |   -15657.9 |    423 | io_out_REG[0]$_DFF_P_/D
     1826 |       2 |     203 |       86 |     14 |   231 |    +1.0% | -299.792 |   -15657.9 |    423 | io_out_REG[0]$_DFF_P_/D
     1827 |       2 |     203 |       86 |     14 |   231 |    +1.0% | -299.792 |   -15657.9 |    422 | io_out_REG[0]$_DFF_P_/D
     1828 |       2 |     203 |       86 |     14 |   231 |    +1.0% | -299.792 |   -15657.9 |    421 | io_out_REG[0]$_DFF_P_/D
     1829 |       2 |     203 |       86 |     14 |   231 |    +1.0% | -299.792 |   -15657.9 |    420 | io_out_REG[0]$_DFF_P_/D
     1830 |       2 |     203 |       86 |     14 |   231 |    +1.0% | -299.792 |   -15657.9 |    420 | io_out_REG[0]$_DFF_P_/D
     1830 |       2 |     203 |       86 |     14 |   231 |    +1.0% | -299.792 |   -15657.9 |    419 | io_out_REG[0]$_DFF_P_/D
     1835 |       2 |     206 |       86 |     15 |   231 |    +1.1% | -299.792 |   -15759.8 |    417 | io_out_REG[0]$_DFF_P_/D
     1837 |       2 |     207 |       86 |     15 |   231 |    +1.1% | -299.792 |   -15758.5 |    415 | io_out_REG[0]$_DFF_P_/D
     1838 |       2 |     207 |       86 |     15 |   231 |    +1.1% | -299.792 |   -15758.5 |    414 | io_out_REG[0]$_DFF_P_/D
     1839 |       2 |     207 |       86 |     15 |   231 |    +1.1% | -299.792 |   -15758.5 |    413 | io_out_REG[0]$_DFF_P_/D
     1840 |       2 |     207 |       86 |     15 |   231 |    +1.1% | -299.792 |   -15758.5 |    413 | io_out_REG[0]$_DFF_P_/D
     1840 |       2 |     207 |       86 |     15 |   231 |    +1.1% | -299.792 |   -15758.5 |    412 | io_out_REG[0]$_DFF_P_/D
     1841 |       2 |     207 |       86 |     15 |   231 |    +1.1% | -299.792 |   -15758.5 |    411 | io_out_REG[0]$_DFF_P_/D
     1842 |       2 |     207 |       86 |     15 |   231 |    +1.1% | -299.792 |   -15758.5 |    411 | io_out_REG[0]$_DFF_P_/D
     1843 |       2 |     207 |       86 |     15 |   231 |    +1.1% | -299.792 |   -15758.5 |    410 | io_out_REG[0]$_DFF_P_/D
     1845 |       2 |     208 |       86 |     15 |   231 |    +1.1% | -299.792 |   -15758.7 |    408 | io_out_REG[0]$_DFF_P_/D
     1846 |       2 |     208 |       86 |     15 |   231 |    +1.1% | -299.792 |   -15758.7 |    407 | io_out_REG[0]$_DFF_P_/D
     1847 |       2 |     208 |       86 |     15 |   231 |    +1.1% | -299.792 |   -15758.7 |    406 | io_out_REG[0]$_DFF_P_/D
     1848 |       2 |     208 |       86 |     15 |   231 |    +1.1% | -299.792 |   -15758.7 |    405 | io_out_REG[0]$_DFF_P_/D
     1849 |       2 |     208 |       86 |     15 |   231 |    +1.1% | -299.792 |   -15758.7 |    404 | io_out_REG[0]$_DFF_P_/D
     1850 |       2 |     208 |       86 |     15 |   231 |    +1.1% | -299.792 |   -15758.7 |    404 | io_out_REG[0]$_DFF_P_/D
     1850 |       2 |     208 |       86 |     15 |   231 |    +1.1% | -299.792 |   -15758.7 |    403 | io_out_REG[0]$_DFF_P_/D
     1851 |       2 |     208 |       86 |     15 |   231 |    +1.1% | -299.792 |   -15758.7 |    402 | io_out_REG[0]$_DFF_P_/D
     1852 |       2 |     208 |       86 |     15 |   231 |    +1.1% | -299.792 |   -15758.7 |    401 | io_out_REG[0]$_DFF_P_/D
     1853 |       2 |     208 |       86 |     15 |   231 |    +1.1% | -299.792 |   -15758.7 |    400 | io_out_REG[0]$_DFF_P_/D
     1854 |       2 |     208 |       86 |     15 |   231 |    +1.1% | -299.792 |   -15758.7 |    399 | io_out_REG[0]$_DFF_P_/D
     1855 |       2 |     208 |       86 |     15 |   231 |    +1.1% | -299.792 |   -15758.7 |    398 | io_out_REG[0]$_DFF_P_/D
     1856 |       2 |     208 |       86 |     15 |   231 |    +1.1% | -299.792 |   -15758.7 |    397 | io_out_REG[0]$_DFF_P_/D
     1857 |       2 |     208 |       86 |     15 |   231 |    +1.1% | -299.792 |   -15758.7 |    396 | io_out_REG[0]$_DFF_P_/D
     1858 |       2 |     208 |       86 |     15 |   231 |    +1.1% | -299.792 |   -15758.7 |    395 | io_out_REG[0]$_DFF_P_/D
     1860 |       2 |     209 |       86 |     15 |   231 |    +1.1% | -299.792 |   -15758.1 |    394 | io_out_REG[0]$_DFF_P_/D
     1860 |       2 |     209 |       86 |     15 |   231 |    +1.1% | -299.792 |   -15758.1 |    393 | io_out_REG[0]$_DFF_P_/D
     1861 |       2 |     209 |       86 |     15 |   231 |    +1.1% | -299.792 |   -15758.1 |    392 | io_out_REG[0]$_DFF_P_/D
     1862 |       2 |     209 |       86 |     15 |   231 |    +1.1% | -299.792 |   -15758.1 |    391 | io_out_REG[0]$_DFF_P_/D
     1863 |       2 |     209 |       86 |     15 |   231 |    +1.1% | -299.792 |   -15758.1 |    390 | io_out_REG[0]$_DFF_P_/D
     1864 |       2 |     209 |       86 |     15 |   231 |    +1.1% | -299.792 |   -15758.1 |    389 | io_out_REG[0]$_DFF_P_/D
     1865 |       2 |     209 |       86 |     15 |   231 |    +1.1% | -299.792 |   -15758.1 |    388 | io_out_REG[0]$_DFF_P_/D
     1866 |       2 |     209 |       86 |     15 |   231 |    +1.1% | -299.792 |   -15758.1 |    387 | io_out_REG[0]$_DFF_P_/D
     1867 |       2 |     209 |       86 |     15 |   231 |    +1.1% | -299.792 |   -15758.1 |    386 | io_out_REG[0]$_DFF_P_/D
     1868 |       2 |     209 |       86 |     15 |   231 |    +1.1% | -299.792 |   -15758.1 |    385 | io_out_REG[0]$_DFF_P_/D
     1869 |       2 |     209 |       86 |     15 |   231 |    +1.1% | -299.792 |   -15758.1 |    384 | io_out_REG[0]$_DFF_P_/D
     1870 |       2 |     209 |       86 |     15 |   231 |    +1.1% | -299.792 |   -15758.1 |    384 | io_out_REG[0]$_DFF_P_/D
     1870 |       2 |     209 |       86 |     15 |   231 |    +1.1% | -299.792 |   -15758.1 |    383 | io_out_REG[0]$_DFF_P_/D
     1871 |       2 |     209 |       86 |     15 |   231 |    +1.1% | -299.792 |   -15758.1 |    382 | io_out_REG[0]$_DFF_P_/D
     1872 |       2 |     209 |       86 |     15 |   231 |    +1.1% | -299.792 |   -15758.1 |    381 | io_out_REG[0]$_DFF_P_/D
     1873 |       2 |     209 |       86 |     15 |   231 |    +1.1% | -299.792 |   -15758.1 |    380 | io_out_REG[0]$_DFF_P_/D
     1874 |       2 |     209 |       86 |     15 |   231 |    +1.1% | -299.792 |   -15758.1 |    379 | io_out_REG[0]$_DFF_P_/D
     1875 |       2 |     209 |       86 |     15 |   231 |    +1.1% | -299.792 |   -15758.1 |    378 | io_out_REG[0]$_DFF_P_/D
     1876 |       2 |     209 |       86 |     15 |   231 |    +1.1% | -299.792 |   -15758.1 |    377 | io_out_REG[0]$_DFF_P_/D
     1877 |       2 |     209 |       86 |     15 |   231 |    +1.1% | -299.792 |   -15758.1 |    376 | io_out_REG[0]$_DFF_P_/D
     1878 |       2 |     209 |       86 |     15 |   231 |    +1.1% | -299.792 |   -15758.1 |    375 | io_out_REG[0]$_DFF_P_/D
     1879 |       2 |     209 |       86 |     15 |   231 |    +1.1% | -299.792 |   -15758.1 |    374 | io_out_REG[0]$_DFF_P_/D
     1880 |       2 |     209 |       86 |     15 |   231 |    +1.1% | -299.792 |   -15758.1 |    374 | io_out_REG[0]$_DFF_P_/D
     1880 |       2 |     209 |       86 |     15 |   231 |    +1.1% | -299.792 |   -15758.1 |    373 | io_out_REG[0]$_DFF_P_/D
     1881 |       2 |     209 |       86 |     15 |   231 |    +1.1% | -299.792 |   -15758.1 |    372 | io_out_REG[0]$_DFF_P_/D
     1882 |       2 |     209 |       86 |     15 |   231 |    +1.1% | -299.792 |   -15758.1 |    372 | io_out_REG[0]$_DFF_P_/D
     1883 |       2 |     209 |       86 |     15 |   231 |    +1.1% | -299.792 |   -15758.1 |    371 | io_out_REG[0]$_DFF_P_/D
     1884 |       2 |     209 |       86 |     15 |   231 |    +1.1% | -299.792 |   -15758.1 |    370 | io_out_REG[0]$_DFF_P_/D
     1885 |       2 |     209 |       86 |     15 |   231 |    +1.1% | -299.792 |   -15758.1 |    369 | io_out_REG[0]$_DFF_P_/D
     1886 |       2 |     209 |       86 |     15 |   231 |    +1.1% | -299.792 |   -15758.1 |    368 | io_out_REG[0]$_DFF_P_/D
     1887 |       2 |     209 |       86 |     15 |   231 |    +1.1% | -299.792 |   -15758.1 |    367 | io_out_REG[0]$_DFF_P_/D
     1888 |       2 |     209 |       86 |     15 |   231 |    +1.1% | -299.792 |   -15758.1 |    366 | io_out_REG[0]$_DFF_P_/D
     1889 |       2 |     209 |       86 |     15 |   231 |    +1.1% | -299.792 |   -15758.1 |    365 | io_out_REG[0]$_DFF_P_/D
     1890 |       2 |     209 |       86 |     15 |   231 |    +1.1% | -299.792 |   -15758.1 |    365 | io_out_REG[0]$_DFF_P_/D
     1890 |       2 |     209 |       86 |     15 |   231 |    +1.1% | -299.792 |   -15758.1 |    364 | io_out_REG[0]$_DFF_P_/D
     1891 |       2 |     209 |       86 |     15 |   231 |    +1.1% | -299.792 |   -15758.1 |    363 | io_out_REG[0]$_DFF_P_/D
     1892 |       2 |     209 |       86 |     15 |   231 |    +1.1% | -299.792 |   -15758.1 |    362 | io_out_REG[0]$_DFF_P_/D
     1893 |       2 |     209 |       86 |     15 |   231 |    +1.1% | -299.792 |   -15758.1 |    361 | io_out_REG[0]$_DFF_P_/D
     1895 |       2 |     210 |       86 |     15 |   231 |    +1.1% | -299.792 |   -15758.0 |    359 | io_out_REG[0]$_DFF_P_/D
     1896 |       2 |     210 |       86 |     15 |   231 |    +1.1% | -299.792 |   -15758.0 |    358 | io_out_REG[0]$_DFF_P_/D
     1897 |       2 |     210 |       86 |     15 |   231 |    +1.1% | -299.792 |   -15758.0 |    357 | io_out_REG[0]$_DFF_P_/D
     1898 |       2 |     210 |       86 |     15 |   231 |    +1.1% | -299.792 |   -15758.0 |    356 | io_out_REG[0]$_DFF_P_/D
     1899 |       2 |     210 |       86 |     15 |   231 |    +1.1% | -299.792 |   -15758.0 |    355 | io_out_REG[0]$_DFF_P_/D
     1900 |       2 |     210 |       86 |     15 |   231 |    +1.1% | -299.792 |   -15758.0 |    355 | io_out_REG[0]$_DFF_P_/D
     1900 |       2 |     210 |       86 |     15 |   231 |    +1.1% | -299.792 |   -15758.0 |    355 | io_out_REG[0]$_DFF_P_/D
     1901 |       2 |     210 |       86 |     15 |   231 |    +1.1% | -299.792 |   -15758.0 |    354 | io_out_REG[0]$_DFF_P_/D
     1902 |       2 |     210 |       86 |     15 |   231 |    +1.1% | -299.792 |   -15758.0 |    353 | io_out_REG[0]$_DFF_P_/D
     1903 |       2 |     210 |       86 |     15 |   231 |    +1.1% | -299.792 |   -15758.0 |    352 | io_out_REG[0]$_DFF_P_/D
     1904 |       2 |     210 |       86 |     15 |   231 |    +1.1% | -299.792 |   -15758.0 |    351 | io_out_REG[0]$_DFF_P_/D
     1905 |       2 |     210 |       86 |     15 |   231 |    +1.1% | -299.792 |   -15758.0 |    350 | io_out_REG[0]$_DFF_P_/D
     1906 |       2 |     210 |       86 |     15 |   231 |    +1.1% | -299.792 |   -15758.0 |    349 | io_out_REG[0]$_DFF_P_/D
     1908 |       2 |     211 |       86 |     15 |   231 |    +1.1% | -299.792 |   -15758.1 |    347 | io_out_REG[0]$_DFF_P_/D
     1909 |       2 |     211 |       86 |     15 |   231 |    +1.1% | -299.792 |   -15758.1 |    346 | io_out_REG[0]$_DFF_P_/D
     1910 |       2 |     211 |       86 |     15 |   231 |    +1.1% | -299.792 |   -15758.1 |    346 | io_out_REG[0]$_DFF_P_/D
     1910 |       2 |     211 |       86 |     15 |   231 |    +1.1% | -299.792 |   -15758.1 |    345 | io_out_REG[0]$_DFF_P_/D
     1911 |       2 |     211 |       86 |     15 |   231 |    +1.1% | -299.792 |   -15758.1 |    344 | io_out_REG[0]$_DFF_P_/D
     1912 |       2 |     211 |       86 |     15 |   231 |    +1.1% | -299.792 |   -15758.1 |    343 | io_out_REG[0]$_DFF_P_/D
     1913 |       2 |     211 |       86 |     15 |   231 |    +1.1% | -299.792 |   -15758.1 |    342 | io_out_REG[0]$_DFF_P_/D
     1914 |       2 |     211 |       86 |     15 |   231 |    +1.1% | -299.792 |   -15758.1 |    341 | io_out_REG[0]$_DFF_P_/D
     1915 |       2 |     211 |       86 |     15 |   231 |    +1.1% | -299.792 |   -15758.1 |    340 | io_out_REG[0]$_DFF_P_/D
     1916 |       2 |     211 |       86 |     15 |   231 |    +1.1% | -299.792 |   -15758.1 |    339 | io_out_REG[0]$_DFF_P_/D
     1917 |       2 |     211 |       86 |     15 |   231 |    +1.1% | -299.792 |   -15758.1 |    338 | io_out_REG[0]$_DFF_P_/D
     1918 |       2 |     211 |       86 |     15 |   231 |    +1.1% | -299.792 |   -15758.1 |    337 | io_out_REG[0]$_DFF_P_/D
     1919 |       2 |     211 |       86 |     15 |   231 |    +1.1% | -299.792 |   -15758.1 |    336 | io_out_REG[0]$_DFF_P_/D
     1920 |       2 |     211 |       86 |     15 |   231 |    +1.1% | -299.792 |   -15758.1 |    336 | io_out_REG[0]$_DFF_P_/D
     1920 |       2 |     211 |       86 |     15 |   231 |    +1.1% | -299.792 |   -15758.1 |    335 | io_out_REG[0]$_DFF_P_/D
     1924 |       2 |     213 |       87 |     15 |   231 |    +1.1% | -299.792 |   -15241.5 |    333 | io_out_REG[0]$_DFF_P_/D
     1925 |       2 |     213 |       87 |     15 |   231 |    +1.1% | -299.792 |   -15241.5 |    332 | io_out_REG[0]$_DFF_P_/D
     1926 |       2 |     213 |       87 |     15 |   231 |    +1.1% | -299.792 |   -15241.5 |    332 | io_out_REG[0]$_DFF_P_/D
     1927 |       2 |     213 |       87 |     15 |   231 |    +1.1% | -299.792 |   -15241.5 |    331 | io_out_REG[0]$_DFF_P_/D
     1928 |       2 |     213 |       87 |     15 |   231 |    +1.1% | -299.792 |   -15241.5 |    330 | io_out_REG[0]$_DFF_P_/D
     1929 |       2 |     213 |       87 |     15 |   231 |    +1.1% | -299.792 |   -15241.5 |    329 | io_out_REG[0]$_DFF_P_/D
     1930 |       2 |     213 |       87 |     15 |   231 |    +1.1% | -299.792 |   -15241.5 |    329 | io_out_REG[0]$_DFF_P_/D
     1930 |       2 |     213 |       87 |     15 |   231 |    +1.1% | -299.792 |   -15241.5 |    328 | io_out_REG[0]$_DFF_P_/D
     1931 |       2 |     213 |       87 |     15 |   231 |    +1.1% | -299.792 |   -15241.5 |    327 | io_out_REG[0]$_DFF_P_/D
     1932 |       2 |     213 |       87 |     15 |   231 |    +1.1% | -299.792 |   -15241.5 |    326 | io_out_REG[0]$_DFF_P_/D
     1933 |       2 |     213 |       87 |     15 |   231 |    +1.1% | -299.792 |   -15241.5 |    325 | io_out_REG[0]$_DFF_P_/D
     1934 |       2 |     213 |       87 |     15 |   231 |    +1.1% | -299.792 |   -15241.5 |    324 | io_out_REG[0]$_DFF_P_/D
     1935 |       2 |     213 |       87 |     15 |   231 |    +1.1% | -299.792 |   -15241.5 |    323 | io_out_REG[0]$_DFF_P_/D
     1936 |       2 |     213 |       87 |     15 |   231 |    +1.1% | -299.792 |   -15241.5 |    322 | io_out_REG[0]$_DFF_P_/D
     1937 |       2 |     213 |       87 |     15 |   231 |    +1.1% | -299.792 |   -15241.5 |    321 | io_out_REG[0]$_DFF_P_/D
     1938 |       2 |     213 |       87 |     15 |   231 |    +1.1% | -299.792 |   -15241.5 |    320 | io_out_REG[0]$_DFF_P_/D
     1939 |       2 |     213 |       87 |     15 |   231 |    +1.1% | -299.792 |   -15241.5 |    319 | io_out_REG[0]$_DFF_P_/D
     1940 |       2 |     213 |       87 |     15 |   231 |    +1.1% | -299.792 |   -15241.5 |    319 | io_out_REG[0]$_DFF_P_/D
     1940 |       2 |     213 |       87 |     15 |   231 |    +1.1% | -299.792 |   -15241.5 |    318 | io_out_REG[0]$_DFF_P_/D
     1941 |       2 |     213 |       87 |     15 |   231 |    +1.1% | -299.792 |   -15241.5 |    317 | io_out_REG[0]$_DFF_P_/D
     1942 |       2 |     213 |       87 |     15 |   231 |    +1.1% | -299.792 |   -15241.5 |    316 | io_out_REG[0]$_DFF_P_/D
     1943 |       2 |     213 |       87 |     15 |   231 |    +1.1% | -299.792 |   -15241.5 |    315 | io_out_REG[0]$_DFF_P_/D
     1944 |       2 |     213 |       87 |     15 |   231 |    +1.1% | -299.792 |   -15241.5 |    314 | io_out_REG[0]$_DFF_P_/D
     1945 |       2 |     213 |       87 |     15 |   231 |    +1.1% | -299.792 |   -15241.5 |    313 | io_out_REG[0]$_DFF_P_/D
     1946 |       2 |     213 |       87 |     15 |   231 |    +1.1% | -299.792 |   -15241.5 |    312 | io_out_REG[0]$_DFF_P_/D
     1947 |       2 |     213 |       87 |     15 |   231 |    +1.1% | -299.792 |   -15241.5 |    311 | io_out_REG[0]$_DFF_P_/D
     1948 |       2 |     213 |       87 |     15 |   231 |    +1.1% | -299.792 |   -15241.5 |    310 | io_out_REG[0]$_DFF_P_/D
     1949 |       2 |     213 |       87 |     15 |   231 |    +1.1% | -299.792 |   -15241.5 |    309 | io_out_REG[0]$_DFF_P_/D
     1950 |       2 |     213 |       87 |     15 |   231 |    +1.1% | -299.792 |   -15241.5 |    309 | io_out_REG[0]$_DFF_P_/D
     1950 |       2 |     213 |       87 |     15 |   231 |    +1.1% | -299.792 |   -15241.5 |    308 | io_out_REG[0]$_DFF_P_/D
     1951 |       2 |     213 |       87 |     15 |   231 |    +1.1% | -299.792 |   -15241.5 |    307 | io_out_REG[0]$_DFF_P_/D
     1952 |       2 |     213 |       87 |     15 |   231 |    +1.1% | -299.792 |   -15241.5 |    306 | io_out_REG[0]$_DFF_P_/D
     1953 |       2 |     213 |       87 |     15 |   231 |    +1.1% | -299.792 |   -15241.5 |    305 | io_out_REG[0]$_DFF_P_/D
     1954 |       2 |     213 |       87 |     15 |   231 |    +1.1% | -299.792 |   -15241.5 |    304 | io_out_REG[0]$_DFF_P_/D
     1955 |       2 |     213 |       87 |     15 |   231 |    +1.1% | -299.792 |   -15241.5 |    303 | io_out_REG[0]$_DFF_P_/D
     1956 |       2 |     213 |       87 |     15 |   231 |    +1.1% | -299.792 |   -15241.5 |    302 | io_out_REG[0]$_DFF_P_/D
     1957 |       2 |     213 |       87 |     15 |   231 |    +1.1% | -299.792 |   -15241.5 |    301 | io_out_REG[0]$_DFF_P_/D
     1958 |       2 |     213 |       87 |     15 |   231 |    +1.1% | -299.792 |   -15241.5 |    300 | io_out_REG[0]$_DFF_P_/D
     1959 |       2 |     213 |       87 |     15 |   231 |    +1.1% | -299.792 |   -15241.5 |    299 | io_out_REG[0]$_DFF_P_/D
     1960 |       2 |     213 |       87 |     15 |   231 |    +1.1% | -299.792 |   -15241.5 |    299 | io_out_REG[0]$_DFF_P_/D
     1960 |       2 |     213 |       87 |     15 |   231 |    +1.1% | -299.792 |   -15241.5 |    298 | io_out_REG[0]$_DFF_P_/D
     1961 |       2 |     213 |       87 |     15 |   231 |    +1.1% | -299.792 |   -15241.5 |    297 | io_out_REG[0]$_DFF_P_/D
     1962 |       2 |     213 |       87 |     15 |   231 |    +1.1% | -299.792 |   -15241.5 |    296 | io_out_REG[0]$_DFF_P_/D
     1963 |       2 |     213 |       87 |     15 |   231 |    +1.1% | -299.792 |   -15241.5 |    295 | io_out_REG[0]$_DFF_P_/D
     1964 |       2 |     213 |       87 |     15 |   231 |    +1.1% | -299.792 |   -15241.5 |    294 | io_out_REG[0]$_DFF_P_/D
     1965 |       2 |     213 |       87 |     15 |   231 |    +1.1% | -299.792 |   -15241.5 |    293 | io_out_REG[0]$_DFF_P_/D
     1968 |       2 |     215 |       87 |     15 |   231 |    +1.1% | -299.792 |   -15122.5 |    291 | io_out_REG[0]$_DFF_P_/D
     1969 |       2 |     215 |       87 |     15 |   231 |    +1.1% | -299.792 |   -15122.5 |    290 | io_out_REG[0]$_DFF_P_/D
     1970 |       2 |     215 |       87 |     15 |   231 |    +1.1% | -299.792 |   -15122.5 |    290 | io_out_REG[0]$_DFF_P_/D
     1970 |       2 |     215 |       87 |     15 |   231 |    +1.1% | -299.792 |   -15122.5 |    289 | io_out_REG[0]$_DFF_P_/D
     1971 |       2 |     215 |       87 |     15 |   231 |    +1.1% | -299.792 |   -15122.5 |    288 | io_out_REG[0]$_DFF_P_/D
     1972 |       2 |     215 |       87 |     15 |   231 |    +1.1% | -299.792 |   -15122.5 |    287 | io_out_REG[0]$_DFF_P_/D
     1973 |       2 |     215 |       87 |     15 |   231 |    +1.1% | -299.792 |   -15122.5 |    286 | io_out_REG[0]$_DFF_P_/D
     1974 |       2 |     215 |       87 |     15 |   231 |    +1.1% | -299.792 |   -15122.5 |    285 | io_out_REG[0]$_DFF_P_/D
     1975 |       2 |     215 |       87 |     15 |   231 |    +1.1% | -299.792 |   -15122.5 |    284 | io_out_REG[0]$_DFF_P_/D
     1976 |       2 |     215 |       87 |     15 |   231 |    +1.1% | -299.792 |   -15122.5 |    283 | io_out_REG[0]$_DFF_P_/D
     1977 |       2 |     215 |       87 |     15 |   231 |    +1.1% | -299.792 |   -15122.5 |    282 | io_out_REG[0]$_DFF_P_/D
     1978 |       2 |     215 |       87 |     15 |   231 |    +1.1% | -299.792 |   -15122.5 |    281 | io_out_REG[0]$_DFF_P_/D
     1979 |       2 |     215 |       87 |     15 |   231 |    +1.1% | -299.792 |   -15122.5 |    280 | io_out_REG[0]$_DFF_P_/D
     1980 |       2 |     215 |       87 |     15 |   231 |    +1.1% | -299.792 |   -15122.5 |    280 | io_out_REG[0]$_DFF_P_/D
     1980 |       2 |     215 |       87 |     15 |   231 |    +1.1% | -299.792 |   -15122.5 |    279 | io_out_REG[0]$_DFF_P_/D
     1981 |       2 |     215 |       87 |     15 |   231 |    +1.1% | -299.792 |   -15122.5 |    278 | io_out_REG[0]$_DFF_P_/D
     1982 |       2 |     215 |       87 |     15 |   231 |    +1.1% | -299.792 |   -15122.5 |    277 | io_out_REG[0]$_DFF_P_/D
     1983 |       2 |     215 |       87 |     15 |   231 |    +1.1% | -299.792 |   -15122.5 |    276 | io_out_REG[0]$_DFF_P_/D
     1984 |       2 |     215 |       87 |     15 |   231 |    +1.1% | -299.792 |   -15122.5 |    275 | io_out_REG[0]$_DFF_P_/D
     1985 |       2 |     215 |       87 |     15 |   231 |    +1.1% | -299.792 |   -15122.5 |    274 | io_out_REG[0]$_DFF_P_/D
     1986 |       2 |     215 |       87 |     15 |   231 |    +1.1% | -299.792 |   -15122.5 |    273 | io_out_REG[0]$_DFF_P_/D
     1987 |       2 |     215 |       87 |     15 |   231 |    +1.1% | -299.792 |   -15122.5 |    272 | io_out_REG[0]$_DFF_P_/D
     1988 |       2 |     215 |       87 |     15 |   231 |    +1.1% | -299.792 |   -15122.5 |    271 | io_out_REG[0]$_DFF_P_/D
     1989 |       2 |     215 |       87 |     15 |   231 |    +1.1% | -299.792 |   -15122.5 |    270 | io_out_REG[0]$_DFF_P_/D
     1990 |       2 |     215 |       87 |     15 |   231 |    +1.1% | -299.792 |   -15122.5 |    270 | io_out_REG[0]$_DFF_P_/D
     1990 |       2 |     215 |       87 |     15 |   231 |    +1.1% | -299.792 |   -15122.5 |    269 | io_out_REG[0]$_DFF_P_/D
     1991 |       2 |     215 |       87 |     15 |   231 |    +1.1% | -299.792 |   -15122.5 |    268 | io_out_REG[0]$_DFF_P_/D
     1992 |       2 |     215 |       87 |     15 |   231 |    +1.1% | -299.792 |   -15122.5 |    267 | io_out_REG[0]$_DFF_P_/D
     1993 |       2 |     215 |       87 |     15 |   231 |    +1.1% | -299.792 |   -15122.5 |    266 | io_out_REG[0]$_DFF_P_/D
     1994 |       2 |     215 |       87 |     15 |   231 |    +1.1% | -299.792 |   -15122.5 |    265 | io_out_REG[0]$_DFF_P_/D
     1995 |       2 |     215 |       87 |     15 |   231 |    +1.1% | -299.792 |   -15122.5 |    264 | io_out_REG[0]$_DFF_P_/D
     1996 |       2 |     215 |       87 |     15 |   231 |    +1.1% | -299.792 |   -15122.5 |    263 | io_out_REG[0]$_DFF_P_/D
     1997 |       2 |     215 |       87 |     15 |   231 |    +1.1% | -299.792 |   -15122.5 |    262 | io_out_REG[0]$_DFF_P_/D
     1998 |       2 |     215 |       87 |     15 |   231 |    +1.1% | -299.792 |   -15122.5 |    261 | io_out_REG[0]$_DFF_P_/D
     1999 |       2 |     215 |       87 |     15 |   231 |    +1.1% | -299.792 |   -15122.5 |    260 | io_out_REG[0]$_DFF_P_/D
     2000 |       2 |     215 |       87 |     15 |   231 |    +1.1% | -299.792 |   -15122.5 |    260 | io_out_REG[0]$_DFF_P_/D
     2000 |       2 |     215 |       87 |     15 |   231 |    +1.1% | -299.792 |   -15122.5 |    259 | io_out_REG[0]$_DFF_P_/D
     2001 |       2 |     215 |       87 |     15 |   231 |    +1.1% | -299.792 |   -15122.5 |    258 | io_out_REG[0]$_DFF_P_/D
     2002 |       2 |     215 |       87 |     15 |   231 |    +1.1% | -299.792 |   -15122.5 |    257 | io_out_REG[0]$_DFF_P_/D
     2003 |       2 |     215 |       87 |     15 |   231 |    +1.1% | -299.792 |   -15122.5 |    256 | io_out_REG[0]$_DFF_P_/D
     2004 |       2 |     215 |       87 |     15 |   231 |    +1.1% | -299.792 |   -15122.5 |    255 | io_out_REG[0]$_DFF_P_/D
     2005 |       2 |     215 |       87 |     15 |   231 |    +1.1% | -299.792 |   -15122.5 |    254 | io_out_REG[0]$_DFF_P_/D
     2006 |       2 |     215 |       87 |     15 |   231 |    +1.1% | -299.792 |   -15122.5 |    253 | io_out_REG[0]$_DFF_P_/D
     2007 |       2 |     215 |       87 |     15 |   231 |    +1.1% | -299.792 |   -15122.5 |    252 | io_out_REG[0]$_DFF_P_/D
     2008 |       2 |     215 |       87 |     15 |   231 |    +1.1% | -299.792 |   -15122.5 |    251 | io_out_REG[0]$_DFF_P_/D
     2009 |       2 |     215 |       87 |     15 |   231 |    +1.1% | -299.792 |   -15122.5 |    250 | io_out_REG[0]$_DFF_P_/D
     2010 |       2 |     215 |       87 |     15 |   231 |    +1.1% | -299.792 |   -15122.5 |    250 | io_out_REG[0]$_DFF_P_/D
     2010 |       2 |     215 |       87 |     15 |   231 |    +1.1% | -299.792 |   -15122.5 |    249 | io_out_REG[0]$_DFF_P_/D
     2011 |       2 |     215 |       87 |     15 |   231 |    +1.1% | -299.792 |   -15122.5 |    248 | io_out_REG[0]$_DFF_P_/D
     2012 |       2 |     215 |       87 |     15 |   231 |    +1.1% | -299.792 |   -15122.5 |    247 | io_out_REG[0]$_DFF_P_/D
     2013 |       2 |     215 |       87 |     15 |   231 |    +1.1% | -299.792 |   -15122.5 |    246 | io_out_REG[0]$_DFF_P_/D
     2014 |       2 |     215 |       87 |     15 |   231 |    +1.1% | -299.792 |   -15122.5 |    245 | io_out_REG[0]$_DFF_P_/D
     2015 |       2 |     215 |       87 |     15 |   231 |    +1.1% | -299.792 |   -15122.5 |    244 | io_out_REG[0]$_DFF_P_/D
     2016 |       2 |     215 |       87 |     15 |   231 |    +1.1% | -299.792 |   -15122.5 |    243 | io_out_REG[0]$_DFF_P_/D
     2017 |       2 |     215 |       87 |     15 |   231 |    +1.1% | -299.792 |   -15122.5 |    242 | io_out_REG[0]$_DFF_P_/D
     2018 |       2 |     215 |       87 |     15 |   231 |    +1.1% | -299.792 |   -15122.5 |    241 | io_out_REG[0]$_DFF_P_/D
     2019 |       2 |     215 |       87 |     15 |   231 |    +1.1% | -299.792 |   -15122.5 |    240 | io_out_REG[0]$_DFF_P_/D
     2020 |       2 |     215 |       87 |     15 |   231 |    +1.1% | -299.792 |   -15122.5 |    240 | io_out_REG[0]$_DFF_P_/D
     2020 |       2 |     215 |       87 |     15 |   231 |    +1.1% | -299.792 |   -15122.5 |    239 | io_out_REG[0]$_DFF_P_/D
     2021 |       2 |     215 |       87 |     15 |   231 |    +1.1% | -299.792 |   -15122.5 |    238 | io_out_REG[0]$_DFF_P_/D
     2022 |       2 |     215 |       87 |     15 |   231 |    +1.1% | -299.792 |   -15122.5 |    237 | io_out_REG[0]$_DFF_P_/D
     2023 |       2 |     215 |       87 |     15 |   231 |    +1.1% | -299.792 |   -15122.5 |    236 | io_out_REG[0]$_DFF_P_/D
     2024 |       2 |     215 |       87 |     15 |   231 |    +1.1% | -299.792 |   -15122.5 |    235 | io_out_REG[0]$_DFF_P_/D
     2025 |       2 |     215 |       87 |     15 |   231 |    +1.1% | -299.792 |   -15122.5 |    234 | io_out_REG[0]$_DFF_P_/D
     2026 |       2 |     215 |       87 |     15 |   231 |    +1.1% | -299.792 |   -15122.5 |    233 | io_out_REG[0]$_DFF_P_/D
     2027 |       2 |     215 |       87 |     15 |   231 |    +1.1% | -299.792 |   -15122.5 |    232 | io_out_REG[0]$_DFF_P_/D
     2028 |       2 |     215 |       87 |     15 |   231 |    +1.1% | -299.792 |   -15122.5 |    231 | io_out_REG[0]$_DFF_P_/D
     2029 |       2 |     215 |       87 |     15 |   231 |    +1.1% | -299.792 |   -15122.5 |    230 | io_out_REG[0]$_DFF_P_/D
     2030 |       2 |     215 |       87 |     15 |   231 |    +1.1% | -299.792 |   -15122.5 |    230 | io_out_REG[0]$_DFF_P_/D
     2030 |       2 |     215 |       87 |     15 |   231 |    +1.1% | -299.792 |   -15122.5 |    229 | io_out_REG[0]$_DFF_P_/D
     2031 |       2 |     215 |       87 |     15 |   231 |    +1.1% | -299.792 |   -15122.5 |    228 | io_out_REG[0]$_DFF_P_/D
     2032 |       2 |     215 |       87 |     15 |   231 |    +1.1% | -299.792 |   -15122.5 |    227 | io_out_REG[0]$_DFF_P_/D
     2033 |       2 |     215 |       87 |     15 |   231 |    +1.1% | -299.792 |   -15122.5 |    226 | io_out_REG[0]$_DFF_P_/D
     2034 |       2 |     215 |       87 |     15 |   231 |    +1.1% | -299.792 |   -15122.5 |    225 | io_out_REG[0]$_DFF_P_/D
     2035 |       2 |     215 |       87 |     15 |   231 |    +1.1% | -299.792 |   -15122.5 |    224 | io_out_REG[0]$_DFF_P_/D
     2036 |       2 |     215 |       87 |     15 |   231 |    +1.1% | -299.792 |   -15122.5 |    223 | io_out_REG[0]$_DFF_P_/D
     2037 |       2 |     215 |       87 |     15 |   231 |    +1.1% | -299.792 |   -15122.5 |    222 | io_out_REG[0]$_DFF_P_/D
     2038 |       2 |     215 |       87 |     15 |   231 |    +1.1% | -299.792 |   -15122.5 |    221 | io_out_REG[0]$_DFF_P_/D
     2039 |       2 |     215 |       87 |     15 |   231 |    +1.1% | -299.792 |   -15122.5 |    220 | io_out_REG[0]$_DFF_P_/D
     2040 |       2 |     215 |       87 |     15 |   231 |    +1.1% | -299.792 |   -15122.5 |    220 | io_out_REG[0]$_DFF_P_/D
     2040 |       2 |     215 |       87 |     15 |   231 |    +1.1% | -299.792 |   -15122.5 |    219 | io_out_REG[0]$_DFF_P_/D
     2041 |       2 |     215 |       87 |     15 |   231 |    +1.1% | -299.792 |   -15122.5 |    219 | io_out_REG[0]$_DFF_P_/D
     2042 |       2 |     215 |       87 |     15 |   231 |    +1.1% | -299.792 |   -15122.5 |    218 | io_out_REG[0]$_DFF_P_/D
     2043 |       2 |     215 |       87 |     15 |   231 |    +1.1% | -299.792 |   -15122.5 |    217 | io_out_REG[0]$_DFF_P_/D
     2044 |       2 |     215 |       87 |     15 |   231 |    +1.1% | -299.792 |   -15122.5 |    216 | io_out_REG[0]$_DFF_P_/D
     2045 |       2 |     215 |       87 |     15 |   231 |    +1.1% | -299.792 |   -15122.5 |    215 | io_out_REG[0]$_DFF_P_/D
     2046 |       2 |     215 |       87 |     15 |   231 |    +1.1% | -299.792 |   -15122.5 |    214 | io_out_REG[0]$_DFF_P_/D
     2047 |       2 |     215 |       87 |     15 |   231 |    +1.1% | -299.792 |   -15122.5 |    213 | io_out_REG[0]$_DFF_P_/D
     2048 |       2 |     215 |       87 |     15 |   231 |    +1.1% | -299.792 |   -15122.5 |    212 | io_out_REG[0]$_DFF_P_/D
     2049 |       2 |     215 |       87 |     15 |   231 |    +1.1% | -299.792 |   -15122.5 |    211 | io_out_REG[0]$_DFF_P_/D
     2050 |       2 |     215 |       87 |     15 |   231 |    +1.1% | -299.792 |   -15122.5 |    211 | io_out_REG[0]$_DFF_P_/D
     2050 |       2 |     215 |       87 |     15 |   231 |    +1.1% | -299.792 |   -15122.5 |    210 | io_out_REG[0]$_DFF_P_/D
     2051 |       2 |     215 |       87 |     15 |   231 |    +1.1% | -299.792 |   -15122.5 |    209 | io_out_REG[0]$_DFF_P_/D
     2052 |       2 |     215 |       87 |     15 |   231 |    +1.1% | -299.792 |   -15122.5 |    208 | io_out_REG[0]$_DFF_P_/D
     2053 |       2 |     215 |       87 |     15 |   231 |    +1.1% | -299.792 |   -15122.5 |    207 | io_out_REG[0]$_DFF_P_/D
     2054 |       2 |     215 |       87 |     15 |   231 |    +1.1% | -299.792 |   -15122.5 |    206 | io_out_REG[0]$_DFF_P_/D
     2055 |       2 |     215 |       87 |     15 |   231 |    +1.1% | -299.792 |   -15122.5 |    205 | io_out_REG[0]$_DFF_P_/D
     2056 |       2 |     215 |       87 |     15 |   231 |    +1.1% | -299.792 |   -15122.5 |    204 | io_out_REG[0]$_DFF_P_/D
     2057 |       2 |     215 |       87 |     15 |   231 |    +1.1% | -299.792 |   -15122.5 |    203 | io_out_REG[0]$_DFF_P_/D
     2058 |       2 |     215 |       87 |     15 |   231 |    +1.1% | -299.792 |   -15122.5 |    202 | io_out_REG[0]$_DFF_P_/D
     2059 |       2 |     215 |       87 |     15 |   231 |    +1.1% | -299.792 |   -15122.5 |    201 | io_out_REG[0]$_DFF_P_/D
     2060 |       2 |     215 |       87 |     15 |   231 |    +1.1% | -299.792 |   -15122.5 |    201 | io_out_REG[0]$_DFF_P_/D
     2060 |       2 |     215 |       87 |     15 |   231 |    +1.1% | -299.792 |   -15122.5 |    200 | io_out_REG[0]$_DFF_P_/D
     2061 |       2 |     215 |       87 |     15 |   231 |    +1.1% | -299.792 |   -15122.5 |    199 | io_out_REG[0]$_DFF_P_/D
     2062 |       2 |     215 |       87 |     15 |   231 |    +1.1% | -299.792 |   -15122.5 |    198 | io_out_REG[0]$_DFF_P_/D
     2066 |       2 |     218 |       87 |     15 |   231 |    +1.1% | -299.792 |   -15107.9 |    196 | io_out_REG[0]$_DFF_P_/D
     2067 |       2 |     218 |       87 |     15 |   231 |    +1.1% | -299.792 |   -15107.9 |    195 | io_out_REG[0]$_DFF_P_/D
     2068 |       2 |     218 |       87 |     15 |   231 |    +1.1% | -299.792 |   -15107.9 |    194 | io_out_REG[0]$_DFF_P_/D
     2069 |       2 |     218 |       87 |     15 |   231 |    +1.1% | -299.792 |   -15107.9 |    193 | io_out_REG[0]$_DFF_P_/D
     2070 |       2 |     218 |       87 |     15 |   231 |    +1.1% | -299.792 |   -15107.9 |    193 | io_out_REG[0]$_DFF_P_/D
     2071 |       2 |     219 |       87 |     15 |   231 |    +1.1% | -299.792 |   -15107.3 |    191 | io_out_REG[0]$_DFF_P_/D
     2072 |       2 |     219 |       87 |     15 |   231 |    +1.1% | -299.792 |   -15107.3 |    190 | io_out_REG[0]$_DFF_P_/D
     2074 |       2 |     220 |       87 |     15 |   231 |    +1.1% | -299.792 |   -15106.8 |    188 | io_out_REG[0]$_DFF_P_/D
     2075 |       2 |     220 |       87 |     15 |   231 |    +1.1% | -299.792 |   -15106.8 |    187 | io_out_REG[0]$_DFF_P_/D
     2076 |       2 |     220 |       87 |     15 |   231 |    +1.1% | -299.792 |   -15106.8 |    186 | io_out_REG[0]$_DFF_P_/D
     2077 |       2 |     220 |       87 |     15 |   231 |    +1.1% | -299.792 |   -15106.8 |    185 | io_out_REG[0]$_DFF_P_/D
     2078 |       2 |     220 |       87 |     15 |   231 |    +1.1% | -299.792 |   -15106.8 |    184 | io_out_REG[0]$_DFF_P_/D
     2080 |       2 |     221 |       87 |     15 |   231 |    +1.1% | -299.792 |   -15106.7 |    183 | io_out_REG[0]$_DFF_P_/D
     2080 |       2 |     221 |       87 |     15 |   231 |    +1.1% | -299.792 |   -15106.7 |    182 | io_out_REG[0]$_DFF_P_/D
     2081 |       2 |     221 |       87 |     15 |   231 |    +1.1% | -299.792 |   -15106.7 |    181 | io_out_REG[0]$_DFF_P_/D
     2082 |       2 |     221 |       87 |     15 |   231 |    +1.1% | -299.792 |   -15106.7 |    180 | io_out_REG[0]$_DFF_P_/D
     2083 |       2 |     221 |       87 |     15 |   231 |    +1.1% | -299.792 |   -15106.7 |    180 | io_out_REG[0]$_DFF_P_/D
     2084 |       2 |     221 |       87 |     15 |   231 |    +1.1% | -299.792 |   -15106.7 |    179 | io_out_REG[0]$_DFF_P_/D
     2085 |       2 |     221 |       87 |     15 |   231 |    +1.1% | -299.792 |   -15106.7 |    178 | io_out_REG[0]$_DFF_P_/D
     2086 |       2 |     221 |       87 |     15 |   231 |    +1.1% | -299.792 |   -15106.7 |    177 | io_out_REG[0]$_DFF_P_/D
     2087 |       2 |     221 |       87 |     15 |   231 |    +1.1% | -299.792 |   -15106.7 |    176 | io_out_REG[0]$_DFF_P_/D
     2088 |       2 |     221 |       87 |     15 |   231 |    +1.1% | -299.792 |   -15106.7 |    175 | io_out_REG[0]$_DFF_P_/D
     2089 |       2 |     221 |       87 |     15 |   231 |    +1.1% | -299.792 |   -15106.7 |    174 | io_out_REG[0]$_DFF_P_/D
     2090 |       2 |     221 |       87 |     15 |   231 |    +1.1% | -299.792 |   -15106.7 |    174 | io_out_REG[0]$_DFF_P_/D
     2090 |       2 |     221 |       87 |     15 |   231 |    +1.1% | -299.792 |   -15106.7 |    173 | io_out_REG[0]$_DFF_P_/D
     2091 |       2 |     221 |       87 |     15 |   231 |    +1.1% | -299.792 |   -15106.7 |    172 | io_out_REG[0]$_DFF_P_/D
     2092 |       2 |     221 |       87 |     15 |   231 |    +1.1% | -299.792 |   -15106.7 |    171 | io_out_REG[0]$_DFF_P_/D
     2099 |       2 |     221 |       87 |     15 |   231 |    +1.1% | -299.792 |   -15106.7 |    171 | io_out_REG[0]$_DFF_P_/D
     2100 |       2 |     221 |       87 |     15 |   231 |    +1.1% | -299.792 |   -15106.7 |    171 | io_out_REG[0]$_DFF_P_/D
     2100 |       2 |     221 |       87 |     15 |   231 |    +1.1% | -299.792 |   -15106.7 |    170 | io_out_REG[0]$_DFF_P_/D
     2101 |       2 |     221 |       87 |     15 |   231 |    +1.1% | -299.792 |   -15106.7 |    169 | io_out_REG[0]$_DFF_P_/D
     2102 |       2 |     221 |       87 |     15 |   231 |    +1.1% | -299.792 |   -15106.7 |    168 | io_out_REG[0]$_DFF_P_/D
     2103 |       2 |     221 |       87 |     15 |   231 |    +1.1% | -299.792 |   -15106.7 |    167 | io_out_REG[0]$_DFF_P_/D
     2104 |       2 |     221 |       87 |     15 |   231 |    +1.1% | -299.792 |   -15106.7 |    166 | io_out_REG[0]$_DFF_P_/D
     2105 |       2 |     221 |       87 |     15 |   231 |    +1.1% | -299.792 |   -15106.7 |    165 | io_out_REG[0]$_DFF_P_/D
     2106 |       2 |     221 |       87 |     15 |   231 |    +1.1% | -299.792 |   -15106.7 |    164 | io_out_REG[0]$_DFF_P_/D
     2107 |       2 |     221 |       87 |     15 |   231 |    +1.1% | -299.792 |   -15106.7 |    163 | io_out_REG[0]$_DFF_P_/D
     2108 |       2 |     221 |       87 |     15 |   231 |    +1.1% | -299.792 |   -15106.7 |    162 | io_out_REG[0]$_DFF_P_/D
     2109 |       2 |     221 |       87 |     15 |   231 |    +1.1% | -299.792 |   -15106.7 |    161 | io_out_REG[0]$_DFF_P_/D
     2110 |       2 |     221 |       87 |     15 |   231 |    +1.1% | -299.792 |   -15106.7 |    161 | io_out_REG[0]$_DFF_P_/D
     2110 |       2 |     221 |       87 |     15 |   231 |    +1.1% | -299.792 |   -15106.7 |    160 | io_out_REG[0]$_DFF_P_/D
     2111 |       2 |     221 |       87 |     15 |   231 |    +1.1% | -299.792 |   -15106.7 |    159 | io_out_REG[0]$_DFF_P_/D
     2112 |       2 |     221 |       87 |     15 |   231 |    +1.1% | -299.792 |   -15106.7 |    158 | io_out_REG[0]$_DFF_P_/D
     2113 |       2 |     221 |       87 |     15 |   231 |    +1.1% | -299.792 |   -15106.7 |    157 | io_out_REG[0]$_DFF_P_/D
     2114 |       2 |     221 |       87 |     15 |   231 |    +1.1% | -299.792 |   -15106.7 |    156 | io_out_REG[0]$_DFF_P_/D
     2115 |       2 |     221 |       87 |     15 |   231 |    +1.1% | -299.792 |   -15106.7 |    155 | io_out_REG[0]$_DFF_P_/D
     2116 |       2 |     221 |       87 |     15 |   231 |    +1.1% | -299.792 |   -15106.7 |    154 | io_out_REG[0]$_DFF_P_/D
     2117 |       2 |     221 |       87 |     15 |   231 |    +1.1% | -299.792 |   -15106.7 |    153 | io_out_REG[0]$_DFF_P_/D
     2118 |       2 |     221 |       87 |     15 |   231 |    +1.1% | -299.792 |   -15106.7 |    152 | io_out_REG[0]$_DFF_P_/D
     2119 |       2 |     221 |       87 |     15 |   231 |    +1.1% | -299.792 |   -15106.7 |    151 | io_out_REG[0]$_DFF_P_/D
     2120 |       2 |     221 |       87 |     15 |   231 |    +1.1% | -299.792 |   -15106.7 |    151 | io_out_REG[0]$_DFF_P_/D
     2120 |       2 |     221 |       87 |     15 |   231 |    +1.1% | -299.792 |   -15106.7 |    150 | io_out_REG[0]$_DFF_P_/D
     2121 |       2 |     221 |       87 |     15 |   231 |    +1.1% | -299.792 |   -15106.7 |    149 | io_out_REG[0]$_DFF_P_/D
     2122 |       2 |     221 |       87 |     15 |   231 |    +1.1% | -299.792 |   -15106.7 |    148 | io_out_REG[0]$_DFF_P_/D
     2130 |       2 |     221 |       87 |     15 |   238 |    +1.1% | -299.792 |   -15110.2 |    148 | io_out_REG[0]$_DFF_P_/D
     2130 |       2 |     221 |       87 |     15 |   231 |    +1.1% | -299.792 |   -15106.7 |    148 | io_out_REG[0]$_DFF_P_/D
     2131 |       2 |     221 |       87 |     15 |   231 |    +1.1% | -299.792 |   -15106.7 |    147 | io_out_REG[0]$_DFF_P_/D
     2132 |       2 |     221 |       87 |     15 |   231 |    +1.1% | -299.792 |   -15106.7 |    146 | io_out_REG[0]$_DFF_P_/D
     2133 |       2 |     221 |       87 |     15 |   231 |    +1.1% | -299.792 |   -15106.7 |    145 | io_out_REG[0]$_DFF_P_/D
     2134 |       2 |     221 |       87 |     15 |   231 |    +1.1% | -299.792 |   -15106.7 |    144 | io_out_REG[0]$_DFF_P_/D
     2135 |       2 |     221 |       87 |     15 |   231 |    +1.1% | -299.792 |   -15106.7 |    143 | io_out_REG[0]$_DFF_P_/D
     2136 |       2 |     221 |       87 |     15 |   231 |    +1.1% | -299.792 |   -15106.7 |    142 | io_out_REG[0]$_DFF_P_/D
     2137 |       2 |     221 |       87 |     15 |   231 |    +1.1% | -299.792 |   -15106.7 |    141 | io_out_REG[0]$_DFF_P_/D
     2138 |       2 |     221 |       87 |     15 |   231 |    +1.1% | -299.792 |   -15106.7 |    140 | io_out_REG[0]$_DFF_P_/D
     2139 |       2 |     221 |       87 |     15 |   231 |    +1.1% | -299.792 |   -15106.7 |    139 | io_out_REG[0]$_DFF_P_/D
     2140 |       2 |     221 |       87 |     15 |   231 |    +1.1% | -299.792 |   -15106.7 |    139 | io_out_REG[0]$_DFF_P_/D
     2140 |       2 |     221 |       87 |     15 |   231 |    +1.1% | -299.792 |   -15106.7 |    138 | io_out_REG[0]$_DFF_P_/D
     2141 |       2 |     221 |       87 |     15 |   231 |    +1.1% | -299.792 |   -15106.7 |    137 | io_out_REG[0]$_DFF_P_/D
     2142 |       2 |     221 |       87 |     15 |   231 |    +1.1% | -299.792 |   -15106.7 |    136 | io_out_REG[0]$_DFF_P_/D
     2143 |       2 |     221 |       87 |     15 |   231 |    +1.1% | -299.792 |   -15106.7 |    135 | io_out_REG[0]$_DFF_P_/D
     2144 |       2 |     221 |       87 |     15 |   231 |    +1.1% | -299.792 |   -15106.7 |    134 | io_out_REG[0]$_DFF_P_/D
     2145 |       2 |     221 |       87 |     15 |   231 |    +1.1% | -299.792 |   -15106.7 |    133 | io_out_REG[0]$_DFF_P_/D
     2146 |       2 |     221 |       87 |     15 |   231 |    +1.1% | -299.792 |   -15106.7 |    132 | io_out_REG[0]$_DFF_P_/D
     2147 |       2 |     221 |       87 |     15 |   231 |    +1.1% | -299.792 |   -15106.7 |    131 | io_out_REG[0]$_DFF_P_/D
     2148 |       2 |     221 |       87 |     15 |   231 |    +1.1% | -299.792 |   -15106.7 |    130 | io_out_REG[0]$_DFF_P_/D
     2149 |       2 |     221 |       87 |     15 |   231 |    +1.1% | -299.792 |   -15106.7 |    129 | io_out_REG[0]$_DFF_P_/D
     2150 |       2 |     221 |       87 |     15 |   231 |    +1.1% | -299.792 |   -15106.7 |    129 | io_out_REG[0]$_DFF_P_/D
     2150 |       2 |     221 |       87 |     15 |   231 |    +1.1% | -299.792 |   -15106.7 |    128 | io_out_REG[0]$_DFF_P_/D
     2151 |       2 |     221 |       87 |     15 |   231 |    +1.1% | -299.792 |   -15106.7 |    127 | io_out_REG[0]$_DFF_P_/D
     2152 |       2 |     221 |       87 |     15 |   231 |    +1.1% | -299.792 |   -15106.7 |    126 | io_out_REG[0]$_DFF_P_/D
     2153 |       2 |     221 |       87 |     15 |   231 |    +1.1% | -299.792 |   -15106.7 |    125 | io_out_REG[0]$_DFF_P_/D
     2154 |       2 |     221 |       87 |     15 |   231 |    +1.1% | -299.792 |   -15106.7 |    124 | io_out_REG[0]$_DFF_P_/D
     2155 |       2 |     221 |       87 |     15 |   231 |    +1.1% | -299.792 |   -15106.7 |    123 | io_out_REG[0]$_DFF_P_/D
     2156 |       2 |     221 |       87 |     15 |   231 |    +1.1% | -299.792 |   -15106.7 |    122 | io_out_REG[0]$_DFF_P_/D
     2157 |       2 |     221 |       87 |     15 |   231 |    +1.1% | -299.792 |   -15106.7 |    121 | io_out_REG[0]$_DFF_P_/D
     2158 |       2 |     221 |       87 |     15 |   231 |    +1.1% | -299.792 |   -15106.7 |    120 | io_out_REG[0]$_DFF_P_/D
     2159 |       2 |     221 |       87 |     15 |   231 |    +1.1% | -299.792 |   -15106.7 |    119 | io_out_REG[0]$_DFF_P_/D
     2160 |       2 |     221 |       87 |     15 |   231 |    +1.1% | -299.792 |   -15106.7 |    119 | io_out_REG[0]$_DFF_P_/D
     2160 |       2 |     221 |       87 |     15 |   231 |    +1.1% | -299.792 |   -15106.7 |    118 | io_out_REG[0]$_DFF_P_/D
     2163 |       2 |     223 |       87 |     15 |   231 |    +1.1% | -299.792 |   -15099.6 |    116 | io_out_REG[0]$_DFF_P_/D
     2164 |       2 |     223 |       87 |     15 |   231 |    +1.1% | -299.792 |   -15099.6 |    115 | io_out_REG[0]$_DFF_P_/D
     2165 |       2 |     223 |       87 |     15 |   231 |    +1.1% | -299.792 |   -15099.6 |    114 | io_out_REG[0]$_DFF_P_/D
     2166 |       2 |     223 |       87 |     15 |   231 |    +1.1% | -299.792 |   -15099.6 |    113 | io_out_REG[0]$_DFF_P_/D
     2167 |       2 |     223 |       87 |     15 |   231 |    +1.1% | -299.792 |   -15099.6 |    112 | io_out_REG[0]$_DFF_P_/D
     2168 |       2 |     223 |       87 |     15 |   231 |    +1.1% | -299.792 |   -15099.6 |    111 | io_out_REG[0]$_DFF_P_/D
     2169 |       2 |     223 |       87 |     15 |   231 |    +1.1% | -299.792 |   -15099.6 |    110 | io_out_REG[0]$_DFF_P_/D
     2170 |       2 |     223 |       87 |     15 |   231 |    +1.1% | -299.792 |   -15099.6 |    110 | io_out_REG[0]$_DFF_P_/D
     2170 |       2 |     223 |       87 |     15 |   231 |    +1.1% | -299.792 |   -15099.6 |    109 | io_out_REG[0]$_DFF_P_/D
     2171 |       2 |     223 |       87 |     15 |   231 |    +1.1% | -299.792 |   -15099.6 |    108 | io_out_REG[0]$_DFF_P_/D
     2172 |       2 |     223 |       87 |     15 |   231 |    +1.1% | -299.792 |   -15099.6 |    107 | io_out_REG[0]$_DFF_P_/D
     2173 |       2 |     223 |       87 |     15 |   231 |    +1.1% | -299.792 |   -15099.6 |    106 | io_out_REG[0]$_DFF_P_/D
     2174 |       2 |     223 |       87 |     15 |   231 |    +1.1% | -299.792 |   -15099.6 |    105 | io_out_REG[0]$_DFF_P_/D
    2175* |       2 |     223 |       87 |     15 |   231 |    +1.1% | -299.792 |   -15099.6 |    139 | io_out_REG[0]$_DFF_P_/D
    2176* |       2 |     223 |       87 |     15 |   231 |    +1.1% | -299.792 |   -15099.6 |    139 | io_out_REG[0]$_DFF_P_/D
    2177* |       2 |     223 |       87 |     15 |   231 |    +1.1% | -299.792 |   -15099.6 |    139 | io_out_REG[0]$_DFF_P_/D
    2178* |       2 |     223 |       87 |     15 |   231 |    +1.1% | -299.792 |   -15099.6 |    139 | io_out_REG[0]$_DFF_P_/D
    2179* |       2 |     223 |       87 |     15 |   231 |    +1.1% | -299.792 |   -15099.6 |    139 | io_out_REG[0]$_DFF_P_/D
    2180* |       2 |     223 |       87 |     15 |   231 |    +1.1% | -299.792 |   -15099.6 |    139 | io_out_REG[0]$_DFF_P_/D
    2180* |       2 |     223 |       87 |     15 |   231 |    +1.1% | -299.792 |   -15099.6 |    139 | io_out_REG[0]$_DFF_P_/D
    2181* |       2 |     223 |       87 |     15 |   231 |    +1.1% | -299.792 |   -15099.6 |    139 | io_out_REG[0]$_DFF_P_/D
    2182* |       2 |     223 |       87 |     15 |   231 |    +1.1% | -299.792 |   -15099.6 |    139 | io_out_REG[0]$_DFF_P_/D
    2183* |       2 |     223 |       87 |     15 |   231 |    +1.1% | -299.792 |   -15099.6 |    139 | io_out_REG[0]$_DFF_P_/D
    2184* |       2 |     223 |       87 |     15 |   231 |    +1.1% | -299.792 |   -15099.6 |    139 | io_out_REG[0]$_DFF_P_/D
    2185* |       2 |     223 |       87 |     15 |   231 |    +1.1% | -299.792 |   -15099.6 |    139 | io_out_REG[0]$_DFF_P_/D
    2186* |       2 |     223 |       87 |     15 |   231 |    +1.1% | -299.792 |   -15099.6 |    139 | io_out_REG[0]$_DFF_P_/D
    2188* |       2 |     223 |       87 |     15 |   232 |    +1.1% | -299.792 |   -15097.3 |    139 | io_out_REG[0]$_DFF_P_/D
    2189* |       2 |     223 |       87 |     15 |   232 |    +1.1% | -299.792 |   -15097.3 |    139 | io_out_REG[0]$_DFF_P_/D
    2190* |       2 |     223 |       87 |     15 |   232 |    +1.1% | -299.792 |   -15097.3 |    139 | io_out_REG[0]$_DFF_P_/D
    2190* |       2 |     223 |       87 |     15 |   232 |    +1.1% | -299.792 |   -15097.3 |    139 | io_out_REG[0]$_DFF_P_/D
    2191* |       2 |     223 |       87 |     15 |   232 |    +1.1% | -299.792 |   -15097.3 |    139 | io_out_REG[0]$_DFF_P_/D
    2192* |       2 |     223 |       87 |     15 |   232 |    +1.1% | -299.792 |   -15097.3 |    139 | io_out_REG[0]$_DFF_P_/D
    2193* |       2 |     223 |       87 |     15 |   232 |    +1.1% | -299.792 |   -15097.3 |    139 | io_out_REG[0]$_DFF_P_/D
    2194* |       2 |     223 |       87 |     15 |   232 |    +1.1% | -299.792 |   -15097.3 |    139 | io_out_REG[0]$_DFF_P_/D
    2195* |       2 |     223 |       87 |     15 |   232 |    +1.1% | -299.792 |   -15097.3 |    139 | io_out_REG[0]$_DFF_P_/D
    2196* |       2 |     223 |       87 |     15 |   232 |    +1.1% | -299.792 |   -15097.3 |    139 | io_out_REG[0]$_DFF_P_/D
    2197* |       2 |     223 |       87 |     15 |   232 |    +1.1% | -299.792 |   -15097.3 |    139 | io_out_REG[0]$_DFF_P_/D
    2198* |       2 |     223 |       87 |     15 |   232 |    +1.1% | -299.792 |   -15097.3 |    139 | io_out_REG[0]$_DFF_P_/D
    2199* |       2 |     223 |       87 |     15 |   232 |    +1.1% | -299.792 |   -15097.3 |    139 | io_out_REG[0]$_DFF_P_/D
    2200* |       2 |     223 |       87 |     15 |   232 |    +1.1% | -299.792 |   -15097.3 |    139 | io_out_REG[0]$_DFF_P_/D
    2201* |       2 |     223 |       87 |     15 |   232 |    +1.1% | -299.792 |   -15097.3 |    139 | io_out_REG[0]$_DFF_P_/D
    2202* |       2 |     223 |       87 |     15 |   232 |    +1.1% | -299.792 |   -15097.3 |    139 | io_out_REG[0]$_DFF_P_/D
    2203* |       2 |     223 |       87 |     15 |   232 |    +1.1% | -299.792 |   -15097.3 |    139 | io_out_REG[0]$_DFF_P_/D
    2204* |       2 |     223 |       87 |     15 |   232 |    +1.1% | -299.792 |   -15097.3 |    139 | io_out_REG[0]$_DFF_P_/D
    2205* |       2 |     223 |       87 |     15 |   232 |    +1.1% | -299.792 |   -15097.3 |    139 | io_out_REG[0]$_DFF_P_/D
    2206* |       2 |     223 |       87 |     15 |   232 |    +1.1% | -299.792 |   -15097.3 |    139 | io_out_REG[0]$_DFF_P_/D
    2207* |       2 |     223 |       87 |     15 |   232 |    +1.1% | -299.792 |   -15097.3 |    139 | io_out_REG[0]$_DFF_P_/D
    2208* |       2 |     223 |       87 |     15 |   232 |    +1.1% | -299.792 |   -15097.3 |    139 | io_out_REG[0]$_DFF_P_/D
    2209* |       2 |     223 |       87 |     15 |   232 |    +1.1% | -299.792 |   -15097.3 |    139 | io_out_REG[0]$_DFF_P_/D
    2210* |       2 |     223 |       87 |     15 |   232 |    +1.1% | -299.792 |   -15097.3 |    139 | io_out_REG[0]$_DFF_P_/D
    2210* |       2 |     223 |       87 |     15 |   232 |    +1.1% | -299.792 |   -15097.3 |    139 | io_out_REG[0]$_DFF_P_/D
    2211* |       2 |     223 |       87 |     15 |   232 |    +1.1% | -299.792 |   -15097.3 |    139 | io_out_REG[0]$_DFF_P_/D
    2212* |       2 |     223 |       87 |     15 |   232 |    +1.1% | -299.792 |   -15097.3 |    139 | io_out_REG[0]$_DFF_P_/D
    2213* |       2 |     223 |       87 |     15 |   232 |    +1.1% | -299.792 |   -15097.3 |    139 | io_out_REG[0]$_DFF_P_/D
    2214* |       2 |     223 |       87 |     15 |   232 |    +1.1% | -299.792 |   -15097.3 |    139 | io_out_REG[0]$_DFF_P_/D
    2215* |       2 |     223 |       87 |     15 |   232 |    +1.1% | -299.792 |   -15097.3 |    139 | io_out_REG[0]$_DFF_P_/D
    2216* |       2 |     223 |       87 |     15 |   232 |    +1.1% | -299.792 |   -15097.3 |    139 | io_out_REG[0]$_DFF_P_/D
    2217* |       2 |     223 |       87 |     15 |   232 |    +1.1% | -299.792 |   -15097.3 |    139 | io_out_REG[0]$_DFF_P_/D
    2218* |       2 |     223 |       87 |     15 |   232 |    +1.1% | -299.792 |   -15097.3 |    139 | io_out_REG[0]$_DFF_P_/D
    2220* |       2 |     224 |       87 |     15 |   232 |    +1.1% | -299.792 |   -15095.5 |    139 | io_out_REG[0]$_DFF_P_/D
    2220* |       2 |     224 |       87 |     15 |   232 |    +1.1% | -299.792 |   -15095.5 |    139 | io_out_REG[0]$_DFF_P_/D
    2222* |       2 |     225 |       87 |     15 |   232 |    +1.1% | -299.792 |   -15088.7 |    139 | io_out_REG[0]$_DFF_P_/D
    2224* |       2 |     226 |       87 |     15 |   232 |    +1.1% | -299.792 |   -15085.1 |    139 | io_out_REG[0]$_DFF_P_/D
    2225* |       2 |     226 |       87 |     15 |   232 |    +1.1% | -299.792 |   -15085.1 |    139 | io_out_REG[0]$_DFF_P_/D
    2226* |       2 |     226 |       87 |     15 |   232 |    +1.1% | -299.792 |   -15085.1 |    139 | io_out_REG[0]$_DFF_P_/D
    2228* |       2 |     227 |       87 |     15 |   232 |    +1.1% | -299.792 |   -15076.2 |    139 | io_out_REG[0]$_DFF_P_/D
    2229* |       2 |     227 |       87 |     15 |   232 |    +1.1% | -299.792 |   -15076.2 |    139 | io_out_REG[0]$_DFF_P_/D
    2230* |       2 |     227 |       87 |     15 |   232 |    +1.1% | -299.792 |   -15076.2 |    139 | io_out_REG[0]$_DFF_P_/D
    2230* |       2 |     227 |       87 |     15 |   232 |    +1.1% | -299.792 |   -15076.2 |    139 | io_out_REG[0]$_DFF_P_/D
    2231* |       2 |     227 |       87 |     15 |   232 |    +1.1% | -299.792 |   -15076.2 |    139 | io_out_REG[0]$_DFF_P_/D
    2233* |       2 |     228 |       87 |     15 |   232 |    +1.1% | -299.792 |   -15075.7 |    139 | io_out_REG[0]$_DFF_P_/D
    2234* |       2 |     228 |       87 |     15 |   232 |    +1.1% | -299.792 |   -15075.7 |    139 | io_out_REG[0]$_DFF_P_/D
    2235* |       2 |     228 |       87 |     15 |   232 |    +1.1% | -299.792 |   -15075.7 |    139 | io_out_REG[0]$_DFF_P_/D
    2240* |       2 |     232 |       87 |     15 |   232 |    +1.1% | -299.792 |   -15064.9 |    139 | io_out_REG[0]$_DFF_P_/D
    2243* |       2 |     234 |       87 |     15 |   233 |    +1.1% | -299.792 |   -15064.1 |    139 | io_out_REG[0]$_DFF_P_/D
    2246* |       2 |     236 |       87 |     15 |   233 |    +1.1% | -299.792 |   -15060.2 |    139 | io_out_REG[0]$_DFF_P_/D
    2247* |       2 |     236 |       87 |     15 |   233 |    +1.1% | -299.792 |   -15060.2 |    139 | io_out_REG[0]$_DFF_P_/D
    2248* |       2 |     236 |       87 |     15 |   233 |    +1.1% | -299.792 |   -15060.2 |    139 | io_out_REG[0]$_DFF_P_/D
    2250* |       2 |     236 |       87 |     15 |   234 |    +1.1% | -299.792 |   -15058.3 |    139 | io_out_REG[0]$_DFF_P_/D
    2252* |       2 |     238 |       87 |     15 |   234 |    +1.1% | -299.792 |   -15051.1 |    139 | io_out_REG[0]$_DFF_P_/D
    2255* |       2 |     240 |       87 |     15 |   234 |    +1.1% | -299.792 |   -15048.7 |    139 | io_out_REG[0]$_DFF_P_/D
    2259* |       2 |     243 |       87 |     15 |   234 |    +1.1% | -299.792 |   -15045.8 |    139 | io_out_REG[0]$_DFF_P_/D
    2260* |       2 |     243 |       87 |     15 |   234 |    +1.1% | -299.792 |   -15045.8 |    139 | io_out_REG[0]$_DFF_P_/D
    2264* |       2 |     247 |       87 |     15 |   234 |    +1.1% | -299.792 |   -15044.5 |    139 | io_out_REG[0]$_DFF_P_/D
    2267* |       2 |     249 |       87 |     15 |   234 |    +1.1% | -299.792 |   -15042.0 |    139 | io_out_REG[0]$_DFF_P_/D
    2268* |       2 |     249 |       87 |     15 |   234 |    +1.1% | -299.792 |   -15042.0 |    139 | io_out_REG[0]$_DFF_P_/D
    2269* |       2 |     249 |       87 |     15 |   234 |    +1.1% | -299.792 |   -15042.0 |    139 | io_out_REG[0]$_DFF_P_/D
    2270* |       2 |     249 |       87 |     15 |   234 |    +1.1% | -299.792 |   -15042.0 |    139 | io_out_REG[0]$_DFF_P_/D
    2270* |       2 |     249 |       87 |     15 |   234 |    +1.1% | -299.792 |   -15042.0 |    139 | io_out_REG[0]$_DFF_P_/D
    2271* |       2 |     249 |       87 |     15 |   234 |    +1.1% | -299.792 |   -15042.0 |    139 | io_out_REG[0]$_DFF_P_/D
    2272* |       2 |     249 |       87 |     15 |   234 |    +1.1% | -299.792 |   -15042.0 |    139 | io_out_REG[0]$_DFF_P_/D
    2273* |       2 |     249 |       87 |     15 |   234 |    +1.1% | -299.792 |   -15042.0 |    139 | io_out_REG[0]$_DFF_P_/D
    2274* |       2 |     249 |       87 |     15 |   234 |    +1.1% | -299.792 |   -15042.0 |    139 | io_out_REG[0]$_DFF_P_/D
    2275* |       2 |     249 |       87 |     15 |   234 |    +1.1% | -299.792 |   -15042.0 |    139 | io_out_REG[0]$_DFF_P_/D
    2276* |       2 |     249 |       87 |     15 |   234 |    +1.1% | -299.792 |   -15042.0 |    139 | io_out_REG[0]$_DFF_P_/D
    2277* |       2 |     249 |       87 |     15 |   234 |    +1.1% | -299.792 |   -15042.0 |    139 | io_out_REG[0]$_DFF_P_/D
    2278* |       2 |     249 |       87 |     15 |   234 |    +1.1% | -299.792 |   -15042.0 |    139 | io_out_REG[0]$_DFF_P_/D
    2279* |       2 |     249 |       87 |     15 |   234 |    +1.1% | -299.792 |   -15042.0 |    139 | io_out_REG[0]$_DFF_P_/D
    2280* |       2 |     249 |       87 |     15 |   234 |    +1.1% | -299.792 |   -15042.0 |    139 | io_out_REG[0]$_DFF_P_/D
    2280* |       2 |     249 |       87 |     15 |   234 |    +1.1% | -299.792 |   -15042.0 |    139 | io_out_REG[0]$_DFF_P_/D
    2281* |       2 |     249 |       87 |     15 |   234 |    +1.1% | -299.792 |   -15042.0 |    139 | io_out_REG[0]$_DFF_P_/D
    2282* |       2 |     249 |       87 |     15 |   234 |    +1.1% | -299.792 |   -15042.0 |    139 | io_out_REG[0]$_DFF_P_/D
    2283* |       2 |     249 |       87 |     15 |   234 |    +1.1% | -299.792 |   -15042.0 |    139 | io_out_REG[0]$_DFF_P_/D
    2284* |       2 |     249 |       87 |     15 |   234 |    +1.1% | -299.792 |   -15042.0 |    139 | io_out_REG[0]$_DFF_P_/D
    2285* |       2 |     249 |       87 |     15 |   234 |    +1.1% | -299.792 |   -15042.0 |    139 | io_out_REG[0]$_DFF_P_/D
    2286* |       2 |     249 |       87 |     15 |   234 |    +1.1% | -299.792 |   -15042.0 |    139 | io_out_REG[0]$_DFF_P_/D
    2287* |       2 |     249 |       87 |     15 |   234 |    +1.1% | -299.792 |   -15042.0 |    139 | io_out_REG[0]$_DFF_P_/D
    2288* |       2 |     249 |       87 |     15 |   234 |    +1.1% | -299.792 |   -15042.0 |    139 | io_out_REG[0]$_DFF_P_/D
    2289* |       2 |     249 |       87 |     15 |   234 |    +1.1% | -299.792 |   -15042.0 |    139 | io_out_REG[0]$_DFF_P_/D
    2290* |       2 |     249 |       87 |     15 |   234 |    +1.1% | -299.792 |   -15042.0 |    139 | io_out_REG[0]$_DFF_P_/D
    2290* |       2 |     249 |       87 |     15 |   234 |    +1.1% | -299.792 |   -15042.0 |    139 | io_out_REG[0]$_DFF_P_/D
    2291* |       2 |     249 |       87 |     15 |   234 |    +1.1% | -299.792 |   -15042.0 |    139 | io_out_REG[0]$_DFF_P_/D
    2292* |       2 |     249 |       87 |     15 |   234 |    +1.1% | -299.792 |   -15042.0 |    139 | io_out_REG[0]$_DFF_P_/D
    2293* |       2 |     249 |       87 |     15 |   234 |    +1.1% | -299.792 |   -15042.0 |    139 | io_out_REG[0]$_DFF_P_/D
    2294* |       2 |     249 |       87 |     15 |   234 |    +1.1% | -299.792 |   -15042.0 |    139 | io_out_REG[0]$_DFF_P_/D
    2295* |       2 |     249 |       87 |     15 |   234 |    +1.1% | -299.792 |   -15042.0 |    139 | io_out_REG[0]$_DFF_P_/D
    2296* |       2 |     249 |       87 |     15 |   234 |    +1.1% | -299.792 |   -15042.0 |    139 | io_out_REG[0]$_DFF_P_/D
    2297* |       2 |     249 |       87 |     15 |   234 |    +1.1% | -299.792 |   -15042.0 |    139 | io_out_REG[0]$_DFF_P_/D
    2298* |       2 |     249 |       87 |     15 |   234 |    +1.1% | -299.792 |   -15042.0 |    139 | io_out_REG[0]$_DFF_P_/D
    2299* |       2 |     249 |       87 |     15 |   234 |    +1.1% | -299.792 |   -15042.0 |    139 | io_out_REG[0]$_DFF_P_/D
    2300* |       2 |     249 |       87 |     15 |   234 |    +1.1% | -299.792 |   -15042.0 |    139 | io_out_REG[0]$_DFF_P_/D
    final |       2 |     249 |       87 |     15 |   234 |    +1.1% | -299.792 |   -15042.0 |    139 | io_out_REG[0]$_DFF_P_/D
--------------------------------------------------------------------------------------------------------------
[INFO RSZ-0059] Removed 2 buffers.
[INFO RSZ-0045] Inserted 87 buffers, 1 to split loads.
[INFO RSZ-0051] Resized 249 instances: 249 up, 0 up match, 0 down, 0 VT
[INFO RSZ-0043] Swapped pins on 234 instances.
[INFO RSZ-0049] Cloned 15 instances.
[WARNING RSZ-0062] Unable to repair all setup violations.
[INFO RSZ-0033] No hold violations found.
Took 21 seconds: repair_timing -setup_margin 0 -hold_margin 0 -repair_tns 100 -verbose
[INFO DPL-0005] Max displacement: +/- 500 sites horizontally, +/- 100 rows vertically.
Movements Summary
---------------------------------------
Total cells:                   11645
Diamond Move Success:          11645 (100.00%)
Diamond Move Failure:              0
Rip-up and replace Success:        0 (  0.00% of diamond failures)
Rip-up and replace Failure:        0
Total Placement Failures:          0
---------------------------------------
Placement Analysis
---------------------------------
total displacement        221.5 u
average displacement        0.0 u
max displacement            2.0 u
original HPWL           39889.9 u
legalized HPWL          40064.9 u
delta HPWL                    0 %

Report metrics stage 4, cts final...

==========================================================================
cts final report_design_area
--------------------------------------------------------------------------
Design area 1590 um^2 56% utilization.
write_db ./results/asap7/mock-alu/modified_alpha_67-beta_0.1/4_1_cts.odb
write_sdc -no_timestamp ./results/asap7/mock-alu/modified_alpha_67-beta_0.1/4_cts.sdc
Elapsed time: 0:24.42[h:]min:sec. CPU time: user 56.76 sys 27.54 (345%). Peak memory: 298752KB.
Log                        Elapsed/s Peak Memory/MB  sha1sum .odb [0:20)
4_1_cts                           24            291 79fab04f545ff26cd13c
