OpenROAD 843a08803f27d34a8dee7637ed89fc9bb87aebfb 
Features included (+) or not (-): +GPU +GUI +Python
This program is licensed under the BSD-3 license. See the LICENSE file for details.
Components of this program may be licensed under more restrictive licenses which must be honored.
[INFO ORD-0030] Using 32 thread(s).
source /home/lucast/workspace/OR-flow-TCC/flow/platforms/asap7/liberty_suppressions.tcl
read_liberty /home/lucast/workspace/OR-flow-TCC/flow/platforms/asap7/lib/NLDM/asap7sc7p5t_AO_RVT_FF_nldm_211120.lib.gz
read_liberty /home/lucast/workspace/OR-flow-TCC/flow/platforms/asap7/lib/NLDM/asap7sc7p5t_INVBUF_RVT_FF_nldm_220122.lib.gz
read_liberty /home/lucast/workspace/OR-flow-TCC/flow/platforms/asap7/lib/NLDM/asap7sc7p5t_OA_RVT_FF_nldm_211120.lib.gz
read_liberty /home/lucast/workspace/OR-flow-TCC/flow/platforms/asap7/lib/NLDM/asap7sc7p5t_SIMPLE_RVT_FF_nldm_211120.lib.gz
read_liberty /home/lucast/workspace/OR-flow-TCC/flow/platforms/asap7/lib/NLDM/asap7sc7p5t_SEQ_RVT_FF_nldm_220123.lib
read_liberty /home/lucast/workspace/OR-flow-TCC/flow/platforms/asap7/lib/NLDM/fakeram7_256x32.lib
read_liberty /home/lucast/workspace/OR-flow-TCC/flow/platforms/asap7/lib/NLDM/asap7sc7p5t_DFFHQNH2V2X_RVT_TT_nldm_FAKE.lib
read_liberty /home/lucast/workspace/OR-flow-TCC/flow/platforms/asap7/lib/NLDM/asap7sc7p5t_DFFHQNV2X_RVT_TT_nldm_FAKE.lib
read_db -hier ./results/asap7/riscv32i/baseline_alpha_8-beta_0.1-run5/4_cts.odb
[WARNING ORD-0012] Hierarchical flow (-hier) is currently in development and may cause multiple issues. Do not use in production environments.
source /home/lucast/workspace/OR-flow-TCC/flow/platforms/asap7/setRC.tcl
pin_access
[INFO DRT-0149] Reading tech and libs.

Units:                1000
Number of layers:     21
Number of macros:     231
Number of vias:       15
Number of viarulegen: 11

[INFO DRT-0150] Reading design.
[WARNING DRT-0120] Large net net2406 has 106 pins which may impact routing performance. Consider optimization.

Design:                   riscv_top
Die area:                 ( 0 0 ) ( 73373 73373 )
Number of track patterns: 32
Number of DEF vias:       0
Number of components:     10006
Number of terminals:      137
Number of snets:          2
Number of nets:           10555

[INFO DRT-0167] List of default vias:
  Layer V2
    default via: VIA23
  Layer V3
    default via: VIA34
  Layer V4
    default via: VIA45
  Layer V5
    default via: VIA56
  Layer V6
    default via: VIA67
  Layer V7
    default via: VIA78
  Layer V8
    default via: VIA89
  Layer V9
    default via: VIA9Pad
[INFO DRT-0162] Library cell analysis.
[INFO DRT-0163] Instance analysis.
[INFO DRT-0164] Number of unique instances = 254.
[INFO DRT-0168] Init region query.
[INFO DRT-0024]   Complete Active.
[INFO DRT-0024]   Complete V0.
[INFO DRT-0024]   Complete M1.
[INFO DRT-0024]   Complete V1.
[INFO DRT-0024]   Complete M2.
[INFO DRT-0024]   Complete V2.
[INFO DRT-0024]   Complete M3.
[INFO DRT-0024]   Complete V3.
[INFO DRT-0024]   Complete M4.
[INFO DRT-0024]   Complete V4.
[INFO DRT-0024]   Complete M5.
[INFO DRT-0024]   Complete V5.
[INFO DRT-0024]   Complete M6.
[INFO DRT-0024]   Complete V6.
[INFO DRT-0024]   Complete M7.
[INFO DRT-0024]   Complete V7.
[INFO DRT-0024]   Complete M8.
[INFO DRT-0024]   Complete V8.
[INFO DRT-0024]   Complete M9.
[INFO DRT-0024]   Complete V9.
[INFO DRT-0024]   Complete Pad.
[INFO DRT-0033] Active shape region query size = 0.
[INFO DRT-0033] V0 shape region query size = 0.
[INFO DRT-0033] M1 shape region query size = 176963.
[INFO DRT-0033] V1 shape region query size = 189697.
[INFO DRT-0033] M2 shape region query size = 5732.
[INFO DRT-0033] V2 shape region query size = 4347.
[INFO DRT-0033] M3 shape region query size = 4099.
[INFO DRT-0033] V3 shape region query size = 2562.
[INFO DRT-0033] M4 shape region query size = 4021.
[INFO DRT-0033] V4 shape region query size = 3937.
[INFO DRT-0033] M5 shape region query size = 2443.
[INFO DRT-0033] V5 shape region query size = 576.
[INFO DRT-0033] M6 shape region query size = 336.
[INFO DRT-0033] V6 shape region query size = 0.
[INFO DRT-0033] M7 shape region query size = 0.
[INFO DRT-0033] V7 shape region query size = 0.
[INFO DRT-0033] M8 shape region query size = 0.
[INFO DRT-0033] V8 shape region query size = 0.
[INFO DRT-0033] M9 shape region query size = 0.
[INFO DRT-0033] V9 shape region query size = 0.
[INFO DRT-0033] Pad shape region query size = 0.
[INFO DRT-0165] Start pin access.
[INFO DRT-0076]   Complete 1000 pins.
[INFO DRT-0078]   Complete 1751 pins.
[INFO DRT-0079]   Complete 100 unique inst patterns.
[INFO DRT-0079]   Complete 200 unique inst patterns.
[INFO DRT-0081]   Complete 251 unique inst patterns.
[INFO DRT-0084]   Complete 5436 groups.
#scanned instances     = 10006
#unique  instances     = 254
#stdCellGenAp          = 8216
#stdCellValidPlanarAp  = 68
#stdCellValidViaAp     = 6474
#stdCellPinNoAp        = 0
#stdCellPinCnt         = 35097
#instTermValidViaApCnt = 0
#macroGenAp            = 225
#macroValidPlanarAp    = 225
#macroValidViaAp       = 0
#macroNoAp             = 0
[INFO DRT-0166] Complete pin access.
[INFO DRT-0267] cpu time = 00:06:09, elapsed time = 00:00:16, memory = 269.95 (MB), peak = 265.71 (MB)
Took 16 seconds: pin_access
global_route -congestion_report_file ./reports/asap7/riscv32i/baseline_alpha_8-beta_0.1-run5/congestion.rpt -congestion_iterations 30 -congestion_report_iter_step 5 -verbose
[INFO GRT-0020] Min routing layer: M2
[INFO GRT-0021] Max routing layer: M7
[INFO GRT-0022] Global adjustment: 0%
[INFO GRT-0023] Grid origin: (0, 0)
[INFO GRT-0088] Layer M1      Track-Pitch = 0.0360  line-2-Via Pitch: 0.0360
[INFO GRT-0088] Layer M2      Track-Pitch = 0.0390  line-2-Via Pitch: 0.0360
[INFO GRT-0088] Layer M3      Track-Pitch = 0.0360  line-2-Via Pitch: 0.0360
[INFO GRT-0088] Layer M4      Track-Pitch = 0.0480  line-2-Via Pitch: 0.0480
[INFO GRT-0088] Layer M5      Track-Pitch = 0.0480  line-2-Via Pitch: 0.0480
[INFO GRT-0088] Layer M6      Track-Pitch = 0.0640  line-2-Via Pitch: 0.0640
[INFO GRT-0088] Layer M7      Track-Pitch = 0.0640  line-2-Via Pitch: 0.0640
[INFO GRT-0003] Macros: 4
[INFO GRT-0004] Blockages: 3276
[INFO GRT-0019] Found 45 clock nets.
[INFO GRT-0001] Minimum degree: 2
[INFO GRT-0002] Maximum degree: 106

[INFO GRT-0053] Routing resources analysis:
          Routing      Original      Derated      Resource
Layer     Direction    Resources     Resources    Reduction (%)
---------------------------------------------------------------
M1         Vertical            0             0          0.00%
M2         Horizontal     159088        115047          27.68%
M3         Vertical       183793        136638          25.66%
M4         Horizontal     140478        104792          25.40%
M5         Vertical       159929        116848          26.94%
M6         Horizontal     131556         89180          32.21%
M7         Vertical       145542         98171          32.55%
---------------------------------------------------------------

[INFO GRT-0197] Via related to pin nodes: 66556
[INFO GRT-0198] Via related Steiner nodes: 2421
[INFO GRT-0199] Via filling finished.
[INFO GRT-0111] Final number of vias: 87729
[INFO GRT-0112] Final usage 3D: 361755

[INFO GRT-0096] Final congestion report:
Layer         Resource        Demand        Usage (%)    Max H / Max V / Total Overflow
---------------------------------------------------------------------------------------
M1                   0             0            0.00%             0 /  0 /  0
M2              115047         29983           26.06%             0 /  0 /  0
M3              136638         36096           26.42%             0 /  0 /  0
M4              104792         14531           13.87%             0 /  0 /  0
M5              116848         10666            9.13%             0 /  0 /  0
M6               89180          6699            7.51%             0 /  0 /  0
M7               98171           593            0.60%             0 /  0 /  0
---------------------------------------------------------------------------------------
Total           660676         98568           14.92%             0 /  0 /  0

[INFO GRT-0018] Total wirelength: 74028 um
[INFO GRT-0014] Routed nets: 10514
[INFO GRT-0303] Global routing runtime = 00:00:00
estimate_parasitics -global_routing
Perform buffer insertion and gate resizing...
repair_design -verbose
Iteration |   Area    | Resized | Buffers | Nets repaired | Remaining
---------------------------------------------------------------------
        0 |     +0.0% |       0 |       0 |             0 |     10576
     1000 |     +0.0% |       0 |       0 |             0 |      9576
     2000 |     +0.0% |       0 |       0 |             0 |      8576
[WARNING RSZ-0104] Net _01127_ only has one pin. Check if it is intended to be dangling.
[WARNING RSZ-0104] Net _01155_ only has one pin. Check if it is intended to be dangling.
[WARNING RSZ-0104] Net _01123_ only has one pin. Check if it is intended to be dangling.
[WARNING RSZ-0104] Net _01199_ only has one pin. Check if it is intended to be dangling.
[WARNING RSZ-0104] Net _01187_ only has one pin. Check if it is intended to be dangling.
[WARNING RSZ-0104] Net _01183_ only has one pin. Check if it is intended to be dangling.
[WARNING RSZ-0104] Net _01171_ only has one pin. Check if it is intended to be dangling.
[WARNING RSZ-0104] Net _01167_ only has one pin. Check if it is intended to be dangling.
[WARNING RSZ-0104] Net _01163_ only has one pin. Check if it is intended to be dangling.
[WARNING RSZ-0104] Net _01159_ only has one pin. Check if it is intended to be dangling.
[WARNING RSZ-0104] Net _01139_ only has one pin. Check if it is intended to be dangling.
[WARNING RSZ-0104] Net _01135_ only has one pin. Check if it is intended to be dangling.
[WARNING RSZ-0104] Net _01119_ only has one pin. Check if it is intended to be dangling.
[WARNING RSZ-0104] Net _01107_ only has one pin. Check if it is intended to be dangling.
[WARNING RSZ-0104] Net _01103_ only has one pin. Check if it is intended to be dangling.
[WARNING RSZ-0104] Net _01099_ only has one pin. Check if it is intended to be dangling.
[WARNING RSZ-0104] Net _01095_ only has one pin. Check if it is intended to be dangling.
[WARNING RSZ-0104] Net _01091_ only has one pin. Check if it is intended to be dangling.
[WARNING RSZ-0104] Net _01083_ only has one pin. Check if it is intended to be dangling.
[WARNING RSZ-0104] Net _01079_ only has one pin. Check if it is intended to be dangling.
[WARNING RSZ-0104] Net _01075_ only has one pin. Check if it is intended to be dangling.
     3000 |     +0.0% |       0 |       0 |             0 |      7576
[WARNING RSZ-0104] Net _01195_ only has one pin. Check if it is intended to be dangling.
[WARNING RSZ-0104] Net _01179_ only has one pin. Check if it is intended to be dangling.
[WARNING RSZ-0104] Net _01151_ only has one pin. Check if it is intended to be dangling.
[WARNING RSZ-0104] Net _01147_ only has one pin. Check if it is intended to be dangling.
[WARNING RSZ-0104] Net _01143_ only has one pin. Check if it is intended to be dangling.
[WARNING RSZ-0104] Net _01131_ only has one pin. Check if it is intended to be dangling.
[WARNING RSZ-0104] Net _01115_ only has one pin. Check if it is intended to be dangling.
[WARNING RSZ-0104] Net _01111_ only has one pin. Check if it is intended to be dangling.
[WARNING RSZ-0104] Net _01087_ only has one pin. Check if it is intended to be dangling.
[WARNING RSZ-0104] Net _01191_ only has one pin. Check if it is intended to be dangling.
[WARNING RSZ-0104] Net _01175_ only has one pin. Check if it is intended to be dangling.
     4000 |     +0.0% |       0 |       0 |             0 |      6576
[WARNING RSZ-0104] Net _01063_ only has one pin. Check if it is intended to be dangling.
[WARNING RSZ-0104] Net _01059_ only has one pin. Check if it is intended to be dangling.
[WARNING RSZ-0104] Net _01057_ only has one pin. Check if it is intended to be dangling.
[WARNING RSZ-0104] Net _01061_ only has one pin. Check if it is intended to be dangling.
     5000 |     +0.0% |       0 |       0 |             0 |      5576
     6000 |     +0.0% |       0 |       0 |             0 |      4576
[WARNING RSZ-0104] Net _01071_ only has one pin. Check if it is intended to be dangling.
[WARNING RSZ-0104] Net _01069_ only has one pin. Check if it is intended to be dangling.
[WARNING RSZ-0104] Net _01067_ only has one pin. Check if it is intended to be dangling.
[WARNING RSZ-0104] Net _01065_ only has one pin. Check if it is intended to be dangling.
     7000 |     +0.0% |       0 |       0 |             0 |      3576
     8000 |     +0.0% |       0 |       0 |             0 |      2576
     9000 |     +0.0% |       0 |       0 |             0 |      1576
    10000 |     +0.0% |       0 |       0 |             0 |       576
[WARNING RSZ-0104] Net valid_reg only has one pin. Check if it is intended to be dangling.
    final |     +0.0% |       0 |       0 |             0 |         0
---------------------------------------------------------------------
global_route -start_incremental
detailed_placement
[INFO DPL-0005] Max displacement: +/- 500 sites horizontally, +/- 100 rows vertically.
Movements Summary
---------------------------------------
Total cells:                    9469
Diamond Move Success:           9469 (100.00%)
Diamond Move Failure:              0
Rip-up and replace Success:        0 (  0.00% of diamond failures)
Rip-up and replace Failure:        0
Total Placement Failures:          0
---------------------------------------
Placement Analysis
---------------------------------
total displacement          0.0 u
average displacement        0.0 u
max displacement            0.0 u
original HPWL           47431.5 u
legalized HPWL          47431.5 u
delta HPWL                    0 %

global_route -end_incremental -congestion_report_file ./reports/asap7/riscv32i/baseline_alpha_8-beta_0.1-run5/congestion_post_repair_design.rpt
Repair setup and hold violations...
estimate_parasitics -global_routing
repair_timing -setup_margin 0 -hold_margin 0 -repair_tns 100 -verbose
[INFO RSZ-0100] Repair move sequence: UnbufferMove SizeUpMove SwapPinsMove BufferMove CloneMove SplitLoadMove 
[INFO RSZ-0094] Found 965 endpoints with setup violations.
[INFO RSZ-0099] Repairing 965 out of 965 (100.00%) violating endpoints...
   Iter   | Removed | Resized | Inserted | Cloned |  Pin  |   Area   |    WNS   |   TNS      |  Viol  | Worst
          | Buffers |  Gates  | Buffers  |  Gates | Swaps |          |          |            | Endpts | Endpt
--------------------------------------------------------------------------------------------------------------
        0 |       0 |       0 |        0 |      0 |     0 |    +0.0% |  -60.150 |   -32194.2 |    965 | _tray_size4_1904/D2
       10 |       0 |       9 |        0 |      0 |     0 |    +0.0% |  -35.977 |   -15382.6 |    965 | _tray_size4_1860/D1
       20 |       0 |      15 |        1 |      0 |     3 |    +0.0% |  -30.551 |   -12708.2 |    965 | _tray_size4_1860/D1
       30 |       0 |      18 |        5 |      1 |     8 |    +0.1% |  -28.974 |   -11445.2 |    965 | _tray_size4_1877/D1
       40 |       0 |      21 |        7 |      2 |    13 |    +0.1% |  -30.784 |   -11834.1 |    965 | _tray_size4_1877/D1
       50 |       0 |      27 |        8 |      2 |    16 |    +0.1% |  -24.363 |    -7748.2 |    965 | _tray_size4_1904/D2
       60 |       0 |      29 |       10 |      2 |    22 |    +0.1% |  -28.196 |   -10394.9 |    965 | _tray_size4_1877/D1
       70 |       0 |      36 |       12 |      2 |    23 |    +0.1% |  -22.153 |    -6004.9 |    965 | _tray_size4_1877/D1
       80 |       0 |      40 |       14 |      3 |    26 |    +0.1% |  -29.673 |   -11468.4 |    965 | dataadr[0]
       90 |       0 |      44 |       17 |      3 |    30 |    +0.2% |  -28.101 |   -10900.7 |    965 | _tray_size4_1877/D1
      100 |       0 |      49 |       19 |      3 |    33 |    +0.2% |  -26.356 |    -9869.8 |    965 | _tray_size4_1904/D2
      110 |       0 |      55 |       20 |      4 |    35 |    +0.2% |  -29.611 |    -8564.3 |    965 | _tray_size4_1995/D1
      120 |       0 |      61 |       20 |      7 |    36 |    +0.2% |  -31.681 |    -8664.0 |    965 | _tray_size4_1993/D2
      124 |       0 |      36 |       13 |      2 |    26 |    +0.1% |  -21.133 |    -5421.5 |    965 | _tray_size4_1904/D2
      130 |       0 |      39 |       14 |      3 |    26 |    +0.1% |  -30.506 |   -11922.0 |    965 | _tray_size4_1877/D1
      140 |       0 |      44 |       20 |      3 |    26 |    +0.2% |  -29.673 |   -10715.3 |    965 | dataadr[0]
      150 |       0 |      51 |       21 |      3 |    28 |    +0.2% |  -29.673 |    -8229.4 |    965 | dataadr[0]
      160 |       0 |      56 |       22 |      6 |    29 |    +0.2% |  -31.794 |    -8382.6 |    965 | _tray_size4_1877/D1
      170 |       0 |      58 |       30 |      9 |    30 |    +0.3% |  -23.810 |    -4121.8 |    965 | _tray_size4_1877/D1
      175 |       0 |      36 |       13 |      2 |    26 |    +0.1% |  -20.923 |    -5383.1 |    965 | _tray_size4_1904/D2
      180 |       0 |      38 |       14 |      3 |    26 |    +0.1% |  -30.994 |   -12208.5 |    965 | _tray_size4_1877/D1
      190 |       0 |      44 |       19 |      3 |    26 |    +0.2% |  -29.673 |   -10827.6 |    965 | dataadr[0]
      200 |       0 |      51 |       22 |      3 |    26 |    +0.2% |  -29.673 |    -8217.1 |    965 | dataadr[0]
      210 |       0 |      57 |       22 |      6 |    27 |    +0.2% |  -31.791 |    -8729.4 |    965 | _tray_size4_1877/D1
      220 |       0 |      59 |       29 |      9 |    28 |    +0.2% |  -27.829 |    -6692.8 |    965 | _tray_size4_1877/D1
      230 |       0 |      64 |       30 |     11 |    30 |    +0.3% |  -14.088 |    -1064.1 |    964 | _tray_size4_1877/D1
      230 |       0 |      64 |       30 |     11 |    30 |    +0.3% |  -14.088 |    -1064.1 |    963 | _tray_size4_1877/D1
      231 |       0 |      64 |       30 |     11 |    30 |    +0.3% |  -14.088 |    -1064.1 |    962 | _tray_size4_1877/D1
      232 |       0 |      64 |       30 |     11 |    30 |    +0.3% |  -14.088 |    -1064.1 |    961 | _tray_size4_1877/D1
      233 |       0 |      64 |       30 |     11 |    30 |    +0.3% |  -14.088 |    -1064.1 |    960 | _tray_size4_1877/D1
      234 |       0 |      64 |       30 |     11 |    30 |    +0.3% |  -14.088 |    -1064.1 |    959 | _tray_size4_1877/D1
      235 |       0 |      64 |       30 |     11 |    30 |    +0.3% |  -14.088 |    -1064.1 |    958 | _tray_size4_1877/D1
      237 |       0 |      65 |       30 |     11 |    30 |    +0.3% |  -14.088 |    -1042.8 |    956 | _tray_size4_1877/D1
      238 |       0 |      65 |       30 |     11 |    30 |    +0.3% |  -14.088 |    -1042.8 |    955 | _tray_size4_1877/D1
      239 |       0 |      65 |       30 |     11 |    30 |    +0.3% |  -14.088 |    -1042.8 |    954 | _tray_size4_1877/D1
      240 |       0 |      65 |       30 |     11 |    30 |    +0.3% |  -14.088 |    -1042.8 |    954 | _tray_size4_1877/D1
      240 |       0 |      65 |       30 |     11 |    30 |    +0.3% |  -14.088 |    -1042.8 |    953 | _tray_size4_1877/D1
      241 |       0 |      65 |       30 |     11 |    30 |    +0.3% |  -14.088 |    -1042.8 |    952 | _tray_size4_1877/D1
      242 |       0 |      65 |       30 |     11 |    30 |    +0.3% |  -14.088 |    -1042.8 |    951 | _tray_size4_1877/D1
      243 |       0 |      65 |       30 |     11 |    30 |    +0.3% |  -14.088 |    -1042.8 |    950 | _tray_size4_1877/D1
      244 |       0 |      65 |       30 |     11 |    30 |    +0.3% |  -14.088 |    -1042.8 |    949 | _tray_size4_1877/D1
      250 |       0 |      68 |       30 |     12 |    31 |    +0.3% |  -14.088 |    -1304.9 |    949 | _tray_size4_1877/D1
      254 |       0 |      66 |       30 |     12 |    30 |    +0.3% |  -14.088 |    -1057.3 |    948 | _tray_size4_1877/D1
      259 |       0 |      69 |       31 |     12 |    30 |    +0.3% |  -14.088 |     -967.7 |    946 | _tray_size4_1877/D1
      260 |       0 |      69 |       31 |     12 |    30 |    +0.3% |  -14.088 |     -967.7 |    946 | _tray_size4_1877/D1
      260 |       0 |      69 |       31 |     12 |    30 |    +0.3% |  -14.088 |     -967.7 |    945 | _tray_size4_1877/D1
      261 |       0 |      69 |       31 |     12 |    30 |    +0.3% |  -14.088 |     -967.7 |    944 | _tray_size4_1877/D1
      262 |       0 |      69 |       31 |     12 |    30 |    +0.3% |  -14.088 |     -967.7 |    943 | _tray_size4_1877/D1
      263 |       0 |      69 |       31 |     12 |    30 |    +0.3% |  -14.088 |     -967.7 |    942 | _tray_size4_1877/D1
      264 |       0 |      69 |       31 |     12 |    30 |    +0.3% |  -14.088 |     -967.7 |    941 | _tray_size4_1877/D1
      266 |       0 |      70 |       31 |     12 |    30 |    +0.3% |  -14.088 |     -957.7 |    939 | _tray_size4_1877/D1
      267 |       0 |      70 |       31 |     12 |    30 |    +0.3% |  -14.088 |     -957.7 |    938 | _tray_size4_1877/D1
      268 |       0 |      70 |       31 |     12 |    30 |    +0.3% |  -14.088 |     -957.7 |    937 | _tray_size4_1877/D1
      270 |       0 |      70 |       32 |     12 |    30 |    +0.3% |  -12.366 |    -1471.1 |    937 | _tray_size4_2016/D3
      280 |       0 |      75 |       36 |     13 |    33 |    +0.3% |  -11.804 |    -1314.0 |    937 | _tray_size4_1953/D0
      290 |       0 |      80 |       42 |     13 |    34 |    +0.3% |  -11.452 |     -799.0 |    937 | _tray_size4_1953/D0
      298 |       0 |      72 |       36 |     12 |    30 |    +0.3% |  -10.641 |     -887.8 |    936 | _tray_size4_2016/D3
      300 |       0 |      73 |       36 |     12 |    30 |    +0.3% |  -12.522 |    -1311.1 |    936 | _tray_size4_2016/D3
      310 |       0 |      79 |       37 |     14 |    31 |    +0.3% |  -11.804 |     -871.6 |    936 | _tray_size4_1953/D0
      310 |       0 |      72 |       36 |     12 |    30 |    +0.3% |  -10.641 |     -886.9 |    935 | _tray_size4_2016/D3
      320 |       0 |      78 |       37 |     14 |    30 |    +0.3% |  -11.804 |     -997.7 |    935 | _tray_size4_1953/D0
      320 |       0 |      72 |       36 |     12 |    30 |    +0.3% |  -10.641 |     -886.9 |    934 | _tray_size4_2016/D3
      330 |       0 |      78 |       37 |     14 |    30 |    +0.3% |  -11.804 |     -997.7 |    934 | _tray_size4_1953/D0
      330 |       0 |      72 |       36 |     12 |    30 |    +0.3% |  -10.641 |     -886.9 |    933 | _tray_size4_2016/D3
      340 |       0 |      75 |       36 |     14 |    34 |    +0.3% |  -14.136 |    -1231.4 |    933 | _tray_size4_1982/D1
      341 |       0 |      73 |       36 |     12 |    34 |    +0.3% |  -10.641 |     -785.7 |    932 | _tray_size4_2016/D3
      350 |       0 |      78 |       37 |     13 |    35 |    +0.3% |  -11.804 |     -878.6 |    932 | _tray_size4_1953/D0
      360 |       0 |      83 |       42 |     14 |    36 |    +0.3% |  -11.804 |     -773.6 |    932 | _tray_size4_1953/D0
      363 |       0 |      73 |       36 |     12 |    34 |    +0.3% |  -10.641 |     -785.7 |    931 | _tray_size4_2016/D3
      370 |       0 |      77 |       37 |     13 |    34 |    +0.3% |  -11.804 |     -934.7 |    931 | _tray_size4_1953/D0
      372 |       0 |      73 |       36 |     12 |    34 |    +0.3% |  -10.641 |     -785.7 |    930 | _tray_size4_2016/D3
      380 |       0 |      78 |       37 |     13 |    34 |    +0.3% |  -11.804 |     -875.7 |    930 | _tray_size4_1953/D0
      381 |       0 |      73 |       36 |     12 |    34 |    +0.3% |  -10.641 |     -785.7 |    929 | _tray_size4_2016/D3
      390 |       0 |      79 |       37 |     13 |    34 |    +0.3% |  -11.804 |     -878.6 |    929 | _tray_size4_1953/D0
      400 |       0 |      85 |       42 |     14 |    34 |    +0.4% |  -11.804 |     -710.1 |    929 | _tray_size4_1953/D0
      400 |       0 |      73 |       36 |     12 |    34 |    +0.3% |  -10.641 |     -785.7 |    928 | _tray_size4_2016/D3
      409 |       0 |      73 |       36 |     12 |    34 |    +0.3% |  -10.641 |     -785.7 |    927 | _tray_size4_2016/D3
      410 |       0 |      73 |       36 |     12 |    34 |    +0.3% |  -10.641 |     -785.7 |    927 | _tray_size4_2016/D3
      410 |       0 |      73 |       36 |     12 |    34 |    +0.3% |  -10.641 |     -785.7 |    926 | _tray_size4_2016/D3
      411 |       0 |      73 |       36 |     12 |    34 |    +0.3% |  -10.641 |     -785.7 |    925 | _tray_size4_2016/D3
      420 |       0 |      76 |       39 |     15 |    34 |    +0.3% |  -13.203 |    -1247.0 |    925 | _tray_size4_1982/D1
      430 |       0 |      82 |       43 |     15 |    36 |    +0.3% |  -11.187 |     -976.8 |    925 | _tray_size4_2016/D3
      440 |       0 |      89 |       43 |     17 |    37 |    +0.4% |  -14.303 |    -1963.3 |    925 | _tray_size4_2016/D3
      450 |       0 |      98 |       45 |     17 |    37 |    +0.4% |  -10.517 |     -845.9 |    925 | _tray_size4_2016/D3
      460 |       0 |     105 |       48 |     17 |    37 |    +0.4% |   -8.091 |     -437.2 |    925 | _tray_size4_2016/D3
      461 |       0 |     106 |       48 |     17 |    37 |    +0.4% |   -6.906 |     -400.9 |    923 | _tray_size4_2016/D3
      463 |       0 |     107 |       48 |     17 |    37 |    +0.4% |   -6.906 |     -366.9 |    921 | _tray_size4_2016/D3
      464 |       0 |     107 |       48 |     17 |    37 |    +0.4% |   -6.906 |     -366.9 |    920 | _tray_size4_2016/D3
      467 |       0 |     108 |       48 |     18 |    37 |    +0.4% |   -6.906 |     -359.5 |    918 | _tray_size4_2016/D3
      468 |       0 |     108 |       48 |     18 |    37 |    +0.4% |   -6.906 |     -359.5 |    917 | _tray_size4_2016/D3
      469 |       0 |     108 |       48 |     18 |    37 |    +0.4% |   -6.906 |     -359.5 |    916 | _tray_size4_2016/D3
      470 |       0 |     108 |       48 |     18 |    37 |    +0.4% |   -6.906 |     -359.5 |    916 | _tray_size4_2016/D3
      470 |       0 |     108 |       48 |     18 |    37 |    +0.4% |   -6.906 |     -359.5 |    915 | _tray_size4_2016/D3
      471 |       0 |     108 |       48 |     18 |    37 |    +0.4% |   -6.906 |     -359.5 |    914 | _tray_size4_2016/D3
      472 |       0 |     108 |       48 |     18 |    37 |    +0.4% |   -6.906 |     -359.5 |    913 | _tray_size4_2016/D3
      473 |       0 |     108 |       48 |     18 |    37 |    +0.4% |   -6.906 |     -359.5 |    912 | _tray_size4_2016/D3
      474 |       0 |     108 |       48 |     18 |    37 |    +0.4% |   -6.906 |     -359.5 |    911 | _tray_size4_2016/D3
      475 |       0 |     108 |       48 |     18 |    37 |    +0.4% |   -6.906 |     -359.5 |    910 | _tray_size4_2016/D3
      476 |       0 |     108 |       48 |     18 |    37 |    +0.4% |   -6.906 |     -359.5 |    909 | _tray_size4_2016/D3
      477 |       0 |     108 |       48 |     18 |    37 |    +0.4% |   -6.906 |     -359.5 |    908 | _tray_size4_2016/D3
      478 |       0 |     108 |       48 |     18 |    37 |    +0.4% |   -6.906 |     -359.5 |    907 | _tray_size4_2016/D3
      479 |       0 |     108 |       48 |     18 |    37 |    +0.4% |   -6.906 |     -359.5 |    906 | _tray_size4_2016/D3
      480 |       0 |     108 |       48 |     18 |    37 |    +0.4% |   -6.906 |     -359.5 |    906 | _tray_size4_2016/D3
      480 |       0 |     108 |       48 |     18 |    37 |    +0.4% |   -6.906 |     -359.5 |    905 | _tray_size4_2016/D3
      481 |       0 |     108 |       48 |     18 |    37 |    +0.4% |   -6.906 |     -359.5 |    904 | _tray_size4_2016/D3
      482 |       0 |     108 |       48 |     18 |    37 |    +0.4% |   -6.906 |     -359.5 |    903 | _tray_size4_2016/D3
      483 |       0 |     108 |       48 |     18 |    37 |    +0.4% |   -6.906 |     -359.5 |    902 | _tray_size4_2016/D3
      484 |       0 |     108 |       48 |     18 |    37 |    +0.4% |   -6.906 |     -359.5 |    901 | _tray_size4_2016/D3
      485 |       0 |     108 |       48 |     18 |    37 |    +0.4% |   -6.906 |     -359.5 |    900 | _tray_size4_2016/D3
      486 |       0 |     108 |       48 |     18 |    37 |    +0.4% |   -6.906 |     -359.5 |    899 | _tray_size4_2016/D3
      487 |       0 |     108 |       48 |     18 |    37 |    +0.4% |   -6.906 |     -359.5 |    898 | _tray_size4_2016/D3
      488 |       0 |     108 |       48 |     18 |    37 |    +0.4% |   -6.906 |     -359.5 |    897 | _tray_size4_2016/D3
      489 |       0 |     108 |       48 |     18 |    37 |    +0.4% |   -6.906 |     -359.5 |    896 | _tray_size4_2016/D3
      490 |       0 |     108 |       48 |     18 |    37 |    +0.4% |   -6.906 |     -359.5 |    896 | _tray_size4_2016/D3
      490 |       0 |     108 |       48 |     18 |    37 |    +0.4% |   -6.906 |     -359.5 |    895 | _tray_size4_2016/D3
      491 |       0 |     108 |       48 |     18 |    37 |    +0.4% |   -6.906 |     -359.5 |    894 | _tray_size4_2016/D3
      492 |       0 |     108 |       48 |     18 |    37 |    +0.4% |   -6.906 |     -359.5 |    893 | _tray_size4_2016/D3
      493 |       0 |     108 |       48 |     18 |    37 |    +0.4% |   -6.906 |     -359.5 |    892 | _tray_size4_2016/D3
      494 |       0 |     108 |       48 |     18 |    37 |    +0.4% |   -6.906 |     -359.5 |    891 | _tray_size4_2016/D3
      495 |       0 |     108 |       48 |     18 |    37 |    +0.4% |   -6.906 |     -359.5 |    890 | _tray_size4_2016/D3
      496 |       0 |     108 |       48 |     18 |    37 |    +0.4% |   -6.906 |     -359.5 |    889 | _tray_size4_2016/D3
      497 |       0 |     108 |       48 |     18 |    37 |    +0.4% |   -6.906 |     -359.5 |    888 | _tray_size4_2016/D3
      498 |       0 |     108 |       48 |     18 |    37 |    +0.4% |   -6.906 |     -359.5 |    887 | _tray_size4_2016/D3
      499 |       0 |     108 |       48 |     18 |    37 |    +0.4% |   -6.906 |     -359.5 |    886 | _tray_size4_2016/D3
      500 |       0 |     108 |       48 |     18 |    37 |    +0.4% |   -6.906 |     -359.5 |    886 | _tray_size4_2016/D3
      500 |       0 |     108 |       48 |     18 |    37 |    +0.4% |   -6.906 |     -359.5 |    885 | _tray_size4_2016/D3
      501 |       0 |     108 |       48 |     18 |    37 |    +0.4% |   -6.906 |     -359.5 |    884 | _tray_size4_2016/D3
      502 |       0 |     108 |       48 |     18 |    37 |    +0.4% |   -6.906 |     -359.5 |    883 | _tray_size4_2016/D3
      503 |       0 |     108 |       48 |     18 |    37 |    +0.4% |   -6.906 |     -359.5 |    882 | _tray_size4_2016/D3
      504 |       0 |     108 |       48 |     18 |    37 |    +0.4% |   -6.906 |     -359.5 |    881 | _tray_size4_2016/D3
      505 |       0 |     108 |       48 |     18 |    37 |    +0.4% |   -6.906 |     -359.5 |    880 | _tray_size4_2016/D3
      506 |       0 |     108 |       48 |     18 |    37 |    +0.4% |   -6.906 |     -359.5 |    879 | _tray_size4_2016/D3
      507 |       0 |     108 |       48 |     18 |    37 |    +0.4% |   -6.906 |     -359.5 |    878 | _tray_size4_2016/D3
      508 |       0 |     108 |       48 |     18 |    37 |    +0.4% |   -6.906 |     -359.5 |    877 | _tray_size4_2016/D3
      510 |       0 |     109 |       48 |     18 |    37 |    +0.4% |   -6.796 |     -348.4 |    877 | _tray_size4_1944/D1
      513 |       0 |     111 |       49 |     18 |    37 |    +0.4% |   -4.319 |      -67.2 |    875 | _tray_size4_1953/D0
      514 |       0 |     111 |       49 |     18 |    37 |    +0.4% |   -4.319 |      -67.2 |    874 | _tray_size4_1953/D0
      515 |       0 |     111 |       49 |     18 |    37 |    +0.4% |   -4.319 |      -67.2 |    873 | _tray_size4_1953/D0
      517 |       0 |     112 |       49 |     18 |    37 |    +0.4% |   -4.319 |      -46.6 |    871 | _tray_size4_1953/D0
      518 |       0 |     112 |       49 |     18 |    37 |    +0.4% |   -4.319 |      -46.6 |    870 | _tray_size4_1953/D0
      519 |       0 |     112 |       49 |     18 |    37 |    +0.4% |   -4.319 |      -46.6 |    869 | _tray_size4_1953/D0
      520 |       0 |     112 |       49 |     18 |    37 |    +0.4% |   -4.319 |      -46.6 |    869 | _tray_size4_1953/D0
      520 |       0 |     112 |       49 |     18 |    37 |    +0.4% |   -4.319 |      -46.6 |    868 | _tray_size4_1953/D0
      521 |       0 |     112 |       49 |     18 |    37 |    +0.4% |   -4.319 |      -46.6 |    867 | _tray_size4_1953/D0
      522 |       0 |     112 |       49 |     18 |    37 |    +0.4% |   -4.319 |      -46.6 |    866 | _tray_size4_1953/D0
      523 |       0 |     112 |       49 |     18 |    37 |    +0.4% |   -4.319 |      -46.6 |    865 | _tray_size4_1953/D0
      524 |       0 |     112 |       49 |     18 |    37 |    +0.4% |   -4.319 |      -46.6 |    864 | _tray_size4_1953/D0
      525 |       0 |     112 |       49 |     18 |    37 |    +0.4% |   -4.319 |      -46.6 |    863 | _tray_size4_1953/D0
      526 |       0 |     112 |       49 |     18 |    37 |    +0.4% |   -4.319 |      -46.6 |    862 | _tray_size4_1953/D0
      527 |       0 |     112 |       49 |     18 |    37 |    +0.4% |   -4.319 |      -46.6 |    861 | _tray_size4_1953/D0
      528 |       0 |     112 |       49 |     18 |    37 |    +0.4% |   -4.319 |      -46.6 |    860 | _tray_size4_1953/D0
      529 |       0 |     112 |       49 |     18 |    37 |    +0.4% |   -4.319 |      -46.6 |    859 | _tray_size4_1953/D0
      530 |       0 |     112 |       49 |     18 |    37 |    +0.4% |   -4.319 |      -46.6 |    859 | _tray_size4_1953/D0
      530 |       0 |     112 |       49 |     18 |    37 |    +0.4% |   -4.319 |      -46.6 |    858 | _tray_size4_1953/D0
      531 |       0 |     112 |       49 |     18 |    37 |    +0.4% |   -4.319 |      -46.6 |    857 | _tray_size4_1953/D0
      535 |       0 |     114 |       49 |     18 |    37 |    +0.4% |   -4.319 |      -31.6 |    856 | _tray_size4_1953/D0
      537 |       0 |     115 |       49 |     18 |    37 |    +0.4% |   -1.916 |       -2.3 |    854 | dataadr[0]
      538 |       0 |     115 |       49 |     18 |    37 |    +0.4% |   -1.916 |       -2.3 |    853 | dataadr[0]
      539 |       0 |     115 |       49 |     18 |    37 |    +0.4% |   -1.916 |       -2.3 |    852 | dataadr[0]
      540 |       0 |     115 |       49 |     18 |    37 |    +0.4% |   -1.916 |       -2.3 |    852 | dataadr[0]
      540 |       0 |     115 |       49 |     18 |    37 |    +0.4% |   -1.916 |       -2.3 |    851 | dataadr[0]
      541 |       0 |     115 |       49 |     18 |    37 |    +0.4% |   -1.916 |       -2.3 |    850 | dataadr[0]
      542 |       0 |     115 |       49 |     18 |    37 |    +0.4% |   -1.916 |       -2.3 |    849 | dataadr[0]
      543 |       0 |     115 |       49 |     18 |    37 |    +0.4% |   -1.916 |       -2.3 |    848 | dataadr[0]
      544 |       0 |     115 |       49 |     18 |    37 |    +0.4% |   -1.916 |       -2.3 |    847 | dataadr[0]
      545 |       0 |     115 |       49 |     18 |    37 |    +0.4% |   -1.916 |       -2.3 |    846 | dataadr[0]
      546 |       0 |     115 |       49 |     18 |    37 |    +0.4% |   -1.916 |       -2.3 |    845 | dataadr[0]
      547 |       0 |     115 |       49 |     18 |    37 |    +0.4% |   -1.916 |       -2.3 |    844 | dataadr[0]
      548 |       0 |     115 |       49 |     18 |    37 |    +0.4% |   -1.916 |       -2.3 |    843 | dataadr[0]
      549 |       0 |     115 |       49 |     18 |    37 |    +0.4% |   -1.916 |       -2.3 |    842 | dataadr[0]
      550 |       0 |     115 |       49 |     18 |    37 |    +0.4% |   -1.916 |       -2.3 |    842 | dataadr[0]
      550 |       0 |     115 |       49 |     18 |    37 |    +0.4% |   -1.916 |       -2.3 |    841 | dataadr[0]
      551 |       0 |     115 |       49 |     18 |    37 |    +0.4% |   -1.916 |       -2.3 |    840 | dataadr[0]
      552 |       0 |     115 |       49 |     18 |    37 |    +0.4% |   -1.916 |       -2.3 |    839 | dataadr[0]
      553 |       0 |     115 |       49 |     18 |    37 |    +0.4% |   -1.916 |       -2.3 |    838 | dataadr[0]
      554 |       0 |     115 |       49 |     18 |    37 |    +0.4% |   -1.916 |       -2.3 |    837 | dataadr[0]
      555 |       0 |     115 |       49 |     18 |    37 |    +0.4% |   -1.916 |       -2.3 |    836 | dataadr[0]
      556 |       0 |     115 |       49 |     18 |    37 |    +0.4% |   -1.916 |       -2.3 |    835 | dataadr[0]
      557 |       0 |     115 |       49 |     18 |    37 |    +0.4% |   -1.916 |       -2.3 |    834 | dataadr[0]
      558 |       0 |     115 |       49 |     18 |    37 |    +0.4% |   -1.916 |       -2.3 |    833 | dataadr[0]
      559 |       0 |     115 |       49 |     18 |    37 |    +0.4% |   -1.916 |       -2.3 |    832 | dataadr[0]
      560 |       0 |     115 |       49 |     18 |    37 |    +0.4% |   -1.916 |       -2.3 |    832 | dataadr[0]
      560 |       0 |     115 |       49 |     18 |    37 |    +0.4% |   -1.916 |       -2.3 |    831 | dataadr[0]
      561 |       0 |     115 |       49 |     18 |    37 |    +0.4% |   -1.916 |       -2.3 |    830 | dataadr[0]
      562 |       0 |     115 |       49 |     18 |    37 |    +0.4% |   -1.916 |       -2.3 |    829 | dataadr[0]
      563 |       0 |     115 |       49 |     18 |    37 |    +0.4% |   -1.916 |       -2.3 |    828 | dataadr[0]
      564 |       0 |     115 |       49 |     18 |    37 |    +0.4% |   -1.916 |       -2.3 |    827 | dataadr[0]
      565 |       0 |     115 |       49 |     18 |    37 |    +0.4% |   -1.916 |       -2.3 |    826 | dataadr[0]
      566 |       0 |     115 |       49 |     18 |    37 |    +0.4% |   -1.916 |       -2.3 |    825 | dataadr[0]
      567 |       0 |     115 |       49 |     18 |    37 |    +0.4% |   -1.916 |       -2.3 |    824 | dataadr[0]
      568 |       0 |     115 |       49 |     18 |    37 |    +0.4% |   -1.916 |       -2.3 |    823 | dataadr[0]
      569 |       0 |     115 |       49 |     18 |    37 |    +0.4% |   -1.916 |       -2.3 |    822 | dataadr[0]
      570 |       0 |     115 |       49 |     18 |    37 |    +0.4% |   -1.916 |       -2.3 |    822 | dataadr[0]
      570 |       0 |     115 |       49 |     18 |    37 |    +0.4% |   -1.916 |       -2.3 |    821 | dataadr[0]
      571 |       0 |     115 |       49 |     18 |    37 |    +0.4% |   -1.916 |       -2.3 |    820 | dataadr[0]
      572 |       0 |     115 |       49 |     18 |    37 |    +0.4% |   -1.916 |       -2.3 |    819 | dataadr[0]
      573 |       0 |     115 |       49 |     18 |    37 |    +0.4% |   -1.916 |       -2.3 |    818 | dataadr[0]
      574 |       0 |     115 |       49 |     18 |    37 |    +0.4% |   -1.916 |       -2.3 |    817 | dataadr[0]
      575 |       0 |     115 |       49 |     18 |    37 |    +0.4% |   -1.916 |       -2.3 |    816 | dataadr[0]
      576 |       0 |     115 |       49 |     18 |    37 |    +0.4% |   -1.916 |       -2.3 |    815 | dataadr[0]
      577 |       0 |     115 |       49 |     18 |    37 |    +0.4% |   -1.916 |       -2.3 |    814 | dataadr[0]
      578 |       0 |     115 |       49 |     18 |    37 |    +0.4% |   -1.916 |       -2.3 |    813 | dataadr[0]
      579 |       0 |     115 |       49 |     18 |    37 |    +0.4% |   -1.916 |       -2.3 |    812 | dataadr[0]
      580 |       0 |     115 |       49 |     18 |    37 |    +0.4% |   -1.916 |       -2.3 |    812 | dataadr[0]
      580 |       0 |     115 |       49 |     18 |    37 |    +0.4% |   -1.916 |       -2.3 |    811 | dataadr[0]
      581 |       0 |     115 |       49 |     18 |    37 |    +0.4% |   -1.916 |       -2.3 |    810 | dataadr[0]
      582 |       0 |     115 |       49 |     18 |    37 |    +0.4% |   -1.916 |       -2.3 |    809 | dataadr[0]
      583 |       0 |     115 |       49 |     18 |    37 |    +0.4% |   -1.916 |       -2.3 |    808 | dataadr[0]
      584 |       0 |     115 |       49 |     18 |    37 |    +0.4% |   -1.916 |       -2.3 |    807 | dataadr[0]
      585 |       0 |     115 |       49 |     18 |    37 |    +0.4% |   -1.916 |       -2.3 |    806 | dataadr[0]
      586 |       0 |     115 |       49 |     18 |    37 |    +0.4% |   -1.916 |       -2.3 |    805 | dataadr[0]
      587 |       0 |     115 |       49 |     18 |    37 |    +0.4% |   -1.916 |       -2.3 |    804 | dataadr[0]
      588 |       0 |     115 |       49 |     18 |    37 |    +0.4% |   -1.916 |       -2.3 |    803 | dataadr[0]
      589 |       0 |     115 |       49 |     18 |    37 |    +0.4% |   -1.916 |       -2.3 |    802 | dataadr[0]
      590 |       0 |     115 |       49 |     18 |    37 |    +0.4% |   -1.916 |       -2.3 |    802 | dataadr[0]
      590 |       0 |     115 |       49 |     18 |    37 |    +0.4% |   -1.916 |       -2.3 |    801 | dataadr[0]
      591 |       0 |     115 |       49 |     18 |    37 |    +0.4% |   -1.916 |       -2.3 |    800 | dataadr[0]
      592 |       0 |     115 |       49 |     18 |    37 |    +0.4% |   -1.916 |       -2.3 |    799 | dataadr[0]
      593 |       0 |     115 |       49 |     18 |    37 |    +0.4% |   -1.916 |       -2.3 |    798 | dataadr[0]
      594 |       0 |     115 |       49 |     18 |    37 |    +0.4% |   -1.916 |       -2.3 |    797 | dataadr[0]
      595 |       0 |     115 |       49 |     18 |    37 |    +0.4% |   -1.916 |       -2.3 |    796 | dataadr[0]
      596 |       0 |     115 |       49 |     18 |    37 |    +0.4% |   -1.916 |       -2.3 |    795 | dataadr[0]
      597 |       0 |     115 |       49 |     18 |    37 |    +0.4% |   -1.916 |       -2.3 |    794 | dataadr[0]
      598 |       0 |     115 |       49 |     18 |    37 |    +0.4% |   -1.916 |       -2.3 |    793 | dataadr[0]
      599 |       0 |     115 |       49 |     18 |    37 |    +0.4% |   -1.916 |       -2.3 |    792 | dataadr[0]
      600 |       0 |     115 |       49 |     18 |    37 |    +0.4% |   -1.916 |       -2.3 |    792 | dataadr[0]
      600 |       0 |     115 |       49 |     18 |    37 |    +0.4% |   -1.916 |       -2.3 |    791 | dataadr[0]
      601 |       0 |     115 |       49 |     18 |    37 |    +0.4% |   -1.916 |       -2.3 |    790 | dataadr[0]
      602 |       0 |     115 |       49 |     18 |    37 |    +0.4% |   -1.916 |       -2.3 |    789 | dataadr[0]
      603 |       0 |     115 |       49 |     18 |    37 |    +0.4% |   -1.916 |       -2.3 |    788 | dataadr[0]
      604 |       0 |     115 |       49 |     18 |    37 |    +0.4% |   -1.916 |       -2.3 |    787 | dataadr[0]
      605 |       0 |     115 |       49 |     18 |    37 |    +0.4% |   -1.916 |       -2.3 |    786 | dataadr[0]
      606 |       0 |     115 |       49 |     18 |    37 |    +0.4% |   -1.916 |       -2.3 |    785 | dataadr[0]
      607 |       0 |     115 |       49 |     18 |    37 |    +0.4% |   -1.916 |       -2.3 |    784 | dataadr[0]
      608 |       0 |     115 |       49 |     18 |    37 |    +0.4% |   -1.916 |       -2.3 |    783 | dataadr[0]
      609 |       0 |     115 |       49 |     18 |    37 |    +0.4% |   -1.916 |       -2.3 |    782 | dataadr[0]
      610 |       0 |     115 |       49 |     18 |    37 |    +0.4% |   -1.916 |       -2.3 |    782 | dataadr[0]
      610 |       0 |     115 |       49 |     18 |    37 |    +0.4% |   -1.916 |       -2.3 |    781 | dataadr[0]
      611 |       0 |     115 |       49 |     18 |    37 |    +0.4% |   -1.916 |       -2.3 |    780 | dataadr[0]
      612 |       0 |     115 |       49 |     18 |    37 |    +0.4% |   -1.916 |       -2.3 |    779 | dataadr[0]
      613 |       0 |     115 |       49 |     18 |    37 |    +0.4% |   -1.916 |       -2.3 |    778 | dataadr[0]
      614 |       0 |     115 |       49 |     18 |    37 |    +0.4% |   -1.916 |       -2.3 |    777 | dataadr[0]
      615 |       0 |     115 |       49 |     18 |    37 |    +0.4% |   -1.916 |       -2.3 |    776 | dataadr[0]
      616 |       0 |     115 |       49 |     18 |    37 |    +0.4% |   -1.916 |       -2.3 |    775 | dataadr[0]
      617 |       0 |     115 |       49 |     18 |    37 |    +0.4% |   -1.916 |       -2.3 |    774 | dataadr[0]
      618 |       0 |     115 |       49 |     18 |    37 |    +0.4% |   -1.916 |       -2.3 |    773 | dataadr[0]
      619 |       0 |     115 |       49 |     18 |    37 |    +0.4% |   -1.916 |       -2.3 |    772 | dataadr[0]
      620 |       0 |     115 |       49 |     18 |    37 |    +0.4% |   -1.916 |       -2.3 |    772 | dataadr[0]
      620 |       0 |     115 |       49 |     18 |    37 |    +0.4% |   -1.916 |       -2.3 |    771 | dataadr[0]
      621 |       0 |     115 |       49 |     18 |    37 |    +0.4% |   -1.916 |       -2.3 |    770 | dataadr[0]
      622 |       0 |     115 |       49 |     18 |    37 |    +0.4% |   -1.916 |       -2.3 |    769 | dataadr[0]
      623 |       0 |     115 |       49 |     18 |    37 |    +0.4% |   -1.916 |       -2.3 |    768 | dataadr[0]
      624 |       0 |     115 |       49 |     18 |    37 |    +0.4% |   -1.916 |       -2.3 |    767 | dataadr[0]
      625 |       0 |     115 |       49 |     18 |    37 |    +0.4% |   -1.916 |       -2.3 |    766 | dataadr[0]
      626 |       0 |     115 |       49 |     18 |    37 |    +0.4% |   -1.916 |       -2.3 |    765 | dataadr[0]
      627 |       0 |     115 |       49 |     18 |    37 |    +0.4% |   -1.916 |       -2.3 |    764 | dataadr[0]
      628 |       0 |     115 |       49 |     18 |    37 |    +0.4% |   -1.916 |       -2.3 |    763 | dataadr[0]
      629 |       0 |     115 |       49 |     18 |    37 |    +0.4% |   -1.916 |       -2.3 |    762 | dataadr[0]
      630 |       0 |     115 |       49 |     18 |    37 |    +0.4% |   -1.916 |       -2.3 |    762 | dataadr[0]
      630 |       0 |     115 |       49 |     18 |    37 |    +0.4% |   -1.916 |       -2.3 |    761 | dataadr[0]
      631 |       0 |     115 |       49 |     18 |    37 |    +0.4% |   -1.916 |       -2.3 |    760 | dataadr[0]
      632 |       0 |     115 |       49 |     18 |    37 |    +0.4% |   -1.916 |       -2.3 |    759 | dataadr[0]
      633 |       0 |     115 |       49 |     18 |    37 |    +0.4% |   -1.916 |       -2.3 |    758 | dataadr[0]
      634 |       0 |     115 |       49 |     18 |    37 |    +0.4% |   -1.916 |       -2.3 |    757 | dataadr[0]
      635 |       0 |     115 |       49 |     18 |    37 |    +0.4% |   -1.916 |       -2.3 |    756 | dataadr[0]
      636 |       0 |     115 |       49 |     18 |    37 |    +0.4% |   -1.916 |       -2.3 |    755 | dataadr[0]
      637 |       0 |     115 |       49 |     18 |    37 |    +0.4% |   -1.916 |       -2.3 |    754 | dataadr[0]
      638 |       0 |     115 |       49 |     18 |    37 |    +0.4% |   -1.916 |       -2.3 |    753 | dataadr[0]
      639 |       0 |     115 |       49 |     18 |    37 |    +0.4% |   -1.916 |       -2.3 |    752 | dataadr[0]
      640 |       0 |     115 |       49 |     18 |    37 |    +0.4% |   -1.916 |       -2.3 |    752 | dataadr[0]
      640 |       0 |     115 |       49 |     18 |    37 |    +0.4% |   -1.916 |       -2.3 |    751 | dataadr[0]
      641 |       0 |     115 |       49 |     18 |    37 |    +0.4% |   -1.916 |       -2.3 |    750 | dataadr[0]
      642 |       0 |     115 |       49 |     18 |    37 |    +0.4% |   -1.916 |       -2.3 |    749 | dataadr[0]
      643 |       0 |     115 |       49 |     18 |    37 |    +0.4% |   -1.916 |       -2.3 |    748 | dataadr[0]
      644 |       0 |     115 |       49 |     18 |    37 |    +0.4% |   -1.916 |       -2.3 |    747 | dataadr[0]
      645 |       0 |     115 |       49 |     18 |    37 |    +0.4% |   -1.916 |       -2.3 |    746 | dataadr[0]
      646 |       0 |     115 |       49 |     18 |    37 |    +0.4% |   -1.916 |       -2.3 |    745 | dataadr[0]
      647 |       0 |     115 |       49 |     18 |    37 |    +0.4% |   -1.916 |       -2.3 |    744 | dataadr[0]
      648 |       0 |     115 |       49 |     18 |    37 |    +0.4% |   -1.916 |       -2.3 |    743 | dataadr[0]
      649 |       0 |     115 |       49 |     18 |    37 |    +0.4% |   -1.916 |       -2.3 |    742 | dataadr[0]
      650 |       0 |     115 |       49 |     18 |    37 |    +0.4% |   -1.916 |       -2.3 |    742 | dataadr[0]
      650 |       0 |     115 |       49 |     18 |    37 |    +0.4% |   -1.916 |       -2.3 |    741 | dataadr[0]
      651 |       0 |     115 |       49 |     18 |    37 |    +0.4% |   -1.916 |       -2.3 |    740 | dataadr[0]
      652 |       0 |     115 |       49 |     18 |    37 |    +0.4% |   -1.916 |       -2.3 |    739 | dataadr[0]
      653 |       0 |     115 |       49 |     18 |    37 |    +0.4% |   -1.916 |       -2.3 |    738 | dataadr[0]
      654 |       0 |     115 |       49 |     18 |    37 |    +0.4% |   -1.916 |       -2.3 |    737 | dataadr[0]
      655 |       0 |     115 |       49 |     18 |    37 |    +0.4% |   -1.916 |       -2.3 |    736 | dataadr[0]
      656 |       0 |     115 |       49 |     18 |    37 |    +0.4% |   -1.916 |       -2.3 |    735 | dataadr[0]
      657 |       0 |     115 |       49 |     18 |    37 |    +0.4% |   -1.916 |       -2.3 |    734 | dataadr[0]
      658 |       0 |     115 |       49 |     18 |    37 |    +0.4% |   -1.916 |       -2.3 |    733 | dataadr[0]
      659 |       0 |     115 |       49 |     18 |    37 |    +0.4% |   -1.916 |       -2.3 |    732 | dataadr[0]
      660 |       0 |     115 |       49 |     18 |    37 |    +0.4% |   -1.916 |       -2.3 |    732 | dataadr[0]
      660 |       0 |     115 |       49 |     18 |    37 |    +0.4% |   -1.916 |       -2.3 |    731 | dataadr[0]
      661 |       0 |     115 |       49 |     18 |    37 |    +0.4% |   -1.916 |       -2.3 |    730 | dataadr[0]
      662 |       0 |     115 |       49 |     18 |    37 |    +0.4% |   -1.916 |       -2.3 |    729 | dataadr[0]
      663 |       0 |     115 |       49 |     18 |    37 |    +0.4% |   -1.916 |       -2.3 |    728 | dataadr[0]
      664 |       0 |     115 |       49 |     18 |    37 |    +0.4% |   -1.916 |       -2.3 |    727 | dataadr[0]
      665 |       0 |     115 |       49 |     18 |    37 |    +0.4% |   -1.916 |       -2.3 |    726 | dataadr[0]
      666 |       0 |     115 |       49 |     18 |    37 |    +0.4% |   -1.916 |       -2.3 |    725 | dataadr[0]
      667 |       0 |     115 |       49 |     18 |    37 |    +0.4% |   -1.916 |       -2.3 |    724 | dataadr[0]
      668 |       0 |     115 |       49 |     18 |    37 |    +0.4% |   -1.916 |       -2.3 |    723 | dataadr[0]
      669 |       0 |     115 |       49 |     18 |    37 |    +0.4% |   -1.916 |       -2.3 |    722 | dataadr[0]
      670 |       0 |     115 |       49 |     18 |    37 |    +0.4% |   -1.916 |       -2.3 |    722 | dataadr[0]
      670 |       0 |     115 |       49 |     18 |    37 |    +0.4% |   -1.916 |       -2.3 |    721 | dataadr[0]
      671 |       0 |     115 |       49 |     18 |    37 |    +0.4% |   -1.916 |       -2.3 |    720 | dataadr[0]
      672 |       0 |     115 |       49 |     18 |    37 |    +0.4% |   -1.916 |       -2.3 |    719 | dataadr[0]
      673 |       0 |     115 |       49 |     18 |    37 |    +0.4% |   -1.916 |       -2.3 |    718 | dataadr[0]
      674 |       0 |     115 |       49 |     18 |    37 |    +0.4% |   -1.916 |       -2.3 |    717 | dataadr[0]
      675 |       0 |     115 |       49 |     18 |    37 |    +0.4% |   -1.916 |       -2.3 |    716 | dataadr[0]
      676 |       0 |     115 |       49 |     18 |    37 |    +0.4% |   -1.916 |       -2.3 |    715 | dataadr[0]
      677 |       0 |     115 |       49 |     18 |    37 |    +0.4% |   -1.916 |       -2.3 |    714 | dataadr[0]
      678 |       0 |     115 |       49 |     18 |    37 |    +0.4% |   -1.916 |       -2.3 |    713 | dataadr[0]
      679 |       0 |     115 |       49 |     18 |    37 |    +0.4% |   -1.916 |       -2.3 |    712 | dataadr[0]
      680 |       0 |     115 |       49 |     18 |    37 |    +0.4% |   -1.916 |       -2.3 |    712 | dataadr[0]
      680 |       0 |     115 |       49 |     18 |    37 |    +0.4% |   -1.916 |       -2.3 |    711 | dataadr[0]
      681 |       0 |     115 |       49 |     18 |    37 |    +0.4% |   -1.916 |       -2.3 |    710 | dataadr[0]
      682 |       0 |     115 |       49 |     18 |    37 |    +0.4% |   -1.916 |       -2.3 |    709 | dataadr[0]
      683 |       0 |     115 |       49 |     18 |    37 |    +0.4% |   -1.916 |       -2.3 |    708 | dataadr[0]
      684 |       0 |     115 |       49 |     18 |    37 |    +0.4% |   -1.916 |       -2.3 |    707 | dataadr[0]
      685 |       0 |     115 |       49 |     18 |    37 |    +0.4% |   -1.916 |       -2.3 |    706 | dataadr[0]
      686 |       0 |     115 |       49 |     18 |    37 |    +0.4% |   -1.916 |       -2.3 |    705 | dataadr[0]
      687 |       0 |     115 |       49 |     18 |    37 |    +0.4% |   -1.916 |       -2.3 |    704 | dataadr[0]
      688 |       0 |     115 |       49 |     18 |    37 |    +0.4% |   -1.916 |       -2.3 |    703 | dataadr[0]
      689 |       0 |     115 |       49 |     18 |    37 |    +0.4% |   -1.916 |       -2.3 |    702 | dataadr[0]
      690 |       0 |     115 |       49 |     18 |    37 |    +0.4% |   -1.916 |       -2.3 |    702 | dataadr[0]
      690 |       0 |     115 |       49 |     18 |    37 |    +0.4% |   -1.916 |       -2.3 |    701 | dataadr[0]
      691 |       0 |     115 |       49 |     18 |    37 |    +0.4% |   -1.916 |       -2.3 |    700 | dataadr[0]
      692 |       0 |     115 |       49 |     18 |    37 |    +0.4% |   -1.916 |       -2.3 |    699 | dataadr[0]
      693 |       0 |     115 |       49 |     18 |    37 |    +0.4% |   -1.916 |       -2.3 |    698 | dataadr[0]
      694 |       0 |     115 |       49 |     18 |    37 |    +0.4% |   -1.916 |       -2.3 |    697 | dataadr[0]
      695 |       0 |     115 |       49 |     18 |    37 |    +0.4% |   -1.916 |       -2.3 |    696 | dataadr[0]
      696 |       0 |     115 |       49 |     18 |    37 |    +0.4% |   -1.916 |       -2.3 |    695 | dataadr[0]
      697 |       0 |     115 |       49 |     18 |    37 |    +0.4% |   -1.916 |       -2.3 |    694 | dataadr[0]
      698 |       0 |     115 |       49 |     18 |    37 |    +0.4% |   -1.916 |       -2.3 |    693 | dataadr[0]
      699 |       0 |     115 |       49 |     18 |    37 |    +0.4% |   -1.916 |       -2.3 |    692 | dataadr[0]
      700 |       0 |     115 |       49 |     18 |    37 |    +0.4% |   -1.916 |       -2.3 |    692 | dataadr[0]
      700 |       0 |     115 |       49 |     18 |    37 |    +0.4% |   -1.916 |       -2.3 |    691 | dataadr[0]
      701 |       0 |     115 |       49 |     18 |    37 |    +0.4% |   -1.916 |       -2.3 |    690 | dataadr[0]
      702 |       0 |     115 |       49 |     18 |    37 |    +0.4% |   -1.916 |       -2.3 |    689 | dataadr[0]
      703 |       0 |     115 |       49 |     18 |    37 |    +0.4% |   -1.916 |       -2.3 |    688 | dataadr[0]
      704 |       0 |     115 |       49 |     18 |    37 |    +0.4% |   -1.916 |       -2.3 |    687 | dataadr[0]
      705 |       0 |     115 |       49 |     18 |    37 |    +0.4% |   -1.916 |       -2.3 |    686 | dataadr[0]
      706 |       0 |     115 |       49 |     18 |    37 |    +0.4% |   -1.916 |       -2.3 |    685 | dataadr[0]
      707 |       0 |     115 |       49 |     18 |    37 |    +0.4% |   -1.916 |       -2.3 |    684 | dataadr[0]
      708 |       0 |     115 |       49 |     18 |    37 |    +0.4% |   -1.916 |       -2.3 |    683 | dataadr[0]
      709 |       0 |     115 |       49 |     18 |    37 |    +0.4% |   -1.916 |       -2.3 |    682 | dataadr[0]
      710 |       0 |     115 |       49 |     18 |    37 |    +0.4% |   -1.916 |       -2.3 |    682 | dataadr[0]
      710 |       0 |     115 |       49 |     18 |    37 |    +0.4% |   -1.916 |       -2.3 |    681 | dataadr[0]
      711 |       0 |     115 |       49 |     18 |    37 |    +0.4% |   -1.916 |       -2.3 |    680 | dataadr[0]
      712 |       0 |     115 |       49 |     18 |    37 |    +0.4% |   -1.916 |       -2.3 |    679 | dataadr[0]
      713 |       0 |     115 |       49 |     18 |    37 |    +0.4% |   -1.916 |       -2.3 |    678 | dataadr[0]
      714 |       0 |     115 |       49 |     18 |    37 |    +0.4% |   -1.916 |       -2.3 |    677 | dataadr[0]
      715 |       0 |     115 |       49 |     18 |    37 |    +0.4% |   -1.916 |       -2.3 |    676 | dataadr[0]
      716 |       0 |     115 |       49 |     18 |    37 |    +0.4% |   -1.916 |       -2.3 |    675 | dataadr[0]
      717 |       0 |     115 |       49 |     18 |    37 |    +0.4% |   -1.916 |       -2.3 |    674 | dataadr[0]
      718 |       0 |     115 |       49 |     18 |    37 |    +0.4% |   -1.916 |       -2.3 |    673 | dataadr[0]
      719 |       0 |     115 |       49 |     18 |    37 |    +0.4% |   -1.916 |       -2.3 |    672 | dataadr[0]
      720 |       0 |     115 |       49 |     18 |    37 |    +0.4% |   -1.916 |       -2.3 |    672 | dataadr[0]
      720 |       0 |     115 |       49 |     18 |    37 |    +0.4% |   -1.916 |       -2.3 |    671 | dataadr[0]
      721 |       0 |     115 |       49 |     18 |    37 |    +0.4% |   -1.916 |       -2.3 |    670 | dataadr[0]
      722 |       0 |     115 |       49 |     18 |    37 |    +0.4% |   -1.916 |       -2.3 |    669 | dataadr[0]
      723 |       0 |     115 |       49 |     18 |    37 |    +0.4% |   -1.916 |       -2.3 |    668 | dataadr[0]
      724 |       0 |     115 |       49 |     18 |    37 |    +0.4% |   -1.916 |       -2.3 |    667 | dataadr[0]
      725 |       0 |     115 |       49 |     18 |    37 |    +0.4% |   -1.916 |       -2.3 |    666 | dataadr[0]
      726 |       0 |     115 |       49 |     18 |    37 |    +0.4% |   -1.916 |       -2.3 |    665 | dataadr[0]
      727 |       0 |     115 |       49 |     18 |    37 |    +0.4% |   -1.916 |       -2.3 |    664 | dataadr[0]
      728 |       0 |     115 |       49 |     18 |    37 |    +0.4% |   -1.916 |       -2.3 |    663 | dataadr[0]
      729 |       0 |     115 |       49 |     18 |    37 |    +0.4% |   -1.916 |       -2.3 |    662 | dataadr[0]
      730 |       0 |     115 |       49 |     18 |    37 |    +0.4% |   -1.916 |       -2.3 |    662 | dataadr[0]
      730 |       0 |     115 |       49 |     18 |    37 |    +0.4% |   -1.916 |       -2.3 |    661 | dataadr[0]
      731 |       0 |     115 |       49 |     18 |    37 |    +0.4% |   -1.916 |       -2.3 |    660 | dataadr[0]
      732 |       0 |     115 |       49 |     18 |    37 |    +0.4% |   -1.916 |       -2.3 |    659 | dataadr[0]
      733 |       0 |     115 |       49 |     18 |    37 |    +0.4% |   -1.916 |       -2.3 |    658 | dataadr[0]
      734 |       0 |     115 |       49 |     18 |    37 |    +0.4% |   -1.916 |       -2.3 |    657 | dataadr[0]
      735 |       0 |     115 |       49 |     18 |    37 |    +0.4% |   -1.916 |       -2.3 |    656 | dataadr[0]
      736 |       0 |     115 |       49 |     18 |    37 |    +0.4% |   -1.916 |       -2.3 |    655 | dataadr[0]
      737 |       0 |     115 |       49 |     18 |    37 |    +0.4% |   -1.916 |       -2.3 |    654 | dataadr[0]
      738 |       0 |     115 |       49 |     18 |    37 |    +0.4% |   -1.916 |       -2.3 |    653 | dataadr[0]
      739 |       0 |     115 |       49 |     18 |    37 |    +0.4% |   -1.916 |       -2.3 |    652 | dataadr[0]
      740 |       0 |     115 |       49 |     18 |    37 |    +0.4% |   -1.916 |       -2.3 |    652 | dataadr[0]
      740 |       0 |     115 |       49 |     18 |    37 |    +0.4% |   -1.916 |       -2.3 |    651 | dataadr[0]
      741 |       0 |     115 |       49 |     18 |    37 |    +0.4% |   -1.916 |       -2.3 |    650 | dataadr[0]
      742 |       0 |     115 |       49 |     18 |    37 |    +0.4% |   -1.916 |       -2.3 |    649 | dataadr[0]
      743 |       0 |     115 |       49 |     18 |    37 |    +0.4% |   -1.916 |       -2.3 |    648 | dataadr[0]
      744 |       0 |     115 |       49 |     18 |    37 |    +0.4% |   -1.916 |       -2.3 |    647 | dataadr[0]
      745 |       0 |     115 |       49 |     18 |    37 |    +0.4% |   -1.916 |       -2.3 |    646 | dataadr[0]
      746 |       0 |     115 |       49 |     18 |    37 |    +0.4% |   -1.916 |       -2.3 |    645 | dataadr[0]
      747 |       0 |     115 |       49 |     18 |    37 |    +0.4% |   -1.916 |       -2.3 |    644 | dataadr[0]
      748 |       0 |     115 |       49 |     18 |    37 |    +0.4% |   -1.916 |       -2.3 |    643 | dataadr[0]
      749 |       0 |     115 |       49 |     18 |    37 |    +0.4% |   -1.916 |       -2.3 |    642 | dataadr[0]
      750 |       0 |     115 |       49 |     18 |    37 |    +0.4% |   -1.916 |       -2.3 |    642 | dataadr[0]
      750 |       0 |     115 |       49 |     18 |    37 |    +0.4% |   -1.916 |       -2.3 |    641 | dataadr[0]
      751 |       0 |     115 |       49 |     18 |    37 |    +0.4% |   -1.916 |       -2.3 |    640 | dataadr[0]
      752 |       0 |     115 |       49 |     18 |    37 |    +0.4% |   -1.916 |       -2.3 |    639 | dataadr[0]
      753 |       0 |     115 |       49 |     18 |    37 |    +0.4% |   -1.916 |       -2.3 |    638 | dataadr[0]
      754 |       0 |     115 |       49 |     18 |    37 |    +0.4% |   -1.916 |       -2.3 |    637 | dataadr[0]
      755 |       0 |     115 |       49 |     18 |    37 |    +0.4% |   -1.916 |       -2.3 |    636 | dataadr[0]
      756 |       0 |     115 |       49 |     18 |    37 |    +0.4% |   -1.916 |       -2.3 |    635 | dataadr[0]
      757 |       0 |     115 |       49 |     18 |    37 |    +0.4% |   -1.916 |       -2.3 |    634 | dataadr[0]
      758 |       0 |     115 |       49 |     18 |    37 |    +0.4% |   -1.916 |       -2.3 |    633 | dataadr[0]
      759 |       0 |     115 |       49 |     18 |    37 |    +0.4% |   -1.916 |       -2.3 |    632 | dataadr[0]
      760 |       0 |     115 |       49 |     18 |    37 |    +0.4% |   -1.916 |       -2.3 |    632 | dataadr[0]
      760 |       0 |     115 |       49 |     18 |    37 |    +0.4% |   -1.916 |       -2.3 |    631 | dataadr[0]
      761 |       0 |     115 |       49 |     18 |    37 |    +0.4% |   -1.916 |       -2.3 |    630 | dataadr[0]
      762 |       0 |     115 |       49 |     18 |    37 |    +0.4% |   -1.916 |       -2.3 |    629 | dataadr[0]
      763 |       0 |     115 |       49 |     18 |    37 |    +0.4% |   -1.916 |       -2.3 |    628 | dataadr[0]
      764 |       0 |     115 |       49 |     18 |    37 |    +0.4% |   -1.916 |       -2.3 |    627 | dataadr[0]
      765 |       0 |     115 |       49 |     18 |    37 |    +0.4% |   -1.916 |       -2.3 |    626 | dataadr[0]
      766 |       0 |     115 |       49 |     18 |    37 |    +0.4% |   -1.916 |       -2.3 |    625 | dataadr[0]
      767 |       0 |     115 |       49 |     18 |    37 |    +0.4% |   -1.916 |       -2.3 |    624 | dataadr[0]
      768 |       0 |     115 |       49 |     18 |    37 |    +0.4% |   -1.916 |       -2.3 |    623 | dataadr[0]
      769 |       0 |     115 |       49 |     18 |    37 |    +0.4% |   -1.916 |       -2.3 |    622 | dataadr[0]
      770 |       0 |     115 |       49 |     18 |    37 |    +0.4% |   -1.916 |       -2.3 |    622 | dataadr[0]
      770 |       0 |     115 |       49 |     18 |    37 |    +0.4% |   -1.916 |       -2.3 |    621 | dataadr[0]
      771 |       0 |     115 |       49 |     18 |    37 |    +0.4% |   -1.916 |       -2.3 |    620 | dataadr[0]
      772 |       0 |     115 |       49 |     18 |    37 |    +0.4% |   -1.916 |       -2.3 |    619 | dataadr[0]
      773 |       0 |     115 |       49 |     18 |    37 |    +0.4% |   -1.916 |       -2.3 |    618 | dataadr[0]
      774 |       0 |     115 |       49 |     18 |    37 |    +0.4% |   -1.916 |       -2.3 |    617 | dataadr[0]
      775 |       0 |     115 |       49 |     18 |    37 |    +0.4% |   -1.916 |       -2.3 |    616 | dataadr[0]
      776 |       0 |     115 |       49 |     18 |    37 |    +0.4% |   -1.916 |       -2.3 |    615 | dataadr[0]
      777 |       0 |     115 |       49 |     18 |    37 |    +0.4% |   -1.916 |       -2.3 |    614 | dataadr[0]
      778 |       0 |     115 |       49 |     18 |    37 |    +0.4% |   -1.916 |       -2.3 |    613 | dataadr[0]
      779 |       0 |     115 |       49 |     18 |    37 |    +0.4% |   -1.916 |       -2.3 |    612 | dataadr[0]
      780 |       0 |     115 |       49 |     18 |    37 |    +0.4% |   -1.916 |       -2.3 |    612 | dataadr[0]
      780 |       0 |     115 |       49 |     18 |    37 |    +0.4% |   -1.916 |       -2.3 |    611 | dataadr[0]
      781 |       0 |     115 |       49 |     18 |    37 |    +0.4% |   -1.916 |       -2.3 |    610 | dataadr[0]
      782 |       0 |     115 |       49 |     18 |    37 |    +0.4% |   -1.916 |       -2.3 |    609 | dataadr[0]
      783 |       0 |     115 |       49 |     18 |    37 |    +0.4% |   -1.916 |       -2.3 |    608 | dataadr[0]
      784 |       0 |     115 |       49 |     18 |    37 |    +0.4% |   -1.916 |       -2.3 |    607 | dataadr[0]
      785 |       0 |     115 |       49 |     18 |    37 |    +0.4% |   -1.916 |       -2.3 |    606 | dataadr[0]
      786 |       0 |     115 |       49 |     18 |    37 |    +0.4% |   -1.916 |       -2.3 |    605 | dataadr[0]
      787 |       0 |     115 |       49 |     18 |    37 |    +0.4% |   -1.916 |       -2.3 |    604 | dataadr[0]
      788 |       0 |     115 |       49 |     18 |    37 |    +0.4% |   -1.916 |       -2.3 |    603 | dataadr[0]
      789 |       0 |     115 |       49 |     18 |    37 |    +0.4% |   -1.916 |       -2.3 |    602 | dataadr[0]
      790 |       0 |     115 |       49 |     18 |    37 |    +0.4% |   -1.916 |       -2.3 |    602 | dataadr[0]
      790 |       0 |     115 |       49 |     18 |    37 |    +0.4% |   -1.916 |       -2.3 |    601 | dataadr[0]
      791 |       0 |     115 |       49 |     18 |    37 |    +0.4% |   -1.916 |       -2.3 |    600 | dataadr[0]
      792 |       0 |     115 |       49 |     18 |    37 |    +0.4% |   -1.916 |       -2.3 |    599 | dataadr[0]
      793 |       0 |     115 |       49 |     18 |    37 |    +0.4% |   -1.916 |       -2.3 |    598 | dataadr[0]
      794 |       0 |     115 |       49 |     18 |    37 |    +0.4% |   -1.916 |       -2.3 |    597 | dataadr[0]
      795 |       0 |     115 |       49 |     18 |    37 |    +0.4% |   -1.916 |       -2.3 |    596 | dataadr[0]
      796 |       0 |     115 |       49 |     18 |    37 |    +0.4% |   -1.916 |       -2.3 |    595 | dataadr[0]
      797 |       0 |     115 |       49 |     18 |    37 |    +0.4% |   -1.916 |       -2.3 |    594 | dataadr[0]
      798 |       0 |     115 |       49 |     18 |    37 |    +0.4% |   -1.916 |       -2.3 |    593 | dataadr[0]
      799 |       0 |     115 |       49 |     18 |    37 |    +0.4% |   -1.916 |       -2.3 |    592 | dataadr[0]
      800 |       0 |     115 |       49 |     18 |    37 |    +0.4% |   -1.916 |       -2.3 |    592 | dataadr[0]
      800 |       0 |     115 |       49 |     18 |    37 |    +0.4% |   -1.916 |       -2.3 |    591 | dataadr[0]
      801 |       0 |     115 |       49 |     18 |    37 |    +0.4% |   -1.916 |       -2.3 |    590 | dataadr[0]
      802 |       0 |     115 |       49 |     18 |    37 |    +0.4% |   -1.916 |       -2.3 |    589 | dataadr[0]
      803 |       0 |     115 |       49 |     18 |    37 |    +0.4% |   -1.916 |       -2.3 |    588 | dataadr[0]
      804 |       0 |     115 |       49 |     18 |    37 |    +0.4% |   -1.916 |       -2.3 |    587 | dataadr[0]
      805 |       0 |     115 |       49 |     18 |    37 |    +0.4% |   -1.916 |       -2.3 |    586 | dataadr[0]
      806 |       0 |     115 |       49 |     18 |    37 |    +0.4% |   -1.916 |       -2.3 |    585 | dataadr[0]
      807 |       0 |     115 |       49 |     18 |    37 |    +0.4% |   -1.916 |       -2.3 |    584 | dataadr[0]
      808 |       0 |     115 |       49 |     18 |    37 |    +0.4% |   -1.916 |       -2.3 |    583 | dataadr[0]
      809 |       0 |     115 |       49 |     18 |    37 |    +0.4% |   -1.916 |       -2.3 |    582 | dataadr[0]
      810 |       0 |     115 |       49 |     18 |    37 |    +0.4% |   -1.916 |       -2.3 |    582 | dataadr[0]
      810 |       0 |     115 |       49 |     18 |    37 |    +0.4% |   -1.916 |       -2.3 |    581 | dataadr[0]
      811 |       0 |     115 |       49 |     18 |    37 |    +0.4% |   -1.916 |       -2.3 |    580 | dataadr[0]
      812 |       0 |     115 |       49 |     18 |    37 |    +0.4% |   -1.916 |       -2.3 |    579 | dataadr[0]
      813 |       0 |     115 |       49 |     18 |    37 |    +0.4% |   -1.916 |       -2.3 |    578 | dataadr[0]
      814 |       0 |     115 |       49 |     18 |    37 |    +0.4% |   -1.916 |       -2.3 |    577 | dataadr[0]
      815 |       0 |     115 |       49 |     18 |    37 |    +0.4% |   -1.916 |       -2.3 |    576 | dataadr[0]
      816 |       0 |     115 |       49 |     18 |    37 |    +0.4% |   -1.916 |       -2.3 |    575 | dataadr[0]
      817 |       0 |     115 |       49 |     18 |    37 |    +0.4% |   -1.916 |       -2.3 |    574 | dataadr[0]
      818 |       0 |     115 |       49 |     18 |    37 |    +0.4% |   -1.916 |       -2.3 |    573 | dataadr[0]
      819 |       0 |     115 |       49 |     18 |    37 |    +0.4% |   -1.916 |       -2.3 |    572 | dataadr[0]
      820 |       0 |     115 |       49 |     18 |    37 |    +0.4% |   -1.916 |       -2.3 |    572 | dataadr[0]
      820 |       0 |     115 |       49 |     18 |    37 |    +0.4% |   -1.916 |       -2.3 |    571 | dataadr[0]
      821 |       0 |     115 |       49 |     18 |    37 |    +0.4% |   -1.916 |       -2.3 |    570 | dataadr[0]
      822 |       0 |     115 |       49 |     18 |    37 |    +0.4% |   -1.916 |       -2.3 |    569 | dataadr[0]
      823 |       0 |     115 |       49 |     18 |    37 |    +0.4% |   -1.916 |       -2.3 |    568 | dataadr[0]
      824 |       0 |     115 |       49 |     18 |    37 |    +0.4% |   -1.916 |       -2.3 |    567 | dataadr[0]
      825 |       0 |     115 |       49 |     18 |    37 |    +0.4% |   -1.916 |       -2.3 |    566 | dataadr[0]
      826 |       0 |     115 |       49 |     18 |    37 |    +0.4% |   -1.916 |       -2.3 |    565 | dataadr[0]
      827 |       0 |     115 |       49 |     18 |    37 |    +0.4% |   -1.916 |       -2.3 |    564 | dataadr[0]
      828 |       0 |     115 |       49 |     18 |    37 |    +0.4% |   -1.916 |       -2.3 |    563 | dataadr[0]
      829 |       0 |     115 |       49 |     18 |    37 |    +0.4% |   -1.916 |       -2.3 |    562 | dataadr[0]
      830 |       0 |     115 |       49 |     18 |    37 |    +0.4% |   -1.916 |       -2.3 |    562 | dataadr[0]
      830 |       0 |     115 |       49 |     18 |    37 |    +0.4% |   -1.916 |       -2.3 |    561 | dataadr[0]
      831 |       0 |     115 |       49 |     18 |    37 |    +0.4% |   -1.916 |       -2.3 |    560 | dataadr[0]
      832 |       0 |     115 |       49 |     18 |    37 |    +0.4% |   -1.916 |       -2.3 |    559 | dataadr[0]
      833 |       0 |     115 |       49 |     18 |    37 |    +0.4% |   -1.916 |       -2.3 |    558 | dataadr[0]
      834 |       0 |     115 |       49 |     18 |    37 |    +0.4% |   -1.916 |       -2.3 |    557 | dataadr[0]
      835 |       0 |     115 |       49 |     18 |    37 |    +0.4% |   -1.916 |       -2.3 |    556 | dataadr[0]
      836 |       0 |     115 |       49 |     18 |    37 |    +0.4% |   -1.916 |       -2.3 |    555 | dataadr[0]
      837 |       0 |     115 |       49 |     18 |    37 |    +0.4% |   -1.916 |       -2.3 |    554 | dataadr[0]
      838 |       0 |     115 |       49 |     18 |    37 |    +0.4% |   -1.916 |       -2.3 |    553 | dataadr[0]
      839 |       0 |     115 |       49 |     18 |    37 |    +0.4% |   -1.916 |       -2.3 |    552 | dataadr[0]
      840 |       0 |     115 |       49 |     18 |    37 |    +0.4% |   -1.916 |       -2.3 |    552 | dataadr[0]
      840 |       0 |     115 |       49 |     18 |    37 |    +0.4% |   -1.916 |       -2.3 |    551 | dataadr[0]
      841 |       0 |     115 |       49 |     18 |    37 |    +0.4% |   -1.916 |       -2.3 |    550 | dataadr[0]
      842 |       0 |     115 |       49 |     18 |    37 |    +0.4% |   -1.916 |       -2.3 |    549 | dataadr[0]
      843 |       0 |     115 |       49 |     18 |    37 |    +0.4% |   -1.916 |       -2.3 |    548 | dataadr[0]
      844 |       0 |     115 |       49 |     18 |    37 |    +0.4% |   -1.916 |       -2.3 |    547 | dataadr[0]
      845 |       0 |     115 |       49 |     18 |    37 |    +0.4% |   -1.916 |       -2.3 |    546 | dataadr[0]
      846 |       0 |     115 |       49 |     18 |    37 |    +0.4% |   -1.916 |       -2.3 |    545 | dataadr[0]
      847 |       0 |     115 |       49 |     18 |    37 |    +0.4% |   -1.916 |       -2.3 |    544 | dataadr[0]
      848 |       0 |     115 |       49 |     18 |    37 |    +0.4% |   -1.916 |       -2.3 |    543 | dataadr[0]
      849 |       0 |     115 |       49 |     18 |    37 |    +0.4% |   -1.916 |       -2.3 |    542 | dataadr[0]
      850 |       0 |     115 |       49 |     18 |    37 |    +0.4% |   -1.916 |       -2.3 |    542 | dataadr[0]
      850 |       0 |     115 |       49 |     18 |    37 |    +0.4% |   -1.916 |       -2.3 |    541 | dataadr[0]
      851 |       0 |     115 |       49 |     18 |    37 |    +0.4% |   -1.916 |       -2.3 |    540 | dataadr[0]
      852 |       0 |     115 |       49 |     18 |    37 |    +0.4% |   -1.916 |       -2.3 |    539 | dataadr[0]
      853 |       0 |     115 |       49 |     18 |    37 |    +0.4% |   -1.916 |       -2.3 |    538 | dataadr[0]
      854 |       0 |     115 |       49 |     18 |    37 |    +0.4% |   -1.916 |       -2.3 |    537 | dataadr[0]
      855 |       0 |     115 |       49 |     18 |    37 |    +0.4% |   -1.916 |       -2.3 |    536 | dataadr[0]
      856 |       0 |     115 |       49 |     18 |    37 |    +0.4% |   -1.916 |       -2.3 |    535 | dataadr[0]
      857 |       0 |     115 |       49 |     18 |    37 |    +0.4% |   -1.916 |       -2.3 |    534 | dataadr[0]
      858 |       0 |     115 |       49 |     18 |    37 |    +0.4% |   -1.916 |       -2.3 |    533 | dataadr[0]
      859 |       0 |     115 |       49 |     18 |    37 |    +0.4% |   -1.916 |       -2.3 |    532 | dataadr[0]
      860 |       0 |     115 |       49 |     18 |    37 |    +0.4% |   -1.916 |       -2.3 |    532 | dataadr[0]
      860 |       0 |     115 |       49 |     18 |    37 |    +0.4% |   -1.916 |       -2.3 |    531 | dataadr[0]
      861 |       0 |     115 |       49 |     18 |    37 |    +0.4% |   -1.916 |       -2.3 |    530 | dataadr[0]
      862 |       0 |     115 |       49 |     18 |    37 |    +0.4% |   -1.916 |       -2.3 |    529 | dataadr[0]
      863 |       0 |     115 |       49 |     18 |    37 |    +0.4% |   -1.916 |       -2.3 |    528 | dataadr[0]
      864 |       0 |     115 |       49 |     18 |    37 |    +0.4% |   -1.916 |       -2.3 |    527 | dataadr[0]
      865 |       0 |     115 |       49 |     18 |    37 |    +0.4% |   -1.916 |       -2.3 |    526 | dataadr[0]
      866 |       0 |     115 |       49 |     18 |    37 |    +0.4% |   -1.916 |       -2.3 |    525 | dataadr[0]
      867 |       0 |     115 |       49 |     18 |    37 |    +0.4% |   -1.916 |       -2.3 |    524 | dataadr[0]
      868 |       0 |     115 |       49 |     18 |    37 |    +0.4% |   -1.916 |       -2.3 |    523 | dataadr[0]
      869 |       0 |     115 |       49 |     18 |    37 |    +0.4% |   -1.916 |       -2.3 |    522 | dataadr[0]
      870 |       0 |     115 |       49 |     18 |    37 |    +0.4% |   -1.916 |       -2.3 |    522 | dataadr[0]
      870 |       0 |     115 |       49 |     18 |    37 |    +0.4% |   -1.916 |       -2.3 |    521 | dataadr[0]
      871 |       0 |     115 |       49 |     18 |    37 |    +0.4% |   -1.916 |       -2.3 |    520 | dataadr[0]
      872 |       0 |     115 |       49 |     18 |    37 |    +0.4% |   -1.916 |       -2.3 |    519 | dataadr[0]
      873 |       0 |     115 |       49 |     18 |    37 |    +0.4% |   -1.916 |       -2.3 |    518 | dataadr[0]
      874 |       0 |     115 |       49 |     18 |    37 |    +0.4% |   -1.916 |       -2.3 |    517 | dataadr[0]
      875 |       0 |     115 |       49 |     18 |    37 |    +0.4% |   -1.916 |       -2.3 |    516 | dataadr[0]
      876 |       0 |     115 |       49 |     18 |    37 |    +0.4% |   -1.916 |       -2.3 |    515 | dataadr[0]
      877 |       0 |     115 |       49 |     18 |    37 |    +0.4% |   -1.916 |       -2.3 |    514 | dataadr[0]
      878 |       0 |     115 |       49 |     18 |    37 |    +0.4% |   -1.916 |       -2.3 |    513 | dataadr[0]
      879 |       0 |     115 |       49 |     18 |    37 |    +0.4% |   -1.916 |       -2.3 |    512 | dataadr[0]
      880 |       0 |     115 |       49 |     18 |    37 |    +0.4% |   -1.916 |       -2.3 |    512 | dataadr[0]
      880 |       0 |     115 |       49 |     18 |    37 |    +0.4% |   -1.916 |       -2.3 |    511 | dataadr[0]
      881 |       0 |     115 |       49 |     18 |    37 |    +0.4% |   -1.916 |       -2.3 |    510 | dataadr[0]
      882 |       0 |     115 |       49 |     18 |    37 |    +0.4% |   -1.916 |       -2.3 |    509 | dataadr[0]
      883 |       0 |     115 |       49 |     18 |    37 |    +0.4% |   -1.916 |       -2.3 |    508 | dataadr[0]
      884 |       0 |     115 |       49 |     18 |    37 |    +0.4% |   -1.916 |       -2.3 |    507 | dataadr[0]
      885 |       0 |     115 |       49 |     18 |    37 |    +0.4% |   -1.916 |       -2.3 |    506 | dataadr[0]
      886 |       0 |     115 |       49 |     18 |    37 |    +0.4% |   -1.916 |       -2.3 |    505 | dataadr[0]
      887 |       0 |     115 |       49 |     18 |    37 |    +0.4% |   -1.916 |       -2.3 |    504 | dataadr[0]
      888 |       0 |     115 |       49 |     18 |    37 |    +0.4% |   -1.916 |       -2.3 |    503 | dataadr[0]
      889 |       0 |     115 |       49 |     18 |    37 |    +0.4% |   -1.916 |       -2.3 |    502 | dataadr[0]
      890 |       0 |     115 |       49 |     18 |    37 |    +0.4% |   -1.916 |       -2.3 |    502 | dataadr[0]
      890 |       0 |     115 |       49 |     18 |    37 |    +0.4% |   -1.916 |       -2.3 |    501 | dataadr[0]
      891 |       0 |     115 |       49 |     18 |    37 |    +0.4% |   -1.916 |       -2.3 |    500 | dataadr[0]
      892 |       0 |     115 |       49 |     18 |    37 |    +0.4% |   -1.916 |       -2.3 |    499 | dataadr[0]
      893 |       0 |     115 |       49 |     18 |    37 |    +0.4% |   -1.916 |       -2.3 |    498 | dataadr[0]
      894 |       0 |     115 |       49 |     18 |    37 |    +0.4% |   -1.916 |       -2.3 |    497 | dataadr[0]
      895 |       0 |     115 |       49 |     18 |    37 |    +0.4% |   -1.916 |       -2.3 |    496 | dataadr[0]
      896 |       0 |     115 |       49 |     18 |    37 |    +0.4% |   -1.916 |       -2.3 |    495 | dataadr[0]
      897 |       0 |     115 |       49 |     18 |    37 |    +0.4% |   -1.916 |       -2.3 |    494 | dataadr[0]
      898 |       0 |     115 |       49 |     18 |    37 |    +0.4% |   -1.916 |       -2.3 |    493 | dataadr[0]
      899 |       0 |     115 |       49 |     18 |    37 |    +0.4% |   -1.916 |       -2.3 |    492 | dataadr[0]
      900 |       0 |     115 |       49 |     18 |    37 |    +0.4% |   -1.916 |       -2.3 |    492 | dataadr[0]
      900 |       0 |     115 |       49 |     18 |    37 |    +0.4% |   -1.916 |       -2.3 |    491 | dataadr[0]
      901 |       0 |     115 |       49 |     18 |    37 |    +0.4% |   -1.916 |       -2.3 |    490 | dataadr[0]
      902 |       0 |     115 |       49 |     18 |    37 |    +0.4% |   -1.916 |       -2.3 |    489 | dataadr[0]
      903 |       0 |     115 |       49 |     18 |    37 |    +0.4% |   -1.916 |       -2.3 |    488 | dataadr[0]
      904 |       0 |     115 |       49 |     18 |    37 |    +0.4% |   -1.916 |       -2.3 |    487 | dataadr[0]
      905 |       0 |     115 |       49 |     18 |    37 |    +0.4% |   -1.916 |       -2.3 |    486 | dataadr[0]
      906 |       0 |     115 |       49 |     18 |    37 |    +0.4% |   -1.916 |       -2.3 |    485 | dataadr[0]
      907 |       0 |     115 |       49 |     18 |    37 |    +0.4% |   -1.916 |       -2.3 |    484 | dataadr[0]
      908 |       0 |     115 |       49 |     18 |    37 |    +0.4% |   -1.916 |       -2.3 |    483 | dataadr[0]
      909 |       0 |     115 |       49 |     18 |    37 |    +0.4% |   -1.916 |       -2.3 |    482 | dataadr[0]
      910 |       0 |     115 |       49 |     18 |    37 |    +0.4% |   -1.916 |       -2.3 |    482 | dataadr[0]
      910 |       0 |     115 |       49 |     18 |    37 |    +0.4% |   -1.916 |       -2.3 |    481 | dataadr[0]
      911 |       0 |     115 |       49 |     18 |    37 |    +0.4% |   -1.916 |       -2.3 |    480 | dataadr[0]
      912 |       0 |     115 |       49 |     18 |    37 |    +0.4% |   -1.916 |       -2.3 |    479 | dataadr[0]
      913 |       0 |     115 |       49 |     18 |    37 |    +0.4% |   -1.916 |       -2.3 |    478 | dataadr[0]
      914 |       0 |     115 |       49 |     18 |    37 |    +0.4% |   -1.916 |       -2.3 |    477 | dataadr[0]
      915 |       0 |     115 |       49 |     18 |    37 |    +0.4% |   -1.916 |       -2.3 |    476 | dataadr[0]
      916 |       0 |     115 |       49 |     18 |    37 |    +0.4% |   -1.916 |       -2.3 |    475 | dataadr[0]
      917 |       0 |     115 |       49 |     18 |    37 |    +0.4% |   -1.916 |       -2.3 |    474 | dataadr[0]
      918 |       0 |     115 |       49 |     18 |    37 |    +0.4% |   -1.916 |       -2.3 |    473 | dataadr[0]
      919 |       0 |     115 |       49 |     18 |    37 |    +0.4% |   -1.916 |       -2.3 |    472 | dataadr[0]
      920 |       0 |     115 |       49 |     18 |    37 |    +0.4% |   -1.916 |       -2.3 |    472 | dataadr[0]
      920 |       0 |     115 |       49 |     18 |    37 |    +0.4% |   -1.916 |       -2.3 |    471 | dataadr[0]
      921 |       0 |     115 |       49 |     18 |    37 |    +0.4% |   -1.916 |       -2.3 |    470 | dataadr[0]
      922 |       0 |     115 |       49 |     18 |    37 |    +0.4% |   -1.916 |       -2.3 |    469 | dataadr[0]
      923 |       0 |     115 |       49 |     18 |    37 |    +0.4% |   -1.916 |       -2.3 |    468 | dataadr[0]
      924 |       0 |     115 |       49 |     18 |    37 |    +0.4% |   -1.916 |       -2.3 |    467 | dataadr[0]
      925 |       0 |     115 |       49 |     18 |    37 |    +0.4% |   -1.916 |       -2.3 |    466 | dataadr[0]
      926 |       0 |     115 |       49 |     18 |    37 |    +0.4% |   -1.916 |       -2.3 |    465 | dataadr[0]
      927 |       0 |     115 |       49 |     18 |    37 |    +0.4% |   -1.916 |       -2.3 |    464 | dataadr[0]
      928 |       0 |     115 |       49 |     18 |    37 |    +0.4% |   -1.916 |       -2.3 |    463 | dataadr[0]
      929 |       0 |     115 |       49 |     18 |    37 |    +0.4% |   -1.916 |       -2.3 |    462 | dataadr[0]
      930 |       0 |     115 |       49 |     18 |    37 |    +0.4% |   -1.916 |       -2.3 |    462 | dataadr[0]
      930 |       0 |     115 |       49 |     18 |    37 |    +0.4% |   -1.916 |       -2.3 |    461 | dataadr[0]
      931 |       0 |     115 |       49 |     18 |    37 |    +0.4% |   -1.916 |       -2.3 |    460 | dataadr[0]
      932 |       0 |     115 |       49 |     18 |    37 |    +0.4% |   -1.916 |       -2.3 |    459 | dataadr[0]
      933 |       0 |     115 |       49 |     18 |    37 |    +0.4% |   -1.916 |       -2.3 |    458 | dataadr[0]
      934 |       0 |     115 |       49 |     18 |    37 |    +0.4% |   -1.916 |       -2.3 |    457 | dataadr[0]
      935 |       0 |     115 |       49 |     18 |    37 |    +0.4% |   -1.916 |       -2.3 |    456 | dataadr[0]
      936 |       0 |     115 |       49 |     18 |    37 |    +0.4% |   -1.916 |       -2.3 |    455 | dataadr[0]
      937 |       0 |     115 |       49 |     18 |    37 |    +0.4% |   -1.916 |       -2.3 |    454 | dataadr[0]
      938 |       0 |     115 |       49 |     18 |    37 |    +0.4% |   -1.916 |       -2.3 |    453 | dataadr[0]
      939 |       0 |     115 |       49 |     18 |    37 |    +0.4% |   -1.916 |       -2.3 |    452 | dataadr[0]
      940 |       0 |     115 |       49 |     18 |    37 |    +0.4% |   -1.916 |       -2.3 |    452 | dataadr[0]
      940 |       0 |     115 |       49 |     18 |    37 |    +0.4% |   -1.916 |       -2.3 |    451 | dataadr[0]
      941 |       0 |     115 |       49 |     18 |    37 |    +0.4% |   -1.916 |       -2.3 |    450 | dataadr[0]
      942 |       0 |     115 |       49 |     18 |    37 |    +0.4% |   -1.916 |       -2.3 |    449 | dataadr[0]
      943 |       0 |     115 |       49 |     18 |    37 |    +0.4% |   -1.916 |       -2.3 |    448 | dataadr[0]
      944 |       0 |     115 |       49 |     18 |    37 |    +0.4% |   -1.916 |       -2.3 |    447 | dataadr[0]
      945 |       0 |     115 |       49 |     18 |    37 |    +0.4% |   -1.916 |       -2.3 |    446 | dataadr[0]
      946 |       0 |     115 |       49 |     18 |    37 |    +0.4% |   -1.916 |       -2.3 |    445 | dataadr[0]
      947 |       0 |     115 |       49 |     18 |    37 |    +0.4% |   -1.916 |       -2.3 |    444 | dataadr[0]
      948 |       0 |     115 |       49 |     18 |    37 |    +0.4% |   -1.916 |       -2.3 |    443 | dataadr[0]
      949 |       0 |     115 |       49 |     18 |    37 |    +0.4% |   -1.916 |       -2.3 |    442 | dataadr[0]
      950 |       0 |     115 |       49 |     18 |    37 |    +0.4% |   -1.916 |       -2.3 |    442 | dataadr[0]
      950 |       0 |     115 |       49 |     18 |    37 |    +0.4% |   -1.916 |       -2.3 |    441 | dataadr[0]
      951 |       0 |     115 |       49 |     18 |    37 |    +0.4% |   -1.916 |       -2.3 |    440 | dataadr[0]
      952 |       0 |     115 |       49 |     18 |    37 |    +0.4% |   -1.916 |       -2.3 |    439 | dataadr[0]
      953 |       0 |     115 |       49 |     18 |    37 |    +0.4% |   -1.916 |       -2.3 |    438 | dataadr[0]
      954 |       0 |     115 |       49 |     18 |    37 |    +0.4% |   -1.916 |       -2.3 |    437 | dataadr[0]
      955 |       0 |     115 |       49 |     18 |    37 |    +0.4% |   -1.916 |       -2.3 |    436 | dataadr[0]
      956 |       0 |     115 |       49 |     18 |    37 |    +0.4% |   -1.916 |       -2.3 |    435 | dataadr[0]
      957 |       0 |     115 |       49 |     18 |    37 |    +0.4% |   -1.916 |       -2.3 |    434 | dataadr[0]
      958 |       0 |     115 |       49 |     18 |    37 |    +0.4% |   -1.916 |       -2.3 |    433 | dataadr[0]
      959 |       0 |     115 |       49 |     18 |    37 |    +0.4% |   -1.916 |       -2.3 |    432 | dataadr[0]
      960 |       0 |     115 |       49 |     18 |    37 |    +0.4% |   -1.916 |       -2.3 |    432 | dataadr[0]
      960 |       0 |     115 |       49 |     18 |    37 |    +0.4% |   -1.916 |       -2.3 |    431 | dataadr[0]
      961 |       0 |     115 |       49 |     18 |    37 |    +0.4% |   -1.916 |       -2.3 |    430 | dataadr[0]
      962 |       0 |     115 |       49 |     18 |    37 |    +0.4% |   -1.916 |       -2.3 |    429 | dataadr[0]
      963 |       0 |     115 |       49 |     18 |    37 |    +0.4% |   -1.916 |       -2.3 |    428 | dataadr[0]
      964 |       0 |     115 |       49 |     18 |    37 |    +0.4% |   -1.916 |       -2.3 |    427 | dataadr[0]
      965 |       0 |     115 |       49 |     18 |    37 |    +0.4% |   -1.916 |       -2.3 |    426 | dataadr[0]
      966 |       0 |     115 |       49 |     18 |    37 |    +0.4% |   -1.916 |       -2.3 |    425 | dataadr[0]
      967 |       0 |     115 |       49 |     18 |    37 |    +0.4% |   -1.916 |       -2.3 |    424 | dataadr[0]
      968 |       0 |     115 |       49 |     18 |    37 |    +0.4% |   -1.916 |       -2.3 |    423 | dataadr[0]
      969 |       0 |     115 |       49 |     18 |    37 |    +0.4% |   -1.916 |       -2.3 |    422 | dataadr[0]
      970 |       0 |     115 |       49 |     18 |    37 |    +0.4% |   -1.916 |       -2.3 |    422 | dataadr[0]
      970 |       0 |     115 |       49 |     18 |    37 |    +0.4% |   -1.916 |       -2.3 |    421 | dataadr[0]
      971 |       0 |     115 |       49 |     18 |    37 |    +0.4% |   -1.916 |       -2.3 |    420 | dataadr[0]
      972 |       0 |     115 |       49 |     18 |    37 |    +0.4% |   -1.916 |       -2.3 |    419 | dataadr[0]
      973 |       0 |     115 |       49 |     18 |    37 |    +0.4% |   -1.916 |       -2.3 |    418 | dataadr[0]
      974 |       0 |     115 |       49 |     18 |    37 |    +0.4% |   -1.916 |       -2.3 |    417 | dataadr[0]
      975 |       0 |     115 |       49 |     18 |    37 |    +0.4% |   -1.916 |       -2.3 |    416 | dataadr[0]
      976 |       0 |     115 |       49 |     18 |    37 |    +0.4% |   -1.916 |       -2.3 |    415 | dataadr[0]
      977 |       0 |     115 |       49 |     18 |    37 |    +0.4% |   -1.916 |       -2.3 |    414 | dataadr[0]
      978 |       0 |     115 |       49 |     18 |    37 |    +0.4% |   -1.916 |       -2.3 |    413 | dataadr[0]
      979 |       0 |     115 |       49 |     18 |    37 |    +0.4% |   -1.916 |       -2.3 |    412 | dataadr[0]
      980 |       0 |     115 |       49 |     18 |    37 |    +0.4% |   -1.916 |       -2.3 |    412 | dataadr[0]
      980 |       0 |     115 |       49 |     18 |    37 |    +0.4% |   -1.916 |       -2.3 |    411 | dataadr[0]
      981 |       0 |     115 |       49 |     18 |    37 |    +0.4% |   -1.916 |       -2.3 |    410 | dataadr[0]
      982 |       0 |     115 |       49 |     18 |    37 |    +0.4% |   -1.916 |       -2.3 |    409 | dataadr[0]
      983 |       0 |     115 |       49 |     18 |    37 |    +0.4% |   -1.916 |       -2.3 |    408 | dataadr[0]
      984 |       0 |     115 |       49 |     18 |    37 |    +0.4% |   -1.916 |       -2.3 |    407 | dataadr[0]
      985 |       0 |     115 |       49 |     18 |    37 |    +0.4% |   -1.916 |       -2.3 |    406 | dataadr[0]
      986 |       0 |     115 |       49 |     18 |    37 |    +0.4% |   -1.916 |       -2.3 |    405 | dataadr[0]
      987 |       0 |     115 |       49 |     18 |    37 |    +0.4% |   -1.916 |       -2.3 |    404 | dataadr[0]
      988 |       0 |     115 |       49 |     18 |    37 |    +0.4% |   -1.916 |       -2.3 |    403 | dataadr[0]
      989 |       0 |     115 |       49 |     18 |    37 |    +0.4% |   -1.916 |       -2.3 |    402 | dataadr[0]
      990 |       0 |     115 |       49 |     18 |    37 |    +0.4% |   -1.916 |       -2.3 |    402 | dataadr[0]
      990 |       0 |     115 |       49 |     18 |    37 |    +0.4% |   -1.916 |       -2.3 |    401 | dataadr[0]
      991 |       0 |     115 |       49 |     18 |    37 |    +0.4% |   -1.916 |       -2.3 |    400 | dataadr[0]
      992 |       0 |     115 |       49 |     18 |    37 |    +0.4% |   -1.916 |       -2.3 |    399 | dataadr[0]
      993 |       0 |     115 |       49 |     18 |    37 |    +0.4% |   -1.916 |       -2.3 |    398 | dataadr[0]
      994 |       0 |     115 |       49 |     18 |    37 |    +0.4% |   -1.916 |       -2.3 |    397 | dataadr[0]
      995 |       0 |     115 |       49 |     18 |    37 |    +0.4% |   -1.916 |       -2.3 |    396 | dataadr[0]
      996 |       0 |     115 |       49 |     18 |    37 |    +0.4% |   -1.916 |       -2.3 |    395 | dataadr[0]
      997 |       0 |     115 |       49 |     18 |    37 |    +0.4% |   -1.916 |       -2.3 |    394 | dataadr[0]
      998 |       0 |     115 |       49 |     18 |    37 |    +0.4% |   -1.916 |       -2.3 |    393 | dataadr[0]
      999 |       0 |     115 |       49 |     18 |    37 |    +0.4% |   -1.916 |       -2.3 |    392 | dataadr[0]
     1000 |       0 |     115 |       49 |     18 |    37 |    +0.4% |   -1.916 |       -2.3 |    392 | dataadr[0]
     1000 |       0 |     115 |       49 |     18 |    37 |    +0.4% |   -1.916 |       -2.3 |    391 | dataadr[0]
     1001 |       0 |     115 |       49 |     18 |    37 |    +0.4% |   -1.916 |       -2.3 |    390 | dataadr[0]
     1002 |       0 |     115 |       49 |     18 |    37 |    +0.4% |   -1.916 |       -2.3 |    389 | dataadr[0]
     1003 |       0 |     115 |       49 |     18 |    37 |    +0.4% |   -1.916 |       -2.3 |    388 | dataadr[0]
     1004 |       0 |     115 |       49 |     18 |    37 |    +0.4% |   -1.916 |       -2.3 |    387 | dataadr[0]
     1005 |       0 |     115 |       49 |     18 |    37 |    +0.4% |   -1.916 |       -2.3 |    386 | dataadr[0]
     1006 |       0 |     115 |       49 |     18 |    37 |    +0.4% |   -1.916 |       -2.3 |    385 | dataadr[0]
     1007 |       0 |     115 |       49 |     18 |    37 |    +0.4% |   -1.916 |       -2.3 |    384 | dataadr[0]
     1008 |       0 |     115 |       49 |     18 |    37 |    +0.4% |   -1.916 |       -2.3 |    383 | dataadr[0]
     1009 |       0 |     115 |       49 |     18 |    37 |    +0.4% |   -1.916 |       -2.3 |    382 | dataadr[0]
     1010 |       0 |     115 |       49 |     18 |    37 |    +0.4% |   -1.916 |       -2.3 |    382 | dataadr[0]
     1010 |       0 |     115 |       49 |     18 |    37 |    +0.4% |   -1.916 |       -2.3 |    381 | dataadr[0]
     1011 |       0 |     115 |       49 |     18 |    37 |    +0.4% |   -1.916 |       -2.3 |    380 | dataadr[0]
     1012 |       0 |     115 |       49 |     18 |    37 |    +0.4% |   -1.916 |       -2.3 |    379 | dataadr[0]
     1013 |       0 |     115 |       49 |     18 |    37 |    +0.4% |   -1.916 |       -2.3 |    378 | dataadr[0]
     1014 |       0 |     115 |       49 |     18 |    37 |    +0.4% |   -1.916 |       -2.3 |    377 | dataadr[0]
     1015 |       0 |     115 |       49 |     18 |    37 |    +0.4% |   -1.916 |       -2.3 |    376 | dataadr[0]
     1016 |       0 |     115 |       49 |     18 |    37 |    +0.4% |   -1.916 |       -2.3 |    375 | dataadr[0]
     1017 |       0 |     115 |       49 |     18 |    37 |    +0.4% |   -1.916 |       -2.3 |    374 | dataadr[0]
     1018 |       0 |     115 |       49 |     18 |    37 |    +0.4% |   -1.916 |       -2.3 |    373 | dataadr[0]
     1019 |       0 |     115 |       49 |     18 |    37 |    +0.4% |   -1.916 |       -2.3 |    372 | dataadr[0]
     1020 |       0 |     115 |       49 |     18 |    37 |    +0.4% |   -1.916 |       -2.3 |    372 | dataadr[0]
     1020 |       0 |     115 |       49 |     18 |    37 |    +0.4% |   -1.916 |       -2.3 |    371 | dataadr[0]
     1021 |       0 |     115 |       49 |     18 |    37 |    +0.4% |   -1.916 |       -2.3 |    370 | dataadr[0]
     1022 |       0 |     115 |       49 |     18 |    37 |    +0.4% |   -1.916 |       -2.3 |    369 | dataadr[0]
     1023 |       0 |     115 |       49 |     18 |    37 |    +0.4% |   -1.916 |       -2.3 |    368 | dataadr[0]
     1024 |       0 |     115 |       49 |     18 |    37 |    +0.4% |   -1.916 |       -2.3 |    367 | dataadr[0]
     1025 |       0 |     115 |       49 |     18 |    37 |    +0.4% |   -1.916 |       -2.3 |    366 | dataadr[0]
     1026 |       0 |     115 |       49 |     18 |    37 |    +0.4% |   -1.916 |       -2.3 |    365 | dataadr[0]
     1027 |       0 |     115 |       49 |     18 |    37 |    +0.4% |   -1.916 |       -2.3 |    364 | dataadr[0]
     1028 |       0 |     115 |       49 |     18 |    37 |    +0.4% |   -1.916 |       -2.3 |    363 | dataadr[0]
     1029 |       0 |     115 |       49 |     18 |    37 |    +0.4% |   -1.916 |       -2.3 |    362 | dataadr[0]
     1030 |       0 |     115 |       49 |     18 |    37 |    +0.4% |   -1.916 |       -2.3 |    362 | dataadr[0]
     1030 |       0 |     115 |       49 |     18 |    37 |    +0.4% |   -1.916 |       -2.3 |    361 | dataadr[0]
     1031 |       0 |     115 |       49 |     18 |    37 |    +0.4% |   -1.916 |       -2.3 |    360 | dataadr[0]
     1032 |       0 |     115 |       49 |     18 |    37 |    +0.4% |   -1.916 |       -2.3 |    359 | dataadr[0]
     1033 |       0 |     115 |       49 |     18 |    37 |    +0.4% |   -1.916 |       -2.3 |    358 | dataadr[0]
     1034 |       0 |     115 |       49 |     18 |    37 |    +0.4% |   -1.916 |       -2.3 |    357 | dataadr[0]
     1035 |       0 |     115 |       49 |     18 |    37 |    +0.4% |   -1.916 |       -2.3 |    356 | dataadr[0]
     1036 |       0 |     115 |       49 |     18 |    37 |    +0.4% |   -1.916 |       -2.3 |    355 | dataadr[0]
     1037 |       0 |     115 |       49 |     18 |    37 |    +0.4% |   -1.916 |       -2.3 |    354 | dataadr[0]
     1038 |       0 |     115 |       49 |     18 |    37 |    +0.4% |   -1.916 |       -2.3 |    353 | dataadr[0]
     1039 |       0 |     115 |       49 |     18 |    37 |    +0.4% |   -1.916 |       -2.3 |    352 | dataadr[0]
     1040 |       0 |     115 |       49 |     18 |    37 |    +0.4% |   -1.916 |       -2.3 |    352 | dataadr[0]
     1040 |       0 |     115 |       49 |     18 |    37 |    +0.4% |   -1.916 |       -2.3 |    351 | dataadr[0]
     1041 |       0 |     115 |       49 |     18 |    37 |    +0.4% |   -1.916 |       -2.3 |    350 | dataadr[0]
     1042 |       0 |     115 |       49 |     18 |    37 |    +0.4% |   -1.916 |       -2.3 |    349 | dataadr[0]
     1043 |       0 |     115 |       49 |     18 |    37 |    +0.4% |   -1.916 |       -2.3 |    348 | dataadr[0]
     1044 |       0 |     115 |       49 |     18 |    37 |    +0.4% |   -1.916 |       -2.3 |    347 | dataadr[0]
     1045 |       0 |     115 |       49 |     18 |    37 |    +0.4% |   -1.916 |       -2.3 |    346 | dataadr[0]
     1046 |       0 |     115 |       49 |     18 |    37 |    +0.4% |   -1.916 |       -2.3 |    345 | dataadr[0]
     1047 |       0 |     115 |       49 |     18 |    37 |    +0.4% |   -1.916 |       -2.3 |    344 | dataadr[0]
     1048 |       0 |     115 |       49 |     18 |    37 |    +0.4% |   -1.916 |       -2.3 |    343 | dataadr[0]
     1049 |       0 |     115 |       49 |     18 |    37 |    +0.4% |   -1.916 |       -2.3 |    342 | dataadr[0]
     1050 |       0 |     115 |       49 |     18 |    37 |    +0.4% |   -1.916 |       -2.3 |    342 | dataadr[0]
     1050 |       0 |     115 |       49 |     18 |    37 |    +0.4% |   -1.916 |       -2.3 |    341 | dataadr[0]
     1051 |       0 |     115 |       49 |     18 |    37 |    +0.4% |   -1.916 |       -2.3 |    340 | dataadr[0]
     1052 |       0 |     115 |       49 |     18 |    37 |    +0.4% |   -1.916 |       -2.3 |    339 | dataadr[0]
     1053 |       0 |     115 |       49 |     18 |    37 |    +0.4% |   -1.916 |       -2.3 |    338 | dataadr[0]
     1054 |       0 |     115 |       49 |     18 |    37 |    +0.4% |   -1.916 |       -2.3 |    337 | dataadr[0]
     1055 |       0 |     115 |       49 |     18 |    37 |    +0.4% |   -1.916 |       -2.3 |    336 | dataadr[0]
     1056 |       0 |     115 |       49 |     18 |    37 |    +0.4% |   -1.916 |       -2.3 |    335 | dataadr[0]
     1057 |       0 |     115 |       49 |     18 |    37 |    +0.4% |   -1.916 |       -2.3 |    334 | dataadr[0]
     1058 |       0 |     115 |       49 |     18 |    37 |    +0.4% |   -1.916 |       -2.3 |    333 | dataadr[0]
     1059 |       0 |     115 |       49 |     18 |    37 |    +0.4% |   -1.916 |       -2.3 |    332 | dataadr[0]
     1060 |       0 |     115 |       49 |     18 |    37 |    +0.4% |   -1.916 |       -2.3 |    332 | dataadr[0]
     1060 |       0 |     115 |       49 |     18 |    37 |    +0.4% |   -1.916 |       -2.3 |    331 | dataadr[0]
     1061 |       0 |     115 |       49 |     18 |    37 |    +0.4% |   -1.916 |       -2.3 |    330 | dataadr[0]
     1062 |       0 |     115 |       49 |     18 |    37 |    +0.4% |   -1.916 |       -2.3 |    329 | dataadr[0]
     1063 |       0 |     115 |       49 |     18 |    37 |    +0.4% |   -1.916 |       -2.3 |    328 | dataadr[0]
     1064 |       0 |     115 |       49 |     18 |    37 |    +0.4% |   -1.916 |       -2.3 |    327 | dataadr[0]
     1065 |       0 |     115 |       49 |     18 |    37 |    +0.4% |   -1.916 |       -2.3 |    326 | dataadr[0]
     1066 |       0 |     115 |       49 |     18 |    37 |    +0.4% |   -1.916 |       -2.3 |    325 | dataadr[0]
     1067 |       0 |     115 |       49 |     18 |    37 |    +0.4% |   -1.916 |       -2.3 |    324 | dataadr[0]
     1068 |       0 |     115 |       49 |     18 |    37 |    +0.4% |   -1.916 |       -2.3 |    323 | dataadr[0]
     1069 |       0 |     115 |       49 |     18 |    37 |    +0.4% |   -1.916 |       -2.3 |    322 | dataadr[0]
     1070 |       0 |     115 |       49 |     18 |    37 |    +0.4% |   -1.916 |       -2.3 |    322 | dataadr[0]
     1070 |       0 |     115 |       49 |     18 |    37 |    +0.4% |   -1.916 |       -2.3 |    321 | dataadr[0]
     1071 |       0 |     115 |       49 |     18 |    37 |    +0.4% |   -1.916 |       -2.3 |    320 | dataadr[0]
     1072 |       0 |     115 |       49 |     18 |    37 |    +0.4% |   -1.916 |       -2.3 |    319 | dataadr[0]
     1073 |       0 |     115 |       49 |     18 |    37 |    +0.4% |   -1.916 |       -2.3 |    318 | dataadr[0]
     1074 |       0 |     115 |       49 |     18 |    37 |    +0.4% |   -1.916 |       -2.3 |    317 | dataadr[0]
     1075 |       0 |     115 |       49 |     18 |    37 |    +0.4% |   -1.916 |       -2.3 |    316 | dataadr[0]
     1076 |       0 |     115 |       49 |     18 |    37 |    +0.4% |   -1.916 |       -2.3 |    315 | dataadr[0]
     1077 |       0 |     115 |       49 |     18 |    37 |    +0.4% |   -1.916 |       -2.3 |    314 | dataadr[0]
     1078 |       0 |     115 |       49 |     18 |    37 |    +0.4% |   -1.916 |       -2.3 |    313 | dataadr[0]
     1079 |       0 |     115 |       49 |     18 |    37 |    +0.4% |   -1.916 |       -2.3 |    312 | dataadr[0]
     1080 |       0 |     115 |       49 |     18 |    37 |    +0.4% |   -1.916 |       -2.3 |    312 | dataadr[0]
     1080 |       0 |     115 |       49 |     18 |    37 |    +0.4% |   -1.916 |       -2.3 |    311 | dataadr[0]
     1081 |       0 |     115 |       49 |     18 |    37 |    +0.4% |   -1.916 |       -2.3 |    310 | dataadr[0]
     1082 |       0 |     115 |       49 |     18 |    37 |    +0.4% |   -1.916 |       -2.3 |    309 | dataadr[0]
     1083 |       0 |     115 |       49 |     18 |    37 |    +0.4% |   -1.916 |       -2.3 |    308 | dataadr[0]
     1084 |       0 |     115 |       49 |     18 |    37 |    +0.4% |   -1.916 |       -2.3 |    307 | dataadr[0]
     1085 |       0 |     115 |       49 |     18 |    37 |    +0.4% |   -1.916 |       -2.3 |    306 | dataadr[0]
     1086 |       0 |     115 |       49 |     18 |    37 |    +0.4% |   -1.916 |       -2.3 |    305 | dataadr[0]
     1087 |       0 |     115 |       49 |     18 |    37 |    +0.4% |   -1.916 |       -2.3 |    304 | dataadr[0]
     1088 |       0 |     115 |       49 |     18 |    37 |    +0.4% |   -1.916 |       -2.3 |    303 | dataadr[0]
     1089 |       0 |     115 |       49 |     18 |    37 |    +0.4% |   -1.916 |       -2.3 |    302 | dataadr[0]
     1090 |       0 |     115 |       49 |     18 |    37 |    +0.4% |   -1.916 |       -2.3 |    302 | dataadr[0]
     1090 |       0 |     115 |       49 |     18 |    37 |    +0.4% |   -1.916 |       -2.3 |    301 | dataadr[0]
     1091 |       0 |     115 |       49 |     18 |    37 |    +0.4% |   -1.916 |       -2.3 |    300 | dataadr[0]
     1092 |       0 |     115 |       49 |     18 |    37 |    +0.4% |   -1.916 |       -2.3 |    299 | dataadr[0]
     1093 |       0 |     115 |       49 |     18 |    37 |    +0.4% |   -1.916 |       -2.3 |    298 | dataadr[0]
     1094 |       0 |     115 |       49 |     18 |    37 |    +0.4% |   -1.916 |       -2.3 |    297 | dataadr[0]
     1095 |       0 |     115 |       49 |     18 |    37 |    +0.4% |   -1.916 |       -2.3 |    296 | dataadr[0]
     1096 |       0 |     115 |       49 |     18 |    37 |    +0.4% |   -1.916 |       -2.3 |    295 | dataadr[0]
     1097 |       0 |     115 |       49 |     18 |    37 |    +0.4% |   -1.916 |       -2.3 |    294 | dataadr[0]
     1098 |       0 |     115 |       49 |     18 |    37 |    +0.4% |   -1.916 |       -2.3 |    293 | dataadr[0]
     1099 |       0 |     115 |       49 |     18 |    37 |    +0.4% |   -1.916 |       -2.3 |    292 | dataadr[0]
     1100 |       0 |     115 |       49 |     18 |    37 |    +0.4% |   -1.916 |       -2.3 |    292 | dataadr[0]
     1100 |       0 |     115 |       49 |     18 |    37 |    +0.4% |   -1.916 |       -2.3 |    292 | dataadr[0]
     1101 |       0 |     115 |       49 |     18 |    37 |    +0.4% |   -1.916 |       -2.3 |    291 | dataadr[0]
     1102 |       0 |     115 |       49 |     18 |    37 |    +0.4% |   -1.916 |       -2.3 |    290 | dataadr[0]
     1103 |       0 |     115 |       49 |     18 |    37 |    +0.4% |   -1.916 |       -2.3 |    289 | dataadr[0]
     1104 |       0 |     115 |       49 |     18 |    37 |    +0.4% |   -1.916 |       -2.3 |    288 | dataadr[0]
     1105 |       0 |     115 |       49 |     18 |    37 |    +0.4% |   -1.916 |       -2.3 |    287 | dataadr[0]
     1106 |       0 |     115 |       49 |     18 |    37 |    +0.4% |   -1.916 |       -2.3 |    286 | dataadr[0]
     1107 |       0 |     115 |       49 |     18 |    37 |    +0.4% |   -1.916 |       -2.3 |    285 | dataadr[0]
     1108 |       0 |     115 |       49 |     18 |    37 |    +0.4% |   -1.916 |       -2.3 |    284 | dataadr[0]
     1109 |       0 |     115 |       49 |     18 |    37 |    +0.4% |   -1.916 |       -2.3 |    283 | dataadr[0]
     1110 |       0 |     115 |       49 |     18 |    37 |    +0.4% |   -1.916 |       -2.3 |    283 | dataadr[0]
     1110 |       0 |     115 |       49 |     18 |    37 |    +0.4% |   -1.916 |       -2.3 |    282 | dataadr[0]
     1111 |       0 |     115 |       49 |     18 |    37 |    +0.4% |   -1.916 |       -2.3 |    281 | dataadr[0]
     1112 |       0 |     115 |       49 |     18 |    37 |    +0.4% |   -1.916 |       -2.3 |    280 | dataadr[0]
     1113 |       0 |     115 |       49 |     18 |    37 |    +0.4% |   -1.916 |       -2.3 |    279 | dataadr[0]
     1114 |       0 |     115 |       49 |     18 |    37 |    +0.4% |   -1.916 |       -2.3 |    278 | dataadr[0]
     1115 |       0 |     115 |       49 |     18 |    37 |    +0.4% |   -1.916 |       -2.3 |    277 | dataadr[0]
     1116 |       0 |     115 |       49 |     18 |    37 |    +0.4% |   -1.916 |       -2.3 |    276 | dataadr[0]
     1117 |       0 |     115 |       49 |     18 |    37 |    +0.4% |   -1.916 |       -2.3 |    275 | dataadr[0]
     1118 |       0 |     115 |       49 |     18 |    37 |    +0.4% |   -1.916 |       -2.3 |    274 | dataadr[0]
     1119 |       0 |     115 |       49 |     18 |    37 |    +0.4% |   -1.916 |       -2.3 |    273 | dataadr[0]
     1120 |       0 |     115 |       49 |     18 |    37 |    +0.4% |   -1.916 |       -2.3 |    273 | dataadr[0]
     1120 |       0 |     115 |       49 |     18 |    37 |    +0.4% |   -1.916 |       -2.3 |    272 | dataadr[0]
     1121 |       0 |     115 |       49 |     18 |    37 |    +0.4% |   -1.916 |       -2.3 |    271 | dataadr[0]
     1122 |       0 |     115 |       49 |     18 |    37 |    +0.4% |   -1.916 |       -2.3 |    270 | dataadr[0]
     1123 |       0 |     115 |       49 |     18 |    37 |    +0.4% |   -1.916 |       -2.3 |    269 | dataadr[0]
     1124 |       0 |     115 |       49 |     18 |    37 |    +0.4% |   -1.916 |       -2.3 |    268 | dataadr[0]
     1125 |       0 |     115 |       49 |     18 |    37 |    +0.4% |   -1.916 |       -2.3 |    267 | dataadr[0]
     1126 |       0 |     115 |       49 |     18 |    37 |    +0.4% |   -1.916 |       -2.3 |    266 | dataadr[0]
     1127 |       0 |     115 |       49 |     18 |    37 |    +0.4% |   -1.916 |       -2.3 |    265 | dataadr[0]
     1128 |       0 |     115 |       49 |     18 |    37 |    +0.4% |   -1.916 |       -2.3 |    264 | dataadr[0]
     1129 |       0 |     115 |       49 |     18 |    37 |    +0.4% |   -1.916 |       -2.3 |    263 | dataadr[0]
     1130 |       0 |     115 |       49 |     18 |    37 |    +0.4% |   -1.916 |       -2.3 |    263 | dataadr[0]
     1130 |       0 |     115 |       49 |     18 |    37 |    +0.4% |   -1.916 |       -2.3 |    262 | dataadr[0]
     1131 |       0 |     115 |       49 |     18 |    37 |    +0.4% |   -1.916 |       -2.3 |    261 | dataadr[0]
     1132 |       0 |     115 |       49 |     18 |    37 |    +0.4% |   -1.916 |       -2.3 |    260 | dataadr[0]
     1133 |       0 |     115 |       49 |     18 |    37 |    +0.4% |   -1.916 |       -2.3 |    259 | dataadr[0]
     1134 |       0 |     115 |       49 |     18 |    37 |    +0.4% |   -1.916 |       -2.3 |    258 | dataadr[0]
     1135 |       0 |     115 |       49 |     18 |    37 |    +0.4% |   -1.916 |       -2.3 |    257 | dataadr[0]
     1136 |       0 |     115 |       49 |     18 |    37 |    +0.4% |   -1.916 |       -2.3 |    256 | dataadr[0]
     1137 |       0 |     115 |       49 |     18 |    37 |    +0.4% |   -1.916 |       -2.3 |    255 | dataadr[0]
     1138 |       0 |     115 |       49 |     18 |    37 |    +0.4% |   -1.916 |       -2.3 |    254 | dataadr[0]
     1139 |       0 |     115 |       49 |     18 |    37 |    +0.4% |   -1.916 |       -2.3 |    253 | dataadr[0]
     1140 |       0 |     115 |       49 |     18 |    37 |    +0.4% |   -1.916 |       -2.3 |    253 | dataadr[0]
     1140 |       0 |     115 |       49 |     18 |    37 |    +0.4% |   -1.916 |       -2.3 |    252 | dataadr[0]
     1141 |       0 |     115 |       49 |     18 |    37 |    +0.4% |   -1.916 |       -2.3 |    251 | dataadr[0]
     1142 |       0 |     115 |       49 |     18 |    37 |    +0.4% |   -1.916 |       -2.3 |    250 | dataadr[0]
     1143 |       0 |     115 |       49 |     18 |    37 |    +0.4% |   -1.916 |       -2.3 |    249 | dataadr[0]
     1144 |       0 |     115 |       49 |     18 |    37 |    +0.4% |   -1.916 |       -2.3 |    248 | dataadr[0]
     1145 |       0 |     115 |       49 |     18 |    37 |    +0.4% |   -1.916 |       -2.3 |    247 | dataadr[0]
     1146 |       0 |     115 |       49 |     18 |    37 |    +0.4% |   -1.916 |       -2.3 |    246 | dataadr[0]
     1147 |       0 |     115 |       49 |     18 |    37 |    +0.4% |   -1.916 |       -2.3 |    245 | dataadr[0]
     1148 |       0 |     115 |       49 |     18 |    37 |    +0.4% |   -1.916 |       -2.3 |    244 | dataadr[0]
     1149 |       0 |     115 |       49 |     18 |    37 |    +0.4% |   -1.916 |       -2.3 |    243 | dataadr[0]
     1150 |       0 |     115 |       49 |     18 |    37 |    +0.4% |   -1.916 |       -2.3 |    243 | dataadr[0]
     1150 |       0 |     115 |       49 |     18 |    37 |    +0.4% |   -1.916 |       -2.3 |    242 | dataadr[0]
     1151 |       0 |     115 |       49 |     18 |    37 |    +0.4% |   -1.916 |       -2.3 |    241 | dataadr[0]
     1152 |       0 |     115 |       49 |     18 |    37 |    +0.4% |   -1.916 |       -2.3 |    240 | dataadr[0]
     1153 |       0 |     115 |       49 |     18 |    37 |    +0.4% |   -1.916 |       -2.3 |    239 | dataadr[0]
     1154 |       0 |     115 |       49 |     18 |    37 |    +0.4% |   -1.916 |       -2.3 |    238 | dataadr[0]
     1155 |       0 |     115 |       49 |     18 |    37 |    +0.4% |   -1.916 |       -2.3 |    237 | dataadr[0]
     1156 |       0 |     115 |       49 |     18 |    37 |    +0.4% |   -1.916 |       -2.3 |    236 | dataadr[0]
     1157 |       0 |     115 |       49 |     18 |    37 |    +0.4% |   -1.916 |       -2.3 |    235 | dataadr[0]
     1158 |       0 |     115 |       49 |     18 |    37 |    +0.4% |   -1.916 |       -2.3 |    234 | dataadr[0]
     1159 |       0 |     115 |       49 |     18 |    37 |    +0.4% |   -1.916 |       -2.3 |    233 | dataadr[0]
     1160 |       0 |     115 |       49 |     18 |    37 |    +0.4% |   -1.916 |       -2.3 |    233 | dataadr[0]
     1160 |       0 |     115 |       49 |     18 |    37 |    +0.4% |   -1.916 |       -2.3 |    232 | dataadr[0]
     1161 |       0 |     115 |       49 |     18 |    37 |    +0.4% |   -1.916 |       -2.3 |    231 | dataadr[0]
     1162 |       0 |     115 |       49 |     18 |    37 |    +0.4% |   -1.916 |       -2.3 |    230 | dataadr[0]
     1163 |       0 |     115 |       49 |     18 |    37 |    +0.4% |   -1.916 |       -2.3 |    229 | dataadr[0]
     1164 |       0 |     115 |       49 |     18 |    37 |    +0.4% |   -1.916 |       -2.3 |    228 | dataadr[0]
     1165 |       0 |     115 |       49 |     18 |    37 |    +0.4% |   -1.916 |       -2.3 |    227 | dataadr[0]
     1166 |       0 |     115 |       49 |     18 |    37 |    +0.4% |   -1.916 |       -2.3 |    226 | dataadr[0]
     1167 |       0 |     115 |       49 |     18 |    37 |    +0.4% |   -1.916 |       -2.3 |    225 | dataadr[0]
     1168 |       0 |     115 |       49 |     18 |    37 |    +0.4% |   -1.916 |       -2.3 |    224 | dataadr[0]
     1169 |       0 |     115 |       49 |     18 |    37 |    +0.4% |   -1.916 |       -2.3 |    223 | dataadr[0]
     1170 |       0 |     115 |       49 |     18 |    37 |    +0.4% |   -1.916 |       -2.3 |    223 | dataadr[0]
     1170 |       0 |     115 |       49 |     18 |    37 |    +0.4% |   -1.916 |       -2.3 |    222 | dataadr[0]
     1171 |       0 |     115 |       49 |     18 |    37 |    +0.4% |   -1.916 |       -2.3 |    221 | dataadr[0]
     1172 |       0 |     115 |       49 |     18 |    37 |    +0.4% |   -1.916 |       -2.3 |    220 | dataadr[0]
     1173 |       0 |     115 |       49 |     18 |    37 |    +0.4% |   -1.916 |       -2.3 |    219 | dataadr[0]
     1174 |       0 |     115 |       49 |     18 |    37 |    +0.4% |   -1.916 |       -2.3 |    218 | dataadr[0]
     1175 |       0 |     115 |       49 |     18 |    37 |    +0.4% |   -1.916 |       -2.3 |    217 | dataadr[0]
     1176 |       0 |     115 |       49 |     18 |    37 |    +0.4% |   -1.916 |       -2.3 |    216 | dataadr[0]
     1177 |       0 |     115 |       49 |     18 |    37 |    +0.4% |   -1.916 |       -2.3 |    215 | dataadr[0]
     1178 |       0 |     115 |       49 |     18 |    37 |    +0.4% |   -1.916 |       -2.3 |    214 | dataadr[0]
     1179 |       0 |     115 |       49 |     18 |    37 |    +0.4% |   -1.916 |       -2.3 |    213 | dataadr[0]
     1180 |       0 |     115 |       49 |     18 |    37 |    +0.4% |   -1.916 |       -2.3 |    213 | dataadr[0]
     1180 |       0 |     115 |       49 |     18 |    37 |    +0.4% |   -1.916 |       -2.3 |    212 | dataadr[0]
     1181 |       0 |     115 |       49 |     18 |    37 |    +0.4% |   -1.916 |       -2.3 |    211 | dataadr[0]
     1182 |       0 |     115 |       49 |     18 |    37 |    +0.4% |   -1.916 |       -2.3 |    210 | dataadr[0]
     1183 |       0 |     115 |       49 |     18 |    37 |    +0.4% |   -1.916 |       -2.3 |    209 | dataadr[0]
     1184 |       0 |     115 |       49 |     18 |    37 |    +0.4% |   -1.916 |       -2.3 |    208 | dataadr[0]
     1185 |       0 |     115 |       49 |     18 |    37 |    +0.4% |   -1.916 |       -2.3 |    207 | dataadr[0]
     1186 |       0 |     115 |       49 |     18 |    37 |    +0.4% |   -1.916 |       -2.3 |    206 | dataadr[0]
     1187 |       0 |     115 |       49 |     18 |    37 |    +0.4% |   -1.916 |       -2.3 |    205 | dataadr[0]
     1188 |       0 |     115 |       49 |     18 |    37 |    +0.4% |   -1.916 |       -2.3 |    204 | dataadr[0]
     1189 |       0 |     115 |       49 |     18 |    37 |    +0.4% |   -1.916 |       -2.3 |    203 | dataadr[0]
     1190 |       0 |     115 |       49 |     18 |    37 |    +0.4% |   -1.916 |       -2.3 |    203 | dataadr[0]
     1190 |       0 |     115 |       49 |     18 |    37 |    +0.4% |   -1.916 |       -2.3 |    202 | dataadr[0]
     1191 |       0 |     115 |       49 |     18 |    37 |    +0.4% |   -1.916 |       -2.3 |    201 | dataadr[0]
     1192 |       0 |     115 |       49 |     18 |    37 |    +0.4% |   -1.916 |       -2.3 |    200 | dataadr[0]
     1193 |       0 |     115 |       49 |     18 |    37 |    +0.4% |   -1.916 |       -2.3 |    199 | dataadr[0]
     1194 |       0 |     115 |       49 |     18 |    37 |    +0.4% |   -1.916 |       -2.3 |    198 | dataadr[0]
     1195 |       0 |     115 |       49 |     18 |    37 |    +0.4% |   -1.916 |       -2.3 |    197 | dataadr[0]
     1196 |       0 |     115 |       49 |     18 |    37 |    +0.4% |   -1.916 |       -2.3 |    196 | dataadr[0]
     1197 |       0 |     115 |       49 |     18 |    37 |    +0.4% |   -1.916 |       -2.3 |    195 | dataadr[0]
     1198 |       0 |     115 |       49 |     18 |    37 |    +0.4% |   -1.916 |       -2.3 |    194 | dataadr[0]
     1199 |       0 |     115 |       49 |     18 |    37 |    +0.4% |   -1.916 |       -2.3 |    193 | dataadr[0]
     1200 |       0 |     115 |       49 |     18 |    37 |    +0.4% |   -1.916 |       -2.3 |    193 | dataadr[0]
     1200 |       0 |     115 |       49 |     18 |    37 |    +0.4% |   -1.916 |       -2.3 |    193 | dataadr[0]
    1200* |       0 |     115 |       49 |     18 |    37 |    +0.4% |   -1.916 |       -2.3 |      2 | dataadr[0]
    1202* |       0 |     116 |       49 |     18 |    37 |    +0.4% |   -0.385 |       -0.4 |      0 | _tray_size4_1993/D2
    1204* |       0 |     117 |       49 |     18 |    37 |    +0.4% |   -0.300 |       -0.3 |      0 | _tray_size4_1993/D2
    final |       0 |     117 |       49 |     18 |    37 |    +0.4% |   -0.300 |       -0.3 |      0 | _tray_size4_1993/D2
--------------------------------------------------------------------------------------------------------------
[INFO RSZ-0045] Inserted 49 buffers, 1 to split loads.
[INFO RSZ-0051] Resized 117 instances: 117 up, 0 up match, 0 down, 0 VT
[INFO RSZ-0043] Swapped pins on 37 instances.
[INFO RSZ-0049] Cloned 18 instances.
[WARNING RSZ-0062] Unable to repair all setup violations.
[INFO RSZ-0033] No hold violations found.
Took 33 seconds: repair_timing -setup_margin 0 -hold_margin 0 -repair_tns 100 -verbose
global_route -start_incremental
detailed_placement
[INFO DPL-0005] Max displacement: +/- 500 sites horizontally, +/- 100 rows vertically.
Movements Summary
---------------------------------------
Total cells:                    9536
Diamond Move Success:           9536 (100.00%)
Diamond Move Failure:              0
Rip-up and replace Success:        0 (  0.00% of diamond failures)
Rip-up and replace Failure:        0
Total Placement Failures:          0
---------------------------------------
Placement Analysis
---------------------------------
total displacement        147.7 u
average displacement        0.0 u
max displacement            2.3 u
original HPWL           48048.5 u
legalized HPWL          48149.1 u
delta HPWL                    0 %

global_route -end_incremental -congestion_report_file ./reports/asap7/riscv32i/baseline_alpha_8-beta_0.1-run5/congestion_post_repair_timing.rpt
global_route -start_incremental
global_route -end_incremental -congestion_report_file ./reports/asap7/riscv32i/baseline_alpha_8-beta_0.1-run5/congestion_post_recover_power.rpt
Repair antennas...
[WARNING GRT-0246] No diode with LEF class CORE ANTENNACELL found.
[INFO ANT-0002] Found 0 net violations.
[INFO ANT-0001] Found 0 pin violations.
Estimate parasitics...
estimate_parasitics -global_routing
Report metrics stage 5, global route...

==========================================================================
global route report_design_area
--------------------------------------------------------------------------
Design area 2660 um^2 66% utilization.
[INFO FLW-0007] clock clk period 950.000000
[INFO FLW-0008] Clock clk period 946.016
[INFO FLW-0009] Clock clk slack -45.806
[INFO FLW-0011] Path endpoint path count 1459
write_db ./results/asap7/riscv32i/baseline_alpha_8-beta_0.1-run5/5_1_grt.odb
write_sdc -no_timestamp ./results/asap7/riscv32i/baseline_alpha_8-beta_0.1-run5/5_1_grt.sdc
Elapsed time: 0:57.54[h:]min:sec. CPU time: user 709.58 sys 53.10 (1325%). Peak memory: 566948KB.
Log                        Elapsed/s Peak Memory/MB  sha1sum .odb [0:20)
5_1_grt                           57            553 9a4dae7c607d60f0b385
