
==========================================================================
finish report_tns
--------------------------------------------------------------------------
tns max -1345.03

==========================================================================
finish report_wns
--------------------------------------------------------------------------
wns max -79.83

==========================================================================
finish report_worst_slack
--------------------------------------------------------------------------
worst slack max -79.83

==========================================================================
finish report_clock_min_period
--------------------------------------------------------------------------
mrx_clk_pad_i period_min = 379.83 fmax = 2632.73
mtx_clk_pad_i period_min = 297.31 fmax = 3363.54
wb_clk_i period_min = 672.27 fmax = 1487.49

==========================================================================
finish report_clock_skew
--------------------------------------------------------------------------
Clock mrx_clk_pad_i
  45.09 source latency rxethmac1.LatchedByte[7]$_DFF_PP0_/CLK ^
 -66.24 target latency rxethmac1.LatchedByte[3]$_DFF_PP0_/CLK ^
  -1.74 CRPR
--------------
 -22.89 setup skew

Clock mtx_clk_pad_i
  66.73 source latency maccontrol1.receivecontrol1.Pause$_DFFE_PP0P_/CLK ^
 -59.82 target latency txethmac1.RetryCnt[1]$_DFFE_PP0P_/CLK ^
  -0.84 CRPR
--------------
   6.08 setup skew

Clock wb_clk_i
 148.06 source latency wishbone.ram_addr[2]$_DFFE_PP0P_/CLK ^
-131.87 target latency _tray_size4_20897/CLK ^
  -1.71 CRPR
--------------
  14.48 setup skew


==========================================================================
finish report_checks -path_delay min
--------------------------------------------------------------------------
Startpoint: wb_rst_i (input port clocked by mrx_clk_pad_i)
Endpoint: maccontrol1.receivecontrol1.SlotTimer[0]$_DFFE_PP0P_
          (removal check against rising-edge clock mrx_clk_pad_i)
Path Group: asynchronous
Path Type: min

Fanout     Cap    Slew   Delay    Time   Description
-----------------------------------------------------------------------------
                          0.00    0.00   clock mrx_clk_pad_i (rise edge)
                          0.00    0.00   clock network delay (propagated)
                         60.00   60.00 v input external delay
     1    1.39    0.00    0.00   60.00 v wb_rst_i (in)
                                         wb_rst_i (net)
                  0.50    0.16   60.16 v input1332/A (BUFx2_ASAP7_75t_R)
     2   12.45   38.42   22.17   82.33 v input1332/Y (BUFx2_ASAP7_75t_R)
                                         net1331 (net)
                 41.78    5.99   88.31 v _058948_/A (CKINVDCx20_ASAP7_75t_R)
     9    8.52   12.54   11.30   99.61 ^ _058948_/Y (CKINVDCx20_ASAP7_75t_R)
                                         _000240_ (net)
                 13.80    2.00  101.61 ^ place18264/A (BUFx3_ASAP7_75t_R)
     6    4.52   12.87   17.21  118.82 ^ place18264/Y (BUFx3_ASAP7_75t_R)
                                         net18261 (net)
                 12.95    0.57  119.38 ^ maccontrol1.receivecontrol1.SlotTimer[0]$_DFFE_PP0P_/RESETN (DFFASRHQNx1_ASAP7_75t_R)
                                119.38   data arrival time

                          0.00    0.00   clock mrx_clk_pad_i (rise edge)
                          0.00    0.00   clock source latency
     1    4.99    0.00    0.00    0.00 ^ mrx_clk_pad_i (in)
                                         mrx_clk_pad_i (net)
                  5.19    1.64    1.64 ^ clkbuf_0_mrx_clk_pad_i/A (BUFx24_ASAP7_75t_R)
     2    7.99    8.96   16.78   18.42 ^ clkbuf_0_mrx_clk_pad_i/Y (BUFx24_ASAP7_75t_R)
                                         clknet_0_mrx_clk_pad_i (net)
                 10.44    1.84   20.26 ^ clkbuf_1_0__f_mrx_clk_pad_i/A (BUFx24_ASAP7_75t_R)
     8   26.31   17.73   20.98   41.23 ^ clkbuf_1_0__f_mrx_clk_pad_i/Y (BUFx24_ASAP7_75t_R)
                                         clknet_1_0__leaf_mrx_clk_pad_i (net)
                 20.25    3.47   44.70 ^ clkbuf_leaf_12_mrx_clk_pad_i/A (BUFx24_ASAP7_75t_R)
    17   16.86   13.08   22.81   67.52 ^ clkbuf_leaf_12_mrx_clk_pad_i/Y (BUFx24_ASAP7_75t_R)
                                         clknet_leaf_12_mrx_clk_pad_i (net)
                 13.74    1.45   68.97 ^ maccontrol1.receivecontrol1.SlotTimer[0]$_DFFE_PP0P_/CLK (DFFASRHQNx1_ASAP7_75t_R)
                          0.00   68.97   clock reconvergence pessimism
                         22.40   91.37   library removal time
                                 91.37   data required time
-----------------------------------------------------------------------------
                                 91.37   data required time
                               -119.38   data arrival time
-----------------------------------------------------------------------------
                                 28.01   slack (MET)


Startpoint: mrxdv_pad_i (input port clocked by mrx_clk_pad_i)
Endpoint: RxEnSync$_DFFE_PP0N_
          (rising edge-triggered flip-flop clocked by mrx_clk_pad_i)
Path Group: mrx_clk_pad_i
Path Type: min

Fanout     Cap    Slew   Delay    Time   Description
-----------------------------------------------------------------------------
                          0.00    0.00   clock mrx_clk_pad_i (rise edge)
                          0.00    0.00   clock network delay (propagated)
                         60.00   60.00 ^ input external delay
     1    0.88    0.00    0.00   60.00 ^ mrxdv_pad_i (in)
                                         mrxdv_pad_i (net)
                  0.19    0.06   60.06 ^ input1287/A (BUFx2_ASAP7_75t_R)
     1    0.56    5.02    9.93   69.99 ^ input1287/Y (BUFx2_ASAP7_75t_R)
                                         net1286 (net)
                  5.02    0.04   70.03 ^ _056058_/A (INVx1_ASAP7_75t_R)
     2    1.17    7.55    5.71   75.74 v _056058_/Y (INVx1_ASAP7_75t_R)
                                         _021344_ (net)
                  7.56    0.11   75.85 v _056060_/A2 (AO21x1_ASAP7_75t_R)
     1    0.60    5.99   13.83   89.68 v _056060_/Y (AO21x1_ASAP7_75t_R)
                                         _012860_ (net)
                  5.99    0.05   89.73 v RxEnSync$_DFFE_PP0N_/D (DFFASRHQNx1_ASAP7_75t_R)
                                 89.73   data arrival time

                          0.00    0.00   clock mrx_clk_pad_i (rise edge)
                          0.00    0.00   clock source latency
     1    4.99    0.00    0.00    0.00 ^ mrx_clk_pad_i (in)
                                         mrx_clk_pad_i (net)
                  5.19    1.64    1.64 ^ clkbuf_0_mrx_clk_pad_i/A (BUFx24_ASAP7_75t_R)
     2    7.99    8.96   16.78   18.42 ^ clkbuf_0_mrx_clk_pad_i/Y (BUFx24_ASAP7_75t_R)
                                         clknet_0_mrx_clk_pad_i (net)
                 10.44    1.84   20.26 ^ clkbuf_1_0__f_mrx_clk_pad_i/A (BUFx24_ASAP7_75t_R)
     8   26.31   17.73   20.98   41.23 ^ clkbuf_1_0__f_mrx_clk_pad_i/Y (BUFx24_ASAP7_75t_R)
                                         clknet_1_0__leaf_mrx_clk_pad_i (net)
                 20.25    3.47   44.70 ^ clkbuf_leaf_12_mrx_clk_pad_i/A (BUFx24_ASAP7_75t_R)
    17   16.86   13.08   22.81   67.52 ^ clkbuf_leaf_12_mrx_clk_pad_i/Y (BUFx24_ASAP7_75t_R)
                                         clknet_leaf_12_mrx_clk_pad_i (net)
                 15.24    2.78   70.30 ^ RxEnSync$_DFFE_PP0N_/CLK (DFFASRHQNx1_ASAP7_75t_R)
                          0.00   70.30   clock reconvergence pessimism
                         13.07   83.37   library hold time
                                 83.37   data required time
-----------------------------------------------------------------------------
                                 83.37   data required time
                                -89.73   data arrival time
-----------------------------------------------------------------------------
                                  6.35   slack (MET)


Startpoint: txethmac1.random1.x[8]$_DFF_PP0_
            (rising edge-triggered flip-flop clocked by mtx_clk_pad_i)
Endpoint: txethmac1.random1.x[9]$_DFF_PP0_
          (rising edge-triggered flip-flop clocked by mtx_clk_pad_i)
Path Group: mtx_clk_pad_i
Path Type: min

Fanout     Cap    Slew   Delay    Time   Description
-----------------------------------------------------------------------------
                          0.00    0.00   clock mtx_clk_pad_i (rise edge)
                          0.00    0.00   clock source latency
     1    4.96    0.00    0.00    0.00 ^ mtx_clk_pad_i (in)
                                         mtx_clk_pad_i (net)
                  6.07    1.91    1.91 ^ clkbuf_0_mtx_clk_pad_i/A (BUFx24_ASAP7_75t_R)
     2    5.33    8.03   16.74   18.65 ^ clkbuf_0_mtx_clk_pad_i/Y (BUFx24_ASAP7_75t_R)
                                         clknet_0_mtx_clk_pad_i (net)
                  8.19    0.73   19.38 ^ clkbuf_1_1__f_mtx_clk_pad_i/A (BUFx24_ASAP7_75t_R)
     6   15.24   12.24   18.90   38.29 ^ clkbuf_1_1__f_mtx_clk_pad_i/Y (BUFx24_ASAP7_75t_R)
                                         clknet_1_1__leaf_mtx_clk_pad_i (net)
                 12.63    1.06   39.34 ^ clkbuf_leaf_5_mtx_clk_pad_i/A (BUFx24_ASAP7_75t_R)
    23   13.01   11.17   19.93   59.27 ^ clkbuf_leaf_5_mtx_clk_pad_i/Y (BUFx24_ASAP7_75t_R)
                                         clknet_leaf_5_mtx_clk_pad_i (net)
                 11.39    0.69   59.96 ^ txethmac1.random1.x[8]$_DFF_PP0_/CLK (DFFASRHQNx1_ASAP7_75t_R)
     1    0.52   11.74   37.87   97.83 ^ txethmac1.random1.x[8]$_DFF_PP0_/QN (DFFASRHQNx1_ASAP7_75t_R)
                                         _004657_ (net)
                 11.74    0.02   97.85 ^ _067981_/A (INVx1_ASAP7_75t_R)
     2    1.23    9.19    7.66  105.51 v _067981_/Y (INVx1_ASAP7_75t_R)
                                         txethmac1.random1.x[8] (net)
                  9.19    0.08  105.59 v txethmac1.random1.x[9]$_DFF_PP0_/D (DFFASRHQNx1_ASAP7_75t_R)
                                105.59   data arrival time

                          0.00    0.00   clock mtx_clk_pad_i (rise edge)
                          0.00    0.00   clock source latency
     1    5.56    0.00    0.00    0.00 ^ mtx_clk_pad_i (in)
                                         mtx_clk_pad_i (net)
                  7.10    2.24    2.24 ^ clkbuf_0_mtx_clk_pad_i/A (BUFx24_ASAP7_75t_R)
     2    6.53    8.49   17.25   19.49 ^ clkbuf_0_mtx_clk_pad_i/Y (BUFx24_ASAP7_75t_R)
                                         clknet_0_mtx_clk_pad_i (net)
                  8.82    0.90   20.39 ^ clkbuf_1_1__f_mtx_clk_pad_i/A (BUFx24_ASAP7_75t_R)
     6   18.84   13.97   19.59   39.99 ^ clkbuf_1_1__f_mtx_clk_pad_i/Y (BUFx24_ASAP7_75t_R)
                                         clknet_1_1__leaf_mtx_clk_pad_i (net)
                 16.56    3.13   43.11 ^ clkbuf_leaf_7_mtx_clk_pad_i/A (BUFx24_ASAP7_75t_R)
    23   17.30   13.28   21.82   64.93 ^ clkbuf_leaf_7_mtx_clk_pad_i/Y (BUFx24_ASAP7_75t_R)
                                         clknet_leaf_7_mtx_clk_pad_i (net)
                 14.61    2.17   67.11 ^ txethmac1.random1.x[9]$_DFF_PP0_/CLK (DFFASRHQNx1_ASAP7_75t_R)
                         -1.70   65.40   clock reconvergence pessimism
                         12.56   77.97   library hold time
                                 77.97   data required time
-----------------------------------------------------------------------------
                                 77.97   data required time
                               -105.59   data arrival time
-----------------------------------------------------------------------------
                                 27.63   slack (MET)


Startpoint: miim1.ScanStat_q1$_DFF_PP0_
            (rising edge-triggered flip-flop clocked by wb_clk_i)
Endpoint: miim1.ScanStat_q2$_DFF_PP0_
          (rising edge-triggered flip-flop clocked by wb_clk_i)
Path Group: wb_clk_i
Path Type: min

Fanout     Cap    Slew   Delay    Time   Description
-----------------------------------------------------------------------------
                          0.00    0.00   clock wb_clk_i (rise edge)
                          0.00    0.00   clock source latency
     1   11.96    0.00    0.00    0.00 ^ wb_clk_i (in)
                                         wb_clk_i (net)
                 36.92   11.65   11.65 ^ clkbuf_0_wb_clk_i/A (BUFx24_ASAP7_75t_R)
     4   14.38   12.40   26.10   37.75 ^ clkbuf_0_wb_clk_i/Y (BUFx24_ASAP7_75t_R)
                                         clknet_0_wb_clk_i (net)
                 16.86    3.81   41.56 ^ clkbuf_2_0_0_wb_clk_i/A (BUFx24_ASAP7_75t_R)
     2    8.74    8.84   20.14   61.70 ^ clkbuf_2_0_0_wb_clk_i/Y (BUFx24_ASAP7_75t_R)
                                         clknet_2_0_0_wb_clk_i (net)
                 14.83    3.90   65.60 ^ clkbuf_3_0_0_wb_clk_i/A (BUFx24_ASAP7_75t_R)
     4   13.50   11.61   20.50   86.10 ^ clkbuf_3_0_0_wb_clk_i/Y (BUFx24_ASAP7_75t_R)
                                         clknet_3_0_0_wb_clk_i (net)
                 12.96    1.96   88.06 ^ clkbuf_5_3__f_wb_clk_i/A (BUFx24_ASAP7_75t_R)
     8   22.67   15.93   21.38  109.45 ^ clkbuf_5_3__f_wb_clk_i/Y (BUFx24_ASAP7_75t_R)
                                         clknet_5_3__leaf_wb_clk_i (net)
                 17.16    2.29  111.74 ^ clkbuf_leaf_229_wb_clk_i/A (BUFx24_ASAP7_75t_R)
    16   14.39   11.89   21.58  133.32 ^ clkbuf_leaf_229_wb_clk_i/Y (BUFx24_ASAP7_75t_R)
                                         clknet_leaf_229_wb_clk_i (net)
                 12.52    1.37  134.69 ^ miim1.ScanStat_q1$_DFF_PP0_/CLK (DFFASRHQNx1_ASAP7_75t_R)
     1    0.56   11.98   38.34  173.03 ^ miim1.ScanStat_q1$_DFF_PP0_/QN (DFFASRHQNx1_ASAP7_75t_R)
                                         _001636_ (net)
                 11.98    0.04  173.07 ^ _056052_/A (INVx1_ASAP7_75t_R)
     1    0.78    7.19    6.37  179.44 v _056052_/Y (INVx1_ASAP7_75t_R)
                                         miim1.ScanStat_q1 (net)
                  7.19    0.10  179.54 v miim1.ScanStat_q2$_DFF_PP0_/D (DFFASRHQNx1_ASAP7_75t_R)
                                179.54   data arrival time

                          0.00    0.00   clock wb_clk_i (rise edge)
                          0.00    0.00   clock source latency
     1   12.56    0.00    0.00    0.00 ^ wb_clk_i (in)
                                         wb_clk_i (net)
                 39.59   12.49   12.49 ^ clkbuf_0_wb_clk_i/A (BUFx24_ASAP7_75t_R)
     4   16.78   13.67   26.96   39.45 ^ clkbuf_0_wb_clk_i/Y (BUFx24_ASAP7_75t_R)
                                         clknet_0_wb_clk_i (net)
                 19.23    4.49   43.94 ^ clkbuf_2_0_0_wb_clk_i/A (BUFx24_ASAP7_75t_R)
     2    9.94    9.08   20.91   64.85 ^ clkbuf_2_0_0_wb_clk_i/Y (BUFx24_ASAP7_75t_R)
                                         clknet_2_0_0_wb_clk_i (net)
                 16.67    4.45   69.31 ^ clkbuf_3_0_0_wb_clk_i/A (BUFx24_ASAP7_75t_R)
     4   15.90   12.81   21.33   90.63 ^ clkbuf_3_0_0_wb_clk_i/Y (BUFx24_ASAP7_75t_R)
                                         clknet_3_0_0_wb_clk_i (net)
                 14.98    2.68   93.32 ^ clkbuf_5_2__f_wb_clk_i/A (BUFx24_ASAP7_75t_R)
     8   25.45   17.60   21.68  115.00 ^ clkbuf_5_2__f_wb_clk_i/Y (BUFx24_ASAP7_75t_R)
                                         clknet_5_2__leaf_wb_clk_i (net)
                 23.25    5.15  120.15 ^ clkbuf_leaf_228_wb_clk_i/A (BUFx24_ASAP7_75t_R)
    24   14.40   12.00   22.97  143.12 ^ clkbuf_leaf_228_wb_clk_i/Y (BUFx24_ASAP7_75t_R)
                                         clknet_leaf_228_wb_clk_i (net)
                 14.90    3.02  146.13 ^ miim1.ScanStat_q2$_DFF_PP0_/CLK (DFFASRHQNx1_ASAP7_75t_R)
                         -4.53  141.60   clock reconvergence pessimism
                         12.86  154.46   library hold time
                                154.46   data required time
-----------------------------------------------------------------------------
                                154.46   data required time
                               -179.54   data arrival time
-----------------------------------------------------------------------------
                                 25.08   slack (MET)



==========================================================================
finish report_checks -path_delay max
--------------------------------------------------------------------------
Startpoint: wb_rst_i (input port clocked by mrx_clk_pad_i)
Endpoint: wishbone.RxDataLatched2[19]$_DFFE_PP0P_
          (recovery check against rising-edge clock mrx_clk_pad_i)
Path Group: asynchronous
Path Type: max

Fanout     Cap    Slew   Delay    Time   Description
-----------------------------------------------------------------------------
                          0.00    0.00   clock mrx_clk_pad_i (rise edge)
                          0.00    0.00   clock network delay (propagated)
                         60.00   60.00 v input external delay
     1    1.53    0.00    0.00   60.00 v wb_rst_i (in)
                                         wb_rst_i (net)
                  0.58    0.18   60.18 v input1332/A (BUFx2_ASAP7_75t_R)
     2   17.17   52.26   25.86   86.04 v input1332/Y (BUFx2_ASAP7_75t_R)
                                         net1331 (net)
                 57.21    8.43   94.47 v _058948_/A (CKINVDCx20_ASAP7_75t_R)
     9    9.83   15.22   13.10  107.57 ^ _058948_/Y (CKINVDCx20_ASAP7_75t_R)
                                         _000240_ (net)
                 16.66    2.38  109.95 ^ place18262/A (BUFx3_ASAP7_75t_R)
     9   10.89   26.98   22.84  132.79 ^ place18262/Y (BUFx3_ASAP7_75t_R)
                                         net18259 (net)
                 29.32    4.20  136.99 ^ place18261/A (BUFx3_ASAP7_75t_R)
     8    8.36   22.07   23.18  160.17 ^ place18261/Y (BUFx3_ASAP7_75t_R)
                                         net18258 (net)
                 22.25    1.19  161.36 ^ place18258/A (BUFx3_ASAP7_75t_R)
     9    8.31   20.82   22.70  184.05 ^ place18258/Y (BUFx3_ASAP7_75t_R)
                                         net18255 (net)
                 20.96    0.96  185.01 ^ place18257/A (BUFx3_ASAP7_75t_R)
     7    6.29   16.43   20.76  205.77 ^ place18257/Y (BUFx3_ASAP7_75t_R)
                                         net18254 (net)
                 16.56    0.82  206.59 ^ wishbone.RxDataLatched2[19]$_DFFE_PP0P_/RESETN (DFFASRHQNx1_ASAP7_75t_R)
                                206.59   data arrival time

                        300.00  300.00   clock mrx_clk_pad_i (rise edge)
                          0.00  300.00   clock source latency
     1    4.39    0.00    0.00  300.00 ^ mrx_clk_pad_i (in)
                                         mrx_clk_pad_i (net)
                  4.37    1.38  301.38 ^ clkbuf_0_mrx_clk_pad_i/A (BUFx24_ASAP7_75t_R)
     2    6.79    8.53   16.37  317.75 ^ clkbuf_0_mrx_clk_pad_i/Y (BUFx24_ASAP7_75t_R)
                                         clknet_0_mrx_clk_pad_i (net)
                  9.25    1.28  319.03 ^ clkbuf_1_1__f_mrx_clk_pad_i/A (BUFx24_ASAP7_75t_R)
     7   19.49   14.22   19.42  338.45 ^ clkbuf_1_1__f_mrx_clk_pad_i/Y (BUFx24_ASAP7_75t_R)
                                         clknet_1_1__leaf_mrx_clk_pad_i (net)
                 15.62    2.17  340.62 ^ clkbuf_leaf_8_mrx_clk_pad_i/A (BUFx24_ASAP7_75t_R)
    21   13.73   11.53   20.90  361.53 ^ clkbuf_leaf_8_mrx_clk_pad_i/Y (BUFx24_ASAP7_75t_R)
                                         clknet_leaf_8_mrx_clk_pad_i (net)
                 13.10    2.13  363.66 ^ wishbone.RxDataLatched2[19]$_DFFE_PP0P_/CLK (DFFASRHQNx1_ASAP7_75t_R)
                          0.00  363.66   clock reconvergence pessimism
                         14.42  378.08   library recovery time
                                378.08   data required time
-----------------------------------------------------------------------------
                                378.08   data required time
                               -206.59   data arrival time
-----------------------------------------------------------------------------
                                171.49   slack (MET)


Startpoint: rxethmac1.rxcounters1.ByteCnt[2]$_DFFE_PP0P_
            (rising edge-triggered flip-flop clocked by mrx_clk_pad_i)
Endpoint: maccontrol1.receivecontrol1.PauseTimer[12]$_DFFE_PP0P_
          (rising edge-triggered flip-flop clocked by mrx_clk_pad_i)
Path Group: mrx_clk_pad_i
Path Type: max

Fanout     Cap    Slew   Delay    Time   Description
-----------------------------------------------------------------------------
                          0.00    0.00   clock mrx_clk_pad_i (rise edge)
                          0.00    0.00   clock source latency
     1    4.99    0.00    0.00    0.00 ^ mrx_clk_pad_i (in)
                                         mrx_clk_pad_i (net)
                  5.19    1.64    1.64 ^ clkbuf_0_mrx_clk_pad_i/A (BUFx24_ASAP7_75t_R)
     2    7.99    8.96   16.78   18.42 ^ clkbuf_0_mrx_clk_pad_i/Y (BUFx24_ASAP7_75t_R)
                                         clknet_0_mrx_clk_pad_i (net)
                 10.44    1.84   20.26 ^ clkbuf_1_0__f_mrx_clk_pad_i/A (BUFx24_ASAP7_75t_R)
     8   26.31   17.73   20.98   41.23 ^ clkbuf_1_0__f_mrx_clk_pad_i/Y (BUFx24_ASAP7_75t_R)
                                         clknet_1_0__leaf_mrx_clk_pad_i (net)
                 19.29    2.73   43.97 ^ clkbuf_leaf_2_mrx_clk_pad_i/A (BUFx24_ASAP7_75t_R)
    24   17.47   13.15   22.38   66.35 ^ clkbuf_leaf_2_mrx_clk_pad_i/Y (BUFx24_ASAP7_75t_R)
                                         clknet_leaf_2_mrx_clk_pad_i (net)
                 13.55    1.05   67.40 ^ rxethmac1.rxcounters1.ByteCnt[2]$_DFFE_PP0P_/CLK (DFFASRHQNx1_ASAP7_75t_R)
     1    1.35   18.44   42.45  109.85 v rxethmac1.rxcounters1.ByteCnt[2]$_DFFE_PP0P_/QN (DFFASRHQNx1_ASAP7_75t_R)
                                         _010614_ (net)
                 18.44    0.10  109.95 v place17152/A (BUFx6f_ASAP7_75t_R)
     2    3.55    6.77   16.28  126.22 v place17152/Y (BUFx6f_ASAP7_75t_R)
                                         net17149 (net)
                  6.79    0.20  126.43 v _058033_/A (INVx4_ASAP7_75t_R)
     3    3.29    7.27    5.62  132.05 ^ _058033_/Y (INVx4_ASAP7_75t_R)
                                         rxethmac1.rxcounters1.ByteCnt[2] (net)
                  7.35    0.43  132.47 ^ _101208_/B (HAxp5_ASAP7_75t_R)
     2    2.20   28.72   15.53  148.01 v _101208_/CON (HAxp5_ASAP7_75t_R)
                                         _010620_ (net)
                 28.73    0.31  148.32 v _066706_/A (NOR2x1_ASAP7_75t_R)
     6    5.40   54.90   24.15  172.46 ^ _066706_/Y (NOR2x1_ASAP7_75t_R)
                                         _031793_ (net)
                 54.98    1.22  173.69 ^ _069926_/B (AND3x1_ASAP7_75t_R)
     1    0.96   11.25   24.65  198.34 ^ _069926_/Y (AND3x1_ASAP7_75t_R)
                                         _034233_ (net)
                 11.25    0.07  198.41 ^ _069927_/A (XOR2x2_ASAP7_75t_R)
     3    3.09   14.13   28.06  226.47 ^ _069927_/Y (XOR2x2_ASAP7_75t_R)
                                         RxByteCnt[10] (net)
                 14.17    0.44  226.92 ^ _101304_/B (HAxp5_ASAP7_75t_R)
     1    1.18   27.85   23.75  250.67 ^ _101304_/SN (HAxp5_ASAP7_75t_R)
                                         _010850_ (net)
                 27.85    0.10  250.77 ^ _066725_/B (NOR2x1_ASAP7_75t_R)
     2    1.95   20.01   14.26  265.03 v _066725_/Y (NOR2x1_ASAP7_75t_R)
                                         _031807_ (net)
                 20.01    0.05  265.07 v place13053/A (BUFx3_ASAP7_75t_R)
     1    0.75    5.14   16.10  281.17 v place13053/Y (BUFx3_ASAP7_75t_R)
                                         net13050 (net)
                  5.14    0.08  281.25 v _066734_/D (AND5x1_ASAP7_75t_R)
     2    2.61   16.61   20.67  301.91 v _066734_/Y (AND5x1_ASAP7_75t_R)
                                         _031816_ (net)
                 16.65    0.49  302.41 v _066749_/A (NAND2x1_ASAP7_75t_R)
     1    0.79   12.05   11.54  313.94 ^ _066749_/Y (NAND2x1_ASAP7_75t_R)
                                         _031831_ (net)
                 12.05    0.07  314.02 ^ _066753_/B (AND3x2_ASAP7_75t_R)
     2    2.86   14.97   24.49  338.51 ^ _066753_/Y (AND3x2_ASAP7_75t_R)
                                         _031835_ (net)
                 15.05    0.61  339.12 ^ _067465_/A2 (AOI21x1_ASAP7_75t_R)
     2    4.31   25.81   14.62  353.73 v _067465_/Y (AOI21x1_ASAP7_75t_R)
                                         _032468_ (net)
                 26.17    1.66  355.39 v _067466_/A (NAND2x2_ASAP7_75t_R)
     7    8.01   33.40   22.92  378.31 ^ _067466_/Y (NAND2x2_ASAP7_75t_R)
                                         _032469_ (net)
                 34.00    2.42  380.73 ^ rebuffer18429/A (BUFx3_ASAP7_75t_R)
     1    1.13    6.59   17.94  398.67 ^ rebuffer18429/Y (BUFx3_ASAP7_75t_R)
                                         net18426 (net)
                  6.59    0.08  398.76 ^ _068967_/B (NOR2x1_ASAP7_75t_R)
     1    0.80   10.50    6.37  405.12 v _068967_/Y (NOR2x1_ASAP7_75t_R)
                                         _033636_ (net)
                 10.51    0.07  405.20 v _068968_/B (AO21x1_ASAP7_75t_R)
     1    1.35   10.65   18.07  423.27 v _068968_/Y (AO21x1_ASAP7_75t_R)
                                         _033637_ (net)
                 10.65    0.13  423.41 v _068969_/A (NAND2x1_ASAP7_75t_R)
     1    0.87   11.01    9.99  433.40 ^ _068969_/Y (NAND2x1_ASAP7_75t_R)
                                         _019607_ (net)
                 11.02    0.12  433.52 ^ maccontrol1.receivecontrol1.PauseTimer[12]$_DFFE_PP0P_/D (DFFASRHQNx1_ASAP7_75t_R)
                                433.52   data arrival time

                        300.00  300.00   clock mrx_clk_pad_i (rise edge)
                          0.00  300.00   clock source latency
     1    4.39    0.00    0.00  300.00 ^ mrx_clk_pad_i (in)
                                         mrx_clk_pad_i (net)
                  4.37    1.38  301.38 ^ clkbuf_0_mrx_clk_pad_i/A (BUFx24_ASAP7_75t_R)
     2    6.79    8.53   16.37  317.75 ^ clkbuf_0_mrx_clk_pad_i/Y (BUFx24_ASAP7_75t_R)
                                         clknet_0_mrx_clk_pad_i (net)
                  9.25    1.28  319.03 ^ clkbuf_1_1__f_mrx_clk_pad_i/A (BUFx24_ASAP7_75t_R)
     7   19.49   14.22   19.42  338.45 ^ clkbuf_1_1__f_mrx_clk_pad_i/Y (BUFx24_ASAP7_75t_R)
                                         clknet_1_1__leaf_mrx_clk_pad_i (net)
                 18.09    3.77  342.22 ^ clkbuf_leaf_9_mrx_clk_pad_i/A (BUFx24_ASAP7_75t_R)
    24   13.24   11.39   21.67  363.90 ^ clkbuf_leaf_9_mrx_clk_pad_i/Y (BUFx24_ASAP7_75t_R)
                                         clknet_leaf_9_mrx_clk_pad_i (net)
                 11.84    1.11  365.01 ^ maccontrol1.receivecontrol1.PauseTimer[12]$_DFFE_PP0P_/CLK (DFFASRHQNx1_ASAP7_75t_R)
                          0.67  365.68   clock reconvergence pessimism
                        -11.99  353.69   library setup time
                                353.69   data required time
-----------------------------------------------------------------------------
                                353.69   data required time
                               -433.52   data arrival time
-----------------------------------------------------------------------------
                                -79.83   slack (VIOLATED)


Startpoint: txethmac1.txcounters1.NibCnt[15]$_DFFE_PP0P_
            (rising edge-triggered flip-flop clocked by mtx_clk_pad_i)
Endpoint: txethmac1.txcounters1.NibCnt[5]$_DFFE_PP0P_
          (rising edge-triggered flip-flop clocked by mtx_clk_pad_i)
Path Group: mtx_clk_pad_i
Path Type: max

Fanout     Cap    Slew   Delay    Time   Description
-----------------------------------------------------------------------------
                          0.00    0.00   clock mtx_clk_pad_i (rise edge)
                          0.00    0.00   clock source latency
     1    5.56    0.00    0.00    0.00 ^ mtx_clk_pad_i (in)
                                         mtx_clk_pad_i (net)
                  7.10    2.24    2.24 ^ clkbuf_0_mtx_clk_pad_i/A (BUFx24_ASAP7_75t_R)
     2    6.53    8.49   17.25   19.49 ^ clkbuf_0_mtx_clk_pad_i/Y (BUFx24_ASAP7_75t_R)
                                         clknet_0_mtx_clk_pad_i (net)
                  8.82    0.90   20.39 ^ clkbuf_1_1__f_mtx_clk_pad_i/A (BUFx24_ASAP7_75t_R)
     6   18.84   13.97   19.59   39.99 ^ clkbuf_1_1__f_mtx_clk_pad_i/Y (BUFx24_ASAP7_75t_R)
                                         clknet_1_1__leaf_mtx_clk_pad_i (net)
                 14.46    1.32   41.30 ^ clkbuf_leaf_5_mtx_clk_pad_i/A (BUFx24_ASAP7_75t_R)
    23   16.16   12.64   20.91   62.22 ^ clkbuf_leaf_5_mtx_clk_pad_i/Y (BUFx24_ASAP7_75t_R)
                                         clknet_leaf_5_mtx_clk_pad_i (net)
                 14.52    2.47   64.69 ^ txethmac1.txcounters1.NibCnt[15]$_DFFE_PP0P_/CLK (DFFASRHQNx1_ASAP7_75t_R)
     2    1.50   19.43   43.48  108.17 v txethmac1.txcounters1.NibCnt[15]$_DFFE_PP0P_/QN (DFFASRHQNx1_ASAP7_75t_R)
                                         _000226_ (net)
                 19.43    0.10  108.27 v _067310_/A (INVx1_ASAP7_75t_R)
     1    1.20   12.54   10.41  118.67 ^ _067310_/Y (INVx1_ASAP7_75t_R)
                                         txethmac1.NibCnt[15] (net)
                 12.54    0.15  118.82 ^ _101254_/A (HAxp5_ASAP7_75t_R)
     2    2.12   39.41   36.36  155.18 v _101254_/SN (HAxp5_ASAP7_75t_R)
                                         _010717_ (net)
                 39.42    0.34  155.52 v _057774_/B (NOR2x1_ASAP7_75t_R)
     2    1.45   19.28   15.02  170.54 ^ _057774_/Y (NOR2x1_ASAP7_75t_R)
                                         _023032_ (net)
                 19.29    0.08  170.62 ^ _057777_/A (AND3x1_ASAP7_75t_R)
     1    0.80    9.65   19.94  190.56 ^ _057777_/Y (AND3x1_ASAP7_75t_R)
                                         _023035_ (net)
                  9.65    0.07  190.63 ^ _057778_/A (INVx1_ASAP7_75t_R)
     2    1.37    9.33    7.59  198.22 v _057778_/Y (INVx1_ASAP7_75t_R)
                                         _023036_ (net)
                  9.33    0.09  198.31 v _057779_/A (OR5x1_ASAP7_75t_R)
     1    0.74   11.36   25.77  224.08 v _057779_/Y (OR5x1_ASAP7_75t_R)
                                         _023037_ (net)
                 11.36    0.07  224.15 v _057780_/B (AO21x1_ASAP7_75t_R)
     1    1.14    9.20   17.61  241.76 v _057780_/Y (AO21x1_ASAP7_75t_R)
                                         _023038_ (net)
                  9.20    0.09  241.85 v _057798_/A2 (AOI21x1_ASAP7_75t_R)
     2    2.74   24.06   13.58  255.43 ^ _057798_/Y (AOI21x1_ASAP7_75t_R)
                                         _023056_ (net)
                 24.11    0.63  256.06 ^ _057876_/A2 (AOI21x1_ASAP7_75t_R)
     3    3.52   26.94   15.12  271.18 v _057876_/Y (AOI21x1_ASAP7_75t_R)
                                         _023133_ (net)
                 26.94    0.20  271.38 v _057879_/A2 (OAI21x1_ASAP7_75t_R)
     2    2.51   22.70   16.97  288.34 ^ _057879_/Y (OAI21x1_ASAP7_75t_R)
                                         _023136_ (net)
                 22.70    0.16  288.50 ^ _067345_/A2 (AOI21x1_ASAP7_75t_R)
     2    3.20   25.58   14.14  302.64 v _067345_/Y (AOI21x1_ASAP7_75t_R)
                                         _032374_ (net)
                 25.61    0.57  303.21 v _067346_/B (NAND2x2_ASAP7_75t_R)
     4    4.45   20.66   16.61  319.82 ^ _067346_/Y (NAND2x2_ASAP7_75t_R)
                                         _032375_ (net)
                 20.67    0.22  320.04 ^ place12829/A (BUFx6f_ASAP7_75t_R)
     6   18.34   24.51   21.48  341.52 ^ place12829/Y (BUFx6f_ASAP7_75t_R)
                                         net12826 (net)
                 26.92    4.05  345.57 ^ _068763_/A (NOR3x2_ASAP7_75t_R)
     1    0.92   12.63   10.13  355.70 v _068763_/Y (NOR3x2_ASAP7_75t_R)
                                         _019912_ (net)
                 12.63    0.10  355.80 v txethmac1.txcounters1.NibCnt[5]$_DFFE_PP0P_/D (DFFASRHQNx1_ASAP7_75t_R)
                                355.80   data arrival time

                        300.00  300.00   clock mtx_clk_pad_i (rise edge)
                          0.00  300.00   clock source latency
     1    4.96    0.00    0.00  300.00 ^ mtx_clk_pad_i (in)
                                         mtx_clk_pad_i (net)
                  6.07    1.91  301.91 ^ clkbuf_0_mtx_clk_pad_i/A (BUFx24_ASAP7_75t_R)
     2    5.33    8.03   16.74  318.65 ^ clkbuf_0_mtx_clk_pad_i/Y (BUFx24_ASAP7_75t_R)
                                         clknet_0_mtx_clk_pad_i (net)
                  8.19    0.73  319.38 ^ clkbuf_1_1__f_mtx_clk_pad_i/A (BUFx24_ASAP7_75t_R)
     6   15.24   12.24   18.90  338.29 ^ clkbuf_1_1__f_mtx_clk_pad_i/Y (BUFx24_ASAP7_75t_R)
                                         clknet_1_1__leaf_mtx_clk_pad_i (net)
                 12.97    1.45  339.74 ^ clkbuf_leaf_2_mtx_clk_pad_i/A (BUFx24_ASAP7_75t_R)
    26   13.43   11.30   20.12  359.86 ^ clkbuf_leaf_2_mtx_clk_pad_i/Y (BUFx24_ASAP7_75t_R)
                                         clknet_leaf_2_mtx_clk_pad_i (net)
                 11.50    0.62  360.48 ^ txethmac1.txcounters1.NibCnt[5]$_DFFE_PP0P_/CLK (DFFASRHQNx1_ASAP7_75t_R)
                          1.70  362.18   clock reconvergence pessimism
                         -3.69  358.49   library setup time
                                358.49   data required time
-----------------------------------------------------------------------------
                                358.49   data required time
                               -355.80   data arrival time
-----------------------------------------------------------------------------
                                  2.69   slack (MET)


Startpoint: _101376_ (rising edge-triggered flip-flop clocked by wb_clk_i)
Endpoint: wishbone.TxBDReady$_DFFE_PP0P_
          (rising edge-triggered flip-flop clocked by wb_clk_i)
Path Group: wb_clk_i
Path Type: max

Fanout     Cap    Slew   Delay    Time   Description
-----------------------------------------------------------------------------
                          0.00    0.00   clock wb_clk_i (rise edge)
                          0.00    0.00   clock source latency
     1   12.56    0.00    0.00    0.00 ^ wb_clk_i (in)
                                         wb_clk_i (net)
                 39.59   12.49   12.49 ^ clkbuf_0_wb_clk_i/A (BUFx24_ASAP7_75t_R)
     4   16.78   13.67   26.96   39.45 ^ clkbuf_0_wb_clk_i/Y (BUFx24_ASAP7_75t_R)
                                         clknet_0_wb_clk_i (net)
                 19.24    4.50   43.95 ^ clkbuf_2_2_0_wb_clk_i/A (BUFx24_ASAP7_75t_R)
     2   10.46    9.08   20.89   64.84 ^ clkbuf_2_2_0_wb_clk_i/Y (BUFx24_ASAP7_75t_R)
                                         clknet_2_2_0_wb_clk_i (net)
                 17.71    4.75   69.59 ^ clkbuf_3_4_0_wb_clk_i/A (BUFx24_ASAP7_75t_R)
     4   16.96   13.37   21.68   91.27 ^ clkbuf_3_4_0_wb_clk_i/Y (BUFx24_ASAP7_75t_R)
                                         clknet_3_4_0_wb_clk_i (net)
                 16.24    3.18   94.45 ^ clkbuf_5_18__f_wb_clk_i/A (BUFx24_ASAP7_75t_R)
     8   29.63   19.57   22.88  117.33 ^ clkbuf_5_18__f_wb_clk_i/Y (BUFx24_ASAP7_75t_R)
                                         clknet_5_18__leaf_wb_clk_i (net)
                 24.15    4.92  122.25 ^ clkbuf_leaf_90_wb_clk_i/A (BUFx24_ASAP7_75t_R)
    21   15.89   12.79   23.53  145.77 ^ clkbuf_leaf_90_wb_clk_i/Y (BUFx24_ASAP7_75t_R)
                                         clknet_leaf_90_wb_clk_i (net)
                 14.04    1.99  147.76 ^ _101376_/CLK (DFFHQNx1_ASAP7_75t_R)
     8   25.77  170.53  101.33  249.10 ^ _101376_/QN (DFFHQNx1_ASAP7_75t_R)
                                         _010538_ (net)
                171.75    8.43  257.52 ^ _056186_/A (INVx3_ASAP7_75t_R)
    10   15.65   72.61   37.11  294.64 v _056186_/Y (INVx3_ASAP7_75t_R)
                                         _021454_ (net)
                 72.68    1.52  296.15 v place16457/A (BUFx3_ASAP7_75t_R)
     9   14.89   32.73   36.79  332.94 v place16457/Y (BUFx3_ASAP7_75t_R)
                                         net16454 (net)
                 33.43    2.72  335.66 v place16406/A (BUFx3_ASAP7_75t_R)
     8    8.08   18.70   25.66  361.32 v place16406/Y (BUFx3_ASAP7_75t_R)
                                         net16403 (net)
                 19.43    2.00  363.33 v place16405/A (BUFx3_ASAP7_75t_R)
     8   14.17   30.46   24.26  387.58 v place16405/Y (BUFx3_ASAP7_75t_R)
                                         net16402 (net)
                 32.83    4.49  392.07 v place16388/A (BUFx3_ASAP7_75t_R)
     9    9.00   20.07   26.42  418.49 v place16388/Y (BUFx3_ASAP7_75t_R)
                                         net16385 (net)
                 20.14    0.69  419.19 v place16379/A (BUFx3_ASAP7_75t_R)
     7    8.77   19.58   22.85  442.04 v place16379/Y (BUFx3_ASAP7_75t_R)
                                         net16376 (net)
                 20.68    2.48  444.52 v place16378/A (BUFx3_ASAP7_75t_R)
     7    8.44   19.36   22.43  466.95 v place16378/Y (BUFx3_ASAP7_75t_R)
                                         net16375 (net)
                 20.70    2.71  469.66 v place16377/A (BUFx3_ASAP7_75t_R)
     7    6.44   15.57   21.04  490.71 v place16377/Y (BUFx3_ASAP7_75t_R)
                                         net16374 (net)
                 15.67    0.73  491.44 v place16376/A (BUFx3_ASAP7_75t_R)
     9    9.06   20.11   21.66  513.10 v place16376/Y (BUFx3_ASAP7_75t_R)
                                         net16373 (net)
                 20.38    1.32  514.42 v place16375/A (BUFx3_ASAP7_75t_R)
     7    6.70   15.31   21.74  536.16 v place16375/Y (BUFx3_ASAP7_75t_R)
                                         net16372 (net)
                 15.38    0.58  536.74 v _061218_/B (AO21x1_ASAP7_75t_R)
     1    0.82    8.14   17.51  554.26 v _061218_/Y (AO21x1_ASAP7_75t_R)
                                         _026427_ (net)
                  8.14    0.08  554.33 v _061219_/B (AO21x1_ASAP7_75t_R)
     1    1.30   10.42   17.40  571.73 v _061219_/Y (AO21x1_ASAP7_75t_R)
                                         _026428_ (net)
                 10.42    0.10  571.84 v _061222_/A1 (AOI21x1_ASAP7_75t_R)
     1    1.61   17.55   10.51  582.35 ^ _061222_/Y (AOI21x1_ASAP7_75t_R)
                                         _026431_ (net)
                 17.56    0.25  582.60 ^ _061241_/A1 (OAI21x1_ASAP7_75t_R)
     1    3.23   21.26   12.80  595.40 v _061241_/Y (OAI21x1_ASAP7_75t_R)
                                         _026450_ (net)
                 21.53    1.29  596.69 v _061267_/A (NAND2x1_ASAP7_75t_R)
     1    1.86   18.83   16.20  612.89 ^ _061267_/Y (NAND2x1_ASAP7_75t_R)
                                         _026476_ (net)
                 18.85    0.33  613.22 ^ _061324_/A1 (AOI21x1_ASAP7_75t_R)
     1    1.13   18.27   10.52  623.74 v _061324_/Y (AOI21x1_ASAP7_75t_R)
                                         _026533_ (net)
                 18.27    0.05  623.79 v _061325_/A2 (AOI21x1_ASAP7_75t_R)
     1    3.56   46.55   17.51  641.30 ^ _061325_/Y (AOI21x1_ASAP7_75t_R)
                                         _026534_ (net)
                 46.78    1.78  643.08 ^ _061326_/B (NAND2x1_ASAP7_75t_R)
     1    1.57   17.97   13.08  656.15 v _061326_/Y (NAND2x1_ASAP7_75t_R)
                                         _026535_ (net)
                 17.99    0.33  656.49 v place12859/A (BUFx3_ASAP7_75t_R)
     5   24.11   45.72   20.17  676.65 v place12859/Y (BUFx3_ASAP7_75t_R)
                                         net12856 (net)
                146.76   46.01  722.67 v _061776_/A (NAND2x1_ASAP7_75t_R)
     1    1.13   34.01   33.32  755.99 ^ _061776_/Y (NAND2x1_ASAP7_75t_R)
                                         _026985_ (net)
                 34.01    0.04  756.03 ^ _061777_/B (NOR2x1_ASAP7_75t_R)
     1    1.24   14.80   12.67  768.70 v _061777_/Y (NOR2x1_ASAP7_75t_R)
                                         _026986_ (net)
                 14.81    0.12  768.82 v _061778_/B (NAND2x1_ASAP7_75t_R)
     1    1.33   16.04   10.89  779.71 ^ _061778_/Y (NAND2x1_ASAP7_75t_R)
                                         _026987_ (net)
                 16.04    0.15  779.86 ^ _065320_/A1 (OAI21x1_ASAP7_75t_R)
     1    1.12   15.17    8.13  788.00 v _065320_/Y (OAI21x1_ASAP7_75t_R)
                                         _030529_ (net)
                 15.18    0.09  788.08 v _065321_/B (NAND2x1_ASAP7_75t_R)
     1    0.67   10.22    8.77  796.86 ^ _065321_/Y (NAND2x1_ASAP7_75t_R)
                                         _012244_ (net)
                 10.22    0.05  796.91 ^ wishbone.TxBDReady$_DFFE_PP0P_/D (DFFASRHQNx1_ASAP7_75t_R)
                                796.91   data arrival time

                       1000.00 1000.00   clock wb_clk_i (rise edge)
                          0.00 1000.00   clock source latency
     1   11.96    0.00    0.00 1000.00 ^ wb_clk_i (in)
                                         wb_clk_i (net)
                 36.92   11.65 1011.65 ^ clkbuf_0_wb_clk_i/A (BUFx24_ASAP7_75t_R)
     4   14.38   12.40   26.10 1037.75 ^ clkbuf_0_wb_clk_i/Y (BUFx24_ASAP7_75t_R)
                                         clknet_0_wb_clk_i (net)
                 16.41    3.57 1041.32 ^ clkbuf_2_1_0_wb_clk_i/A (BUFx24_ASAP7_75t_R)
     2    8.64    8.89   20.04 1061.36 ^ clkbuf_2_1_0_wb_clk_i/Y (BUFx24_ASAP7_75t_R)
                                         clknet_2_1_0_wb_clk_i (net)
                 14.19    3.67 1065.03 ^ clkbuf_3_2_0_wb_clk_i/A (BUFx24_ASAP7_75t_R)
     4   14.59   12.15   20.40 1085.43 ^ clkbuf_3_2_0_wb_clk_i/Y (BUFx24_ASAP7_75t_R)
                                         clknet_3_2_0_wb_clk_i (net)
                 14.41    2.67 1088.10 ^ clkbuf_5_9__f_wb_clk_i/A (BUFx24_ASAP7_75t_R)
     8   22.11   15.74   21.60 1109.70 ^ clkbuf_5_9__f_wb_clk_i/Y (BUFx24_ASAP7_75t_R)
                                         clknet_5_9__leaf_wb_clk_i (net)
                 17.36    2.59 1112.29 ^ clkbuf_leaf_199_wb_clk_i/A (BUFx24_ASAP7_75t_R)
    19   12.27   10.96   21.18 1133.47 ^ clkbuf_leaf_199_wb_clk_i/Y (BUFx24_ASAP7_75t_R)
                                         clknet_leaf_199_wb_clk_i (net)
                 11.76    1.40 1134.88 ^ wishbone.TxBDReady$_DFFE_PP0P_/CLK (DFFASRHQNx1_ASAP7_75t_R)
                          1.71 1136.58   clock reconvergence pessimism
                        -11.95 1124.64   library setup time
                               1124.64   data required time
-----------------------------------------------------------------------------
                               1124.64   data required time
                               -796.91   data arrival time
-----------------------------------------------------------------------------
                                327.73   slack (MET)



==========================================================================
finish report_checks -unconstrained
--------------------------------------------------------------------------
Startpoint: wb_rst_i (input port clocked by mrx_clk_pad_i)
Endpoint: wishbone.RxDataLatched2[19]$_DFFE_PP0P_
          (recovery check against rising-edge clock mrx_clk_pad_i)
Path Group: asynchronous
Path Type: max

Fanout     Cap    Slew   Delay    Time   Description
-----------------------------------------------------------------------------
                          0.00    0.00   clock mrx_clk_pad_i (rise edge)
                          0.00    0.00   clock network delay (propagated)
                         60.00   60.00 v input external delay
     1    1.53    0.00    0.00   60.00 v wb_rst_i (in)
                                         wb_rst_i (net)
                  0.58    0.18   60.18 v input1332/A (BUFx2_ASAP7_75t_R)
     2   17.17   52.26   25.86   86.04 v input1332/Y (BUFx2_ASAP7_75t_R)
                                         net1331 (net)
                 57.21    8.43   94.47 v _058948_/A (CKINVDCx20_ASAP7_75t_R)
     9    9.83   15.22   13.10  107.57 ^ _058948_/Y (CKINVDCx20_ASAP7_75t_R)
                                         _000240_ (net)
                 16.66    2.38  109.95 ^ place18262/A (BUFx3_ASAP7_75t_R)
     9   10.89   26.98   22.84  132.79 ^ place18262/Y (BUFx3_ASAP7_75t_R)
                                         net18259 (net)
                 29.32    4.20  136.99 ^ place18261/A (BUFx3_ASAP7_75t_R)
     8    8.36   22.07   23.18  160.17 ^ place18261/Y (BUFx3_ASAP7_75t_R)
                                         net18258 (net)
                 22.25    1.19  161.36 ^ place18258/A (BUFx3_ASAP7_75t_R)
     9    8.31   20.82   22.70  184.05 ^ place18258/Y (BUFx3_ASAP7_75t_R)
                                         net18255 (net)
                 20.96    0.96  185.01 ^ place18257/A (BUFx3_ASAP7_75t_R)
     7    6.29   16.43   20.76  205.77 ^ place18257/Y (BUFx3_ASAP7_75t_R)
                                         net18254 (net)
                 16.56    0.82  206.59 ^ wishbone.RxDataLatched2[19]$_DFFE_PP0P_/RESETN (DFFASRHQNx1_ASAP7_75t_R)
                                206.59   data arrival time

                        300.00  300.00   clock mrx_clk_pad_i (rise edge)
                          0.00  300.00   clock source latency
     1    4.39    0.00    0.00  300.00 ^ mrx_clk_pad_i (in)
                                         mrx_clk_pad_i (net)
                  4.37    1.38  301.38 ^ clkbuf_0_mrx_clk_pad_i/A (BUFx24_ASAP7_75t_R)
     2    6.79    8.53   16.37  317.75 ^ clkbuf_0_mrx_clk_pad_i/Y (BUFx24_ASAP7_75t_R)
                                         clknet_0_mrx_clk_pad_i (net)
                  9.25    1.28  319.03 ^ clkbuf_1_1__f_mrx_clk_pad_i/A (BUFx24_ASAP7_75t_R)
     7   19.49   14.22   19.42  338.45 ^ clkbuf_1_1__f_mrx_clk_pad_i/Y (BUFx24_ASAP7_75t_R)
                                         clknet_1_1__leaf_mrx_clk_pad_i (net)
                 15.62    2.17  340.62 ^ clkbuf_leaf_8_mrx_clk_pad_i/A (BUFx24_ASAP7_75t_R)
    21   13.73   11.53   20.90  361.53 ^ clkbuf_leaf_8_mrx_clk_pad_i/Y (BUFx24_ASAP7_75t_R)
                                         clknet_leaf_8_mrx_clk_pad_i (net)
                 13.10    2.13  363.66 ^ wishbone.RxDataLatched2[19]$_DFFE_PP0P_/CLK (DFFASRHQNx1_ASAP7_75t_R)
                          0.00  363.66   clock reconvergence pessimism
                         14.42  378.08   library recovery time
                                378.08   data required time
-----------------------------------------------------------------------------
                                378.08   data required time
                               -206.59   data arrival time
-----------------------------------------------------------------------------
                                171.49   slack (MET)


Startpoint: rxethmac1.rxcounters1.ByteCnt[2]$_DFFE_PP0P_
            (rising edge-triggered flip-flop clocked by mrx_clk_pad_i)
Endpoint: maccontrol1.receivecontrol1.PauseTimer[12]$_DFFE_PP0P_
          (rising edge-triggered flip-flop clocked by mrx_clk_pad_i)
Path Group: mrx_clk_pad_i
Path Type: max

Fanout     Cap    Slew   Delay    Time   Description
-----------------------------------------------------------------------------
                          0.00    0.00   clock mrx_clk_pad_i (rise edge)
                          0.00    0.00   clock source latency
     1    4.99    0.00    0.00    0.00 ^ mrx_clk_pad_i (in)
                                         mrx_clk_pad_i (net)
                  5.19    1.64    1.64 ^ clkbuf_0_mrx_clk_pad_i/A (BUFx24_ASAP7_75t_R)
     2    7.99    8.96   16.78   18.42 ^ clkbuf_0_mrx_clk_pad_i/Y (BUFx24_ASAP7_75t_R)
                                         clknet_0_mrx_clk_pad_i (net)
                 10.44    1.84   20.26 ^ clkbuf_1_0__f_mrx_clk_pad_i/A (BUFx24_ASAP7_75t_R)
     8   26.31   17.73   20.98   41.23 ^ clkbuf_1_0__f_mrx_clk_pad_i/Y (BUFx24_ASAP7_75t_R)
                                         clknet_1_0__leaf_mrx_clk_pad_i (net)
                 19.29    2.73   43.97 ^ clkbuf_leaf_2_mrx_clk_pad_i/A (BUFx24_ASAP7_75t_R)
    24   17.47   13.15   22.38   66.35 ^ clkbuf_leaf_2_mrx_clk_pad_i/Y (BUFx24_ASAP7_75t_R)
                                         clknet_leaf_2_mrx_clk_pad_i (net)
                 13.55    1.05   67.40 ^ rxethmac1.rxcounters1.ByteCnt[2]$_DFFE_PP0P_/CLK (DFFASRHQNx1_ASAP7_75t_R)
     1    1.35   18.44   42.45  109.85 v rxethmac1.rxcounters1.ByteCnt[2]$_DFFE_PP0P_/QN (DFFASRHQNx1_ASAP7_75t_R)
                                         _010614_ (net)
                 18.44    0.10  109.95 v place17152/A (BUFx6f_ASAP7_75t_R)
     2    3.55    6.77   16.28  126.22 v place17152/Y (BUFx6f_ASAP7_75t_R)
                                         net17149 (net)
                  6.79    0.20  126.43 v _058033_/A (INVx4_ASAP7_75t_R)
     3    3.29    7.27    5.62  132.05 ^ _058033_/Y (INVx4_ASAP7_75t_R)
                                         rxethmac1.rxcounters1.ByteCnt[2] (net)
                  7.35    0.43  132.47 ^ _101208_/B (HAxp5_ASAP7_75t_R)
     2    2.20   28.72   15.53  148.01 v _101208_/CON (HAxp5_ASAP7_75t_R)
                                         _010620_ (net)
                 28.73    0.31  148.32 v _066706_/A (NOR2x1_ASAP7_75t_R)
     6    5.40   54.90   24.15  172.46 ^ _066706_/Y (NOR2x1_ASAP7_75t_R)
                                         _031793_ (net)
                 54.98    1.22  173.69 ^ _069926_/B (AND3x1_ASAP7_75t_R)
     1    0.96   11.25   24.65  198.34 ^ _069926_/Y (AND3x1_ASAP7_75t_R)
                                         _034233_ (net)
                 11.25    0.07  198.41 ^ _069927_/A (XOR2x2_ASAP7_75t_R)
     3    3.09   14.13   28.06  226.47 ^ _069927_/Y (XOR2x2_ASAP7_75t_R)
                                         RxByteCnt[10] (net)
                 14.17    0.44  226.92 ^ _101304_/B (HAxp5_ASAP7_75t_R)
     1    1.18   27.85   23.75  250.67 ^ _101304_/SN (HAxp5_ASAP7_75t_R)
                                         _010850_ (net)
                 27.85    0.10  250.77 ^ _066725_/B (NOR2x1_ASAP7_75t_R)
     2    1.95   20.01   14.26  265.03 v _066725_/Y (NOR2x1_ASAP7_75t_R)
                                         _031807_ (net)
                 20.01    0.05  265.07 v place13053/A (BUFx3_ASAP7_75t_R)
     1    0.75    5.14   16.10  281.17 v place13053/Y (BUFx3_ASAP7_75t_R)
                                         net13050 (net)
                  5.14    0.08  281.25 v _066734_/D (AND5x1_ASAP7_75t_R)
     2    2.61   16.61   20.67  301.91 v _066734_/Y (AND5x1_ASAP7_75t_R)
                                         _031816_ (net)
                 16.65    0.49  302.41 v _066749_/A (NAND2x1_ASAP7_75t_R)
     1    0.79   12.05   11.54  313.94 ^ _066749_/Y (NAND2x1_ASAP7_75t_R)
                                         _031831_ (net)
                 12.05    0.07  314.02 ^ _066753_/B (AND3x2_ASAP7_75t_R)
     2    2.86   14.97   24.49  338.51 ^ _066753_/Y (AND3x2_ASAP7_75t_R)
                                         _031835_ (net)
                 15.05    0.61  339.12 ^ _067465_/A2 (AOI21x1_ASAP7_75t_R)
     2    4.31   25.81   14.62  353.73 v _067465_/Y (AOI21x1_ASAP7_75t_R)
                                         _032468_ (net)
                 26.17    1.66  355.39 v _067466_/A (NAND2x2_ASAP7_75t_R)
     7    8.01   33.40   22.92  378.31 ^ _067466_/Y (NAND2x2_ASAP7_75t_R)
                                         _032469_ (net)
                 34.00    2.42  380.73 ^ rebuffer18429/A (BUFx3_ASAP7_75t_R)
     1    1.13    6.59   17.94  398.67 ^ rebuffer18429/Y (BUFx3_ASAP7_75t_R)
                                         net18426 (net)
                  6.59    0.08  398.76 ^ _068967_/B (NOR2x1_ASAP7_75t_R)
     1    0.80   10.50    6.37  405.12 v _068967_/Y (NOR2x1_ASAP7_75t_R)
                                         _033636_ (net)
                 10.51    0.07  405.20 v _068968_/B (AO21x1_ASAP7_75t_R)
     1    1.35   10.65   18.07  423.27 v _068968_/Y (AO21x1_ASAP7_75t_R)
                                         _033637_ (net)
                 10.65    0.13  423.41 v _068969_/A (NAND2x1_ASAP7_75t_R)
     1    0.87   11.01    9.99  433.40 ^ _068969_/Y (NAND2x1_ASAP7_75t_R)
                                         _019607_ (net)
                 11.02    0.12  433.52 ^ maccontrol1.receivecontrol1.PauseTimer[12]$_DFFE_PP0P_/D (DFFASRHQNx1_ASAP7_75t_R)
                                433.52   data arrival time

                        300.00  300.00   clock mrx_clk_pad_i (rise edge)
                          0.00  300.00   clock source latency
     1    4.39    0.00    0.00  300.00 ^ mrx_clk_pad_i (in)
                                         mrx_clk_pad_i (net)
                  4.37    1.38  301.38 ^ clkbuf_0_mrx_clk_pad_i/A (BUFx24_ASAP7_75t_R)
     2    6.79    8.53   16.37  317.75 ^ clkbuf_0_mrx_clk_pad_i/Y (BUFx24_ASAP7_75t_R)
                                         clknet_0_mrx_clk_pad_i (net)
                  9.25    1.28  319.03 ^ clkbuf_1_1__f_mrx_clk_pad_i/A (BUFx24_ASAP7_75t_R)
     7   19.49   14.22   19.42  338.45 ^ clkbuf_1_1__f_mrx_clk_pad_i/Y (BUFx24_ASAP7_75t_R)
                                         clknet_1_1__leaf_mrx_clk_pad_i (net)
                 18.09    3.77  342.22 ^ clkbuf_leaf_9_mrx_clk_pad_i/A (BUFx24_ASAP7_75t_R)
    24   13.24   11.39   21.67  363.90 ^ clkbuf_leaf_9_mrx_clk_pad_i/Y (BUFx24_ASAP7_75t_R)
                                         clknet_leaf_9_mrx_clk_pad_i (net)
                 11.84    1.11  365.01 ^ maccontrol1.receivecontrol1.PauseTimer[12]$_DFFE_PP0P_/CLK (DFFASRHQNx1_ASAP7_75t_R)
                          0.67  365.68   clock reconvergence pessimism
                        -11.99  353.69   library setup time
                                353.69   data required time
-----------------------------------------------------------------------------
                                353.69   data required time
                               -433.52   data arrival time
-----------------------------------------------------------------------------
                                -79.83   slack (VIOLATED)


Startpoint: txethmac1.txcounters1.NibCnt[15]$_DFFE_PP0P_
            (rising edge-triggered flip-flop clocked by mtx_clk_pad_i)
Endpoint: txethmac1.txcounters1.NibCnt[5]$_DFFE_PP0P_
          (rising edge-triggered flip-flop clocked by mtx_clk_pad_i)
Path Group: mtx_clk_pad_i
Path Type: max

Fanout     Cap    Slew   Delay    Time   Description
-----------------------------------------------------------------------------
                          0.00    0.00   clock mtx_clk_pad_i (rise edge)
                          0.00    0.00   clock source latency
     1    5.56    0.00    0.00    0.00 ^ mtx_clk_pad_i (in)
                                         mtx_clk_pad_i (net)
                  7.10    2.24    2.24 ^ clkbuf_0_mtx_clk_pad_i/A (BUFx24_ASAP7_75t_R)
     2    6.53    8.49   17.25   19.49 ^ clkbuf_0_mtx_clk_pad_i/Y (BUFx24_ASAP7_75t_R)
                                         clknet_0_mtx_clk_pad_i (net)
                  8.82    0.90   20.39 ^ clkbuf_1_1__f_mtx_clk_pad_i/A (BUFx24_ASAP7_75t_R)
     6   18.84   13.97   19.59   39.99 ^ clkbuf_1_1__f_mtx_clk_pad_i/Y (BUFx24_ASAP7_75t_R)
                                         clknet_1_1__leaf_mtx_clk_pad_i (net)
                 14.46    1.32   41.30 ^ clkbuf_leaf_5_mtx_clk_pad_i/A (BUFx24_ASAP7_75t_R)
    23   16.16   12.64   20.91   62.22 ^ clkbuf_leaf_5_mtx_clk_pad_i/Y (BUFx24_ASAP7_75t_R)
                                         clknet_leaf_5_mtx_clk_pad_i (net)
                 14.52    2.47   64.69 ^ txethmac1.txcounters1.NibCnt[15]$_DFFE_PP0P_/CLK (DFFASRHQNx1_ASAP7_75t_R)
     2    1.50   19.43   43.48  108.17 v txethmac1.txcounters1.NibCnt[15]$_DFFE_PP0P_/QN (DFFASRHQNx1_ASAP7_75t_R)
                                         _000226_ (net)
                 19.43    0.10  108.27 v _067310_/A (INVx1_ASAP7_75t_R)
     1    1.20   12.54   10.41  118.67 ^ _067310_/Y (INVx1_ASAP7_75t_R)
                                         txethmac1.NibCnt[15] (net)
                 12.54    0.15  118.82 ^ _101254_/A (HAxp5_ASAP7_75t_R)
     2    2.12   39.41   36.36  155.18 v _101254_/SN (HAxp5_ASAP7_75t_R)
                                         _010717_ (net)
                 39.42    0.34  155.52 v _057774_/B (NOR2x1_ASAP7_75t_R)
     2    1.45   19.28   15.02  170.54 ^ _057774_/Y (NOR2x1_ASAP7_75t_R)
                                         _023032_ (net)
                 19.29    0.08  170.62 ^ _057777_/A (AND3x1_ASAP7_75t_R)
     1    0.80    9.65   19.94  190.56 ^ _057777_/Y (AND3x1_ASAP7_75t_R)
                                         _023035_ (net)
                  9.65    0.07  190.63 ^ _057778_/A (INVx1_ASAP7_75t_R)
     2    1.37    9.33    7.59  198.22 v _057778_/Y (INVx1_ASAP7_75t_R)
                                         _023036_ (net)
                  9.33    0.09  198.31 v _057779_/A (OR5x1_ASAP7_75t_R)
     1    0.74   11.36   25.77  224.08 v _057779_/Y (OR5x1_ASAP7_75t_R)
                                         _023037_ (net)
                 11.36    0.07  224.15 v _057780_/B (AO21x1_ASAP7_75t_R)
     1    1.14    9.20   17.61  241.76 v _057780_/Y (AO21x1_ASAP7_75t_R)
                                         _023038_ (net)
                  9.20    0.09  241.85 v _057798_/A2 (AOI21x1_ASAP7_75t_R)
     2    2.74   24.06   13.58  255.43 ^ _057798_/Y (AOI21x1_ASAP7_75t_R)
                                         _023056_ (net)
                 24.11    0.63  256.06 ^ _057876_/A2 (AOI21x1_ASAP7_75t_R)
     3    3.52   26.94   15.12  271.18 v _057876_/Y (AOI21x1_ASAP7_75t_R)
                                         _023133_ (net)
                 26.94    0.20  271.38 v _057879_/A2 (OAI21x1_ASAP7_75t_R)
     2    2.51   22.70   16.97  288.34 ^ _057879_/Y (OAI21x1_ASAP7_75t_R)
                                         _023136_ (net)
                 22.70    0.16  288.50 ^ _067345_/A2 (AOI21x1_ASAP7_75t_R)
     2    3.20   25.58   14.14  302.64 v _067345_/Y (AOI21x1_ASAP7_75t_R)
                                         _032374_ (net)
                 25.61    0.57  303.21 v _067346_/B (NAND2x2_ASAP7_75t_R)
     4    4.45   20.66   16.61  319.82 ^ _067346_/Y (NAND2x2_ASAP7_75t_R)
                                         _032375_ (net)
                 20.67    0.22  320.04 ^ place12829/A (BUFx6f_ASAP7_75t_R)
     6   18.34   24.51   21.48  341.52 ^ place12829/Y (BUFx6f_ASAP7_75t_R)
                                         net12826 (net)
                 26.92    4.05  345.57 ^ _068763_/A (NOR3x2_ASAP7_75t_R)
     1    0.92   12.63   10.13  355.70 v _068763_/Y (NOR3x2_ASAP7_75t_R)
                                         _019912_ (net)
                 12.63    0.10  355.80 v txethmac1.txcounters1.NibCnt[5]$_DFFE_PP0P_/D (DFFASRHQNx1_ASAP7_75t_R)
                                355.80   data arrival time

                        300.00  300.00   clock mtx_clk_pad_i (rise edge)
                          0.00  300.00   clock source latency
     1    4.96    0.00    0.00  300.00 ^ mtx_clk_pad_i (in)
                                         mtx_clk_pad_i (net)
                  6.07    1.91  301.91 ^ clkbuf_0_mtx_clk_pad_i/A (BUFx24_ASAP7_75t_R)
     2    5.33    8.03   16.74  318.65 ^ clkbuf_0_mtx_clk_pad_i/Y (BUFx24_ASAP7_75t_R)
                                         clknet_0_mtx_clk_pad_i (net)
                  8.19    0.73  319.38 ^ clkbuf_1_1__f_mtx_clk_pad_i/A (BUFx24_ASAP7_75t_R)
     6   15.24   12.24   18.90  338.29 ^ clkbuf_1_1__f_mtx_clk_pad_i/Y (BUFx24_ASAP7_75t_R)
                                         clknet_1_1__leaf_mtx_clk_pad_i (net)
                 12.97    1.45  339.74 ^ clkbuf_leaf_2_mtx_clk_pad_i/A (BUFx24_ASAP7_75t_R)
    26   13.43   11.30   20.12  359.86 ^ clkbuf_leaf_2_mtx_clk_pad_i/Y (BUFx24_ASAP7_75t_R)
                                         clknet_leaf_2_mtx_clk_pad_i (net)
                 11.50    0.62  360.48 ^ txethmac1.txcounters1.NibCnt[5]$_DFFE_PP0P_/CLK (DFFASRHQNx1_ASAP7_75t_R)
                          1.70  362.18   clock reconvergence pessimism
                         -3.69  358.49   library setup time
                                358.49   data required time
-----------------------------------------------------------------------------
                                358.49   data required time
                               -355.80   data arrival time
-----------------------------------------------------------------------------
                                  2.69   slack (MET)


Startpoint: _101376_ (rising edge-triggered flip-flop clocked by wb_clk_i)
Endpoint: wishbone.TxBDReady$_DFFE_PP0P_
          (rising edge-triggered flip-flop clocked by wb_clk_i)
Path Group: wb_clk_i
Path Type: max

Fanout     Cap    Slew   Delay    Time   Description
-----------------------------------------------------------------------------
                          0.00    0.00   clock wb_clk_i (rise edge)
                          0.00    0.00   clock source latency
     1   12.56    0.00    0.00    0.00 ^ wb_clk_i (in)
                                         wb_clk_i (net)
                 39.59   12.49   12.49 ^ clkbuf_0_wb_clk_i/A (BUFx24_ASAP7_75t_R)
     4   16.78   13.67   26.96   39.45 ^ clkbuf_0_wb_clk_i/Y (BUFx24_ASAP7_75t_R)
                                         clknet_0_wb_clk_i (net)
                 19.24    4.50   43.95 ^ clkbuf_2_2_0_wb_clk_i/A (BUFx24_ASAP7_75t_R)
     2   10.46    9.08   20.89   64.84 ^ clkbuf_2_2_0_wb_clk_i/Y (BUFx24_ASAP7_75t_R)
                                         clknet_2_2_0_wb_clk_i (net)
                 17.71    4.75   69.59 ^ clkbuf_3_4_0_wb_clk_i/A (BUFx24_ASAP7_75t_R)
     4   16.96   13.37   21.68   91.27 ^ clkbuf_3_4_0_wb_clk_i/Y (BUFx24_ASAP7_75t_R)
                                         clknet_3_4_0_wb_clk_i (net)
                 16.24    3.18   94.45 ^ clkbuf_5_18__f_wb_clk_i/A (BUFx24_ASAP7_75t_R)
     8   29.63   19.57   22.88  117.33 ^ clkbuf_5_18__f_wb_clk_i/Y (BUFx24_ASAP7_75t_R)
                                         clknet_5_18__leaf_wb_clk_i (net)
                 24.15    4.92  122.25 ^ clkbuf_leaf_90_wb_clk_i/A (BUFx24_ASAP7_75t_R)
    21   15.89   12.79   23.53  145.77 ^ clkbuf_leaf_90_wb_clk_i/Y (BUFx24_ASAP7_75t_R)
                                         clknet_leaf_90_wb_clk_i (net)
                 14.04    1.99  147.76 ^ _101376_/CLK (DFFHQNx1_ASAP7_75t_R)
     8   25.77  170.53  101.33  249.10 ^ _101376_/QN (DFFHQNx1_ASAP7_75t_R)
                                         _010538_ (net)
                171.75    8.43  257.52 ^ _056186_/A (INVx3_ASAP7_75t_R)
    10   15.65   72.61   37.11  294.64 v _056186_/Y (INVx3_ASAP7_75t_R)
                                         _021454_ (net)
                 72.68    1.52  296.15 v place16457/A (BUFx3_ASAP7_75t_R)
     9   14.89   32.73   36.79  332.94 v place16457/Y (BUFx3_ASAP7_75t_R)
                                         net16454 (net)
                 33.43    2.72  335.66 v place16406/A (BUFx3_ASAP7_75t_R)
     8    8.08   18.70   25.66  361.32 v place16406/Y (BUFx3_ASAP7_75t_R)
                                         net16403 (net)
                 19.43    2.00  363.33 v place16405/A (BUFx3_ASAP7_75t_R)
     8   14.17   30.46   24.26  387.58 v place16405/Y (BUFx3_ASAP7_75t_R)
                                         net16402 (net)
                 32.83    4.49  392.07 v place16388/A (BUFx3_ASAP7_75t_R)
     9    9.00   20.07   26.42  418.49 v place16388/Y (BUFx3_ASAP7_75t_R)
                                         net16385 (net)
                 20.14    0.69  419.19 v place16379/A (BUFx3_ASAP7_75t_R)
     7    8.77   19.58   22.85  442.04 v place16379/Y (BUFx3_ASAP7_75t_R)
                                         net16376 (net)
                 20.68    2.48  444.52 v place16378/A (BUFx3_ASAP7_75t_R)
     7    8.44   19.36   22.43  466.95 v place16378/Y (BUFx3_ASAP7_75t_R)
                                         net16375 (net)
                 20.70    2.71  469.66 v place16377/A (BUFx3_ASAP7_75t_R)
     7    6.44   15.57   21.04  490.71 v place16377/Y (BUFx3_ASAP7_75t_R)
                                         net16374 (net)
                 15.67    0.73  491.44 v place16376/A (BUFx3_ASAP7_75t_R)
     9    9.06   20.11   21.66  513.10 v place16376/Y (BUFx3_ASAP7_75t_R)
                                         net16373 (net)
                 20.38    1.32  514.42 v place16375/A (BUFx3_ASAP7_75t_R)
     7    6.70   15.31   21.74  536.16 v place16375/Y (BUFx3_ASAP7_75t_R)
                                         net16372 (net)
                 15.38    0.58  536.74 v _061218_/B (AO21x1_ASAP7_75t_R)
     1    0.82    8.14   17.51  554.26 v _061218_/Y (AO21x1_ASAP7_75t_R)
                                         _026427_ (net)
                  8.14    0.08  554.33 v _061219_/B (AO21x1_ASAP7_75t_R)
     1    1.30   10.42   17.40  571.73 v _061219_/Y (AO21x1_ASAP7_75t_R)
                                         _026428_ (net)
                 10.42    0.10  571.84 v _061222_/A1 (AOI21x1_ASAP7_75t_R)
     1    1.61   17.55   10.51  582.35 ^ _061222_/Y (AOI21x1_ASAP7_75t_R)
                                         _026431_ (net)
                 17.56    0.25  582.60 ^ _061241_/A1 (OAI21x1_ASAP7_75t_R)
     1    3.23   21.26   12.80  595.40 v _061241_/Y (OAI21x1_ASAP7_75t_R)
                                         _026450_ (net)
                 21.53    1.29  596.69 v _061267_/A (NAND2x1_ASAP7_75t_R)
     1    1.86   18.83   16.20  612.89 ^ _061267_/Y (NAND2x1_ASAP7_75t_R)
                                         _026476_ (net)
                 18.85    0.33  613.22 ^ _061324_/A1 (AOI21x1_ASAP7_75t_R)
     1    1.13   18.27   10.52  623.74 v _061324_/Y (AOI21x1_ASAP7_75t_R)
                                         _026533_ (net)
                 18.27    0.05  623.79 v _061325_/A2 (AOI21x1_ASAP7_75t_R)
     1    3.56   46.55   17.51  641.30 ^ _061325_/Y (AOI21x1_ASAP7_75t_R)
                                         _026534_ (net)
                 46.78    1.78  643.08 ^ _061326_/B (NAND2x1_ASAP7_75t_R)
     1    1.57   17.97   13.08  656.15 v _061326_/Y (NAND2x1_ASAP7_75t_R)
                                         _026535_ (net)
                 17.99    0.33  656.49 v place12859/A (BUFx3_ASAP7_75t_R)
     5   24.11   45.72   20.17  676.65 v place12859/Y (BUFx3_ASAP7_75t_R)
                                         net12856 (net)
                146.76   46.01  722.67 v _061776_/A (NAND2x1_ASAP7_75t_R)
     1    1.13   34.01   33.32  755.99 ^ _061776_/Y (NAND2x1_ASAP7_75t_R)
                                         _026985_ (net)
                 34.01    0.04  756.03 ^ _061777_/B (NOR2x1_ASAP7_75t_R)
     1    1.24   14.80   12.67  768.70 v _061777_/Y (NOR2x1_ASAP7_75t_R)
                                         _026986_ (net)
                 14.81    0.12  768.82 v _061778_/B (NAND2x1_ASAP7_75t_R)
     1    1.33   16.04   10.89  779.71 ^ _061778_/Y (NAND2x1_ASAP7_75t_R)
                                         _026987_ (net)
                 16.04    0.15  779.86 ^ _065320_/A1 (OAI21x1_ASAP7_75t_R)
     1    1.12   15.17    8.13  788.00 v _065320_/Y (OAI21x1_ASAP7_75t_R)
                                         _030529_ (net)
                 15.18    0.09  788.08 v _065321_/B (NAND2x1_ASAP7_75t_R)
     1    0.67   10.22    8.77  796.86 ^ _065321_/Y (NAND2x1_ASAP7_75t_R)
                                         _012244_ (net)
                 10.22    0.05  796.91 ^ wishbone.TxBDReady$_DFFE_PP0P_/D (DFFASRHQNx1_ASAP7_75t_R)
                                796.91   data arrival time

                       1000.00 1000.00   clock wb_clk_i (rise edge)
                          0.00 1000.00   clock source latency
     1   11.96    0.00    0.00 1000.00 ^ wb_clk_i (in)
                                         wb_clk_i (net)
                 36.92   11.65 1011.65 ^ clkbuf_0_wb_clk_i/A (BUFx24_ASAP7_75t_R)
     4   14.38   12.40   26.10 1037.75 ^ clkbuf_0_wb_clk_i/Y (BUFx24_ASAP7_75t_R)
                                         clknet_0_wb_clk_i (net)
                 16.41    3.57 1041.32 ^ clkbuf_2_1_0_wb_clk_i/A (BUFx24_ASAP7_75t_R)
     2    8.64    8.89   20.04 1061.36 ^ clkbuf_2_1_0_wb_clk_i/Y (BUFx24_ASAP7_75t_R)
                                         clknet_2_1_0_wb_clk_i (net)
                 14.19    3.67 1065.03 ^ clkbuf_3_2_0_wb_clk_i/A (BUFx24_ASAP7_75t_R)
     4   14.59   12.15   20.40 1085.43 ^ clkbuf_3_2_0_wb_clk_i/Y (BUFx24_ASAP7_75t_R)
                                         clknet_3_2_0_wb_clk_i (net)
                 14.41    2.67 1088.10 ^ clkbuf_5_9__f_wb_clk_i/A (BUFx24_ASAP7_75t_R)
     8   22.11   15.74   21.60 1109.70 ^ clkbuf_5_9__f_wb_clk_i/Y (BUFx24_ASAP7_75t_R)
                                         clknet_5_9__leaf_wb_clk_i (net)
                 17.36    2.59 1112.29 ^ clkbuf_leaf_199_wb_clk_i/A (BUFx24_ASAP7_75t_R)
    19   12.27   10.96   21.18 1133.47 ^ clkbuf_leaf_199_wb_clk_i/Y (BUFx24_ASAP7_75t_R)
                                         clknet_leaf_199_wb_clk_i (net)
                 11.76    1.40 1134.88 ^ wishbone.TxBDReady$_DFFE_PP0P_/CLK (DFFASRHQNx1_ASAP7_75t_R)
                          1.71 1136.58   clock reconvergence pessimism
                        -11.95 1124.64   library setup time
                               1124.64   data required time
-----------------------------------------------------------------------------
                               1124.64   data required time
                               -796.91   data arrival time
-----------------------------------------------------------------------------
                                327.73   slack (MET)



==========================================================================
finish report_check_types -max_slew -max_cap -max_fanout -violators
--------------------------------------------------------------------------
max fanout

Pin                                   Limit Fanout  Slack
---------------------------------------------------------
clkbuf_leaf_4_mtx_clk_pad_i/Y            10     27    -17 (VIOLATED)
clkbuf_leaf_192_wb_clk_i/Y               10     26    -16 (VIOLATED)
clkbuf_leaf_1_mrx_clk_pad_i/Y            10     26    -16 (VIOLATED)
clkbuf_leaf_2_mtx_clk_pad_i/Y            10     26    -16 (VIOLATED)
clkbuf_leaf_6_mrx_clk_pad_i/Y            10     26    -16 (VIOLATED)
clkbuf_leaf_6_mtx_clk_pad_i/Y            10     26    -16 (VIOLATED)
clkbuf_leaf_7_mrx_clk_pad_i/Y            10     26    -16 (VIOLATED)
clkbuf_leaf_0_mtx_clk_pad_i/Y            10     25    -15 (VIOLATED)
clkbuf_leaf_11_mrx_clk_pad_i/Y           10     25    -15 (VIOLATED)
clkbuf_leaf_186_wb_clk_i/Y               10     25    -15 (VIOLATED)
clkbuf_leaf_191_wb_clk_i/Y               10     25    -15 (VIOLATED)
clkbuf_leaf_196_wb_clk_i/Y               10     25    -15 (VIOLATED)
clkbuf_leaf_1_mtx_clk_pad_i/Y            10     25    -15 (VIOLATED)
clkbuf_leaf_10_mrx_clk_pad_i/Y           10     24    -14 (VIOLATED)
clkbuf_leaf_203_wb_clk_i/Y               10     24    -14 (VIOLATED)
clkbuf_leaf_213_wb_clk_i/Y               10     24    -14 (VIOLATED)
clkbuf_leaf_219_wb_clk_i/Y               10     24    -14 (VIOLATED)
clkbuf_leaf_220_wb_clk_i/Y               10     24    -14 (VIOLATED)
clkbuf_leaf_226_wb_clk_i/Y               10     24    -14 (VIOLATED)
clkbuf_leaf_228_wb_clk_i/Y               10     24    -14 (VIOLATED)
clkbuf_leaf_2_mrx_clk_pad_i/Y            10     24    -14 (VIOLATED)
clkbuf_leaf_3_mtx_clk_pad_i/Y            10     24    -14 (VIOLATED)
clkbuf_leaf_9_mrx_clk_pad_i/Y            10     24    -14 (VIOLATED)
clkbuf_leaf_222_wb_clk_i/Y               10     23    -13 (VIOLATED)
clkbuf_leaf_225_wb_clk_i/Y               10     23    -13 (VIOLATED)
clkbuf_leaf_3_mrx_clk_pad_i/Y            10     23    -13 (VIOLATED)
clkbuf_leaf_5_mtx_clk_pad_i/Y            10     23    -13 (VIOLATED)
clkbuf_leaf_7_mtx_clk_pad_i/Y            10     23    -13 (VIOLATED)
clkbuf_leaf_94_wb_clk_i/Y                10     23    -13 (VIOLATED)
clkbuf_leaf_0_mrx_clk_pad_i/Y            10     22    -12 (VIOLATED)
clkbuf_leaf_100_wb_clk_i/Y               10     22    -12 (VIOLATED)
clkbuf_leaf_110_wb_clk_i/Y               10     22    -12 (VIOLATED)
clkbuf_leaf_111_wb_clk_i/Y               10     22    -12 (VIOLATED)
clkbuf_leaf_128_wb_clk_i/Y               10     22    -12 (VIOLATED)
clkbuf_leaf_141_wb_clk_i/Y               10     22    -12 (VIOLATED)
clkbuf_leaf_147_wb_clk_i/Y               10     22    -12 (VIOLATED)
clkbuf_leaf_153_wb_clk_i/Y               10     22    -12 (VIOLATED)
clkbuf_leaf_155_wb_clk_i/Y               10     22    -12 (VIOLATED)
clkbuf_leaf_168_wb_clk_i/Y               10     22    -12 (VIOLATED)
clkbuf_leaf_169_wb_clk_i/Y               10     22    -12 (VIOLATED)
clkbuf_leaf_183_wb_clk_i/Y               10     22    -12 (VIOLATED)
clkbuf_leaf_193_wb_clk_i/Y               10     22    -12 (VIOLATED)
clkbuf_leaf_198_wb_clk_i/Y               10     22    -12 (VIOLATED)
clkbuf_leaf_200_wb_clk_i/Y               10     22    -12 (VIOLATED)
clkbuf_leaf_201_wb_clk_i/Y               10     22    -12 (VIOLATED)
clkbuf_leaf_221_wb_clk_i/Y               10     22    -12 (VIOLATED)
clkbuf_leaf_22_wb_clk_i/Y                10     22    -12 (VIOLATED)
clkbuf_leaf_236_wb_clk_i/Y               10     22    -12 (VIOLATED)
clkbuf_leaf_29_wb_clk_i/Y                10     22    -12 (VIOLATED)
clkbuf_leaf_2_wb_clk_i/Y                 10     22    -12 (VIOLATED)
clkbuf_leaf_32_wb_clk_i/Y                10     22    -12 (VIOLATED)
clkbuf_leaf_4_mrx_clk_pad_i/Y            10     22    -12 (VIOLATED)
clkbuf_leaf_4_wb_clk_i/Y                 10     22    -12 (VIOLATED)
clkbuf_leaf_66_wb_clk_i/Y                10     22    -12 (VIOLATED)
clkbuf_leaf_75_wb_clk_i/Y                10     22    -12 (VIOLATED)
clkbuf_leaf_82_wb_clk_i/Y                10     22    -12 (VIOLATED)
clkbuf_leaf_84_wb_clk_i/Y                10     22    -12 (VIOLATED)
clkbuf_leaf_0_wb_clk_i/Y                 10     21    -11 (VIOLATED)
clkbuf_leaf_126_wb_clk_i/Y               10     21    -11 (VIOLATED)
clkbuf_leaf_129_wb_clk_i/Y               10     21    -11 (VIOLATED)
clkbuf_leaf_132_wb_clk_i/Y               10     21    -11 (VIOLATED)
clkbuf_leaf_135_wb_clk_i/Y               10     21    -11 (VIOLATED)
clkbuf_leaf_136_wb_clk_i/Y               10     21    -11 (VIOLATED)
clkbuf_leaf_145_wb_clk_i/Y               10     21    -11 (VIOLATED)
clkbuf_leaf_149_wb_clk_i/Y               10     21    -11 (VIOLATED)
clkbuf_leaf_151_wb_clk_i/Y               10     21    -11 (VIOLATED)
clkbuf_leaf_152_wb_clk_i/Y               10     21    -11 (VIOLATED)
clkbuf_leaf_156_wb_clk_i/Y               10     21    -11 (VIOLATED)
clkbuf_leaf_157_wb_clk_i/Y               10     21    -11 (VIOLATED)
clkbuf_leaf_158_wb_clk_i/Y               10     21    -11 (VIOLATED)
clkbuf_leaf_159_wb_clk_i/Y               10     21    -11 (VIOLATED)
clkbuf_leaf_162_wb_clk_i/Y               10     21    -11 (VIOLATED)
clkbuf_leaf_165_wb_clk_i/Y               10     21    -11 (VIOLATED)
clkbuf_leaf_17_wb_clk_i/Y                10     21    -11 (VIOLATED)
clkbuf_leaf_180_wb_clk_i/Y               10     21    -11 (VIOLATED)
clkbuf_leaf_184_wb_clk_i/Y               10     21    -11 (VIOLATED)
clkbuf_leaf_185_wb_clk_i/Y               10     21    -11 (VIOLATED)
clkbuf_leaf_197_wb_clk_i/Y               10     21    -11 (VIOLATED)
clkbuf_leaf_1_wb_clk_i/Y                 10     21    -11 (VIOLATED)
clkbuf_leaf_214_wb_clk_i/Y               10     21    -11 (VIOLATED)
clkbuf_leaf_215_wb_clk_i/Y               10     21    -11 (VIOLATED)
clkbuf_leaf_218_wb_clk_i/Y               10     21    -11 (VIOLATED)
clkbuf_leaf_230_wb_clk_i/Y               10     21    -11 (VIOLATED)
clkbuf_leaf_231_wb_clk_i/Y               10     21    -11 (VIOLATED)
clkbuf_leaf_233_wb_clk_i/Y               10     21    -11 (VIOLATED)
clkbuf_leaf_25_wb_clk_i/Y                10     21    -11 (VIOLATED)
clkbuf_leaf_30_wb_clk_i/Y                10     21    -11 (VIOLATED)
clkbuf_leaf_36_wb_clk_i/Y                10     21    -11 (VIOLATED)
clkbuf_leaf_3_wb_clk_i/Y                 10     21    -11 (VIOLATED)
clkbuf_leaf_41_wb_clk_i/Y                10     21    -11 (VIOLATED)
clkbuf_leaf_42_wb_clk_i/Y                10     21    -11 (VIOLATED)
clkbuf_leaf_45_wb_clk_i/Y                10     21    -11 (VIOLATED)
clkbuf_leaf_47_wb_clk_i/Y                10     21    -11 (VIOLATED)
clkbuf_leaf_49_wb_clk_i/Y                10     21    -11 (VIOLATED)
clkbuf_leaf_58_wb_clk_i/Y                10     21    -11 (VIOLATED)
clkbuf_leaf_5_mrx_clk_pad_i/Y            10     21    -11 (VIOLATED)
clkbuf_leaf_61_wb_clk_i/Y                10     21    -11 (VIOLATED)
clkbuf_leaf_63_wb_clk_i/Y                10     21    -11 (VIOLATED)
clkbuf_leaf_67_wb_clk_i/Y                10     21    -11 (VIOLATED)
clkbuf_leaf_72_wb_clk_i/Y                10     21    -11 (VIOLATED)
clkbuf_leaf_73_wb_clk_i/Y                10     21    -11 (VIOLATED)
clkbuf_leaf_74_wb_clk_i/Y                10     21    -11 (VIOLATED)
clkbuf_leaf_85_wb_clk_i/Y                10     21    -11 (VIOLATED)
clkbuf_leaf_86_wb_clk_i/Y                10     21    -11 (VIOLATED)
clkbuf_leaf_8_mrx_clk_pad_i/Y            10     21    -11 (VIOLATED)
clkbuf_leaf_8_wb_clk_i/Y                 10     21    -11 (VIOLATED)
clkbuf_leaf_90_wb_clk_i/Y                10     21    -11 (VIOLATED)
clkbuf_leaf_97_wb_clk_i/Y                10     21    -11 (VIOLATED)
clkbuf_leaf_102_wb_clk_i/Y               10     20    -10 (VIOLATED)
clkbuf_leaf_104_wb_clk_i/Y               10     20    -10 (VIOLATED)
clkbuf_leaf_108_wb_clk_i/Y               10     20    -10 (VIOLATED)
clkbuf_leaf_11_wb_clk_i/Y                10     20    -10 (VIOLATED)
clkbuf_leaf_123_wb_clk_i/Y               10     20    -10 (VIOLATED)
clkbuf_leaf_12_wb_clk_i/Y                10     20    -10 (VIOLATED)
clkbuf_leaf_131_wb_clk_i/Y               10     20    -10 (VIOLATED)
clkbuf_leaf_138_wb_clk_i/Y               10     20    -10 (VIOLATED)
clkbuf_leaf_139_wb_clk_i/Y               10     20    -10 (VIOLATED)
clkbuf_leaf_13_wb_clk_i/Y                10     20    -10 (VIOLATED)
clkbuf_leaf_142_wb_clk_i/Y               10     20    -10 (VIOLATED)
clkbuf_leaf_144_wb_clk_i/Y               10     20    -10 (VIOLATED)
clkbuf_leaf_14_wb_clk_i/Y                10     20    -10 (VIOLATED)
clkbuf_leaf_15_wb_clk_i/Y                10     20    -10 (VIOLATED)
clkbuf_leaf_160_wb_clk_i/Y               10     20    -10 (VIOLATED)
clkbuf_leaf_163_wb_clk_i/Y               10     20    -10 (VIOLATED)
clkbuf_leaf_167_wb_clk_i/Y               10     20    -10 (VIOLATED)
clkbuf_leaf_176_wb_clk_i/Y               10     20    -10 (VIOLATED)
clkbuf_leaf_181_wb_clk_i/Y               10     20    -10 (VIOLATED)
clkbuf_leaf_188_wb_clk_i/Y               10     20    -10 (VIOLATED)
clkbuf_leaf_202_wb_clk_i/Y               10     20    -10 (VIOLATED)
clkbuf_leaf_206_wb_clk_i/Y               10     20    -10 (VIOLATED)
clkbuf_leaf_212_wb_clk_i/Y               10     20    -10 (VIOLATED)
clkbuf_leaf_21_wb_clk_i/Y                10     20    -10 (VIOLATED)
clkbuf_leaf_223_wb_clk_i/Y               10     20    -10 (VIOLATED)
clkbuf_leaf_23_wb_clk_i/Y                10     20    -10 (VIOLATED)
clkbuf_leaf_24_wb_clk_i/Y                10     20    -10 (VIOLATED)
clkbuf_leaf_26_wb_clk_i/Y                10     20    -10 (VIOLATED)
clkbuf_leaf_31_wb_clk_i/Y                10     20    -10 (VIOLATED)
clkbuf_leaf_34_wb_clk_i/Y                10     20    -10 (VIOLATED)
clkbuf_leaf_35_wb_clk_i/Y                10     20    -10 (VIOLATED)
clkbuf_leaf_39_wb_clk_i/Y                10     20    -10 (VIOLATED)
clkbuf_leaf_40_wb_clk_i/Y                10     20    -10 (VIOLATED)
clkbuf_leaf_43_wb_clk_i/Y                10     20    -10 (VIOLATED)
clkbuf_leaf_51_wb_clk_i/Y                10     20    -10 (VIOLATED)
clkbuf_leaf_52_wb_clk_i/Y                10     20    -10 (VIOLATED)
clkbuf_leaf_57_wb_clk_i/Y                10     20    -10 (VIOLATED)
clkbuf_leaf_59_wb_clk_i/Y                10     20    -10 (VIOLATED)
clkbuf_leaf_76_wb_clk_i/Y                10     20    -10 (VIOLATED)
clkbuf_leaf_77_wb_clk_i/Y                10     20    -10 (VIOLATED)
clkbuf_leaf_7_wb_clk_i/Y                 10     20    -10 (VIOLATED)
clkbuf_leaf_87_wb_clk_i/Y                10     20    -10 (VIOLATED)
clkbuf_leaf_96_wb_clk_i/Y                10     20    -10 (VIOLATED)
clkbuf_leaf_98_wb_clk_i/Y                10     20    -10 (VIOLATED)
clkbuf_leaf_101_wb_clk_i/Y               10     19     -9 (VIOLATED)
clkbuf_leaf_106_wb_clk_i/Y               10     19     -9 (VIOLATED)
clkbuf_leaf_10_wb_clk_i/Y                10     19     -9 (VIOLATED)
clkbuf_leaf_112_wb_clk_i/Y               10     19     -9 (VIOLATED)
clkbuf_leaf_114_wb_clk_i/Y               10     19     -9 (VIOLATED)
clkbuf_leaf_117_wb_clk_i/Y               10     19     -9 (VIOLATED)
clkbuf_leaf_121_wb_clk_i/Y               10     19     -9 (VIOLATED)
clkbuf_leaf_125_wb_clk_i/Y               10     19     -9 (VIOLATED)
clkbuf_leaf_127_wb_clk_i/Y               10     19     -9 (VIOLATED)
clkbuf_leaf_130_wb_clk_i/Y               10     19     -9 (VIOLATED)
clkbuf_leaf_133_wb_clk_i/Y               10     19     -9 (VIOLATED)
clkbuf_leaf_143_wb_clk_i/Y               10     19     -9 (VIOLATED)
clkbuf_leaf_148_wb_clk_i/Y               10     19     -9 (VIOLATED)
clkbuf_leaf_150_wb_clk_i/Y               10     19     -9 (VIOLATED)
clkbuf_leaf_164_wb_clk_i/Y               10     19     -9 (VIOLATED)
clkbuf_leaf_16_wb_clk_i/Y                10     19     -9 (VIOLATED)
clkbuf_leaf_170_wb_clk_i/Y               10     19     -9 (VIOLATED)
clkbuf_leaf_171_wb_clk_i/Y               10     19     -9 (VIOLATED)
clkbuf_leaf_173_wb_clk_i/Y               10     19     -9 (VIOLATED)
clkbuf_leaf_175_wb_clk_i/Y               10     19     -9 (VIOLATED)
clkbuf_leaf_177_wb_clk_i/Y               10     19     -9 (VIOLATED)
clkbuf_leaf_179_wb_clk_i/Y               10     19     -9 (VIOLATED)
clkbuf_leaf_190_wb_clk_i/Y               10     19     -9 (VIOLATED)
clkbuf_leaf_199_wb_clk_i/Y               10     19     -9 (VIOLATED)
clkbuf_leaf_19_wb_clk_i/Y                10     19     -9 (VIOLATED)
clkbuf_leaf_204_wb_clk_i/Y               10     19     -9 (VIOLATED)
clkbuf_leaf_208_wb_clk_i/Y               10     19     -9 (VIOLATED)
clkbuf_leaf_209_wb_clk_i/Y               10     19     -9 (VIOLATED)
clkbuf_leaf_20_wb_clk_i/Y                10     19     -9 (VIOLATED)
clkbuf_leaf_210_wb_clk_i/Y               10     19     -9 (VIOLATED)
clkbuf_leaf_227_wb_clk_i/Y               10     19     -9 (VIOLATED)
clkbuf_leaf_237_wb_clk_i/Y               10     19     -9 (VIOLATED)
clkbuf_leaf_33_wb_clk_i/Y                10     19     -9 (VIOLATED)
clkbuf_leaf_44_wb_clk_i/Y                10     19     -9 (VIOLATED)
clkbuf_leaf_46_wb_clk_i/Y                10     19     -9 (VIOLATED)
clkbuf_leaf_50_wb_clk_i/Y                10     19     -9 (VIOLATED)
clkbuf_leaf_54_wb_clk_i/Y                10     19     -9 (VIOLATED)
clkbuf_leaf_5_wb_clk_i/Y                 10     19     -9 (VIOLATED)
clkbuf_leaf_64_wb_clk_i/Y                10     19     -9 (VIOLATED)
clkbuf_leaf_69_wb_clk_i/Y                10     19     -9 (VIOLATED)
clkbuf_leaf_70_wb_clk_i/Y                10     19     -9 (VIOLATED)
clkbuf_leaf_71_wb_clk_i/Y                10     19     -9 (VIOLATED)
clkbuf_leaf_78_wb_clk_i/Y                10     19     -9 (VIOLATED)
clkbuf_leaf_79_wb_clk_i/Y                10     19     -9 (VIOLATED)
clkbuf_leaf_80_wb_clk_i/Y                10     19     -9 (VIOLATED)
clkbuf_leaf_88_wb_clk_i/Y                10     19     -9 (VIOLATED)
clkbuf_leaf_89_wb_clk_i/Y                10     19     -9 (VIOLATED)
clkbuf_leaf_91_wb_clk_i/Y                10     19     -9 (VIOLATED)
clkbuf_leaf_95_wb_clk_i/Y                10     19     -9 (VIOLATED)
clkbuf_leaf_9_mtx_clk_pad_i/Y            10     19     -9 (VIOLATED)
clkbuf_leaf_105_wb_clk_i/Y               10     18     -8 (VIOLATED)
clkbuf_leaf_113_wb_clk_i/Y               10     18     -8 (VIOLATED)
clkbuf_leaf_116_wb_clk_i/Y               10     18     -8 (VIOLATED)
clkbuf_leaf_118_wb_clk_i/Y               10     18     -8 (VIOLATED)
clkbuf_leaf_137_wb_clk_i/Y               10     18     -8 (VIOLATED)
clkbuf_leaf_146_wb_clk_i/Y               10     18     -8 (VIOLATED)
clkbuf_leaf_161_wb_clk_i/Y               10     18     -8 (VIOLATED)
clkbuf_leaf_174_wb_clk_i/Y               10     18     -8 (VIOLATED)
clkbuf_leaf_178_wb_clk_i/Y               10     18     -8 (VIOLATED)
clkbuf_leaf_182_wb_clk_i/Y               10     18     -8 (VIOLATED)
clkbuf_leaf_187_wb_clk_i/Y               10     18     -8 (VIOLATED)
clkbuf_leaf_205_wb_clk_i/Y               10     18     -8 (VIOLATED)
clkbuf_leaf_207_wb_clk_i/Y               10     18     -8 (VIOLATED)
clkbuf_leaf_216_wb_clk_i/Y               10     18     -8 (VIOLATED)
clkbuf_leaf_234_wb_clk_i/Y               10     18     -8 (VIOLATED)
clkbuf_leaf_235_wb_clk_i/Y               10     18     -8 (VIOLATED)
clkbuf_leaf_27_wb_clk_i/Y                10     18     -8 (VIOLATED)
clkbuf_leaf_28_wb_clk_i/Y                10     18     -8 (VIOLATED)
clkbuf_leaf_48_wb_clk_i/Y                10     18     -8 (VIOLATED)
clkbuf_leaf_53_wb_clk_i/Y                10     18     -8 (VIOLATED)
clkbuf_leaf_56_wb_clk_i/Y                10     18     -8 (VIOLATED)
clkbuf_leaf_65_wb_clk_i/Y                10     18     -8 (VIOLATED)
clkbuf_leaf_68_wb_clk_i/Y                10     18     -8 (VIOLATED)
clkbuf_leaf_6_wb_clk_i/Y                 10     18     -8 (VIOLATED)
clkbuf_leaf_92_wb_clk_i/Y                10     18     -8 (VIOLATED)
clkbuf_leaf_93_wb_clk_i/Y                10     18     -8 (VIOLATED)
clkbuf_leaf_99_wb_clk_i/Y                10     18     -8 (VIOLATED)
clkbuf_leaf_103_wb_clk_i/Y               10     17     -7 (VIOLATED)
clkbuf_leaf_107_wb_clk_i/Y               10     17     -7 (VIOLATED)
clkbuf_leaf_109_wb_clk_i/Y               10     17     -7 (VIOLATED)
clkbuf_leaf_115_wb_clk_i/Y               10     17     -7 (VIOLATED)
clkbuf_leaf_120_wb_clk_i/Y               10     17     -7 (VIOLATED)
clkbuf_leaf_122_wb_clk_i/Y               10     17     -7 (VIOLATED)
clkbuf_leaf_12_mrx_clk_pad_i/Y           10     17     -7 (VIOLATED)
clkbuf_leaf_134_wb_clk_i/Y               10     17     -7 (VIOLATED)
clkbuf_leaf_140_wb_clk_i/Y               10     17     -7 (VIOLATED)
clkbuf_leaf_154_wb_clk_i/Y               10     17     -7 (VIOLATED)
clkbuf_leaf_172_wb_clk_i/Y               10     17     -7 (VIOLATED)
clkbuf_leaf_18_wb_clk_i/Y                10     17     -7 (VIOLATED)
clkbuf_leaf_194_wb_clk_i/Y               10     17     -7 (VIOLATED)
clkbuf_leaf_211_wb_clk_i/Y               10     17     -7 (VIOLATED)
clkbuf_leaf_224_wb_clk_i/Y               10     17     -7 (VIOLATED)
clkbuf_leaf_232_wb_clk_i/Y               10     17     -7 (VIOLATED)
clkbuf_leaf_37_wb_clk_i/Y                10     17     -7 (VIOLATED)
clkbuf_leaf_38_wb_clk_i/Y                10     17     -7 (VIOLATED)
clkbuf_leaf_55_wb_clk_i/Y                10     17     -7 (VIOLATED)
clkbuf_leaf_83_wb_clk_i/Y                10     17     -7 (VIOLATED)
clkbuf_leaf_119_wb_clk_i/Y               10     16     -6 (VIOLATED)
clkbuf_leaf_124_wb_clk_i/Y               10     16     -6 (VIOLATED)
clkbuf_leaf_166_wb_clk_i/Y               10     16     -6 (VIOLATED)
clkbuf_leaf_195_wb_clk_i/Y               10     16     -6 (VIOLATED)
clkbuf_leaf_229_wb_clk_i/Y               10     16     -6 (VIOLATED)
clkbuf_leaf_60_wb_clk_i/Y                10     16     -6 (VIOLATED)
clkbuf_leaf_62_wb_clk_i/Y                10     16     -6 (VIOLATED)
clkbuf_leaf_81_wb_clk_i/Y                10     16     -6 (VIOLATED)
clkbuf_leaf_9_wb_clk_i/Y                 10     16     -6 (VIOLATED)
clkbuf_leaf_217_wb_clk_i/Y               10     15     -5 (VIOLATED)
clkbuf_leaf_189_wb_clk_i/Y               10     14     -4 (VIOLATED)
clkbuf_leaf_8_mtx_clk_pad_i/Y            10     12     -2 (VIOLATED)


==========================================================================
finish max_slew_check_slack
--------------------------------------------------------------------------
102.51225280761719

==========================================================================
finish max_slew_check_limit
--------------------------------------------------------------------------
320.0

==========================================================================
finish max_slew_check_slack_limit
--------------------------------------------------------------------------
0.3204

==========================================================================
finish max_fanout_check_slack
--------------------------------------------------------------------------
-17.0

==========================================================================
finish max_fanout_check_limit
--------------------------------------------------------------------------
10.0

==========================================================================
finish max_fanout_check_slack_limit
--------------------------------------------------------------------------
-1.7000

==========================================================================
finish max_capacitance_check_slack
--------------------------------------------------------------------------
10.537450790405273

==========================================================================
finish max_capacitance_check_limit
--------------------------------------------------------------------------
23.040000915527344

==========================================================================
finish max_capacitance_check_slack_limit
--------------------------------------------------------------------------
0.4574

==========================================================================
finish max_slew_violation_count
--------------------------------------------------------------------------
max slew violation count 0

==========================================================================
finish max_fanout_violation_count
--------------------------------------------------------------------------
max fanout violation count 261

==========================================================================
finish max_cap_violation_count
--------------------------------------------------------------------------
max cap violation count 0

==========================================================================
finish setup_violation_count
--------------------------------------------------------------------------
setup violation count 21

==========================================================================
finish hold_violation_count
--------------------------------------------------------------------------
hold violation count 0

==========================================================================
finish report_checks -path_delay max reg to reg
--------------------------------------------------------------------------
Startpoint: rxethmac1.rxcounters1.ByteCnt[2]$_DFFE_PP0P_
            (rising edge-triggered flip-flop clocked by mrx_clk_pad_i)
Endpoint: maccontrol1.receivecontrol1.PauseTimer[12]$_DFFE_PP0P_
          (rising edge-triggered flip-flop clocked by mrx_clk_pad_i)
Path Group: mrx_clk_pad_i
Path Type: max

  Delay    Time   Description
---------------------------------------------------------
   0.00    0.00   clock mrx_clk_pad_i (rise edge)
   0.00    0.00   clock source latency
   0.00    0.00 ^ mrx_clk_pad_i (in)
  18.42   18.42 ^ clkbuf_0_mrx_clk_pad_i/Y (BUFx24_ASAP7_75t_R)
  22.81   41.23 ^ clkbuf_1_0__f_mrx_clk_pad_i/Y (BUFx24_ASAP7_75t_R)
  25.11   66.35 ^ clkbuf_leaf_2_mrx_clk_pad_i/Y (BUFx24_ASAP7_75t_R)
   1.05   67.40 ^ rxethmac1.rxcounters1.ByteCnt[2]$_DFFE_PP0P_/CLK (DFFASRHQNx1_ASAP7_75t_R)
  42.45  109.85 v rxethmac1.rxcounters1.ByteCnt[2]$_DFFE_PP0P_/QN (DFFASRHQNx1_ASAP7_75t_R)
  16.37  126.22 v place17152/Y (BUFx6f_ASAP7_75t_R)
   5.82  132.05 ^ _058033_/Y (INVx4_ASAP7_75t_R)
  15.96  148.01 v _101208_/CON (HAxp5_ASAP7_75t_R)
  24.46  172.46 ^ _066706_/Y (NOR2x1_ASAP7_75t_R)
  25.87  198.34 ^ _069926_/Y (AND3x1_ASAP7_75t_R)
  28.14  226.47 ^ _069927_/Y (XOR2x2_ASAP7_75t_R)
  24.20  250.67 ^ _101304_/SN (HAxp5_ASAP7_75t_R)
  14.35  265.03 v _066725_/Y (NOR2x1_ASAP7_75t_R)
  16.14  281.17 v place13053/Y (BUFx3_ASAP7_75t_R)
  20.74  301.91 v _066734_/Y (AND5x1_ASAP7_75t_R)
  12.03  313.94 ^ _066749_/Y (NAND2x1_ASAP7_75t_R)
  24.56  338.51 ^ _066753_/Y (AND3x2_ASAP7_75t_R)
  15.22  353.73 v _067465_/Y (AOI21x1_ASAP7_75t_R)
  24.58  378.31 ^ _067466_/Y (NAND2x2_ASAP7_75t_R)
  20.36  398.67 ^ rebuffer18429/Y (BUFx3_ASAP7_75t_R)
   6.45  405.12 v _068967_/Y (NOR2x1_ASAP7_75t_R)
  18.15  423.27 v _068968_/Y (AO21x1_ASAP7_75t_R)
  10.12  433.40 ^ _068969_/Y (NAND2x1_ASAP7_75t_R)
   0.12  433.52 ^ maccontrol1.receivecontrol1.PauseTimer[12]$_DFFE_PP0P_/D (DFFASRHQNx1_ASAP7_75t_R)
         433.52   data arrival time

 300.00  300.00   clock mrx_clk_pad_i (rise edge)
   0.00  300.00   clock source latency
   0.00  300.00 ^ mrx_clk_pad_i (in)
  17.75  317.75 ^ clkbuf_0_mrx_clk_pad_i/Y (BUFx24_ASAP7_75t_R)
  20.70  338.45 ^ clkbuf_1_1__f_mrx_clk_pad_i/Y (BUFx24_ASAP7_75t_R)
  25.45  363.90 ^ clkbuf_leaf_9_mrx_clk_pad_i/Y (BUFx24_ASAP7_75t_R)
   1.11  365.01 ^ maccontrol1.receivecontrol1.PauseTimer[12]$_DFFE_PP0P_/CLK (DFFASRHQNx1_ASAP7_75t_R)
   0.67  365.68   clock reconvergence pessimism
 -11.99  353.69   library setup time
         353.69   data required time
---------------------------------------------------------
         353.69   data required time
        -433.52   data arrival time
---------------------------------------------------------
         -79.83   slack (VIOLATED)


Startpoint: txethmac1.txcounters1.NibCnt[15]$_DFFE_PP0P_
            (rising edge-triggered flip-flop clocked by mtx_clk_pad_i)
Endpoint: txethmac1.txcounters1.NibCnt[5]$_DFFE_PP0P_
          (rising edge-triggered flip-flop clocked by mtx_clk_pad_i)
Path Group: mtx_clk_pad_i
Path Type: max

  Delay    Time   Description
---------------------------------------------------------
   0.00    0.00   clock mtx_clk_pad_i (rise edge)
   0.00    0.00   clock source latency
   0.00    0.00 ^ mtx_clk_pad_i (in)
  19.49   19.49 ^ clkbuf_0_mtx_clk_pad_i/Y (BUFx24_ASAP7_75t_R)
  20.50   39.99 ^ clkbuf_1_1__f_mtx_clk_pad_i/Y (BUFx24_ASAP7_75t_R)
  22.23   62.22 ^ clkbuf_leaf_5_mtx_clk_pad_i/Y (BUFx24_ASAP7_75t_R)
   2.47   64.69 ^ txethmac1.txcounters1.NibCnt[15]$_DFFE_PP0P_/CLK (DFFASRHQNx1_ASAP7_75t_R)
  43.48  108.17 v txethmac1.txcounters1.NibCnt[15]$_DFFE_PP0P_/QN (DFFASRHQNx1_ASAP7_75t_R)
  10.50  118.67 ^ _067310_/Y (INVx1_ASAP7_75t_R)
  36.51  155.18 v _101254_/SN (HAxp5_ASAP7_75t_R)
  15.36  170.54 ^ _057774_/Y (NOR2x1_ASAP7_75t_R)
  20.02  190.56 ^ _057777_/Y (AND3x1_ASAP7_75t_R)
   7.66  198.22 v _057778_/Y (INVx1_ASAP7_75t_R)
  25.86  224.08 v _057779_/Y (OR5x1_ASAP7_75t_R)
  17.68  241.76 v _057780_/Y (AO21x1_ASAP7_75t_R)
  13.67  255.43 ^ _057798_/Y (AOI21x1_ASAP7_75t_R)
  15.75  271.18 v _057876_/Y (AOI21x1_ASAP7_75t_R)
  17.16  288.34 ^ _057879_/Y (OAI21x1_ASAP7_75t_R)
  14.30  302.64 v _067345_/Y (AOI21x1_ASAP7_75t_R)
  17.18  319.82 ^ _067346_/Y (NAND2x2_ASAP7_75t_R)
  21.70  341.52 ^ place12829/Y (BUFx6f_ASAP7_75t_R)
  14.19  355.70 v _068763_/Y (NOR3x2_ASAP7_75t_R)
   0.10  355.80 v txethmac1.txcounters1.NibCnt[5]$_DFFE_PP0P_/D (DFFASRHQNx1_ASAP7_75t_R)
         355.80   data arrival time

 300.00  300.00   clock mtx_clk_pad_i (rise edge)
   0.00  300.00   clock source latency
   0.00  300.00 ^ mtx_clk_pad_i (in)
  18.65  318.65 ^ clkbuf_0_mtx_clk_pad_i/Y (BUFx24_ASAP7_75t_R)
  19.63  338.29 ^ clkbuf_1_1__f_mtx_clk_pad_i/Y (BUFx24_ASAP7_75t_R)
  21.57  359.86 ^ clkbuf_leaf_2_mtx_clk_pad_i/Y (BUFx24_ASAP7_75t_R)
   0.62  360.48 ^ txethmac1.txcounters1.NibCnt[5]$_DFFE_PP0P_/CLK (DFFASRHQNx1_ASAP7_75t_R)
   1.70  362.18   clock reconvergence pessimism
  -3.69  358.49   library setup time
         358.49   data required time
---------------------------------------------------------
         358.49   data required time
        -355.80   data arrival time
---------------------------------------------------------
           2.69   slack (MET)


Startpoint: _101376_ (rising edge-triggered flip-flop clocked by wb_clk_i)
Endpoint: wishbone.TxBDReady$_DFFE_PP0P_
          (rising edge-triggered flip-flop clocked by wb_clk_i)
Path Group: wb_clk_i
Path Type: max

  Delay    Time   Description
---------------------------------------------------------
   0.00    0.00   clock wb_clk_i (rise edge)
   0.00    0.00   clock source latency
   0.00    0.00 ^ wb_clk_i (in)
  39.45   39.45 ^ clkbuf_0_wb_clk_i/Y (BUFx24_ASAP7_75t_R)
  25.39   64.84 ^ clkbuf_2_2_0_wb_clk_i/Y (BUFx24_ASAP7_75t_R)
  26.43   91.27 ^ clkbuf_3_4_0_wb_clk_i/Y (BUFx24_ASAP7_75t_R)
  26.06  117.33 ^ clkbuf_5_18__f_wb_clk_i/Y (BUFx24_ASAP7_75t_R)
  28.45  145.77 ^ clkbuf_leaf_90_wb_clk_i/Y (BUFx24_ASAP7_75t_R)
   1.99  147.76 ^ _101376_/CLK (DFFHQNx1_ASAP7_75t_R)
 101.33  249.10 ^ _101376_/QN (DFFHQNx1_ASAP7_75t_R)
  45.54  294.64 v _056186_/Y (INVx3_ASAP7_75t_R)
  38.30  332.94 v place16457/Y (BUFx3_ASAP7_75t_R)
  28.38  361.32 v place16406/Y (BUFx3_ASAP7_75t_R)
  26.26  387.58 v place16405/Y (BUFx3_ASAP7_75t_R)
  30.91  418.49 v place16388/Y (BUFx3_ASAP7_75t_R)
  23.55  442.04 v place16379/Y (BUFx3_ASAP7_75t_R)
  24.91  466.95 v place16378/Y (BUFx3_ASAP7_75t_R)
  23.75  490.71 v place16377/Y (BUFx3_ASAP7_75t_R)
  22.39  513.10 v place16376/Y (BUFx3_ASAP7_75t_R)
  23.06  536.16 v place16375/Y (BUFx3_ASAP7_75t_R)
  18.09  554.26 v _061218_/Y (AO21x1_ASAP7_75t_R)
  17.48  571.73 v _061219_/Y (AO21x1_ASAP7_75t_R)
  10.61  582.35 ^ _061222_/Y (AOI21x1_ASAP7_75t_R)
  13.05  595.40 v _061241_/Y (OAI21x1_ASAP7_75t_R)
  17.49  612.89 ^ _061267_/Y (NAND2x1_ASAP7_75t_R)
  10.85  623.74 v _061324_/Y (AOI21x1_ASAP7_75t_R)
  17.56  641.30 ^ _061325_/Y (AOI21x1_ASAP7_75t_R)
  14.86  656.15 v _061326_/Y (NAND2x1_ASAP7_75t_R)
  20.50  676.65 v place12859/Y (BUFx3_ASAP7_75t_R)
  79.33  755.99 ^ _061776_/Y (NAND2x1_ASAP7_75t_R)
  12.72  768.70 v _061777_/Y (NOR2x1_ASAP7_75t_R)
  11.01  779.71 ^ _061778_/Y (NAND2x1_ASAP7_75t_R)
   8.29  788.00 v _065320_/Y (OAI21x1_ASAP7_75t_R)
   8.86  796.86 ^ _065321_/Y (NAND2x1_ASAP7_75t_R)
   0.05  796.91 ^ wishbone.TxBDReady$_DFFE_PP0P_/D (DFFASRHQNx1_ASAP7_75t_R)
         796.91   data arrival time

1000.00 1000.00   clock wb_clk_i (rise edge)
   0.00 1000.00   clock source latency
   0.00 1000.00 ^ wb_clk_i (in)
  37.75 1037.75 ^ clkbuf_0_wb_clk_i/Y (BUFx24_ASAP7_75t_R)
  23.61 1061.36 ^ clkbuf_2_1_0_wb_clk_i/Y (BUFx24_ASAP7_75t_R)
  24.07 1085.43 ^ clkbuf_3_2_0_wb_clk_i/Y (BUFx24_ASAP7_75t_R)
  24.27 1109.70 ^ clkbuf_5_9__f_wb_clk_i/Y (BUFx24_ASAP7_75t_R)
  23.78 1133.47 ^ clkbuf_leaf_199_wb_clk_i/Y (BUFx24_ASAP7_75t_R)
   1.40 1134.88 ^ wishbone.TxBDReady$_DFFE_PP0P_/CLK (DFFASRHQNx1_ASAP7_75t_R)
   1.71 1136.58   clock reconvergence pessimism
 -11.95 1124.64   library setup time
        1124.64   data required time
---------------------------------------------------------
        1124.64   data required time
        -796.91   data arrival time
---------------------------------------------------------
         327.73   slack (MET)



==========================================================================
finish report_checks -path_delay min reg to reg
--------------------------------------------------------------------------
Startpoint: rxethmac1.LatchedByte[7]$_DFF_PP0_
            (rising edge-triggered flip-flop clocked by mrx_clk_pad_i)
Endpoint: rxethmac1.LatchedByte[3]$_DFF_PP0_
          (rising edge-triggered flip-flop clocked by mrx_clk_pad_i)
Path Group: mrx_clk_pad_i
Path Type: min

  Delay    Time   Description
---------------------------------------------------------
   0.00    0.00   clock mrx_clk_pad_i (rise edge)
   0.00    0.00   clock source latency
   0.00    0.00 ^ mrx_clk_pad_i (in)
  17.75   17.75 ^ clkbuf_0_mrx_clk_pad_i/Y (BUFx24_ASAP7_75t_R)
  21.74   39.49 ^ clkbuf_1_0__f_mrx_clk_pad_i/Y (BUFx24_ASAP7_75t_R)
   3.28   42.78 ^ rxethmac1.LatchedByte[7]$_DFF_PP0_/CLK (DFFASRHQNx1_ASAP7_75t_R)
  45.01   87.79 ^ rxethmac1.LatchedByte[7]$_DFF_PP0_/QN (DFFASRHQNx1_ASAP7_75t_R)
  11.82   99.61 v _066857_/Y (INVx1_ASAP7_75t_R)
   0.21   99.82 v rxethmac1.LatchedByte[3]$_DFF_PP0_/D (DFFASRHQNx1_ASAP7_75t_R)
          99.82   data arrival time

   0.00    0.00   clock mrx_clk_pad_i (rise edge)
   0.00    0.00   clock source latency
   0.00    0.00 ^ mrx_clk_pad_i (in)
  18.42   18.42 ^ clkbuf_0_mrx_clk_pad_i/Y (BUFx24_ASAP7_75t_R)
  22.81   41.23 ^ clkbuf_1_0__f_mrx_clk_pad_i/Y (BUFx24_ASAP7_75t_R)
  26.28   67.52 ^ clkbuf_leaf_12_mrx_clk_pad_i/Y (BUFx24_ASAP7_75t_R)
   2.61   70.13 ^ rxethmac1.LatchedByte[3]$_DFF_PP0_/CLK (DFFASRHQNx1_ASAP7_75t_R)
  -1.74   68.39   clock reconvergence pessimism
  12.05   80.44   library hold time
          80.44   data required time
---------------------------------------------------------
          80.44   data required time
         -99.82   data arrival time
---------------------------------------------------------
          19.38   slack (MET)


Startpoint: txethmac1.random1.x[8]$_DFF_PP0_
            (rising edge-triggered flip-flop clocked by mtx_clk_pad_i)
Endpoint: txethmac1.random1.x[9]$_DFF_PP0_
          (rising edge-triggered flip-flop clocked by mtx_clk_pad_i)
Path Group: mtx_clk_pad_i
Path Type: min

  Delay    Time   Description
---------------------------------------------------------
   0.00    0.00   clock mtx_clk_pad_i (rise edge)
   0.00    0.00   clock source latency
   0.00    0.00 ^ mtx_clk_pad_i (in)
  18.65   18.65 ^ clkbuf_0_mtx_clk_pad_i/Y (BUFx24_ASAP7_75t_R)
  19.63   38.29 ^ clkbuf_1_1__f_mtx_clk_pad_i/Y (BUFx24_ASAP7_75t_R)
  20.99   59.27 ^ clkbuf_leaf_5_mtx_clk_pad_i/Y (BUFx24_ASAP7_75t_R)
   0.69   59.96 ^ txethmac1.random1.x[8]$_DFF_PP0_/CLK (DFFASRHQNx1_ASAP7_75t_R)
  37.87   97.83 ^ txethmac1.random1.x[8]$_DFF_PP0_/QN (DFFASRHQNx1_ASAP7_75t_R)
   7.68  105.51 v _067981_/Y (INVx1_ASAP7_75t_R)
   0.08  105.59 v txethmac1.random1.x[9]$_DFF_PP0_/D (DFFASRHQNx1_ASAP7_75t_R)
         105.59   data arrival time

   0.00    0.00   clock mtx_clk_pad_i (rise edge)
   0.00    0.00   clock source latency
   0.00    0.00 ^ mtx_clk_pad_i (in)
  19.49   19.49 ^ clkbuf_0_mtx_clk_pad_i/Y (BUFx24_ASAP7_75t_R)
  20.50   39.99 ^ clkbuf_1_1__f_mtx_clk_pad_i/Y (BUFx24_ASAP7_75t_R)
  24.95   64.93 ^ clkbuf_leaf_7_mtx_clk_pad_i/Y (BUFx24_ASAP7_75t_R)
   2.17   67.11 ^ txethmac1.random1.x[9]$_DFF_PP0_/CLK (DFFASRHQNx1_ASAP7_75t_R)
  -1.70   65.40   clock reconvergence pessimism
  12.56   77.97   library hold time
          77.97   data required time
---------------------------------------------------------
          77.97   data required time
        -105.59   data arrival time
---------------------------------------------------------
          27.63   slack (MET)


Startpoint: miim1.ScanStat_q1$_DFF_PP0_
            (rising edge-triggered flip-flop clocked by wb_clk_i)
Endpoint: miim1.ScanStat_q2$_DFF_PP0_
          (rising edge-triggered flip-flop clocked by wb_clk_i)
Path Group: wb_clk_i
Path Type: min

  Delay    Time   Description
---------------------------------------------------------
   0.00    0.00   clock wb_clk_i (rise edge)
   0.00    0.00   clock source latency
   0.00    0.00 ^ wb_clk_i (in)
  37.75   37.75 ^ clkbuf_0_wb_clk_i/Y (BUFx24_ASAP7_75t_R)
  23.95   61.70 ^ clkbuf_2_0_0_wb_clk_i/Y (BUFx24_ASAP7_75t_R)
  24.40   86.10 ^ clkbuf_3_0_0_wb_clk_i/Y (BUFx24_ASAP7_75t_R)
  23.34  109.45 ^ clkbuf_5_3__f_wb_clk_i/Y (BUFx24_ASAP7_75t_R)
  23.87  133.32 ^ clkbuf_leaf_229_wb_clk_i/Y (BUFx24_ASAP7_75t_R)
   1.37  134.69 ^ miim1.ScanStat_q1$_DFF_PP0_/CLK (DFFASRHQNx1_ASAP7_75t_R)
  38.34  173.03 ^ miim1.ScanStat_q1$_DFF_PP0_/QN (DFFASRHQNx1_ASAP7_75t_R)
   6.42  179.44 v _056052_/Y (INVx1_ASAP7_75t_R)
   0.10  179.54 v miim1.ScanStat_q2$_DFF_PP0_/D (DFFASRHQNx1_ASAP7_75t_R)
         179.54   data arrival time

   0.00    0.00   clock wb_clk_i (rise edge)
   0.00    0.00   clock source latency
   0.00    0.00 ^ wb_clk_i (in)
  39.45   39.45 ^ clkbuf_0_wb_clk_i/Y (BUFx24_ASAP7_75t_R)
  25.40   64.85 ^ clkbuf_2_0_0_wb_clk_i/Y (BUFx24_ASAP7_75t_R)
  25.78   90.63 ^ clkbuf_3_0_0_wb_clk_i/Y (BUFx24_ASAP7_75t_R)
  24.37  115.00 ^ clkbuf_5_2__f_wb_clk_i/Y (BUFx24_ASAP7_75t_R)
  28.12  143.12 ^ clkbuf_leaf_228_wb_clk_i/Y (BUFx24_ASAP7_75t_R)
   3.02  146.13 ^ miim1.ScanStat_q2$_DFF_PP0_/CLK (DFFASRHQNx1_ASAP7_75t_R)
  -4.53  141.60   clock reconvergence pessimism
  12.86  154.46   library hold time
         154.46   data required time
---------------------------------------------------------
         154.46   data required time
        -179.54   data arrival time
---------------------------------------------------------
          25.08   slack (MET)



==========================================================================
finish critical path target clock latency max path
--------------------------------------------------------------------------
63.6553

==========================================================================
finish critical path target clock latency min path
--------------------------------------------------------------------------
68.9682

==========================================================================
finish critical path source clock latency min path
--------------------------------------------------------------------------
0.0000

==========================================================================
finish critical path delay
--------------------------------------------------------------------------
433.5202

==========================================================================
finish critical path slack
--------------------------------------------------------------------------
-79.8346

==========================================================================
finish slack div critical path delay
--------------------------------------------------------------------------
-18.415428

==========================================================================
finish report_power
--------------------------------------------------------------------------
Group                  Internal  Switching    Leakage      Total
                          Power      Power      Power      Power (Watts)
----------------------------------------------------------------
Sequential             3.93e-02   1.84e-04   1.27e-06   3.94e-02  52.1%
Combinational          3.93e-03   5.52e-03   3.78e-06   9.46e-03  12.5%
Clock                  1.66e-02   1.02e-02   1.76e-07   2.68e-02  35.4%
Macro                  0.00e+00   0.00e+00   0.00e+00   0.00e+00   0.0%
Pad                    0.00e+00   0.00e+00   0.00e+00   0.00e+00   0.0%
----------------------------------------------------------------
Total                  5.98e-02   1.59e-02   5.23e-06   7.57e-02 100.0%
                          79.0%      21.0%       0.0%
