OpenROAD 1447ce3293b9688b91b8c635d3811ac25a1ea20f 
Features included (+) or not (-): +GPU +GUI +Python
This program is licensed under the BSD-3 license. See the LICENSE file for details.
Components of this program may be licensed under more restrictive licenses which must be honored.
[INFO ORD-0030] Using 32 thread(s).
source /home/lucast/workspace/OR-flow-TCC/flow/platforms/asap7/liberty_suppressions.tcl
read_liberty /home/lucast/workspace/OR-flow-TCC/flow/platforms/asap7/lib/NLDM/asap7sc7p5t_AO_RVT_FF_nldm_211120.lib.gz
read_liberty /home/lucast/workspace/OR-flow-TCC/flow/platforms/asap7/lib/NLDM/asap7sc7p5t_INVBUF_RVT_FF_nldm_220122.lib.gz
read_liberty /home/lucast/workspace/OR-flow-TCC/flow/platforms/asap7/lib/NLDM/asap7sc7p5t_OA_RVT_FF_nldm_211120.lib.gz
read_liberty /home/lucast/workspace/OR-flow-TCC/flow/platforms/asap7/lib/NLDM/asap7sc7p5t_SIMPLE_RVT_FF_nldm_211120.lib.gz
read_liberty /home/lucast/workspace/OR-flow-TCC/flow/platforms/asap7/lib/NLDM/asap7sc7p5t_SEQ_RVT_FF_nldm_220123.lib
read_liberty /home/lucast/workspace/OR-flow-TCC/flow/platforms/asap7/lib/NLDM/fakeram7_256x32.lib
read_liberty /home/lucast/workspace/OR-flow-TCC/flow/platforms/asap7/lib/NLDM/asap7sc7p5t_DFFHQNH2V2X_RVT_TT_nldm_FAKE.lib
read_liberty /home/lucast/workspace/OR-flow-TCC/flow/platforms/asap7/lib/NLDM/asap7sc7p5t_DFFHQNV2X_RVT_TT_nldm_FAKE.lib
read_db -hier ./results/asap7/riscv32i/modified_alpha_16-beta_0.1-v3/3_place.odb
[WARNING ORD-0012] Hierarchical flow (-hier) is currently in development and may cause multiple issues. Do not use in production environments.
source /home/lucast/workspace/OR-flow-TCC/flow/platforms/asap7/setRC.tcl
clock_tree_synthesis -sink_clustering_enable -repair_clock_nets -sink_clustering_size 10 -sink_clustering_max_diameter 50
[INFO CTS-0050] Root buffer is BUFx16f_ASAP7_75t_R.
[INFO CTS-0051] Sink buffer is BUFx24_ASAP7_75t_R.
[INFO CTS-0052] The following clock buffers will be used for CTS:
                    BUFx16f_ASAP7_75t_R
                    BUFx24_ASAP7_75t_R
[INFO CTS-0049] Characterization buffer is BUFx24_ASAP7_75t_R.
[INFO CTS-0007] Net "clk" found for clock "clk".
[INFO CTS-0011]  Clock net "clk" for macros has 4 sinks.
[INFO CTS-0011]  Clock net "clk_regs" for registers has 298 sinks.
[INFO CTS-0008] TritonCTS found 2 clock nets.
[INFO CTS-0097] Characterization used 2 buffer(s) types.
[INFO CTS-0201] 4 blockages from hard placement blockages and placed macros will be used.
[INFO CTS-0027] Generating H-Tree topology for net clk.
[INFO CTS-0028]  Total number of sinks: 4.
[INFO CTS-0029]  Macro  sinks will be clustered in groups of up to 4 and with maximum cluster diameter of 84.0 um.
[INFO CTS-0030]  Number of static layers: 0.
[INFO CTS-0020]  Wire segment unit: 1350  dbu (1 um).
[INFO CTS-0023]  Original sink region: [(29272, 24876), (58016, 24876)].
[INFO CTS-0024]  Normalized sink region: [(21.683, 18.4267), (42.9748, 18.4267)].
[INFO CTS-0025]     Width:  21.2919.
[INFO CTS-0026]     Height: 0.0000.
 Level 1
    Direction: Horizontal
    Sinks per sub-region: 2
    Sub-region size: 10.6459 X 0.0000
[INFO CTS-0034]     Segment length (rounded): 5.
[INFO CTS-0032]  Stop criterion found. Max number of sinks is 15.
[INFO CTS-0035]  Number of sinks covered: 4.
[INFO CTS-0201] 4 blockages from hard placement blockages and placed macros will be used.
[INFO CTS-0027] Generating H-Tree topology for net clk_regs.
[INFO CTS-0028]  Total number of sinks: 298.
[INFO CTS-0029]  Register sinks will be clustered in groups of up to 10 and with maximum cluster diameter of 50.0 um.
[INFO CTS-0030]  Number of static layers: 0.
[INFO CTS-0020]  Wire segment unit: 1350  dbu (1 um).
[INFO CTS-0204] A clustering solution was found from clustering size of 10 and clustering diameter of 50.
[INFO CTS-0205] Better solution may be possible if either -sink_clustering_size, -sink_clustering_max_diameter, or both options are omitted to enable automatic clustering.
[INFO CTS-0019]  Total number of sinks after clustering: 31.
[INFO CTS-0024]  Normalized sink region: [(5.39956, 4.54975), (40.7776, 44.4797)].
[INFO CTS-0025]     Width:  35.3781.
[INFO CTS-0026]     Height: 39.9299.
 Level 1
    Direction: Vertical
    Sinks per sub-region: 16
    Sub-region size: 35.3781 X 19.9650
[INFO CTS-0034]     Segment length (rounded): 10.
 Level 2
    Direction: Horizontal
    Sinks per sub-region: 8
    Sub-region size: 17.6890 X 19.9650
[INFO CTS-0034]     Segment length (rounded): 8.
[INFO CTS-0032]  Stop criterion found. Max number of sinks is 15.
[INFO CTS-0035]  Number of sinks covered: 31.
[INFO CTS-0018]     Created 3 clock buffers.
[INFO CTS-0012]     Minimum number of buffers in the clock path: 2.
[INFO CTS-0013]     Maximum number of buffers in the clock path: 2.
[INFO CTS-0015]     Created 3 clock nets.
[INFO CTS-0016]     Fanout distribution for the current clock = 2:2..
[INFO CTS-0017]     Max level of the clock tree: 1.
[INFO CTS-0018]     Created 36 clock buffers.
[INFO CTS-0012]     Minimum number of buffers in the clock path: 3.
[INFO CTS-0013]     Maximum number of buffers in the clock path: 3.
[INFO CTS-0015]     Created 36 clock nets.
[INFO CTS-0016]     Fanout distribution for the current clock = 2:1, 5:1, 6:1, 7:1, 9:1, 10:30..
[INFO CTS-0017]     Max level of the clock tree: 2.
[INFO CTS-0098] Clock net "clk"
[INFO CTS-0099]  Sinks 4
[INFO CTS-0100]  Leaf buffers 0
[INFO CTS-0101]  Average sink wire length 83.58 um
[INFO CTS-0102]  Path depth 2 - 2
[INFO CTS-0207]  Dummy loads inserted 0
[INFO CTS-0098] Clock net "clk_regs"
[INFO CTS-0099]  Sinks 321
[INFO CTS-0100]  Leaf buffers 31
[INFO CTS-0101]  Average sink wire length 41.82 um
[INFO CTS-0102]  Path depth 2 - 3
[INFO CTS-0207]  Dummy loads inserted 23
[INFO CTS-0033] Balancing latency for clock clk
[INFO CTS-0036]  inserted 2 delay buffers
[INFO CTS-0037] Total number of delay buffers: 2
estimate_parasitics -placement
[INFO DPL-0005] Max displacement: +/- 500 sites horizontally, +/- 100 rows vertically.
Movements Summary
---------------------------------------
Total cells:                    9401
Diamond Move Success:           9401 (100.00%)
Diamond Move Failure:              0
Rip-up and replace Success:        0 (  0.00% of diamond failures)
Rip-up and replace Failure:        0
Total Placement Failures:          0
---------------------------------------
Placement Analysis
---------------------------------
total displacement        204.4 u
average displacement        0.0 u
max displacement           12.7 u
original HPWL           46096.5 u
legalized HPWL          46819.3 u
delta HPWL                    2 %

estimate_parasitics -placement
repair_timing -setup_margin 0 -hold_margin 0 -repair_tns 100 -verbose
[INFO RSZ-0100] Repair move sequence: UnbufferMove SizeUpMove SwapPinsMove BufferMove CloneMove SplitLoadMove 
[INFO RSZ-0094] Found 965 endpoints with setup violations.
[INFO RSZ-0099] Repairing 965 out of 965 (100.00%) violating endpoints...
   Iter   | Removed | Resized | Inserted | Cloned |  Pin  |   Area   |    WNS   |   TNS      |  Viol  | Worst
          | Buffers |  Gates  | Buffers  |  Gates | Swaps |          |          |            | Endpts | Endpt
--------------------------------------------------------------------------------------------------------------
        0 |       0 |       0 |        0 |      0 |     0 |    +0.0% | -103.741 |   -40752.3 |    965 | _tray_size4_1980/D1
       10 |       0 |       7 |        0 |      0 |     2 |    +0.0% |  -84.905 |   -36941.7 |    965 | _tray_size4_1966/D0
       20 |       0 |      15 |        0 |      0 |     4 |    +0.0% |  -68.043 |   -28370.2 |    965 | _tray_size4_1980/D1
       30 |       0 |      20 |        4 |      2 |     6 |    +0.1% |  -54.867 |   -19749.1 |    965 | _tray_size4_1937/D1
       40 |       0 |      23 |        7 |      3 |     9 |    +0.1% |  -50.169 |   -18561.6 |    965 | _tray_size4_1937/D1
       50 |       0 |      28 |       10 |      4 |    10 |    +0.1% |  -37.236 |   -11236.8 |    965 | _tray_size4_1937/D1
       60 |       0 |      33 |       14 |      4 |    11 |    +0.1% |  -32.914 |    -8819.2 |    965 | _tray_size4_1937/D1
       70 |       0 |      38 |       16 |      4 |    14 |    +0.1% |  -29.300 |    -7589.7 |    965 | _tray_size4_1995/D3
       80 |       0 |      44 |       18 |      5 |    15 |    +0.2% |  -24.599 |    -4866.4 |    965 | _tray_size4_1937/D1
       90 |       0 |      49 |       21 |      6 |    17 |    +0.2% |  -23.126 |    -4159.4 |    965 | _tray_size4_1937/D1
      100 |       0 |      54 |       22 |      6 |    21 |    +0.2% |  -19.473 |    -3361.6 |    965 | _tray_size4_1937/D1
      110 |       0 |      61 |       27 |      6 |    21 |    +0.2% |  -17.429 |    -2111.4 |    965 | _tray_size4_1937/D1
      120 |       0 |      66 |       28 |      8 |    23 |    +0.3% |  -16.687 |    -1959.7 |    965 | _tray_size4_1937/D1
      130 |       0 |      70 |       30 |      9 |    26 |    +0.3% |  -19.999 |    -3346.0 |    965 | _tray_size4_1937/D1
      140 |       0 |      76 |       32 |     10 |    27 |    +0.3% |  -14.848 |    -1794.7 |    965 | _tray_size4_1937/D1
      150 |       0 |      82 |       36 |     10 |    29 |    +0.3% |  -10.232 |     -781.8 |    965 | _tray_size4_1937/D1
      160 |       0 |      87 |       38 |     10 |    32 |    +0.3% |   -8.546 |     -304.7 |    965 | _tray_size4_1995/D3
      170 |       1 |      93 |       39 |     10 |    34 |    +0.3% |   -4.517 |      -96.5 |    964 | _tray_size4_1937/D1
      170 |       1 |      93 |       39 |     10 |    34 |    +0.3% |   -4.517 |      -96.5 |    963 | _tray_size4_1937/D1
      173 |       1 |      93 |       43 |     10 |    35 |    +0.4% |   -3.258 |      -57.9 |    961 | _tray_size4_1937/D1
      174 |       1 |      93 |       43 |     10 |    35 |    +0.4% |   -3.258 |      -57.9 |    960 | _tray_size4_1937/D1
      175 |       1 |      93 |       43 |     10 |    35 |    +0.4% |   -3.258 |      -57.9 |    959 | _tray_size4_1937/D1
      176 |       1 |      93 |       43 |     10 |    35 |    +0.4% |   -3.258 |      -57.9 |    958 | _tray_size4_1937/D1
      177 |       1 |      93 |       43 |     10 |    35 |    +0.4% |   -3.258 |      -57.9 |    957 | _tray_size4_1937/D1
      178 |       1 |      93 |       43 |     10 |    35 |    +0.4% |   -3.258 |      -57.9 |    956 | _tray_size4_1937/D1
      180 |       1 |      93 |       44 |     10 |    35 |    +0.4% |   -3.159 |      -56.3 |    956 | _tray_size4_1937/D1
      190 |       1 |      99 |       48 |     10 |    38 |    +0.4% |    1.412 |        0.0 |    955 | _tray_size4_1937/D1
      190 |       1 |      99 |       48 |     10 |    38 |    +0.4% |    1.412 |        0.0 |    954 | _tray_size4_1937/D1
      191 |       1 |      99 |       48 |     10 |    38 |    +0.4% |    1.412 |        0.0 |    953 | _tray_size4_1937/D1
      192 |       1 |      99 |       48 |     10 |    38 |    +0.4% |    1.412 |        0.0 |    952 | _tray_size4_1937/D1
      193 |       1 |      99 |       48 |     10 |    38 |    +0.4% |    1.412 |        0.0 |    951 | _tray_size4_1937/D1
      194 |       1 |      99 |       48 |     10 |    38 |    +0.4% |    1.412 |        0.0 |    950 | _tray_size4_1937/D1
      195 |       1 |      99 |       48 |     10 |    38 |    +0.4% |    1.412 |        0.0 |    949 | _tray_size4_1937/D1
      196 |       1 |      99 |       48 |     10 |    38 |    +0.4% |    1.412 |        0.0 |    948 | _tray_size4_1937/D1
      197 |       1 |      99 |       48 |     10 |    38 |    +0.4% |    1.412 |        0.0 |    947 | _tray_size4_1937/D1
      198 |       1 |      99 |       48 |     10 |    38 |    +0.4% |    1.412 |        0.0 |    946 | _tray_size4_1937/D1
      199 |       1 |      99 |       48 |     10 |    38 |    +0.4% |    1.412 |        0.0 |    945 | _tray_size4_1937/D1
      200 |       1 |      99 |       48 |     10 |    38 |    +0.4% |    1.412 |        0.0 |    945 | _tray_size4_1937/D1
      200 |       1 |      99 |       48 |     10 |    38 |    +0.4% |    1.412 |        0.0 |    944 | _tray_size4_1937/D1
      201 |       1 |      99 |       48 |     10 |    38 |    +0.4% |    1.412 |        0.0 |    943 | _tray_size4_1937/D1
      202 |       1 |      99 |       48 |     10 |    38 |    +0.4% |    1.412 |        0.0 |    942 | _tray_size4_1937/D1
      203 |       1 |      99 |       48 |     10 |    38 |    +0.4% |    1.412 |        0.0 |    941 | _tray_size4_1937/D1
      204 |       1 |      99 |       48 |     10 |    38 |    +0.4% |    1.412 |        0.0 |    940 | _tray_size4_1937/D1
      205 |       1 |      99 |       48 |     10 |    38 |    +0.4% |    1.412 |        0.0 |    939 | _tray_size4_1937/D1
      206 |       1 |      99 |       48 |     10 |    38 |    +0.4% |    1.412 |        0.0 |    938 | _tray_size4_1937/D1
      207 |       1 |      99 |       48 |     10 |    38 |    +0.4% |    1.412 |        0.0 |    937 | _tray_size4_1937/D1
      208 |       1 |      99 |       48 |     10 |    38 |    +0.4% |    1.412 |        0.0 |    936 | _tray_size4_1937/D1
      209 |       1 |      99 |       48 |     10 |    38 |    +0.4% |    1.412 |        0.0 |    935 | _tray_size4_1937/D1
      210 |       1 |      99 |       48 |     10 |    38 |    +0.4% |    1.412 |        0.0 |    935 | _tray_size4_1937/D1
      210 |       1 |      99 |       48 |     10 |    38 |    +0.4% |    1.412 |        0.0 |    934 | _tray_size4_1937/D1
      211 |       1 |      99 |       48 |     10 |    38 |    +0.4% |    1.412 |        0.0 |    933 | _tray_size4_1937/D1
      212 |       1 |      99 |       48 |     10 |    38 |    +0.4% |    1.412 |        0.0 |    932 | _tray_size4_1937/D1
      213 |       1 |      99 |       48 |     10 |    38 |    +0.4% |    1.412 |        0.0 |    931 | _tray_size4_1937/D1
      214 |       1 |      99 |       48 |     10 |    38 |    +0.4% |    1.412 |        0.0 |    930 | _tray_size4_1937/D1
      215 |       1 |      99 |       48 |     10 |    38 |    +0.4% |    1.412 |        0.0 |    929 | _tray_size4_1937/D1
      216 |       1 |      99 |       48 |     10 |    38 |    +0.4% |    1.412 |        0.0 |    928 | _tray_size4_1937/D1
      217 |       1 |      99 |       48 |     10 |    38 |    +0.4% |    1.412 |        0.0 |    927 | _tray_size4_1937/D1
      218 |       1 |      99 |       48 |     10 |    38 |    +0.4% |    1.412 |        0.0 |    926 | _tray_size4_1937/D1
      219 |       1 |      99 |       48 |     10 |    38 |    +0.4% |    1.412 |        0.0 |    925 | _tray_size4_1937/D1
      220 |       1 |      99 |       48 |     10 |    38 |    +0.4% |    1.412 |        0.0 |    925 | _tray_size4_1937/D1
      220 |       1 |      99 |       48 |     10 |    38 |    +0.4% |    1.412 |        0.0 |    924 | _tray_size4_1937/D1
      221 |       1 |      99 |       48 |     10 |    38 |    +0.4% |    1.412 |        0.0 |    923 | _tray_size4_1937/D1
      222 |       1 |      99 |       48 |     10 |    38 |    +0.4% |    1.412 |        0.0 |    922 | _tray_size4_1937/D1
      223 |       1 |      99 |       48 |     10 |    38 |    +0.4% |    1.412 |        0.0 |    921 | _tray_size4_1937/D1
      224 |       1 |      99 |       48 |     10 |    38 |    +0.4% |    1.412 |        0.0 |    920 | _tray_size4_1937/D1
      225 |       1 |      99 |       48 |     10 |    38 |    +0.4% |    1.412 |        0.0 |    919 | _tray_size4_1937/D1
      226 |       1 |      99 |       48 |     10 |    38 |    +0.4% |    1.412 |        0.0 |    918 | _tray_size4_1937/D1
      227 |       1 |      99 |       48 |     10 |    38 |    +0.4% |    1.412 |        0.0 |    917 | _tray_size4_1937/D1
      228 |       1 |      99 |       48 |     10 |    38 |    +0.4% |    1.412 |        0.0 |    916 | _tray_size4_1937/D1
      229 |       1 |      99 |       48 |     10 |    38 |    +0.4% |    1.412 |        0.0 |    915 | _tray_size4_1937/D1
      230 |       1 |      99 |       48 |     10 |    38 |    +0.4% |    1.412 |        0.0 |    915 | _tray_size4_1937/D1
      230 |       1 |      99 |       48 |     10 |    38 |    +0.4% |    1.412 |        0.0 |    914 | _tray_size4_1937/D1
      231 |       1 |      99 |       48 |     10 |    38 |    +0.4% |    1.412 |        0.0 |    913 | _tray_size4_1937/D1
      232 |       1 |      99 |       48 |     10 |    38 |    +0.4% |    1.412 |        0.0 |    912 | _tray_size4_1937/D1
      233 |       1 |      99 |       48 |     10 |    38 |    +0.4% |    1.412 |        0.0 |    911 | _tray_size4_1937/D1
      234 |       1 |      99 |       48 |     10 |    38 |    +0.4% |    1.412 |        0.0 |    910 | _tray_size4_1937/D1
      235 |       1 |      99 |       48 |     10 |    38 |    +0.4% |    1.412 |        0.0 |    909 | _tray_size4_1937/D1
      236 |       1 |      99 |       48 |     10 |    38 |    +0.4% |    1.412 |        0.0 |    908 | _tray_size4_1937/D1
      237 |       1 |      99 |       48 |     10 |    38 |    +0.4% |    1.412 |        0.0 |    907 | _tray_size4_1937/D1
      238 |       1 |      99 |       48 |     10 |    38 |    +0.4% |    1.412 |        0.0 |    906 | _tray_size4_1937/D1
      239 |       1 |      99 |       48 |     10 |    38 |    +0.4% |    1.412 |        0.0 |    905 | _tray_size4_1937/D1
      240 |       1 |      99 |       48 |     10 |    38 |    +0.4% |    1.412 |        0.0 |    905 | _tray_size4_1937/D1
      240 |       1 |      99 |       48 |     10 |    38 |    +0.4% |    1.412 |        0.0 |    904 | _tray_size4_1937/D1
      241 |       1 |      99 |       48 |     10 |    38 |    +0.4% |    1.412 |        0.0 |    903 | _tray_size4_1937/D1
      242 |       1 |      99 |       48 |     10 |    38 |    +0.4% |    1.412 |        0.0 |    902 | _tray_size4_1937/D1
      243 |       1 |      99 |       48 |     10 |    38 |    +0.4% |    1.412 |        0.0 |    901 | _tray_size4_1937/D1
      244 |       1 |      99 |       48 |     10 |    38 |    +0.4% |    1.412 |        0.0 |    900 | _tray_size4_1937/D1
      245 |       1 |      99 |       48 |     10 |    38 |    +0.4% |    1.412 |        0.0 |    899 | _tray_size4_1937/D1
      246 |       1 |      99 |       48 |     10 |    38 |    +0.4% |    1.412 |        0.0 |    898 | _tray_size4_1937/D1
      247 |       1 |      99 |       48 |     10 |    38 |    +0.4% |    1.412 |        0.0 |    897 | _tray_size4_1937/D1
      248 |       1 |      99 |       48 |     10 |    38 |    +0.4% |    1.412 |        0.0 |    896 | _tray_size4_1937/D1
      249 |       1 |      99 |       48 |     10 |    38 |    +0.4% |    1.412 |        0.0 |    895 | _tray_size4_1937/D1
      250 |       1 |      99 |       48 |     10 |    38 |    +0.4% |    1.412 |        0.0 |    895 | _tray_size4_1937/D1
      250 |       1 |      99 |       48 |     10 |    38 |    +0.4% |    1.412 |        0.0 |    894 | _tray_size4_1937/D1
      251 |       1 |      99 |       48 |     10 |    38 |    +0.4% |    1.412 |        0.0 |    893 | _tray_size4_1937/D1
      252 |       1 |      99 |       48 |     10 |    38 |    +0.4% |    1.412 |        0.0 |    892 | _tray_size4_1937/D1
      253 |       1 |      99 |       48 |     10 |    38 |    +0.4% |    1.412 |        0.0 |    891 | _tray_size4_1937/D1
      254 |       1 |      99 |       48 |     10 |    38 |    +0.4% |    1.412 |        0.0 |    890 | _tray_size4_1937/D1
      255 |       1 |      99 |       48 |     10 |    38 |    +0.4% |    1.412 |        0.0 |    889 | _tray_size4_1937/D1
      256 |       1 |      99 |       48 |     10 |    38 |    +0.4% |    1.412 |        0.0 |    888 | _tray_size4_1937/D1
      257 |       1 |      99 |       48 |     10 |    38 |    +0.4% |    1.412 |        0.0 |    887 | _tray_size4_1937/D1
      258 |       1 |      99 |       48 |     10 |    38 |    +0.4% |    1.412 |        0.0 |    886 | _tray_size4_1937/D1
      259 |       1 |      99 |       48 |     10 |    38 |    +0.4% |    1.412 |        0.0 |    885 | _tray_size4_1937/D1
      260 |       1 |      99 |       48 |     10 |    38 |    +0.4% |    1.412 |        0.0 |    885 | _tray_size4_1937/D1
      260 |       1 |      99 |       48 |     10 |    38 |    +0.4% |    1.412 |        0.0 |    884 | _tray_size4_1937/D1
      261 |       1 |      99 |       48 |     10 |    38 |    +0.4% |    1.412 |        0.0 |    883 | _tray_size4_1937/D1
      262 |       1 |      99 |       48 |     10 |    38 |    +0.4% |    1.412 |        0.0 |    882 | _tray_size4_1937/D1
      263 |       1 |      99 |       48 |     10 |    38 |    +0.4% |    1.412 |        0.0 |    881 | _tray_size4_1937/D1
      264 |       1 |      99 |       48 |     10 |    38 |    +0.4% |    1.412 |        0.0 |    880 | _tray_size4_1937/D1
      265 |       1 |      99 |       48 |     10 |    38 |    +0.4% |    1.412 |        0.0 |    879 | _tray_size4_1937/D1
      266 |       1 |      99 |       48 |     10 |    38 |    +0.4% |    1.412 |        0.0 |    878 | _tray_size4_1937/D1
      267 |       1 |      99 |       48 |     10 |    38 |    +0.4% |    1.412 |        0.0 |    877 | _tray_size4_1937/D1
      268 |       1 |      99 |       48 |     10 |    38 |    +0.4% |    1.412 |        0.0 |    876 | _tray_size4_1937/D1
      269 |       1 |      99 |       48 |     10 |    38 |    +0.4% |    1.412 |        0.0 |    875 | _tray_size4_1937/D1
      270 |       1 |      99 |       48 |     10 |    38 |    +0.4% |    1.412 |        0.0 |    875 | _tray_size4_1937/D1
      270 |       1 |      99 |       48 |     10 |    38 |    +0.4% |    1.412 |        0.0 |    874 | _tray_size4_1937/D1
      271 |       1 |      99 |       48 |     10 |    38 |    +0.4% |    1.412 |        0.0 |    873 | _tray_size4_1937/D1
      272 |       1 |      99 |       48 |     10 |    38 |    +0.4% |    1.412 |        0.0 |    872 | _tray_size4_1937/D1
      273 |       1 |      99 |       48 |     10 |    38 |    +0.4% |    1.412 |        0.0 |    871 | _tray_size4_1937/D1
      274 |       1 |      99 |       48 |     10 |    38 |    +0.4% |    1.412 |        0.0 |    870 | _tray_size4_1937/D1
      275 |       1 |      99 |       48 |     10 |    38 |    +0.4% |    1.412 |        0.0 |    869 | _tray_size4_1937/D1
      276 |       1 |      99 |       48 |     10 |    38 |    +0.4% |    1.412 |        0.0 |    868 | _tray_size4_1937/D1
      277 |       1 |      99 |       48 |     10 |    38 |    +0.4% |    1.412 |        0.0 |    867 | _tray_size4_1937/D1
      278 |       1 |      99 |       48 |     10 |    38 |    +0.4% |    1.412 |        0.0 |    866 | _tray_size4_1937/D1
      279 |       1 |      99 |       48 |     10 |    38 |    +0.4% |    1.412 |        0.0 |    865 | _tray_size4_1937/D1
      280 |       1 |      99 |       48 |     10 |    38 |    +0.4% |    1.412 |        0.0 |    865 | _tray_size4_1937/D1
      280 |       1 |      99 |       48 |     10 |    38 |    +0.4% |    1.412 |        0.0 |    864 | _tray_size4_1937/D1
      281 |       1 |      99 |       48 |     10 |    38 |    +0.4% |    1.412 |        0.0 |    863 | _tray_size4_1937/D1
      282 |       1 |      99 |       48 |     10 |    38 |    +0.4% |    1.412 |        0.0 |    862 | _tray_size4_1937/D1
      283 |       1 |      99 |       48 |     10 |    38 |    +0.4% |    1.412 |        0.0 |    861 | _tray_size4_1937/D1
      284 |       1 |      99 |       48 |     10 |    38 |    +0.4% |    1.412 |        0.0 |    860 | _tray_size4_1937/D1
      285 |       1 |      99 |       48 |     10 |    38 |    +0.4% |    1.412 |        0.0 |    859 | _tray_size4_1937/D1
      286 |       1 |      99 |       48 |     10 |    38 |    +0.4% |    1.412 |        0.0 |    858 | _tray_size4_1937/D1
      287 |       1 |      99 |       48 |     10 |    38 |    +0.4% |    1.412 |        0.0 |    857 | _tray_size4_1937/D1
      288 |       1 |      99 |       48 |     10 |    38 |    +0.4% |    1.412 |        0.0 |    856 | _tray_size4_1937/D1
      289 |       1 |      99 |       48 |     10 |    38 |    +0.4% |    1.412 |        0.0 |    855 | _tray_size4_1937/D1
      290 |       1 |      99 |       48 |     10 |    38 |    +0.4% |    1.412 |        0.0 |    855 | _tray_size4_1937/D1
      290 |       1 |      99 |       48 |     10 |    38 |    +0.4% |    1.412 |        0.0 |    854 | _tray_size4_1937/D1
      291 |       1 |      99 |       48 |     10 |    38 |    +0.4% |    1.412 |        0.0 |    853 | _tray_size4_1937/D1
      292 |       1 |      99 |       48 |     10 |    38 |    +0.4% |    1.412 |        0.0 |    852 | _tray_size4_1937/D1
      293 |       1 |      99 |       48 |     10 |    38 |    +0.4% |    1.412 |        0.0 |    851 | _tray_size4_1937/D1
      294 |       1 |      99 |       48 |     10 |    38 |    +0.4% |    1.412 |        0.0 |    850 | _tray_size4_1937/D1
      295 |       1 |      99 |       48 |     10 |    38 |    +0.4% |    1.412 |        0.0 |    849 | _tray_size4_1937/D1
      296 |       1 |      99 |       48 |     10 |    38 |    +0.4% |    1.412 |        0.0 |    848 | _tray_size4_1937/D1
      297 |       1 |      99 |       48 |     10 |    38 |    +0.4% |    1.412 |        0.0 |    847 | _tray_size4_1937/D1
      298 |       1 |      99 |       48 |     10 |    38 |    +0.4% |    1.412 |        0.0 |    846 | _tray_size4_1937/D1
      299 |       1 |      99 |       48 |     10 |    38 |    +0.4% |    1.412 |        0.0 |    845 | _tray_size4_1937/D1
      300 |       1 |      99 |       48 |     10 |    38 |    +0.4% |    1.412 |        0.0 |    845 | _tray_size4_1937/D1
      300 |       1 |      99 |       48 |     10 |    38 |    +0.4% |    1.412 |        0.0 |    844 | _tray_size4_1937/D1
      301 |       1 |      99 |       48 |     10 |    38 |    +0.4% |    1.412 |        0.0 |    843 | _tray_size4_1937/D1
      302 |       1 |      99 |       48 |     10 |    38 |    +0.4% |    1.412 |        0.0 |    842 | _tray_size4_1937/D1
      303 |       1 |      99 |       48 |     10 |    38 |    +0.4% |    1.412 |        0.0 |    841 | _tray_size4_1937/D1
      304 |       1 |      99 |       48 |     10 |    38 |    +0.4% |    1.412 |        0.0 |    840 | _tray_size4_1937/D1
      305 |       1 |      99 |       48 |     10 |    38 |    +0.4% |    1.412 |        0.0 |    839 | _tray_size4_1937/D1
      306 |       1 |      99 |       48 |     10 |    38 |    +0.4% |    1.412 |        0.0 |    838 | _tray_size4_1937/D1
      307 |       1 |      99 |       48 |     10 |    38 |    +0.4% |    1.412 |        0.0 |    837 | _tray_size4_1937/D1
      308 |       1 |      99 |       48 |     10 |    38 |    +0.4% |    1.412 |        0.0 |    836 | _tray_size4_1937/D1
      309 |       1 |      99 |       48 |     10 |    38 |    +0.4% |    1.412 |        0.0 |    835 | _tray_size4_1937/D1
      310 |       1 |      99 |       48 |     10 |    38 |    +0.4% |    1.412 |        0.0 |    835 | _tray_size4_1937/D1
      310 |       1 |      99 |       48 |     10 |    38 |    +0.4% |    1.412 |        0.0 |    834 | _tray_size4_1937/D1
      311 |       1 |      99 |       48 |     10 |    38 |    +0.4% |    1.412 |        0.0 |    833 | _tray_size4_1937/D1
      312 |       1 |      99 |       48 |     10 |    38 |    +0.4% |    1.412 |        0.0 |    832 | _tray_size4_1937/D1
      313 |       1 |      99 |       48 |     10 |    38 |    +0.4% |    1.412 |        0.0 |    831 | _tray_size4_1937/D1
      314 |       1 |      99 |       48 |     10 |    38 |    +0.4% |    1.412 |        0.0 |    830 | _tray_size4_1937/D1
      315 |       1 |      99 |       48 |     10 |    38 |    +0.4% |    1.412 |        0.0 |    829 | _tray_size4_1937/D1
      316 |       1 |      99 |       48 |     10 |    38 |    +0.4% |    1.412 |        0.0 |    828 | _tray_size4_1937/D1
      317 |       1 |      99 |       48 |     10 |    38 |    +0.4% |    1.412 |        0.0 |    827 | _tray_size4_1937/D1
      318 |       1 |      99 |       48 |     10 |    38 |    +0.4% |    1.412 |        0.0 |    826 | _tray_size4_1937/D1
      319 |       1 |      99 |       48 |     10 |    38 |    +0.4% |    1.412 |        0.0 |    825 | _tray_size4_1937/D1
      320 |       1 |      99 |       48 |     10 |    38 |    +0.4% |    1.412 |        0.0 |    825 | _tray_size4_1937/D1
      320 |       1 |      99 |       48 |     10 |    38 |    +0.4% |    1.412 |        0.0 |    824 | _tray_size4_1937/D1
      321 |       1 |      99 |       48 |     10 |    38 |    +0.4% |    1.412 |        0.0 |    823 | _tray_size4_1937/D1
      322 |       1 |      99 |       48 |     10 |    38 |    +0.4% |    1.412 |        0.0 |    822 | _tray_size4_1937/D1
      323 |       1 |      99 |       48 |     10 |    38 |    +0.4% |    1.412 |        0.0 |    821 | _tray_size4_1937/D1
      324 |       1 |      99 |       48 |     10 |    38 |    +0.4% |    1.412 |        0.0 |    820 | _tray_size4_1937/D1
      325 |       1 |      99 |       48 |     10 |    38 |    +0.4% |    1.412 |        0.0 |    819 | _tray_size4_1937/D1
      326 |       1 |      99 |       48 |     10 |    38 |    +0.4% |    1.412 |        0.0 |    818 | _tray_size4_1937/D1
      327 |       1 |      99 |       48 |     10 |    38 |    +0.4% |    1.412 |        0.0 |    817 | _tray_size4_1937/D1
      328 |       1 |      99 |       48 |     10 |    38 |    +0.4% |    1.412 |        0.0 |    816 | _tray_size4_1937/D1
      329 |       1 |      99 |       48 |     10 |    38 |    +0.4% |    1.412 |        0.0 |    815 | _tray_size4_1937/D1
      330 |       1 |      99 |       48 |     10 |    38 |    +0.4% |    1.412 |        0.0 |    815 | _tray_size4_1937/D1
      330 |       1 |      99 |       48 |     10 |    38 |    +0.4% |    1.412 |        0.0 |    814 | _tray_size4_1937/D1
      331 |       1 |      99 |       48 |     10 |    38 |    +0.4% |    1.412 |        0.0 |    813 | _tray_size4_1937/D1
      332 |       1 |      99 |       48 |     10 |    38 |    +0.4% |    1.412 |        0.0 |    812 | _tray_size4_1937/D1
      333 |       1 |      99 |       48 |     10 |    38 |    +0.4% |    1.412 |        0.0 |    811 | _tray_size4_1937/D1
      334 |       1 |      99 |       48 |     10 |    38 |    +0.4% |    1.412 |        0.0 |    810 | _tray_size4_1937/D1
      335 |       1 |      99 |       48 |     10 |    38 |    +0.4% |    1.412 |        0.0 |    809 | _tray_size4_1937/D1
      336 |       1 |      99 |       48 |     10 |    38 |    +0.4% |    1.412 |        0.0 |    808 | _tray_size4_1937/D1
      337 |       1 |      99 |       48 |     10 |    38 |    +0.4% |    1.412 |        0.0 |    807 | _tray_size4_1937/D1
      338 |       1 |      99 |       48 |     10 |    38 |    +0.4% |    1.412 |        0.0 |    806 | _tray_size4_1937/D1
      339 |       1 |      99 |       48 |     10 |    38 |    +0.4% |    1.412 |        0.0 |    805 | _tray_size4_1937/D1
      340 |       1 |      99 |       48 |     10 |    38 |    +0.4% |    1.412 |        0.0 |    805 | _tray_size4_1937/D1
      340 |       1 |      99 |       48 |     10 |    38 |    +0.4% |    1.412 |        0.0 |    804 | _tray_size4_1937/D1
      341 |       1 |      99 |       48 |     10 |    38 |    +0.4% |    1.412 |        0.0 |    803 | _tray_size4_1937/D1
      342 |       1 |      99 |       48 |     10 |    38 |    +0.4% |    1.412 |        0.0 |    802 | _tray_size4_1937/D1
      343 |       1 |      99 |       48 |     10 |    38 |    +0.4% |    1.412 |        0.0 |    801 | _tray_size4_1937/D1
      344 |       1 |      99 |       48 |     10 |    38 |    +0.4% |    1.412 |        0.0 |    800 | _tray_size4_1937/D1
      345 |       1 |      99 |       48 |     10 |    38 |    +0.4% |    1.412 |        0.0 |    799 | _tray_size4_1937/D1
      346 |       1 |      99 |       48 |     10 |    38 |    +0.4% |    1.412 |        0.0 |    798 | _tray_size4_1937/D1
      347 |       1 |      99 |       48 |     10 |    38 |    +0.4% |    1.412 |        0.0 |    797 | _tray_size4_1937/D1
      348 |       1 |      99 |       48 |     10 |    38 |    +0.4% |    1.412 |        0.0 |    796 | _tray_size4_1937/D1
      349 |       1 |      99 |       48 |     10 |    38 |    +0.4% |    1.412 |        0.0 |    795 | _tray_size4_1937/D1
      350 |       1 |      99 |       48 |     10 |    38 |    +0.4% |    1.412 |        0.0 |    795 | _tray_size4_1937/D1
      350 |       1 |      99 |       48 |     10 |    38 |    +0.4% |    1.412 |        0.0 |    794 | _tray_size4_1937/D1
      351 |       1 |      99 |       48 |     10 |    38 |    +0.4% |    1.412 |        0.0 |    793 | _tray_size4_1937/D1
      352 |       1 |      99 |       48 |     10 |    38 |    +0.4% |    1.412 |        0.0 |    792 | _tray_size4_1937/D1
      353 |       1 |      99 |       48 |     10 |    38 |    +0.4% |    1.412 |        0.0 |    791 | _tray_size4_1937/D1
      354 |       1 |      99 |       48 |     10 |    38 |    +0.4% |    1.412 |        0.0 |    790 | _tray_size4_1937/D1
      355 |       1 |      99 |       48 |     10 |    38 |    +0.4% |    1.412 |        0.0 |    789 | _tray_size4_1937/D1
      356 |       1 |      99 |       48 |     10 |    38 |    +0.4% |    1.412 |        0.0 |    788 | _tray_size4_1937/D1
      357 |       1 |      99 |       48 |     10 |    38 |    +0.4% |    1.412 |        0.0 |    787 | _tray_size4_1937/D1
      358 |       1 |      99 |       48 |     10 |    38 |    +0.4% |    1.412 |        0.0 |    786 | _tray_size4_1937/D1
      359 |       1 |      99 |       48 |     10 |    38 |    +0.4% |    1.412 |        0.0 |    785 | _tray_size4_1937/D1
      360 |       1 |      99 |       48 |     10 |    38 |    +0.4% |    1.412 |        0.0 |    785 | _tray_size4_1937/D1
      360 |       1 |      99 |       48 |     10 |    38 |    +0.4% |    1.412 |        0.0 |    784 | _tray_size4_1937/D1
      361 |       1 |      99 |       48 |     10 |    38 |    +0.4% |    1.412 |        0.0 |    783 | _tray_size4_1937/D1
      362 |       1 |      99 |       48 |     10 |    38 |    +0.4% |    1.412 |        0.0 |    782 | _tray_size4_1937/D1
      363 |       1 |      99 |       48 |     10 |    38 |    +0.4% |    1.412 |        0.0 |    781 | _tray_size4_1937/D1
      364 |       1 |      99 |       48 |     10 |    38 |    +0.4% |    1.412 |        0.0 |    780 | _tray_size4_1937/D1
      365 |       1 |      99 |       48 |     10 |    38 |    +0.4% |    1.412 |        0.0 |    779 | _tray_size4_1937/D1
      366 |       1 |      99 |       48 |     10 |    38 |    +0.4% |    1.412 |        0.0 |    778 | _tray_size4_1937/D1
      367 |       1 |      99 |       48 |     10 |    38 |    +0.4% |    1.412 |        0.0 |    777 | _tray_size4_1937/D1
      368 |       1 |      99 |       48 |     10 |    38 |    +0.4% |    1.412 |        0.0 |    776 | _tray_size4_1937/D1
      369 |       1 |      99 |       48 |     10 |    38 |    +0.4% |    1.412 |        0.0 |    775 | _tray_size4_1937/D1
      370 |       1 |      99 |       48 |     10 |    38 |    +0.4% |    1.412 |        0.0 |    775 | _tray_size4_1937/D1
      370 |       1 |      99 |       48 |     10 |    38 |    +0.4% |    1.412 |        0.0 |    774 | _tray_size4_1937/D1
      371 |       1 |      99 |       48 |     10 |    38 |    +0.4% |    1.412 |        0.0 |    773 | _tray_size4_1937/D1
      372 |       1 |      99 |       48 |     10 |    38 |    +0.4% |    1.412 |        0.0 |    772 | _tray_size4_1937/D1
      373 |       1 |      99 |       48 |     10 |    38 |    +0.4% |    1.412 |        0.0 |    771 | _tray_size4_1937/D1
      374 |       1 |      99 |       48 |     10 |    38 |    +0.4% |    1.412 |        0.0 |    770 | _tray_size4_1937/D1
      375 |       1 |      99 |       48 |     10 |    38 |    +0.4% |    1.412 |        0.0 |    769 | _tray_size4_1937/D1
      376 |       1 |      99 |       48 |     10 |    38 |    +0.4% |    1.412 |        0.0 |    768 | _tray_size4_1937/D1
      377 |       1 |      99 |       48 |     10 |    38 |    +0.4% |    1.412 |        0.0 |    767 | _tray_size4_1937/D1
      378 |       1 |      99 |       48 |     10 |    38 |    +0.4% |    1.412 |        0.0 |    766 | _tray_size4_1937/D1
      379 |       1 |      99 |       48 |     10 |    38 |    +0.4% |    1.412 |        0.0 |    765 | _tray_size4_1937/D1
      380 |       1 |      99 |       48 |     10 |    38 |    +0.4% |    1.412 |        0.0 |    765 | _tray_size4_1937/D1
      380 |       1 |      99 |       48 |     10 |    38 |    +0.4% |    1.412 |        0.0 |    764 | _tray_size4_1937/D1
      381 |       1 |      99 |       48 |     10 |    38 |    +0.4% |    1.412 |        0.0 |    763 | _tray_size4_1937/D1
      382 |       1 |      99 |       48 |     10 |    38 |    +0.4% |    1.412 |        0.0 |    762 | _tray_size4_1937/D1
      383 |       1 |      99 |       48 |     10 |    38 |    +0.4% |    1.412 |        0.0 |    761 | _tray_size4_1937/D1
      384 |       1 |      99 |       48 |     10 |    38 |    +0.4% |    1.412 |        0.0 |    760 | _tray_size4_1937/D1
      385 |       1 |      99 |       48 |     10 |    38 |    +0.4% |    1.412 |        0.0 |    759 | _tray_size4_1937/D1
      386 |       1 |      99 |       48 |     10 |    38 |    +0.4% |    1.412 |        0.0 |    758 | _tray_size4_1937/D1
      387 |       1 |      99 |       48 |     10 |    38 |    +0.4% |    1.412 |        0.0 |    757 | _tray_size4_1937/D1
      388 |       1 |      99 |       48 |     10 |    38 |    +0.4% |    1.412 |        0.0 |    756 | _tray_size4_1937/D1
      389 |       1 |      99 |       48 |     10 |    38 |    +0.4% |    1.412 |        0.0 |    755 | _tray_size4_1937/D1
      390 |       1 |      99 |       48 |     10 |    38 |    +0.4% |    1.412 |        0.0 |    755 | _tray_size4_1937/D1
      390 |       1 |      99 |       48 |     10 |    38 |    +0.4% |    1.412 |        0.0 |    754 | _tray_size4_1937/D1
      391 |       1 |      99 |       48 |     10 |    38 |    +0.4% |    1.412 |        0.0 |    753 | _tray_size4_1937/D1
      392 |       1 |      99 |       48 |     10 |    38 |    +0.4% |    1.412 |        0.0 |    752 | _tray_size4_1937/D1
      393 |       1 |      99 |       48 |     10 |    38 |    +0.4% |    1.412 |        0.0 |    751 | _tray_size4_1937/D1
      394 |       1 |      99 |       48 |     10 |    38 |    +0.4% |    1.412 |        0.0 |    750 | _tray_size4_1937/D1
      395 |       1 |      99 |       48 |     10 |    38 |    +0.4% |    1.412 |        0.0 |    749 | _tray_size4_1937/D1
      396 |       1 |      99 |       48 |     10 |    38 |    +0.4% |    1.412 |        0.0 |    748 | _tray_size4_1937/D1
      397 |       1 |      99 |       48 |     10 |    38 |    +0.4% |    1.412 |        0.0 |    747 | _tray_size4_1937/D1
      398 |       1 |      99 |       48 |     10 |    38 |    +0.4% |    1.412 |        0.0 |    746 | _tray_size4_1937/D1
      399 |       1 |      99 |       48 |     10 |    38 |    +0.4% |    1.412 |        0.0 |    745 | _tray_size4_1937/D1
      400 |       1 |      99 |       48 |     10 |    38 |    +0.4% |    1.412 |        0.0 |    745 | _tray_size4_1937/D1
      400 |       1 |      99 |       48 |     10 |    38 |    +0.4% |    1.412 |        0.0 |    744 | _tray_size4_1937/D1
      401 |       1 |      99 |       48 |     10 |    38 |    +0.4% |    1.412 |        0.0 |    743 | _tray_size4_1937/D1
      402 |       1 |      99 |       48 |     10 |    38 |    +0.4% |    1.412 |        0.0 |    742 | _tray_size4_1937/D1
      403 |       1 |      99 |       48 |     10 |    38 |    +0.4% |    1.412 |        0.0 |    741 | _tray_size4_1937/D1
      404 |       1 |      99 |       48 |     10 |    38 |    +0.4% |    1.412 |        0.0 |    740 | _tray_size4_1937/D1
      405 |       1 |      99 |       48 |     10 |    38 |    +0.4% |    1.412 |        0.0 |    739 | _tray_size4_1937/D1
      406 |       1 |      99 |       48 |     10 |    38 |    +0.4% |    1.412 |        0.0 |    738 | _tray_size4_1937/D1
      407 |       1 |      99 |       48 |     10 |    38 |    +0.4% |    1.412 |        0.0 |    737 | _tray_size4_1937/D1
      408 |       1 |      99 |       48 |     10 |    38 |    +0.4% |    1.412 |        0.0 |    736 | _tray_size4_1937/D1
      409 |       1 |      99 |       48 |     10 |    38 |    +0.4% |    1.412 |        0.0 |    735 | _tray_size4_1937/D1
      410 |       1 |      99 |       48 |     10 |    38 |    +0.4% |    1.412 |        0.0 |    735 | _tray_size4_1937/D1
      410 |       1 |      99 |       48 |     10 |    38 |    +0.4% |    1.412 |        0.0 |    734 | _tray_size4_1937/D1
      411 |       1 |      99 |       48 |     10 |    38 |    +0.4% |    1.412 |        0.0 |    733 | _tray_size4_1937/D1
      412 |       1 |      99 |       48 |     10 |    38 |    +0.4% |    1.412 |        0.0 |    732 | _tray_size4_1937/D1
      413 |       1 |      99 |       48 |     10 |    38 |    +0.4% |    1.412 |        0.0 |    731 | _tray_size4_1937/D1
      414 |       1 |      99 |       48 |     10 |    38 |    +0.4% |    1.412 |        0.0 |    730 | _tray_size4_1937/D1
      415 |       1 |      99 |       48 |     10 |    38 |    +0.4% |    1.412 |        0.0 |    729 | _tray_size4_1937/D1
      416 |       1 |      99 |       48 |     10 |    38 |    +0.4% |    1.412 |        0.0 |    728 | _tray_size4_1937/D1
      417 |       1 |      99 |       48 |     10 |    38 |    +0.4% |    1.412 |        0.0 |    727 | _tray_size4_1937/D1
      418 |       1 |      99 |       48 |     10 |    38 |    +0.4% |    1.412 |        0.0 |    726 | _tray_size4_1937/D1
      419 |       1 |      99 |       48 |     10 |    38 |    +0.4% |    1.412 |        0.0 |    725 | _tray_size4_1937/D1
      420 |       1 |      99 |       48 |     10 |    38 |    +0.4% |    1.412 |        0.0 |    725 | _tray_size4_1937/D1
      420 |       1 |      99 |       48 |     10 |    38 |    +0.4% |    1.412 |        0.0 |    724 | _tray_size4_1937/D1
      421 |       1 |      99 |       48 |     10 |    38 |    +0.4% |    1.412 |        0.0 |    723 | _tray_size4_1937/D1
      422 |       1 |      99 |       48 |     10 |    38 |    +0.4% |    1.412 |        0.0 |    722 | _tray_size4_1937/D1
      423 |       1 |      99 |       48 |     10 |    38 |    +0.4% |    1.412 |        0.0 |    721 | _tray_size4_1937/D1
      424 |       1 |      99 |       48 |     10 |    38 |    +0.4% |    1.412 |        0.0 |    720 | _tray_size4_1937/D1
      425 |       1 |      99 |       48 |     10 |    38 |    +0.4% |    1.412 |        0.0 |    719 | _tray_size4_1937/D1
      426 |       1 |      99 |       48 |     10 |    38 |    +0.4% |    1.412 |        0.0 |    718 | _tray_size4_1937/D1
      427 |       1 |      99 |       48 |     10 |    38 |    +0.4% |    1.412 |        0.0 |    717 | _tray_size4_1937/D1
      428 |       1 |      99 |       48 |     10 |    38 |    +0.4% |    1.412 |        0.0 |    716 | _tray_size4_1937/D1
      429 |       1 |      99 |       48 |     10 |    38 |    +0.4% |    1.412 |        0.0 |    715 | _tray_size4_1937/D1
      430 |       1 |      99 |       48 |     10 |    38 |    +0.4% |    1.412 |        0.0 |    715 | _tray_size4_1937/D1
      430 |       1 |      99 |       48 |     10 |    38 |    +0.4% |    1.412 |        0.0 |    714 | _tray_size4_1937/D1
      431 |       1 |      99 |       48 |     10 |    38 |    +0.4% |    1.412 |        0.0 |    713 | _tray_size4_1937/D1
      432 |       1 |      99 |       48 |     10 |    38 |    +0.4% |    1.412 |        0.0 |    712 | _tray_size4_1937/D1
      433 |       1 |      99 |       48 |     10 |    38 |    +0.4% |    1.412 |        0.0 |    711 | _tray_size4_1937/D1
      434 |       1 |      99 |       48 |     10 |    38 |    +0.4% |    1.412 |        0.0 |    710 | _tray_size4_1937/D1
      435 |       1 |      99 |       48 |     10 |    38 |    +0.4% |    1.412 |        0.0 |    709 | _tray_size4_1937/D1
      436 |       1 |      99 |       48 |     10 |    38 |    +0.4% |    1.412 |        0.0 |    708 | _tray_size4_1937/D1
      437 |       1 |      99 |       48 |     10 |    38 |    +0.4% |    1.412 |        0.0 |    707 | _tray_size4_1937/D1
      438 |       1 |      99 |       48 |     10 |    38 |    +0.4% |    1.412 |        0.0 |    706 | _tray_size4_1937/D1
      439 |       1 |      99 |       48 |     10 |    38 |    +0.4% |    1.412 |        0.0 |    705 | _tray_size4_1937/D1
      440 |       1 |      99 |       48 |     10 |    38 |    +0.4% |    1.412 |        0.0 |    705 | _tray_size4_1937/D1
      440 |       1 |      99 |       48 |     10 |    38 |    +0.4% |    1.412 |        0.0 |    704 | _tray_size4_1937/D1
      441 |       1 |      99 |       48 |     10 |    38 |    +0.4% |    1.412 |        0.0 |    703 | _tray_size4_1937/D1
      442 |       1 |      99 |       48 |     10 |    38 |    +0.4% |    1.412 |        0.0 |    702 | _tray_size4_1937/D1
      443 |       1 |      99 |       48 |     10 |    38 |    +0.4% |    1.412 |        0.0 |    701 | _tray_size4_1937/D1
      444 |       1 |      99 |       48 |     10 |    38 |    +0.4% |    1.412 |        0.0 |    700 | _tray_size4_1937/D1
      445 |       1 |      99 |       48 |     10 |    38 |    +0.4% |    1.412 |        0.0 |    699 | _tray_size4_1937/D1
      446 |       1 |      99 |       48 |     10 |    38 |    +0.4% |    1.412 |        0.0 |    698 | _tray_size4_1937/D1
      447 |       1 |      99 |       48 |     10 |    38 |    +0.4% |    1.412 |        0.0 |    697 | _tray_size4_1937/D1
      448 |       1 |      99 |       48 |     10 |    38 |    +0.4% |    1.412 |        0.0 |    696 | _tray_size4_1937/D1
      449 |       1 |      99 |       48 |     10 |    38 |    +0.4% |    1.412 |        0.0 |    695 | _tray_size4_1937/D1
      450 |       1 |      99 |       48 |     10 |    38 |    +0.4% |    1.412 |        0.0 |    695 | _tray_size4_1937/D1
      450 |       1 |      99 |       48 |     10 |    38 |    +0.4% |    1.412 |        0.0 |    694 | _tray_size4_1937/D1
      451 |       1 |      99 |       48 |     10 |    38 |    +0.4% |    1.412 |        0.0 |    693 | _tray_size4_1937/D1
      452 |       1 |      99 |       48 |     10 |    38 |    +0.4% |    1.412 |        0.0 |    692 | _tray_size4_1937/D1
      453 |       1 |      99 |       48 |     10 |    38 |    +0.4% |    1.412 |        0.0 |    691 | _tray_size4_1937/D1
      454 |       1 |      99 |       48 |     10 |    38 |    +0.4% |    1.412 |        0.0 |    690 | _tray_size4_1937/D1
      455 |       1 |      99 |       48 |     10 |    38 |    +0.4% |    1.412 |        0.0 |    689 | _tray_size4_1937/D1
      456 |       1 |      99 |       48 |     10 |    38 |    +0.4% |    1.412 |        0.0 |    688 | _tray_size4_1937/D1
      457 |       1 |      99 |       48 |     10 |    38 |    +0.4% |    1.412 |        0.0 |    687 | _tray_size4_1937/D1
      458 |       1 |      99 |       48 |     10 |    38 |    +0.4% |    1.412 |        0.0 |    686 | _tray_size4_1937/D1
      459 |       1 |      99 |       48 |     10 |    38 |    +0.4% |    1.412 |        0.0 |    685 | _tray_size4_1937/D1
      460 |       1 |      99 |       48 |     10 |    38 |    +0.4% |    1.412 |        0.0 |    685 | _tray_size4_1937/D1
      460 |       1 |      99 |       48 |     10 |    38 |    +0.4% |    1.412 |        0.0 |    684 | _tray_size4_1937/D1
      461 |       1 |      99 |       48 |     10 |    38 |    +0.4% |    1.412 |        0.0 |    683 | _tray_size4_1937/D1
      462 |       1 |      99 |       48 |     10 |    38 |    +0.4% |    1.412 |        0.0 |    682 | _tray_size4_1937/D1
      463 |       1 |      99 |       48 |     10 |    38 |    +0.4% |    1.412 |        0.0 |    681 | _tray_size4_1937/D1
      464 |       1 |      99 |       48 |     10 |    38 |    +0.4% |    1.412 |        0.0 |    680 | _tray_size4_1937/D1
      465 |       1 |      99 |       48 |     10 |    38 |    +0.4% |    1.412 |        0.0 |    679 | _tray_size4_1937/D1
      466 |       1 |      99 |       48 |     10 |    38 |    +0.4% |    1.412 |        0.0 |    678 | _tray_size4_1937/D1
      467 |       1 |      99 |       48 |     10 |    38 |    +0.4% |    1.412 |        0.0 |    677 | _tray_size4_1937/D1
      468 |       1 |      99 |       48 |     10 |    38 |    +0.4% |    1.412 |        0.0 |    676 | _tray_size4_1937/D1
      469 |       1 |      99 |       48 |     10 |    38 |    +0.4% |    1.412 |        0.0 |    675 | _tray_size4_1937/D1
      470 |       1 |      99 |       48 |     10 |    38 |    +0.4% |    1.412 |        0.0 |    675 | _tray_size4_1937/D1
      470 |       1 |      99 |       48 |     10 |    38 |    +0.4% |    1.412 |        0.0 |    674 | _tray_size4_1937/D1
      471 |       1 |      99 |       48 |     10 |    38 |    +0.4% |    1.412 |        0.0 |    673 | _tray_size4_1937/D1
      472 |       1 |      99 |       48 |     10 |    38 |    +0.4% |    1.412 |        0.0 |    672 | _tray_size4_1937/D1
      473 |       1 |      99 |       48 |     10 |    38 |    +0.4% |    1.412 |        0.0 |    671 | _tray_size4_1937/D1
      474 |       1 |      99 |       48 |     10 |    38 |    +0.4% |    1.412 |        0.0 |    670 | _tray_size4_1937/D1
      475 |       1 |      99 |       48 |     10 |    38 |    +0.4% |    1.412 |        0.0 |    669 | _tray_size4_1937/D1
      476 |       1 |      99 |       48 |     10 |    38 |    +0.4% |    1.412 |        0.0 |    668 | _tray_size4_1937/D1
      477 |       1 |      99 |       48 |     10 |    38 |    +0.4% |    1.412 |        0.0 |    667 | _tray_size4_1937/D1
      478 |       1 |      99 |       48 |     10 |    38 |    +0.4% |    1.412 |        0.0 |    666 | _tray_size4_1937/D1
      479 |       1 |      99 |       48 |     10 |    38 |    +0.4% |    1.412 |        0.0 |    665 | _tray_size4_1937/D1
      480 |       1 |      99 |       48 |     10 |    38 |    +0.4% |    1.412 |        0.0 |    665 | _tray_size4_1937/D1
      480 |       1 |      99 |       48 |     10 |    38 |    +0.4% |    1.412 |        0.0 |    664 | _tray_size4_1937/D1
      481 |       1 |      99 |       48 |     10 |    38 |    +0.4% |    1.412 |        0.0 |    663 | _tray_size4_1937/D1
      482 |       1 |      99 |       48 |     10 |    38 |    +0.4% |    1.412 |        0.0 |    662 | _tray_size4_1937/D1
      483 |       1 |      99 |       48 |     10 |    38 |    +0.4% |    1.412 |        0.0 |    661 | _tray_size4_1937/D1
      484 |       1 |      99 |       48 |     10 |    38 |    +0.4% |    1.412 |        0.0 |    660 | _tray_size4_1937/D1
      485 |       1 |      99 |       48 |     10 |    38 |    +0.4% |    1.412 |        0.0 |    659 | _tray_size4_1937/D1
      486 |       1 |      99 |       48 |     10 |    38 |    +0.4% |    1.412 |        0.0 |    658 | _tray_size4_1937/D1
      487 |       1 |      99 |       48 |     10 |    38 |    +0.4% |    1.412 |        0.0 |    657 | _tray_size4_1937/D1
      488 |       1 |      99 |       48 |     10 |    38 |    +0.4% |    1.412 |        0.0 |    656 | _tray_size4_1937/D1
      489 |       1 |      99 |       48 |     10 |    38 |    +0.4% |    1.412 |        0.0 |    655 | _tray_size4_1937/D1
      490 |       1 |      99 |       48 |     10 |    38 |    +0.4% |    1.412 |        0.0 |    655 | _tray_size4_1937/D1
      490 |       1 |      99 |       48 |     10 |    38 |    +0.4% |    1.412 |        0.0 |    654 | _tray_size4_1937/D1
      491 |       1 |      99 |       48 |     10 |    38 |    +0.4% |    1.412 |        0.0 |    653 | _tray_size4_1937/D1
      492 |       1 |      99 |       48 |     10 |    38 |    +0.4% |    1.412 |        0.0 |    652 | _tray_size4_1937/D1
      493 |       1 |      99 |       48 |     10 |    38 |    +0.4% |    1.412 |        0.0 |    651 | _tray_size4_1937/D1
      494 |       1 |      99 |       48 |     10 |    38 |    +0.4% |    1.412 |        0.0 |    650 | _tray_size4_1937/D1
      495 |       1 |      99 |       48 |     10 |    38 |    +0.4% |    1.412 |        0.0 |    649 | _tray_size4_1937/D1
      496 |       1 |      99 |       48 |     10 |    38 |    +0.4% |    1.412 |        0.0 |    648 | _tray_size4_1937/D1
      497 |       1 |      99 |       48 |     10 |    38 |    +0.4% |    1.412 |        0.0 |    647 | _tray_size4_1937/D1
      498 |       1 |      99 |       48 |     10 |    38 |    +0.4% |    1.412 |        0.0 |    646 | _tray_size4_1937/D1
      499 |       1 |      99 |       48 |     10 |    38 |    +0.4% |    1.412 |        0.0 |    645 | _tray_size4_1937/D1
      500 |       1 |      99 |       48 |     10 |    38 |    +0.4% |    1.412 |        0.0 |    645 | _tray_size4_1937/D1
      500 |       1 |      99 |       48 |     10 |    38 |    +0.4% |    1.412 |        0.0 |    644 | _tray_size4_1937/D1
      501 |       1 |      99 |       48 |     10 |    38 |    +0.4% |    1.412 |        0.0 |    643 | _tray_size4_1937/D1
      502 |       1 |      99 |       48 |     10 |    38 |    +0.4% |    1.412 |        0.0 |    642 | _tray_size4_1937/D1
      503 |       1 |      99 |       48 |     10 |    38 |    +0.4% |    1.412 |        0.0 |    641 | _tray_size4_1937/D1
      504 |       1 |      99 |       48 |     10 |    38 |    +0.4% |    1.412 |        0.0 |    640 | _tray_size4_1937/D1
      505 |       1 |      99 |       48 |     10 |    38 |    +0.4% |    1.412 |        0.0 |    639 | _tray_size4_1937/D1
      506 |       1 |      99 |       48 |     10 |    38 |    +0.4% |    1.412 |        0.0 |    638 | _tray_size4_1937/D1
      507 |       1 |      99 |       48 |     10 |    38 |    +0.4% |    1.412 |        0.0 |    637 | _tray_size4_1937/D1
      508 |       1 |      99 |       48 |     10 |    38 |    +0.4% |    1.412 |        0.0 |    636 | _tray_size4_1937/D1
      509 |       1 |      99 |       48 |     10 |    38 |    +0.4% |    1.412 |        0.0 |    635 | _tray_size4_1937/D1
      510 |       1 |      99 |       48 |     10 |    38 |    +0.4% |    1.412 |        0.0 |    635 | _tray_size4_1937/D1
      510 |       1 |      99 |       48 |     10 |    38 |    +0.4% |    1.412 |        0.0 |    634 | _tray_size4_1937/D1
      511 |       1 |      99 |       48 |     10 |    38 |    +0.4% |    1.412 |        0.0 |    633 | _tray_size4_1937/D1
      512 |       1 |      99 |       48 |     10 |    38 |    +0.4% |    1.412 |        0.0 |    632 | _tray_size4_1937/D1
      513 |       1 |      99 |       48 |     10 |    38 |    +0.4% |    1.412 |        0.0 |    631 | _tray_size4_1937/D1
      514 |       1 |      99 |       48 |     10 |    38 |    +0.4% |    1.412 |        0.0 |    630 | _tray_size4_1937/D1
      515 |       1 |      99 |       48 |     10 |    38 |    +0.4% |    1.412 |        0.0 |    629 | _tray_size4_1937/D1
      516 |       1 |      99 |       48 |     10 |    38 |    +0.4% |    1.412 |        0.0 |    628 | _tray_size4_1937/D1
      517 |       1 |      99 |       48 |     10 |    38 |    +0.4% |    1.412 |        0.0 |    627 | _tray_size4_1937/D1
      518 |       1 |      99 |       48 |     10 |    38 |    +0.4% |    1.412 |        0.0 |    626 | _tray_size4_1937/D1
      519 |       1 |      99 |       48 |     10 |    38 |    +0.4% |    1.412 |        0.0 |    625 | _tray_size4_1937/D1
      520 |       1 |      99 |       48 |     10 |    38 |    +0.4% |    1.412 |        0.0 |    625 | _tray_size4_1937/D1
      520 |       1 |      99 |       48 |     10 |    38 |    +0.4% |    1.412 |        0.0 |    624 | _tray_size4_1937/D1
      521 |       1 |      99 |       48 |     10 |    38 |    +0.4% |    1.412 |        0.0 |    623 | _tray_size4_1937/D1
      522 |       1 |      99 |       48 |     10 |    38 |    +0.4% |    1.412 |        0.0 |    622 | _tray_size4_1937/D1
      523 |       1 |      99 |       48 |     10 |    38 |    +0.4% |    1.412 |        0.0 |    621 | _tray_size4_1937/D1
      524 |       1 |      99 |       48 |     10 |    38 |    +0.4% |    1.412 |        0.0 |    620 | _tray_size4_1937/D1
      525 |       1 |      99 |       48 |     10 |    38 |    +0.4% |    1.412 |        0.0 |    619 | _tray_size4_1937/D1
      526 |       1 |      99 |       48 |     10 |    38 |    +0.4% |    1.412 |        0.0 |    618 | _tray_size4_1937/D1
      527 |       1 |      99 |       48 |     10 |    38 |    +0.4% |    1.412 |        0.0 |    617 | _tray_size4_1937/D1
      528 |       1 |      99 |       48 |     10 |    38 |    +0.4% |    1.412 |        0.0 |    616 | _tray_size4_1937/D1
      529 |       1 |      99 |       48 |     10 |    38 |    +0.4% |    1.412 |        0.0 |    615 | _tray_size4_1937/D1
      530 |       1 |      99 |       48 |     10 |    38 |    +0.4% |    1.412 |        0.0 |    615 | _tray_size4_1937/D1
      530 |       1 |      99 |       48 |     10 |    38 |    +0.4% |    1.412 |        0.0 |    614 | _tray_size4_1937/D1
      531 |       1 |      99 |       48 |     10 |    38 |    +0.4% |    1.412 |        0.0 |    613 | _tray_size4_1937/D1
      532 |       1 |      99 |       48 |     10 |    38 |    +0.4% |    1.412 |        0.0 |    612 | _tray_size4_1937/D1
      533 |       1 |      99 |       48 |     10 |    38 |    +0.4% |    1.412 |        0.0 |    611 | _tray_size4_1937/D1
      534 |       1 |      99 |       48 |     10 |    38 |    +0.4% |    1.412 |        0.0 |    610 | _tray_size4_1937/D1
      535 |       1 |      99 |       48 |     10 |    38 |    +0.4% |    1.412 |        0.0 |    609 | _tray_size4_1937/D1
      536 |       1 |      99 |       48 |     10 |    38 |    +0.4% |    1.412 |        0.0 |    608 | _tray_size4_1937/D1
      537 |       1 |      99 |       48 |     10 |    38 |    +0.4% |    1.412 |        0.0 |    607 | _tray_size4_1937/D1
      538 |       1 |      99 |       48 |     10 |    38 |    +0.4% |    1.412 |        0.0 |    606 | _tray_size4_1937/D1
      539 |       1 |      99 |       48 |     10 |    38 |    +0.4% |    1.412 |        0.0 |    605 | _tray_size4_1937/D1
      540 |       1 |      99 |       48 |     10 |    38 |    +0.4% |    1.412 |        0.0 |    605 | _tray_size4_1937/D1
      540 |       1 |      99 |       48 |     10 |    38 |    +0.4% |    1.412 |        0.0 |    604 | _tray_size4_1937/D1
      541 |       1 |      99 |       48 |     10 |    38 |    +0.4% |    1.412 |        0.0 |    603 | _tray_size4_1937/D1
      542 |       1 |      99 |       48 |     10 |    38 |    +0.4% |    1.412 |        0.0 |    602 | _tray_size4_1937/D1
      543 |       1 |      99 |       48 |     10 |    38 |    +0.4% |    1.412 |        0.0 |    601 | _tray_size4_1937/D1
      544 |       1 |      99 |       48 |     10 |    38 |    +0.4% |    1.412 |        0.0 |    600 | _tray_size4_1937/D1
      545 |       1 |      99 |       48 |     10 |    38 |    +0.4% |    1.412 |        0.0 |    599 | _tray_size4_1937/D1
      546 |       1 |      99 |       48 |     10 |    38 |    +0.4% |    1.412 |        0.0 |    598 | _tray_size4_1937/D1
      547 |       1 |      99 |       48 |     10 |    38 |    +0.4% |    1.412 |        0.0 |    597 | _tray_size4_1937/D1
      548 |       1 |      99 |       48 |     10 |    38 |    +0.4% |    1.412 |        0.0 |    596 | _tray_size4_1937/D1
      549 |       1 |      99 |       48 |     10 |    38 |    +0.4% |    1.412 |        0.0 |    595 | _tray_size4_1937/D1
      550 |       1 |      99 |       48 |     10 |    38 |    +0.4% |    1.412 |        0.0 |    595 | _tray_size4_1937/D1
      550 |       1 |      99 |       48 |     10 |    38 |    +0.4% |    1.412 |        0.0 |    594 | _tray_size4_1937/D1
      551 |       1 |      99 |       48 |     10 |    38 |    +0.4% |    1.412 |        0.0 |    593 | _tray_size4_1937/D1
      552 |       1 |      99 |       48 |     10 |    38 |    +0.4% |    1.412 |        0.0 |    592 | _tray_size4_1937/D1
      553 |       1 |      99 |       48 |     10 |    38 |    +0.4% |    1.412 |        0.0 |    591 | _tray_size4_1937/D1
      554 |       1 |      99 |       48 |     10 |    38 |    +0.4% |    1.412 |        0.0 |    590 | _tray_size4_1937/D1
      555 |       1 |      99 |       48 |     10 |    38 |    +0.4% |    1.412 |        0.0 |    589 | _tray_size4_1937/D1
      556 |       1 |      99 |       48 |     10 |    38 |    +0.4% |    1.412 |        0.0 |    588 | _tray_size4_1937/D1
      557 |       1 |      99 |       48 |     10 |    38 |    +0.4% |    1.412 |        0.0 |    587 | _tray_size4_1937/D1
      558 |       1 |      99 |       48 |     10 |    38 |    +0.4% |    1.412 |        0.0 |    586 | _tray_size4_1937/D1
      559 |       1 |      99 |       48 |     10 |    38 |    +0.4% |    1.412 |        0.0 |    585 | _tray_size4_1937/D1
      560 |       1 |      99 |       48 |     10 |    38 |    +0.4% |    1.412 |        0.0 |    585 | _tray_size4_1937/D1
      560 |       1 |      99 |       48 |     10 |    38 |    +0.4% |    1.412 |        0.0 |    584 | _tray_size4_1937/D1
      561 |       1 |      99 |       48 |     10 |    38 |    +0.4% |    1.412 |        0.0 |    583 | _tray_size4_1937/D1
      562 |       1 |      99 |       48 |     10 |    38 |    +0.4% |    1.412 |        0.0 |    582 | _tray_size4_1937/D1
      563 |       1 |      99 |       48 |     10 |    38 |    +0.4% |    1.412 |        0.0 |    581 | _tray_size4_1937/D1
      564 |       1 |      99 |       48 |     10 |    38 |    +0.4% |    1.412 |        0.0 |    580 | _tray_size4_1937/D1
      565 |       1 |      99 |       48 |     10 |    38 |    +0.4% |    1.412 |        0.0 |    579 | _tray_size4_1937/D1
      566 |       1 |      99 |       48 |     10 |    38 |    +0.4% |    1.412 |        0.0 |    578 | _tray_size4_1937/D1
      567 |       1 |      99 |       48 |     10 |    38 |    +0.4% |    1.412 |        0.0 |    577 | _tray_size4_1937/D1
      568 |       1 |      99 |       48 |     10 |    38 |    +0.4% |    1.412 |        0.0 |    576 | _tray_size4_1937/D1
      569 |       1 |      99 |       48 |     10 |    38 |    +0.4% |    1.412 |        0.0 |    575 | _tray_size4_1937/D1
      570 |       1 |      99 |       48 |     10 |    38 |    +0.4% |    1.412 |        0.0 |    575 | _tray_size4_1937/D1
      570 |       1 |      99 |       48 |     10 |    38 |    +0.4% |    1.412 |        0.0 |    574 | _tray_size4_1937/D1
      571 |       1 |      99 |       48 |     10 |    38 |    +0.4% |    1.412 |        0.0 |    573 | _tray_size4_1937/D1
      572 |       1 |      99 |       48 |     10 |    38 |    +0.4% |    1.412 |        0.0 |    572 | _tray_size4_1937/D1
      573 |       1 |      99 |       48 |     10 |    38 |    +0.4% |    1.412 |        0.0 |    571 | _tray_size4_1937/D1
      574 |       1 |      99 |       48 |     10 |    38 |    +0.4% |    1.412 |        0.0 |    570 | _tray_size4_1937/D1
      575 |       1 |      99 |       48 |     10 |    38 |    +0.4% |    1.412 |        0.0 |    569 | _tray_size4_1937/D1
      576 |       1 |      99 |       48 |     10 |    38 |    +0.4% |    1.412 |        0.0 |    568 | _tray_size4_1937/D1
      577 |       1 |      99 |       48 |     10 |    38 |    +0.4% |    1.412 |        0.0 |    567 | _tray_size4_1937/D1
      578 |       1 |      99 |       48 |     10 |    38 |    +0.4% |    1.412 |        0.0 |    566 | _tray_size4_1937/D1
      579 |       1 |      99 |       48 |     10 |    38 |    +0.4% |    1.412 |        0.0 |    565 | _tray_size4_1937/D1
      580 |       1 |      99 |       48 |     10 |    38 |    +0.4% |    1.412 |        0.0 |    565 | _tray_size4_1937/D1
      580 |       1 |      99 |       48 |     10 |    38 |    +0.4% |    1.412 |        0.0 |    564 | _tray_size4_1937/D1
      581 |       1 |      99 |       48 |     10 |    38 |    +0.4% |    1.412 |        0.0 |    563 | _tray_size4_1937/D1
      582 |       1 |      99 |       48 |     10 |    38 |    +0.4% |    1.412 |        0.0 |    562 | _tray_size4_1937/D1
      583 |       1 |      99 |       48 |     10 |    38 |    +0.4% |    1.412 |        0.0 |    561 | _tray_size4_1937/D1
      584 |       1 |      99 |       48 |     10 |    38 |    +0.4% |    1.412 |        0.0 |    560 | _tray_size4_1937/D1
      585 |       1 |      99 |       48 |     10 |    38 |    +0.4% |    1.412 |        0.0 |    559 | _tray_size4_1937/D1
      586 |       1 |      99 |       48 |     10 |    38 |    +0.4% |    1.412 |        0.0 |    558 | _tray_size4_1937/D1
      587 |       1 |      99 |       48 |     10 |    38 |    +0.4% |    1.412 |        0.0 |    557 | _tray_size4_1937/D1
      588 |       1 |      99 |       48 |     10 |    38 |    +0.4% |    1.412 |        0.0 |    556 | _tray_size4_1937/D1
      589 |       1 |      99 |       48 |     10 |    38 |    +0.4% |    1.412 |        0.0 |    555 | _tray_size4_1937/D1
      590 |       1 |      99 |       48 |     10 |    38 |    +0.4% |    1.412 |        0.0 |    555 | _tray_size4_1937/D1
      590 |       1 |      99 |       48 |     10 |    38 |    +0.4% |    1.412 |        0.0 |    554 | _tray_size4_1937/D1
      591 |       1 |      99 |       48 |     10 |    38 |    +0.4% |    1.412 |        0.0 |    553 | _tray_size4_1937/D1
      592 |       1 |      99 |       48 |     10 |    38 |    +0.4% |    1.412 |        0.0 |    552 | _tray_size4_1937/D1
      593 |       1 |      99 |       48 |     10 |    38 |    +0.4% |    1.412 |        0.0 |    551 | _tray_size4_1937/D1
      594 |       1 |      99 |       48 |     10 |    38 |    +0.4% |    1.412 |        0.0 |    550 | _tray_size4_1937/D1
      595 |       1 |      99 |       48 |     10 |    38 |    +0.4% |    1.412 |        0.0 |    549 | _tray_size4_1937/D1
      596 |       1 |      99 |       48 |     10 |    38 |    +0.4% |    1.412 |        0.0 |    548 | _tray_size4_1937/D1
      597 |       1 |      99 |       48 |     10 |    38 |    +0.4% |    1.412 |        0.0 |    547 | _tray_size4_1937/D1
      598 |       1 |      99 |       48 |     10 |    38 |    +0.4% |    1.412 |        0.0 |    546 | _tray_size4_1937/D1
      599 |       1 |      99 |       48 |     10 |    38 |    +0.4% |    1.412 |        0.0 |    545 | _tray_size4_1937/D1
      600 |       1 |      99 |       48 |     10 |    38 |    +0.4% |    1.412 |        0.0 |    545 | _tray_size4_1937/D1
      600 |       1 |      99 |       48 |     10 |    38 |    +0.4% |    1.412 |        0.0 |    544 | _tray_size4_1937/D1
      601 |       1 |      99 |       48 |     10 |    38 |    +0.4% |    1.412 |        0.0 |    543 | _tray_size4_1937/D1
      602 |       1 |      99 |       48 |     10 |    38 |    +0.4% |    1.412 |        0.0 |    542 | _tray_size4_1937/D1
      603 |       1 |      99 |       48 |     10 |    38 |    +0.4% |    1.412 |        0.0 |    541 | _tray_size4_1937/D1
      604 |       1 |      99 |       48 |     10 |    38 |    +0.4% |    1.412 |        0.0 |    540 | _tray_size4_1937/D1
      605 |       1 |      99 |       48 |     10 |    38 |    +0.4% |    1.412 |        0.0 |    539 | _tray_size4_1937/D1
      606 |       1 |      99 |       48 |     10 |    38 |    +0.4% |    1.412 |        0.0 |    538 | _tray_size4_1937/D1
      607 |       1 |      99 |       48 |     10 |    38 |    +0.4% |    1.412 |        0.0 |    537 | _tray_size4_1937/D1
      608 |       1 |      99 |       48 |     10 |    38 |    +0.4% |    1.412 |        0.0 |    536 | _tray_size4_1937/D1
      609 |       1 |      99 |       48 |     10 |    38 |    +0.4% |    1.412 |        0.0 |    535 | _tray_size4_1937/D1
      610 |       1 |      99 |       48 |     10 |    38 |    +0.4% |    1.412 |        0.0 |    535 | _tray_size4_1937/D1
      610 |       1 |      99 |       48 |     10 |    38 |    +0.4% |    1.412 |        0.0 |    534 | _tray_size4_1937/D1
      611 |       1 |      99 |       48 |     10 |    38 |    +0.4% |    1.412 |        0.0 |    533 | _tray_size4_1937/D1
      612 |       1 |      99 |       48 |     10 |    38 |    +0.4% |    1.412 |        0.0 |    532 | _tray_size4_1937/D1
      613 |       1 |      99 |       48 |     10 |    38 |    +0.4% |    1.412 |        0.0 |    531 | _tray_size4_1937/D1
      614 |       1 |      99 |       48 |     10 |    38 |    +0.4% |    1.412 |        0.0 |    530 | _tray_size4_1937/D1
      615 |       1 |      99 |       48 |     10 |    38 |    +0.4% |    1.412 |        0.0 |    529 | _tray_size4_1937/D1
      616 |       1 |      99 |       48 |     10 |    38 |    +0.4% |    1.412 |        0.0 |    528 | _tray_size4_1937/D1
      617 |       1 |      99 |       48 |     10 |    38 |    +0.4% |    1.412 |        0.0 |    527 | _tray_size4_1937/D1
      618 |       1 |      99 |       48 |     10 |    38 |    +0.4% |    1.412 |        0.0 |    526 | _tray_size4_1937/D1
      619 |       1 |      99 |       48 |     10 |    38 |    +0.4% |    1.412 |        0.0 |    525 | _tray_size4_1937/D1
      620 |       1 |      99 |       48 |     10 |    38 |    +0.4% |    1.412 |        0.0 |    525 | _tray_size4_1937/D1
      620 |       1 |      99 |       48 |     10 |    38 |    +0.4% |    1.412 |        0.0 |    524 | _tray_size4_1937/D1
      621 |       1 |      99 |       48 |     10 |    38 |    +0.4% |    1.412 |        0.0 |    523 | _tray_size4_1937/D1
      622 |       1 |      99 |       48 |     10 |    38 |    +0.4% |    1.412 |        0.0 |    522 | _tray_size4_1937/D1
      623 |       1 |      99 |       48 |     10 |    38 |    +0.4% |    1.412 |        0.0 |    521 | _tray_size4_1937/D1
      624 |       1 |      99 |       48 |     10 |    38 |    +0.4% |    1.412 |        0.0 |    520 | _tray_size4_1937/D1
      625 |       1 |      99 |       48 |     10 |    38 |    +0.4% |    1.412 |        0.0 |    519 | _tray_size4_1937/D1
      626 |       1 |      99 |       48 |     10 |    38 |    +0.4% |    1.412 |        0.0 |    518 | _tray_size4_1937/D1
      627 |       1 |      99 |       48 |     10 |    38 |    +0.4% |    1.412 |        0.0 |    517 | _tray_size4_1937/D1
      628 |       1 |      99 |       48 |     10 |    38 |    +0.4% |    1.412 |        0.0 |    516 | _tray_size4_1937/D1
      629 |       1 |      99 |       48 |     10 |    38 |    +0.4% |    1.412 |        0.0 |    515 | _tray_size4_1937/D1
      630 |       1 |      99 |       48 |     10 |    38 |    +0.4% |    1.412 |        0.0 |    515 | _tray_size4_1937/D1
      630 |       1 |      99 |       48 |     10 |    38 |    +0.4% |    1.412 |        0.0 |    514 | _tray_size4_1937/D1
      631 |       1 |      99 |       48 |     10 |    38 |    +0.4% |    1.412 |        0.0 |    513 | _tray_size4_1937/D1
      632 |       1 |      99 |       48 |     10 |    38 |    +0.4% |    1.412 |        0.0 |    512 | _tray_size4_1937/D1
      633 |       1 |      99 |       48 |     10 |    38 |    +0.4% |    1.412 |        0.0 |    511 | _tray_size4_1937/D1
      634 |       1 |      99 |       48 |     10 |    38 |    +0.4% |    1.412 |        0.0 |    510 | _tray_size4_1937/D1
      635 |       1 |      99 |       48 |     10 |    38 |    +0.4% |    1.412 |        0.0 |    509 | _tray_size4_1937/D1
      636 |       1 |      99 |       48 |     10 |    38 |    +0.4% |    1.412 |        0.0 |    508 | _tray_size4_1937/D1
      637 |       1 |      99 |       48 |     10 |    38 |    +0.4% |    1.412 |        0.0 |    507 | _tray_size4_1937/D1
      638 |       1 |      99 |       48 |     10 |    38 |    +0.4% |    1.412 |        0.0 |    506 | _tray_size4_1937/D1
      639 |       1 |      99 |       48 |     10 |    38 |    +0.4% |    1.412 |        0.0 |    505 | _tray_size4_1937/D1
      640 |       1 |      99 |       48 |     10 |    38 |    +0.4% |    1.412 |        0.0 |    505 | _tray_size4_1937/D1
      640 |       1 |      99 |       48 |     10 |    38 |    +0.4% |    1.412 |        0.0 |    504 | _tray_size4_1937/D1
      641 |       1 |      99 |       48 |     10 |    38 |    +0.4% |    1.412 |        0.0 |    503 | _tray_size4_1937/D1
      642 |       1 |      99 |       48 |     10 |    38 |    +0.4% |    1.412 |        0.0 |    502 | _tray_size4_1937/D1
      643 |       1 |      99 |       48 |     10 |    38 |    +0.4% |    1.412 |        0.0 |    501 | _tray_size4_1937/D1
      644 |       1 |      99 |       48 |     10 |    38 |    +0.4% |    1.412 |        0.0 |    500 | _tray_size4_1937/D1
      645 |       1 |      99 |       48 |     10 |    38 |    +0.4% |    1.412 |        0.0 |    499 | _tray_size4_1937/D1
      646 |       1 |      99 |       48 |     10 |    38 |    +0.4% |    1.412 |        0.0 |    498 | _tray_size4_1937/D1
      647 |       1 |      99 |       48 |     10 |    38 |    +0.4% |    1.412 |        0.0 |    497 | _tray_size4_1937/D1
      648 |       1 |      99 |       48 |     10 |    38 |    +0.4% |    1.412 |        0.0 |    496 | _tray_size4_1937/D1
      649 |       1 |      99 |       48 |     10 |    38 |    +0.4% |    1.412 |        0.0 |    495 | _tray_size4_1937/D1
      650 |       1 |      99 |       48 |     10 |    38 |    +0.4% |    1.412 |        0.0 |    495 | _tray_size4_1937/D1
      650 |       1 |      99 |       48 |     10 |    38 |    +0.4% |    1.412 |        0.0 |    494 | _tray_size4_1937/D1
      651 |       1 |      99 |       48 |     10 |    38 |    +0.4% |    1.412 |        0.0 |    493 | _tray_size4_1937/D1
      652 |       1 |      99 |       48 |     10 |    38 |    +0.4% |    1.412 |        0.0 |    492 | _tray_size4_1937/D1
      653 |       1 |      99 |       48 |     10 |    38 |    +0.4% |    1.412 |        0.0 |    491 | _tray_size4_1937/D1
      654 |       1 |      99 |       48 |     10 |    38 |    +0.4% |    1.412 |        0.0 |    490 | _tray_size4_1937/D1
      655 |       1 |      99 |       48 |     10 |    38 |    +0.4% |    1.412 |        0.0 |    489 | _tray_size4_1937/D1
      656 |       1 |      99 |       48 |     10 |    38 |    +0.4% |    1.412 |        0.0 |    488 | _tray_size4_1937/D1
      657 |       1 |      99 |       48 |     10 |    38 |    +0.4% |    1.412 |        0.0 |    487 | _tray_size4_1937/D1
      658 |       1 |      99 |       48 |     10 |    38 |    +0.4% |    1.412 |        0.0 |    486 | _tray_size4_1937/D1
      659 |       1 |      99 |       48 |     10 |    38 |    +0.4% |    1.412 |        0.0 |    485 | _tray_size4_1937/D1
      660 |       1 |      99 |       48 |     10 |    38 |    +0.4% |    1.412 |        0.0 |    485 | _tray_size4_1937/D1
      660 |       1 |      99 |       48 |     10 |    38 |    +0.4% |    1.412 |        0.0 |    484 | _tray_size4_1937/D1
      661 |       1 |      99 |       48 |     10 |    38 |    +0.4% |    1.412 |        0.0 |    483 | _tray_size4_1937/D1
      662 |       1 |      99 |       48 |     10 |    38 |    +0.4% |    1.412 |        0.0 |    482 | _tray_size4_1937/D1
      663 |       1 |      99 |       48 |     10 |    38 |    +0.4% |    1.412 |        0.0 |    481 | _tray_size4_1937/D1
      664 |       1 |      99 |       48 |     10 |    38 |    +0.4% |    1.412 |        0.0 |    480 | _tray_size4_1937/D1
      665 |       1 |      99 |       48 |     10 |    38 |    +0.4% |    1.412 |        0.0 |    479 | _tray_size4_1937/D1
      666 |       1 |      99 |       48 |     10 |    38 |    +0.4% |    1.412 |        0.0 |    478 | _tray_size4_1937/D1
      667 |       1 |      99 |       48 |     10 |    38 |    +0.4% |    1.412 |        0.0 |    477 | _tray_size4_1937/D1
      668 |       1 |      99 |       48 |     10 |    38 |    +0.4% |    1.412 |        0.0 |    476 | _tray_size4_1937/D1
      669 |       1 |      99 |       48 |     10 |    38 |    +0.4% |    1.412 |        0.0 |    475 | _tray_size4_1937/D1
      670 |       1 |      99 |       48 |     10 |    38 |    +0.4% |    1.412 |        0.0 |    475 | _tray_size4_1937/D1
      670 |       1 |      99 |       48 |     10 |    38 |    +0.4% |    1.412 |        0.0 |    474 | _tray_size4_1937/D1
      671 |       1 |      99 |       48 |     10 |    38 |    +0.4% |    1.412 |        0.0 |    473 | _tray_size4_1937/D1
      672 |       1 |      99 |       48 |     10 |    38 |    +0.4% |    1.412 |        0.0 |    472 | _tray_size4_1937/D1
      673 |       1 |      99 |       48 |     10 |    38 |    +0.4% |    1.412 |        0.0 |    471 | _tray_size4_1937/D1
      674 |       1 |      99 |       48 |     10 |    38 |    +0.4% |    1.412 |        0.0 |    470 | _tray_size4_1937/D1
      675 |       1 |      99 |       48 |     10 |    38 |    +0.4% |    1.412 |        0.0 |    469 | _tray_size4_1937/D1
      676 |       1 |      99 |       48 |     10 |    38 |    +0.4% |    1.412 |        0.0 |    468 | _tray_size4_1937/D1
      677 |       1 |      99 |       48 |     10 |    38 |    +0.4% |    1.412 |        0.0 |    467 | _tray_size4_1937/D1
      678 |       1 |      99 |       48 |     10 |    38 |    +0.4% |    1.412 |        0.0 |    466 | _tray_size4_1937/D1
      679 |       1 |      99 |       48 |     10 |    38 |    +0.4% |    1.412 |        0.0 |    465 | _tray_size4_1937/D1
      680 |       1 |      99 |       48 |     10 |    38 |    +0.4% |    1.412 |        0.0 |    465 | _tray_size4_1937/D1
      680 |       1 |      99 |       48 |     10 |    38 |    +0.4% |    1.412 |        0.0 |    464 | _tray_size4_1937/D1
      681 |       1 |      99 |       48 |     10 |    38 |    +0.4% |    1.412 |        0.0 |    463 | _tray_size4_1937/D1
      682 |       1 |      99 |       48 |     10 |    38 |    +0.4% |    1.412 |        0.0 |    462 | _tray_size4_1937/D1
      683 |       1 |      99 |       48 |     10 |    38 |    +0.4% |    1.412 |        0.0 |    461 | _tray_size4_1937/D1
      684 |       1 |      99 |       48 |     10 |    38 |    +0.4% |    1.412 |        0.0 |    460 | _tray_size4_1937/D1
      685 |       1 |      99 |       48 |     10 |    38 |    +0.4% |    1.412 |        0.0 |    459 | _tray_size4_1937/D1
      686 |       1 |      99 |       48 |     10 |    38 |    +0.4% |    1.412 |        0.0 |    458 | _tray_size4_1937/D1
      687 |       1 |      99 |       48 |     10 |    38 |    +0.4% |    1.412 |        0.0 |    457 | _tray_size4_1937/D1
      688 |       1 |      99 |       48 |     10 |    38 |    +0.4% |    1.412 |        0.0 |    456 | _tray_size4_1937/D1
      689 |       1 |      99 |       48 |     10 |    38 |    +0.4% |    1.412 |        0.0 |    455 | _tray_size4_1937/D1
      690 |       1 |      99 |       48 |     10 |    38 |    +0.4% |    1.412 |        0.0 |    455 | _tray_size4_1937/D1
      690 |       1 |      99 |       48 |     10 |    38 |    +0.4% |    1.412 |        0.0 |    454 | _tray_size4_1937/D1
      691 |       1 |      99 |       48 |     10 |    38 |    +0.4% |    1.412 |        0.0 |    453 | _tray_size4_1937/D1
      692 |       1 |      99 |       48 |     10 |    38 |    +0.4% |    1.412 |        0.0 |    452 | _tray_size4_1937/D1
      693 |       1 |      99 |       48 |     10 |    38 |    +0.4% |    1.412 |        0.0 |    451 | _tray_size4_1937/D1
      694 |       1 |      99 |       48 |     10 |    38 |    +0.4% |    1.412 |        0.0 |    450 | _tray_size4_1937/D1
      695 |       1 |      99 |       48 |     10 |    38 |    +0.4% |    1.412 |        0.0 |    449 | _tray_size4_1937/D1
      696 |       1 |      99 |       48 |     10 |    38 |    +0.4% |    1.412 |        0.0 |    448 | _tray_size4_1937/D1
      697 |       1 |      99 |       48 |     10 |    38 |    +0.4% |    1.412 |        0.0 |    447 | _tray_size4_1937/D1
      698 |       1 |      99 |       48 |     10 |    38 |    +0.4% |    1.412 |        0.0 |    446 | _tray_size4_1937/D1
      699 |       1 |      99 |       48 |     10 |    38 |    +0.4% |    1.412 |        0.0 |    445 | _tray_size4_1937/D1
      700 |       1 |      99 |       48 |     10 |    38 |    +0.4% |    1.412 |        0.0 |    445 | _tray_size4_1937/D1
      700 |       1 |      99 |       48 |     10 |    38 |    +0.4% |    1.412 |        0.0 |    444 | _tray_size4_1937/D1
      701 |       1 |      99 |       48 |     10 |    38 |    +0.4% |    1.412 |        0.0 |    443 | _tray_size4_1937/D1
      702 |       1 |      99 |       48 |     10 |    38 |    +0.4% |    1.412 |        0.0 |    442 | _tray_size4_1937/D1
      703 |       1 |      99 |       48 |     10 |    38 |    +0.4% |    1.412 |        0.0 |    441 | _tray_size4_1937/D1
      704 |       1 |      99 |       48 |     10 |    38 |    +0.4% |    1.412 |        0.0 |    440 | _tray_size4_1937/D1
      705 |       1 |      99 |       48 |     10 |    38 |    +0.4% |    1.412 |        0.0 |    439 | _tray_size4_1937/D1
      706 |       1 |      99 |       48 |     10 |    38 |    +0.4% |    1.412 |        0.0 |    438 | _tray_size4_1937/D1
      707 |       1 |      99 |       48 |     10 |    38 |    +0.4% |    1.412 |        0.0 |    437 | _tray_size4_1937/D1
      708 |       1 |      99 |       48 |     10 |    38 |    +0.4% |    1.412 |        0.0 |    436 | _tray_size4_1937/D1
      709 |       1 |      99 |       48 |     10 |    38 |    +0.4% |    1.412 |        0.0 |    435 | _tray_size4_1937/D1
      710 |       1 |      99 |       48 |     10 |    38 |    +0.4% |    1.412 |        0.0 |    435 | _tray_size4_1937/D1
      710 |       1 |      99 |       48 |     10 |    38 |    +0.4% |    1.412 |        0.0 |    434 | _tray_size4_1937/D1
      711 |       1 |      99 |       48 |     10 |    38 |    +0.4% |    1.412 |        0.0 |    433 | _tray_size4_1937/D1
      712 |       1 |      99 |       48 |     10 |    38 |    +0.4% |    1.412 |        0.0 |    432 | _tray_size4_1937/D1
      713 |       1 |      99 |       48 |     10 |    38 |    +0.4% |    1.412 |        0.0 |    431 | _tray_size4_1937/D1
      714 |       1 |      99 |       48 |     10 |    38 |    +0.4% |    1.412 |        0.0 |    430 | _tray_size4_1937/D1
      715 |       1 |      99 |       48 |     10 |    38 |    +0.4% |    1.412 |        0.0 |    429 | _tray_size4_1937/D1
      716 |       1 |      99 |       48 |     10 |    38 |    +0.4% |    1.412 |        0.0 |    428 | _tray_size4_1937/D1
      717 |       1 |      99 |       48 |     10 |    38 |    +0.4% |    1.412 |        0.0 |    427 | _tray_size4_1937/D1
      718 |       1 |      99 |       48 |     10 |    38 |    +0.4% |    1.412 |        0.0 |    426 | _tray_size4_1937/D1
      719 |       1 |      99 |       48 |     10 |    38 |    +0.4% |    1.412 |        0.0 |    425 | _tray_size4_1937/D1
      720 |       1 |      99 |       48 |     10 |    38 |    +0.4% |    1.412 |        0.0 |    425 | _tray_size4_1937/D1
      720 |       1 |      99 |       48 |     10 |    38 |    +0.4% |    1.412 |        0.0 |    424 | _tray_size4_1937/D1
      721 |       1 |      99 |       48 |     10 |    38 |    +0.4% |    1.412 |        0.0 |    423 | _tray_size4_1937/D1
      722 |       1 |      99 |       48 |     10 |    38 |    +0.4% |    1.412 |        0.0 |    422 | _tray_size4_1937/D1
      723 |       1 |      99 |       48 |     10 |    38 |    +0.4% |    1.412 |        0.0 |    421 | _tray_size4_1937/D1
      724 |       1 |      99 |       48 |     10 |    38 |    +0.4% |    1.412 |        0.0 |    420 | _tray_size4_1937/D1
      725 |       1 |      99 |       48 |     10 |    38 |    +0.4% |    1.412 |        0.0 |    419 | _tray_size4_1937/D1
      726 |       1 |      99 |       48 |     10 |    38 |    +0.4% |    1.412 |        0.0 |    418 | _tray_size4_1937/D1
      727 |       1 |      99 |       48 |     10 |    38 |    +0.4% |    1.412 |        0.0 |    417 | _tray_size4_1937/D1
      728 |       1 |      99 |       48 |     10 |    38 |    +0.4% |    1.412 |        0.0 |    416 | _tray_size4_1937/D1
      729 |       1 |      99 |       48 |     10 |    38 |    +0.4% |    1.412 |        0.0 |    415 | _tray_size4_1937/D1
      730 |       1 |      99 |       48 |     10 |    38 |    +0.4% |    1.412 |        0.0 |    415 | _tray_size4_1937/D1
      730 |       1 |      99 |       48 |     10 |    38 |    +0.4% |    1.412 |        0.0 |    414 | _tray_size4_1937/D1
      731 |       1 |      99 |       48 |     10 |    38 |    +0.4% |    1.412 |        0.0 |    413 | _tray_size4_1937/D1
      732 |       1 |      99 |       48 |     10 |    38 |    +0.4% |    1.412 |        0.0 |    412 | _tray_size4_1937/D1
      733 |       1 |      99 |       48 |     10 |    38 |    +0.4% |    1.412 |        0.0 |    411 | _tray_size4_1937/D1
      734 |       1 |      99 |       48 |     10 |    38 |    +0.4% |    1.412 |        0.0 |    410 | _tray_size4_1937/D1
      735 |       1 |      99 |       48 |     10 |    38 |    +0.4% |    1.412 |        0.0 |    409 | _tray_size4_1937/D1
      736 |       1 |      99 |       48 |     10 |    38 |    +0.4% |    1.412 |        0.0 |    408 | _tray_size4_1937/D1
      737 |       1 |      99 |       48 |     10 |    38 |    +0.4% |    1.412 |        0.0 |    407 | _tray_size4_1937/D1
      738 |       1 |      99 |       48 |     10 |    38 |    +0.4% |    1.412 |        0.0 |    406 | _tray_size4_1937/D1
      739 |       1 |      99 |       48 |     10 |    38 |    +0.4% |    1.412 |        0.0 |    405 | _tray_size4_1937/D1
      740 |       1 |      99 |       48 |     10 |    38 |    +0.4% |    1.412 |        0.0 |    405 | _tray_size4_1937/D1
      740 |       1 |      99 |       48 |     10 |    38 |    +0.4% |    1.412 |        0.0 |    404 | _tray_size4_1937/D1
      741 |       1 |      99 |       48 |     10 |    38 |    +0.4% |    1.412 |        0.0 |    403 | _tray_size4_1937/D1
      742 |       1 |      99 |       48 |     10 |    38 |    +0.4% |    1.412 |        0.0 |    402 | _tray_size4_1937/D1
      743 |       1 |      99 |       48 |     10 |    38 |    +0.4% |    1.412 |        0.0 |    401 | _tray_size4_1937/D1
      744 |       1 |      99 |       48 |     10 |    38 |    +0.4% |    1.412 |        0.0 |    400 | _tray_size4_1937/D1
      745 |       1 |      99 |       48 |     10 |    38 |    +0.4% |    1.412 |        0.0 |    399 | _tray_size4_1937/D1
      746 |       1 |      99 |       48 |     10 |    38 |    +0.4% |    1.412 |        0.0 |    398 | _tray_size4_1937/D1
      747 |       1 |      99 |       48 |     10 |    38 |    +0.4% |    1.412 |        0.0 |    397 | _tray_size4_1937/D1
      748 |       1 |      99 |       48 |     10 |    38 |    +0.4% |    1.412 |        0.0 |    396 | _tray_size4_1937/D1
      749 |       1 |      99 |       48 |     10 |    38 |    +0.4% |    1.412 |        0.0 |    395 | _tray_size4_1937/D1
      750 |       1 |      99 |       48 |     10 |    38 |    +0.4% |    1.412 |        0.0 |    395 | _tray_size4_1937/D1
      750 |       1 |      99 |       48 |     10 |    38 |    +0.4% |    1.412 |        0.0 |    394 | _tray_size4_1937/D1
      751 |       1 |      99 |       48 |     10 |    38 |    +0.4% |    1.412 |        0.0 |    393 | _tray_size4_1937/D1
      752 |       1 |      99 |       48 |     10 |    38 |    +0.4% |    1.412 |        0.0 |    392 | _tray_size4_1937/D1
      753 |       1 |      99 |       48 |     10 |    38 |    +0.4% |    1.412 |        0.0 |    391 | _tray_size4_1937/D1
      754 |       1 |      99 |       48 |     10 |    38 |    +0.4% |    1.412 |        0.0 |    390 | _tray_size4_1937/D1
      755 |       1 |      99 |       48 |     10 |    38 |    +0.4% |    1.412 |        0.0 |    389 | _tray_size4_1937/D1
      756 |       1 |      99 |       48 |     10 |    38 |    +0.4% |    1.412 |        0.0 |    388 | _tray_size4_1937/D1
      757 |       1 |      99 |       48 |     10 |    38 |    +0.4% |    1.412 |        0.0 |    387 | _tray_size4_1937/D1
      758 |       1 |      99 |       48 |     10 |    38 |    +0.4% |    1.412 |        0.0 |    386 | _tray_size4_1937/D1
      759 |       1 |      99 |       48 |     10 |    38 |    +0.4% |    1.412 |        0.0 |    385 | _tray_size4_1937/D1
      760 |       1 |      99 |       48 |     10 |    38 |    +0.4% |    1.412 |        0.0 |    385 | _tray_size4_1937/D1
      760 |       1 |      99 |       48 |     10 |    38 |    +0.4% |    1.412 |        0.0 |    384 | _tray_size4_1937/D1
      761 |       1 |      99 |       48 |     10 |    38 |    +0.4% |    1.412 |        0.0 |    383 | _tray_size4_1937/D1
      762 |       1 |      99 |       48 |     10 |    38 |    +0.4% |    1.412 |        0.0 |    382 | _tray_size4_1937/D1
      763 |       1 |      99 |       48 |     10 |    38 |    +0.4% |    1.412 |        0.0 |    381 | _tray_size4_1937/D1
      764 |       1 |      99 |       48 |     10 |    38 |    +0.4% |    1.412 |        0.0 |    380 | _tray_size4_1937/D1
      765 |       1 |      99 |       48 |     10 |    38 |    +0.4% |    1.412 |        0.0 |    379 | _tray_size4_1937/D1
      766 |       1 |      99 |       48 |     10 |    38 |    +0.4% |    1.412 |        0.0 |    378 | _tray_size4_1937/D1
      767 |       1 |      99 |       48 |     10 |    38 |    +0.4% |    1.412 |        0.0 |    377 | _tray_size4_1937/D1
      768 |       1 |      99 |       48 |     10 |    38 |    +0.4% |    1.412 |        0.0 |    376 | _tray_size4_1937/D1
      769 |       1 |      99 |       48 |     10 |    38 |    +0.4% |    1.412 |        0.0 |    375 | _tray_size4_1937/D1
      770 |       1 |      99 |       48 |     10 |    38 |    +0.4% |    1.412 |        0.0 |    375 | _tray_size4_1937/D1
      770 |       1 |      99 |       48 |     10 |    38 |    +0.4% |    1.412 |        0.0 |    374 | _tray_size4_1937/D1
      771 |       1 |      99 |       48 |     10 |    38 |    +0.4% |    1.412 |        0.0 |    373 | _tray_size4_1937/D1
      772 |       1 |      99 |       48 |     10 |    38 |    +0.4% |    1.412 |        0.0 |    372 | _tray_size4_1937/D1
      773 |       1 |      99 |       48 |     10 |    38 |    +0.4% |    1.412 |        0.0 |    371 | _tray_size4_1937/D1
      774 |       1 |      99 |       48 |     10 |    38 |    +0.4% |    1.412 |        0.0 |    370 | _tray_size4_1937/D1
      775 |       1 |      99 |       48 |     10 |    38 |    +0.4% |    1.412 |        0.0 |    369 | _tray_size4_1937/D1
      776 |       1 |      99 |       48 |     10 |    38 |    +0.4% |    1.412 |        0.0 |    368 | _tray_size4_1937/D1
      777 |       1 |      99 |       48 |     10 |    38 |    +0.4% |    1.412 |        0.0 |    367 | _tray_size4_1937/D1
      778 |       1 |      99 |       48 |     10 |    38 |    +0.4% |    1.412 |        0.0 |    366 | _tray_size4_1937/D1
      779 |       1 |      99 |       48 |     10 |    38 |    +0.4% |    1.412 |        0.0 |    365 | _tray_size4_1937/D1
      780 |       1 |      99 |       48 |     10 |    38 |    +0.4% |    1.412 |        0.0 |    365 | _tray_size4_1937/D1
      780 |       1 |      99 |       48 |     10 |    38 |    +0.4% |    1.412 |        0.0 |    364 | _tray_size4_1937/D1
      781 |       1 |      99 |       48 |     10 |    38 |    +0.4% |    1.412 |        0.0 |    363 | _tray_size4_1937/D1
      782 |       1 |      99 |       48 |     10 |    38 |    +0.4% |    1.412 |        0.0 |    362 | _tray_size4_1937/D1
      783 |       1 |      99 |       48 |     10 |    38 |    +0.4% |    1.412 |        0.0 |    361 | _tray_size4_1937/D1
      784 |       1 |      99 |       48 |     10 |    38 |    +0.4% |    1.412 |        0.0 |    360 | _tray_size4_1937/D1
      785 |       1 |      99 |       48 |     10 |    38 |    +0.4% |    1.412 |        0.0 |    359 | _tray_size4_1937/D1
      786 |       1 |      99 |       48 |     10 |    38 |    +0.4% |    1.412 |        0.0 |    358 | _tray_size4_1937/D1
      787 |       1 |      99 |       48 |     10 |    38 |    +0.4% |    1.412 |        0.0 |    357 | _tray_size4_1937/D1
      788 |       1 |      99 |       48 |     10 |    38 |    +0.4% |    1.412 |        0.0 |    356 | _tray_size4_1937/D1
      789 |       1 |      99 |       48 |     10 |    38 |    +0.4% |    1.412 |        0.0 |    355 | _tray_size4_1937/D1
      790 |       1 |      99 |       48 |     10 |    38 |    +0.4% |    1.412 |        0.0 |    355 | _tray_size4_1937/D1
      790 |       1 |      99 |       48 |     10 |    38 |    +0.4% |    1.412 |        0.0 |    354 | _tray_size4_1937/D1
      791 |       1 |      99 |       48 |     10 |    38 |    +0.4% |    1.412 |        0.0 |    353 | _tray_size4_1937/D1
      792 |       1 |      99 |       48 |     10 |    38 |    +0.4% |    1.412 |        0.0 |    352 | _tray_size4_1937/D1
      793 |       1 |      99 |       48 |     10 |    38 |    +0.4% |    1.412 |        0.0 |    351 | _tray_size4_1937/D1
      794 |       1 |      99 |       48 |     10 |    38 |    +0.4% |    1.412 |        0.0 |    350 | _tray_size4_1937/D1
      795 |       1 |      99 |       48 |     10 |    38 |    +0.4% |    1.412 |        0.0 |    349 | _tray_size4_1937/D1
      796 |       1 |      99 |       48 |     10 |    38 |    +0.4% |    1.412 |        0.0 |    348 | _tray_size4_1937/D1
      797 |       1 |      99 |       48 |     10 |    38 |    +0.4% |    1.412 |        0.0 |    347 | _tray_size4_1937/D1
      798 |       1 |      99 |       48 |     10 |    38 |    +0.4% |    1.412 |        0.0 |    346 | _tray_size4_1937/D1
      799 |       1 |      99 |       48 |     10 |    38 |    +0.4% |    1.412 |        0.0 |    345 | _tray_size4_1937/D1
      800 |       1 |      99 |       48 |     10 |    38 |    +0.4% |    1.412 |        0.0 |    345 | _tray_size4_1937/D1
      800 |       1 |      99 |       48 |     10 |    38 |    +0.4% |    1.412 |        0.0 |    344 | _tray_size4_1937/D1
      801 |       1 |      99 |       48 |     10 |    38 |    +0.4% |    1.412 |        0.0 |    343 | _tray_size4_1937/D1
      802 |       1 |      99 |       48 |     10 |    38 |    +0.4% |    1.412 |        0.0 |    342 | _tray_size4_1937/D1
      803 |       1 |      99 |       48 |     10 |    38 |    +0.4% |    1.412 |        0.0 |    341 | _tray_size4_1937/D1
      804 |       1 |      99 |       48 |     10 |    38 |    +0.4% |    1.412 |        0.0 |    340 | _tray_size4_1937/D1
      805 |       1 |      99 |       48 |     10 |    38 |    +0.4% |    1.412 |        0.0 |    339 | _tray_size4_1937/D1
      806 |       1 |      99 |       48 |     10 |    38 |    +0.4% |    1.412 |        0.0 |    338 | _tray_size4_1937/D1
      807 |       1 |      99 |       48 |     10 |    38 |    +0.4% |    1.412 |        0.0 |    337 | _tray_size4_1937/D1
      808 |       1 |      99 |       48 |     10 |    38 |    +0.4% |    1.412 |        0.0 |    336 | _tray_size4_1937/D1
      809 |       1 |      99 |       48 |     10 |    38 |    +0.4% |    1.412 |        0.0 |    335 | _tray_size4_1937/D1
      810 |       1 |      99 |       48 |     10 |    38 |    +0.4% |    1.412 |        0.0 |    335 | _tray_size4_1937/D1
      810 |       1 |      99 |       48 |     10 |    38 |    +0.4% |    1.412 |        0.0 |    334 | _tray_size4_1937/D1
      811 |       1 |      99 |       48 |     10 |    38 |    +0.4% |    1.412 |        0.0 |    333 | _tray_size4_1937/D1
      812 |       1 |      99 |       48 |     10 |    38 |    +0.4% |    1.412 |        0.0 |    332 | _tray_size4_1937/D1
      813 |       1 |      99 |       48 |     10 |    38 |    +0.4% |    1.412 |        0.0 |    331 | _tray_size4_1937/D1
      814 |       1 |      99 |       48 |     10 |    38 |    +0.4% |    1.412 |        0.0 |    330 | _tray_size4_1937/D1
      815 |       1 |      99 |       48 |     10 |    38 |    +0.4% |    1.412 |        0.0 |    329 | _tray_size4_1937/D1
      816 |       1 |      99 |       48 |     10 |    38 |    +0.4% |    1.412 |        0.0 |    328 | _tray_size4_1937/D1
      817 |       1 |      99 |       48 |     10 |    38 |    +0.4% |    1.412 |        0.0 |    327 | _tray_size4_1937/D1
      818 |       1 |      99 |       48 |     10 |    38 |    +0.4% |    1.412 |        0.0 |    326 | _tray_size4_1937/D1
      819 |       1 |      99 |       48 |     10 |    38 |    +0.4% |    1.412 |        0.0 |    325 | _tray_size4_1937/D1
      820 |       1 |      99 |       48 |     10 |    38 |    +0.4% |    1.412 |        0.0 |    325 | _tray_size4_1937/D1
      820 |       1 |      99 |       48 |     10 |    38 |    +0.4% |    1.412 |        0.0 |    324 | _tray_size4_1937/D1
      821 |       1 |      99 |       48 |     10 |    38 |    +0.4% |    1.412 |        0.0 |    323 | _tray_size4_1937/D1
      822 |       1 |      99 |       48 |     10 |    38 |    +0.4% |    1.412 |        0.0 |    322 | _tray_size4_1937/D1
      823 |       1 |      99 |       48 |     10 |    38 |    +0.4% |    1.412 |        0.0 |    321 | _tray_size4_1937/D1
      824 |       1 |      99 |       48 |     10 |    38 |    +0.4% |    1.412 |        0.0 |    320 | _tray_size4_1937/D1
      825 |       1 |      99 |       48 |     10 |    38 |    +0.4% |    1.412 |        0.0 |    319 | _tray_size4_1937/D1
      826 |       1 |      99 |       48 |     10 |    38 |    +0.4% |    1.412 |        0.0 |    318 | _tray_size4_1937/D1
      827 |       1 |      99 |       48 |     10 |    38 |    +0.4% |    1.412 |        0.0 |    317 | _tray_size4_1937/D1
      828 |       1 |      99 |       48 |     10 |    38 |    +0.4% |    1.412 |        0.0 |    316 | _tray_size4_1937/D1
      829 |       1 |      99 |       48 |     10 |    38 |    +0.4% |    1.412 |        0.0 |    315 | _tray_size4_1937/D1
      830 |       1 |      99 |       48 |     10 |    38 |    +0.4% |    1.412 |        0.0 |    315 | _tray_size4_1937/D1
      830 |       1 |      99 |       48 |     10 |    38 |    +0.4% |    1.412 |        0.0 |    314 | _tray_size4_1937/D1
      831 |       1 |      99 |       48 |     10 |    38 |    +0.4% |    1.412 |        0.0 |    313 | _tray_size4_1937/D1
      832 |       1 |      99 |       48 |     10 |    38 |    +0.4% |    1.412 |        0.0 |    312 | _tray_size4_1937/D1
      833 |       1 |      99 |       48 |     10 |    38 |    +0.4% |    1.412 |        0.0 |    311 | _tray_size4_1937/D1
      834 |       1 |      99 |       48 |     10 |    38 |    +0.4% |    1.412 |        0.0 |    310 | _tray_size4_1937/D1
      835 |       1 |      99 |       48 |     10 |    38 |    +0.4% |    1.412 |        0.0 |    309 | _tray_size4_1937/D1
      836 |       1 |      99 |       48 |     10 |    38 |    +0.4% |    1.412 |        0.0 |    308 | _tray_size4_1937/D1
      837 |       1 |      99 |       48 |     10 |    38 |    +0.4% |    1.412 |        0.0 |    307 | _tray_size4_1937/D1
      838 |       1 |      99 |       48 |     10 |    38 |    +0.4% |    1.412 |        0.0 |    306 | _tray_size4_1937/D1
      839 |       1 |      99 |       48 |     10 |    38 |    +0.4% |    1.412 |        0.0 |    305 | _tray_size4_1937/D1
      840 |       1 |      99 |       48 |     10 |    38 |    +0.4% |    1.412 |        0.0 |    305 | _tray_size4_1937/D1
      840 |       1 |      99 |       48 |     10 |    38 |    +0.4% |    1.412 |        0.0 |    304 | _tray_size4_1937/D1
      841 |       1 |      99 |       48 |     10 |    38 |    +0.4% |    1.412 |        0.0 |    303 | _tray_size4_1937/D1
      842 |       1 |      99 |       48 |     10 |    38 |    +0.4% |    1.412 |        0.0 |    302 | _tray_size4_1937/D1
      843 |       1 |      99 |       48 |     10 |    38 |    +0.4% |    1.412 |        0.0 |    301 | _tray_size4_1937/D1
      844 |       1 |      99 |       48 |     10 |    38 |    +0.4% |    1.412 |        0.0 |    300 | _tray_size4_1937/D1
      845 |       1 |      99 |       48 |     10 |    38 |    +0.4% |    1.412 |        0.0 |    299 | _tray_size4_1937/D1
      846 |       1 |      99 |       48 |     10 |    38 |    +0.4% |    1.412 |        0.0 |    298 | _tray_size4_1937/D1
      847 |       1 |      99 |       48 |     10 |    38 |    +0.4% |    1.412 |        0.0 |    297 | _tray_size4_1937/D1
      848 |       1 |      99 |       48 |     10 |    38 |    +0.4% |    1.412 |        0.0 |    296 | _tray_size4_1937/D1
      849 |       1 |      99 |       48 |     10 |    38 |    +0.4% |    1.412 |        0.0 |    295 | _tray_size4_1937/D1
      850 |       1 |      99 |       48 |     10 |    38 |    +0.4% |    1.412 |        0.0 |    295 | _tray_size4_1937/D1
      850 |       1 |      99 |       48 |     10 |    38 |    +0.4% |    1.412 |        0.0 |    294 | _tray_size4_1937/D1
      851 |       1 |      99 |       48 |     10 |    38 |    +0.4% |    1.412 |        0.0 |    293 | _tray_size4_1937/D1
      852 |       1 |      99 |       48 |     10 |    38 |    +0.4% |    1.412 |        0.0 |    292 | _tray_size4_1937/D1
      853 |       1 |      99 |       48 |     10 |    38 |    +0.4% |    1.412 |        0.0 |    291 | _tray_size4_1937/D1
      854 |       1 |      99 |       48 |     10 |    38 |    +0.4% |    1.412 |        0.0 |    290 | _tray_size4_1937/D1
      855 |       1 |      99 |       48 |     10 |    38 |    +0.4% |    1.412 |        0.0 |    289 | _tray_size4_1937/D1
      856 |       1 |      99 |       48 |     10 |    38 |    +0.4% |    1.412 |        0.0 |    288 | _tray_size4_1937/D1
      857 |       1 |      99 |       48 |     10 |    38 |    +0.4% |    1.412 |        0.0 |    287 | _tray_size4_1937/D1
      858 |       1 |      99 |       48 |     10 |    38 |    +0.4% |    1.412 |        0.0 |    286 | _tray_size4_1937/D1
      859 |       1 |      99 |       48 |     10 |    38 |    +0.4% |    1.412 |        0.0 |    285 | _tray_size4_1937/D1
      860 |       1 |      99 |       48 |     10 |    38 |    +0.4% |    1.412 |        0.0 |    285 | _tray_size4_1937/D1
      860 |       1 |      99 |       48 |     10 |    38 |    +0.4% |    1.412 |        0.0 |    284 | _tray_size4_1937/D1
      861 |       1 |      99 |       48 |     10 |    38 |    +0.4% |    1.412 |        0.0 |    283 | _tray_size4_1937/D1
      862 |       1 |      99 |       48 |     10 |    38 |    +0.4% |    1.412 |        0.0 |    282 | _tray_size4_1937/D1
      863 |       1 |      99 |       48 |     10 |    38 |    +0.4% |    1.412 |        0.0 |    281 | _tray_size4_1937/D1
      864 |       1 |      99 |       48 |     10 |    38 |    +0.4% |    1.412 |        0.0 |    280 | _tray_size4_1937/D1
      865 |       1 |      99 |       48 |     10 |    38 |    +0.4% |    1.412 |        0.0 |    279 | _tray_size4_1937/D1
      866 |       1 |      99 |       48 |     10 |    38 |    +0.4% |    1.412 |        0.0 |    278 | _tray_size4_1937/D1
      867 |       1 |      99 |       48 |     10 |    38 |    +0.4% |    1.412 |        0.0 |    277 | _tray_size4_1937/D1
      868 |       1 |      99 |       48 |     10 |    38 |    +0.4% |    1.412 |        0.0 |    276 | _tray_size4_1937/D1
      869 |       1 |      99 |       48 |     10 |    38 |    +0.4% |    1.412 |        0.0 |    275 | _tray_size4_1937/D1
      870 |       1 |      99 |       48 |     10 |    38 |    +0.4% |    1.412 |        0.0 |    275 | _tray_size4_1937/D1
      870 |       1 |      99 |       48 |     10 |    38 |    +0.4% |    1.412 |        0.0 |    274 | _tray_size4_1937/D1
      871 |       1 |      99 |       48 |     10 |    38 |    +0.4% |    1.412 |        0.0 |    273 | _tray_size4_1937/D1
      872 |       1 |      99 |       48 |     10 |    38 |    +0.4% |    1.412 |        0.0 |    272 | _tray_size4_1937/D1
      873 |       1 |      99 |       48 |     10 |    38 |    +0.4% |    1.412 |        0.0 |    271 | _tray_size4_1937/D1
      874 |       1 |      99 |       48 |     10 |    38 |    +0.4% |    1.412 |        0.0 |    270 | _tray_size4_1937/D1
      875 |       1 |      99 |       48 |     10 |    38 |    +0.4% |    1.412 |        0.0 |    269 | _tray_size4_1937/D1
      876 |       1 |      99 |       48 |     10 |    38 |    +0.4% |    1.412 |        0.0 |    268 | _tray_size4_1937/D1
      877 |       1 |      99 |       48 |     10 |    38 |    +0.4% |    1.412 |        0.0 |    267 | _tray_size4_1937/D1
      878 |       1 |      99 |       48 |     10 |    38 |    +0.4% |    1.412 |        0.0 |    266 | _tray_size4_1937/D1
      879 |       1 |      99 |       48 |     10 |    38 |    +0.4% |    1.412 |        0.0 |    265 | _tray_size4_1937/D1
      880 |       1 |      99 |       48 |     10 |    38 |    +0.4% |    1.412 |        0.0 |    265 | _tray_size4_1937/D1
      880 |       1 |      99 |       48 |     10 |    38 |    +0.4% |    1.412 |        0.0 |    264 | _tray_size4_1937/D1
      881 |       1 |      99 |       48 |     10 |    38 |    +0.4% |    1.412 |        0.0 |    263 | _tray_size4_1937/D1
      882 |       1 |      99 |       48 |     10 |    38 |    +0.4% |    1.412 |        0.0 |    262 | _tray_size4_1937/D1
      883 |       1 |      99 |       48 |     10 |    38 |    +0.4% |    1.412 |        0.0 |    261 | _tray_size4_1937/D1
      884 |       1 |      99 |       48 |     10 |    38 |    +0.4% |    1.412 |        0.0 |    260 | _tray_size4_1937/D1
      885 |       1 |      99 |       48 |     10 |    38 |    +0.4% |    1.412 |        0.0 |    259 | _tray_size4_1937/D1
      886 |       1 |      99 |       48 |     10 |    38 |    +0.4% |    1.412 |        0.0 |    258 | _tray_size4_1937/D1
      887 |       1 |      99 |       48 |     10 |    38 |    +0.4% |    1.412 |        0.0 |    257 | _tray_size4_1937/D1
      888 |       1 |      99 |       48 |     10 |    38 |    +0.4% |    1.412 |        0.0 |    256 | _tray_size4_1937/D1
      889 |       1 |      99 |       48 |     10 |    38 |    +0.4% |    1.412 |        0.0 |    255 | _tray_size4_1937/D1
      890 |       1 |      99 |       48 |     10 |    38 |    +0.4% |    1.412 |        0.0 |    255 | _tray_size4_1937/D1
      890 |       1 |      99 |       48 |     10 |    38 |    +0.4% |    1.412 |        0.0 |    254 | _tray_size4_1937/D1
      891 |       1 |      99 |       48 |     10 |    38 |    +0.4% |    1.412 |        0.0 |    253 | _tray_size4_1937/D1
      892 |       1 |      99 |       48 |     10 |    38 |    +0.4% |    1.412 |        0.0 |    252 | _tray_size4_1937/D1
      893 |       1 |      99 |       48 |     10 |    38 |    +0.4% |    1.412 |        0.0 |    251 | _tray_size4_1937/D1
      894 |       1 |      99 |       48 |     10 |    38 |    +0.4% |    1.412 |        0.0 |    250 | _tray_size4_1937/D1
      895 |       1 |      99 |       48 |     10 |    38 |    +0.4% |    1.412 |        0.0 |    249 | _tray_size4_1937/D1
      896 |       1 |      99 |       48 |     10 |    38 |    +0.4% |    1.412 |        0.0 |    248 | _tray_size4_1937/D1
      897 |       1 |      99 |       48 |     10 |    38 |    +0.4% |    1.412 |        0.0 |    247 | _tray_size4_1937/D1
      898 |       1 |      99 |       48 |     10 |    38 |    +0.4% |    1.412 |        0.0 |    246 | _tray_size4_1937/D1
      899 |       1 |      99 |       48 |     10 |    38 |    +0.4% |    1.412 |        0.0 |    245 | _tray_size4_1937/D1
      900 |       1 |      99 |       48 |     10 |    38 |    +0.4% |    1.412 |        0.0 |    245 | _tray_size4_1937/D1
      900 |       1 |      99 |       48 |     10 |    38 |    +0.4% |    1.412 |        0.0 |    244 | _tray_size4_1937/D1
      901 |       1 |      99 |       48 |     10 |    38 |    +0.4% |    1.412 |        0.0 |    243 | _tray_size4_1937/D1
      902 |       1 |      99 |       48 |     10 |    38 |    +0.4% |    1.412 |        0.0 |    242 | _tray_size4_1937/D1
      903 |       1 |      99 |       48 |     10 |    38 |    +0.4% |    1.412 |        0.0 |    241 | _tray_size4_1937/D1
      904 |       1 |      99 |       48 |     10 |    38 |    +0.4% |    1.412 |        0.0 |    240 | _tray_size4_1937/D1
      905 |       1 |      99 |       48 |     10 |    38 |    +0.4% |    1.412 |        0.0 |    239 | _tray_size4_1937/D1
      906 |       1 |      99 |       48 |     10 |    38 |    +0.4% |    1.412 |        0.0 |    238 | _tray_size4_1937/D1
      907 |       1 |      99 |       48 |     10 |    38 |    +0.4% |    1.412 |        0.0 |    237 | _tray_size4_1937/D1
      908 |       1 |      99 |       48 |     10 |    38 |    +0.4% |    1.412 |        0.0 |    236 | _tray_size4_1937/D1
      909 |       1 |      99 |       48 |     10 |    38 |    +0.4% |    1.412 |        0.0 |    235 | _tray_size4_1937/D1
      910 |       1 |      99 |       48 |     10 |    38 |    +0.4% |    1.412 |        0.0 |    235 | _tray_size4_1937/D1
      910 |       1 |      99 |       48 |     10 |    38 |    +0.4% |    1.412 |        0.0 |    234 | _tray_size4_1937/D1
      911 |       1 |      99 |       48 |     10 |    38 |    +0.4% |    1.412 |        0.0 |    233 | _tray_size4_1937/D1
      912 |       1 |      99 |       48 |     10 |    38 |    +0.4% |    1.412 |        0.0 |    232 | _tray_size4_1937/D1
      913 |       1 |      99 |       48 |     10 |    38 |    +0.4% |    1.412 |        0.0 |    231 | _tray_size4_1937/D1
      914 |       1 |      99 |       48 |     10 |    38 |    +0.4% |    1.412 |        0.0 |    230 | _tray_size4_1937/D1
      915 |       1 |      99 |       48 |     10 |    38 |    +0.4% |    1.412 |        0.0 |    229 | _tray_size4_1937/D1
      916 |       1 |      99 |       48 |     10 |    38 |    +0.4% |    1.412 |        0.0 |    228 | _tray_size4_1937/D1
      917 |       1 |      99 |       48 |     10 |    38 |    +0.4% |    1.412 |        0.0 |    227 | _tray_size4_1937/D1
      918 |       1 |      99 |       48 |     10 |    38 |    +0.4% |    1.412 |        0.0 |    226 | _tray_size4_1937/D1
      919 |       1 |      99 |       48 |     10 |    38 |    +0.4% |    1.412 |        0.0 |    225 | _tray_size4_1937/D1
      920 |       1 |      99 |       48 |     10 |    38 |    +0.4% |    1.412 |        0.0 |    225 | _tray_size4_1937/D1
      920 |       1 |      99 |       48 |     10 |    38 |    +0.4% |    1.412 |        0.0 |    224 | _tray_size4_1937/D1
      921 |       1 |      99 |       48 |     10 |    38 |    +0.4% |    1.412 |        0.0 |    223 | _tray_size4_1937/D1
      922 |       1 |      99 |       48 |     10 |    38 |    +0.4% |    1.412 |        0.0 |    222 | _tray_size4_1937/D1
      923 |       1 |      99 |       48 |     10 |    38 |    +0.4% |    1.412 |        0.0 |    221 | _tray_size4_1937/D1
      924 |       1 |      99 |       48 |     10 |    38 |    +0.4% |    1.412 |        0.0 |    220 | _tray_size4_1937/D1
      925 |       1 |      99 |       48 |     10 |    38 |    +0.4% |    1.412 |        0.0 |    219 | _tray_size4_1937/D1
      926 |       1 |      99 |       48 |     10 |    38 |    +0.4% |    1.412 |        0.0 |    218 | _tray_size4_1937/D1
      927 |       1 |      99 |       48 |     10 |    38 |    +0.4% |    1.412 |        0.0 |    217 | _tray_size4_1937/D1
      928 |       1 |      99 |       48 |     10 |    38 |    +0.4% |    1.412 |        0.0 |    216 | _tray_size4_1937/D1
      929 |       1 |      99 |       48 |     10 |    38 |    +0.4% |    1.412 |        0.0 |    215 | _tray_size4_1937/D1
      930 |       1 |      99 |       48 |     10 |    38 |    +0.4% |    1.412 |        0.0 |    215 | _tray_size4_1937/D1
      930 |       1 |      99 |       48 |     10 |    38 |    +0.4% |    1.412 |        0.0 |    214 | _tray_size4_1937/D1
      931 |       1 |      99 |       48 |     10 |    38 |    +0.4% |    1.412 |        0.0 |    213 | _tray_size4_1937/D1
      932 |       1 |      99 |       48 |     10 |    38 |    +0.4% |    1.412 |        0.0 |    212 | _tray_size4_1937/D1
      933 |       1 |      99 |       48 |     10 |    38 |    +0.4% |    1.412 |        0.0 |    211 | _tray_size4_1937/D1
      934 |       1 |      99 |       48 |     10 |    38 |    +0.4% |    1.412 |        0.0 |    210 | _tray_size4_1937/D1
      935 |       1 |      99 |       48 |     10 |    38 |    +0.4% |    1.412 |        0.0 |    209 | _tray_size4_1937/D1
      936 |       1 |      99 |       48 |     10 |    38 |    +0.4% |    1.412 |        0.0 |    208 | _tray_size4_1937/D1
      937 |       1 |      99 |       48 |     10 |    38 |    +0.4% |    1.412 |        0.0 |    207 | _tray_size4_1937/D1
      938 |       1 |      99 |       48 |     10 |    38 |    +0.4% |    1.412 |        0.0 |    206 | _tray_size4_1937/D1
      939 |       1 |      99 |       48 |     10 |    38 |    +0.4% |    1.412 |        0.0 |    205 | _tray_size4_1937/D1
      940 |       1 |      99 |       48 |     10 |    38 |    +0.4% |    1.412 |        0.0 |    205 | _tray_size4_1937/D1
      940 |       1 |      99 |       48 |     10 |    38 |    +0.4% |    1.412 |        0.0 |    204 | _tray_size4_1937/D1
      941 |       1 |      99 |       48 |     10 |    38 |    +0.4% |    1.412 |        0.0 |    203 | _tray_size4_1937/D1
      942 |       1 |      99 |       48 |     10 |    38 |    +0.4% |    1.412 |        0.0 |    202 | _tray_size4_1937/D1
      943 |       1 |      99 |       48 |     10 |    38 |    +0.4% |    1.412 |        0.0 |    201 | _tray_size4_1937/D1
      944 |       1 |      99 |       48 |     10 |    38 |    +0.4% |    1.412 |        0.0 |    200 | _tray_size4_1937/D1
      945 |       1 |      99 |       48 |     10 |    38 |    +0.4% |    1.412 |        0.0 |    199 | _tray_size4_1937/D1
      946 |       1 |      99 |       48 |     10 |    38 |    +0.4% |    1.412 |        0.0 |    198 | _tray_size4_1937/D1
      947 |       1 |      99 |       48 |     10 |    38 |    +0.4% |    1.412 |        0.0 |    197 | _tray_size4_1937/D1
      948 |       1 |      99 |       48 |     10 |    38 |    +0.4% |    1.412 |        0.0 |    196 | _tray_size4_1937/D1
      949 |       1 |      99 |       48 |     10 |    38 |    +0.4% |    1.412 |        0.0 |    195 | _tray_size4_1937/D1
      950 |       1 |      99 |       48 |     10 |    38 |    +0.4% |    1.412 |        0.0 |    195 | _tray_size4_1937/D1
      950 |       1 |      99 |       48 |     10 |    38 |    +0.4% |    1.412 |        0.0 |    194 | _tray_size4_1937/D1
      951 |       1 |      99 |       48 |     10 |    38 |    +0.4% |    1.412 |        0.0 |    193 | _tray_size4_1937/D1
      952 |       1 |      99 |       48 |     10 |    38 |    +0.4% |    1.412 |        0.0 |    192 | _tray_size4_1937/D1
      953 |       1 |      99 |       48 |     10 |    38 |    +0.4% |    1.412 |        0.0 |    191 | _tray_size4_1937/D1
      954 |       1 |      99 |       48 |     10 |    38 |    +0.4% |    1.412 |        0.0 |    190 | _tray_size4_1937/D1
      955 |       1 |      99 |       48 |     10 |    38 |    +0.4% |    1.412 |        0.0 |    189 | _tray_size4_1937/D1
      956 |       1 |      99 |       48 |     10 |    38 |    +0.4% |    1.412 |        0.0 |    188 | _tray_size4_1937/D1
      957 |       1 |      99 |       48 |     10 |    38 |    +0.4% |    1.412 |        0.0 |    187 | _tray_size4_1937/D1
      958 |       1 |      99 |       48 |     10 |    38 |    +0.4% |    1.412 |        0.0 |    186 | _tray_size4_1937/D1
      959 |       1 |      99 |       48 |     10 |    38 |    +0.4% |    1.412 |        0.0 |    185 | _tray_size4_1937/D1
      960 |       1 |      99 |       48 |     10 |    38 |    +0.4% |    1.412 |        0.0 |    185 | _tray_size4_1937/D1
      960 |       1 |      99 |       48 |     10 |    38 |    +0.4% |    1.412 |        0.0 |    184 | _tray_size4_1937/D1
      961 |       1 |      99 |       48 |     10 |    38 |    +0.4% |    1.412 |        0.0 |    183 | _tray_size4_1937/D1
      962 |       1 |      99 |       48 |     10 |    38 |    +0.4% |    1.412 |        0.0 |    182 | _tray_size4_1937/D1
      963 |       1 |      99 |       48 |     10 |    38 |    +0.4% |    1.412 |        0.0 |    181 | _tray_size4_1937/D1
      964 |       1 |      99 |       48 |     10 |    38 |    +0.4% |    1.412 |        0.0 |    180 | _tray_size4_1937/D1
      965 |       1 |      99 |       48 |     10 |    38 |    +0.4% |    1.412 |        0.0 |    179 | _tray_size4_1937/D1
      966 |       1 |      99 |       48 |     10 |    38 |    +0.4% |    1.412 |        0.0 |    178 | _tray_size4_1937/D1
      967 |       1 |      99 |       48 |     10 |    38 |    +0.4% |    1.412 |        0.0 |    177 | _tray_size4_1937/D1
      968 |       1 |      99 |       48 |     10 |    38 |    +0.4% |    1.412 |        0.0 |    176 | _tray_size4_1937/D1
      969 |       1 |      99 |       48 |     10 |    38 |    +0.4% |    1.412 |        0.0 |    175 | _tray_size4_1937/D1
      970 |       1 |      99 |       48 |     10 |    38 |    +0.4% |    1.412 |        0.0 |    175 | _tray_size4_1937/D1
      970 |       1 |      99 |       48 |     10 |    38 |    +0.4% |    1.412 |        0.0 |    174 | _tray_size4_1937/D1
      971 |       1 |      99 |       48 |     10 |    38 |    +0.4% |    1.412 |        0.0 |    173 | _tray_size4_1937/D1
      972 |       1 |      99 |       48 |     10 |    38 |    +0.4% |    1.412 |        0.0 |    172 | _tray_size4_1937/D1
      973 |       1 |      99 |       48 |     10 |    38 |    +0.4% |    1.412 |        0.0 |    171 | _tray_size4_1937/D1
      974 |       1 |      99 |       48 |     10 |    38 |    +0.4% |    1.412 |        0.0 |    170 | _tray_size4_1937/D1
      975 |       1 |      99 |       48 |     10 |    38 |    +0.4% |    1.412 |        0.0 |    169 | _tray_size4_1937/D1
      976 |       1 |      99 |       48 |     10 |    38 |    +0.4% |    1.412 |        0.0 |    168 | _tray_size4_1937/D1
      977 |       1 |      99 |       48 |     10 |    38 |    +0.4% |    1.412 |        0.0 |    167 | _tray_size4_1937/D1
      978 |       1 |      99 |       48 |     10 |    38 |    +0.4% |    1.412 |        0.0 |    166 | _tray_size4_1937/D1
      979 |       1 |      99 |       48 |     10 |    38 |    +0.4% |    1.412 |        0.0 |    165 | _tray_size4_1937/D1
      980 |       1 |      99 |       48 |     10 |    38 |    +0.4% |    1.412 |        0.0 |    165 | _tray_size4_1937/D1
      980 |       1 |      99 |       48 |     10 |    38 |    +0.4% |    1.412 |        0.0 |    164 | _tray_size4_1937/D1
      981 |       1 |      99 |       48 |     10 |    38 |    +0.4% |    1.412 |        0.0 |    163 | _tray_size4_1937/D1
      982 |       1 |      99 |       48 |     10 |    38 |    +0.4% |    1.412 |        0.0 |    162 | _tray_size4_1937/D1
      983 |       1 |      99 |       48 |     10 |    38 |    +0.4% |    1.412 |        0.0 |    161 | _tray_size4_1937/D1
      984 |       1 |      99 |       48 |     10 |    38 |    +0.4% |    1.412 |        0.0 |    160 | _tray_size4_1937/D1
      985 |       1 |      99 |       48 |     10 |    38 |    +0.4% |    1.412 |        0.0 |    159 | _tray_size4_1937/D1
      986 |       1 |      99 |       48 |     10 |    38 |    +0.4% |    1.412 |        0.0 |    158 | _tray_size4_1937/D1
      987 |       1 |      99 |       48 |     10 |    38 |    +0.4% |    1.412 |        0.0 |    157 | _tray_size4_1937/D1
      988 |       1 |      99 |       48 |     10 |    38 |    +0.4% |    1.412 |        0.0 |    156 | _tray_size4_1937/D1
      989 |       1 |      99 |       48 |     10 |    38 |    +0.4% |    1.412 |        0.0 |    155 | _tray_size4_1937/D1
      990 |       1 |      99 |       48 |     10 |    38 |    +0.4% |    1.412 |        0.0 |    155 | _tray_size4_1937/D1
      990 |       1 |      99 |       48 |     10 |    38 |    +0.4% |    1.412 |        0.0 |    154 | _tray_size4_1937/D1
      991 |       1 |      99 |       48 |     10 |    38 |    +0.4% |    1.412 |        0.0 |    153 | _tray_size4_1937/D1
      992 |       1 |      99 |       48 |     10 |    38 |    +0.4% |    1.412 |        0.0 |    152 | _tray_size4_1937/D1
      993 |       1 |      99 |       48 |     10 |    38 |    +0.4% |    1.412 |        0.0 |    151 | _tray_size4_1937/D1
      994 |       1 |      99 |       48 |     10 |    38 |    +0.4% |    1.412 |        0.0 |    150 | _tray_size4_1937/D1
      995 |       1 |      99 |       48 |     10 |    38 |    +0.4% |    1.412 |        0.0 |    149 | _tray_size4_1937/D1
      996 |       1 |      99 |       48 |     10 |    38 |    +0.4% |    1.412 |        0.0 |    148 | _tray_size4_1937/D1
      997 |       1 |      99 |       48 |     10 |    38 |    +0.4% |    1.412 |        0.0 |    147 | _tray_size4_1937/D1
      998 |       1 |      99 |       48 |     10 |    38 |    +0.4% |    1.412 |        0.0 |    146 | _tray_size4_1937/D1
      999 |       1 |      99 |       48 |     10 |    38 |    +0.4% |    1.412 |        0.0 |    145 | _tray_size4_1937/D1
     1000 |       1 |      99 |       48 |     10 |    38 |    +0.4% |    1.412 |        0.0 |    145 | _tray_size4_1937/D1
     1000 |       1 |      99 |       48 |     10 |    38 |    +0.4% |    1.412 |        0.0 |    144 | _tray_size4_1937/D1
     1001 |       1 |      99 |       48 |     10 |    38 |    +0.4% |    1.412 |        0.0 |    143 | _tray_size4_1937/D1
     1002 |       1 |      99 |       48 |     10 |    38 |    +0.4% |    1.412 |        0.0 |    142 | _tray_size4_1937/D1
     1003 |       1 |      99 |       48 |     10 |    38 |    +0.4% |    1.412 |        0.0 |    141 | _tray_size4_1937/D1
     1004 |       1 |      99 |       48 |     10 |    38 |    +0.4% |    1.412 |        0.0 |    140 | _tray_size4_1937/D1
     1005 |       1 |      99 |       48 |     10 |    38 |    +0.4% |    1.412 |        0.0 |    139 | _tray_size4_1937/D1
     1006 |       1 |      99 |       48 |     10 |    38 |    +0.4% |    1.412 |        0.0 |    138 | _tray_size4_1937/D1
     1007 |       1 |      99 |       48 |     10 |    38 |    +0.4% |    1.412 |        0.0 |    137 | _tray_size4_1937/D1
     1008 |       1 |      99 |       48 |     10 |    38 |    +0.4% |    1.412 |        0.0 |    136 | _tray_size4_1937/D1
     1009 |       1 |      99 |       48 |     10 |    38 |    +0.4% |    1.412 |        0.0 |    135 | _tray_size4_1937/D1
     1010 |       1 |      99 |       48 |     10 |    38 |    +0.4% |    1.412 |        0.0 |    135 | _tray_size4_1937/D1
     1010 |       1 |      99 |       48 |     10 |    38 |    +0.4% |    1.412 |        0.0 |    134 | _tray_size4_1937/D1
     1011 |       1 |      99 |       48 |     10 |    38 |    +0.4% |    1.412 |        0.0 |    133 | _tray_size4_1937/D1
     1012 |       1 |      99 |       48 |     10 |    38 |    +0.4% |    1.412 |        0.0 |    132 | _tray_size4_1937/D1
     1013 |       1 |      99 |       48 |     10 |    38 |    +0.4% |    1.412 |        0.0 |    131 | _tray_size4_1937/D1
     1014 |       1 |      99 |       48 |     10 |    38 |    +0.4% |    1.412 |        0.0 |    130 | _tray_size4_1937/D1
     1015 |       1 |      99 |       48 |     10 |    38 |    +0.4% |    1.412 |        0.0 |    129 | _tray_size4_1937/D1
     1016 |       1 |      99 |       48 |     10 |    38 |    +0.4% |    1.412 |        0.0 |    128 | _tray_size4_1937/D1
     1017 |       1 |      99 |       48 |     10 |    38 |    +0.4% |    1.412 |        0.0 |    127 | _tray_size4_1937/D1
     1018 |       1 |      99 |       48 |     10 |    38 |    +0.4% |    1.412 |        0.0 |    126 | _tray_size4_1937/D1
     1019 |       1 |      99 |       48 |     10 |    38 |    +0.4% |    1.412 |        0.0 |    125 | _tray_size4_1937/D1
     1020 |       1 |      99 |       48 |     10 |    38 |    +0.4% |    1.412 |        0.0 |    125 | _tray_size4_1937/D1
     1020 |       1 |      99 |       48 |     10 |    38 |    +0.4% |    1.412 |        0.0 |    124 | _tray_size4_1937/D1
     1021 |       1 |      99 |       48 |     10 |    38 |    +0.4% |    1.412 |        0.0 |    123 | _tray_size4_1937/D1
     1022 |       1 |      99 |       48 |     10 |    38 |    +0.4% |    1.412 |        0.0 |    122 | _tray_size4_1937/D1
     1023 |       1 |      99 |       48 |     10 |    38 |    +0.4% |    1.412 |        0.0 |    121 | _tray_size4_1937/D1
     1024 |       1 |      99 |       48 |     10 |    38 |    +0.4% |    1.412 |        0.0 |    120 | _tray_size4_1937/D1
     1025 |       1 |      99 |       48 |     10 |    38 |    +0.4% |    1.412 |        0.0 |    119 | _tray_size4_1937/D1
     1026 |       1 |      99 |       48 |     10 |    38 |    +0.4% |    1.412 |        0.0 |    118 | _tray_size4_1937/D1
     1027 |       1 |      99 |       48 |     10 |    38 |    +0.4% |    1.412 |        0.0 |    117 | _tray_size4_1937/D1
     1028 |       1 |      99 |       48 |     10 |    38 |    +0.4% |    1.412 |        0.0 |    116 | _tray_size4_1937/D1
     1029 |       1 |      99 |       48 |     10 |    38 |    +0.4% |    1.412 |        0.0 |    115 | _tray_size4_1937/D1
     1030 |       1 |      99 |       48 |     10 |    38 |    +0.4% |    1.412 |        0.0 |    115 | _tray_size4_1937/D1
     1030 |       1 |      99 |       48 |     10 |    38 |    +0.4% |    1.412 |        0.0 |    114 | _tray_size4_1937/D1
     1031 |       1 |      99 |       48 |     10 |    38 |    +0.4% |    1.412 |        0.0 |    113 | _tray_size4_1937/D1
     1032 |       1 |      99 |       48 |     10 |    38 |    +0.4% |    1.412 |        0.0 |    112 | _tray_size4_1937/D1
     1033 |       1 |      99 |       48 |     10 |    38 |    +0.4% |    1.412 |        0.0 |    111 | _tray_size4_1937/D1
     1034 |       1 |      99 |       48 |     10 |    38 |    +0.4% |    1.412 |        0.0 |    110 | _tray_size4_1937/D1
     1035 |       1 |      99 |       48 |     10 |    38 |    +0.4% |    1.412 |        0.0 |    109 | _tray_size4_1937/D1
     1036 |       1 |      99 |       48 |     10 |    38 |    +0.4% |    1.412 |        0.0 |    108 | _tray_size4_1937/D1
     1037 |       1 |      99 |       48 |     10 |    38 |    +0.4% |    1.412 |        0.0 |    107 | _tray_size4_1937/D1
     1038 |       1 |      99 |       48 |     10 |    38 |    +0.4% |    1.412 |        0.0 |    106 | _tray_size4_1937/D1
     1039 |       1 |      99 |       48 |     10 |    38 |    +0.4% |    1.412 |        0.0 |    105 | _tray_size4_1937/D1
     1040 |       1 |      99 |       48 |     10 |    38 |    +0.4% |    1.412 |        0.0 |    105 | _tray_size4_1937/D1
     1040 |       1 |      99 |       48 |     10 |    38 |    +0.4% |    1.412 |        0.0 |    104 | _tray_size4_1937/D1
     1041 |       1 |      99 |       48 |     10 |    38 |    +0.4% |    1.412 |        0.0 |    103 | _tray_size4_1937/D1
     1042 |       1 |      99 |       48 |     10 |    38 |    +0.4% |    1.412 |        0.0 |    102 | _tray_size4_1937/D1
     1043 |       1 |      99 |       48 |     10 |    38 |    +0.4% |    1.412 |        0.0 |    101 | _tray_size4_1937/D1
     1044 |       1 |      99 |       48 |     10 |    38 |    +0.4% |    1.412 |        0.0 |    100 | _tray_size4_1937/D1
     1045 |       1 |      99 |       48 |     10 |    38 |    +0.4% |    1.412 |        0.0 |     99 | _tray_size4_1937/D1
     1046 |       1 |      99 |       48 |     10 |    38 |    +0.4% |    1.412 |        0.0 |     98 | _tray_size4_1937/D1
     1047 |       1 |      99 |       48 |     10 |    38 |    +0.4% |    1.412 |        0.0 |     97 | _tray_size4_1937/D1
     1048 |       1 |      99 |       48 |     10 |    38 |    +0.4% |    1.412 |        0.0 |     96 | _tray_size4_1937/D1
     1049 |       1 |      99 |       48 |     10 |    38 |    +0.4% |    1.412 |        0.0 |     95 | _tray_size4_1937/D1
     1050 |       1 |      99 |       48 |     10 |    38 |    +0.4% |    1.412 |        0.0 |     95 | _tray_size4_1937/D1
     1050 |       1 |      99 |       48 |     10 |    38 |    +0.4% |    1.412 |        0.0 |     94 | _tray_size4_1937/D1
     1051 |       1 |      99 |       48 |     10 |    38 |    +0.4% |    1.412 |        0.0 |     93 | _tray_size4_1937/D1
     1052 |       1 |      99 |       48 |     10 |    38 |    +0.4% |    1.412 |        0.0 |     92 | _tray_size4_1937/D1
     1053 |       1 |      99 |       48 |     10 |    38 |    +0.4% |    1.412 |        0.0 |     91 | _tray_size4_1937/D1
     1054 |       1 |      99 |       48 |     10 |    38 |    +0.4% |    1.412 |        0.0 |     90 | _tray_size4_1937/D1
     1055 |       1 |      99 |       48 |     10 |    38 |    +0.4% |    1.412 |        0.0 |     89 | _tray_size4_1937/D1
     1056 |       1 |      99 |       48 |     10 |    38 |    +0.4% |    1.412 |        0.0 |     88 | _tray_size4_1937/D1
     1057 |       1 |      99 |       48 |     10 |    38 |    +0.4% |    1.412 |        0.0 |     87 | _tray_size4_1937/D1
     1058 |       1 |      99 |       48 |     10 |    38 |    +0.4% |    1.412 |        0.0 |     86 | _tray_size4_1937/D1
     1059 |       1 |      99 |       48 |     10 |    38 |    +0.4% |    1.412 |        0.0 |     85 | _tray_size4_1937/D1
     1060 |       1 |      99 |       48 |     10 |    38 |    +0.4% |    1.412 |        0.0 |     85 | _tray_size4_1937/D1
     1060 |       1 |      99 |       48 |     10 |    38 |    +0.4% |    1.412 |        0.0 |     84 | _tray_size4_1937/D1
     1061 |       1 |      99 |       48 |     10 |    38 |    +0.4% |    1.412 |        0.0 |     83 | _tray_size4_1937/D1
     1062 |       1 |      99 |       48 |     10 |    38 |    +0.4% |    1.412 |        0.0 |     82 | _tray_size4_1937/D1
     1063 |       1 |      99 |       48 |     10 |    38 |    +0.4% |    1.412 |        0.0 |     81 | _tray_size4_1937/D1
     1064 |       1 |      99 |       48 |     10 |    38 |    +0.4% |    1.412 |        0.0 |     80 | _tray_size4_1937/D1
     1065 |       1 |      99 |       48 |     10 |    38 |    +0.4% |    1.412 |        0.0 |     79 | _tray_size4_1937/D1
     1066 |       1 |      99 |       48 |     10 |    38 |    +0.4% |    1.412 |        0.0 |     78 | _tray_size4_1937/D1
     1067 |       1 |      99 |       48 |     10 |    38 |    +0.4% |    1.412 |        0.0 |     77 | _tray_size4_1937/D1
     1068 |       1 |      99 |       48 |     10 |    38 |    +0.4% |    1.412 |        0.0 |     76 | _tray_size4_1937/D1
     1069 |       1 |      99 |       48 |     10 |    38 |    +0.4% |    1.412 |        0.0 |     75 | _tray_size4_1937/D1
     1070 |       1 |      99 |       48 |     10 |    38 |    +0.4% |    1.412 |        0.0 |     75 | _tray_size4_1937/D1
     1070 |       1 |      99 |       48 |     10 |    38 |    +0.4% |    1.412 |        0.0 |     74 | _tray_size4_1937/D1
     1071 |       1 |      99 |       48 |     10 |    38 |    +0.4% |    1.412 |        0.0 |     73 | _tray_size4_1937/D1
     1072 |       1 |      99 |       48 |     10 |    38 |    +0.4% |    1.412 |        0.0 |     72 | _tray_size4_1937/D1
     1073 |       1 |      99 |       48 |     10 |    38 |    +0.4% |    1.412 |        0.0 |     71 | _tray_size4_1937/D1
     1074 |       1 |      99 |       48 |     10 |    38 |    +0.4% |    1.412 |        0.0 |     70 | _tray_size4_1937/D1
     1075 |       1 |      99 |       48 |     10 |    38 |    +0.4% |    1.412 |        0.0 |     69 | _tray_size4_1937/D1
     1076 |       1 |      99 |       48 |     10 |    38 |    +0.4% |    1.412 |        0.0 |     68 | _tray_size4_1937/D1
     1077 |       1 |      99 |       48 |     10 |    38 |    +0.4% |    1.412 |        0.0 |     67 | _tray_size4_1937/D1
     1078 |       1 |      99 |       48 |     10 |    38 |    +0.4% |    1.412 |        0.0 |     66 | _tray_size4_1937/D1
     1079 |       1 |      99 |       48 |     10 |    38 |    +0.4% |    1.412 |        0.0 |     65 | _tray_size4_1937/D1
     1080 |       1 |      99 |       48 |     10 |    38 |    +0.4% |    1.412 |        0.0 |     65 | _tray_size4_1937/D1
     1080 |       1 |      99 |       48 |     10 |    38 |    +0.4% |    1.412 |        0.0 |     64 | _tray_size4_1937/D1
     1081 |       1 |      99 |       48 |     10 |    38 |    +0.4% |    1.412 |        0.0 |     63 | _tray_size4_1937/D1
     1082 |       1 |      99 |       48 |     10 |    38 |    +0.4% |    1.412 |        0.0 |     62 | _tray_size4_1937/D1
     1083 |       1 |      99 |       48 |     10 |    38 |    +0.4% |    1.412 |        0.0 |     61 | _tray_size4_1937/D1
     1084 |       1 |      99 |       48 |     10 |    38 |    +0.4% |    1.412 |        0.0 |     60 | _tray_size4_1937/D1
     1085 |       1 |      99 |       48 |     10 |    38 |    +0.4% |    1.412 |        0.0 |     59 | _tray_size4_1937/D1
     1086 |       1 |      99 |       48 |     10 |    38 |    +0.4% |    1.412 |        0.0 |     58 | _tray_size4_1937/D1
     1087 |       1 |      99 |       48 |     10 |    38 |    +0.4% |    1.412 |        0.0 |     57 | _tray_size4_1937/D1
     1088 |       1 |      99 |       48 |     10 |    38 |    +0.4% |    1.412 |        0.0 |     56 | _tray_size4_1937/D1
     1089 |       1 |      99 |       48 |     10 |    38 |    +0.4% |    1.412 |        0.0 |     55 | _tray_size4_1937/D1
     1090 |       1 |      99 |       48 |     10 |    38 |    +0.4% |    1.412 |        0.0 |     55 | _tray_size4_1937/D1
     1090 |       1 |      99 |       48 |     10 |    38 |    +0.4% |    1.412 |        0.0 |     54 | _tray_size4_1937/D1
     1091 |       1 |      99 |       48 |     10 |    38 |    +0.4% |    1.412 |        0.0 |     53 | _tray_size4_1937/D1
     1092 |       1 |      99 |       48 |     10 |    38 |    +0.4% |    1.412 |        0.0 |     52 | _tray_size4_1937/D1
     1093 |       1 |      99 |       48 |     10 |    38 |    +0.4% |    1.412 |        0.0 |     51 | _tray_size4_1937/D1
     1094 |       1 |      99 |       48 |     10 |    38 |    +0.4% |    1.412 |        0.0 |     50 | _tray_size4_1937/D1
     1095 |       1 |      99 |       48 |     10 |    38 |    +0.4% |    1.412 |        0.0 |     49 | _tray_size4_1937/D1
     1096 |       1 |      99 |       48 |     10 |    38 |    +0.4% |    1.412 |        0.0 |     48 | _tray_size4_1937/D1
     1097 |       1 |      99 |       48 |     10 |    38 |    +0.4% |    1.412 |        0.0 |     47 | _tray_size4_1937/D1
     1098 |       1 |      99 |       48 |     10 |    38 |    +0.4% |    1.412 |        0.0 |     46 | _tray_size4_1937/D1
     1099 |       1 |      99 |       48 |     10 |    38 |    +0.4% |    1.412 |        0.0 |     45 | _tray_size4_1937/D1
     1100 |       1 |      99 |       48 |     10 |    38 |    +0.4% |    1.412 |        0.0 |     45 | _tray_size4_1937/D1
     1100 |       1 |      99 |       48 |     10 |    38 |    +0.4% |    1.412 |        0.0 |     45 | _tray_size4_1937/D1
     1101 |       1 |      99 |       48 |     10 |    38 |    +0.4% |    1.412 |        0.0 |     44 | _tray_size4_1937/D1
     1102 |       1 |      99 |       48 |     10 |    38 |    +0.4% |    1.412 |        0.0 |     43 | _tray_size4_1937/D1
     1103 |       1 |      99 |       48 |     10 |    38 |    +0.4% |    1.412 |        0.0 |     42 | _tray_size4_1937/D1
     1104 |       1 |      99 |       48 |     10 |    38 |    +0.4% |    1.412 |        0.0 |     41 | _tray_size4_1937/D1
     1105 |       1 |      99 |       48 |     10 |    38 |    +0.4% |    1.412 |        0.0 |     40 | _tray_size4_1937/D1
     1106 |       1 |      99 |       48 |     10 |    38 |    +0.4% |    1.412 |        0.0 |     39 | _tray_size4_1937/D1
     1107 |       1 |      99 |       48 |     10 |    38 |    +0.4% |    1.412 |        0.0 |     38 | _tray_size4_1937/D1
     1108 |       1 |      99 |       48 |     10 |    38 |    +0.4% |    1.412 |        0.0 |     37 | _tray_size4_1937/D1
     1109 |       1 |      99 |       48 |     10 |    38 |    +0.4% |    1.412 |        0.0 |     36 | _tray_size4_1937/D1
     1110 |       1 |      99 |       48 |     10 |    38 |    +0.4% |    1.412 |        0.0 |     36 | _tray_size4_1937/D1
     1110 |       1 |      99 |       48 |     10 |    38 |    +0.4% |    1.412 |        0.0 |     35 | _tray_size4_1937/D1
     1111 |       1 |      99 |       48 |     10 |    38 |    +0.4% |    1.412 |        0.0 |     34 | _tray_size4_1937/D1
     1112 |       1 |      99 |       48 |     10 |    38 |    +0.4% |    1.412 |        0.0 |     33 | _tray_size4_1937/D1
     1113 |       1 |      99 |       48 |     10 |    38 |    +0.4% |    1.412 |        0.0 |     32 | _tray_size4_1937/D1
     1114 |       1 |      99 |       48 |     10 |    38 |    +0.4% |    1.412 |        0.0 |     31 | _tray_size4_1937/D1
     1115 |       1 |      99 |       48 |     10 |    38 |    +0.4% |    1.412 |        0.0 |     30 | _tray_size4_1937/D1
     1116 |       1 |      99 |       48 |     10 |    38 |    +0.4% |    1.412 |        0.0 |     29 | _tray_size4_1937/D1
     1117 |       1 |      99 |       48 |     10 |    38 |    +0.4% |    1.412 |        0.0 |     28 | _tray_size4_1937/D1
     1118 |       1 |      99 |       48 |     10 |    38 |    +0.4% |    1.412 |        0.0 |     27 | _tray_size4_1937/D1
     1119 |       1 |      99 |       48 |     10 |    38 |    +0.4% |    1.412 |        0.0 |     26 | _tray_size4_1937/D1
     1120 |       1 |      99 |       48 |     10 |    38 |    +0.4% |    1.412 |        0.0 |     26 | _tray_size4_1937/D1
     1120 |       1 |      99 |       48 |     10 |    38 |    +0.4% |    1.412 |        0.0 |     25 | _tray_size4_1937/D1
     1121 |       1 |      99 |       48 |     10 |    38 |    +0.4% |    1.412 |        0.0 |     24 | _tray_size4_1937/D1
     1122 |       1 |      99 |       48 |     10 |    38 |    +0.4% |    1.412 |        0.0 |     23 | _tray_size4_1937/D1
     1123 |       1 |      99 |       48 |     10 |    38 |    +0.4% |    1.412 |        0.0 |     22 | _tray_size4_1937/D1
     1124 |       1 |      99 |       48 |     10 |    38 |    +0.4% |    1.412 |        0.0 |     21 | _tray_size4_1937/D1
     1125 |       1 |      99 |       48 |     10 |    38 |    +0.4% |    1.412 |        0.0 |     20 | _tray_size4_1937/D1
     1126 |       1 |      99 |       48 |     10 |    38 |    +0.4% |    1.412 |        0.0 |     19 | _tray_size4_1937/D1
     1127 |       1 |      99 |       48 |     10 |    38 |    +0.4% |    1.412 |        0.0 |     18 | _tray_size4_1937/D1
     1128 |       1 |      99 |       48 |     10 |    38 |    +0.4% |    1.412 |        0.0 |     17 | _tray_size4_1937/D1
     1129 |       1 |      99 |       48 |     10 |    38 |    +0.4% |    1.412 |        0.0 |     16 | _tray_size4_1937/D1
     1130 |       1 |      99 |       48 |     10 |    38 |    +0.4% |    1.412 |        0.0 |     16 | _tray_size4_1937/D1
     1130 |       1 |      99 |       48 |     10 |    38 |    +0.4% |    1.412 |        0.0 |     15 | _tray_size4_1937/D1
     1131 |       1 |      99 |       48 |     10 |    38 |    +0.4% |    1.412 |        0.0 |     14 | _tray_size4_1937/D1
     1132 |       1 |      99 |       48 |     10 |    38 |    +0.4% |    1.412 |        0.0 |     13 | _tray_size4_1937/D1
     1133 |       1 |      99 |       48 |     10 |    38 |    +0.4% |    1.412 |        0.0 |     12 | _tray_size4_1937/D1
     1134 |       1 |      99 |       48 |     10 |    38 |    +0.4% |    1.412 |        0.0 |     11 | _tray_size4_1937/D1
     1135 |       1 |      99 |       48 |     10 |    38 |    +0.4% |    1.412 |        0.0 |     10 | _tray_size4_1937/D1
     1136 |       1 |      99 |       48 |     10 |    38 |    +0.4% |    1.412 |        0.0 |      9 | _tray_size4_1937/D1
     1137 |       1 |      99 |       48 |     10 |    38 |    +0.4% |    1.412 |        0.0 |      8 | _tray_size4_1937/D1
     1138 |       1 |      99 |       48 |     10 |    38 |    +0.4% |    1.412 |        0.0 |      7 | _tray_size4_1937/D1
     1139 |       1 |      99 |       48 |     10 |    38 |    +0.4% |    1.412 |        0.0 |      6 | _tray_size4_1937/D1
     1140 |       1 |      99 |       48 |     10 |    38 |    +0.4% |    1.412 |        0.0 |      6 | _tray_size4_1937/D1
     1140 |       1 |      99 |       48 |     10 |    38 |    +0.4% |    1.412 |        0.0 |      5 | _tray_size4_1937/D1
     1141 |       1 |      99 |       48 |     10 |    38 |    +0.4% |    1.412 |        0.0 |      4 | _tray_size4_1937/D1
     1142 |       1 |      99 |       48 |     10 |    38 |    +0.4% |    1.412 |        0.0 |      3 | _tray_size4_1937/D1
     1143 |       1 |      99 |       48 |     10 |    38 |    +0.4% |    1.412 |        0.0 |      2 | _tray_size4_1937/D1
     1144 |       1 |      99 |       48 |     10 |    38 |    +0.4% |    1.412 |        0.0 |      1 | _tray_size4_1937/D1
     1145 |       1 |      99 |       48 |     10 |    38 |    +0.4% |    1.412 |        0.0 |      0 | _tray_size4_1937/D1
     1146 |       1 |      99 |       48 |     10 |    38 |    +0.4% |    1.412 |        0.0 |      0 | _tray_size4_1937/D1
     1147 |       1 |      99 |       48 |     10 |    38 |    +0.4% |    1.412 |        0.0 |      0 | _tray_size4_1937/D1
    final |       1 |      99 |       48 |     10 |    38 |    +0.4% |    1.412 |        0.0 |      0 | _tray_size4_1937/D1
--------------------------------------------------------------------------------------------------------------
[INFO RSZ-0059] Removed 1 buffers.
[INFO RSZ-0040] Inserted 48 buffers.
[INFO RSZ-0051] Resized 99 instances: 99 up, 0 up match, 0 down, 0 VT
[INFO RSZ-0043] Swapped pins on 38 instances.
[INFO RSZ-0049] Cloned 10 instances.
[INFO RSZ-0033] No hold violations found.
Took 7 seconds: repair_timing -setup_margin 0 -hold_margin 0 -repair_tns 100 -verbose
[INFO DPL-0005] Max displacement: +/- 500 sites horizontally, +/- 100 rows vertically.
Movements Summary
---------------------------------------
Total cells:                    9458
Diamond Move Success:           9458 (100.00%)
Diamond Move Failure:              0
Rip-up and replace Success:        0 (  0.00% of diamond failures)
Rip-up and replace Failure:        0
Total Placement Failures:          0
---------------------------------------
Placement Analysis
---------------------------------
total displacement        107.4 u
average displacement        0.0 u
max displacement            1.1 u
original HPWL           47287.8 u
legalized HPWL          47358.0 u
delta HPWL                    0 %

Report metrics stage 4, cts final...

==========================================================================
cts final report_design_area
--------------------------------------------------------------------------
Design area 2647 um^2 66% utilization.
write_db ./results/asap7/riscv32i/modified_alpha_16-beta_0.1-v3/4_1_cts.odb
write_sdc -no_timestamp ./results/asap7/riscv32i/modified_alpha_16-beta_0.1-v3/4_cts.sdc
Elapsed time: 0:11.38[h:]min:sec. CPU time: user 44.26 sys 25.90 (616%). Peak memory: 297384KB.
Log                        Elapsed/s Peak Memory/MB  sha1sum .odb [0:20)
4_1_cts                           11            290 0f0338b9e8502cc29b4b
