OpenROAD 1447ce3293b9688b91b8c635d3811ac25a1ea20f 
Features included (+) or not (-): +GPU +GUI +Python
This program is licensed under the BSD-3 license. See the LICENSE file for details.
Components of this program may be licensed under more restrictive licenses which must be honored.
[INFO ORD-0030] Using 32 thread(s).
source /home/lucast/workspace/OR-flow-TCC/flow/platforms/asap7/liberty_suppressions.tcl
read_liberty /home/lucast/workspace/OR-flow-TCC/flow/platforms/asap7/lib/NLDM/asap7sc7p5t_AO_RVT_FF_nldm_211120.lib.gz
read_liberty /home/lucast/workspace/OR-flow-TCC/flow/platforms/asap7/lib/NLDM/asap7sc7p5t_INVBUF_RVT_FF_nldm_220122.lib.gz
read_liberty /home/lucast/workspace/OR-flow-TCC/flow/platforms/asap7/lib/NLDM/asap7sc7p5t_OA_RVT_FF_nldm_211120.lib.gz
read_liberty /home/lucast/workspace/OR-flow-TCC/flow/platforms/asap7/lib/NLDM/asap7sc7p5t_SIMPLE_RVT_FF_nldm_211120.lib.gz
read_liberty /home/lucast/workspace/OR-flow-TCC/flow/platforms/asap7/lib/NLDM/asap7sc7p5t_SEQ_RVT_FF_nldm_220123.lib
read_liberty /home/lucast/workspace/OR-flow-TCC/flow/platforms/asap7/lib/NLDM/fakeram7_256x32.lib
read_liberty /home/lucast/workspace/OR-flow-TCC/flow/platforms/asap7/lib/NLDM/asap7sc7p5t_DFFHQNH2V2X_RVT_TT_nldm_FAKE.lib
read_liberty /home/lucast/workspace/OR-flow-TCC/flow/platforms/asap7/lib/NLDM/asap7sc7p5t_DFFHQNV2X_RVT_TT_nldm_FAKE.lib
read_db -hier ./results/asap7/riscv32i/modified_alpha_16-beta_0.1-v3/4_cts.odb
[WARNING ORD-0012] Hierarchical flow (-hier) is currently in development and may cause multiple issues. Do not use in production environments.
source /home/lucast/workspace/OR-flow-TCC/flow/platforms/asap7/setRC.tcl
pin_access
[INFO DRT-0149] Reading tech and libs.

Units:                1000
Number of layers:     21
Number of macros:     231
Number of vias:       15
Number of viarulegen: 11

[INFO DRT-0150] Reading design.
[WARNING DRT-0120] Large net net2406 has 106 pins which may impact routing performance. Consider optimization.

Design:                   riscv_top
Die area:                 ( 0 0 ) ( 73373 73373 )
Number of track patterns: 32
Number of DEF vias:       0
Number of components:     9995
Number of terminals:      137
Number of snets:          2
Number of nets:           10552

[INFO DRT-0167] List of default vias:
  Layer V2
    default via: VIA23
  Layer V3
    default via: VIA34
  Layer V4
    default via: VIA45
  Layer V5
    default via: VIA56
  Layer V6
    default via: VIA67
  Layer V7
    default via: VIA78
  Layer V8
    default via: VIA89
  Layer V9
    default via: VIA9Pad
[INFO DRT-0162] Library cell analysis.
[INFO DRT-0163] Instance analysis.
[INFO DRT-0164] Number of unique instances = 252.
[INFO DRT-0168] Init region query.
[INFO DRT-0024]   Complete Active.
[INFO DRT-0024]   Complete V0.
[INFO DRT-0024]   Complete M1.
[INFO DRT-0024]   Complete V1.
[INFO DRT-0024]   Complete M2.
[INFO DRT-0024]   Complete V2.
[INFO DRT-0024]   Complete M3.
[INFO DRT-0024]   Complete V3.
[INFO DRT-0024]   Complete M4.
[INFO DRT-0024]   Complete V4.
[INFO DRT-0024]   Complete M5.
[INFO DRT-0024]   Complete V5.
[INFO DRT-0024]   Complete M6.
[INFO DRT-0024]   Complete V6.
[INFO DRT-0024]   Complete M7.
[INFO DRT-0024]   Complete V7.
[INFO DRT-0024]   Complete M8.
[INFO DRT-0024]   Complete V8.
[INFO DRT-0024]   Complete M9.
[INFO DRT-0024]   Complete V9.
[INFO DRT-0024]   Complete Pad.
[INFO DRT-0033] Active shape region query size = 0.
[INFO DRT-0033] V0 shape region query size = 0.
[INFO DRT-0033] M1 shape region query size = 176906.
[INFO DRT-0033] V1 shape region query size = 189709.
[INFO DRT-0033] M2 shape region query size = 5736.
[INFO DRT-0033] V2 shape region query size = 4351.
[INFO DRT-0033] M3 shape region query size = 4101.
[INFO DRT-0033] V3 shape region query size = 2562.
[INFO DRT-0033] M4 shape region query size = 4021.
[INFO DRT-0033] V4 shape region query size = 3937.
[INFO DRT-0033] M5 shape region query size = 2443.
[INFO DRT-0033] V5 shape region query size = 576.
[INFO DRT-0033] M6 shape region query size = 336.
[INFO DRT-0033] V6 shape region query size = 0.
[INFO DRT-0033] M7 shape region query size = 0.
[INFO DRT-0033] V7 shape region query size = 0.
[INFO DRT-0033] M8 shape region query size = 0.
[INFO DRT-0033] V8 shape region query size = 0.
[INFO DRT-0033] M9 shape region query size = 0.
[INFO DRT-0033] V9 shape region query size = 0.
[INFO DRT-0033] Pad shape region query size = 0.
[INFO DRT-0165] Start pin access.
[INFO DRT-0076]   Complete 1000 pins.
[INFO DRT-0078]   Complete 1742 pins.
[INFO DRT-0079]   Complete 100 unique inst patterns.
[INFO DRT-0079]   Complete 200 unique inst patterns.
[INFO DRT-0081]   Complete 249 unique inst patterns.
[INFO DRT-0084]   Complete 5361 groups.
#scanned instances     = 9995
#unique  instances     = 252
#stdCellGenAp          = 7996
#stdCellValidPlanarAp  = 70
#stdCellValidViaAp     = 6333
#stdCellPinNoAp        = 0
#stdCellPinCnt         = 35083
#instTermValidViaApCnt = 0
#macroGenAp            = 225
#macroValidPlanarAp    = 225
#macroValidViaAp       = 0
#macroNoAp             = 0
[INFO DRT-0166] Complete pin access.
[INFO DRT-0267] cpu time = 00:06:32, elapsed time = 00:00:16, memory = 269.40 (MB), peak = 265.54 (MB)
Took 17 seconds: pin_access
global_route -congestion_report_file ./reports/asap7/riscv32i/modified_alpha_16-beta_0.1-v3/congestion.rpt -congestion_iterations 30 -congestion_report_iter_step 5 -verbose
[INFO GRT-0020] Min routing layer: M2
[INFO GRT-0021] Max routing layer: M7
[INFO GRT-0022] Global adjustment: 0%
[INFO GRT-0023] Grid origin: (0, 0)
[INFO GRT-0088] Layer M1      Track-Pitch = 0.0360  line-2-Via Pitch: 0.0360
[INFO GRT-0088] Layer M2      Track-Pitch = 0.0390  line-2-Via Pitch: 0.0360
[INFO GRT-0088] Layer M3      Track-Pitch = 0.0360  line-2-Via Pitch: 0.0360
[INFO GRT-0088] Layer M4      Track-Pitch = 0.0480  line-2-Via Pitch: 0.0480
[INFO GRT-0088] Layer M5      Track-Pitch = 0.0480  line-2-Via Pitch: 0.0480
[INFO GRT-0088] Layer M6      Track-Pitch = 0.0640  line-2-Via Pitch: 0.0640
[INFO GRT-0088] Layer M7      Track-Pitch = 0.0640  line-2-Via Pitch: 0.0640
[INFO GRT-0003] Macros: 4
[INFO GRT-0004] Blockages: 3276
[INFO GRT-0019] Found 43 clock nets.
[INFO GRT-0001] Minimum degree: 2
[INFO GRT-0002] Maximum degree: 106

[INFO GRT-0053] Routing resources analysis:
          Routing      Original      Derated      Resource
Layer     Direction    Resources     Resources    Reduction (%)
---------------------------------------------------------------
M1         Vertical            0             0          0.00%
M2         Horizontal     159089        115057          27.68%
M3         Vertical       183788        136630          25.66%
M4         Horizontal     140478        104792          25.40%
M5         Vertical       159929        116848          26.94%
M6         Horizontal     131556         89180          32.21%
M7         Vertical       145542         98171          32.55%
---------------------------------------------------------------

[INFO GRT-0101] Running extra iterations to remove overflow.
[INFO GRT-0102] Start extra iteration 1/30
[INFO GRT-0102] Start extra iteration 2/30
[INFO GRT-0102] Start extra iteration 3/30
[INFO GRT-0102] Start extra iteration 4/30
[INFO GRT-0197] Via related to pin nodes: 65992
[INFO GRT-0198] Via related Steiner nodes: 2402
[INFO GRT-0199] Via filling finished.
[INFO GRT-0111] Final number of vias: 87023
[INFO GRT-0112] Final usage 3D: 358938

[INFO GRT-0096] Final congestion report:
Layer         Resource        Demand        Usage (%)    Max H / Max V / Total Overflow
---------------------------------------------------------------------------------------
M1                   0             0            0.00%             0 /  0 /  0
M2              115057         29411           25.56%             0 /  0 /  0
M3              136630         35517           26.00%             0 /  0 /  0
M4              104792         14912           14.23%             0 /  0 /  0
M5              116848         10644            9.11%             0 /  0 /  0
M6               89180          6970            7.82%             0 /  0 /  0
M7               98171           415            0.42%             0 /  0 /  0
---------------------------------------------------------------------------------------
Total           660678         97869           14.81%             0 /  0 /  0

[INFO GRT-0018] Total wirelength: 73596 um
[INFO GRT-0014] Routed nets: 10511
[INFO GRT-0303] Global routing runtime = 00:00:01
estimate_parasitics -global_routing
Perform buffer insertion and gate resizing...
repair_design -verbose
Iteration |   Area    | Resized | Buffers | Nets repaired | Remaining
---------------------------------------------------------------------
        0 |     +0.0% |       0 |       0 |             0 |     10575
     1000 |     +0.0% |       0 |       0 |             0 |      9575
     2000 |     +0.0% |       0 |       0 |             0 |      8575
[WARNING RSZ-0104] Net _01127_ only has one pin. Check if it is intended to be dangling.
[WARNING RSZ-0104] Net _01155_ only has one pin. Check if it is intended to be dangling.
[WARNING RSZ-0104] Net _01123_ only has one pin. Check if it is intended to be dangling.
[WARNING RSZ-0104] Net _01199_ only has one pin. Check if it is intended to be dangling.
[WARNING RSZ-0104] Net _01187_ only has one pin. Check if it is intended to be dangling.
[WARNING RSZ-0104] Net _01183_ only has one pin. Check if it is intended to be dangling.
[WARNING RSZ-0104] Net _01171_ only has one pin. Check if it is intended to be dangling.
[WARNING RSZ-0104] Net _01167_ only has one pin. Check if it is intended to be dangling.
[WARNING RSZ-0104] Net _01163_ only has one pin. Check if it is intended to be dangling.
[WARNING RSZ-0104] Net _01159_ only has one pin. Check if it is intended to be dangling.
[WARNING RSZ-0104] Net _01147_ only has one pin. Check if it is intended to be dangling.
[WARNING RSZ-0104] Net _01139_ only has one pin. Check if it is intended to be dangling.
[WARNING RSZ-0104] Net _01135_ only has one pin. Check if it is intended to be dangling.
[WARNING RSZ-0104] Net _01131_ only has one pin. Check if it is intended to be dangling.
[WARNING RSZ-0104] Net _01119_ only has one pin. Check if it is intended to be dangling.
[WARNING RSZ-0104] Net _01107_ only has one pin. Check if it is intended to be dangling.
[WARNING RSZ-0104] Net _01103_ only has one pin. Check if it is intended to be dangling.
[WARNING RSZ-0104] Net _01099_ only has one pin. Check if it is intended to be dangling.
[WARNING RSZ-0104] Net _01095_ only has one pin. Check if it is intended to be dangling.
[WARNING RSZ-0104] Net _01091_ only has one pin. Check if it is intended to be dangling.
[WARNING RSZ-0104] Net _01087_ only has one pin. Check if it is intended to be dangling.
[WARNING RSZ-0104] Net _01083_ only has one pin. Check if it is intended to be dangling.
[WARNING RSZ-0104] Net _01079_ only has one pin. Check if it is intended to be dangling.
[WARNING RSZ-0104] Net _01075_ only has one pin. Check if it is intended to be dangling.
     3000 |     +0.0% |       0 |       0 |             0 |      7575
[WARNING RSZ-0104] Net _01195_ only has one pin. Check if it is intended to be dangling.
[WARNING RSZ-0104] Net _01191_ only has one pin. Check if it is intended to be dangling.
[WARNING RSZ-0104] Net _01179_ only has one pin. Check if it is intended to be dangling.
[WARNING RSZ-0104] Net _01175_ only has one pin. Check if it is intended to be dangling.
[WARNING RSZ-0104] Net _01151_ only has one pin. Check if it is intended to be dangling.
[WARNING RSZ-0104] Net _01143_ only has one pin. Check if it is intended to be dangling.
[WARNING RSZ-0104] Net _01115_ only has one pin. Check if it is intended to be dangling.
[WARNING RSZ-0104] Net _01111_ only has one pin. Check if it is intended to be dangling.
     4000 |     +0.0% |       0 |       0 |             0 |      6575
[WARNING RSZ-0104] Net _01063_ only has one pin. Check if it is intended to be dangling.
[WARNING RSZ-0104] Net _01059_ only has one pin. Check if it is intended to be dangling.
[WARNING RSZ-0104] Net _01057_ only has one pin. Check if it is intended to be dangling.
     5000 |     +0.0% |       0 |       0 |             0 |      5575
[WARNING RSZ-0104] Net _01061_ only has one pin. Check if it is intended to be dangling.
     6000 |     +0.0% |       0 |       0 |             0 |      4575
[WARNING RSZ-0104] Net _01071_ only has one pin. Check if it is intended to be dangling.
[WARNING RSZ-0104] Net _01069_ only has one pin. Check if it is intended to be dangling.
     7000 |     +0.0% |       0 |       0 |             0 |      3575
[WARNING RSZ-0104] Net _01067_ only has one pin. Check if it is intended to be dangling.
[WARNING RSZ-0104] Net _01065_ only has one pin. Check if it is intended to be dangling.
     8000 |     +0.0% |       0 |       0 |             0 |      2575
     9000 |     +0.0% |       0 |       0 |             0 |      1575
    10000 |     +0.0% |       0 |       0 |             0 |       575
[WARNING RSZ-0104] Net valid_reg only has one pin. Check if it is intended to be dangling.
    final |     +0.0% |       0 |       0 |             0 |         0
---------------------------------------------------------------------
global_route -start_incremental
detailed_placement
[INFO DPL-0005] Max displacement: +/- 500 sites horizontally, +/- 100 rows vertically.
Movements Summary
---------------------------------------
Total cells:                    9458
Diamond Move Success:           9458 (100.00%)
Diamond Move Failure:              0
Rip-up and replace Success:        0 (  0.00% of diamond failures)
Rip-up and replace Failure:        0
Total Placement Failures:          0
---------------------------------------
Placement Analysis
---------------------------------
total displacement          0.0 u
average displacement        0.0 u
max displacement            0.0 u
original HPWL           47358.0 u
legalized HPWL          47358.0 u
delta HPWL                    0 %

global_route -end_incremental -congestion_report_file ./reports/asap7/riscv32i/modified_alpha_16-beta_0.1-v3/congestion_post_repair_design.rpt
Repair setup and hold violations...
estimate_parasitics -global_routing
repair_timing -setup_margin 0 -hold_margin 0 -repair_tns 100 -verbose
[INFO RSZ-0100] Repair move sequence: UnbufferMove SizeUpMove SwapPinsMove BufferMove CloneMove SplitLoadMove 
[INFO RSZ-0094] Found 773 endpoints with setup violations.
[INFO RSZ-0099] Repairing 773 out of 773 (100.00%) violating endpoints...
   Iter   | Removed | Resized | Inserted | Cloned |  Pin  |   Area   |    WNS   |   TNS      |  Viol  | Worst
          | Buffers |  Gates  | Buffers  |  Gates | Swaps |          |          |            | Endpts | Endpt
--------------------------------------------------------------------------------------------------------------
        0 |       0 |       0 |        0 |      0 |     0 |    +0.0% |  -38.886 |   -12794.5 |    773 | _tray_size4_1901/D2
       10 |       0 |       5 |        1 |      0 |     3 |    +0.0% |  -27.228 |    -8181.3 |    773 | _tray_size4_1901/D2
       20 |       0 |       8 |        4 |      1 |     6 |    +0.0% |  -24.084 |    -5450.3 |    773 | _tray_size4_1901/D2
       30 |       0 |      14 |        6 |      1 |     8 |    +0.0% |  -20.924 |    -4233.9 |    773 | _tray_size4_1901/D2
       40 |       0 |      17 |        8 |      1 |    13 |    +0.1% |  -23.710 |    -4572.9 |    773 | _tray_size4_1901/D2
       50 |       0 |      24 |        9 |      1 |    15 |    +0.1% |  -16.991 |    -2365.7 |    773 | _tray_size4_1901/D2
       60 |       0 |      27 |       10 |      1 |    21 |    +0.1% |  -13.621 |    -1524.6 |    773 | _tray_size4_1901/D2
       70 |       0 |      30 |       10 |      1 |    28 |    +0.1% |  -13.901 |    -1378.5 |    773 | _tray_size4_1901/D2
       80 |       0 |      33 |       13 |      1 |    33 |    +0.1% |  -12.260 |    -1160.2 |    773 | _tray_size4_1901/D2
       90 |       0 |      39 |       13 |      2 |    36 |    +0.1% |   -8.983 |     -578.8 |    773 | _tray_size4_1901/D2
      100 |       0 |      44 |       16 |      3 |    38 |    +0.1% |   -6.711 |     -470.3 |    773 | _tray_size4_1901/D1
      110 |       0 |      46 |       17 |      5 |    43 |    +0.1% |   -6.739 |     -513.0 |    773 | _tray_size4_1863/D1
      119 |       0 |      51 |       17 |      8 |    44 |    +0.2% |   -5.860 |     -347.2 |    771 | _tray_size4_2031/D0
      120 |       0 |      51 |       17 |      8 |    44 |    +0.2% |   -5.860 |     -347.2 |    771 | _tray_size4_2031/D0
      130 |       1 |      55 |       18 |      9 |    47 |    +0.2% |   -6.045 |     -372.7 |    771 | _tray_size4_2031/D0
      140 |       1 |      59 |       21 |     10 |    49 |    +0.2% |   -8.758 |     -734.5 |    771 | _tray_size4_2031/D0
      150 |       1 |      65 |       23 |     11 |    50 |    +0.2% |   -1.096 |       -6.0 |    771 | dataadr[0]
      156 |       1 |      66 |       24 |     11 |    54 |    +0.2% |   -1.096 |       -1.8 |    769 | dataadr[0]
      157 |       1 |      66 |       24 |     11 |    54 |    +0.2% |   -1.096 |       -1.8 |    768 | dataadr[0]
      160 |       1 |      67 |       25 |     11 |    54 |    +0.2% |   -1.715 |       -2.2 |    768 | dataadr[0]
      162 |       1 |      66 |       24 |     11 |    54 |    +0.2% |   -1.096 |       -1.8 |    767 | dataadr[0]
      163 |       1 |      66 |       24 |     11 |    54 |    +0.2% |   -1.096 |       -1.8 |    766 | dataadr[0]
      164 |       1 |      66 |       24 |     11 |    54 |    +0.2% |   -1.096 |       -1.8 |    765 | dataadr[0]
      165 |       1 |      66 |       24 |     11 |    54 |    +0.2% |   -1.096 |       -1.8 |    764 | dataadr[0]
      166 |       1 |      66 |       24 |     11 |    54 |    +0.2% |   -1.096 |       -1.8 |    763 | dataadr[0]
      167 |       1 |      66 |       24 |     11 |    54 |    +0.2% |   -1.096 |       -1.8 |    762 | dataadr[0]
      168 |       1 |      66 |       24 |     11 |    54 |    +0.2% |   -1.096 |       -1.8 |    761 | dataadr[0]
      169 |       1 |      66 |       24 |     11 |    54 |    +0.2% |   -1.096 |       -1.8 |    760 | dataadr[0]
      170 |       1 |      66 |       24 |     11 |    54 |    +0.2% |   -1.096 |       -1.8 |    760 | dataadr[0]
      170 |       1 |      66 |       24 |     11 |    54 |    +0.2% |   -1.096 |       -1.8 |    759 | dataadr[0]
      171 |       1 |      66 |       24 |     11 |    54 |    +0.2% |   -1.096 |       -1.8 |    758 | dataadr[0]
      172 |       1 |      66 |       24 |     11 |    54 |    +0.2% |   -1.096 |       -1.8 |    757 | dataadr[0]
      173 |       1 |      66 |       24 |     11 |    54 |    +0.2% |   -1.096 |       -1.8 |    756 | dataadr[0]
      174 |       1 |      66 |       24 |     11 |    54 |    +0.2% |   -1.096 |       -1.8 |    755 | dataadr[0]
      175 |       1 |      66 |       24 |     11 |    54 |    +0.2% |   -1.096 |       -1.8 |    754 | dataadr[0]
      176 |       1 |      66 |       24 |     11 |    54 |    +0.2% |   -1.096 |       -1.8 |    753 | dataadr[0]
      177 |       1 |      66 |       24 |     11 |    54 |    +0.2% |   -1.096 |       -1.8 |    752 | dataadr[0]
      178 |       1 |      66 |       24 |     11 |    54 |    +0.2% |   -1.096 |       -1.8 |    751 | dataadr[0]
      179 |       1 |      66 |       24 |     11 |    54 |    +0.2% |   -1.096 |       -1.8 |    750 | dataadr[0]
      180 |       1 |      66 |       24 |     11 |    54 |    +0.2% |   -1.096 |       -1.8 |    750 | dataadr[0]
      180 |       1 |      66 |       24 |     11 |    54 |    +0.2% |   -1.096 |       -1.8 |    749 | dataadr[0]
      181 |       1 |      66 |       24 |     11 |    54 |    +0.2% |   -1.096 |       -1.8 |    748 | dataadr[0]
      182 |       1 |      66 |       24 |     11 |    54 |    +0.2% |   -1.096 |       -1.8 |    747 | dataadr[0]
      183 |       1 |      66 |       24 |     11 |    54 |    +0.2% |   -1.096 |       -1.8 |    746 | dataadr[0]
      184 |       1 |      66 |       24 |     11 |    54 |    +0.2% |   -1.096 |       -1.8 |    745 | dataadr[0]
      185 |       1 |      66 |       24 |     11 |    54 |    +0.2% |   -1.096 |       -1.8 |    744 | dataadr[0]
      186 |       1 |      66 |       24 |     11 |    54 |    +0.2% |   -1.096 |       -1.8 |    743 | dataadr[0]
      187 |       1 |      66 |       24 |     11 |    54 |    +0.2% |   -1.096 |       -1.8 |    742 | dataadr[0]
      188 |       1 |      66 |       24 |     11 |    54 |    +0.2% |   -1.096 |       -1.8 |    741 | dataadr[0]
      189 |       1 |      66 |       24 |     11 |    54 |    +0.2% |   -1.096 |       -1.8 |    740 | dataadr[0]
      190 |       1 |      66 |       24 |     11 |    54 |    +0.2% |   -1.096 |       -1.8 |    740 | dataadr[0]
      190 |       1 |      66 |       24 |     11 |    54 |    +0.2% |   -1.096 |       -1.8 |    739 | dataadr[0]
      191 |       1 |      66 |       24 |     11 |    54 |    +0.2% |   -1.096 |       -1.8 |    738 | dataadr[0]
      192 |       1 |      66 |       24 |     11 |    54 |    +0.2% |   -1.096 |       -1.8 |    737 | dataadr[0]
      193 |       1 |      66 |       24 |     11 |    54 |    +0.2% |   -1.096 |       -1.8 |    736 | dataadr[0]
      194 |       1 |      66 |       24 |     11 |    54 |    +0.2% |   -1.096 |       -1.8 |    735 | dataadr[0]
      195 |       1 |      66 |       24 |     11 |    54 |    +0.2% |   -1.096 |       -1.8 |    734 | dataadr[0]
      196 |       1 |      66 |       24 |     11 |    54 |    +0.2% |   -1.096 |       -1.8 |    733 | dataadr[0]
      197 |       1 |      66 |       24 |     11 |    54 |    +0.2% |   -1.096 |       -1.8 |    732 | dataadr[0]
      198 |       1 |      66 |       24 |     11 |    54 |    +0.2% |   -1.096 |       -1.8 |    731 | dataadr[0]
      199 |       1 |      66 |       24 |     11 |    54 |    +0.2% |   -1.096 |       -1.8 |    730 | dataadr[0]
      200 |       1 |      66 |       24 |     11 |    54 |    +0.2% |   -1.096 |       -1.8 |    730 | dataadr[0]
      200 |       1 |      66 |       24 |     11 |    54 |    +0.2% |   -1.096 |       -1.8 |    729 | dataadr[0]
      201 |       1 |      66 |       24 |     11 |    54 |    +0.2% |   -1.096 |       -1.8 |    728 | dataadr[0]
      202 |       1 |      66 |       24 |     11 |    54 |    +0.2% |   -1.096 |       -1.8 |    727 | dataadr[0]
      203 |       1 |      66 |       24 |     11 |    54 |    +0.2% |   -1.096 |       -1.8 |    726 | dataadr[0]
      204 |       1 |      66 |       24 |     11 |    54 |    +0.2% |   -1.096 |       -1.8 |    725 | dataadr[0]
      205 |       1 |      66 |       24 |     11 |    54 |    +0.2% |   -1.096 |       -1.8 |    724 | dataadr[0]
      206 |       1 |      66 |       24 |     11 |    54 |    +0.2% |   -1.096 |       -1.8 |    723 | dataadr[0]
      207 |       1 |      66 |       24 |     11 |    54 |    +0.2% |   -1.096 |       -1.8 |    722 | dataadr[0]
      208 |       1 |      66 |       24 |     11 |    54 |    +0.2% |   -1.096 |       -1.8 |    721 | dataadr[0]
      209 |       1 |      66 |       24 |     11 |    54 |    +0.2% |   -1.096 |       -1.8 |    720 | dataadr[0]
      210 |       1 |      66 |       24 |     11 |    54 |    +0.2% |   -1.096 |       -1.8 |    720 | dataadr[0]
      210 |       1 |      66 |       24 |     11 |    54 |    +0.2% |   -1.096 |       -1.8 |    719 | dataadr[0]
      211 |       1 |      66 |       24 |     11 |    54 |    +0.2% |   -1.096 |       -1.8 |    718 | dataadr[0]
      212 |       1 |      66 |       24 |     11 |    54 |    +0.2% |   -1.096 |       -1.8 |    717 | dataadr[0]
      213 |       1 |      66 |       24 |     11 |    54 |    +0.2% |   -1.096 |       -1.8 |    716 | dataadr[0]
      214 |       1 |      66 |       24 |     11 |    54 |    +0.2% |   -1.096 |       -1.8 |    715 | dataadr[0]
      215 |       1 |      66 |       24 |     11 |    54 |    +0.2% |   -1.096 |       -1.8 |    714 | dataadr[0]
      216 |       1 |      66 |       24 |     11 |    54 |    +0.2% |   -1.096 |       -1.8 |    713 | dataadr[0]
      217 |       1 |      66 |       24 |     11 |    54 |    +0.2% |   -1.096 |       -1.8 |    712 | dataadr[0]
      218 |       1 |      66 |       24 |     11 |    54 |    +0.2% |   -1.096 |       -1.8 |    711 | dataadr[0]
      219 |       1 |      66 |       24 |     11 |    54 |    +0.2% |   -1.096 |       -1.8 |    710 | dataadr[0]
      220 |       1 |      66 |       24 |     11 |    54 |    +0.2% |   -1.096 |       -1.8 |    710 | dataadr[0]
      220 |       1 |      66 |       24 |     11 |    54 |    +0.2% |   -1.096 |       -1.8 |    709 | dataadr[0]
      221 |       1 |      66 |       24 |     11 |    54 |    +0.2% |   -1.096 |       -1.8 |    708 | dataadr[0]
      222 |       1 |      66 |       24 |     11 |    54 |    +0.2% |   -1.096 |       -1.8 |    707 | dataadr[0]
      223 |       1 |      66 |       24 |     11 |    54 |    +0.2% |   -1.096 |       -1.8 |    706 | dataadr[0]
      224 |       1 |      66 |       24 |     11 |    54 |    +0.2% |   -1.096 |       -1.8 |    705 | dataadr[0]
      225 |       1 |      66 |       24 |     11 |    54 |    +0.2% |   -1.096 |       -1.8 |    704 | dataadr[0]
      226 |       1 |      66 |       24 |     11 |    54 |    +0.2% |   -1.096 |       -1.8 |    703 | dataadr[0]
      227 |       1 |      66 |       24 |     11 |    54 |    +0.2% |   -1.096 |       -1.8 |    702 | dataadr[0]
      228 |       1 |      66 |       24 |     11 |    54 |    +0.2% |   -1.096 |       -1.8 |    701 | dataadr[0]
      229 |       1 |      66 |       24 |     11 |    54 |    +0.2% |   -1.096 |       -1.8 |    700 | dataadr[0]
      230 |       1 |      66 |       24 |     11 |    54 |    +0.2% |   -1.096 |       -1.8 |    700 | dataadr[0]
      230 |       1 |      66 |       24 |     11 |    54 |    +0.2% |   -1.096 |       -1.8 |    699 | dataadr[0]
      231 |       1 |      66 |       24 |     11 |    54 |    +0.2% |   -1.096 |       -1.8 |    698 | dataadr[0]
      232 |       1 |      66 |       24 |     11 |    54 |    +0.2% |   -1.096 |       -1.8 |    697 | dataadr[0]
      233 |       1 |      66 |       24 |     11 |    54 |    +0.2% |   -1.096 |       -1.8 |    696 | dataadr[0]
      234 |       1 |      66 |       24 |     11 |    54 |    +0.2% |   -1.096 |       -1.8 |    695 | dataadr[0]
      235 |       1 |      66 |       24 |     11 |    54 |    +0.2% |   -1.096 |       -1.8 |    694 | dataadr[0]
      236 |       1 |      66 |       24 |     11 |    54 |    +0.2% |   -1.096 |       -1.8 |    693 | dataadr[0]
      237 |       1 |      66 |       24 |     11 |    54 |    +0.2% |   -1.096 |       -1.8 |    692 | dataadr[0]
      238 |       1 |      66 |       24 |     11 |    54 |    +0.2% |   -1.096 |       -1.8 |    691 | dataadr[0]
      239 |       1 |      66 |       24 |     11 |    54 |    +0.2% |   -1.096 |       -1.8 |    690 | dataadr[0]
      240 |       1 |      66 |       24 |     11 |    54 |    +0.2% |   -1.096 |       -1.8 |    690 | dataadr[0]
      240 |       1 |      66 |       24 |     11 |    54 |    +0.2% |   -1.096 |       -1.8 |    689 | dataadr[0]
      241 |       1 |      66 |       24 |     11 |    54 |    +0.2% |   -1.096 |       -1.8 |    688 | dataadr[0]
      242 |       1 |      66 |       24 |     11 |    54 |    +0.2% |   -1.096 |       -1.8 |    687 | dataadr[0]
      243 |       1 |      66 |       24 |     11 |    54 |    +0.2% |   -1.096 |       -1.8 |    686 | dataadr[0]
      244 |       1 |      66 |       24 |     11 |    54 |    +0.2% |   -1.096 |       -1.8 |    685 | dataadr[0]
      245 |       1 |      66 |       24 |     11 |    54 |    +0.2% |   -1.096 |       -1.8 |    684 | dataadr[0]
      246 |       1 |      66 |       24 |     11 |    54 |    +0.2% |   -1.096 |       -1.8 |    683 | dataadr[0]
      247 |       1 |      66 |       24 |     11 |    54 |    +0.2% |   -1.096 |       -1.8 |    682 | dataadr[0]
      248 |       1 |      66 |       24 |     11 |    54 |    +0.2% |   -1.096 |       -1.8 |    681 | dataadr[0]
      249 |       1 |      66 |       24 |     11 |    54 |    +0.2% |   -1.096 |       -1.8 |    680 | dataadr[0]
      250 |       1 |      66 |       24 |     11 |    54 |    +0.2% |   -1.096 |       -1.8 |    680 | dataadr[0]
      250 |       1 |      66 |       24 |     11 |    54 |    +0.2% |   -1.096 |       -1.8 |    679 | dataadr[0]
      251 |       1 |      66 |       24 |     11 |    54 |    +0.2% |   -1.096 |       -1.8 |    678 | dataadr[0]
      252 |       1 |      66 |       24 |     11 |    54 |    +0.2% |   -1.096 |       -1.8 |    677 | dataadr[0]
      253 |       1 |      66 |       24 |     11 |    54 |    +0.2% |   -1.096 |       -1.8 |    676 | dataadr[0]
      254 |       1 |      66 |       24 |     11 |    54 |    +0.2% |   -1.096 |       -1.8 |    675 | dataadr[0]
      255 |       1 |      66 |       24 |     11 |    54 |    +0.2% |   -1.096 |       -1.8 |    674 | dataadr[0]
      256 |       1 |      66 |       24 |     11 |    54 |    +0.2% |   -1.096 |       -1.8 |    673 | dataadr[0]
      257 |       1 |      66 |       24 |     11 |    54 |    +0.2% |   -1.096 |       -1.8 |    672 | dataadr[0]
      258 |       1 |      66 |       24 |     11 |    54 |    +0.2% |   -1.096 |       -1.8 |    671 | dataadr[0]
      259 |       1 |      66 |       24 |     11 |    54 |    +0.2% |   -1.096 |       -1.8 |    670 | dataadr[0]
      260 |       1 |      66 |       24 |     11 |    54 |    +0.2% |   -1.096 |       -1.8 |    670 | dataadr[0]
      260 |       1 |      66 |       24 |     11 |    54 |    +0.2% |   -1.096 |       -1.8 |    669 | dataadr[0]
      261 |       1 |      66 |       24 |     11 |    54 |    +0.2% |   -1.096 |       -1.8 |    668 | dataadr[0]
      262 |       1 |      66 |       24 |     11 |    54 |    +0.2% |   -1.096 |       -1.8 |    667 | dataadr[0]
      263 |       1 |      66 |       24 |     11 |    54 |    +0.2% |   -1.096 |       -1.8 |    666 | dataadr[0]
      264 |       1 |      66 |       24 |     11 |    54 |    +0.2% |   -1.096 |       -1.8 |    665 | dataadr[0]
      265 |       1 |      66 |       24 |     11 |    54 |    +0.2% |   -1.096 |       -1.8 |    664 | dataadr[0]
      266 |       1 |      66 |       24 |     11 |    54 |    +0.2% |   -1.096 |       -1.8 |    663 | dataadr[0]
      267 |       1 |      66 |       24 |     11 |    54 |    +0.2% |   -1.096 |       -1.8 |    662 | dataadr[0]
      268 |       1 |      66 |       24 |     11 |    54 |    +0.2% |   -1.096 |       -1.8 |    661 | dataadr[0]
      269 |       1 |      66 |       24 |     11 |    54 |    +0.2% |   -1.096 |       -1.8 |    660 | dataadr[0]
      270 |       1 |      66 |       24 |     11 |    54 |    +0.2% |   -1.096 |       -1.8 |    660 | dataadr[0]
      270 |       1 |      66 |       24 |     11 |    54 |    +0.2% |   -1.096 |       -1.8 |    659 | dataadr[0]
      271 |       1 |      66 |       24 |     11 |    54 |    +0.2% |   -1.096 |       -1.8 |    658 | dataadr[0]
      272 |       1 |      66 |       24 |     11 |    54 |    +0.2% |   -1.096 |       -1.8 |    657 | dataadr[0]
      273 |       1 |      66 |       24 |     11 |    54 |    +0.2% |   -1.096 |       -1.8 |    656 | dataadr[0]
      274 |       1 |      66 |       24 |     11 |    54 |    +0.2% |   -1.096 |       -1.8 |    655 | dataadr[0]
      275 |       1 |      66 |       24 |     11 |    54 |    +0.2% |   -1.096 |       -1.8 |    654 | dataadr[0]
      276 |       1 |      66 |       24 |     11 |    54 |    +0.2% |   -1.096 |       -1.8 |    653 | dataadr[0]
      277 |       1 |      66 |       24 |     11 |    54 |    +0.2% |   -1.096 |       -1.8 |    652 | dataadr[0]
      278 |       1 |      66 |       24 |     11 |    54 |    +0.2% |   -1.096 |       -1.8 |    651 | dataadr[0]
      279 |       1 |      66 |       24 |     11 |    54 |    +0.2% |   -1.096 |       -1.8 |    650 | dataadr[0]
      280 |       1 |      66 |       24 |     11 |    54 |    +0.2% |   -1.096 |       -1.8 |    650 | dataadr[0]
      280 |       1 |      66 |       24 |     11 |    54 |    +0.2% |   -1.096 |       -1.8 |    649 | dataadr[0]
      281 |       1 |      66 |       24 |     11 |    54 |    +0.2% |   -1.096 |       -1.8 |    648 | dataadr[0]
      282 |       1 |      66 |       24 |     11 |    54 |    +0.2% |   -1.096 |       -1.8 |    647 | dataadr[0]
      283 |       1 |      66 |       24 |     11 |    54 |    +0.2% |   -1.096 |       -1.8 |    646 | dataadr[0]
      284 |       1 |      66 |       24 |     11 |    54 |    +0.2% |   -1.096 |       -1.8 |    645 | dataadr[0]
      285 |       1 |      66 |       24 |     11 |    54 |    +0.2% |   -1.096 |       -1.8 |    644 | dataadr[0]
      286 |       1 |      66 |       24 |     11 |    54 |    +0.2% |   -1.096 |       -1.8 |    643 | dataadr[0]
      287 |       1 |      66 |       24 |     11 |    54 |    +0.2% |   -1.096 |       -1.8 |    642 | dataadr[0]
      288 |       1 |      66 |       24 |     11 |    54 |    +0.2% |   -1.096 |       -1.8 |    641 | dataadr[0]
      289 |       1 |      66 |       24 |     11 |    54 |    +0.2% |   -1.096 |       -1.8 |    640 | dataadr[0]
      290 |       1 |      66 |       24 |     11 |    54 |    +0.2% |   -1.096 |       -1.8 |    640 | dataadr[0]
      290 |       1 |      66 |       24 |     11 |    54 |    +0.2% |   -1.096 |       -1.8 |    639 | dataadr[0]
      291 |       1 |      66 |       24 |     11 |    54 |    +0.2% |   -1.096 |       -1.8 |    638 | dataadr[0]
      292 |       1 |      66 |       24 |     11 |    54 |    +0.2% |   -1.096 |       -1.8 |    637 | dataadr[0]
      293 |       1 |      66 |       24 |     11 |    54 |    +0.2% |   -1.096 |       -1.8 |    636 | dataadr[0]
      294 |       1 |      66 |       24 |     11 |    54 |    +0.2% |   -1.096 |       -1.8 |    635 | dataadr[0]
      295 |       1 |      66 |       24 |     11 |    54 |    +0.2% |   -1.096 |       -1.8 |    634 | dataadr[0]
      296 |       1 |      66 |       24 |     11 |    54 |    +0.2% |   -1.096 |       -1.8 |    633 | dataadr[0]
      297 |       1 |      66 |       24 |     11 |    54 |    +0.2% |   -1.096 |       -1.8 |    632 | dataadr[0]
      298 |       1 |      66 |       24 |     11 |    54 |    +0.2% |   -1.096 |       -1.8 |    631 | dataadr[0]
      299 |       1 |      66 |       24 |     11 |    54 |    +0.2% |   -1.096 |       -1.8 |    630 | dataadr[0]
      300 |       1 |      66 |       24 |     11 |    54 |    +0.2% |   -1.096 |       -1.8 |    630 | dataadr[0]
      300 |       1 |      66 |       24 |     11 |    54 |    +0.2% |   -1.096 |       -1.8 |    629 | dataadr[0]
      301 |       1 |      66 |       24 |     11 |    54 |    +0.2% |   -1.096 |       -1.8 |    628 | dataadr[0]
      302 |       1 |      66 |       24 |     11 |    54 |    +0.2% |   -1.096 |       -1.8 |    627 | dataadr[0]
      303 |       1 |      66 |       24 |     11 |    54 |    +0.2% |   -1.096 |       -1.8 |    626 | dataadr[0]
      304 |       1 |      66 |       24 |     11 |    54 |    +0.2% |   -1.096 |       -1.8 |    625 | dataadr[0]
      305 |       1 |      66 |       24 |     11 |    54 |    +0.2% |   -1.096 |       -1.8 |    624 | dataadr[0]
      306 |       1 |      66 |       24 |     11 |    54 |    +0.2% |   -1.096 |       -1.8 |    623 | dataadr[0]
      307 |       1 |      66 |       24 |     11 |    54 |    +0.2% |   -1.096 |       -1.8 |    622 | dataadr[0]
      308 |       1 |      66 |       24 |     11 |    54 |    +0.2% |   -1.096 |       -1.8 |    621 | dataadr[0]
      310 |       1 |      67 |       24 |     11 |    54 |    +0.2% |   -1.096 |       -1.4 |    620 | dataadr[0]
      310 |       1 |      67 |       24 |     11 |    54 |    +0.2% |   -1.096 |       -1.4 |    619 | dataadr[0]
      311 |       1 |      67 |       24 |     11 |    54 |    +0.2% |   -1.096 |       -1.4 |    618 | dataadr[0]
      312 |       1 |      67 |       24 |     11 |    54 |    +0.2% |   -1.096 |       -1.4 |    617 | dataadr[0]
      313 |       1 |      67 |       24 |     11 |    54 |    +0.2% |   -1.096 |       -1.4 |    616 | dataadr[0]
      314 |       1 |      67 |       24 |     11 |    54 |    +0.2% |   -1.096 |       -1.4 |    615 | dataadr[0]
      315 |       1 |      67 |       24 |     11 |    54 |    +0.2% |   -1.096 |       -1.4 |    614 | dataadr[0]
      316 |       1 |      67 |       24 |     11 |    54 |    +0.2% |   -1.096 |       -1.4 |    613 | dataadr[0]
      317 |       1 |      67 |       24 |     11 |    54 |    +0.2% |   -1.096 |       -1.4 |    612 | dataadr[0]
      318 |       1 |      67 |       24 |     11 |    54 |    +0.2% |   -1.096 |       -1.4 |    611 | dataadr[0]
      319 |       1 |      67 |       24 |     11 |    54 |    +0.2% |   -1.096 |       -1.4 |    610 | dataadr[0]
      320 |       1 |      67 |       24 |     11 |    54 |    +0.2% |   -1.096 |       -1.4 |    610 | dataadr[0]
      320 |       1 |      67 |       24 |     11 |    54 |    +0.2% |   -1.096 |       -1.4 |    609 | dataadr[0]
      321 |       1 |      67 |       24 |     11 |    54 |    +0.2% |   -1.096 |       -1.4 |    608 | dataadr[0]
      322 |       1 |      67 |       24 |     11 |    54 |    +0.2% |   -1.096 |       -1.4 |    607 | dataadr[0]
      323 |       1 |      67 |       24 |     11 |    54 |    +0.2% |   -1.096 |       -1.4 |    606 | dataadr[0]
      324 |       1 |      67 |       24 |     11 |    54 |    +0.2% |   -1.096 |       -1.4 |    605 | dataadr[0]
      325 |       1 |      67 |       24 |     11 |    54 |    +0.2% |   -1.096 |       -1.4 |    604 | dataadr[0]
      326 |       1 |      67 |       24 |     11 |    54 |    +0.2% |   -1.096 |       -1.4 |    603 | dataadr[0]
      327 |       1 |      67 |       24 |     11 |    54 |    +0.2% |   -1.096 |       -1.4 |    602 | dataadr[0]
      328 |       1 |      67 |       24 |     11 |    54 |    +0.2% |   -1.096 |       -1.4 |    601 | dataadr[0]
      329 |       1 |      67 |       24 |     11 |    54 |    +0.2% |   -1.096 |       -1.4 |    600 | dataadr[0]
      330 |       1 |      67 |       24 |     11 |    54 |    +0.2% |   -1.096 |       -1.4 |    600 | dataadr[0]
      330 |       1 |      67 |       24 |     11 |    54 |    +0.2% |   -1.096 |       -1.4 |    599 | dataadr[0]
      331 |       1 |      67 |       24 |     11 |    54 |    +0.2% |   -1.096 |       -1.4 |    598 | dataadr[0]
      332 |       1 |      67 |       24 |     11 |    54 |    +0.2% |   -1.096 |       -1.4 |    597 | dataadr[0]
      333 |       1 |      67 |       24 |     11 |    54 |    +0.2% |   -1.096 |       -1.4 |    596 | dataadr[0]
      334 |       1 |      67 |       24 |     11 |    54 |    +0.2% |   -1.096 |       -1.4 |    595 | dataadr[0]
      335 |       1 |      67 |       24 |     11 |    54 |    +0.2% |   -1.096 |       -1.4 |    594 | dataadr[0]
      336 |       1 |      67 |       24 |     11 |    54 |    +0.2% |   -1.096 |       -1.4 |    593 | dataadr[0]
      337 |       1 |      67 |       24 |     11 |    54 |    +0.2% |   -1.096 |       -1.4 |    592 | dataadr[0]
      338 |       1 |      67 |       24 |     11 |    54 |    +0.2% |   -1.096 |       -1.4 |    591 | dataadr[0]
      339 |       1 |      67 |       24 |     11 |    54 |    +0.2% |   -1.096 |       -1.4 |    590 | dataadr[0]
      340 |       1 |      67 |       24 |     11 |    54 |    +0.2% |   -1.096 |       -1.4 |    590 | dataadr[0]
      340 |       1 |      67 |       24 |     11 |    54 |    +0.2% |   -1.096 |       -1.4 |    589 | dataadr[0]
      341 |       1 |      67 |       24 |     11 |    54 |    +0.2% |   -1.096 |       -1.4 |    588 | dataadr[0]
      342 |       1 |      67 |       24 |     11 |    54 |    +0.2% |   -1.096 |       -1.4 |    587 | dataadr[0]
      343 |       1 |      67 |       24 |     11 |    54 |    +0.2% |   -1.096 |       -1.4 |    586 | dataadr[0]
      344 |       1 |      67 |       24 |     11 |    54 |    +0.2% |   -1.096 |       -1.4 |    585 | dataadr[0]
      345 |       1 |      67 |       24 |     11 |    54 |    +0.2% |   -1.096 |       -1.4 |    584 | dataadr[0]
      346 |       1 |      67 |       24 |     11 |    54 |    +0.2% |   -1.096 |       -1.4 |    583 | dataadr[0]
      347 |       1 |      67 |       24 |     11 |    54 |    +0.2% |   -1.096 |       -1.4 |    582 | dataadr[0]
      348 |       1 |      67 |       24 |     11 |    54 |    +0.2% |   -1.096 |       -1.4 |    581 | dataadr[0]
      349 |       1 |      67 |       24 |     11 |    54 |    +0.2% |   -1.096 |       -1.4 |    580 | dataadr[0]
      350 |       1 |      67 |       24 |     11 |    54 |    +0.2% |   -1.096 |       -1.4 |    580 | dataadr[0]
      350 |       1 |      67 |       24 |     11 |    54 |    +0.2% |   -1.096 |       -1.4 |    579 | dataadr[0]
      351 |       1 |      67 |       24 |     11 |    54 |    +0.2% |   -1.096 |       -1.4 |    578 | dataadr[0]
      352 |       1 |      67 |       24 |     11 |    54 |    +0.2% |   -1.096 |       -1.4 |    577 | dataadr[0]
      353 |       1 |      67 |       24 |     11 |    54 |    +0.2% |   -1.096 |       -1.4 |    576 | dataadr[0]
      354 |       1 |      67 |       24 |     11 |    54 |    +0.2% |   -1.096 |       -1.4 |    575 | dataadr[0]
      355 |       1 |      67 |       24 |     11 |    54 |    +0.2% |   -1.096 |       -1.4 |    574 | dataadr[0]
      356 |       1 |      67 |       24 |     11 |    54 |    +0.2% |   -1.096 |       -1.4 |    573 | dataadr[0]
      357 |       1 |      67 |       24 |     11 |    54 |    +0.2% |   -1.096 |       -1.4 |    572 | dataadr[0]
      358 |       1 |      67 |       24 |     11 |    54 |    +0.2% |   -1.096 |       -1.4 |    571 | dataadr[0]
      359 |       1 |      67 |       24 |     11 |    54 |    +0.2% |   -1.096 |       -1.4 |    570 | dataadr[0]
      360 |       1 |      67 |       24 |     11 |    54 |    +0.2% |   -1.096 |       -1.4 |    570 | dataadr[0]
      360 |       1 |      67 |       24 |     11 |    54 |    +0.2% |   -1.096 |       -1.4 |    569 | dataadr[0]
      361 |       1 |      67 |       24 |     11 |    54 |    +0.2% |   -1.096 |       -1.4 |    568 | dataadr[0]
      362 |       1 |      67 |       24 |     11 |    54 |    +0.2% |   -1.096 |       -1.4 |    567 | dataadr[0]
      363 |       1 |      67 |       24 |     11 |    54 |    +0.2% |   -1.096 |       -1.4 |    566 | dataadr[0]
      364 |       1 |      67 |       24 |     11 |    54 |    +0.2% |   -1.096 |       -1.4 |    565 | dataadr[0]
      365 |       1 |      67 |       24 |     11 |    54 |    +0.2% |   -1.096 |       -1.4 |    564 | dataadr[0]
      366 |       1 |      67 |       24 |     11 |    54 |    +0.2% |   -1.096 |       -1.4 |    563 | dataadr[0]
      367 |       1 |      67 |       24 |     11 |    54 |    +0.2% |   -1.096 |       -1.4 |    562 | dataadr[0]
      368 |       1 |      67 |       24 |     11 |    54 |    +0.2% |   -1.096 |       -1.4 |    561 | dataadr[0]
      369 |       1 |      67 |       24 |     11 |    54 |    +0.2% |   -1.096 |       -1.4 |    560 | dataadr[0]
      370 |       1 |      67 |       24 |     11 |    54 |    +0.2% |   -1.096 |       -1.4 |    560 | dataadr[0]
      370 |       1 |      67 |       24 |     11 |    54 |    +0.2% |   -1.096 |       -1.4 |    559 | dataadr[0]
      371 |       1 |      67 |       24 |     11 |    54 |    +0.2% |   -1.096 |       -1.4 |    558 | dataadr[0]
      372 |       1 |      67 |       24 |     11 |    54 |    +0.2% |   -1.096 |       -1.4 |    557 | dataadr[0]
      373 |       1 |      67 |       24 |     11 |    54 |    +0.2% |   -1.096 |       -1.4 |    556 | dataadr[0]
      374 |       1 |      67 |       24 |     11 |    54 |    +0.2% |   -1.096 |       -1.4 |    555 | dataadr[0]
      375 |       1 |      67 |       24 |     11 |    54 |    +0.2% |   -1.096 |       -1.4 |    554 | dataadr[0]
      376 |       1 |      67 |       24 |     11 |    54 |    +0.2% |   -1.096 |       -1.4 |    553 | dataadr[0]
      377 |       1 |      67 |       24 |     11 |    54 |    +0.2% |   -1.096 |       -1.4 |    552 | dataadr[0]
      378 |       1 |      67 |       24 |     11 |    54 |    +0.2% |   -1.096 |       -1.4 |    551 | dataadr[0]
      379 |       1 |      67 |       24 |     11 |    54 |    +0.2% |   -1.096 |       -1.4 |    550 | dataadr[0]
      380 |       1 |      67 |       24 |     11 |    54 |    +0.2% |   -1.096 |       -1.4 |    550 | dataadr[0]
      380 |       1 |      67 |       24 |     11 |    54 |    +0.2% |   -1.096 |       -1.4 |    549 | dataadr[0]
      381 |       1 |      67 |       24 |     11 |    54 |    +0.2% |   -1.096 |       -1.4 |    548 | dataadr[0]
      382 |       1 |      67 |       24 |     11 |    54 |    +0.2% |   -1.096 |       -1.4 |    547 | dataadr[0]
      383 |       1 |      67 |       24 |     11 |    54 |    +0.2% |   -1.096 |       -1.4 |    546 | dataadr[0]
      384 |       1 |      67 |       24 |     11 |    54 |    +0.2% |   -1.096 |       -1.4 |    545 | dataadr[0]
      385 |       1 |      67 |       24 |     11 |    54 |    +0.2% |   -1.096 |       -1.4 |    544 | dataadr[0]
      386 |       1 |      67 |       24 |     11 |    54 |    +0.2% |   -1.096 |       -1.4 |    543 | dataadr[0]
      387 |       1 |      67 |       24 |     11 |    54 |    +0.2% |   -1.096 |       -1.4 |    542 | dataadr[0]
      388 |       1 |      67 |       24 |     11 |    54 |    +0.2% |   -1.096 |       -1.4 |    541 | dataadr[0]
      389 |       1 |      67 |       24 |     11 |    54 |    +0.2% |   -1.096 |       -1.4 |    540 | dataadr[0]
      390 |       1 |      67 |       24 |     11 |    54 |    +0.2% |   -1.096 |       -1.4 |    540 | dataadr[0]
      390 |       1 |      67 |       24 |     11 |    54 |    +0.2% |   -1.096 |       -1.4 |    539 | dataadr[0]
      391 |       1 |      67 |       24 |     11 |    54 |    +0.2% |   -1.096 |       -1.4 |    538 | dataadr[0]
      392 |       1 |      67 |       24 |     11 |    54 |    +0.2% |   -1.096 |       -1.4 |    537 | dataadr[0]
      393 |       1 |      67 |       24 |     11 |    54 |    +0.2% |   -1.096 |       -1.4 |    536 | dataadr[0]
      394 |       1 |      67 |       24 |     11 |    54 |    +0.2% |   -1.096 |       -1.4 |    535 | dataadr[0]
      395 |       1 |      67 |       24 |     11 |    54 |    +0.2% |   -1.096 |       -1.4 |    534 | dataadr[0]
      396 |       1 |      67 |       24 |     11 |    54 |    +0.2% |   -1.096 |       -1.4 |    533 | dataadr[0]
      397 |       1 |      67 |       24 |     11 |    54 |    +0.2% |   -1.096 |       -1.4 |    532 | dataadr[0]
      398 |       1 |      67 |       24 |     11 |    54 |    +0.2% |   -1.096 |       -1.4 |    531 | dataadr[0]
      399 |       1 |      67 |       24 |     11 |    54 |    +0.2% |   -1.096 |       -1.4 |    530 | dataadr[0]
      400 |       1 |      67 |       24 |     11 |    54 |    +0.2% |   -1.096 |       -1.4 |    530 | dataadr[0]
      400 |       1 |      67 |       24 |     11 |    54 |    +0.2% |   -1.096 |       -1.4 |    529 | dataadr[0]
      401 |       1 |      67 |       24 |     11 |    54 |    +0.2% |   -1.096 |       -1.4 |    528 | dataadr[0]
      402 |       1 |      67 |       24 |     11 |    54 |    +0.2% |   -1.096 |       -1.4 |    527 | dataadr[0]
      403 |       1 |      67 |       24 |     11 |    54 |    +0.2% |   -1.096 |       -1.4 |    526 | dataadr[0]
      404 |       1 |      67 |       24 |     11 |    54 |    +0.2% |   -1.096 |       -1.4 |    525 | dataadr[0]
      405 |       1 |      67 |       24 |     11 |    54 |    +0.2% |   -1.096 |       -1.4 |    524 | dataadr[0]
      406 |       1 |      67 |       24 |     11 |    54 |    +0.2% |   -1.096 |       -1.4 |    523 | dataadr[0]
      407 |       1 |      67 |       24 |     11 |    54 |    +0.2% |   -1.096 |       -1.4 |    522 | dataadr[0]
      408 |       1 |      67 |       24 |     11 |    54 |    +0.2% |   -1.096 |       -1.4 |    521 | dataadr[0]
      409 |       1 |      67 |       24 |     11 |    54 |    +0.2% |   -1.096 |       -1.4 |    520 | dataadr[0]
      410 |       1 |      67 |       24 |     11 |    54 |    +0.2% |   -1.096 |       -1.4 |    520 | dataadr[0]
      410 |       1 |      67 |       24 |     11 |    54 |    +0.2% |   -1.096 |       -1.4 |    519 | dataadr[0]
      411 |       1 |      67 |       24 |     11 |    54 |    +0.2% |   -1.096 |       -1.4 |    518 | dataadr[0]
      412 |       1 |      67 |       24 |     11 |    54 |    +0.2% |   -1.096 |       -1.4 |    517 | dataadr[0]
      413 |       1 |      67 |       24 |     11 |    54 |    +0.2% |   -1.096 |       -1.4 |    516 | dataadr[0]
      414 |       1 |      67 |       24 |     11 |    54 |    +0.2% |   -1.096 |       -1.4 |    515 | dataadr[0]
      415 |       1 |      67 |       24 |     11 |    54 |    +0.2% |   -1.096 |       -1.4 |    514 | dataadr[0]
      416 |       1 |      67 |       24 |     11 |    54 |    +0.2% |   -1.096 |       -1.4 |    513 | dataadr[0]
      417 |       1 |      67 |       24 |     11 |    54 |    +0.2% |   -1.096 |       -1.4 |    512 | dataadr[0]
      418 |       1 |      67 |       24 |     11 |    54 |    +0.2% |   -1.096 |       -1.4 |    511 | dataadr[0]
      419 |       1 |      67 |       24 |     11 |    54 |    +0.2% |   -1.096 |       -1.4 |    510 | dataadr[0]
      420 |       1 |      67 |       24 |     11 |    54 |    +0.2% |   -1.096 |       -1.4 |    510 | dataadr[0]
      420 |       1 |      67 |       24 |     11 |    54 |    +0.2% |   -1.096 |       -1.4 |    509 | dataadr[0]
      421 |       1 |      67 |       24 |     11 |    54 |    +0.2% |   -1.096 |       -1.4 |    508 | dataadr[0]
      422 |       1 |      67 |       24 |     11 |    54 |    +0.2% |   -1.096 |       -1.4 |    507 | dataadr[0]
      423 |       1 |      67 |       24 |     11 |    54 |    +0.2% |   -1.096 |       -1.4 |    506 | dataadr[0]
      424 |       1 |      67 |       24 |     11 |    54 |    +0.2% |   -1.096 |       -1.4 |    505 | dataadr[0]
      425 |       1 |      67 |       24 |     11 |    54 |    +0.2% |   -1.096 |       -1.4 |    504 | dataadr[0]
      426 |       1 |      67 |       24 |     11 |    54 |    +0.2% |   -1.096 |       -1.4 |    503 | dataadr[0]
      427 |       1 |      67 |       24 |     11 |    54 |    +0.2% |   -1.096 |       -1.4 |    502 | dataadr[0]
      428 |       1 |      67 |       24 |     11 |    54 |    +0.2% |   -1.096 |       -1.4 |    501 | dataadr[0]
      429 |       1 |      67 |       24 |     11 |    54 |    +0.2% |   -1.096 |       -1.4 |    500 | dataadr[0]
      430 |       1 |      67 |       24 |     11 |    54 |    +0.2% |   -1.096 |       -1.4 |    500 | dataadr[0]
      430 |       1 |      67 |       24 |     11 |    54 |    +0.2% |   -1.096 |       -1.4 |    499 | dataadr[0]
      431 |       1 |      67 |       24 |     11 |    54 |    +0.2% |   -1.096 |       -1.4 |    498 | dataadr[0]
      432 |       1 |      67 |       24 |     11 |    54 |    +0.2% |   -1.096 |       -1.4 |    497 | dataadr[0]
      433 |       1 |      67 |       24 |     11 |    54 |    +0.2% |   -1.096 |       -1.4 |    496 | dataadr[0]
      434 |       1 |      67 |       24 |     11 |    54 |    +0.2% |   -1.096 |       -1.4 |    495 | dataadr[0]
      435 |       1 |      67 |       24 |     11 |    54 |    +0.2% |   -1.096 |       -1.4 |    494 | dataadr[0]
      436 |       1 |      67 |       24 |     11 |    54 |    +0.2% |   -1.096 |       -1.4 |    493 | dataadr[0]
      437 |       1 |      67 |       24 |     11 |    54 |    +0.2% |   -1.096 |       -1.4 |    492 | dataadr[0]
      438 |       1 |      67 |       24 |     11 |    54 |    +0.2% |   -1.096 |       -1.4 |    491 | dataadr[0]
      439 |       1 |      67 |       24 |     11 |    54 |    +0.2% |   -1.096 |       -1.4 |    490 | dataadr[0]
      440 |       1 |      67 |       24 |     11 |    54 |    +0.2% |   -1.096 |       -1.4 |    490 | dataadr[0]
      440 |       1 |      67 |       24 |     11 |    54 |    +0.2% |   -1.096 |       -1.4 |    489 | dataadr[0]
      441 |       1 |      67 |       24 |     11 |    54 |    +0.2% |   -1.096 |       -1.4 |    488 | dataadr[0]
      442 |       1 |      67 |       24 |     11 |    54 |    +0.2% |   -1.096 |       -1.4 |    487 | dataadr[0]
      443 |       1 |      67 |       24 |     11 |    54 |    +0.2% |   -1.096 |       -1.4 |    486 | dataadr[0]
      444 |       1 |      67 |       24 |     11 |    54 |    +0.2% |   -1.096 |       -1.4 |    485 | dataadr[0]
      445 |       1 |      67 |       24 |     11 |    54 |    +0.2% |   -1.096 |       -1.4 |    484 | dataadr[0]
      446 |       1 |      67 |       24 |     11 |    54 |    +0.2% |   -1.096 |       -1.4 |    483 | dataadr[0]
      447 |       1 |      67 |       24 |     11 |    54 |    +0.2% |   -1.096 |       -1.4 |    482 | dataadr[0]
      448 |       1 |      67 |       24 |     11 |    54 |    +0.2% |   -1.096 |       -1.4 |    481 | dataadr[0]
      449 |       1 |      67 |       24 |     11 |    54 |    +0.2% |   -1.096 |       -1.4 |    480 | dataadr[0]
      450 |       1 |      67 |       24 |     11 |    54 |    +0.2% |   -1.096 |       -1.4 |    480 | dataadr[0]
      450 |       1 |      67 |       24 |     11 |    54 |    +0.2% |   -1.096 |       -1.4 |    479 | dataadr[0]
      451 |       1 |      67 |       24 |     11 |    54 |    +0.2% |   -1.096 |       -1.4 |    478 | dataadr[0]
      452 |       1 |      67 |       24 |     11 |    54 |    +0.2% |   -1.096 |       -1.4 |    477 | dataadr[0]
      453 |       1 |      67 |       24 |     11 |    54 |    +0.2% |   -1.096 |       -1.4 |    476 | dataadr[0]
      454 |       1 |      67 |       24 |     11 |    54 |    +0.2% |   -1.096 |       -1.4 |    475 | dataadr[0]
      455 |       1 |      67 |       24 |     11 |    54 |    +0.2% |   -1.096 |       -1.4 |    474 | dataadr[0]
      456 |       1 |      67 |       24 |     11 |    54 |    +0.2% |   -1.096 |       -1.4 |    473 | dataadr[0]
      457 |       1 |      67 |       24 |     11 |    54 |    +0.2% |   -1.096 |       -1.4 |    472 | dataadr[0]
      458 |       1 |      67 |       24 |     11 |    54 |    +0.2% |   -1.096 |       -1.4 |    471 | dataadr[0]
      459 |       1 |      67 |       24 |     11 |    54 |    +0.2% |   -1.096 |       -1.4 |    470 | dataadr[0]
      460 |       1 |      67 |       24 |     11 |    54 |    +0.2% |   -1.096 |       -1.4 |    470 | dataadr[0]
      460 |       1 |      67 |       24 |     11 |    54 |    +0.2% |   -1.096 |       -1.4 |    469 | dataadr[0]
      461 |       1 |      67 |       24 |     11 |    54 |    +0.2% |   -1.096 |       -1.4 |    468 | dataadr[0]
      462 |       1 |      67 |       24 |     11 |    54 |    +0.2% |   -1.096 |       -1.4 |    467 | dataadr[0]
      463 |       1 |      67 |       24 |     11 |    54 |    +0.2% |   -1.096 |       -1.4 |    466 | dataadr[0]
      464 |       1 |      67 |       24 |     11 |    54 |    +0.2% |   -1.096 |       -1.4 |    465 | dataadr[0]
      465 |       1 |      67 |       24 |     11 |    54 |    +0.2% |   -1.096 |       -1.4 |    464 | dataadr[0]
      466 |       1 |      67 |       24 |     11 |    54 |    +0.2% |   -1.096 |       -1.4 |    463 | dataadr[0]
      467 |       1 |      67 |       24 |     11 |    54 |    +0.2% |   -1.096 |       -1.4 |    462 | dataadr[0]
      468 |       1 |      67 |       24 |     11 |    54 |    +0.2% |   -1.096 |       -1.4 |    461 | dataadr[0]
      469 |       1 |      67 |       24 |     11 |    54 |    +0.2% |   -1.096 |       -1.4 |    460 | dataadr[0]
      470 |       1 |      67 |       24 |     11 |    54 |    +0.2% |   -1.096 |       -1.4 |    460 | dataadr[0]
      470 |       1 |      67 |       24 |     11 |    54 |    +0.2% |   -1.096 |       -1.4 |    459 | dataadr[0]
      471 |       1 |      67 |       24 |     11 |    54 |    +0.2% |   -1.096 |       -1.4 |    458 | dataadr[0]
      472 |       1 |      67 |       24 |     11 |    54 |    +0.2% |   -1.096 |       -1.4 |    457 | dataadr[0]
      473 |       1 |      67 |       24 |     11 |    54 |    +0.2% |   -1.096 |       -1.4 |    456 | dataadr[0]
      474 |       1 |      67 |       24 |     11 |    54 |    +0.2% |   -1.096 |       -1.4 |    455 | dataadr[0]
      475 |       1 |      67 |       24 |     11 |    54 |    +0.2% |   -1.096 |       -1.4 |    454 | dataadr[0]
      476 |       1 |      67 |       24 |     11 |    54 |    +0.2% |   -1.096 |       -1.4 |    453 | dataadr[0]
      477 |       1 |      67 |       24 |     11 |    54 |    +0.2% |   -1.096 |       -1.4 |    452 | dataadr[0]
      478 |       1 |      67 |       24 |     11 |    54 |    +0.2% |   -1.096 |       -1.4 |    451 | dataadr[0]
      479 |       1 |      67 |       24 |     11 |    54 |    +0.2% |   -1.096 |       -1.4 |    450 | dataadr[0]
      480 |       1 |      67 |       24 |     11 |    54 |    +0.2% |   -1.096 |       -1.4 |    450 | dataadr[0]
      480 |       1 |      67 |       24 |     11 |    54 |    +0.2% |   -1.096 |       -1.4 |    449 | dataadr[0]
      481 |       1 |      67 |       24 |     11 |    54 |    +0.2% |   -1.096 |       -1.4 |    448 | dataadr[0]
      482 |       1 |      67 |       24 |     11 |    54 |    +0.2% |   -1.096 |       -1.4 |    447 | dataadr[0]
      483 |       1 |      67 |       24 |     11 |    54 |    +0.2% |   -1.096 |       -1.4 |    446 | dataadr[0]
      484 |       1 |      67 |       24 |     11 |    54 |    +0.2% |   -1.096 |       -1.4 |    445 | dataadr[0]
      485 |       1 |      67 |       24 |     11 |    54 |    +0.2% |   -1.096 |       -1.4 |    444 | dataadr[0]
      486 |       1 |      67 |       24 |     11 |    54 |    +0.2% |   -1.096 |       -1.4 |    443 | dataadr[0]
      487 |       1 |      67 |       24 |     11 |    54 |    +0.2% |   -1.096 |       -1.4 |    442 | dataadr[0]
      488 |       1 |      67 |       24 |     11 |    54 |    +0.2% |   -1.096 |       -1.4 |    441 | dataadr[0]
      489 |       1 |      67 |       24 |     11 |    54 |    +0.2% |   -1.096 |       -1.4 |    440 | dataadr[0]
      490 |       1 |      67 |       24 |     11 |    54 |    +0.2% |   -1.096 |       -1.4 |    440 | dataadr[0]
      490 |       1 |      67 |       24 |     11 |    54 |    +0.2% |   -1.096 |       -1.4 |    439 | dataadr[0]
      491 |       1 |      67 |       24 |     11 |    54 |    +0.2% |   -1.096 |       -1.4 |    438 | dataadr[0]
      492 |       1 |      67 |       24 |     11 |    54 |    +0.2% |   -1.096 |       -1.4 |    437 | dataadr[0]
      493 |       1 |      67 |       24 |     11 |    54 |    +0.2% |   -1.096 |       -1.4 |    436 | dataadr[0]
      494 |       1 |      67 |       24 |     11 |    54 |    +0.2% |   -1.096 |       -1.4 |    435 | dataadr[0]
      495 |       1 |      67 |       24 |     11 |    54 |    +0.2% |   -1.096 |       -1.4 |    434 | dataadr[0]
      496 |       1 |      67 |       24 |     11 |    54 |    +0.2% |   -1.096 |       -1.4 |    433 | dataadr[0]
      497 |       1 |      67 |       24 |     11 |    54 |    +0.2% |   -1.096 |       -1.4 |    432 | dataadr[0]
      498 |       1 |      67 |       24 |     11 |    54 |    +0.2% |   -1.096 |       -1.4 |    431 | dataadr[0]
      499 |       1 |      67 |       24 |     11 |    54 |    +0.2% |   -1.096 |       -1.4 |    430 | dataadr[0]
      500 |       1 |      67 |       24 |     11 |    54 |    +0.2% |   -1.096 |       -1.4 |    430 | dataadr[0]
      500 |       1 |      67 |       24 |     11 |    54 |    +0.2% |   -1.096 |       -1.4 |    429 | dataadr[0]
      501 |       1 |      67 |       24 |     11 |    54 |    +0.2% |   -1.096 |       -1.4 |    428 | dataadr[0]
      502 |       1 |      67 |       24 |     11 |    54 |    +0.2% |   -1.096 |       -1.4 |    427 | dataadr[0]
      503 |       1 |      67 |       24 |     11 |    54 |    +0.2% |   -1.096 |       -1.4 |    426 | dataadr[0]
      504 |       1 |      67 |       24 |     11 |    54 |    +0.2% |   -1.096 |       -1.4 |    425 | dataadr[0]
      505 |       1 |      67 |       24 |     11 |    54 |    +0.2% |   -1.096 |       -1.4 |    424 | dataadr[0]
      506 |       1 |      67 |       24 |     11 |    54 |    +0.2% |   -1.096 |       -1.4 |    423 | dataadr[0]
      507 |       1 |      67 |       24 |     11 |    54 |    +0.2% |   -1.096 |       -1.4 |    422 | dataadr[0]
      508 |       1 |      67 |       24 |     11 |    54 |    +0.2% |   -1.096 |       -1.4 |    421 | dataadr[0]
      509 |       1 |      67 |       24 |     11 |    54 |    +0.2% |   -1.096 |       -1.4 |    420 | dataadr[0]
      510 |       1 |      67 |       24 |     11 |    54 |    +0.2% |   -1.096 |       -1.4 |    420 | dataadr[0]
      510 |       1 |      67 |       24 |     11 |    54 |    +0.2% |   -1.096 |       -1.4 |    419 | dataadr[0]
      511 |       1 |      67 |       24 |     11 |    54 |    +0.2% |   -1.096 |       -1.4 |    418 | dataadr[0]
      512 |       1 |      67 |       24 |     11 |    54 |    +0.2% |   -1.096 |       -1.4 |    417 | dataadr[0]
      513 |       1 |      67 |       24 |     11 |    54 |    +0.2% |   -1.096 |       -1.4 |    416 | dataadr[0]
      514 |       1 |      67 |       24 |     11 |    54 |    +0.2% |   -1.096 |       -1.4 |    415 | dataadr[0]
      515 |       1 |      67 |       24 |     11 |    54 |    +0.2% |   -1.096 |       -1.4 |    414 | dataadr[0]
      516 |       1 |      67 |       24 |     11 |    54 |    +0.2% |   -1.096 |       -1.4 |    413 | dataadr[0]
      517 |       1 |      67 |       24 |     11 |    54 |    +0.2% |   -1.096 |       -1.4 |    412 | dataadr[0]
      518 |       1 |      67 |       24 |     11 |    54 |    +0.2% |   -1.096 |       -1.4 |    411 | dataadr[0]
      519 |       1 |      67 |       24 |     11 |    54 |    +0.2% |   -1.096 |       -1.4 |    410 | dataadr[0]
      520 |       1 |      67 |       24 |     11 |    54 |    +0.2% |   -1.096 |       -1.4 |    410 | dataadr[0]
      520 |       1 |      67 |       24 |     11 |    54 |    +0.2% |   -1.096 |       -1.4 |    409 | dataadr[0]
      521 |       1 |      67 |       24 |     11 |    54 |    +0.2% |   -1.096 |       -1.4 |    408 | dataadr[0]
      522 |       1 |      67 |       24 |     11 |    54 |    +0.2% |   -1.096 |       -1.4 |    407 | dataadr[0]
      523 |       1 |      67 |       24 |     11 |    54 |    +0.2% |   -1.096 |       -1.4 |    406 | dataadr[0]
      524 |       1 |      67 |       24 |     11 |    54 |    +0.2% |   -1.096 |       -1.4 |    405 | dataadr[0]
      525 |       1 |      67 |       24 |     11 |    54 |    +0.2% |   -1.096 |       -1.4 |    404 | dataadr[0]
      526 |       1 |      67 |       24 |     11 |    54 |    +0.2% |   -1.096 |       -1.4 |    403 | dataadr[0]
      527 |       1 |      67 |       24 |     11 |    54 |    +0.2% |   -1.096 |       -1.4 |    402 | dataadr[0]
      528 |       1 |      67 |       24 |     11 |    54 |    +0.2% |   -1.096 |       -1.4 |    401 | dataadr[0]
      529 |       1 |      67 |       24 |     11 |    54 |    +0.2% |   -1.096 |       -1.4 |    400 | dataadr[0]
      530 |       1 |      67 |       24 |     11 |    54 |    +0.2% |   -1.096 |       -1.4 |    400 | dataadr[0]
      530 |       1 |      67 |       24 |     11 |    54 |    +0.2% |   -1.096 |       -1.4 |    399 | dataadr[0]
      531 |       1 |      67 |       24 |     11 |    54 |    +0.2% |   -1.096 |       -1.4 |    398 | dataadr[0]
      532 |       1 |      67 |       24 |     11 |    54 |    +0.2% |   -1.096 |       -1.4 |    397 | dataadr[0]
      533 |       1 |      67 |       24 |     11 |    54 |    +0.2% |   -1.096 |       -1.4 |    396 | dataadr[0]
      534 |       1 |      67 |       24 |     11 |    54 |    +0.2% |   -1.096 |       -1.4 |    395 | dataadr[0]
      535 |       1 |      67 |       24 |     11 |    54 |    +0.2% |   -1.096 |       -1.4 |    394 | dataadr[0]
      536 |       1 |      67 |       24 |     11 |    54 |    +0.2% |   -1.096 |       -1.4 |    393 | dataadr[0]
      537 |       1 |      67 |       24 |     11 |    54 |    +0.2% |   -1.096 |       -1.4 |    392 | dataadr[0]
      538 |       1 |      67 |       24 |     11 |    54 |    +0.2% |   -1.096 |       -1.4 |    391 | dataadr[0]
      539 |       1 |      67 |       24 |     11 |    54 |    +0.2% |   -1.096 |       -1.4 |    390 | dataadr[0]
      540 |       1 |      67 |       24 |     11 |    54 |    +0.2% |   -1.096 |       -1.4 |    390 | dataadr[0]
      540 |       1 |      67 |       24 |     11 |    54 |    +0.2% |   -1.096 |       -1.4 |    389 | dataadr[0]
      541 |       1 |      67 |       24 |     11 |    54 |    +0.2% |   -1.096 |       -1.4 |    388 | dataadr[0]
      542 |       1 |      67 |       24 |     11 |    54 |    +0.2% |   -1.096 |       -1.4 |    387 | dataadr[0]
      543 |       1 |      67 |       24 |     11 |    54 |    +0.2% |   -1.096 |       -1.4 |    386 | dataadr[0]
      544 |       1 |      67 |       24 |     11 |    54 |    +0.2% |   -1.096 |       -1.4 |    385 | dataadr[0]
      545 |       1 |      67 |       24 |     11 |    54 |    +0.2% |   -1.096 |       -1.4 |    384 | dataadr[0]
      546 |       1 |      67 |       24 |     11 |    54 |    +0.2% |   -1.096 |       -1.4 |    383 | dataadr[0]
      547 |       1 |      67 |       24 |     11 |    54 |    +0.2% |   -1.096 |       -1.4 |    382 | dataadr[0]
      548 |       1 |      67 |       24 |     11 |    54 |    +0.2% |   -1.096 |       -1.4 |    381 | dataadr[0]
      549 |       1 |      67 |       24 |     11 |    54 |    +0.2% |   -1.096 |       -1.4 |    380 | dataadr[0]
      550 |       1 |      67 |       24 |     11 |    54 |    +0.2% |   -1.096 |       -1.4 |    380 | dataadr[0]
      550 |       1 |      67 |       24 |     11 |    54 |    +0.2% |   -1.096 |       -1.4 |    379 | dataadr[0]
      551 |       1 |      67 |       24 |     11 |    54 |    +0.2% |   -1.096 |       -1.4 |    378 | dataadr[0]
      552 |       1 |      67 |       24 |     11 |    54 |    +0.2% |   -1.096 |       -1.4 |    377 | dataadr[0]
      553 |       1 |      67 |       24 |     11 |    54 |    +0.2% |   -1.096 |       -1.4 |    376 | dataadr[0]
      554 |       1 |      67 |       24 |     11 |    54 |    +0.2% |   -1.096 |       -1.4 |    375 | dataadr[0]
      555 |       1 |      67 |       24 |     11 |    54 |    +0.2% |   -1.096 |       -1.4 |    374 | dataadr[0]
      556 |       1 |      67 |       24 |     11 |    54 |    +0.2% |   -1.096 |       -1.4 |    373 | dataadr[0]
      557 |       1 |      67 |       24 |     11 |    54 |    +0.2% |   -1.096 |       -1.4 |    372 | dataadr[0]
      558 |       1 |      67 |       24 |     11 |    54 |    +0.2% |   -1.096 |       -1.4 |    371 | dataadr[0]
      559 |       1 |      67 |       24 |     11 |    54 |    +0.2% |   -1.096 |       -1.4 |    370 | dataadr[0]
      560 |       1 |      67 |       24 |     11 |    54 |    +0.2% |   -1.096 |       -1.4 |    370 | dataadr[0]
      560 |       1 |      67 |       24 |     11 |    54 |    +0.2% |   -1.096 |       -1.4 |    369 | dataadr[0]
      561 |       1 |      67 |       24 |     11 |    54 |    +0.2% |   -1.096 |       -1.4 |    368 | dataadr[0]
      562 |       1 |      67 |       24 |     11 |    54 |    +0.2% |   -1.096 |       -1.4 |    367 | dataadr[0]
      563 |       1 |      67 |       24 |     11 |    54 |    +0.2% |   -1.096 |       -1.4 |    366 | dataadr[0]
      564 |       1 |      67 |       24 |     11 |    54 |    +0.2% |   -1.096 |       -1.4 |    365 | dataadr[0]
      565 |       1 |      67 |       24 |     11 |    54 |    +0.2% |   -1.096 |       -1.4 |    364 | dataadr[0]
      566 |       1 |      67 |       24 |     11 |    54 |    +0.2% |   -1.096 |       -1.4 |    363 | dataadr[0]
      567 |       1 |      67 |       24 |     11 |    54 |    +0.2% |   -1.096 |       -1.4 |    362 | dataadr[0]
      568 |       1 |      67 |       24 |     11 |    54 |    +0.2% |   -1.096 |       -1.4 |    361 | dataadr[0]
      569 |       1 |      67 |       24 |     11 |    54 |    +0.2% |   -1.096 |       -1.4 |    360 | dataadr[0]
      570 |       1 |      67 |       24 |     11 |    54 |    +0.2% |   -1.096 |       -1.4 |    360 | dataadr[0]
      570 |       1 |      67 |       24 |     11 |    54 |    +0.2% |   -1.096 |       -1.4 |    359 | dataadr[0]
      571 |       1 |      67 |       24 |     11 |    54 |    +0.2% |   -1.096 |       -1.4 |    358 | dataadr[0]
      572 |       1 |      67 |       24 |     11 |    54 |    +0.2% |   -1.096 |       -1.4 |    357 | dataadr[0]
      573 |       1 |      67 |       24 |     11 |    54 |    +0.2% |   -1.096 |       -1.4 |    356 | dataadr[0]
      574 |       1 |      67 |       24 |     11 |    54 |    +0.2% |   -1.096 |       -1.4 |    355 | dataadr[0]
      575 |       1 |      67 |       24 |     11 |    54 |    +0.2% |   -1.096 |       -1.4 |    354 | dataadr[0]
      576 |       1 |      67 |       24 |     11 |    54 |    +0.2% |   -1.096 |       -1.4 |    353 | dataadr[0]
      577 |       1 |      67 |       24 |     11 |    54 |    +0.2% |   -1.096 |       -1.4 |    352 | dataadr[0]
      578 |       1 |      67 |       24 |     11 |    54 |    +0.2% |   -1.096 |       -1.4 |    351 | dataadr[0]
      579 |       1 |      67 |       24 |     11 |    54 |    +0.2% |   -1.096 |       -1.4 |    350 | dataadr[0]
      580 |       1 |      67 |       24 |     11 |    54 |    +0.2% |   -1.096 |       -1.4 |    350 | dataadr[0]
      580 |       1 |      67 |       24 |     11 |    54 |    +0.2% |   -1.096 |       -1.4 |    349 | dataadr[0]
      581 |       1 |      67 |       24 |     11 |    54 |    +0.2% |   -1.096 |       -1.4 |    348 | dataadr[0]
      582 |       1 |      67 |       24 |     11 |    54 |    +0.2% |   -1.096 |       -1.4 |    347 | dataadr[0]
      583 |       1 |      67 |       24 |     11 |    54 |    +0.2% |   -1.096 |       -1.4 |    346 | dataadr[0]
      584 |       1 |      67 |       24 |     11 |    54 |    +0.2% |   -1.096 |       -1.4 |    345 | dataadr[0]
      585 |       1 |      67 |       24 |     11 |    54 |    +0.2% |   -1.096 |       -1.4 |    344 | dataadr[0]
      586 |       1 |      67 |       24 |     11 |    54 |    +0.2% |   -1.096 |       -1.4 |    343 | dataadr[0]
      587 |       1 |      67 |       24 |     11 |    54 |    +0.2% |   -1.096 |       -1.4 |    342 | dataadr[0]
      588 |       1 |      67 |       24 |     11 |    54 |    +0.2% |   -1.096 |       -1.4 |    341 | dataadr[0]
      589 |       1 |      67 |       24 |     11 |    54 |    +0.2% |   -1.096 |       -1.4 |    340 | dataadr[0]
      590 |       1 |      67 |       24 |     11 |    54 |    +0.2% |   -1.096 |       -1.4 |    340 | dataadr[0]
      590 |       1 |      67 |       24 |     11 |    54 |    +0.2% |   -1.096 |       -1.4 |    339 | dataadr[0]
      591 |       1 |      67 |       24 |     11 |    54 |    +0.2% |   -1.096 |       -1.4 |    338 | dataadr[0]
      592 |       1 |      67 |       24 |     11 |    54 |    +0.2% |   -1.096 |       -1.4 |    337 | dataadr[0]
      593 |       1 |      67 |       24 |     11 |    54 |    +0.2% |   -1.096 |       -1.4 |    336 | dataadr[0]
      594 |       1 |      67 |       24 |     11 |    54 |    +0.2% |   -1.096 |       -1.4 |    335 | dataadr[0]
      595 |       1 |      67 |       24 |     11 |    54 |    +0.2% |   -1.096 |       -1.4 |    334 | dataadr[0]
      596 |       1 |      67 |       24 |     11 |    54 |    +0.2% |   -1.096 |       -1.4 |    333 | dataadr[0]
      597 |       1 |      67 |       24 |     11 |    54 |    +0.2% |   -1.096 |       -1.4 |    332 | dataadr[0]
      598 |       1 |      67 |       24 |     11 |    54 |    +0.2% |   -1.096 |       -1.4 |    331 | dataadr[0]
      599 |       1 |      67 |       24 |     11 |    54 |    +0.2% |   -1.096 |       -1.4 |    330 | dataadr[0]
      600 |       1 |      67 |       24 |     11 |    54 |    +0.2% |   -1.096 |       -1.4 |    330 | dataadr[0]
      600 |       1 |      67 |       24 |     11 |    54 |    +0.2% |   -1.096 |       -1.4 |    329 | dataadr[0]
      601 |       1 |      67 |       24 |     11 |    54 |    +0.2% |   -1.096 |       -1.4 |    328 | dataadr[0]
      602 |       1 |      67 |       24 |     11 |    54 |    +0.2% |   -1.096 |       -1.4 |    327 | dataadr[0]
      603 |       1 |      67 |       24 |     11 |    54 |    +0.2% |   -1.096 |       -1.4 |    326 | dataadr[0]
      604 |       1 |      67 |       24 |     11 |    54 |    +0.2% |   -1.096 |       -1.4 |    325 | dataadr[0]
      605 |       1 |      67 |       24 |     11 |    54 |    +0.2% |   -1.096 |       -1.4 |    324 | dataadr[0]
      606 |       1 |      67 |       24 |     11 |    54 |    +0.2% |   -1.096 |       -1.4 |    323 | dataadr[0]
      607 |       1 |      67 |       24 |     11 |    54 |    +0.2% |   -1.096 |       -1.4 |    322 | dataadr[0]
      608 |       1 |      67 |       24 |     11 |    54 |    +0.2% |   -1.096 |       -1.4 |    321 | dataadr[0]
      609 |       1 |      67 |       24 |     11 |    54 |    +0.2% |   -1.096 |       -1.4 |    320 | dataadr[0]
      610 |       1 |      67 |       24 |     11 |    54 |    +0.2% |   -1.096 |       -1.4 |    320 | dataadr[0]
      610 |       1 |      67 |       24 |     11 |    54 |    +0.2% |   -1.096 |       -1.4 |    319 | dataadr[0]
      611 |       1 |      67 |       24 |     11 |    54 |    +0.2% |   -1.096 |       -1.4 |    318 | dataadr[0]
      612 |       1 |      67 |       24 |     11 |    54 |    +0.2% |   -1.096 |       -1.4 |    317 | dataadr[0]
      613 |       1 |      67 |       24 |     11 |    54 |    +0.2% |   -1.096 |       -1.4 |    316 | dataadr[0]
      614 |       1 |      67 |       24 |     11 |    54 |    +0.2% |   -1.096 |       -1.4 |    315 | dataadr[0]
      615 |       1 |      67 |       24 |     11 |    54 |    +0.2% |   -1.096 |       -1.4 |    314 | dataadr[0]
      616 |       1 |      67 |       24 |     11 |    54 |    +0.2% |   -1.096 |       -1.4 |    313 | dataadr[0]
      617 |       1 |      67 |       24 |     11 |    54 |    +0.2% |   -1.096 |       -1.4 |    312 | dataadr[0]
      618 |       1 |      67 |       24 |     11 |    54 |    +0.2% |   -1.096 |       -1.4 |    311 | dataadr[0]
      619 |       1 |      67 |       24 |     11 |    54 |    +0.2% |   -1.096 |       -1.4 |    310 | dataadr[0]
      620 |       1 |      67 |       24 |     11 |    54 |    +0.2% |   -1.096 |       -1.4 |    310 | dataadr[0]
      620 |       1 |      67 |       24 |     11 |    54 |    +0.2% |   -1.096 |       -1.4 |    309 | dataadr[0]
      621 |       1 |      67 |       24 |     11 |    54 |    +0.2% |   -1.096 |       -1.4 |    308 | dataadr[0]
      622 |       1 |      67 |       24 |     11 |    54 |    +0.2% |   -1.096 |       -1.4 |    307 | dataadr[0]
      623 |       1 |      67 |       24 |     11 |    54 |    +0.2% |   -1.096 |       -1.4 |    306 | dataadr[0]
      624 |       1 |      67 |       24 |     11 |    54 |    +0.2% |   -1.096 |       -1.4 |    305 | dataadr[0]
      625 |       1 |      67 |       24 |     11 |    54 |    +0.2% |   -1.096 |       -1.4 |    304 | dataadr[0]
      626 |       1 |      67 |       24 |     11 |    54 |    +0.2% |   -1.096 |       -1.4 |    303 | dataadr[0]
      627 |       1 |      67 |       24 |     11 |    54 |    +0.2% |   -1.096 |       -1.4 |    302 | dataadr[0]
      628 |       1 |      67 |       24 |     11 |    54 |    +0.2% |   -1.096 |       -1.4 |    301 | dataadr[0]
      629 |       1 |      67 |       24 |     11 |    54 |    +0.2% |   -1.096 |       -1.4 |    300 | dataadr[0]
      630 |       1 |      67 |       24 |     11 |    54 |    +0.2% |   -1.096 |       -1.4 |    300 | dataadr[0]
      630 |       1 |      67 |       24 |     11 |    54 |    +0.2% |   -1.096 |       -1.4 |    299 | dataadr[0]
      631 |       1 |      67 |       24 |     11 |    54 |    +0.2% |   -1.096 |       -1.4 |    298 | dataadr[0]
      632 |       1 |      67 |       24 |     11 |    54 |    +0.2% |   -1.096 |       -1.4 |    297 | dataadr[0]
      633 |       1 |      67 |       24 |     11 |    54 |    +0.2% |   -1.096 |       -1.4 |    296 | dataadr[0]
      634 |       1 |      67 |       24 |     11 |    54 |    +0.2% |   -1.096 |       -1.4 |    295 | dataadr[0]
      635 |       1 |      67 |       24 |     11 |    54 |    +0.2% |   -1.096 |       -1.4 |    294 | dataadr[0]
      636 |       1 |      67 |       24 |     11 |    54 |    +0.2% |   -1.096 |       -1.4 |    293 | dataadr[0]
      637 |       1 |      67 |       24 |     11 |    54 |    +0.2% |   -1.096 |       -1.4 |    292 | dataadr[0]
      638 |       1 |      67 |       24 |     11 |    54 |    +0.2% |   -1.096 |       -1.4 |    291 | dataadr[0]
      639 |       1 |      67 |       24 |     11 |    54 |    +0.2% |   -1.096 |       -1.4 |    290 | dataadr[0]
      640 |       1 |      67 |       24 |     11 |    54 |    +0.2% |   -1.096 |       -1.4 |    290 | dataadr[0]
      640 |       1 |      67 |       24 |     11 |    54 |    +0.2% |   -1.096 |       -1.4 |    289 | dataadr[0]
      641 |       1 |      67 |       24 |     11 |    54 |    +0.2% |   -1.096 |       -1.4 |    288 | dataadr[0]
      642 |       1 |      67 |       24 |     11 |    54 |    +0.2% |   -1.096 |       -1.4 |    287 | dataadr[0]
      643 |       1 |      67 |       24 |     11 |    54 |    +0.2% |   -1.096 |       -1.4 |    286 | dataadr[0]
      644 |       1 |      67 |       24 |     11 |    54 |    +0.2% |   -1.096 |       -1.4 |    285 | dataadr[0]
      645 |       1 |      67 |       24 |     11 |    54 |    +0.2% |   -1.096 |       -1.4 |    284 | dataadr[0]
      646 |       1 |      67 |       24 |     11 |    54 |    +0.2% |   -1.096 |       -1.4 |    283 | dataadr[0]
      647 |       1 |      67 |       24 |     11 |    54 |    +0.2% |   -1.096 |       -1.4 |    282 | dataadr[0]
      648 |       1 |      67 |       24 |     11 |    54 |    +0.2% |   -1.096 |       -1.4 |    281 | dataadr[0]
      649 |       1 |      67 |       24 |     11 |    54 |    +0.2% |   -1.096 |       -1.4 |    280 | dataadr[0]
      650 |       1 |      67 |       24 |     11 |    54 |    +0.2% |   -1.096 |       -1.4 |    280 | dataadr[0]
      650 |       1 |      67 |       24 |     11 |    54 |    +0.2% |   -1.096 |       -1.4 |    279 | dataadr[0]
      651 |       1 |      67 |       24 |     11 |    54 |    +0.2% |   -1.096 |       -1.4 |    278 | dataadr[0]
      652 |       1 |      67 |       24 |     11 |    54 |    +0.2% |   -1.096 |       -1.4 |    277 | dataadr[0]
      653 |       1 |      67 |       24 |     11 |    54 |    +0.2% |   -1.096 |       -1.4 |    276 | dataadr[0]
      654 |       1 |      67 |       24 |     11 |    54 |    +0.2% |   -1.096 |       -1.4 |    275 | dataadr[0]
      655 |       1 |      67 |       24 |     11 |    54 |    +0.2% |   -1.096 |       -1.4 |    274 | dataadr[0]
      656 |       1 |      67 |       24 |     11 |    54 |    +0.2% |   -1.096 |       -1.4 |    273 | dataadr[0]
      657 |       1 |      67 |       24 |     11 |    54 |    +0.2% |   -1.096 |       -1.4 |    272 | dataadr[0]
      658 |       1 |      67 |       24 |     11 |    54 |    +0.2% |   -1.096 |       -1.4 |    271 | dataadr[0]
      659 |       1 |      67 |       24 |     11 |    54 |    +0.2% |   -1.096 |       -1.4 |    270 | dataadr[0]
      660 |       1 |      67 |       24 |     11 |    54 |    +0.2% |   -1.096 |       -1.4 |    270 | dataadr[0]
      660 |       1 |      67 |       24 |     11 |    54 |    +0.2% |   -1.096 |       -1.4 |    269 | dataadr[0]
      661 |       1 |      67 |       24 |     11 |    54 |    +0.2% |   -1.096 |       -1.4 |    268 | dataadr[0]
      662 |       1 |      67 |       24 |     11 |    54 |    +0.2% |   -1.096 |       -1.4 |    267 | dataadr[0]
      663 |       1 |      67 |       24 |     11 |    54 |    +0.2% |   -1.096 |       -1.4 |    266 | dataadr[0]
      664 |       1 |      67 |       24 |     11 |    54 |    +0.2% |   -1.096 |       -1.4 |    265 | dataadr[0]
      665 |       1 |      67 |       24 |     11 |    54 |    +0.2% |   -1.096 |       -1.4 |    264 | dataadr[0]
      666 |       1 |      67 |       24 |     11 |    54 |    +0.2% |   -1.096 |       -1.4 |    263 | dataadr[0]
      667 |       1 |      67 |       24 |     11 |    54 |    +0.2% |   -1.096 |       -1.4 |    262 | dataadr[0]
      668 |       1 |      67 |       24 |     11 |    54 |    +0.2% |   -1.096 |       -1.4 |    261 | dataadr[0]
      669 |       1 |      67 |       24 |     11 |    54 |    +0.2% |   -1.096 |       -1.4 |    260 | dataadr[0]
      670 |       1 |      67 |       24 |     11 |    54 |    +0.2% |   -1.096 |       -1.4 |    260 | dataadr[0]
      670 |       1 |      67 |       24 |     11 |    54 |    +0.2% |   -1.096 |       -1.4 |    259 | dataadr[0]
      671 |       1 |      67 |       24 |     11 |    54 |    +0.2% |   -1.096 |       -1.4 |    258 | dataadr[0]
      672 |       1 |      67 |       24 |     11 |    54 |    +0.2% |   -1.096 |       -1.4 |    257 | dataadr[0]
      673 |       1 |      67 |       24 |     11 |    54 |    +0.2% |   -1.096 |       -1.4 |    256 | dataadr[0]
      674 |       1 |      67 |       24 |     11 |    54 |    +0.2% |   -1.096 |       -1.4 |    255 | dataadr[0]
      675 |       1 |      67 |       24 |     11 |    54 |    +0.2% |   -1.096 |       -1.4 |    254 | dataadr[0]
      676 |       1 |      67 |       24 |     11 |    54 |    +0.2% |   -1.096 |       -1.4 |    253 | dataadr[0]
      677 |       1 |      67 |       24 |     11 |    54 |    +0.2% |   -1.096 |       -1.4 |    252 | dataadr[0]
      678 |       1 |      67 |       24 |     11 |    54 |    +0.2% |   -1.096 |       -1.4 |    251 | dataadr[0]
      679 |       1 |      67 |       24 |     11 |    54 |    +0.2% |   -1.096 |       -1.4 |    250 | dataadr[0]
      680 |       1 |      67 |       24 |     11 |    54 |    +0.2% |   -1.096 |       -1.4 |    250 | dataadr[0]
      680 |       1 |      67 |       24 |     11 |    54 |    +0.2% |   -1.096 |       -1.4 |    249 | dataadr[0]
      681 |       1 |      67 |       24 |     11 |    54 |    +0.2% |   -1.096 |       -1.4 |    248 | dataadr[0]
      682 |       1 |      67 |       24 |     11 |    54 |    +0.2% |   -1.096 |       -1.4 |    247 | dataadr[0]
      683 |       1 |      67 |       24 |     11 |    54 |    +0.2% |   -1.096 |       -1.4 |    246 | dataadr[0]
      684 |       1 |      67 |       24 |     11 |    54 |    +0.2% |   -1.096 |       -1.4 |    245 | dataadr[0]
      685 |       1 |      67 |       24 |     11 |    54 |    +0.2% |   -1.096 |       -1.4 |    244 | dataadr[0]
      686 |       1 |      67 |       24 |     11 |    54 |    +0.2% |   -1.096 |       -1.4 |    243 | dataadr[0]
      687 |       1 |      67 |       24 |     11 |    54 |    +0.2% |   -1.096 |       -1.4 |    242 | dataadr[0]
      688 |       1 |      67 |       24 |     11 |    54 |    +0.2% |   -1.096 |       -1.4 |    241 | dataadr[0]
      689 |       1 |      67 |       24 |     11 |    54 |    +0.2% |   -1.096 |       -1.4 |    240 | dataadr[0]
      690 |       1 |      67 |       24 |     11 |    54 |    +0.2% |   -1.096 |       -1.4 |    240 | dataadr[0]
      690 |       1 |      67 |       24 |     11 |    54 |    +0.2% |   -1.096 |       -1.4 |    239 | dataadr[0]
      691 |       1 |      67 |       24 |     11 |    54 |    +0.2% |   -1.096 |       -1.4 |    238 | dataadr[0]
      692 |       1 |      67 |       24 |     11 |    54 |    +0.2% |   -1.096 |       -1.4 |    237 | dataadr[0]
      693 |       1 |      67 |       24 |     11 |    54 |    +0.2% |   -1.096 |       -1.4 |    236 | dataadr[0]
      694 |       1 |      67 |       24 |     11 |    54 |    +0.2% |   -1.096 |       -1.4 |    235 | dataadr[0]
      695 |       1 |      67 |       24 |     11 |    54 |    +0.2% |   -1.096 |       -1.4 |    234 | dataadr[0]
      696 |       1 |      67 |       24 |     11 |    54 |    +0.2% |   -1.096 |       -1.4 |    233 | dataadr[0]
      697 |       1 |      67 |       24 |     11 |    54 |    +0.2% |   -1.096 |       -1.4 |    232 | dataadr[0]
      698 |       1 |      67 |       24 |     11 |    54 |    +0.2% |   -1.096 |       -1.4 |    231 | dataadr[0]
      699 |       1 |      67 |       24 |     11 |    54 |    +0.2% |   -1.096 |       -1.4 |    230 | dataadr[0]
      700 |       1 |      67 |       24 |     11 |    54 |    +0.2% |   -1.096 |       -1.4 |    230 | dataadr[0]
      700 |       1 |      67 |       24 |     11 |    54 |    +0.2% |   -1.096 |       -1.4 |    229 | dataadr[0]
      701 |       1 |      67 |       24 |     11 |    54 |    +0.2% |   -1.096 |       -1.4 |    228 | dataadr[0]
      702 |       1 |      67 |       24 |     11 |    54 |    +0.2% |   -1.096 |       -1.4 |    227 | dataadr[0]
      703 |       1 |      67 |       24 |     11 |    54 |    +0.2% |   -1.096 |       -1.4 |    226 | dataadr[0]
      704 |       1 |      67 |       24 |     11 |    54 |    +0.2% |   -1.096 |       -1.4 |    225 | dataadr[0]
      705 |       1 |      67 |       24 |     11 |    54 |    +0.2% |   -1.096 |       -1.4 |    224 | dataadr[0]
      706 |       1 |      67 |       24 |     11 |    54 |    +0.2% |   -1.096 |       -1.4 |    223 | dataadr[0]
      707 |       1 |      67 |       24 |     11 |    54 |    +0.2% |   -1.096 |       -1.4 |    222 | dataadr[0]
      708 |       1 |      67 |       24 |     11 |    54 |    +0.2% |   -1.096 |       -1.4 |    221 | dataadr[0]
      709 |       1 |      67 |       24 |     11 |    54 |    +0.2% |   -1.096 |       -1.4 |    220 | dataadr[0]
      710 |       1 |      67 |       24 |     11 |    54 |    +0.2% |   -1.096 |       -1.4 |    220 | dataadr[0]
      710 |       1 |      67 |       24 |     11 |    54 |    +0.2% |   -1.096 |       -1.4 |    219 | dataadr[0]
      711 |       1 |      67 |       24 |     11 |    54 |    +0.2% |   -1.096 |       -1.4 |    218 | dataadr[0]
      712 |       1 |      67 |       24 |     11 |    54 |    +0.2% |   -1.096 |       -1.4 |    217 | dataadr[0]
      713 |       1 |      67 |       24 |     11 |    54 |    +0.2% |   -1.096 |       -1.4 |    216 | dataadr[0]
      714 |       1 |      67 |       24 |     11 |    54 |    +0.2% |   -1.096 |       -1.4 |    215 | dataadr[0]
      715 |       1 |      67 |       24 |     11 |    54 |    +0.2% |   -1.096 |       -1.4 |    214 | dataadr[0]
      716 |       1 |      67 |       24 |     11 |    54 |    +0.2% |   -1.096 |       -1.4 |    213 | dataadr[0]
      717 |       1 |      67 |       24 |     11 |    54 |    +0.2% |   -1.096 |       -1.4 |    212 | dataadr[0]
      718 |       1 |      67 |       24 |     11 |    54 |    +0.2% |   -1.096 |       -1.4 |    211 | dataadr[0]
      719 |       1 |      67 |       24 |     11 |    54 |    +0.2% |   -1.096 |       -1.4 |    210 | dataadr[0]
      720 |       1 |      67 |       24 |     11 |    54 |    +0.2% |   -1.096 |       -1.4 |    210 | dataadr[0]
      720 |       1 |      67 |       24 |     11 |    54 |    +0.2% |   -1.096 |       -1.4 |    209 | dataadr[0]
      721 |       1 |      67 |       24 |     11 |    54 |    +0.2% |   -1.096 |       -1.4 |    208 | dataadr[0]
      722 |       1 |      67 |       24 |     11 |    54 |    +0.2% |   -1.096 |       -1.4 |    207 | dataadr[0]
      723 |       1 |      67 |       24 |     11 |    54 |    +0.2% |   -1.096 |       -1.4 |    206 | dataadr[0]
      724 |       1 |      67 |       24 |     11 |    54 |    +0.2% |   -1.096 |       -1.4 |    205 | dataadr[0]
      725 |       1 |      67 |       24 |     11 |    54 |    +0.2% |   -1.096 |       -1.4 |    204 | dataadr[0]
      726 |       1 |      67 |       24 |     11 |    54 |    +0.2% |   -1.096 |       -1.4 |    203 | dataadr[0]
      727 |       1 |      67 |       24 |     11 |    54 |    +0.2% |   -1.096 |       -1.4 |    202 | dataadr[0]
      728 |       1 |      67 |       24 |     11 |    54 |    +0.2% |   -1.096 |       -1.4 |    201 | dataadr[0]
      729 |       1 |      67 |       24 |     11 |    54 |    +0.2% |   -1.096 |       -1.4 |    200 | dataadr[0]
      730 |       1 |      67 |       24 |     11 |    54 |    +0.2% |   -1.096 |       -1.4 |    200 | dataadr[0]
      730 |       1 |      67 |       24 |     11 |    54 |    +0.2% |   -1.096 |       -1.4 |    199 | dataadr[0]
      731 |       1 |      67 |       24 |     11 |    54 |    +0.2% |   -1.096 |       -1.4 |    198 | dataadr[0]
      732 |       1 |      67 |       24 |     11 |    54 |    +0.2% |   -1.096 |       -1.4 |    197 | dataadr[0]
      733 |       1 |      67 |       24 |     11 |    54 |    +0.2% |   -1.096 |       -1.4 |    196 | dataadr[0]
      734 |       1 |      67 |       24 |     11 |    54 |    +0.2% |   -1.096 |       -1.4 |    195 | dataadr[0]
      735 |       1 |      67 |       24 |     11 |    54 |    +0.2% |   -1.096 |       -1.4 |    194 | dataadr[0]
      736 |       1 |      67 |       24 |     11 |    54 |    +0.2% |   -1.096 |       -1.4 |    193 | dataadr[0]
      737 |       1 |      67 |       24 |     11 |    54 |    +0.2% |   -1.096 |       -1.4 |    192 | dataadr[0]
      738 |       1 |      67 |       24 |     11 |    54 |    +0.2% |   -1.096 |       -1.4 |    191 | dataadr[0]
      739 |       1 |      67 |       24 |     11 |    54 |    +0.2% |   -1.096 |       -1.4 |    190 | dataadr[0]
      740 |       1 |      67 |       24 |     11 |    54 |    +0.2% |   -1.096 |       -1.4 |    190 | dataadr[0]
      740 |       1 |      67 |       24 |     11 |    54 |    +0.2% |   -1.096 |       -1.4 |    189 | dataadr[0]
      741 |       1 |      67 |       24 |     11 |    54 |    +0.2% |   -1.096 |       -1.4 |    188 | dataadr[0]
      742 |       1 |      67 |       24 |     11 |    54 |    +0.2% |   -1.096 |       -1.4 |    187 | dataadr[0]
      743 |       1 |      67 |       24 |     11 |    54 |    +0.2% |   -1.096 |       -1.4 |    186 | dataadr[0]
      744 |       1 |      67 |       24 |     11 |    54 |    +0.2% |   -1.096 |       -1.4 |    185 | dataadr[0]
      745 |       1 |      67 |       24 |     11 |    54 |    +0.2% |   -1.096 |       -1.4 |    184 | dataadr[0]
      746 |       1 |      67 |       24 |     11 |    54 |    +0.2% |   -1.096 |       -1.4 |    183 | dataadr[0]
      747 |       1 |      67 |       24 |     11 |    54 |    +0.2% |   -1.096 |       -1.4 |    182 | dataadr[0]
      748 |       1 |      67 |       24 |     11 |    54 |    +0.2% |   -1.096 |       -1.4 |    181 | dataadr[0]
      749 |       1 |      67 |       24 |     11 |    54 |    +0.2% |   -1.096 |       -1.4 |    180 | dataadr[0]
      750 |       1 |      67 |       24 |     11 |    54 |    +0.2% |   -1.096 |       -1.4 |    180 | dataadr[0]
      750 |       1 |      67 |       24 |     11 |    54 |    +0.2% |   -1.096 |       -1.4 |    179 | dataadr[0]
      751 |       1 |      67 |       24 |     11 |    54 |    +0.2% |   -1.096 |       -1.4 |    178 | dataadr[0]
      752 |       1 |      67 |       24 |     11 |    54 |    +0.2% |   -1.096 |       -1.4 |    177 | dataadr[0]
      753 |       1 |      67 |       24 |     11 |    54 |    +0.2% |   -1.096 |       -1.4 |    176 | dataadr[0]
      754 |       1 |      67 |       24 |     11 |    54 |    +0.2% |   -1.096 |       -1.4 |    175 | dataadr[0]
      755 |       1 |      67 |       24 |     11 |    54 |    +0.2% |   -1.096 |       -1.4 |    174 | dataadr[0]
      756 |       1 |      67 |       24 |     11 |    54 |    +0.2% |   -1.096 |       -1.4 |    173 | dataadr[0]
      757 |       1 |      67 |       24 |     11 |    54 |    +0.2% |   -1.096 |       -1.4 |    172 | dataadr[0]
      758 |       1 |      67 |       24 |     11 |    54 |    +0.2% |   -1.096 |       -1.4 |    171 | dataadr[0]
      759 |       1 |      67 |       24 |     11 |    54 |    +0.2% |   -1.096 |       -1.4 |    170 | dataadr[0]
      760 |       1 |      67 |       24 |     11 |    54 |    +0.2% |   -1.096 |       -1.4 |    170 | dataadr[0]
      760 |       1 |      67 |       24 |     11 |    54 |    +0.2% |   -1.096 |       -1.4 |    169 | dataadr[0]
      761 |       1 |      67 |       24 |     11 |    54 |    +0.2% |   -1.096 |       -1.4 |    168 | dataadr[0]
      762 |       1 |      67 |       24 |     11 |    54 |    +0.2% |   -1.096 |       -1.4 |    167 | dataadr[0]
      763 |       1 |      67 |       24 |     11 |    54 |    +0.2% |   -1.096 |       -1.4 |    166 | dataadr[0]
      764 |       1 |      67 |       24 |     11 |    54 |    +0.2% |   -1.096 |       -1.4 |    165 | dataadr[0]
      765 |       1 |      67 |       24 |     11 |    54 |    +0.2% |   -1.096 |       -1.4 |    164 | dataadr[0]
      766 |       1 |      67 |       24 |     11 |    54 |    +0.2% |   -1.096 |       -1.4 |    163 | dataadr[0]
      767 |       1 |      67 |       24 |     11 |    54 |    +0.2% |   -1.096 |       -1.4 |    162 | dataadr[0]
      768 |       1 |      67 |       24 |     11 |    54 |    +0.2% |   -1.096 |       -1.4 |    161 | dataadr[0]
      769 |       1 |      67 |       24 |     11 |    54 |    +0.2% |   -1.096 |       -1.4 |    160 | dataadr[0]
      770 |       1 |      67 |       24 |     11 |    54 |    +0.2% |   -1.096 |       -1.4 |    160 | dataadr[0]
      770 |       1 |      67 |       24 |     11 |    54 |    +0.2% |   -1.096 |       -1.4 |    159 | dataadr[0]
      771 |       1 |      67 |       24 |     11 |    54 |    +0.2% |   -1.096 |       -1.4 |    158 | dataadr[0]
      772 |       1 |      67 |       24 |     11 |    54 |    +0.2% |   -1.096 |       -1.4 |    157 | dataadr[0]
      773 |       1 |      67 |       24 |     11 |    54 |    +0.2% |   -1.096 |       -1.4 |    156 | dataadr[0]
      774 |       1 |      67 |       24 |     11 |    54 |    +0.2% |   -1.096 |       -1.4 |    155 | dataadr[0]
      775 |       1 |      67 |       24 |     11 |    54 |    +0.2% |   -1.096 |       -1.4 |    154 | dataadr[0]
      776 |       1 |      67 |       24 |     11 |    54 |    +0.2% |   -1.096 |       -1.4 |    153 | dataadr[0]
      777 |       1 |      67 |       24 |     11 |    54 |    +0.2% |   -1.096 |       -1.4 |    152 | dataadr[0]
      778 |       1 |      67 |       24 |     11 |    54 |    +0.2% |   -1.096 |       -1.4 |    151 | dataadr[0]
      779 |       1 |      67 |       24 |     11 |    54 |    +0.2% |   -1.096 |       -1.4 |    150 | dataadr[0]
      780 |       1 |      67 |       24 |     11 |    54 |    +0.2% |   -1.096 |       -1.4 |    150 | dataadr[0]
      780 |       1 |      67 |       24 |     11 |    54 |    +0.2% |   -1.096 |       -1.4 |    149 | dataadr[0]
      781 |       1 |      67 |       24 |     11 |    54 |    +0.2% |   -1.096 |       -1.4 |    148 | dataadr[0]
      782 |       1 |      67 |       24 |     11 |    54 |    +0.2% |   -1.096 |       -1.4 |    147 | dataadr[0]
      783 |       1 |      67 |       24 |     11 |    54 |    +0.2% |   -1.096 |       -1.4 |    146 | dataadr[0]
      784 |       1 |      67 |       24 |     11 |    54 |    +0.2% |   -1.096 |       -1.4 |    145 | dataadr[0]
      785 |       1 |      67 |       24 |     11 |    54 |    +0.2% |   -1.096 |       -1.4 |    144 | dataadr[0]
      786 |       1 |      67 |       24 |     11 |    54 |    +0.2% |   -1.096 |       -1.4 |    143 | dataadr[0]
      787 |       1 |      67 |       24 |     11 |    54 |    +0.2% |   -1.096 |       -1.4 |    142 | dataadr[0]
      788 |       1 |      67 |       24 |     11 |    54 |    +0.2% |   -1.096 |       -1.4 |    141 | dataadr[0]
      789 |       1 |      67 |       24 |     11 |    54 |    +0.2% |   -1.096 |       -1.4 |    140 | dataadr[0]
      790 |       1 |      67 |       24 |     11 |    54 |    +0.2% |   -1.096 |       -1.4 |    140 | dataadr[0]
      790 |       1 |      67 |       24 |     11 |    54 |    +0.2% |   -1.096 |       -1.4 |    139 | dataadr[0]
      791 |       1 |      67 |       24 |     11 |    54 |    +0.2% |   -1.096 |       -1.4 |    138 | dataadr[0]
      792 |       1 |      67 |       24 |     11 |    54 |    +0.2% |   -1.096 |       -1.4 |    137 | dataadr[0]
      793 |       1 |      67 |       24 |     11 |    54 |    +0.2% |   -1.096 |       -1.4 |    136 | dataadr[0]
      794 |       1 |      67 |       24 |     11 |    54 |    +0.2% |   -1.096 |       -1.4 |    135 | dataadr[0]
      795 |       1 |      67 |       24 |     11 |    54 |    +0.2% |   -1.096 |       -1.4 |    134 | dataadr[0]
      796 |       1 |      67 |       24 |     11 |    54 |    +0.2% |   -1.096 |       -1.4 |    133 | dataadr[0]
      797 |       1 |      67 |       24 |     11 |    54 |    +0.2% |   -1.096 |       -1.4 |    132 | dataadr[0]
      798 |       1 |      67 |       24 |     11 |    54 |    +0.2% |   -1.096 |       -1.4 |    131 | dataadr[0]
      799 |       1 |      67 |       24 |     11 |    54 |    +0.2% |   -1.096 |       -1.4 |    130 | dataadr[0]
      800 |       1 |      67 |       24 |     11 |    54 |    +0.2% |   -1.096 |       -1.4 |    130 | dataadr[0]
      800 |       1 |      67 |       24 |     11 |    54 |    +0.2% |   -1.096 |       -1.4 |    129 | dataadr[0]
      801 |       1 |      67 |       24 |     11 |    54 |    +0.2% |   -1.096 |       -1.4 |    128 | dataadr[0]
      802 |       1 |      67 |       24 |     11 |    54 |    +0.2% |   -1.096 |       -1.4 |    127 | dataadr[0]
      803 |       1 |      67 |       24 |     11 |    54 |    +0.2% |   -1.096 |       -1.4 |    126 | dataadr[0]
      804 |       1 |      67 |       24 |     11 |    54 |    +0.2% |   -1.096 |       -1.4 |    125 | dataadr[0]
      805 |       1 |      67 |       24 |     11 |    54 |    +0.2% |   -1.096 |       -1.4 |    124 | dataadr[0]
      806 |       1 |      67 |       24 |     11 |    54 |    +0.2% |   -1.096 |       -1.4 |    123 | dataadr[0]
      807 |       1 |      67 |       24 |     11 |    54 |    +0.2% |   -1.096 |       -1.4 |    122 | dataadr[0]
      808 |       1 |      67 |       24 |     11 |    54 |    +0.2% |   -1.096 |       -1.4 |    121 | dataadr[0]
      809 |       1 |      67 |       24 |     11 |    54 |    +0.2% |   -1.096 |       -1.4 |    120 | dataadr[0]
      810 |       1 |      67 |       24 |     11 |    54 |    +0.2% |   -1.096 |       -1.4 |    120 | dataadr[0]
      810 |       1 |      67 |       24 |     11 |    54 |    +0.2% |   -1.096 |       -1.4 |    119 | dataadr[0]
      811 |       1 |      67 |       24 |     11 |    54 |    +0.2% |   -1.096 |       -1.4 |    118 | dataadr[0]
      812 |       1 |      67 |       24 |     11 |    54 |    +0.2% |   -1.096 |       -1.4 |    117 | dataadr[0]
      813 |       1 |      67 |       24 |     11 |    54 |    +0.2% |   -1.096 |       -1.4 |    116 | dataadr[0]
      814 |       1 |      67 |       24 |     11 |    54 |    +0.2% |   -1.096 |       -1.4 |    115 | dataadr[0]
      815 |       1 |      67 |       24 |     11 |    54 |    +0.2% |   -1.096 |       -1.4 |    114 | dataadr[0]
      816 |       1 |      67 |       24 |     11 |    54 |    +0.2% |   -1.096 |       -1.4 |    113 | dataadr[0]
      817 |       1 |      67 |       24 |     11 |    54 |    +0.2% |   -1.096 |       -1.4 |    112 | dataadr[0]
      818 |       1 |      67 |       24 |     11 |    54 |    +0.2% |   -1.096 |       -1.4 |    111 | dataadr[0]
      819 |       1 |      67 |       24 |     11 |    54 |    +0.2% |   -1.096 |       -1.4 |    110 | dataadr[0]
      820 |       1 |      67 |       24 |     11 |    54 |    +0.2% |   -1.096 |       -1.4 |    110 | dataadr[0]
      820 |       1 |      67 |       24 |     11 |    54 |    +0.2% |   -1.096 |       -1.4 |    109 | dataadr[0]
      821 |       1 |      67 |       24 |     11 |    54 |    +0.2% |   -1.096 |       -1.4 |    108 | dataadr[0]
      822 |       1 |      67 |       24 |     11 |    54 |    +0.2% |   -1.096 |       -1.4 |    107 | dataadr[0]
      823 |       1 |      67 |       24 |     11 |    54 |    +0.2% |   -1.096 |       -1.4 |    106 | dataadr[0]
      824 |       1 |      67 |       24 |     11 |    54 |    +0.2% |   -1.096 |       -1.4 |    105 | dataadr[0]
      825 |       1 |      67 |       24 |     11 |    54 |    +0.2% |   -1.096 |       -1.4 |    104 | dataadr[0]
      826 |       1 |      67 |       24 |     11 |    54 |    +0.2% |   -1.096 |       -1.4 |    103 | dataadr[0]
      827 |       1 |      67 |       24 |     11 |    54 |    +0.2% |   -1.096 |       -1.4 |    102 | dataadr[0]
      828 |       1 |      67 |       24 |     11 |    54 |    +0.2% |   -1.096 |       -1.4 |    101 | dataadr[0]
      829 |       1 |      67 |       24 |     11 |    54 |    +0.2% |   -1.096 |       -1.4 |    100 | dataadr[0]
      830 |       1 |      67 |       24 |     11 |    54 |    +0.2% |   -1.096 |       -1.4 |    100 | dataadr[0]
      830 |       1 |      67 |       24 |     11 |    54 |    +0.2% |   -1.096 |       -1.4 |     99 | dataadr[0]
      831 |       1 |      67 |       24 |     11 |    54 |    +0.2% |   -1.096 |       -1.4 |     98 | dataadr[0]
      832 |       1 |      67 |       24 |     11 |    54 |    +0.2% |   -1.096 |       -1.4 |     97 | dataadr[0]
      833 |       1 |      67 |       24 |     11 |    54 |    +0.2% |   -1.096 |       -1.4 |     96 | dataadr[0]
      834 |       1 |      67 |       24 |     11 |    54 |    +0.2% |   -1.096 |       -1.4 |     95 | dataadr[0]
      835 |       1 |      67 |       24 |     11 |    54 |    +0.2% |   -1.096 |       -1.4 |     94 | dataadr[0]
      836 |       1 |      67 |       24 |     11 |    54 |    +0.2% |   -1.096 |       -1.4 |     93 | dataadr[0]
      837 |       1 |      67 |       24 |     11 |    54 |    +0.2% |   -1.096 |       -1.4 |     92 | dataadr[0]
      838 |       1 |      67 |       24 |     11 |    54 |    +0.2% |   -1.096 |       -1.4 |     91 | dataadr[0]
      839 |       1 |      67 |       24 |     11 |    54 |    +0.2% |   -1.096 |       -1.4 |     90 | dataadr[0]
      840 |       1 |      67 |       24 |     11 |    54 |    +0.2% |   -1.096 |       -1.4 |     90 | dataadr[0]
      840 |       1 |      67 |       24 |     11 |    54 |    +0.2% |   -1.096 |       -1.4 |     89 | dataadr[0]
      841 |       1 |      67 |       24 |     11 |    54 |    +0.2% |   -1.096 |       -1.4 |     88 | dataadr[0]
      842 |       1 |      67 |       24 |     11 |    54 |    +0.2% |   -1.096 |       -1.4 |     87 | dataadr[0]
      843 |       1 |      67 |       24 |     11 |    54 |    +0.2% |   -1.096 |       -1.4 |     86 | dataadr[0]
      844 |       1 |      67 |       24 |     11 |    54 |    +0.2% |   -1.096 |       -1.4 |     85 | dataadr[0]
      845 |       1 |      67 |       24 |     11 |    54 |    +0.2% |   -1.096 |       -1.4 |     84 | dataadr[0]
      846 |       1 |      67 |       24 |     11 |    54 |    +0.2% |   -1.096 |       -1.4 |     83 | dataadr[0]
      847 |       1 |      67 |       24 |     11 |    54 |    +0.2% |   -1.096 |       -1.4 |     82 | dataadr[0]
      848 |       1 |      67 |       24 |     11 |    54 |    +0.2% |   -1.096 |       -1.4 |     81 | dataadr[0]
      849 |       1 |      67 |       24 |     11 |    54 |    +0.2% |   -1.096 |       -1.4 |     80 | dataadr[0]
      850 |       1 |      67 |       24 |     11 |    54 |    +0.2% |   -1.096 |       -1.4 |     80 | dataadr[0]
      850 |       1 |      67 |       24 |     11 |    54 |    +0.2% |   -1.096 |       -1.4 |     79 | dataadr[0]
      851 |       1 |      67 |       24 |     11 |    54 |    +0.2% |   -1.096 |       -1.4 |     78 | dataadr[0]
      852 |       1 |      67 |       24 |     11 |    54 |    +0.2% |   -1.096 |       -1.4 |     77 | dataadr[0]
      853 |       1 |      67 |       24 |     11 |    54 |    +0.2% |   -1.096 |       -1.4 |     76 | dataadr[0]
      854 |       1 |      67 |       24 |     11 |    54 |    +0.2% |   -1.096 |       -1.4 |     75 | dataadr[0]
      855 |       1 |      67 |       24 |     11 |    54 |    +0.2% |   -1.096 |       -1.4 |     74 | dataadr[0]
      856 |       1 |      67 |       24 |     11 |    54 |    +0.2% |   -1.096 |       -1.4 |     73 | dataadr[0]
      857 |       1 |      67 |       24 |     11 |    54 |    +0.2% |   -1.096 |       -1.4 |     72 | dataadr[0]
      858 |       1 |      67 |       24 |     11 |    54 |    +0.2% |   -1.096 |       -1.4 |     71 | dataadr[0]
      859 |       1 |      67 |       24 |     11 |    54 |    +0.2% |   -1.096 |       -1.4 |     70 | dataadr[0]
      860 |       1 |      67 |       24 |     11 |    54 |    +0.2% |   -1.096 |       -1.4 |     70 | dataadr[0]
      860 |       1 |      67 |       24 |     11 |    54 |    +0.2% |   -1.096 |       -1.4 |     69 | dataadr[0]
      861 |       1 |      67 |       24 |     11 |    54 |    +0.2% |   -1.096 |       -1.4 |     68 | dataadr[0]
      862 |       1 |      67 |       24 |     11 |    54 |    +0.2% |   -1.096 |       -1.4 |     67 | dataadr[0]
      863 |       1 |      67 |       24 |     11 |    54 |    +0.2% |   -1.096 |       -1.4 |     66 | dataadr[0]
      864 |       1 |      67 |       24 |     11 |    54 |    +0.2% |   -1.096 |       -1.4 |     65 | dataadr[0]
      865 |       1 |      67 |       24 |     11 |    54 |    +0.2% |   -1.096 |       -1.4 |     64 | dataadr[0]
      866 |       1 |      67 |       24 |     11 |    54 |    +0.2% |   -1.096 |       -1.4 |     63 | dataadr[0]
      867 |       1 |      67 |       24 |     11 |    54 |    +0.2% |   -1.096 |       -1.4 |     62 | dataadr[0]
      868 |       1 |      67 |       24 |     11 |    54 |    +0.2% |   -1.096 |       -1.4 |     61 | dataadr[0]
      869 |       1 |      67 |       24 |     11 |    54 |    +0.2% |   -1.096 |       -1.4 |     60 | dataadr[0]
      870 |       1 |      67 |       24 |     11 |    54 |    +0.2% |   -1.096 |       -1.4 |     60 | dataadr[0]
      870 |       1 |      67 |       24 |     11 |    54 |    +0.2% |   -1.096 |       -1.4 |     59 | dataadr[0]
      871 |       1 |      67 |       24 |     11 |    54 |    +0.2% |   -1.096 |       -1.4 |     58 | dataadr[0]
      872 |       1 |      67 |       24 |     11 |    54 |    +0.2% |   -1.096 |       -1.4 |     57 | dataadr[0]
      873 |       1 |      67 |       24 |     11 |    54 |    +0.2% |   -1.096 |       -1.4 |     56 | dataadr[0]
      874 |       1 |      67 |       24 |     11 |    54 |    +0.2% |   -1.096 |       -1.4 |     55 | dataadr[0]
      875 |       1 |      67 |       24 |     11 |    54 |    +0.2% |   -1.096 |       -1.4 |     54 | dataadr[0]
      876 |       1 |      67 |       24 |     11 |    54 |    +0.2% |   -1.096 |       -1.4 |     53 | dataadr[0]
      877 |       1 |      67 |       24 |     11 |    54 |    +0.2% |   -1.096 |       -1.4 |     52 | dataadr[0]
      878 |       1 |      67 |       24 |     11 |    54 |    +0.2% |   -1.096 |       -1.4 |     51 | dataadr[0]
      879 |       1 |      67 |       24 |     11 |    54 |    +0.2% |   -1.096 |       -1.4 |     50 | dataadr[0]
      880 |       1 |      67 |       24 |     11 |    54 |    +0.2% |   -1.096 |       -1.4 |     50 | dataadr[0]
      880 |       1 |      67 |       24 |     11 |    54 |    +0.2% |   -1.096 |       -1.4 |     49 | dataadr[0]
      881 |       1 |      67 |       24 |     11 |    54 |    +0.2% |   -1.096 |       -1.4 |     48 | dataadr[0]
      882 |       1 |      67 |       24 |     11 |    54 |    +0.2% |   -1.096 |       -1.4 |     47 | dataadr[0]
      883 |       1 |      67 |       24 |     11 |    54 |    +0.2% |   -1.096 |       -1.4 |     46 | dataadr[0]
      884 |       1 |      67 |       24 |     11 |    54 |    +0.2% |   -1.096 |       -1.4 |     45 | dataadr[0]
      885 |       1 |      67 |       24 |     11 |    54 |    +0.2% |   -1.096 |       -1.4 |     44 | dataadr[0]
      886 |       1 |      67 |       24 |     11 |    54 |    +0.2% |   -1.096 |       -1.4 |     43 | dataadr[0]
      887 |       1 |      67 |       24 |     11 |    54 |    +0.2% |   -1.096 |       -1.4 |     42 | dataadr[0]
      888 |       1 |      67 |       24 |     11 |    54 |    +0.2% |   -1.096 |       -1.4 |     41 | dataadr[0]
      889 |       1 |      67 |       24 |     11 |    54 |    +0.2% |   -1.096 |       -1.4 |     40 | dataadr[0]
      890 |       1 |      67 |       24 |     11 |    54 |    +0.2% |   -1.096 |       -1.4 |     40 | dataadr[0]
      890 |       1 |      67 |       24 |     11 |    54 |    +0.2% |   -1.096 |       -1.4 |     39 | dataadr[0]
      891 |       1 |      67 |       24 |     11 |    54 |    +0.2% |   -1.096 |       -1.4 |     38 | dataadr[0]
      892 |       1 |      67 |       24 |     11 |    54 |    +0.2% |   -1.096 |       -1.4 |     37 | dataadr[0]
      893 |       1 |      67 |       24 |     11 |    54 |    +0.2% |   -1.096 |       -1.4 |     36 | dataadr[0]
      894 |       1 |      67 |       24 |     11 |    54 |    +0.2% |   -1.096 |       -1.4 |     35 | dataadr[0]
      895 |       1 |      67 |       24 |     11 |    54 |    +0.2% |   -1.096 |       -1.4 |     34 | dataadr[0]
      896 |       1 |      67 |       24 |     11 |    54 |    +0.2% |   -1.096 |       -1.4 |     33 | dataadr[0]
      897 |       1 |      67 |       24 |     11 |    54 |    +0.2% |   -1.096 |       -1.4 |     32 | dataadr[0]
      898 |       1 |      67 |       24 |     11 |    54 |    +0.2% |   -1.096 |       -1.4 |     31 | dataadr[0]
      899 |       1 |      67 |       24 |     11 |    54 |    +0.2% |   -1.096 |       -1.4 |     30 | dataadr[0]
      900 |       1 |      67 |       24 |     11 |    54 |    +0.2% |   -1.096 |       -1.4 |     30 | dataadr[0]
      900 |       1 |      67 |       24 |     11 |    54 |    +0.2% |   -1.096 |       -1.4 |     29 | dataadr[0]
      901 |       1 |      67 |       24 |     11 |    54 |    +0.2% |   -1.096 |       -1.4 |     28 | dataadr[0]
      902 |       1 |      67 |       24 |     11 |    54 |    +0.2% |   -1.096 |       -1.4 |     27 | dataadr[0]
      903 |       1 |      67 |       24 |     11 |    54 |    +0.2% |   -1.096 |       -1.4 |     26 | dataadr[0]
      904 |       1 |      67 |       24 |     11 |    54 |    +0.2% |   -1.096 |       -1.4 |     25 | dataadr[0]
      905 |       1 |      67 |       24 |     11 |    54 |    +0.2% |   -1.096 |       -1.4 |     24 | dataadr[0]
      906 |       1 |      67 |       24 |     11 |    54 |    +0.2% |   -1.096 |       -1.4 |     23 | dataadr[0]
      907 |       1 |      67 |       24 |     11 |    54 |    +0.2% |   -1.096 |       -1.4 |     22 | dataadr[0]
      908 |       1 |      67 |       24 |     11 |    54 |    +0.2% |   -1.096 |       -1.4 |     21 | dataadr[0]
      909 |       1 |      67 |       24 |     11 |    54 |    +0.2% |   -1.096 |       -1.4 |     20 | dataadr[0]
      910 |       1 |      67 |       24 |     11 |    54 |    +0.2% |   -1.096 |       -1.4 |     20 | dataadr[0]
      910 |       1 |      67 |       24 |     11 |    54 |    +0.2% |   -1.096 |       -1.4 |     19 | dataadr[0]
      911 |       1 |      67 |       24 |     11 |    54 |    +0.2% |   -1.096 |       -1.4 |     18 | dataadr[0]
      912 |       1 |      67 |       24 |     11 |    54 |    +0.2% |   -1.096 |       -1.4 |     17 | dataadr[0]
      913 |       1 |      67 |       24 |     11 |    54 |    +0.2% |   -1.096 |       -1.4 |     16 | dataadr[0]
      914 |       1 |      67 |       24 |     11 |    54 |    +0.2% |   -1.096 |       -1.4 |     15 | dataadr[0]
      915 |       1 |      67 |       24 |     11 |    54 |    +0.2% |   -1.096 |       -1.4 |     14 | dataadr[0]
      916 |       1 |      67 |       24 |     11 |    54 |    +0.2% |   -1.096 |       -1.4 |     13 | dataadr[0]
      917 |       1 |      67 |       24 |     11 |    54 |    +0.2% |   -1.096 |       -1.4 |     12 | dataadr[0]
      918 |       1 |      67 |       24 |     11 |    54 |    +0.2% |   -1.096 |       -1.4 |     11 | dataadr[0]
      919 |       1 |      67 |       24 |     11 |    54 |    +0.2% |   -1.096 |       -1.4 |     10 | dataadr[0]
      920 |       1 |      67 |       24 |     11 |    54 |    +0.2% |   -1.096 |       -1.4 |     10 | dataadr[0]
      920 |       1 |      67 |       24 |     11 |    54 |    +0.2% |   -1.096 |       -1.4 |      9 | dataadr[0]
      921 |       1 |      67 |       24 |     11 |    54 |    +0.2% |   -1.096 |       -1.4 |      8 | dataadr[0]
      922 |       1 |      67 |       24 |     11 |    54 |    +0.2% |   -1.096 |       -1.4 |      7 | dataadr[0]
      923 |       1 |      67 |       24 |     11 |    54 |    +0.2% |   -1.096 |       -1.4 |      6 | dataadr[0]
      924 |       1 |      67 |       24 |     11 |    54 |    +0.2% |   -1.096 |       -1.4 |      5 | dataadr[0]
      925 |       1 |      67 |       24 |     11 |    54 |    +0.2% |   -1.096 |       -1.4 |      4 | dataadr[0]
      926 |       1 |      67 |       24 |     11 |    54 |    +0.2% |   -1.096 |       -1.4 |      3 | dataadr[0]
      927 |       1 |      67 |       24 |     11 |    54 |    +0.2% |   -1.096 |       -1.4 |      2 | dataadr[0]
      928 |       1 |      67 |       24 |     11 |    54 |    +0.2% |   -1.096 |       -1.4 |      1 | dataadr[0]
      929 |       1 |      67 |       24 |     11 |    54 |    +0.2% |   -1.096 |       -1.4 |      0 | dataadr[0]
      930 |       1 |      67 |       24 |     11 |    54 |    +0.2% |   -1.096 |       -1.4 |      0 | dataadr[0]
      930 |       1 |      67 |       24 |     11 |    54 |    +0.2% |   -1.096 |       -1.4 |      0 | dataadr[0]
      931 |       1 |      67 |       24 |     11 |    54 |    +0.2% |   -1.096 |       -1.4 |      0 | dataadr[0]
      932 |       1 |      67 |       24 |     11 |    54 |    +0.2% |   -1.096 |       -1.4 |      0 | dataadr[0]
     934* |       1 |      67 |       24 |     11 |    55 |    +0.2% |   -0.195 |       -0.3 |      1 | _tray_size4_1901/D1
     935* |       1 |      67 |       24 |     11 |    55 |    +0.2% |   -0.195 |       -0.3 |      1 | _tray_size4_1901/D1
     936* |       1 |      67 |       24 |     11 |    55 |    +0.2% |   -0.195 |       -0.3 |      1 | _tray_size4_1901/D1
    final |       1 |      67 |       24 |     11 |    55 |    +0.2% |   -0.195 |       -0.3 |      1 | _tray_size4_1901/D1
--------------------------------------------------------------------------------------------------------------
[INFO RSZ-0059] Removed 1 buffers.
[INFO RSZ-0040] Inserted 24 buffers.
[INFO RSZ-0051] Resized 67 instances: 67 up, 0 up match, 0 down, 0 VT
[INFO RSZ-0043] Swapped pins on 55 instances.
[INFO RSZ-0049] Cloned 11 instances.
[WARNING RSZ-0062] Unable to repair all setup violations.
[INFO RSZ-0033] No hold violations found.
Took 10 seconds: repair_timing -setup_margin 0 -hold_margin 0 -repair_tns 100 -verbose
global_route -start_incremental
detailed_placement
[INFO DPL-0005] Max displacement: +/- 500 sites horizontally, +/- 100 rows vertically.
Movements Summary
---------------------------------------
Total cells:                    9492
Diamond Move Success:           9492 (100.00%)
Diamond Move Failure:              0
Rip-up and replace Success:        0 (  0.00% of diamond failures)
Rip-up and replace Failure:        0
Total Placement Failures:          0
---------------------------------------
Placement Analysis
---------------------------------
total displacement         76.5 u
average displacement        0.0 u
max displacement            2.1 u
original HPWL           47588.5 u
legalized HPWL          47649.8 u
delta HPWL                    0 %

global_route -end_incremental -congestion_report_file ./reports/asap7/riscv32i/modified_alpha_16-beta_0.1-v3/congestion_post_repair_timing.rpt
global_route -start_incremental
global_route -end_incremental -congestion_report_file ./reports/asap7/riscv32i/modified_alpha_16-beta_0.1-v3/congestion_post_recover_power.rpt
Repair antennas...
[WARNING GRT-0246] No diode with LEF class CORE ANTENNACELL found.
[INFO ANT-0002] Found 0 net violations.
[INFO ANT-0001] Found 0 pin violations.
Estimate parasitics...
estimate_parasitics -global_routing
Report metrics stage 5, global route...

==========================================================================
global route report_design_area
--------------------------------------------------------------------------
Design area 2653 um^2 66% utilization.
[INFO FLW-0007] clock clk period 950.000000
[INFO FLW-0008] Clock clk period 914.768
[INFO FLW-0009] Clock clk slack -12.914
[INFO FLW-0011] Path endpoint path count 1461
write_db ./results/asap7/riscv32i/modified_alpha_16-beta_0.1-v3/5_1_grt.odb
write_sdc -no_timestamp ./results/asap7/riscv32i/modified_alpha_16-beta_0.1-v3/5_1_grt.sdc
Elapsed time: 0:34.98[h:]min:sec. CPU time: user 552.29 sys 18.28 (1630%). Peak memory: 561080KB.
Log                        Elapsed/s Peak Memory/MB  sha1sum .odb [0:20)
5_1_grt                           34            547 31c3d5795875d1695bc9
