OpenROAD ee3d65ce03b2656092ed62bf9205c5c11049c575 
Features included (+) or not (-): +GPU +GUI +Python
This program is licensed under the BSD-3 license. See the LICENSE file for details.
Components of this program may be licensed under more restrictive licenses which must be honored.
[INFO ORD-0030] Using 32 thread(s).
source /home/lucast/workspace/OR-flow-TCC/flow/platforms/asap7/liberty_suppressions.tcl
read_liberty /home/lucast/workspace/OR-flow-TCC/flow/platforms/asap7/lib/NLDM/asap7sc7p5t_AO_RVT_FF_nldm_211120.lib.gz
read_liberty /home/lucast/workspace/OR-flow-TCC/flow/platforms/asap7/lib/NLDM/asap7sc7p5t_INVBUF_RVT_FF_nldm_220122.lib.gz
read_liberty /home/lucast/workspace/OR-flow-TCC/flow/platforms/asap7/lib/NLDM/asap7sc7p5t_OA_RVT_FF_nldm_211120.lib.gz
read_liberty /home/lucast/workspace/OR-flow-TCC/flow/platforms/asap7/lib/NLDM/asap7sc7p5t_SIMPLE_RVT_FF_nldm_211120.lib.gz
read_liberty /home/lucast/workspace/OR-flow-TCC/flow/platforms/asap7/lib/NLDM/asap7sc7p5t_SEQ_RVT_FF_nldm_220123.lib
read_liberty /home/lucast/workspace/OR-flow-TCC/flow/platforms/asap7/lib/NLDM/asap7sc7p5t_DFFHQNH2V2X_RVT_TT_nldm_FAKE.lib
read_liberty /home/lucast/workspace/OR-flow-TCC/flow/platforms/asap7/lib/NLDM/asap7sc7p5t_DFFHQNV2X_RVT_TT_nldm_FAKE.lib
read_db ./results/asap7/aes-mbff/modified_alpha_256-beta_0.1/5_2_route.odb
source /home/lucast/workspace/OR-flow-TCC/flow/platforms/asap7/setRC.tcl
FILLERxp5_ASAP7_75t_R FILLER_ASAP7_75t_R DECAPx1_ASAP7_75t_R DECAPx2_ASAP7_75t_R DECAPx4_ASAP7_75t_R DECAPx6_ASAP7_75t_R DECAPx10_ASAP7_75t_R
filler_placement "FILLERxp5_ASAP7_75t_R FILLER_ASAP7_75t_R DECAPx1_ASAP7_75t_R DECAPx2_ASAP7_75t_R DECAPx4_ASAP7_75t_R DECAPx6_ASAP7_75t_R DECAPx10_ASAP7_75t_R"
Filler gap of size 460 at implant RVTN.
Filler gap of size 16 at implant RVTN.
Filler gap of size 59 at implant RVTN.
Filler gap of size 4 at implant RVTN.
Filler gap of size 4 at implant RVTN.
Filler gap of size 27 at implant RVTN.
Filler gap of size 305 at implant RVTN.
Filler gap of size 262 at implant RVTN.
Filler gap of size 417 at implant RVTN.
Filler gap of size 2 at implant RVTN.
Filler gap of size 23 at implant RVTN.
Filler gap of size 21 at implant RVTN.
Filler gap of size 30 at implant RVTN.
Filler gap of size 2 at implant RVTN.
Filler gap of size 1 at implant RVTN.
Filler gap of size 45 at implant RVTN.
Filler gap of size 43 at implant RVTN.
Filler gap of size 7 at implant RVTN.
Filler gap of size 211 at implant RVTN.
Filler gap of size 262 at implant RVTN.
Filler gap of size 415 at implant RVTN.
Filler gap of size 7 at implant RVTN.
Filler gap of size 15 at implant RVTN.
Filler gap of size 4 at implant RVTN.
Filler gap of size 15 at implant RVTN.
Filler gap of size 7 at implant RVTN.
Filler gap of size 1 at implant RVTN.
Filler gap of size 6 at implant RVTN.
Filler gap of size 45 at implant RVTN.
Filler gap of size 44 at implant RVTN.
Filler gap of size 3 at implant RVTN.
Filler gap of size 484 at implant RVTN.
Filler gap of size 418 at implant RVTN.
Filler gap of size 4 at implant RVTN.
Filler gap of size 30 at implant RVTN.
Filler gap of size 11 at implant RVTN.
Filler gap of size 2 at implant RVTN.
Filler gap of size 3 at implant RVTN.
Filler gap of size 2 at implant RVTN.
Filler gap of size 87 at implant RVTN.
Filler gap of size 226 at implant RVTN.
Filler gap of size 262 at implant RVTN.
Filler gap of size 397 at implant RVTN.
Filler gap of size 5 at implant RVTN.
Filler gap of size 29 at implant RVTN.
Filler gap of size 22 at implant RVTN.
Filler gap of size 6 at implant RVTN.
Filler gap of size 6 at implant RVTN.
Filler gap of size 7 at implant RVTN.
Filler gap of size 2 at implant RVTN.
Filler gap of size 7 at implant RVTN.
Filler gap of size 12 at implant RVTN.
Filler gap of size 74 at implant RVTN.
Filler gap of size 104 at implant RVTN.
Filler gap of size 385 at implant RVTN.
Filler gap of size 397 at implant RVTN.
Filler gap of size 48 at implant RVTN.
Filler gap of size 6 at implant RVTN.
Filler gap of size 8 at implant RVTN.
Filler gap of size 25 at implant RVTN.
Filler gap of size 7 at implant RVTN.
Filler gap of size 3 at implant RVTN.
Filler gap of size 17 at implant RVTN.
Filler gap of size 182 at implant RVTN.
Filler gap of size 119 at implant RVTN.
Filler gap of size 262 at implant RVTN.
Filler gap of size 443 at implant RVTN.
Filler gap of size 3 at implant RVTN.
Filler gap of size 6 at implant RVTN.
Filler gap of size 3 at implant RVTN.
Filler gap of size 12 at implant RVTN.
Filler gap of size 9 at implant RVTN.
Filler gap of size 7 at implant RVTN.
Filler gap of size 1 at implant RVTN.
Filler gap of size 3 at implant RVTN.
Filler gap of size 1 at implant RVTN.
Filler gap of size 7 at implant RVTN.
Filler gap of size 1 at implant RVTN.
Filler gap of size 551 at implant RVTN.
Filler gap of size 439 at implant RVTN.
Filler gap of size 12 at implant RVTN.
Filler gap of size 16 at implant RVTN.
Filler gap of size 3 at implant RVTN.
Filler gap of size 5 at implant RVTN.
Filler gap of size 7 at implant RVTN.
Filler gap of size 43 at implant RVTN.
Filler gap of size 21 at implant RVTN.
Filler gap of size 281 at implant RVTN.
Filler gap of size 262 at implant RVTN.
Filler gap of size 420 at implant RVTN.
Filler gap of size 1 at implant RVTN.
Filler gap of size 23 at implant RVTN.
Filler gap of size 6 at implant RVTN.
Filler gap of size 5 at implant RVTN.
Filler gap of size 1 at implant RVTN.
Filler gap of size 6 at implant RVTN.
Filler gap of size 6 at implant RVTN.
Filler gap of size 10 at implant RVTN.
Filler gap of size 9 at implant RVTN.
Filler gap of size 2 at implant RVTN.
Filler gap of size 556 at implant RVTN.
Filler gap of size 420 at implant RVTN.
Filler gap of size 1 at implant RVTN.
Filler gap of size 5 at implant RVTN.
Filler gap of size 24 at implant RVTN.
Filler gap of size 5 at implant RVTN.
Filler gap of size 2 at implant RVTN.
Filler gap of size 1 at implant RVTN.
Filler gap of size 3 at implant RVTN.
Filler gap of size 1 at implant RVTN.
Filler gap of size 5 at implant RVTN.
Filler gap of size 5 at implant RVTN.
Filler gap of size 2 at implant RVTN.
Filler gap of size 269 at implant RVTN.
Filler gap of size 262 at implant RVTN.
Filler gap of size 440 at implant RVTN.
Filler gap of size 8 at implant RVTN.
Filler gap of size 13 at implant RVTN.
Filler gap of size 9 at implant RVTN.
Filler gap of size 9 at implant RVTN.
Filler gap of size 6 at implant RVTN.
Filler gap of size 4 at implant RVTN.
Filler gap of size 4 at implant RVTN.
Filler gap of size 1 at implant RVTN.
Filler gap of size 2 at implant RVTN.
Filler gap of size 533 at implant RVTN.
Filler gap of size 462 at implant RVTN.
Filler gap of size 3 at implant RVTN.
Filler gap of size 4 at implant RVTN.
Filler gap of size 5 at implant RVTN.
Filler gap of size 5 at implant RVTN.
Filler gap of size 7 at implant RVTN.
Filler gap of size 7 at implant RVTN.
Filler gap of size 4 at implant RVTN.
Filler gap of size 5 at implant RVTN.
Filler gap of size 17 at implant RVTN.
Filler gap of size 250 at implant RVTN.
Filler gap of size 262 at implant RVTN.
Filler gap of size 460 at implant RVTN.
Filler gap of size 10 at implant RVTN.
Filler gap of size 2 at implant RVTN.
Filler gap of size 3 at implant RVTN.
Filler gap of size 9 at implant RVTN.
Filler gap of size 1 at implant RVTN.
Filler gap of size 1 at implant RVTN.
Filler gap of size 1 at implant RVTN.
Filler gap of size 10 at implant RVTN.
Filler gap of size 9 at implant RVTN.
Filler gap of size 6 at implant RVTN.
Filler gap of size 12 at implant RVTN.
Filler gap of size 1 at implant RVTN.
Filler gap of size 496 at implant RVTN.
Filler gap of size 440 at implant RVTN.
Filler gap of size 4 at implant RVTN.
Filler gap of size 8 at implant RVTN.
Filler gap of size 6 at implant RVTN.
Filler gap of size 2 at implant RVTN.
Filler gap of size 3 at implant RVTN.
Filler gap of size 1 at implant RVTN.
Filler gap of size 4 at implant RVTN.
Filler gap of size 7 at implant RVTN.
Filler gap of size 13 at implant RVTN.
Filler gap of size 4 at implant RVTN.
Filler gap of size 4 at implant RVTN.
Filler gap of size 3 at implant RVTN.
Filler gap of size 1 at implant RVTN.
Filler gap of size 7 at implant RVTN.
Filler gap of size 5 at implant RVTN.
Filler gap of size 226 at implant RVTN.
Filler gap of size 262 at implant RVTN.
Filler gap of size 439 at implant RVTN.
Filler gap of size 9 at implant RVTN.
Filler gap of size 11 at implant RVTN.
Filler gap of size 17 at implant RVTN.
Filler gap of size 8 at implant RVTN.
Filler gap of size 1 at implant RVTN.
Filler gap of size 1 at implant RVTN.
Filler gap of size 8 at implant RVTN.
Filler gap of size 6 at implant RVTN.
Filler gap of size 1 at implant RVTN.
Filler gap of size 12 at implant RVTN.
Filler gap of size 3 at implant RVTN.
Filler gap of size 5 at implant RVTN.
Filler gap of size 2 at implant RVTN.
Filler gap of size 12 at implant RVTN.
Filler gap of size 7 at implant RVTN.
Filler gap of size 493 at implant RVTN.
Filler gap of size 482 at implant RVTN.
Filler gap of size 6 at implant RVTN.
Filler gap of size 12 at implant RVTN.
Filler gap of size 4 at implant RVTN.
Filler gap of size 8 at implant RVTN.
Filler gap of size 20 at implant RVTN.
Filler gap of size 3 at implant RVTN.
Filler gap of size 3 at implant RVTN.
Filler gap of size 2 at implant RVTN.
Filler gap of size 8 at implant RVTN.
Filler gap of size 4 at implant RVTN.
Filler gap of size 11 at implant RVTN.
Filler gap of size 6 at implant RVTN.
Filler gap of size 231 at implant RVTN.
Filler gap of size 262 at implant RVTN.
Filler gap of size 460 at implant RVTN.
Filler gap of size 4 at implant RVTN.
Filler gap of size 2 at implant RVTN.
Filler gap of size 4 at implant RVTN.
Filler gap of size 8 at implant RVTN.
Filler gap of size 3 at implant RVTN.
Filler gap of size 2 at implant RVTN.
Filler gap of size 4 at implant RVTN.
Filler gap of size 1 at implant RVTN.
Filler gap of size 1 at implant RVTN.
Filler gap of size 11 at implant RVTN.
Filler gap of size 1 at implant RVTN.
Filler gap of size 13 at implant RVTN.
Filler gap of size 2 at implant RVTN.
Filler gap of size 10 at implant RVTN.
Filler gap of size 495 at implant RVTN.
Filler gap of size 456 at implant RVTN.
Filler gap of size 4 at implant RVTN.
Filler gap of size 1 at implant RVTN.
Filler gap of size 11 at implant RVTN.
Filler gap of size 1 at implant RVTN.
Filler gap of size 2 at implant RVTN.
Filler gap of size 16 at implant RVTN.
Filler gap of size 11 at implant RVTN.
Filler gap of size 4 at implant RVTN.
Filler gap of size 4 at implant RVTN.
Filler gap of size 10 at implant RVTN.
Filler gap of size 1 at implant RVTN.
Filler gap of size 218 at implant RVTN.
Filler gap of size 262 at implant RVTN.
Filler gap of size 460 at implant RVTN.
Filler gap of size 10 at implant RVTN.
Filler gap of size 10 at implant RVTN.
Filler gap of size 1 at implant RVTN.
Filler gap of size 4 at implant RVTN.
Filler gap of size 14 at implant RVTN.
Filler gap of size 5 at implant RVTN.
Filler gap of size 3 at implant RVTN.
Filler gap of size 17 at implant RVTN.
Filler gap of size 5 at implant RVTN.
Filler gap of size 7 at implant RVTN.
Filler gap of size 2 at implant RVTN.
Filler gap of size 1 at implant RVTN.
Filler gap of size 1 at implant RVTN.
Filler gap of size 1 at implant RVTN.
Filler gap of size 4 at implant RVTN.
Filler gap of size 1 at implant RVTN.
Filler gap of size 485 at implant RVTN.
Filler gap of size 444 at implant RVTN.
Filler gap of size 57 at implant RVTN.
Filler gap of size 4 at implant RVTN.
Filler gap of size 5 at implant RVTN.
Filler gap of size 4 at implant RVTN.
Filler gap of size 1 at implant RVTN.
Filler gap of size 4 at implant RVTN.
Filler gap of size 3 at implant RVTN.
Filler gap of size 2 at implant RVTN.
Filler gap of size 3 at implant RVTN.
Filler gap of size 13 at implant RVTN.
Filler gap of size 237 at implant RVTN.
Filler gap of size 262 at implant RVTN.
Filler gap of size 445 at implant RVTN.
Filler gap of size 9 at implant RVTN.
Filler gap of size 2 at implant RVTN.
Filler gap of size 8 at implant RVTN.
Filler gap of size 9 at implant RVTN.
Filler gap of size 2 at implant RVTN.
Filler gap of size 3 at implant RVTN.
Filler gap of size 1 at implant RVTN.
Filler gap of size 11 at implant RVTN.
Filler gap of size 4 at implant RVTN.
Filler gap of size 9 at implant RVTN.
Filler gap of size 12 at implant RVTN.
Filler gap of size 2 at implant RVTN.
Filler gap of size 2 at implant RVTN.
Filler gap of size 4 at implant RVTN.
Filler gap of size 13 at implant RVTN.
Filler gap of size 484 at implant RVTN.
Filler gap of size 445 at implant RVTN.
Filler gap of size 1 at implant RVTN.
Filler gap of size 5 at implant RVTN.
Filler gap of size 8 at implant RVTN.
Filler gap of size 1 at implant RVTN.
Filler gap of size 11 at implant RVTN.
Filler gap of size 5 at implant RVTN.
Filler gap of size 9 at implant RVTN.
Filler gap of size 8 at implant RVTN.
Filler gap of size 1 at implant RVTN.
Filler gap of size 1 at implant RVTN.
Filler gap of size 2 at implant RVTN.
Filler gap of size 1 at implant RVTN.
Filler gap of size 5 at implant RVTN.
Filler gap of size 1 at implant RVTN.
Filler gap of size 217 at implant RVTN.
Filler gap of size 262 at implant RVTN.
Filler gap of size 441 at implant RVTN.
Filler gap of size 13 at implant RVTN.
Filler gap of size 23 at implant RVTN.
Filler gap of size 12 at implant RVTN.
Filler gap of size 4 at implant RVTN.
Filler gap of size 4 at implant RVTN.
Filler gap of size 6 at implant RVTN.
Filler gap of size 12 at implant RVTN.
Filler gap of size 8 at implant RVTN.
Filler gap of size 1 at implant RVTN.
Filler gap of size 9 at implant RVTN.
Filler gap of size 10 at implant RVTN.
Filler gap of size 1 at implant RVTN.
Filler gap of size 15 at implant RVTN.
Filler gap of size 8 at implant RVTN.
Filler gap of size 22 at implant RVTN.
Filler gap of size 5 at implant RVTN.
Filler gap of size 481 at implant RVTN.
Filler gap of size 430 at implant RVTN.
Filler gap of size 6 at implant RVTN.
Filler gap of size 10 at implant RVTN.
Filler gap of size 6 at implant RVTN.
Filler gap of size 13 at implant RVTN.
Filler gap of size 10 at implant RVTN.
Filler gap of size 5 at implant RVTN.
Filler gap of size 12 at implant RVTN.
Filler gap of size 3 at implant RVTN.
Filler gap of size 7 at implant RVTN.
Filler gap of size 6 at implant RVTN.
Filler gap of size 2 at implant RVTN.
Filler gap of size 7 at implant RVTN.
Filler gap of size 13 at implant RVTN.
Filler gap of size 3 at implant RVTN.
Filler gap of size 2 at implant RVTN.
Filler gap of size 1 at implant RVTN.
Filler gap of size 224 at implant RVTN.
Filler gap of size 262 at implant RVTN.
Filler gap of size 389 at implant RVTN.
Filler gap of size 25 at implant RVTN.
Filler gap of size 35 at implant RVTN.
Filler gap of size 4 at implant RVTN.
Filler gap of size 11 at implant RVTN.
Filler gap of size 5 at implant RVTN.
Filler gap of size 6 at implant RVTN.
Filler gap of size 3 at implant RVTN.
Filler gap of size 13 at implant RVTN.
Filler gap of size 6 at implant RVTN.
Filler gap of size 6 at implant RVTN.
Filler gap of size 2 at implant RVTN.
Filler gap of size 1 at implant RVTN.
Filler gap of size 485 at implant RVTN.
Filler gap of size 337 at implant RVTN.
Filler gap of size 11 at implant RVTN.
Filler gap of size 12 at implant RVTN.
Filler gap of size 7 at implant RVTN.
Filler gap of size 3 at implant RVTN.
Filler gap of size 38 at implant RVTN.
Filler gap of size 7 at implant RVTN.
Filler gap of size 6 at implant RVTN.
Filler gap of size 4 at implant RVTN.
Filler gap of size 10 at implant RVTN.
Filler gap of size 13 at implant RVTN.
Filler gap of size 6 at implant RVTN.
Filler gap of size 5 at implant RVTN.
Filler gap of size 3 at implant RVTN.
Filler gap of size 6 at implant RVTN.
Filler gap of size 3 at implant RVTN.
Filler gap of size 5 at implant RVTN.
Filler gap of size 221 at implant RVTN.
Filler gap of size 262 at implant RVTN.
Filler gap of size 323 at implant RVTN.
Filler gap of size 4 at implant RVTN.
Filler gap of size 1 at implant RVTN.
Filler gap of size 5 at implant RVTN.
Filler gap of size 3 at implant RVTN.
Filler gap of size 5 at implant RVTN.
Filler gap of size 5 at implant RVTN.
Filler gap of size 5 at implant RVTN.
Filler gap of size 4 at implant RVTN.
Filler gap of size 22 at implant RVTN.
Filler gap of size 23 at implant RVTN.
Filler gap of size 7 at implant RVTN.
Filler gap of size 6 at implant RVTN.
Filler gap of size 6 at implant RVTN.
Filler gap of size 2 at implant RVTN.
Filler gap of size 6 at implant RVTN.
Filler gap of size 7 at implant RVTN.
Filler gap of size 7 at implant RVTN.
Filler gap of size 4 at implant RVTN.
Filler gap of size 1 at implant RVTN.
Filler gap of size 518 at implant RVTN.
Filler gap of size 308 at implant RVTN.
Filler gap of size 2 at implant RVTN.
Filler gap of size 3 at implant RVTN.
Filler gap of size 7 at implant RVTN.
Filler gap of size 1 at implant RVTN.
Filler gap of size 1 at implant RVTN.
Filler gap of size 1 at implant RVTN.
Filler gap of size 28 at implant RVTN.
Filler gap of size 2 at implant RVTN.
Filler gap of size 1 at implant RVTN.
Filler gap of size 2 at implant RVTN.
Filler gap of size 4 at implant RVTN.
Filler gap of size 6 at implant RVTN.
Filler gap of size 5 at implant RVTN.
Filler gap of size 13 at implant RVTN.
Filler gap of size 8 at implant RVTN.
Filler gap of size 4 at implant RVTN.
Filler gap of size 4 at implant RVTN.
Filler gap of size 10 at implant RVTN.
Filler gap of size 3 at implant RVTN.
Filler gap of size 220 at implant RVTN.
Filler gap of size 262 at implant RVTN.
Filler gap of size 306 at implant RVTN.
Filler gap of size 12 at implant RVTN.
Filler gap of size 8 at implant RVTN.
Filler gap of size 14 at implant RVTN.
Filler gap of size 7 at implant RVTN.
Filler gap of size 1 at implant RVTN.
Filler gap of size 5 at implant RVTN.
Filler gap of size 6 at implant RVTN.
Filler gap of size 5 at implant RVTN.
Filler gap of size 1 at implant RVTN.
Filler gap of size 43 at implant RVTN.
Filler gap of size 5 at implant RVTN.
Filler gap of size 3 at implant RVTN.
Filler gap of size 15 at implant RVTN.
Filler gap of size 2 at implant RVTN.
Filler gap of size 10 at implant RVTN.
Filler gap of size 4 at implant RVTN.
Filler gap of size 3 at implant RVTN.
Filler gap of size 2 at implant RVTN.
Filler gap of size 6 at implant RVTN.
Filler gap of size 4 at implant RVTN.
Filler gap of size 4 at implant RVTN.
Filler gap of size 2 at implant RVTN.
Filler gap of size 477 at implant RVTN.
Filler gap of size 303 at implant RVTN.
Filler gap of size 8 at implant RVTN.
Filler gap of size 8 at implant RVTN.
Filler gap of size 1 at implant RVTN.
Filler gap of size 4 at implant RVTN.
Filler gap of size 7 at implant RVTN.
Filler gap of size 5 at implant RVTN.
Filler gap of size 2 at implant RVTN.
Filler gap of size 34 at implant RVTN.
Filler gap of size 3 at implant RVTN.
Filler gap of size 10 at implant RVTN.
Filler gap of size 2 at implant RVTN.
Filler gap of size 4 at implant RVTN.
Filler gap of size 4 at implant RVTN.
Filler gap of size 2 at implant RVTN.
Filler gap of size 1 at implant RVTN.
Filler gap of size 1 at implant RVTN.
Filler gap of size 2 at implant RVTN.
Filler gap of size 7 at implant RVTN.
Filler gap of size 5 at implant RVTN.
Filler gap of size 5 at implant RVTN.
Filler gap of size 2 at implant RVTN.
Filler gap of size 5 at implant RVTN.
Filler gap of size 232 at implant RVTN.
Filler gap of size 262 at implant RVTN.
Filler gap of size 296 at implant RVTN.
Filler gap of size 6 at implant RVTN.
Filler gap of size 3 at implant RVTN.
Filler gap of size 10 at implant RVTN.
Filler gap of size 4 at implant RVTN.
Filler gap of size 3 at implant RVTN.
Filler gap of size 2 at implant RVTN.
Filler gap of size 2 at implant RVTN.
Filler gap of size 32 at implant RVTN.
Filler gap of size 26 at implant RVTN.
Filler gap of size 4 at implant RVTN.
Filler gap of size 8 at implant RVTN.
Filler gap of size 1 at implant RVTN.
Filler gap of size 5 at implant RVTN.
Filler gap of size 7 at implant RVTN.
Filler gap of size 2 at implant RVTN.
Filler gap of size 21 at implant RVTN.
Filler gap of size 10 at implant RVTN.
Filler gap of size 1 at implant RVTN.
Filler gap of size 7 at implant RVTN.
Filler gap of size 9 at implant RVTN.
Filler gap of size 3 at implant RVTN.
Filler gap of size 476 at implant RVTN.
Filler gap of size 286 at implant RVTN.
Filler gap of size 2 at implant RVTN.
Filler gap of size 3 at implant RVTN.
Filler gap of size 1 at implant RVTN.
Filler gap of size 5 at implant RVTN.
Filler gap of size 1 at implant RVTN.
Filler gap of size 2 at implant RVTN.
Filler gap of size 5 at implant RVTN.
Filler gap of size 6 at implant RVTN.
Filler gap of size 26 at implant RVTN.
Filler gap of size 4 at implant RVTN.
Filler gap of size 5 at implant RVTN.
Filler gap of size 7 at implant RVTN.
Filler gap of size 3 at implant RVTN.
Filler gap of size 3 at implant RVTN.
Filler gap of size 4 at implant RVTN.
Filler gap of size 15 at implant RVTN.
Filler gap of size 10 at implant RVTN.
Filler gap of size 5 at implant RVTN.
Filler gap of size 15 at implant RVTN.
Filler gap of size 216 at implant RVTN.
Filler gap of size 262 at implant RVTN.
Filler gap of size 290 at implant RVTN.
Filler gap of size 4 at implant RVTN.
Filler gap of size 2 at implant RVTN.
Filler gap of size 15 at implant RVTN.
Filler gap of size 5 at implant RVTN.
Filler gap of size 2 at implant RVTN.
Filler gap of size 13 at implant RVTN.
Filler gap of size 11 at implant RVTN.
Filler gap of size 2 at implant RVTN.
Filler gap of size 5 at implant RVTN.
Filler gap of size 2 at implant RVTN.
Filler gap of size 2 at implant RVTN.
Filler gap of size 3 at implant RVTN.
Filler gap of size 10 at implant RVTN.
Filler gap of size 1 at implant RVTN.
Filler gap of size 1 at implant RVTN.
Filler gap of size 2 at implant RVTN.
Filler gap of size 3 at implant RVTN.
Filler gap of size 1 at implant RVTN.
Filler gap of size 7 at implant RVTN.
Filler gap of size 3 at implant RVTN.
Filler gap of size 4 at implant RVTN.
Filler gap of size 1 at implant RVTN.
Filler gap of size 13 at implant RVTN.
Filler gap of size 4 at implant RVTN.
Filler gap of size 4 at implant RVTN.
Filler gap of size 4 at implant RVTN.
Filler gap of size 13 at implant RVTN.
Filler gap of size 480 at implant RVTN.
Filler gap of size 289 at implant RVTN.
Filler gap of size 5 at implant RVTN.
Filler gap of size 4 at implant RVTN.
Filler gap of size 20 at implant RVTN.
Filler gap of size 31 at implant RVTN.
Filler gap of size 3 at implant RVTN.
Filler gap of size 4 at implant RVTN.
Filler gap of size 2 at implant RVTN.
Filler gap of size 2 at implant RVTN.
Filler gap of size 11 at implant RVTN.
Filler gap of size 3 at implant RVTN.
Filler gap of size 6 at implant RVTN.
Filler gap of size 7 at implant RVTN.
Filler gap of size 21 at implant RVTN.
Filler gap of size 12 at implant RVTN.
Filler gap of size 3 at implant RVTN.
Filler gap of size 4 at implant RVTN.
Filler gap of size 7 at implant RVTN.
Filler gap of size 2 at implant RVTN.
Filler gap of size 225 at implant RVTN.
Filler gap of size 262 at implant RVTN.
Filler gap of size 288 at implant RVTN.
Filler gap of size 4 at implant RVTN.
Filler gap of size 3 at implant RVTN.
Filler gap of size 5 at implant RVTN.
Filler gap of size 6 at implant RVTN.
Filler gap of size 3 at implant RVTN.
Filler gap of size 4 at implant RVTN.
Filler gap of size 5 at implant RVTN.
Filler gap of size 5 at implant RVTN.
Filler gap of size 3 at implant RVTN.
Filler gap of size 3 at implant RVTN.
Filler gap of size 3 at implant RVTN.
Filler gap of size 6 at implant RVTN.
Filler gap of size 2 at implant RVTN.
Filler gap of size 1 at implant RVTN.
Filler gap of size 5 at implant RVTN.
Filler gap of size 12 at implant RVTN.
Filler gap of size 6 at implant RVTN.
Filler gap of size 6 at implant RVTN.
Filler gap of size 10 at implant RVTN.
Filler gap of size 4 at implant RVTN.
Filler gap of size 1 at implant RVTN.
Filler gap of size 3 at implant RVTN.
Filler gap of size 5 at implant RVTN.
Filler gap of size 20 at implant RVTN.
Filler gap of size 15 at implant RVTN.
Filler gap of size 479 at implant RVTN.
Filler gap of size 293 at implant RVTN.
Filler gap of size 4 at implant RVTN.
Filler gap of size 5 at implant RVTN.
Filler gap of size 4 at implant RVTN.
Filler gap of size 2 at implant RVTN.
Filler gap of size 6 at implant RVTN.
Filler gap of size 3 at implant RVTN.
Filler gap of size 3 at implant RVTN.
Filler gap of size 1 at implant RVTN.
Filler gap of size 19 at implant RVTN.
Filler gap of size 1 at implant RVTN.
Filler gap of size 2 at implant RVTN.
Filler gap of size 3 at implant RVTN.
Filler gap of size 1 at implant RVTN.
Filler gap of size 4 at implant RVTN.
Filler gap of size 2 at implant RVTN.
Filler gap of size 2 at implant RVTN.
Filler gap of size 12 at implant RVTN.
Filler gap of size 1 at implant RVTN.
Filler gap of size 2 at implant RVTN.
Filler gap of size 1 at implant RVTN.
Filler gap of size 2 at implant RVTN.
Filler gap of size 216 at implant RVTN.
Filler gap of size 262 at implant RVTN.
Filler gap of size 293 at implant RVTN.
Filler gap of size 2 at implant RVTN.
Filler gap of size 12 at implant RVTN.
Filler gap of size 16 at implant RVTN.
Filler gap of size 20 at implant RVTN.
Filler gap of size 1 at implant RVTN.
Filler gap of size 11 at implant RVTN.
Filler gap of size 3 at implant RVTN.
Filler gap of size 1 at implant RVTN.
Filler gap of size 1 at implant RVTN.
Filler gap of size 24 at implant RVTN.
Filler gap of size 8 at implant RVTN.
Filler gap of size 3 at implant RVTN.
Filler gap of size 7 at implant RVTN.
Filler gap of size 11 at implant RVTN.
Filler gap of size 4 at implant RVTN.
Filler gap of size 5 at implant RVTN.
Filler gap of size 7 at implant RVTN.
Filler gap of size 14 at implant RVTN.
Filler gap of size 14 at implant RVTN.
Filler gap of size 2 at implant RVTN.
Filler gap of size 480 at implant RVTN.
Filler gap of size 280 at implant RVTN.
Filler gap of size 1 at implant RVTN.
Filler gap of size 6 at implant RVTN.
Filler gap of size 1 at implant RVTN.
Filler gap of size 10 at implant RVTN.
Filler gap of size 2 at implant RVTN.
Filler gap of size 8 at implant RVTN.
Filler gap of size 1 at implant RVTN.
Filler gap of size 4 at implant RVTN.
Filler gap of size 2 at implant RVTN.
Filler gap of size 8 at implant RVTN.
Filler gap of size 3 at implant RVTN.
Filler gap of size 1 at implant RVTN.
Filler gap of size 1 at implant RVTN.
Filler gap of size 4 at implant RVTN.
Filler gap of size 13 at implant RVTN.
Filler gap of size 9 at implant RVTN.
Filler gap of size 1 at implant RVTN.
Filler gap of size 4 at implant RVTN.
Filler gap of size 3 at implant RVTN.
Filler gap of size 10 at implant RVTN.
Filler gap of size 10 at implant RVTN.
Filler gap of size 214 at implant RVTN.
Filler gap of size 262 at implant RVTN.
Filler gap of size 281 at implant RVTN.
Filler gap of size 4 at implant RVTN.
Filler gap of size 3 at implant RVTN.
Filler gap of size 3 at implant RVTN.
Filler gap of size 3 at implant RVTN.
Filler gap of size 11 at implant RVTN.
Filler gap of size 9 at implant RVTN.
Filler gap of size 9 at implant RVTN.
Filler gap of size 4 at implant RVTN.
Filler gap of size 1 at implant RVTN.
Filler gap of size 6 at implant RVTN.
Filler gap of size 3 at implant RVTN.
Filler gap of size 2 at implant RVTN.
Filler gap of size 9 at implant RVTN.
Filler gap of size 6 at implant RVTN.
Filler gap of size 3 at implant RVTN.
Filler gap of size 9 at implant RVTN.
Filler gap of size 4 at implant RVTN.
Filler gap of size 4 at implant RVTN.
Filler gap of size 9 at implant RVTN.
Filler gap of size 3 at implant RVTN.
Filler gap of size 485 at implant RVTN.
Filler gap of size 278 at implant RVTN.
Filler gap of size 4 at implant RVTN.
Filler gap of size 5 at implant RVTN.
Filler gap of size 3 at implant RVTN.
Filler gap of size 6 at implant RVTN.
Filler gap of size 3 at implant RVTN.
Filler gap of size 2 at implant RVTN.
Filler gap of size 1 at implant RVTN.
Filler gap of size 3 at implant RVTN.
Filler gap of size 5 at implant RVTN.
Filler gap of size 25 at implant RVTN.
Filler gap of size 3 at implant RVTN.
Filler gap of size 12 at implant RVTN.
Filler gap of size 3 at implant RVTN.
Filler gap of size 2 at implant RVTN.
Filler gap of size 5 at implant RVTN.
Filler gap of size 2 at implant RVTN.
Filler gap of size 2 at implant RVTN.
Filler gap of size 6 at implant RVTN.
Filler gap of size 1 at implant RVTN.
Filler gap of size 10 at implant RVTN.
Filler gap of size 1 at implant RVTN.
Filler gap of size 4 at implant RVTN.
Filler gap of size 1 at implant RVTN.
Filler gap of size 216 at implant RVTN.
Filler gap of size 3 at implant RVTN.
Filler gap of size 3 at implant RVTN.
Filler gap of size 253 at implant RVTN.
Filler gap of size 279 at implant RVTN.
Filler gap of size 3 at implant RVTN.
Filler gap of size 9 at implant RVTN.
Filler gap of size 4 at implant RVTN.
Filler gap of size 5 at implant RVTN.
Filler gap of size 2 at implant RVTN.
Filler gap of size 10 at implant RVTN.
Filler gap of size 1 at implant RVTN.
Filler gap of size 6 at implant RVTN.
Filler gap of size 3 at implant RVTN.
Filler gap of size 4 at implant RVTN.
Filler gap of size 1 at implant RVTN.
Filler gap of size 22 at implant RVTN.
Filler gap of size 5 at implant RVTN.
Filler gap of size 6 at implant RVTN.
Filler gap of size 13 at implant RVTN.
Filler gap of size 2 at implant RVTN.
Filler gap of size 12 at implant RVTN.
Filler gap of size 7 at implant RVTN.
Filler gap of size 2 at implant RVTN.
Filler gap of size 6 at implant RVTN.
Filler gap of size 6 at implant RVTN.
Filler gap of size 2 at implant RVTN.
Filler gap of size 3 at implant RVTN.
Filler gap of size 151 at implant RVTN.
Filler gap of size 35 at implant RVTN.
Filler gap of size 4 at implant RVTN.
Filler gap of size 6 at implant RVTN.
Filler gap of size 253 at implant RVTN.
Filler gap of size 276 at implant RVTN.
Filler gap of size 1 at implant RVTN.
Filler gap of size 1 at implant RVTN.
Filler gap of size 5 at implant RVTN.
Filler gap of size 6 at implant RVTN.
Filler gap of size 8 at implant RVTN.
Filler gap of size 5 at implant RVTN.
Filler gap of size 14 at implant RVTN.
Filler gap of size 17 at implant RVTN.
Filler gap of size 5 at implant RVTN.
Filler gap of size 1 at implant RVTN.
Filler gap of size 20 at implant RVTN.
Filler gap of size 5 at implant RVTN.
Filler gap of size 10 at implant RVTN.
Filler gap of size 6 at implant RVTN.
Filler gap of size 5 at implant RVTN.
Filler gap of size 7 at implant RVTN.
Filler gap of size 138 at implant RVTN.
Filler gap of size 7 at implant RVTN.
Filler gap of size 4 at implant RVTN.
Filler gap of size 2 at implant RVTN.
Filler gap of size 5 at implant RVTN.
Filler gap of size 5 at implant RVTN.
Filler gap of size 2 at implant RVTN.
Filler gap of size 2 at implant RVTN.
Filler gap of size 1 at implant RVTN.
Filler gap of size 7 at implant RVTN.
Filler gap of size 220 at implant RVTN.
Filler gap of size 276 at implant RVTN.
Filler gap of size 3 at implant RVTN.
Filler gap of size 3 at implant RVTN.
Filler gap of size 4 at implant RVTN.
Filler gap of size 1 at implant RVTN.
Filler gap of size 4 at implant RVTN.
Filler gap of size 1 at implant RVTN.
Filler gap of size 4 at implant RVTN.
Filler gap of size 4 at implant RVTN.
Filler gap of size 4 at implant RVTN.
Filler gap of size 1 at implant RVTN.
Filler gap of size 1 at implant RVTN.
Filler gap of size 8 at implant RVTN.
Filler gap of size 3 at implant RVTN.
Filler gap of size 5 at implant RVTN.
Filler gap of size 15 at implant RVTN.
Filler gap of size 4 at implant RVTN.
Filler gap of size 5 at implant RVTN.
Filler gap of size 2 at implant RVTN.
Filler gap of size 1 at implant RVTN.
Filler gap of size 3 at implant RVTN.
Filler gap of size 2 at implant RVTN.
Filler gap of size 17 at implant RVTN.
Filler gap of size 1 at implant RVTN.
Filler gap of size 15 at implant RVTN.
Filler gap of size 1 at implant RVTN.
Filler gap of size 3 at implant RVTN.
Filler gap of size 117 at implant RVTN.
Filler gap of size 5 at implant RVTN.
Filler gap of size 2 at implant RVTN.
Filler gap of size 1 at implant RVTN.
Filler gap of size 4 at implant RVTN.
Filler gap of size 5 at implant RVTN.
Filler gap of size 6 at implant RVTN.
Filler gap of size 2 at implant RVTN.
Filler gap of size 3 at implant RVTN.
Filler gap of size 3 at implant RVTN.
Filler gap of size 2 at implant RVTN.
Filler gap of size 193 at implant RVTN.
Filler gap of size 276 at implant RVTN.
Filler gap of size 3 at implant RVTN.
Filler gap of size 5 at implant RVTN.
Filler gap of size 5 at implant RVTN.
Filler gap of size 5 at implant RVTN.
Filler gap of size 22 at implant RVTN.
Filler gap of size 1 at implant RVTN.
Filler gap of size 3 at implant RVTN.
Filler gap of size 11 at implant RVTN.
Filler gap of size 7 at implant RVTN.
Filler gap of size 10 at implant RVTN.
Filler gap of size 5 at implant RVTN.
Filler gap of size 10 at implant RVTN.
Filler gap of size 3 at implant RVTN.
Filler gap of size 4 at implant RVTN.
Filler gap of size 12 at implant RVTN.
Filler gap of size 4 at implant RVTN.
Filler gap of size 4 at implant RVTN.
Filler gap of size 9 at implant RVTN.
Filler gap of size 9 at implant RVTN.
Filler gap of size 6 at implant RVTN.
Filler gap of size 8 at implant RVTN.
Filler gap of size 94 at implant RVTN.
Filler gap of size 7 at implant RVTN.
Filler gap of size 5 at implant RVTN.
Filler gap of size 18 at implant RVTN.
Filler gap of size 1 at implant RVTN.
Filler gap of size 2 at implant RVTN.
Filler gap of size 6 at implant RVTN.
Filler gap of size 5 at implant RVTN.
Filler gap of size 5 at implant RVTN.
Filler gap of size 1 at implant RVTN.
Filler gap of size 6 at implant RVTN.
Filler gap of size 2 at implant RVTN.
Filler gap of size 2 at implant RVTN.
Filler gap of size 193 at implant RVTN.
Filler gap of size 277 at implant RVTN.
Filler gap of size 3 at implant RVTN.
Filler gap of size 3 at implant RVTN.
Filler gap of size 5 at implant RVTN.
Filler gap of size 11 at implant RVTN.
Filler gap of size 2 at implant RVTN.
Filler gap of size 12 at implant RVTN.
Filler gap of size 2 at implant RVTN.
Filler gap of size 11 at implant RVTN.
Filler gap of size 9 at implant RVTN.
Filler gap of size 4 at implant RVTN.
Filler gap of size 8 at implant RVTN.
Filler gap of size 2 at implant RVTN.
Filler gap of size 1 at implant RVTN.
Filler gap of size 9 at implant RVTN.
Filler gap of size 1 at implant RVTN.
Filler gap of size 3 at implant RVTN.
Filler gap of size 15 at implant RVTN.
Filler gap of size 41 at implant RVTN.
Filler gap of size 24 at implant RVTN.
Filler gap of size 3 at implant RVTN.
Filler gap of size 3 at implant RVTN.
Filler gap of size 76 at implant RVTN.
Filler gap of size 2 at implant RVTN.
Filler gap of size 2 at implant RVTN.
Filler gap of size 8 at implant RVTN.
Filler gap of size 2 at implant RVTN.
Filler gap of size 7 at implant RVTN.
Filler gap of size 6 at implant RVTN.
Filler gap of size 1 at implant RVTN.
Filler gap of size 12 at implant RVTN.
Filler gap of size 4 at implant RVTN.
Filler gap of size 1 at implant RVTN.
Filler gap of size 6 at implant RVTN.
Filler gap of size 197 at implant RVTN.
Filler gap of size 273 at implant RVTN.
Filler gap of size 2 at implant RVTN.
Filler gap of size 7 at implant RVTN.
Filler gap of size 1 at implant RVTN.
Filler gap of size 7 at implant RVTN.
Filler gap of size 2 at implant RVTN.
Filler gap of size 6 at implant RVTN.
Filler gap of size 10 at implant RVTN.
Filler gap of size 8 at implant RVTN.
Filler gap of size 3 at implant RVTN.
Filler gap of size 6 at implant RVTN.
Filler gap of size 14 at implant RVTN.
Filler gap of size 5 at implant RVTN.
Filler gap of size 3 at implant RVTN.
Filler gap of size 2 at implant RVTN.
Filler gap of size 17 at implant RVTN.
Filler gap of size 5 at implant RVTN.
Filler gap of size 72 at implant RVTN.
Filler gap of size 1 at implant RVTN.
Filler gap of size 70 at implant RVTN.
Filler gap of size 1 at implant RVTN.
Filler gap of size 1 at implant RVTN.
Filler gap of size 1 at implant RVTN.
Filler gap of size 1 at implant RVTN.
Filler gap of size 2 at implant RVTN.
Filler gap of size 11 at implant RVTN.
Filler gap of size 8 at implant RVTN.
Filler gap of size 2 at implant RVTN.
Filler gap of size 4 at implant RVTN.
Filler gap of size 3 at implant RVTN.
Filler gap of size 7 at implant RVTN.
Filler gap of size 5 at implant RVTN.
Filler gap of size 181 at implant RVTN.
Filler gap of size 278 at implant RVTN.
Filler gap of size 3 at implant RVTN.
Filler gap of size 4 at implant RVTN.
Filler gap of size 2 at implant RVTN.
Filler gap of size 4 at implant RVTN.
Filler gap of size 14 at implant RVTN.
Filler gap of size 12 at implant RVTN.
Filler gap of size 5 at implant RVTN.
Filler gap of size 14 at implant RVTN.
Filler gap of size 7 at implant RVTN.
Filler gap of size 1 at implant RVTN.
Filler gap of size 12 at implant RVTN.
Filler gap of size 4 at implant RVTN.
Filler gap of size 1 at implant RVTN.
Filler gap of size 2 at implant RVTN.
Filler gap of size 17 at implant RVTN.
Filler gap of size 4 at implant RVTN.
Filler gap of size 5 at implant RVTN.
Filler gap of size 6 at implant RVTN.
Filler gap of size 4 at implant RVTN.
Filler gap of size 4 at implant RVTN.
Filler gap of size 4 at implant RVTN.
Filler gap of size 11 at implant RVTN.
Filler gap of size 3 at implant RVTN.
Filler gap of size 2 at implant RVTN.
Filler gap of size 2 at implant RVTN.
Filler gap of size 57 at implant RVTN.
Filler gap of size 8 at implant RVTN.
Filler gap of size 10 at implant RVTN.
Filler gap of size 10 at implant RVTN.
Filler gap of size 2 at implant RVTN.
Filler gap of size 2 at implant RVTN.
Filler gap of size 1 at implant RVTN.
Filler gap of size 1 at implant RVTN.
Filler gap of size 2 at implant RVTN.
Filler gap of size 1 at implant RVTN.
Filler gap of size 5 at implant RVTN.
Filler gap of size 6 at implant RVTN.
Filler gap of size 1 at implant RVTN.
Filler gap of size 2 at implant RVTN.
Filler gap of size 179 at implant RVTN.
Filler gap of size 264 at implant RVTN.
Filler gap of size 10 at implant RVTN.
Filler gap of size 2 at implant RVTN.
Filler gap of size 1 at implant RVTN.
Filler gap of size 1 at implant RVTN.
Filler gap of size 3 at implant RVTN.
Filler gap of size 1 at implant RVTN.
Filler gap of size 4 at implant RVTN.
Filler gap of size 1 at implant RVTN.
Filler gap of size 12 at implant RVTN.
Filler gap of size 4 at implant RVTN.
Filler gap of size 7 at implant RVTN.
Filler gap of size 3 at implant RVTN.
Filler gap of size 7 at implant RVTN.
Filler gap of size 1 at implant RVTN.
Filler gap of size 3 at implant RVTN.
Filler gap of size 2 at implant RVTN.
Filler gap of size 8 at implant RVTN.
Filler gap of size 1 at implant RVTN.
Filler gap of size 9 at implant RVTN.
Filler gap of size 6 at implant RVTN.
Filler gap of size 1 at implant RVTN.
Filler gap of size 7 at implant RVTN.
Filler gap of size 2 at implant RVTN.
Filler gap of size 2 at implant RVTN.
Filler gap of size 2 at implant RVTN.
Filler gap of size 9 at implant RVTN.
Filler gap of size 23 at implant RVTN.
Filler gap of size 1 at implant RVTN.
Filler gap of size 4 at implant RVTN.
Filler gap of size 17 at implant RVTN.
Filler gap of size 5 at implant RVTN.
Filler gap of size 3 at implant RVTN.
Filler gap of size 5 at implant RVTN.
Filler gap of size 3 at implant RVTN.
Filler gap of size 27 at implant RVTN.
Filler gap of size 6 at implant RVTN.
Filler gap of size 18 at implant RVTN.
Filler gap of size 185 at implant RVTN.
Filler gap of size 266 at implant RVTN.
Filler gap of size 2 at implant RVTN.
Filler gap of size 1 at implant RVTN.
Filler gap of size 1 at implant RVTN.
Filler gap of size 2 at implant RVTN.
Filler gap of size 2 at implant RVTN.
Filler gap of size 1 at implant RVTN.
Filler gap of size 2 at implant RVTN.
Filler gap of size 3 at implant RVTN.
Filler gap of size 5 at implant RVTN.
Filler gap of size 2 at implant RVTN.
Filler gap of size 3 at implant RVTN.
Filler gap of size 4 at implant RVTN.
Filler gap of size 6 at implant RVTN.
Filler gap of size 6 at implant RVTN.
Filler gap of size 5 at implant RVTN.
Filler gap of size 9 at implant RVTN.
Filler gap of size 12 at implant RVTN.
Filler gap of size 3 at implant RVTN.
Filler gap of size 8 at implant RVTN.
Filler gap of size 7 at implant RVTN.
Filler gap of size 6 at implant RVTN.
Filler gap of size 8 at implant RVTN.
Filler gap of size 1 at implant RVTN.
Filler gap of size 11 at implant RVTN.
Filler gap of size 6 at implant RVTN.
Filler gap of size 4 at implant RVTN.
Filler gap of size 17 at implant RVTN.
Filler gap of size 10 at implant RVTN.
Filler gap of size 3 at implant RVTN.
Filler gap of size 4 at implant RVTN.
Filler gap of size 2 at implant RVTN.
Filler gap of size 7 at implant RVTN.
Filler gap of size 6 at implant RVTN.
Filler gap of size 11 at implant RVTN.
Filler gap of size 15 at implant RVTN.
Filler gap of size 5 at implant RVTN.
Filler gap of size 1 at implant RVTN.
Filler gap of size 4 at implant RVTN.
Filler gap of size 6 at implant RVTN.
Filler gap of size 177 at implant RVTN.
Filler gap of size 267 at implant RVTN.
Filler gap of size 2 at implant RVTN.
Filler gap of size 4 at implant RVTN.
Filler gap of size 22 at implant RVTN.
Filler gap of size 3 at implant RVTN.
Filler gap of size 13 at implant RVTN.
Filler gap of size 4 at implant RVTN.
Filler gap of size 8 at implant RVTN.
Filler gap of size 6 at implant RVTN.
Filler gap of size 4 at implant RVTN.
Filler gap of size 7 at implant RVTN.
Filler gap of size 13 at implant RVTN.
Filler gap of size 7 at implant RVTN.
Filler gap of size 13 at implant RVTN.
Filler gap of size 13 at implant RVTN.
Filler gap of size 1 at implant RVTN.
Filler gap of size 2 at implant RVTN.
Filler gap of size 1 at implant RVTN.
Filler gap of size 4 at implant RVTN.
Filler gap of size 16 at implant RVTN.
Filler gap of size 3 at implant RVTN.
Filler gap of size 12 at implant RVTN.
Filler gap of size 13 at implant RVTN.
Filler gap of size 4 at implant RVTN.
Filler gap of size 6 at implant RVTN.
Filler gap of size 4 at implant RVTN.
Filler gap of size 22 at implant RVTN.
Filler gap of size 7 at implant RVTN.
Filler gap of size 2 at implant RVTN.
Filler gap of size 2 at implant RVTN.
Filler gap of size 4 at implant RVTN.
Filler gap of size 4 at implant RVTN.
Filler gap of size 3 at implant RVTN.
Filler gap of size 10 at implant RVTN.
Filler gap of size 2 at implant RVTN.
Filler gap of size 2 at implant RVTN.
Filler gap of size 3 at implant RVTN.
Filler gap of size 3 at implant RVTN.
Filler gap of size 2 at implant RVTN.
Filler gap of size 173 at implant RVTN.
Filler gap of size 261 at implant RVTN.
Filler gap of size 2 at implant RVTN.
Filler gap of size 2 at implant RVTN.
Filler gap of size 5 at implant RVTN.
Filler gap of size 3 at implant RVTN.
Filler gap of size 5 at implant RVTN.
Filler gap of size 2 at implant RVTN.
Filler gap of size 3 at implant RVTN.
Filler gap of size 4 at implant RVTN.
Filler gap of size 4 at implant RVTN.
Filler gap of size 2 at implant RVTN.
Filler gap of size 1 at implant RVTN.
Filler gap of size 4 at implant RVTN.
Filler gap of size 2 at implant RVTN.
Filler gap of size 19 at implant RVTN.
Filler gap of size 3 at implant RVTN.
Filler gap of size 4 at implant RVTN.
Filler gap of size 1 at implant RVTN.
Filler gap of size 6 at implant RVTN.
Filler gap of size 6 at implant RVTN.
Filler gap of size 2 at implant RVTN.
Filler gap of size 3 at implant RVTN.
Filler gap of size 5 at implant RVTN.
Filler gap of size 2 at implant RVTN.
Filler gap of size 9 at implant RVTN.
Filler gap of size 1 at implant RVTN.
Filler gap of size 5 at implant RVTN.
Filler gap of size 6 at implant RVTN.
Filler gap of size 9 at implant RVTN.
Filler gap of size 6 at implant RVTN.
Filler gap of size 9 at implant RVTN.
Filler gap of size 3 at implant RVTN.
Filler gap of size 10 at implant RVTN.
Filler gap of size 2 at implant RVTN.
Filler gap of size 11 at implant RVTN.
Filler gap of size 1 at implant RVTN.
Filler gap of size 5 at implant RVTN.
Filler gap of size 3 at implant RVTN.
Filler gap of size 4 at implant RVTN.
Filler gap of size 172 at implant RVTN.
Filler gap of size 266 at implant RVTN.
Filler gap of size 6 at implant RVTN.
Filler gap of size 3 at implant RVTN.
Filler gap of size 1 at implant RVTN.
Filler gap of size 9 at implant RVTN.
Filler gap of size 10 at implant RVTN.
Filler gap of size 3 at implant RVTN.
Filler gap of size 8 at implant RVTN.
Filler gap of size 5 at implant RVTN.
Filler gap of size 11 at implant RVTN.
Filler gap of size 10 at implant RVTN.
Filler gap of size 10 at implant RVTN.
Filler gap of size 4 at implant RVTN.
Filler gap of size 4 at implant RVTN.
Filler gap of size 2 at implant RVTN.
Filler gap of size 6 at implant RVTN.
Filler gap of size 1 at implant RVTN.
Filler gap of size 1 at implant RVTN.
Filler gap of size 5 at implant RVTN.
Filler gap of size 2 at implant RVTN.
Filler gap of size 9 at implant RVTN.
Filler gap of size 5 at implant RVTN.
Filler gap of size 2 at implant RVTN.
Filler gap of size 8 at implant RVTN.
Filler gap of size 6 at implant RVTN.
Filler gap of size 8 at implant RVTN.
Filler gap of size 2 at implant RVTN.
Filler gap of size 3 at implant RVTN.
Filler gap of size 2 at implant RVTN.
Filler gap of size 1 at implant RVTN.
Filler gap of size 10 at implant RVTN.
Filler gap of size 4 at implant RVTN.
Filler gap of size 13 at implant RVTN.
Filler gap of size 11 at implant RVTN.
Filler gap of size 2 at implant RVTN.
Filler gap of size 20 at implant RVTN.
Filler gap of size 12 at implant RVTN.
Filler gap of size 3 at implant RVTN.
Filler gap of size 178 at implant RVTN.
Filler gap of size 262 at implant RVTN.
Filler gap of size 3 at implant RVTN.
Filler gap of size 3 at implant RVTN.
Filler gap of size 12 at implant RVTN.
Filler gap of size 1 at implant RVTN.
Filler gap of size 7 at implant RVTN.
Filler gap of size 3 at implant RVTN.
Filler gap of size 7 at implant RVTN.
Filler gap of size 8 at implant RVTN.
Filler gap of size 11 at implant RVTN.
Filler gap of size 1 at implant RVTN.
Filler gap of size 9 at implant RVTN.
Filler gap of size 3 at implant RVTN.
Filler gap of size 3 at implant RVTN.
Filler gap of size 2 at implant RVTN.
Filler gap of size 2 at implant RVTN.
Filler gap of size 17 at implant RVTN.
Filler gap of size 4 at implant RVTN.
Filler gap of size 2 at implant RVTN.
Filler gap of size 10 at implant RVTN.
Filler gap of size 18 at implant RVTN.
Filler gap of size 3 at implant RVTN.
Filler gap of size 1 at implant RVTN.
Filler gap of size 4 at implant RVTN.
Filler gap of size 11 at implant RVTN.
Filler gap of size 5 at implant RVTN.
Filler gap of size 4 at implant RVTN.
Filler gap of size 7 at implant RVTN.
Filler gap of size 2 at implant RVTN.
Filler gap of size 11 at implant RVTN.
Filler gap of size 10 at implant RVTN.
Filler gap of size 5 at implant RVTN.
Filler gap of size 1 at implant RVTN.
Filler gap of size 1 at implant RVTN.
Filler gap of size 4 at implant RVTN.
Filler gap of size 2 at implant RVTN.
Filler gap of size 3 at implant RVTN.
Filler gap of size 6 at implant RVTN.
Filler gap of size 9 at implant RVTN.
Filler gap of size 9 at implant RVTN.
Filler gap of size 180 at implant RVTN.
Filler gap of size 260 at implant RVTN.
Filler gap of size 1 at implant RVTN.
Filler gap of size 1 at implant RVTN.
Filler gap of size 5 at implant RVTN.
Filler gap of size 4 at implant RVTN.
Filler gap of size 3 at implant RVTN.
Filler gap of size 3 at implant RVTN.
Filler gap of size 4 at implant RVTN.
Filler gap of size 6 at implant RVTN.
Filler gap of size 2 at implant RVTN.
Filler gap of size 4 at implant RVTN.
Filler gap of size 1 at implant RVTN.
Filler gap of size 9 at implant RVTN.
Filler gap of size 1 at implant RVTN.
Filler gap of size 13 at implant RVTN.
Filler gap of size 3 at implant RVTN.
Filler gap of size 6 at implant RVTN.
Filler gap of size 17 at implant RVTN.
Filler gap of size 3 at implant RVTN.
Filler gap of size 2 at implant RVTN.
Filler gap of size 10 at implant RVTN.
Filler gap of size 10 at implant RVTN.
Filler gap of size 4 at implant RVTN.
Filler gap of size 7 at implant RVTN.
Filler gap of size 4 at implant RVTN.
Filler gap of size 5 at implant RVTN.
Filler gap of size 2 at implant RVTN.
Filler gap of size 4 at implant RVTN.
Filler gap of size 8 at implant RVTN.
Filler gap of size 9 at implant RVTN.
Filler gap of size 8 at implant RVTN.
Filler gap of size 8 at implant RVTN.
Filler gap of size 6 at implant RVTN.
Filler gap of size 8 at implant RVTN.
Filler gap of size 13 at implant RVTN.
Filler gap of size 3 at implant RVTN.
Filler gap of size 5 at implant RVTN.
Filler gap of size 2 at implant RVTN.
Filler gap of size 2 at implant RVTN.
Filler gap of size 3 at implant RVTN.
Filler gap of size 13 at implant RVTN.
Filler gap of size 7 at implant RVTN.
Filler gap of size 3 at implant RVTN.
Filler gap of size 2 at implant RVTN.
Filler gap of size 173 at implant RVTN.
Filler gap of size 262 at implant RVTN.
Filler gap of size 1 at implant RVTN.
Filler gap of size 1 at implant RVTN.
Filler gap of size 2 at implant RVTN.
Filler gap of size 2 at implant RVTN.
Filler gap of size 3 at implant RVTN.
Filler gap of size 4 at implant RVTN.
Filler gap of size 1 at implant RVTN.
Filler gap of size 13 at implant RVTN.
Filler gap of size 8 at implant RVTN.
Filler gap of size 1 at implant RVTN.
Filler gap of size 2 at implant RVTN.
Filler gap of size 3 at implant RVTN.
Filler gap of size 4 at implant RVTN.
Filler gap of size 26 at implant RVTN.
Filler gap of size 2 at implant RVTN.
Filler gap of size 7 at implant RVTN.
Filler gap of size 3 at implant RVTN.
Filler gap of size 2 at implant RVTN.
Filler gap of size 1 at implant RVTN.
Filler gap of size 4 at implant RVTN.
Filler gap of size 17 at implant RVTN.
Filler gap of size 2 at implant RVTN.
Filler gap of size 1 at implant RVTN.
Filler gap of size 12 at implant RVTN.
Filler gap of size 5 at implant RVTN.
Filler gap of size 1 at implant RVTN.
Filler gap of size 12 at implant RVTN.
Filler gap of size 2 at implant RVTN.
Filler gap of size 1 at implant RVTN.
Filler gap of size 13 at implant RVTN.
Filler gap of size 1 at implant RVTN.
Filler gap of size 7 at implant RVTN.
Filler gap of size 3 at implant RVTN.
Filler gap of size 11 at implant RVTN.
Filler gap of size 1 at implant RVTN.
Filler gap of size 8 at implant RVTN.
Filler gap of size 3 at implant RVTN.
Filler gap of size 9 at implant RVTN.
Filler gap of size 4 at implant RVTN.
Filler gap of size 165 at implant RVTN.
Filler gap of size 260 at implant RVTN.
Filler gap of size 5 at implant RVTN.
Filler gap of size 15 at implant RVTN.
Filler gap of size 3 at implant RVTN.
Filler gap of size 1 at implant RVTN.
Filler gap of size 3 at implant RVTN.
Filler gap of size 4 at implant RVTN.
Filler gap of size 1 at implant RVTN.
Filler gap of size 6 at implant RVTN.
Filler gap of size 3 at implant RVTN.
Filler gap of size 6 at implant RVTN.
Filler gap of size 6 at implant RVTN.
Filler gap of size 4 at implant RVTN.
Filler gap of size 2 at implant RVTN.
Filler gap of size 1 at implant RVTN.
Filler gap of size 2 at implant RVTN.
Filler gap of size 2 at implant RVTN.
Filler gap of size 1 at implant RVTN.
Filler gap of size 1 at implant RVTN.
Filler gap of size 4 at implant RVTN.
Filler gap of size 8 at implant RVTN.
Filler gap of size 4 at implant RVTN.
Filler gap of size 6 at implant RVTN.
Filler gap of size 3 at implant RVTN.
Filler gap of size 14 at implant RVTN.
Filler gap of size 1 at implant RVTN.
Filler gap of size 2 at implant RVTN.
Filler gap of size 6 at implant RVTN.
Filler gap of size 5 at implant RVTN.
Filler gap of size 4 at implant RVTN.
Filler gap of size 6 at implant RVTN.
Filler gap of size 2 at implant RVTN.
Filler gap of size 2 at implant RVTN.
Filler gap of size 9 at implant RVTN.
Filler gap of size 1 at implant RVTN.
Filler gap of size 1 at implant RVTN.
Filler gap of size 2 at implant RVTN.
Filler gap of size 5 at implant RVTN.
Filler gap of size 3 at implant RVTN.
Filler gap of size 1 at implant RVTN.
Filler gap of size 14 at implant RVTN.
Filler gap of size 2 at implant RVTN.
Filler gap of size 6 at implant RVTN.
Filler gap of size 12 at implant RVTN.
Filler gap of size 174 at implant RVTN.
Filler gap of size 265 at implant RVTN.
Filler gap of size 9 at implant RVTN.
Filler gap of size 2 at implant RVTN.
Filler gap of size 1 at implant RVTN.
Filler gap of size 3 at implant RVTN.
Filler gap of size 1 at implant RVTN.
Filler gap of size 2 at implant RVTN.
Filler gap of size 5 at implant RVTN.
Filler gap of size 1 at implant RVTN.
Filler gap of size 20 at implant RVTN.
Filler gap of size 5 at implant RVTN.
Filler gap of size 3 at implant RVTN.
Filler gap of size 14 at implant RVTN.
Filler gap of size 4 at implant RVTN.
Filler gap of size 1 at implant RVTN.
Filler gap of size 1 at implant RVTN.
Filler gap of size 5 at implant RVTN.
Filler gap of size 1 at implant RVTN.
Filler gap of size 4 at implant RVTN.
Filler gap of size 6 at implant RVTN.
Filler gap of size 2 at implant RVTN.
Filler gap of size 6 at implant RVTN.
Filler gap of size 14 at implant RVTN.
Filler gap of size 4 at implant RVTN.
Filler gap of size 6 at implant RVTN.
Filler gap of size 1 at implant RVTN.
Filler gap of size 6 at implant RVTN.
Filler gap of size 18 at implant RVTN.
Filler gap of size 3 at implant RVTN.
Filler gap of size 6 at implant RVTN.
Filler gap of size 4 at implant RVTN.
Filler gap of size 6 at implant RVTN.
Filler gap of size 9 at implant RVTN.
Filler gap of size 3 at implant RVTN.
Filler gap of size 13 at implant RVTN.
Filler gap of size 1 at implant RVTN.
Filler gap of size 4 at implant RVTN.
Filler gap of size 1 at implant RVTN.
Filler gap of size 3 at implant RVTN.
Filler gap of size 4 at implant RVTN.
Filler gap of size 6 at implant RVTN.
Filler gap of size 7 at implant RVTN.
Filler gap of size 3 at implant RVTN.
Filler gap of size 5 at implant RVTN.
Filler gap of size 169 at implant RVTN.
Filler gap of size 271 at implant RVTN.
Filler gap of size 11 at implant RVTN.
Filler gap of size 4 at implant RVTN.
Filler gap of size 2 at implant RVTN.
Filler gap of size 6 at implant RVTN.
Filler gap of size 9 at implant RVTN.
Filler gap of size 16 at implant RVTN.
Filler gap of size 8 at implant RVTN.
Filler gap of size 9 at implant RVTN.
Filler gap of size 19 at implant RVTN.
Filler gap of size 9 at implant RVTN.
Filler gap of size 12 at implant RVTN.
Filler gap of size 2 at implant RVTN.
Filler gap of size 3 at implant RVTN.
Filler gap of size 4 at implant RVTN.
Filler gap of size 10 at implant RVTN.
Filler gap of size 10 at implant RVTN.
Filler gap of size 6 at implant RVTN.
Filler gap of size 3 at implant RVTN.
Filler gap of size 1 at implant RVTN.
Filler gap of size 11 at implant RVTN.
Filler gap of size 7 at implant RVTN.
Filler gap of size 1 at implant RVTN.
Filler gap of size 1 at implant RVTN.
Filler gap of size 1 at implant RVTN.
Filler gap of size 3 at implant RVTN.
Filler gap of size 1 at implant RVTN.
Filler gap of size 10 at implant RVTN.
Filler gap of size 16 at implant RVTN.
Filler gap of size 4 at implant RVTN.
Filler gap of size 7 at implant RVTN.
Filler gap of size 7 at implant RVTN.
Filler gap of size 16 at implant RVTN.
Filler gap of size 14 at implant RVTN.
Filler gap of size 14 at implant RVTN.
Filler gap of size 10 at implant RVTN.
Filler gap of size 6 at implant RVTN.
Filler gap of size 7 at implant RVTN.
Filler gap of size 2 at implant RVTN.
Filler gap of size 13 at implant RVTN.
Filler gap of size 171 at implant RVTN.
Filler gap of size 224 at implant RVTN.
Filler gap of size 21 at implant RVTN.
Filler gap of size 2 at implant RVTN.
Filler gap of size 5 at implant RVTN.
Filler gap of size 5 at implant RVTN.
Filler gap of size 28 at implant RVTN.
Filler gap of size 2 at implant RVTN.
Filler gap of size 1 at implant RVTN.
Filler gap of size 1 at implant RVTN.
Filler gap of size 8 at implant RVTN.
Filler gap of size 1 at implant RVTN.
Filler gap of size 9 at implant RVTN.
Filler gap of size 3 at implant RVTN.
Filler gap of size 12 at implant RVTN.
Filler gap of size 1 at implant RVTN.
Filler gap of size 5 at implant RVTN.
Filler gap of size 4 at implant RVTN.
Filler gap of size 1 at implant RVTN.
Filler gap of size 9 at implant RVTN.
Filler gap of size 4 at implant RVTN.
Filler gap of size 1 at implant RVTN.
Filler gap of size 3 at implant RVTN.
Filler gap of size 1 at implant RVTN.
Filler gap of size 2 at implant RVTN.
Filler gap of size 2 at implant RVTN.
Filler gap of size 5 at implant RVTN.
Filler gap of size 6 at implant RVTN.
Filler gap of size 4 at implant RVTN.
Filler gap of size 1 at implant RVTN.
Filler gap of size 2 at implant RVTN.
Filler gap of size 9 at implant RVTN.
Filler gap of size 21 at implant RVTN.
Filler gap of size 10 at implant RVTN.
Filler gap of size 4 at implant RVTN.
Filler gap of size 2 at implant RVTN.
Filler gap of size 5 at implant RVTN.
Filler gap of size 2 at implant RVTN.
Filler gap of size 2 at implant RVTN.
Filler gap of size 1 at implant RVTN.
Filler gap of size 9 at implant RVTN.
Filler gap of size 3 at implant RVTN.
Filler gap of size 1 at implant RVTN.
Filler gap of size 2 at implant RVTN.
Filler gap of size 11 at implant RVTN.
Filler gap of size 2 at implant RVTN.
Filler gap of size 2 at implant RVTN.
Filler gap of size 4 at implant RVTN.
Filler gap of size 168 at implant RVTN.
Filler gap of size 222 at implant RVTN.
Filler gap of size 2 at implant RVTN.
Filler gap of size 1 at implant RVTN.
Filler gap of size 1 at implant RVTN.
Filler gap of size 1 at implant RVTN.
Filler gap of size 1 at implant RVTN.
Filler gap of size 6 at implant RVTN.
Filler gap of size 7 at implant RVTN.
Filler gap of size 2 at implant RVTN.
Filler gap of size 2 at implant RVTN.
Filler gap of size 6 at implant RVTN.
Filler gap of size 4 at implant RVTN.
Filler gap of size 9 at implant RVTN.
Filler gap of size 2 at implant RVTN.
Filler gap of size 6 at implant RVTN.
Filler gap of size 2 at implant RVTN.
Filler gap of size 3 at implant RVTN.
Filler gap of size 2 at implant RVTN.
Filler gap of size 2 at implant RVTN.
Filler gap of size 1 at implant RVTN.
Filler gap of size 2 at implant RVTN.
Filler gap of size 5 at implant RVTN.
Filler gap of size 1 at implant RVTN.
Filler gap of size 4 at implant RVTN.
Filler gap of size 4 at implant RVTN.
Filler gap of size 2 at implant RVTN.
Filler gap of size 11 at implant RVTN.
Filler gap of size 5 at implant RVTN.
Filler gap of size 5 at implant RVTN.
Filler gap of size 5 at implant RVTN.
Filler gap of size 4 at implant RVTN.
Filler gap of size 10 at implant RVTN.
Filler gap of size 2 at implant RVTN.
Filler gap of size 1 at implant RVTN.
Filler gap of size 13 at implant RVTN.
Filler gap of size 4 at implant RVTN.
Filler gap of size 9 at implant RVTN.
Filler gap of size 10 at implant RVTN.
Filler gap of size 5 at implant RVTN.
Filler gap of size 16 at implant RVTN.
Filler gap of size 3 at implant RVTN.
Filler gap of size 1 at implant RVTN.
Filler gap of size 4 at implant RVTN.
Filler gap of size 7 at implant RVTN.
Filler gap of size 6 at implant RVTN.
Filler gap of size 10 at implant RVTN.
Filler gap of size 164 at implant RVTN.
Filler gap of size 190 at implant RVTN.
Filler gap of size 2 at implant RVTN.
Filler gap of size 5 at implant RVTN.
Filler gap of size 3 at implant RVTN.
Filler gap of size 5 at implant RVTN.
Filler gap of size 1 at implant RVTN.
Filler gap of size 1 at implant RVTN.
Filler gap of size 1 at implant RVTN.
Filler gap of size 12 at implant RVTN.
Filler gap of size 14 at implant RVTN.
Filler gap of size 4 at implant RVTN.
Filler gap of size 4 at implant RVTN.
Filler gap of size 9 at implant RVTN.
Filler gap of size 1 at implant RVTN.
Filler gap of size 5 at implant RVTN.
Filler gap of size 1 at implant RVTN.
Filler gap of size 1 at implant RVTN.
Filler gap of size 5 at implant RVTN.
Filler gap of size 1 at implant RVTN.
Filler gap of size 2 at implant RVTN.
Filler gap of size 3 at implant RVTN.
Filler gap of size 1 at implant RVTN.
Filler gap of size 2 at implant RVTN.
Filler gap of size 6 at implant RVTN.
Filler gap of size 7 at implant RVTN.
Filler gap of size 2 at implant RVTN.
Filler gap of size 5 at implant RVTN.
Filler gap of size 1 at implant RVTN.
Filler gap of size 13 at implant RVTN.
Filler gap of size 5 at implant RVTN.
Filler gap of size 1 at implant RVTN.
Filler gap of size 2 at implant RVTN.
Filler gap of size 3 at implant RVTN.
Filler gap of size 3 at implant RVTN.
Filler gap of size 4 at implant RVTN.
Filler gap of size 15 at implant RVTN.
Filler gap of size 8 at implant RVTN.
Filler gap of size 4 at implant RVTN.
Filler gap of size 4 at implant RVTN.
Filler gap of size 1 at implant RVTN.
Filler gap of size 166 at implant RVTN.
Filler gap of size 185 at implant RVTN.
Filler gap of size 3 at implant RVTN.
Filler gap of size 3 at implant RVTN.
Filler gap of size 14 at implant RVTN.
Filler gap of size 1 at implant RVTN.
Filler gap of size 6 at implant RVTN.
Filler gap of size 2 at implant RVTN.
Filler gap of size 7 at implant RVTN.
Filler gap of size 1 at implant RVTN.
Filler gap of size 4 at implant RVTN.
Filler gap of size 2 at implant RVTN.
Filler gap of size 4 at implant RVTN.
Filler gap of size 2 at implant RVTN.
Filler gap of size 3 at implant RVTN.
Filler gap of size 2 at implant RVTN.
Filler gap of size 6 at implant RVTN.
Filler gap of size 5 at implant RVTN.
Filler gap of size 5 at implant RVTN.
Filler gap of size 23 at implant RVTN.
Filler gap of size 4 at implant RVTN.
Filler gap of size 1 at implant RVTN.
Filler gap of size 10 at implant RVTN.
Filler gap of size 2 at implant RVTN.
Filler gap of size 5 at implant RVTN.
Filler gap of size 4 at implant RVTN.
Filler gap of size 11 at implant RVTN.
Filler gap of size 1 at implant RVTN.
Filler gap of size 4 at implant RVTN.
Filler gap of size 8 at implant RVTN.
Filler gap of size 6 at implant RVTN.
Filler gap of size 2 at implant RVTN.
Filler gap of size 9 at implant RVTN.
Filler gap of size 7 at implant RVTN.
Filler gap of size 5 at implant RVTN.
Filler gap of size 4 at implant RVTN.
Filler gap of size 10 at implant RVTN.
Filler gap of size 1 at implant RVTN.
Filler gap of size 3 at implant RVTN.
Filler gap of size 1 at implant RVTN.
Filler gap of size 6 at implant RVTN.
Filler gap of size 3 at implant RVTN.
Filler gap of size 2 at implant RVTN.
Filler gap of size 3 at implant RVTN.
Filler gap of size 4 at implant RVTN.
Filler gap of size 3 at implant RVTN.
Filler gap of size 2 at implant RVTN.
Filler gap of size 1 at implant RVTN.
Filler gap of size 166 at implant RVTN.
Filler gap of size 170 at implant RVTN.
Filler gap of size 16 at implant RVTN.
Filler gap of size 9 at implant RVTN.
Filler gap of size 1 at implant RVTN.
Filler gap of size 5 at implant RVTN.
Filler gap of size 5 at implant RVTN.
Filler gap of size 1 at implant RVTN.
Filler gap of size 4 at implant RVTN.
Filler gap of size 15 at implant RVTN.
Filler gap of size 8 at implant RVTN.
Filler gap of size 1 at implant RVTN.
Filler gap of size 5 at implant RVTN.
Filler gap of size 1 at implant RVTN.
Filler gap of size 2 at implant RVTN.
Filler gap of size 7 at implant RVTN.
Filler gap of size 1 at implant RVTN.
Filler gap of size 18 at implant RVTN.
Filler gap of size 1 at implant RVTN.
Filler gap of size 11 at implant RVTN.
Filler gap of size 5 at implant RVTN.
Filler gap of size 19 at implant RVTN.
Filler gap of size 5 at implant RVTN.
Filler gap of size 4 at implant RVTN.
Filler gap of size 2 at implant RVTN.
Filler gap of size 7 at implant RVTN.
Filler gap of size 13 at implant RVTN.
Filler gap of size 4 at implant RVTN.
Filler gap of size 3 at implant RVTN.
Filler gap of size 3 at implant RVTN.
Filler gap of size 4 at implant RVTN.
Filler gap of size 1 at implant RVTN.
Filler gap of size 4 at implant RVTN.
Filler gap of size 24 at implant RVTN.
Filler gap of size 2 at implant RVTN.
Filler gap of size 18 at implant RVTN.
Filler gap of size 6 at implant RVTN.
Filler gap of size 4 at implant RVTN.
Filler gap of size 1 at implant RVTN.
Filler gap of size 7 at implant RVTN.
Filler gap of size 10 at implant RVTN.
Filler gap of size 4 at implant RVTN.
Filler gap of size 8 at implant RVTN.
Filler gap of size 2 at implant RVTN.
Filler gap of size 1 at implant RVTN.
Filler gap of size 10 at implant RVTN.
Filler gap of size 11 at implant RVTN.
Filler gap of size 190 at implant RVTN.
Filler gap of size 187 at implant RVTN.
Filler gap of size 1 at implant RVTN.
Filler gap of size 1 at implant RVTN.
Filler gap of size 5 at implant RVTN.
Filler gap of size 1 at implant RVTN.
Filler gap of size 1 at implant RVTN.
Filler gap of size 19 at implant RVTN.
Filler gap of size 3 at implant RVTN.
Filler gap of size 3 at implant RVTN.
Filler gap of size 1 at implant RVTN.
Filler gap of size 3 at implant RVTN.
Filler gap of size 4 at implant RVTN.
Filler gap of size 2 at implant RVTN.
Filler gap of size 5 at implant RVTN.
Filler gap of size 4 at implant RVTN.
Filler gap of size 1 at implant RVTN.
Filler gap of size 20 at implant RVTN.
Filler gap of size 19 at implant RVTN.
Filler gap of size 3 at implant RVTN.
Filler gap of size 9 at implant RVTN.
Filler gap of size 13 at implant RVTN.
Filler gap of size 3 at implant RVTN.
Filler gap of size 2 at implant RVTN.
Filler gap of size 12 at implant RVTN.
Filler gap of size 2 at implant RVTN.
Filler gap of size 12 at implant RVTN.
Filler gap of size 5 at implant RVTN.
Filler gap of size 11 at implant RVTN.
Filler gap of size 9 at implant RVTN.
Filler gap of size 14 at implant RVTN.
Filler gap of size 7 at implant RVTN.
Filler gap of size 8 at implant RVTN.
Filler gap of size 1 at implant RVTN.
Filler gap of size 2 at implant RVTN.
Filler gap of size 14 at implant RVTN.
Filler gap of size 3 at implant RVTN.
Filler gap of size 1 at implant RVTN.
Filler gap of size 1 at implant RVTN.
Filler gap of size 14 at implant RVTN.
Filler gap of size 2 at implant RVTN.
Filler gap of size 5 at implant RVTN.
Filler gap of size 3 at implant RVTN.
Filler gap of size 2 at implant RVTN.
Filler gap of size 9 at implant RVTN.
Filler gap of size 3 at implant RVTN.
Filler gap of size 6 at implant RVTN.
Filler gap of size 1 at implant RVTN.
Filler gap of size 162 at implant RVTN.
Filler gap of size 176 at implant RVTN.
Filler gap of size 2 at implant RVTN.
Filler gap of size 11 at implant RVTN.
Filler gap of size 6 at implant RVTN.
Filler gap of size 5 at implant RVTN.
Filler gap of size 5 at implant RVTN.
Filler gap of size 1 at implant RVTN.
Filler gap of size 2 at implant RVTN.
Filler gap of size 2 at implant RVTN.
Filler gap of size 3 at implant RVTN.
Filler gap of size 3 at implant RVTN.
Filler gap of size 3 at implant RVTN.
Filler gap of size 12 at implant RVTN.
Filler gap of size 3 at implant RVTN.
Filler gap of size 6 at implant RVTN.
Filler gap of size 3 at implant RVTN.
Filler gap of size 22 at implant RVTN.
Filler gap of size 1 at implant RVTN.
Filler gap of size 23 at implant RVTN.
Filler gap of size 19 at implant RVTN.
Filler gap of size 16 at implant RVTN.
Filler gap of size 3 at implant RVTN.
Filler gap of size 4 at implant RVTN.
Filler gap of size 30 at implant RVTN.
Filler gap of size 1 at implant RVTN.
Filler gap of size 3 at implant RVTN.
Filler gap of size 2 at implant RVTN.
Filler gap of size 21 at implant RVTN.
Filler gap of size 7 at implant RVTN.
Filler gap of size 11 at implant RVTN.
Filler gap of size 6 at implant RVTN.
Filler gap of size 9 at implant RVTN.
Filler gap of size 5 at implant RVTN.
Filler gap of size 8 at implant RVTN.
Filler gap of size 3 at implant RVTN.
Filler gap of size 1 at implant RVTN.
Filler gap of size 2 at implant RVTN.
Filler gap of size 4 at implant RVTN.
Filler gap of size 7 at implant RVTN.
Filler gap of size 7 at implant RVTN.
Filler gap of size 2 at implant RVTN.
Filler gap of size 5 at implant RVTN.
Filler gap of size 5 at implant RVTN.
Filler gap of size 10 at implant RVTN.
Filler gap of size 2 at implant RVTN.
Filler gap of size 1 at implant RVTN.
Filler gap of size 14 at implant RVTN.
Filler gap of size 1 at implant RVTN.
Filler gap of size 2 at implant RVTN.
Filler gap of size 9 at implant RVTN.
Filler gap of size 8 at implant RVTN.
Filler gap of size 169 at implant RVTN.
Filler gap of size 169 at implant RVTN.
Filler gap of size 8 at implant RVTN.
Filler gap of size 4 at implant RVTN.
Filler gap of size 1 at implant RVTN.
Filler gap of size 13 at implant RVTN.
Filler gap of size 5 at implant RVTN.
Filler gap of size 8 at implant RVTN.
Filler gap of size 10 at implant RVTN.
Filler gap of size 1 at implant RVTN.
Filler gap of size 1 at implant RVTN.
Filler gap of size 4 at implant RVTN.
Filler gap of size 9 at implant RVTN.
Filler gap of size 19 at implant RVTN.
Filler gap of size 27 at implant RVTN.
Filler gap of size 10 at implant RVTN.
Filler gap of size 1 at implant RVTN.
Filler gap of size 5 at implant RVTN.
Filler gap of size 4 at implant RVTN.
Filler gap of size 8 at implant RVTN.
Filler gap of size 3 at implant RVTN.
Filler gap of size 1 at implant RVTN.
Filler gap of size 15 at implant RVTN.
Filler gap of size 9 at implant RVTN.
Filler gap of size 9 at implant RVTN.
Filler gap of size 11 at implant RVTN.
Filler gap of size 2 at implant RVTN.
Filler gap of size 4 at implant RVTN.
Filler gap of size 10 at implant RVTN.
Filler gap of size 1 at implant RVTN.
Filler gap of size 9 at implant RVTN.
Filler gap of size 4 at implant RVTN.
Filler gap of size 8 at implant RVTN.
Filler gap of size 5 at implant RVTN.
Filler gap of size 15 at implant RVTN.
Filler gap of size 5 at implant RVTN.
Filler gap of size 10 at implant RVTN.
Filler gap of size 7 at implant RVTN.
Filler gap of size 13 at implant RVTN.
Filler gap of size 3 at implant RVTN.
Filler gap of size 1 at implant RVTN.
Filler gap of size 7 at implant RVTN.
Filler gap of size 2 at implant RVTN.
Filler gap of size 6 at implant RVTN.
Filler gap of size 6 at implant RVTN.
Filler gap of size 21 at implant RVTN.
Filler gap of size 4 at implant RVTN.
Filler gap of size 4 at implant RVTN.
Filler gap of size 177 at implant RVTN.
Filler gap of size 169 at implant RVTN.
Filler gap of size 11 at implant RVTN.
Filler gap of size 15 at implant RVTN.
Filler gap of size 5 at implant RVTN.
Filler gap of size 3 at implant RVTN.
Filler gap of size 2 at implant RVTN.
Filler gap of size 13 at implant RVTN.
Filler gap of size 1 at implant RVTN.
Filler gap of size 7 at implant RVTN.
Filler gap of size 2 at implant RVTN.
Filler gap of size 8 at implant RVTN.
Filler gap of size 28 at implant RVTN.
Filler gap of size 18 at implant RVTN.
Filler gap of size 2 at implant RVTN.
Filler gap of size 3 at implant RVTN.
Filler gap of size 9 at implant RVTN.
Filler gap of size 1 at implant RVTN.
Filler gap of size 2 at implant RVTN.
Filler gap of size 1 at implant RVTN.
Filler gap of size 1 at implant RVTN.
Filler gap of size 15 at implant RVTN.
Filler gap of size 4 at implant RVTN.
Filler gap of size 13 at implant RVTN.
Filler gap of size 12 at implant RVTN.
Filler gap of size 7 at implant RVTN.
Filler gap of size 3 at implant RVTN.
Filler gap of size 5 at implant RVTN.
Filler gap of size 2 at implant RVTN.
Filler gap of size 5 at implant RVTN.
Filler gap of size 1 at implant RVTN.
Filler gap of size 3 at implant RVTN.
Filler gap of size 1 at implant RVTN.
Filler gap of size 4 at implant RVTN.
Filler gap of size 3 at implant RVTN.
Filler gap of size 10 at implant RVTN.
Filler gap of size 1 at implant RVTN.
Filler gap of size 7 at implant RVTN.
Filler gap of size 3 at implant RVTN.
Filler gap of size 6 at implant RVTN.
Filler gap of size 2 at implant RVTN.
Filler gap of size 1 at implant RVTN.
Filler gap of size 8 at implant RVTN.
Filler gap of size 5 at implant RVTN.
Filler gap of size 3 at implant RVTN.
Filler gap of size 14 at implant RVTN.
Filler gap of size 4 at implant RVTN.
Filler gap of size 174 at implant RVTN.
Filler gap of size 171 at implant RVTN.
Filler gap of size 17 at implant RVTN.
Filler gap of size 5 at implant RVTN.
Filler gap of size 3 at implant RVTN.
Filler gap of size 8 at implant RVTN.
Filler gap of size 8 at implant RVTN.
Filler gap of size 3 at implant RVTN.
Filler gap of size 1 at implant RVTN.
Filler gap of size 3 at implant RVTN.
Filler gap of size 2 at implant RVTN.
Filler gap of size 4 at implant RVTN.
Filler gap of size 14 at implant RVTN.
Filler gap of size 37 at implant RVTN.
Filler gap of size 8 at implant RVTN.
Filler gap of size 10 at implant RVTN.
Filler gap of size 4 at implant RVTN.
Filler gap of size 2 at implant RVTN.
Filler gap of size 1 at implant RVTN.
Filler gap of size 2 at implant RVTN.
Filler gap of size 3 at implant RVTN.
Filler gap of size 9 at implant RVTN.
Filler gap of size 7 at implant RVTN.
Filler gap of size 5 at implant RVTN.
Filler gap of size 1 at implant RVTN.
Filler gap of size 6 at implant RVTN.
Filler gap of size 2 at implant RVTN.
Filler gap of size 3 at implant RVTN.
Filler gap of size 3 at implant RVTN.
Filler gap of size 10 at implant RVTN.
Filler gap of size 5 at implant RVTN.
Filler gap of size 3 at implant RVTN.
Filler gap of size 10 at implant RVTN.
Filler gap of size 6 at implant RVTN.
Filler gap of size 2 at implant RVTN.
Filler gap of size 12 at implant RVTN.
Filler gap of size 4 at implant RVTN.
Filler gap of size 9 at implant RVTN.
Filler gap of size 1 at implant RVTN.
Filler gap of size 7 at implant RVTN.
Filler gap of size 2 at implant RVTN.
Filler gap of size 5 at implant RVTN.
Filler gap of size 9 at implant RVTN.
Filler gap of size 2 at implant RVTN.
Filler gap of size 1 at implant RVTN.
Filler gap of size 1 at implant RVTN.
Filler gap of size 2 at implant RVTN.
Filler gap of size 2 at implant RVTN.
Filler gap of size 4 at implant RVTN.
Filler gap of size 4 at implant RVTN.
Filler gap of size 6 at implant RVTN.
Filler gap of size 1 at implant RVTN.
Filler gap of size 1 at implant RVTN.
Filler gap of size 3 at implant RVTN.
Filler gap of size 176 at implant RVTN.
Filler gap of size 173 at implant RVTN.
Filler gap of size 6 at implant RVTN.
Filler gap of size 13 at implant RVTN.
Filler gap of size 2 at implant RVTN.
Filler gap of size 17 at implant RVTN.
Filler gap of size 5 at implant RVTN.
Filler gap of size 7 at implant RVTN.
Filler gap of size 5 at implant RVTN.
Filler gap of size 12 at implant RVTN.
Filler gap of size 7 at implant RVTN.
Filler gap of size 9 at implant RVTN.
Filler gap of size 4 at implant RVTN.
Filler gap of size 3 at implant RVTN.
Filler gap of size 3 at implant RVTN.
Filler gap of size 1 at implant RVTN.
Filler gap of size 5 at implant RVTN.
Filler gap of size 4 at implant RVTN.
Filler gap of size 2 at implant RVTN.
Filler gap of size 16 at implant RVTN.
Filler gap of size 11 at implant RVTN.
Filler gap of size 1 at implant RVTN.
Filler gap of size 8 at implant RVTN.
Filler gap of size 18 at implant RVTN.
Filler gap of size 15 at implant RVTN.
Filler gap of size 1 at implant RVTN.
Filler gap of size 6 at implant RVTN.
Filler gap of size 2 at implant RVTN.
Filler gap of size 2 at implant RVTN.
Filler gap of size 11 at implant RVTN.
Filler gap of size 1 at implant RVTN.
Filler gap of size 1 at implant RVTN.
Filler gap of size 2 at implant RVTN.
Filler gap of size 1 at implant RVTN.
Filler gap of size 3 at implant RVTN.
Filler gap of size 2 at implant RVTN.
Filler gap of size 6 at implant RVTN.
Filler gap of size 4 at implant RVTN.
Filler gap of size 2 at implant RVTN.
Filler gap of size 5 at implant RVTN.
Filler gap of size 19 at implant RVTN.
Filler gap of size 4 at implant RVTN.
Filler gap of size 2 at implant RVTN.
Filler gap of size 1 at implant RVTN.
Filler gap of size 209 at implant RVTN.
Filler gap of size 170 at implant RVTN.
Filler gap of size 8 at implant RVTN.
Filler gap of size 2 at implant RVTN.
Filler gap of size 5 at implant RVTN.
Filler gap of size 2 at implant RVTN.
Filler gap of size 5 at implant RVTN.
Filler gap of size 2 at implant RVTN.
Filler gap of size 3 at implant RVTN.
Filler gap of size 1 at implant RVTN.
Filler gap of size 5 at implant RVTN.
Filler gap of size 3 at implant RVTN.
Filler gap of size 8 at implant RVTN.
Filler gap of size 2 at implant RVTN.
Filler gap of size 8 at implant RVTN.
Filler gap of size 2 at implant RVTN.
Filler gap of size 1 at implant RVTN.
Filler gap of size 4 at implant RVTN.
Filler gap of size 7 at implant RVTN.
Filler gap of size 5 at implant RVTN.
Filler gap of size 3 at implant RVTN.
Filler gap of size 9 at implant RVTN.
Filler gap of size 1 at implant RVTN.
Filler gap of size 1 at implant RVTN.
Filler gap of size 7 at implant RVTN.
Filler gap of size 7 at implant RVTN.
Filler gap of size 7 at implant RVTN.
Filler gap of size 4 at implant RVTN.
Filler gap of size 3 at implant RVTN.
Filler gap of size 3 at implant RVTN.
Filler gap of size 4 at implant RVTN.
Filler gap of size 5 at implant RVTN.
Filler gap of size 1 at implant RVTN.
Filler gap of size 3 at implant RVTN.
Filler gap of size 11 at implant RVTN.
Filler gap of size 12 at implant RVTN.
Filler gap of size 4 at implant RVTN.
Filler gap of size 15 at implant RVTN.
Filler gap of size 7 at implant RVTN.
Filler gap of size 1 at implant RVTN.
Filler gap of size 1 at implant RVTN.
Filler gap of size 3 at implant RVTN.
Filler gap of size 3 at implant RVTN.
Filler gap of size 3 at implant RVTN.
Filler gap of size 1 at implant RVTN.
Filler gap of size 1 at implant RVTN.
Filler gap of size 1 at implant RVTN.
Filler gap of size 1 at implant RVTN.
Filler gap of size 1 at implant RVTN.
Filler gap of size 18 at implant RVTN.
Filler gap of size 1 at implant RVTN.
Filler gap of size 181 at implant RVTN.
Filler gap of size 172 at implant RVTN.
Filler gap of size 9 at implant RVTN.
Filler gap of size 3 at implant RVTN.
Filler gap of size 2 at implant RVTN.
Filler gap of size 2 at implant RVTN.
Filler gap of size 4 at implant RVTN.
Filler gap of size 7 at implant RVTN.
Filler gap of size 5 at implant RVTN.
Filler gap of size 41 at implant RVTN.
Filler gap of size 20 at implant RVTN.
Filler gap of size 11 at implant RVTN.
Filler gap of size 9 at implant RVTN.
Filler gap of size 5 at implant RVTN.
Filler gap of size 9 at implant RVTN.
Filler gap of size 3 at implant RVTN.
Filler gap of size 1 at implant RVTN.
Filler gap of size 4 at implant RVTN.
Filler gap of size 1 at implant RVTN.
Filler gap of size 1 at implant RVTN.
Filler gap of size 9 at implant RVTN.
Filler gap of size 2 at implant RVTN.
Filler gap of size 5 at implant RVTN.
Filler gap of size 13 at implant RVTN.
Filler gap of size 8 at implant RVTN.
Filler gap of size 2 at implant RVTN.
Filler gap of size 13 at implant RVTN.
Filler gap of size 6 at implant RVTN.
Filler gap of size 2 at implant RVTN.
Filler gap of size 2 at implant RVTN.
Filler gap of size 26 at implant RVTN.
Filler gap of size 10 at implant RVTN.
Filler gap of size 13 at implant RVTN.
Filler gap of size 1 at implant RVTN.
Filler gap of size 5 at implant RVTN.
Filler gap of size 6 at implant RVTN.
Filler gap of size 4 at implant RVTN.
Filler gap of size 2 at implant RVTN.
Filler gap of size 7 at implant RVTN.
Filler gap of size 21 at implant RVTN.
Filler gap of size 5 at implant RVTN.
Filler gap of size 1 at implant RVTN.
Filler gap of size 7 at implant RVTN.
Filler gap of size 162 at implant RVTN.
Filler gap of size 170 at implant RVTN.
Filler gap of size 8 at implant RVTN.
Filler gap of size 2 at implant RVTN.
Filler gap of size 6 at implant RVTN.
Filler gap of size 2 at implant RVTN.
Filler gap of size 1 at implant RVTN.
Filler gap of size 5 at implant RVTN.
Filler gap of size 3 at implant RVTN.
Filler gap of size 1 at implant RVTN.
Filler gap of size 15 at implant RVTN.
Filler gap of size 26 at implant RVTN.
Filler gap of size 12 at implant RVTN.
Filler gap of size 6 at implant RVTN.
Filler gap of size 3 at implant RVTN.
Filler gap of size 2 at implant RVTN.
Filler gap of size 2 at implant RVTN.
Filler gap of size 5 at implant RVTN.
Filler gap of size 3 at implant RVTN.
Filler gap of size 12 at implant RVTN.
Filler gap of size 7 at implant RVTN.
Filler gap of size 3 at implant RVTN.
Filler gap of size 10 at implant RVTN.
Filler gap of size 10 at implant RVTN.
Filler gap of size 9 at implant RVTN.
Filler gap of size 15 at implant RVTN.
Filler gap of size 18 at implant RVTN.
Filler gap of size 12 at implant RVTN.
Filler gap of size 3 at implant RVTN.
Filler gap of size 20 at implant RVTN.
Filler gap of size 9 at implant RVTN.
Filler gap of size 1 at implant RVTN.
Filler gap of size 11 at implant RVTN.
Filler gap of size 10 at implant RVTN.
Filler gap of size 10 at implant RVTN.
Filler gap of size 9 at implant RVTN.
Filler gap of size 2 at implant RVTN.
Filler gap of size 1 at implant RVTN.
Filler gap of size 8 at implant RVTN.
Filler gap of size 17 at implant RVTN.
Filler gap of size 3 at implant RVTN.
Filler gap of size 3 at implant RVTN.
Filler gap of size 2 at implant RVTN.
Filler gap of size 7 at implant RVTN.
Filler gap of size 1 at implant RVTN.
Filler gap of size 162 at implant RVTN.
Filler gap of size 166 at implant RVTN.
Filler gap of size 9 at implant RVTN.
Filler gap of size 5 at implant RVTN.
Filler gap of size 4 at implant RVTN.
Filler gap of size 8 at implant RVTN.
Filler gap of size 2 at implant RVTN.
Filler gap of size 1 at implant RVTN.
Filler gap of size 19 at implant RVTN.
Filler gap of size 5 at implant RVTN.
Filler gap of size 19 at implant RVTN.
Filler gap of size 1 at implant RVTN.
Filler gap of size 11 at implant RVTN.
Filler gap of size 8 at implant RVTN.
Filler gap of size 1 at implant RVTN.
Filler gap of size 4 at implant RVTN.
Filler gap of size 3 at implant RVTN.
Filler gap of size 10 at implant RVTN.
Filler gap of size 9 at implant RVTN.
Filler gap of size 13 at implant RVTN.
Filler gap of size 9 at implant RVTN.
Filler gap of size 4 at implant RVTN.
Filler gap of size 3 at implant RVTN.
Filler gap of size 1 at implant RVTN.
Filler gap of size 7 at implant RVTN.
Filler gap of size 4 at implant RVTN.
Filler gap of size 18 at implant RVTN.
Filler gap of size 7 at implant RVTN.
Filler gap of size 2 at implant RVTN.
Filler gap of size 4 at implant RVTN.
Filler gap of size 2 at implant RVTN.
Filler gap of size 5 at implant RVTN.
Filler gap of size 2 at implant RVTN.
Filler gap of size 6 at implant RVTN.
Filler gap of size 4 at implant RVTN.
Filler gap of size 7 at implant RVTN.
Filler gap of size 1 at implant RVTN.
Filler gap of size 1 at implant RVTN.
Filler gap of size 3 at implant RVTN.
Filler gap of size 3 at implant RVTN.
Filler gap of size 1 at implant RVTN.
Filler gap of size 16 at implant RVTN.
Filler gap of size 2 at implant RVTN.
Filler gap of size 4 at implant RVTN.
Filler gap of size 3 at implant RVTN.
Filler gap of size 1 at implant RVTN.
Filler gap of size 2 at implant RVTN.
Filler gap of size 8 at implant RVTN.
Filler gap of size 161 at implant RVTN.
Filler gap of size 166 at implant RVTN.
Filler gap of size 4 at implant RVTN.
Filler gap of size 1 at implant RVTN.
Filler gap of size 8 at implant RVTN.
Filler gap of size 4 at implant RVTN.
Filler gap of size 5 at implant RVTN.
Filler gap of size 16 at implant RVTN.
Filler gap of size 4 at implant RVTN.
Filler gap of size 4 at implant RVTN.
Filler gap of size 4 at implant RVTN.
Filler gap of size 8 at implant RVTN.
Filler gap of size 3 at implant RVTN.
Filler gap of size 8 at implant RVTN.
Filler gap of size 3 at implant RVTN.
Filler gap of size 15 at implant RVTN.
Filler gap of size 3 at implant RVTN.
Filler gap of size 3 at implant RVTN.
Filler gap of size 1 at implant RVTN.
Filler gap of size 4 at implant RVTN.
Filler gap of size 2 at implant RVTN.
Filler gap of size 6 at implant RVTN.
Filler gap of size 2 at implant RVTN.
Filler gap of size 4 at implant RVTN.
Filler gap of size 11 at implant RVTN.
Filler gap of size 5 at implant RVTN.
Filler gap of size 1 at implant RVTN.
Filler gap of size 7 at implant RVTN.
Filler gap of size 7 at implant RVTN.
Filler gap of size 6 at implant RVTN.
Filler gap of size 3 at implant RVTN.
Filler gap of size 1 at implant RVTN.
Filler gap of size 5 at implant RVTN.
Filler gap of size 8 at implant RVTN.
Filler gap of size 3 at implant RVTN.
Filler gap of size 10 at implant RVTN.
Filler gap of size 4 at implant RVTN.
Filler gap of size 5 at implant RVTN.
Filler gap of size 5 at implant RVTN.
Filler gap of size 1 at implant RVTN.
Filler gap of size 4 at implant RVTN.
Filler gap of size 1 at implant RVTN.
Filler gap of size 4 at implant RVTN.
Filler gap of size 10 at implant RVTN.
Filler gap of size 6 at implant RVTN.
Filler gap of size 22 at implant RVTN.
Filler gap of size 1 at implant RVTN.
Filler gap of size 78 at implant RVTN.
Filler gap of size 67 at implant RVTN.
Filler gap of size 164 at implant RVTN.
Filler gap of size 2 at implant RVTN.
Filler gap of size 1 at implant RVTN.
Filler gap of size 7 at implant RVTN.
Filler gap of size 18 at implant RVTN.
Filler gap of size 11 at implant RVTN.
Filler gap of size 8 at implant RVTN.
Filler gap of size 4 at implant RVTN.
Filler gap of size 10 at implant RVTN.
Filler gap of size 11 at implant RVTN.
Filler gap of size 18 at implant RVTN.
Filler gap of size 11 at implant RVTN.
Filler gap of size 9 at implant RVTN.
Filler gap of size 10 at implant RVTN.
Filler gap of size 5 at implant RVTN.
Filler gap of size 8 at implant RVTN.
Filler gap of size 12 at implant RVTN.
Filler gap of size 10 at implant RVTN.
Filler gap of size 4 at implant RVTN.
Filler gap of size 2 at implant RVTN.
Filler gap of size 6 at implant RVTN.
Filler gap of size 1 at implant RVTN.
Filler gap of size 4 at implant RVTN.
Filler gap of size 7 at implant RVTN.
Filler gap of size 9 at implant RVTN.
Filler gap of size 1 at implant RVTN.
Filler gap of size 6 at implant RVTN.
Filler gap of size 5 at implant RVTN.
Filler gap of size 4 at implant RVTN.
Filler gap of size 30 at implant RVTN.
Filler gap of size 1 at implant RVTN.
Filler gap of size 3 at implant RVTN.
Filler gap of size 6 at implant RVTN.
Filler gap of size 2 at implant RVTN.
Filler gap of size 9 at implant RVTN.
Filler gap of size 7 at implant RVTN.
Filler gap of size 2 at implant RVTN.
Filler gap of size 5 at implant RVTN.
Filler gap of size 4 at implant RVTN.
Filler gap of size 7 at implant RVTN.
Filler gap of size 1 at implant RVTN.
Filler gap of size 3 at implant RVTN.
Filler gap of size 5 at implant RVTN.
Filler gap of size 27 at implant RVTN.
Filler gap of size 7 at implant RVTN.
Filler gap of size 3 at implant RVTN.
Filler gap of size 3 at implant RVTN.
Filler gap of size 4 at implant RVTN.
Filler gap of size 77 at implant RVTN.
Filler gap of size 61 at implant RVTN.
Filler gap of size 172 at implant RVTN.
Filler gap of size 5 at implant RVTN.
Filler gap of size 3 at implant RVTN.
Filler gap of size 1 at implant RVTN.
Filler gap of size 3 at implant RVTN.
Filler gap of size 12 at implant RVTN.
Filler gap of size 8 at implant RVTN.
Filler gap of size 3 at implant RVTN.
Filler gap of size 3 at implant RVTN.
Filler gap of size 4 at implant RVTN.
Filler gap of size 6 at implant RVTN.
Filler gap of size 2 at implant RVTN.
Filler gap of size 1 at implant RVTN.
Filler gap of size 2 at implant RVTN.
Filler gap of size 5 at implant RVTN.
Filler gap of size 2 at implant RVTN.
Filler gap of size 18 at implant RVTN.
Filler gap of size 8 at implant RVTN.
Filler gap of size 3 at implant RVTN.
Filler gap of size 15 at implant RVTN.
Filler gap of size 10 at implant RVTN.
Filler gap of size 18 at implant RVTN.
Filler gap of size 4 at implant RVTN.
Filler gap of size 7 at implant RVTN.
Filler gap of size 6 at implant RVTN.
Filler gap of size 3 at implant RVTN.
Filler gap of size 4 at implant RVTN.
Filler gap of size 6 at implant RVTN.
Filler gap of size 1 at implant RVTN.
Filler gap of size 6 at implant RVTN.
Filler gap of size 1 at implant RVTN.
Filler gap of size 9 at implant RVTN.
Filler gap of size 32 at implant RVTN.
Filler gap of size 2 at implant RVTN.
Filler gap of size 6 at implant RVTN.
Filler gap of size 6 at implant RVTN.
Filler gap of size 3 at implant RVTN.
Filler gap of size 5 at implant RVTN.
Filler gap of size 10 at implant RVTN.
Filler gap of size 4 at implant RVTN.
Filler gap of size 16 at implant RVTN.
Filler gap of size 3 at implant RVTN.
Filler gap of size 5 at implant RVTN.
Filler gap of size 7 at implant RVTN.
Filler gap of size 3 at implant RVTN.
Filler gap of size 124 at implant RVTN.
Filler gap of size 173 at implant RVTN.
Filler gap of size 7 at implant RVTN.
Filler gap of size 3 at implant RVTN.
Filler gap of size 9 at implant RVTN.
Filler gap of size 18 at implant RVTN.
Filler gap of size 2 at implant RVTN.
Filler gap of size 6 at implant RVTN.
Filler gap of size 7 at implant RVTN.
Filler gap of size 6 at implant RVTN.
Filler gap of size 1 at implant RVTN.
Filler gap of size 3 at implant RVTN.
Filler gap of size 2 at implant RVTN.
Filler gap of size 3 at implant RVTN.
Filler gap of size 4 at implant RVTN.
Filler gap of size 4 at implant RVTN.
Filler gap of size 1 at implant RVTN.
Filler gap of size 1 at implant RVTN.
Filler gap of size 10 at implant RVTN.
Filler gap of size 13 at implant RVTN.
Filler gap of size 8 at implant RVTN.
Filler gap of size 8 at implant RVTN.
Filler gap of size 36 at implant RVTN.
Filler gap of size 17 at implant RVTN.
Filler gap of size 5 at implant RVTN.
Filler gap of size 2 at implant RVTN.
Filler gap of size 7 at implant RVTN.
Filler gap of size 8 at implant RVTN.
Filler gap of size 12 at implant RVTN.
Filler gap of size 5 at implant RVTN.
Filler gap of size 4 at implant RVTN.
Filler gap of size 4 at implant RVTN.
Filler gap of size 5 at implant RVTN.
Filler gap of size 1 at implant RVTN.
Filler gap of size 6 at implant RVTN.
Filler gap of size 2 at implant RVTN.
Filler gap of size 5 at implant RVTN.
Filler gap of size 3 at implant RVTN.
Filler gap of size 8 at implant RVTN.
Filler gap of size 5 at implant RVTN.
Filler gap of size 3 at implant RVTN.
Filler gap of size 1 at implant RVTN.
Filler gap of size 4 at implant RVTN.
Filler gap of size 2 at implant RVTN.
Filler gap of size 2 at implant RVTN.
Filler gap of size 21 at implant RVTN.
Filler gap of size 7 at implant RVTN.
Filler gap of size 5 at implant RVTN.
Filler gap of size 3 at implant RVTN.
Filler gap of size 4 at implant RVTN.
Filler gap of size 2 at implant RVTN.
Filler gap of size 40 at implant RVTN.
Filler gap of size 23 at implant RVTN.
Filler gap of size 175 at implant RVTN.
Filler gap of size 5 at implant RVTN.
Filler gap of size 1 at implant RVTN.
Filler gap of size 1 at implant RVTN.
Filler gap of size 1 at implant RVTN.
Filler gap of size 1 at implant RVTN.
Filler gap of size 2 at implant RVTN.
Filler gap of size 10 at implant RVTN.
Filler gap of size 11 at implant RVTN.
Filler gap of size 13 at implant RVTN.
Filler gap of size 48 at implant RVTN.
Filler gap of size 5 at implant RVTN.
Filler gap of size 6 at implant RVTN.
Filler gap of size 6 at implant RVTN.
Filler gap of size 3 at implant RVTN.
Filler gap of size 6 at implant RVTN.
Filler gap of size 2 at implant RVTN.
Filler gap of size 3 at implant RVTN.
Filler gap of size 6 at implant RVTN.
Filler gap of size 7 at implant RVTN.
Filler gap of size 3 at implant RVTN.
Filler gap of size 2 at implant RVTN.
Filler gap of size 1 at implant RVTN.
Filler gap of size 4 at implant RVTN.
Filler gap of size 5 at implant RVTN.
Filler gap of size 1 at implant RVTN.
Filler gap of size 9 at implant RVTN.
Filler gap of size 8 at implant RVTN.
Filler gap of size 2 at implant RVTN.
Filler gap of size 2 at implant RVTN.
Filler gap of size 10 at implant RVTN.
Filler gap of size 2 at implant RVTN.
Filler gap of size 4 at implant RVTN.
Filler gap of size 4 at implant RVTN.
Filler gap of size 6 at implant RVTN.
Filler gap of size 2 at implant RVTN.
Filler gap of size 17 at implant RVTN.
Filler gap of size 2 at implant RVTN.
Filler gap of size 2 at implant RVTN.
Filler gap of size 13 at implant RVTN.
Filler gap of size 17 at implant RVTN.
Filler gap of size 4 at implant RVTN.
Filler gap of size 7 at implant RVTN.
Filler gap of size 7 at implant RVTN.
Filler gap of size 4 at implant RVTN.
Filler gap of size 1 at implant RVTN.
Filler gap of size 36 at implant RVTN.
Filler gap of size 10 at implant RVTN.
Filler gap of size 7 at implant RVTN.
Filler gap of size 168 at implant RVTN.
Filler gap of size 4 at implant RVTN.
Filler gap of size 9 at implant RVTN.
Filler gap of size 8 at implant RVTN.
Filler gap of size 8 at implant RVTN.
Filler gap of size 5 at implant RVTN.
Filler gap of size 10 at implant RVTN.
Filler gap of size 2 at implant RVTN.
Filler gap of size 7 at implant RVTN.
Filler gap of size 8 at implant RVTN.
Filler gap of size 12 at implant RVTN.
Filler gap of size 1 at implant RVTN.
Filler gap of size 6 at implant RVTN.
Filler gap of size 4 at implant RVTN.
Filler gap of size 12 at implant RVTN.
Filler gap of size 13 at implant RVTN.
Filler gap of size 5 at implant RVTN.
Filler gap of size 14 at implant RVTN.
Filler gap of size 1 at implant RVTN.
Filler gap of size 6 at implant RVTN.
Filler gap of size 6 at implant RVTN.
Filler gap of size 9 at implant RVTN.
Filler gap of size 1 at implant RVTN.
Filler gap of size 8 at implant RVTN.
Filler gap of size 4 at implant RVTN.
Filler gap of size 2 at implant RVTN.
Filler gap of size 2 at implant RVTN.
Filler gap of size 9 at implant RVTN.
Filler gap of size 7 at implant RVTN.
Filler gap of size 10 at implant RVTN.
Filler gap of size 1 at implant RVTN.
Filler gap of size 10 at implant RVTN.
Filler gap of size 9 at implant RVTN.
Filler gap of size 9 at implant RVTN.
Filler gap of size 4 at implant RVTN.
Filler gap of size 12 at implant RVTN.
Filler gap of size 5 at implant RVTN.
Filler gap of size 5 at implant RVTN.
Filler gap of size 2 at implant RVTN.
Filler gap of size 12 at implant RVTN.
Filler gap of size 11 at implant RVTN.
Filler gap of size 4 at implant RVTN.
Filler gap of size 15 at implant RVTN.
Filler gap of size 9 at implant RVTN.
Filler gap of size 7 at implant RVTN.
Filler gap of size 16 at implant RVTN.
Filler gap of size 33 at implant RVTN.
Filler gap of size 1 at implant RVTN.
Filler gap of size 11 at implant RVTN.
Filler gap of size 31 at implant RVTN.
Filler gap of size 7 at implant RVTN.
Filler gap of size 174 at implant RVTN.
Filler gap of size 1 at implant RVTN.
Filler gap of size 11 at implant RVTN.
Filler gap of size 9 at implant RVTN.
Filler gap of size 8 at implant RVTN.
Filler gap of size 16 at implant RVTN.
Filler gap of size 1 at implant RVTN.
Filler gap of size 7 at implant RVTN.
Filler gap of size 1 at implant RVTN.
Filler gap of size 13 at implant RVTN.
Filler gap of size 5 at implant RVTN.
Filler gap of size 6 at implant RVTN.
Filler gap of size 4 at implant RVTN.
Filler gap of size 1 at implant RVTN.
Filler gap of size 1 at implant RVTN.
Filler gap of size 2 at implant RVTN.
Filler gap of size 5 at implant RVTN.
Filler gap of size 1 at implant RVTN.
Filler gap of size 4 at implant RVTN.
Filler gap of size 5 at implant RVTN.
Filler gap of size 9 at implant RVTN.
Filler gap of size 6 at implant RVTN.
Filler gap of size 5 at implant RVTN.
Filler gap of size 9 at implant RVTN.
Filler gap of size 22 at implant RVTN.
Filler gap of size 14 at implant RVTN.
Filler gap of size 7 at implant RVTN.
Filler gap of size 9 at implant RVTN.
Filler gap of size 3 at implant RVTN.
Filler gap of size 7 at implant RVTN.
Filler gap of size 1 at implant RVTN.
Filler gap of size 1 at implant RVTN.
Filler gap of size 4 at implant RVTN.
Filler gap of size 1 at implant RVTN.
Filler gap of size 6 at implant RVTN.
Filler gap of size 3 at implant RVTN.
Filler gap of size 8 at implant RVTN.
Filler gap of size 1 at implant RVTN.
Filler gap of size 22 at implant RVTN.
Filler gap of size 5 at implant RVTN.
Filler gap of size 4 at implant RVTN.
Filler gap of size 2 at implant RVTN.
Filler gap of size 7 at implant RVTN.
Filler gap of size 4 at implant RVTN.
Filler gap of size 9 at implant RVTN.
Filler gap of size 2 at implant RVTN.
Filler gap of size 13 at implant RVTN.
Filler gap of size 5 at implant RVTN.
Filler gap of size 2 at implant RVTN.
Filler gap of size 1 at implant RVTN.
Filler gap of size 3 at implant RVTN.
Filler gap of size 3 at implant RVTN.
Filler gap of size 3 at implant RVTN.
Filler gap of size 4 at implant RVTN.
Filler gap of size 12 at implant RVTN.
Filler gap of size 8 at implant RVTN.
Filler gap of size 7 at implant RVTN.
Filler gap of size 11 at implant RVTN.
Filler gap of size 3 at implant RVTN.
Filler gap of size 171 at implant RVTN.
Filler gap of size 10 at implant RVTN.
Filler gap of size 1 at implant RVTN.
Filler gap of size 5 at implant RVTN.
Filler gap of size 3 at implant RVTN.
Filler gap of size 25 at implant RVTN.
Filler gap of size 11 at implant RVTN.
Filler gap of size 4 at implant RVTN.
Filler gap of size 5 at implant RVTN.
Filler gap of size 1 at implant RVTN.
Filler gap of size 4 at implant RVTN.
Filler gap of size 1 at implant RVTN.
Filler gap of size 1 at implant RVTN.
Filler gap of size 1 at implant RVTN.
Filler gap of size 2 at implant RVTN.
Filler gap of size 7 at implant RVTN.
Filler gap of size 3 at implant RVTN.
Filler gap of size 3 at implant RVTN.
Filler gap of size 3 at implant RVTN.
Filler gap of size 6 at implant RVTN.
Filler gap of size 5 at implant RVTN.
Filler gap of size 16 at implant RVTN.
Filler gap of size 6 at implant RVTN.
Filler gap of size 26 at implant RVTN.
Filler gap of size 1 at implant RVTN.
Filler gap of size 1 at implant RVTN.
Filler gap of size 6 at implant RVTN.
Filler gap of size 14 at implant RVTN.
Filler gap of size 3 at implant RVTN.
Filler gap of size 2 at implant RVTN.
Filler gap of size 1 at implant RVTN.
Filler gap of size 7 at implant RVTN.
Filler gap of size 9 at implant RVTN.
Filler gap of size 2 at implant RVTN.
Filler gap of size 14 at implant RVTN.
Filler gap of size 14 at implant RVTN.
Filler gap of size 6 at implant RVTN.
Filler gap of size 1 at implant RVTN.
Filler gap of size 4 at implant RVTN.
Filler gap of size 2 at implant RVTN.
Filler gap of size 3 at implant RVTN.
Filler gap of size 8 at implant RVTN.
Filler gap of size 9 at implant RVTN.
Filler gap of size 5 at implant RVTN.
Filler gap of size 4 at implant RVTN.
Filler gap of size 5 at implant RVTN.
Filler gap of size 4 at implant RVTN.
Filler gap of size 2 at implant RVTN.
Filler gap of size 2 at implant RVTN.
Filler gap of size 25 at implant RVTN.
Filler gap of size 32 at implant RVTN.
Filler gap of size 6 at implant RVTN.
Filler gap of size 20 at implant RVTN.
Filler gap of size 172 at implant RVTN.
Filler gap of size 10 at implant RVTN.
Filler gap of size 4 at implant RVTN.
Filler gap of size 3 at implant RVTN.
Filler gap of size 9 at implant RVTN.
Filler gap of size 10 at implant RVTN.
Filler gap of size 1 at implant RVTN.
Filler gap of size 4 at implant RVTN.
Filler gap of size 27 at implant RVTN.
Filler gap of size 2 at implant RVTN.
Filler gap of size 10 at implant RVTN.
Filler gap of size 3 at implant RVTN.
Filler gap of size 2 at implant RVTN.
Filler gap of size 7 at implant RVTN.
Filler gap of size 6 at implant RVTN.
Filler gap of size 1 at implant RVTN.
Filler gap of size 2 at implant RVTN.
Filler gap of size 4 at implant RVTN.
Filler gap of size 7 at implant RVTN.
Filler gap of size 8 at implant RVTN.
Filler gap of size 9 at implant RVTN.
Filler gap of size 5 at implant RVTN.
Filler gap of size 15 at implant RVTN.
Filler gap of size 1 at implant RVTN.
Filler gap of size 8 at implant RVTN.
Filler gap of size 1 at implant RVTN.
Filler gap of size 10 at implant RVTN.
Filler gap of size 5 at implant RVTN.
Filler gap of size 5 at implant RVTN.
Filler gap of size 3 at implant RVTN.
Filler gap of size 3 at implant RVTN.
Filler gap of size 4 at implant RVTN.
Filler gap of size 2 at implant RVTN.
Filler gap of size 4 at implant RVTN.
Filler gap of size 2 at implant RVTN.
Filler gap of size 3 at implant RVTN.
Filler gap of size 4 at implant RVTN.
Filler gap of size 1 at implant RVTN.
Filler gap of size 2 at implant RVTN.
Filler gap of size 5 at implant RVTN.
Filler gap of size 5 at implant RVTN.
Filler gap of size 6 at implant RVTN.
Filler gap of size 5 at implant RVTN.
Filler gap of size 2 at implant RVTN.
Filler gap of size 6 at implant RVTN.
Filler gap of size 1 at implant RVTN.
Filler gap of size 10 at implant RVTN.
Filler gap of size 2 at implant RVTN.
Filler gap of size 7 at implant RVTN.
Filler gap of size 3 at implant RVTN.
Filler gap of size 2 at implant RVTN.
Filler gap of size 8 at implant RVTN.
Filler gap of size 6 at implant RVTN.
Filler gap of size 9 at implant RVTN.
Filler gap of size 28 at implant RVTN.
Filler gap of size 12 at implant RVTN.
Filler gap of size 2 at implant RVTN.
Filler gap of size 18 at implant RVTN.
Filler gap of size 4 at implant RVTN.
Filler gap of size 6 at implant RVTN.
Filler gap of size 62 at implant RVTN.
Filler gap of size 16 at implant RVTN.
Filler gap of size 11 at implant RVTN.
Filler gap of size 5 at implant RVTN.
Filler gap of size 21 at implant RVTN.
Filler gap of size 13 at implant RVTN.
Filler gap of size 1 at implant RVTN.
Filler gap of size 5 at implant RVTN.
Filler gap of size 6 at implant RVTN.
Filler gap of size 1 at implant RVTN.
Filler gap of size 4 at implant RVTN.
Filler gap of size 1 at implant RVTN.
Filler gap of size 4 at implant RVTN.
Filler gap of size 3 at implant RVTN.
Filler gap of size 3 at implant RVTN.
Filler gap of size 5 at implant RVTN.
Filler gap of size 4 at implant RVTN.
Filler gap of size 13 at implant RVTN.
Filler gap of size 2 at implant RVTN.
Filler gap of size 5 at implant RVTN.
Filler gap of size 8 at implant RVTN.
Filler gap of size 4 at implant RVTN.
Filler gap of size 7 at implant RVTN.
Filler gap of size 9 at implant RVTN.
Filler gap of size 3 at implant RVTN.
Filler gap of size 4 at implant RVTN.
Filler gap of size 2 at implant RVTN.
Filler gap of size 4 at implant RVTN.
Filler gap of size 4 at implant RVTN.
Filler gap of size 8 at implant RVTN.
Filler gap of size 1 at implant RVTN.
Filler gap of size 32 at implant RVTN.
Filler gap of size 10 at implant RVTN.
Filler gap of size 6 at implant RVTN.
Filler gap of size 1 at implant RVTN.
Filler gap of size 8 at implant RVTN.
Filler gap of size 6 at implant RVTN.
Filler gap of size 8 at implant RVTN.
Filler gap of size 1 at implant RVTN.
Filler gap of size 5 at implant RVTN.
Filler gap of size 5 at implant RVTN.
Filler gap of size 2 at implant RVTN.
Filler gap of size 2 at implant RVTN.
Filler gap of size 4 at implant RVTN.
Filler gap of size 4 at implant RVTN.
Filler gap of size 4 at implant RVTN.
Filler gap of size 4 at implant RVTN.
Filler gap of size 11 at implant RVTN.
Filler gap of size 4 at implant RVTN.
Filler gap of size 1 at implant RVTN.
Filler gap of size 5 at implant RVTN.
Filler gap of size 5 at implant RVTN.
Filler gap of size 9 at implant RVTN.
Filler gap of size 4 at implant RVTN.
Filler gap of size 3 at implant RVTN.
Filler gap of size 4 at implant RVTN.
Filler gap of size 9 at implant RVTN.
Filler gap of size 2 at implant RVTN.
Filler gap of size 2 at implant RVTN.
Filler gap of size 3 at implant RVTN.
Filler gap of size 3 at implant RVTN.
Filler gap of size 59 at implant RVTN.
Filler gap of size 5 at implant RVTN.
Filler gap of size 5 at implant RVTN.
Filler gap of size 8 at implant RVTN.
Filler gap of size 3 at implant RVTN.
Filler gap of size 3 at implant RVTN.
Filler gap of size 10 at implant RVTN.
Filler gap of size 3 at implant RVTN.
Filler gap of size 4 at implant RVTN.
Filler gap of size 3 at implant RVTN.
Filler gap of size 13 at implant RVTN.
Filler gap of size 3 at implant RVTN.
Filler gap of size 1 at implant RVTN.
Filler gap of size 1 at implant RVTN.
Filler gap of size 3 at implant RVTN.
Filler gap of size 2 at implant RVTN.
Filler gap of size 15 at implant RVTN.
Filler gap of size 2 at implant RVTN.
Filler gap of size 7 at implant RVTN.
Filler gap of size 5 at implant RVTN.
Filler gap of size 1 at implant RVTN.
Filler gap of size 3 at implant RVTN.
Filler gap of size 33 at implant RVTN.
Filler gap of size 1 at implant RVTN.
Filler gap of size 6 at implant RVTN.
Filler gap of size 20 at implant RVTN.
Filler gap of size 3 at implant RVTN.
Filler gap of size 2 at implant RVTN.
Filler gap of size 7 at implant RVTN.
Filler gap of size 6 at implant RVTN.
Filler gap of size 8 at implant RVTN.
Filler gap of size 11 at implant RVTN.
Filler gap of size 1 at implant RVTN.
Filler gap of size 5 at implant RVTN.
Filler gap of size 12 at implant RVTN.
Filler gap of size 2 at implant RVTN.
Filler gap of size 1 at implant RVTN.
Filler gap of size 5 at implant RVTN.
Filler gap of size 8 at implant RVTN.
Filler gap of size 5 at implant RVTN.
Filler gap of size 2 at implant RVTN.
Filler gap of size 7 at implant RVTN.
Filler gap of size 10 at implant RVTN.
Filler gap of size 2 at implant RVTN.
Filler gap of size 7 at implant RVTN.
Filler gap of size 8 at implant RVTN.
Filler gap of size 1 at implant RVTN.
Filler gap of size 5 at implant RVTN.
Filler gap of size 5 at implant RVTN.
Filler gap of size 6 at implant RVTN.
Filler gap of size 2 at implant RVTN.
Filler gap of size 5 at implant RVTN.
Filler gap of size 1 at implant RVTN.
Filler gap of size 7 at implant RVTN.
Filler gap of size 2 at implant RVTN.
Filler gap of size 9 at implant RVTN.
Filler gap of size 51 at implant RVTN.
Filler gap of size 3 at implant RVTN.
Filler gap of size 3 at implant RVTN.
Filler gap of size 3 at implant RVTN.
Filler gap of size 9 at implant RVTN.
Filler gap of size 5 at implant RVTN.
Filler gap of size 4 at implant RVTN.
Filler gap of size 9 at implant RVTN.
Filler gap of size 3 at implant RVTN.
Filler gap of size 1 at implant RVTN.
Filler gap of size 2 at implant RVTN.
Filler gap of size 5 at implant RVTN.
Filler gap of size 8 at implant RVTN.
Filler gap of size 5 at implant RVTN.
Filler gap of size 8 at implant RVTN.
Filler gap of size 15 at implant RVTN.
Filler gap of size 3 at implant RVTN.
Filler gap of size 6 at implant RVTN.
Filler gap of size 6 at implant RVTN.
Filler gap of size 2 at implant RVTN.
Filler gap of size 3 at implant RVTN.
Filler gap of size 2 at implant RVTN.
Filler gap of size 5 at implant RVTN.
Filler gap of size 3 at implant RVTN.
Filler gap of size 1 at implant RVTN.
Filler gap of size 6 at implant RVTN.
Filler gap of size 5 at implant RVTN.
Filler gap of size 6 at implant RVTN.
Filler gap of size 14 at implant RVTN.
Filler gap of size 6 at implant RVTN.
Filler gap of size 1 at implant RVTN.
Filler gap of size 5 at implant RVTN.
Filler gap of size 6 at implant RVTN.
Filler gap of size 6 at implant RVTN.
Filler gap of size 4 at implant RVTN.
Filler gap of size 3 at implant RVTN.
Filler gap of size 2 at implant RVTN.
Filler gap of size 3 at implant RVTN.
Filler gap of size 6 at implant RVTN.
Filler gap of size 4 at implant RVTN.
Filler gap of size 5 at implant RVTN.
Filler gap of size 5 at implant RVTN.
Filler gap of size 8 at implant RVTN.
Filler gap of size 2 at implant RVTN.
Filler gap of size 2 at implant RVTN.
Filler gap of size 6 at implant RVTN.
Filler gap of size 6 at implant RVTN.
Filler gap of size 13 at implant RVTN.
Filler gap of size 5 at implant RVTN.
Filler gap of size 2 at implant RVTN.
Filler gap of size 5 at implant RVTN.
Filler gap of size 1 at implant RVTN.
Filler gap of size 44 at implant RVTN.
Filler gap of size 5 at implant RVTN.
Filler gap of size 6 at implant RVTN.
Filler gap of size 10 at implant RVTN.
Filler gap of size 2 at implant RVTN.
Filler gap of size 31 at implant RVTN.
Filler gap of size 3 at implant RVTN.
Filler gap of size 2 at implant RVTN.
Filler gap of size 14 at implant RVTN.
Filler gap of size 1 at implant RVTN.
Filler gap of size 1 at implant RVTN.
Filler gap of size 4 at implant RVTN.
Filler gap of size 1 at implant RVTN.
Filler gap of size 1 at implant RVTN.
Filler gap of size 1 at implant RVTN.
Filler gap of size 4 at implant RVTN.
Filler gap of size 5 at implant RVTN.
Filler gap of size 3 at implant RVTN.
Filler gap of size 2 at implant RVTN.
Filler gap of size 1 at implant RVTN.
Filler gap of size 1 at implant RVTN.
Filler gap of size 2 at implant RVTN.
Filler gap of size 10 at implant RVTN.
Filler gap of size 5 at implant RVTN.
Filler gap of size 2 at implant RVTN.
Filler gap of size 3 at implant RVTN.
Filler gap of size 4 at implant RVTN.
Filler gap of size 4 at implant RVTN.
Filler gap of size 2 at implant RVTN.
Filler gap of size 9 at implant RVTN.
Filler gap of size 5 at implant RVTN.
Filler gap of size 12 at implant RVTN.
Filler gap of size 2 at implant RVTN.
Filler gap of size 3 at implant RVTN.
Filler gap of size 6 at implant RVTN.
Filler gap of size 15 at implant RVTN.
Filler gap of size 1 at implant RVTN.
Filler gap of size 2 at implant RVTN.
Filler gap of size 2 at implant RVTN.
Filler gap of size 4 at implant RVTN.
Filler gap of size 4 at implant RVTN.
Filler gap of size 2 at implant RVTN.
Filler gap of size 2 at implant RVTN.
Filler gap of size 1 at implant RVTN.
Filler gap of size 1 at implant RVTN.
Filler gap of size 3 at implant RVTN.
Filler gap of size 3 at implant RVTN.
Filler gap of size 2 at implant RVTN.
Filler gap of size 11 at implant RVTN.
Filler gap of size 4 at implant RVTN.
Filler gap of size 1 at implant RVTN.
Filler gap of size 2 at implant RVTN.
Filler gap of size 6 at implant RVTN.
Filler gap of size 6 at implant RVTN.
Filler gap of size 4 at implant RVTN.
Filler gap of size 11 at implant RVTN.
Filler gap of size 2 at implant RVTN.
Filler gap of size 12 at implant RVTN.
Filler gap of size 6 at implant RVTN.
Filler gap of size 1 at implant RVTN.
Filler gap of size 2 at implant RVTN.
Filler gap of size 1 at implant RVTN.
Filler gap of size 16 at implant RVTN.
Filler gap of size 10 at implant RVTN.
Filler gap of size 28 at implant RVTN.
Filler gap of size 4 at implant RVTN.
Filler gap of size 22 at implant RVTN.
Filler gap of size 13 at implant RVTN.
Filler gap of size 25 at implant RVTN.
Filler gap of size 5 at implant RVTN.
Filler gap of size 5 at implant RVTN.
Filler gap of size 3 at implant RVTN.
Filler gap of size 4 at implant RVTN.
Filler gap of size 8 at implant RVTN.
Filler gap of size 7 at implant RVTN.
Filler gap of size 10 at implant RVTN.
Filler gap of size 4 at implant RVTN.
Filler gap of size 3 at implant RVTN.
Filler gap of size 2 at implant RVTN.
Filler gap of size 7 at implant RVTN.
Filler gap of size 18 at implant RVTN.
Filler gap of size 3 at implant RVTN.
Filler gap of size 6 at implant RVTN.
Filler gap of size 13 at implant RVTN.
Filler gap of size 7 at implant RVTN.
Filler gap of size 11 at implant RVTN.
Filler gap of size 2 at implant RVTN.
Filler gap of size 4 at implant RVTN.
Filler gap of size 3 at implant RVTN.
Filler gap of size 7 at implant RVTN.
Filler gap of size 2 at implant RVTN.
Filler gap of size 6 at implant RVTN.
Filler gap of size 4 at implant RVTN.
Filler gap of size 5 at implant RVTN.
Filler gap of size 5 at implant RVTN.
Filler gap of size 6 at implant RVTN.
Filler gap of size 12 at implant RVTN.
Filler gap of size 2 at implant RVTN.
Filler gap of size 15 at implant RVTN.
Filler gap of size 1 at implant RVTN.
Filler gap of size 12 at implant RVTN.
Filler gap of size 2 at implant RVTN.
Filler gap of size 3 at implant RVTN.
Filler gap of size 13 at implant RVTN.
Filler gap of size 3 at implant RVTN.
Filler gap of size 4 at implant RVTN.
Filler gap of size 3 at implant RVTN.
Filler gap of size 4 at implant RVTN.
Filler gap of size 4 at implant RVTN.
Filler gap of size 7 at implant RVTN.
Filler gap of size 36 at implant RVTN.
Filler gap of size 4 at implant RVTN.
Filler gap of size 6 at implant RVTN.
Filler gap of size 1 at implant RVTN.
Filler gap of size 10 at implant RVTN.
Filler gap of size 2 at implant RVTN.
Filler gap of size 14 at implant RVTN.
Filler gap of size 3 at implant RVTN.
Filler gap of size 2 at implant RVTN.
Filler gap of size 6 at implant RVTN.
Filler gap of size 5 at implant RVTN.
Filler gap of size 10 at implant RVTN.
Filler gap of size 5 at implant RVTN.
Filler gap of size 1 at implant RVTN.
Filler gap of size 5 at implant RVTN.
Filler gap of size 8 at implant RVTN.
Filler gap of size 16 at implant RVTN.
Filler gap of size 9 at implant RVTN.
Filler gap of size 7 at implant RVTN.
Filler gap of size 30 at implant RVTN.
Filler gap of size 10 at implant RVTN.
Filler gap of size 1 at implant RVTN.
Filler gap of size 3 at implant RVTN.
Filler gap of size 5 at implant RVTN.
Filler gap of size 1 at implant RVTN.
Filler gap of size 6 at implant RVTN.
Filler gap of size 5 at implant RVTN.
Filler gap of size 3 at implant RVTN.
Filler gap of size 8 at implant RVTN.
Filler gap of size 2 at implant RVTN.
Filler gap of size 6 at implant RVTN.
Filler gap of size 1 at implant RVTN.
Filler gap of size 5 at implant RVTN.
Filler gap of size 3 at implant RVTN.
Filler gap of size 5 at implant RVTN.
Filler gap of size 5 at implant RVTN.
Filler gap of size 4 at implant RVTN.
Filler gap of size 8 at implant RVTN.
Filler gap of size 2 at implant RVTN.
Filler gap of size 6 at implant RVTN.
Filler gap of size 8 at implant RVTN.
Filler gap of size 5 at implant RVTN.
Filler gap of size 4 at implant RVTN.
Filler gap of size 3 at implant RVTN.
Filler gap of size 3 at implant RVTN.
Filler gap of size 5 at implant RVTN.
Filler gap of size 7 at implant RVTN.
Filler gap of size 3 at implant RVTN.
Filler gap of size 11 at implant RVTN.
Filler gap of size 7 at implant RVTN.
Filler gap of size 5 at implant RVTN.
Filler gap of size 5 at implant RVTN.
Filler gap of size 2 at implant RVTN.
Filler gap of size 2 at implant RVTN.
Filler gap of size 1 at implant RVTN.
Filler gap of size 22 at implant RVTN.
Filler gap of size 1 at implant RVTN.
Filler gap of size 8 at implant RVTN.
Filler gap of size 10 at implant RVTN.
Filler gap of size 6 at implant RVTN.
Filler gap of size 6 at implant RVTN.
Filler gap of size 26 at implant RVTN.
Filler gap of size 26 at implant RVTN.
Filler gap of size 50 at implant RVTN.
Filler gap of size 8 at implant RVTN.
Filler gap of size 5 at implant RVTN.
Filler gap of size 4 at implant RVTN.
Filler gap of size 2 at implant RVTN.
Filler gap of size 9 at implant RVTN.
Filler gap of size 20 at implant RVTN.
Filler gap of size 5 at implant RVTN.
Filler gap of size 2 at implant RVTN.
Filler gap of size 2 at implant RVTN.
Filler gap of size 1 at implant RVTN.
Filler gap of size 5 at implant RVTN.
Filler gap of size 2 at implant RVTN.
Filler gap of size 4 at implant RVTN.
Filler gap of size 5 at implant RVTN.
Filler gap of size 5 at implant RVTN.
Filler gap of size 5 at implant RVTN.
Filler gap of size 2 at implant RVTN.
Filler gap of size 9 at implant RVTN.
Filler gap of size 9 at implant RVTN.
Filler gap of size 2 at implant RVTN.
Filler gap of size 26 at implant RVTN.
Filler gap of size 28 at implant RVTN.
Filler gap of size 1 at implant RVTN.
Filler gap of size 7 at implant RVTN.
Filler gap of size 15 at implant RVTN.
Filler gap of size 6 at implant RVTN.
Filler gap of size 5 at implant RVTN.
Filler gap of size 8 at implant RVTN.
Filler gap of size 10 at implant RVTN.
Filler gap of size 3 at implant RVTN.
Filler gap of size 3 at implant RVTN.
Filler gap of size 9 at implant RVTN.
Filler gap of size 24 at implant RVTN.
Filler gap of size 2 at implant RVTN.
Filler gap of size 11 at implant RVTN.
Filler gap of size 4 at implant RVTN.
Filler gap of size 1 at implant RVTN.
Filler gap of size 1 at implant RVTN.
Filler gap of size 5 at implant RVTN.
Filler gap of size 9 at implant RVTN.
Filler gap of size 3 at implant RVTN.
Filler gap of size 11 at implant RVTN.
Filler gap of size 5 at implant RVTN.
Filler gap of size 16 at implant RVTN.
Filler gap of size 17 at implant RVTN.
Filler gap of size 10 at implant RVTN.
Filler gap of size 6 at implant RVTN.
Filler gap of size 10 at implant RVTN.
Filler gap of size 16 at implant RVTN.
Filler gap of size 7 at implant RVTN.
Filler gap of size 3 at implant RVTN.
Filler gap of size 6 at implant RVTN.
Filler gap of size 2 at implant RVTN.
Filler gap of size 2 at implant RVTN.
Filler gap of size 5 at implant RVTN.
Filler gap of size 26 at implant RVTN.
Filler gap of size 16 at implant RVTN.
Filler gap of size 1 at implant RVTN.
Filler gap of size 2 at implant RVTN.
Filler gap of size 1 at implant RVTN.
Filler gap of size 13 at implant RVTN.
Filler gap of size 1 at implant RVTN.
Filler gap of size 5 at implant RVTN.
Filler gap of size 5 at implant RVTN.
Filler gap of size 15 at implant RVTN.
Filler gap of size 10 at implant RVTN.
Filler gap of size 15 at implant RVTN.
Filler gap of size 15 at implant RVTN.
Filler gap of size 3 at implant RVTN.
Filler gap of size 3 at implant RVTN.
Filler gap of size 2 at implant RVTN.
Filler gap of size 2 at implant RVTN.
Filler gap of size 7 at implant RVTN.
Filler gap of size 26 at implant RVTN.
Filler gap of size 8 at implant RVTN.
Filler gap of size 39 at implant RVTN.
Filler gap of size 2 at implant RVTN.
Filler gap of size 18 at implant RVTN.
Filler gap of size 7 at implant RVTN.
Filler gap of size 2 at implant RVTN.
Filler gap of size 12 at implant RVTN.
Filler gap of size 11 at implant RVTN.
Filler gap of size 4 at implant RVTN.
Filler gap of size 2 at implant RVTN.
Filler gap of size 27 at implant RVTN.
Filler gap of size 9 at implant RVTN.
Filler gap of size 4 at implant RVTN.
Filler gap of size 2 at implant RVTN.
Filler gap of size 8 at implant RVTN.
Filler gap of size 3 at implant RVTN.
Filler gap of size 4 at implant RVTN.
Filler gap of size 5 at implant RVTN.
Filler gap of size 13 at implant RVTN.
Filler gap of size 6 at implant RVTN.
Filler gap of size 6 at implant RVTN.
Filler gap of size 14 at implant RVTN.
Filler gap of size 3 at implant RVTN.
Filler gap of size 1 at implant RVTN.
Filler gap of size 4 at implant RVTN.
Filler gap of size 6 at implant RVTN.
Filler gap of size 5 at implant RVTN.
Filler gap of size 8 at implant RVTN.
Filler gap of size 2 at implant RVTN.
Filler gap of size 9 at implant RVTN.
Filler gap of size 2 at implant RVTN.
Filler gap of size 11 at implant RVTN.
Filler gap of size 5 at implant RVTN.
Filler gap of size 26 at implant RVTN.
Filler gap of size 31 at implant RVTN.
Filler gap of size 13 at implant RVTN.
Filler gap of size 1 at implant RVTN.
Filler gap of size 2 at implant RVTN.
Filler gap of size 1 at implant RVTN.
Filler gap of size 3 at implant RVTN.
Filler gap of size 3 at implant RVTN.
Filler gap of size 2 at implant RVTN.
Filler gap of size 7 at implant RVTN.
Filler gap of size 3 at implant RVTN.
Filler gap of size 14 at implant RVTN.
Filler gap of size 12 at implant RVTN.
Filler gap of size 17 at implant RVTN.
Filler gap of size 1 at implant RVTN.
Filler gap of size 8 at implant RVTN.
Filler gap of size 1 at implant RVTN.
Filler gap of size 2 at implant RVTN.
Filler gap of size 4 at implant RVTN.
Filler gap of size 5 at implant RVTN.
Filler gap of size 21 at implant RVTN.
Filler gap of size 3 at implant RVTN.
Filler gap of size 15 at implant RVTN.
Filler gap of size 4 at implant RVTN.
Filler gap of size 22 at implant RVTN.
Filler gap of size 12 at implant RVTN.
Filler gap of size 13 at implant RVTN.
Filler gap of size 11 at implant RVTN.
Filler gap of size 4 at implant RVTN.
Filler gap of size 6 at implant RVTN.
Filler gap of size 9 at implant RVTN.
Filler gap of size 2 at implant RVTN.
Filler gap of size 4 at implant RVTN.
Filler gap of size 10 at implant RVTN.
Filler gap of size 6 at implant RVTN.
Filler gap of size 1 at implant RVTN.
Filler gap of size 9 at implant RVTN.
Filler gap of size 5 at implant RVTN.
Filler gap of size 9 at implant RVTN.
Filler gap of size 5 at implant RVTN.
Filler gap of size 2 at implant RVTN.
Filler gap of size 16 at implant RVTN.
Filler gap of size 7 at implant RVTN.
Filler gap of size 8 at implant RVTN.
Filler gap of size 4 at implant RVTN.
Filler gap of size 26 at implant RVTN.
Filler gap of size 5 at implant RVTN.
Filler gap of size 5 at implant RVTN.
Filler gap of size 1 at implant RVTN.
Filler gap of size 1 at implant RVTN.
Filler gap of size 3 at implant RVTN.
Filler gap of size 5 at implant RVTN.
Filler gap of size 3 at implant RVTN.
Filler gap of size 6 at implant RVTN.
Filler gap of size 3 at implant RVTN.
Filler gap of size 11 at implant RVTN.
Filler gap of size 8 at implant RVTN.
Filler gap of size 2 at implant RVTN.
Filler gap of size 5 at implant RVTN.
Filler gap of size 9 at implant RVTN.
Filler gap of size 9 at implant RVTN.
Filler gap of size 13 at implant RVTN.
Filler gap of size 2 at implant RVTN.
Filler gap of size 7 at implant RVTN.
Filler gap of size 1 at implant RVTN.
Filler gap of size 4 at implant RVTN.
Filler gap of size 6 at implant RVTN.
Filler gap of size 8 at implant RVTN.
Filler gap of size 5 at implant RVTN.
Filler gap of size 4 at implant RVTN.
Filler gap of size 7 at implant RVTN.
Filler gap of size 1 at implant RVTN.
Filler gap of size 3 at implant RVTN.
Filler gap of size 2 at implant RVTN.
Filler gap of size 16 at implant RVTN.
Filler gap of size 2 at implant RVTN.
Filler gap of size 2 at implant RVTN.
Filler gap of size 1 at implant RVTN.
Filler gap of size 3 at implant RVTN.
Filler gap of size 1 at implant RVTN.
Filler gap of size 2 at implant RVTN.
Filler gap of size 2 at implant RVTN.
Filler gap of size 5 at implant RVTN.
Filler gap of size 4 at implant RVTN.
Filler gap of size 3 at implant RVTN.
Filler gap of size 12 at implant RVTN.
Filler gap of size 19 at implant RVTN.
Filler gap of size 2 at implant RVTN.
Filler gap of size 1 at implant RVTN.
Filler gap of size 14 at implant RVTN.
Filler gap of size 14 at implant RVTN.
Filler gap of size 9 at implant RVTN.
Filler gap of size 3 at implant RVTN.
Filler gap of size 11 at implant RVTN.
Filler gap of size 21 at implant RVTN.
Filler gap of size 3 at implant RVTN.
Filler gap of size 1 at implant RVTN.
Filler gap of size 8 at implant RVTN.
Filler gap of size 1 at implant RVTN.
Filler gap of size 4 at implant RVTN.
Filler gap of size 7 at implant RVTN.
Filler gap of size 2 at implant RVTN.
Filler gap of size 12 at implant RVTN.
Filler gap of size 9 at implant RVTN.
Filler gap of size 3 at implant RVTN.
Filler gap of size 5 at implant RVTN.
Filler gap of size 6 at implant RVTN.
Filler gap of size 4 at implant RVTN.
Filler gap of size 4 at implant RVTN.
Filler gap of size 14 at implant RVTN.
Filler gap of size 3 at implant RVTN.
Filler gap of size 6 at implant RVTN.
Filler gap of size 6 at implant RVTN.
Filler gap of size 3 at implant RVTN.
Filler gap of size 5 at implant RVTN.
Filler gap of size 1 at implant RVTN.
Filler gap of size 1 at implant RVTN.
Filler gap of size 3 at implant RVTN.
Filler gap of size 2 at implant RVTN.
Filler gap of size 5 at implant RVTN.
Filler gap of size 5 at implant RVTN.
Filler gap of size 12 at implant RVTN.
Filler gap of size 8 at implant RVTN.
Filler gap of size 1 at implant RVTN.
Filler gap of size 5 at implant RVTN.
Filler gap of size 4 at implant RVTN.
Filler gap of size 14 at implant RVTN.
Filler gap of size 5 at implant RVTN.
Filler gap of size 1 at implant RVTN.
Filler gap of size 11 at implant RVTN.
Filler gap of size 13 at implant RVTN.
Filler gap of size 8 at implant RVTN.
Filler gap of size 17 at implant RVTN.
Filler gap of size 4 at implant RVTN.
Filler gap of size 8 at implant RVTN.
Filler gap of size 1 at implant RVTN.
Filler gap of size 3 at implant RVTN.
Filler gap of size 9 at implant RVTN.
Filler gap of size 2 at implant RVTN.
Filler gap of size 4 at implant RVTN.
Filler gap of size 10 at implant RVTN.
Filler gap of size 2 at implant RVTN.
Filler gap of size 10 at implant RVTN.
Filler gap of size 9 at implant RVTN.
Filler gap of size 3 at implant RVTN.
Filler gap of size 15 at implant RVTN.
Filler gap of size 6 at implant RVTN.
Filler gap of size 6 at implant RVTN.
Filler gap of size 2 at implant RVTN.
Filler gap of size 5 at implant RVTN.
Filler gap of size 28 at implant RVTN.
Filler gap of size 14 at implant RVTN.
Filler gap of size 10 at implant RVTN.
Filler gap of size 29 at implant RVTN.
Filler gap of size 11 at implant RVTN.
Filler gap of size 4 at implant RVTN.
Filler gap of size 7 at implant RVTN.
Filler gap of size 1 at implant RVTN.
Filler gap of size 17 at implant RVTN.
Filler gap of size 10 at implant RVTN.
Filler gap of size 7 at implant RVTN.
Filler gap of size 26 at implant RVTN.
Filler gap of size 5 at implant RVTN.
Filler gap of size 12 at implant RVTN.
Filler gap of size 5 at implant RVTN.
Filler gap of size 4 at implant RVTN.
Filler gap of size 10 at implant RVTN.
Filler gap of size 2 at implant RVTN.
Filler gap of size 8 at implant RVTN.
Filler gap of size 11 at implant RVTN.
Filler gap of size 2 at implant RVTN.
Filler gap of size 11 at implant RVTN.
Filler gap of size 1 at implant RVTN.
Filler gap of size 18 at implant RVTN.
Filler gap of size 7 at implant RVTN.
Filler gap of size 4 at implant RVTN.
Filler gap of size 3 at implant RVTN.
Filler gap of size 4 at implant RVTN.
Filler gap of size 6 at implant RVTN.
Filler gap of size 4 at implant RVTN.
Filler gap of size 17 at implant RVTN.
Filler gap of size 17 at implant RVTN.
Filler gap of size 3 at implant RVTN.
Filler gap of size 5 at implant RVTN.
Filler gap of size 8 at implant RVTN.
Filler gap of size 10 at implant RVTN.
Filler gap of size 2 at implant RVTN.
Filler gap of size 2 at implant RVTN.
Filler gap of size 4 at implant RVTN.
Filler gap of size 3 at implant RVTN.
Filler gap of size 17 at implant RVTN.
Filler gap of size 7 at implant RVTN.
Filler gap of size 2 at implant RVTN.
Filler gap of size 2 at implant RVTN.
Filler gap of size 7 at implant RVTN.
Filler gap of size 13 at implant RVTN.
Filler gap of size 1 at implant RVTN.
Filler gap of size 4 at implant RVTN.
Filler gap of size 4 at implant RVTN.
Filler gap of size 1 at implant RVTN.
Filler gap of size 4 at implant RVTN.
Filler gap of size 2 at implant RVTN.
Filler gap of size 2 at implant RVTN.
Filler gap of size 21 at implant RVTN.
Filler gap of size 7 at implant RVTN.
Filler gap of size 9 at implant RVTN.
Filler gap of size 13 at implant RVTN.
Filler gap of size 2 at implant RVTN.
Filler gap of size 26 at implant RVTN.
Filler gap of size 5 at implant RVTN.
Filler gap of size 1 at implant RVTN.
Filler gap of size 9 at implant RVTN.
Filler gap of size 3 at implant RVTN.
Filler gap of size 8 at implant RVTN.
Filler gap of size 43 at implant RVTN.
Filler gap of size 26 at implant RVTN.
Filler gap of size 2 at implant RVTN.
Filler gap of size 8 at implant RVTN.
Filler gap of size 4 at implant RVTN.
Filler gap of size 22 at implant RVTN.
Filler gap of size 2 at implant RVTN.
Filler gap of size 4 at implant RVTN.
Filler gap of size 6 at implant RVTN.
Filler gap of size 22 at implant RVTN.
Filler gap of size 4 at implant RVTN.
Filler gap of size 2 at implant RVTN.
Filler gap of size 3 at implant RVTN.
Filler gap of size 1 at implant RVTN.
Filler gap of size 5 at implant RVTN.
Filler gap of size 12 at implant RVTN.
Filler gap of size 1 at implant RVTN.
Filler gap of size 6 at implant RVTN.
Filler gap of size 1 at implant RVTN.
Filler gap of size 5 at implant RVTN.
Filler gap of size 4 at implant RVTN.
Filler gap of size 13 at implant RVTN.
Filler gap of size 4 at implant RVTN.
Filler gap of size 15 at implant RVTN.
Filler gap of size 3 at implant RVTN.
Filler gap of size 2 at implant RVTN.
Filler gap of size 2 at implant RVTN.
Filler gap of size 6 at implant RVTN.
Filler gap of size 2 at implant RVTN.
Filler gap of size 2 at implant RVTN.
Filler gap of size 5 at implant RVTN.
Filler gap of size 3 at implant RVTN.
Filler gap of size 1 at implant RVTN.
Filler gap of size 15 at implant RVTN.
Filler gap of size 6 at implant RVTN.
Filler gap of size 8 at implant RVTN.
Filler gap of size 1 at implant RVTN.
Filler gap of size 5 at implant RVTN.
Filler gap of size 2 at implant RVTN.
Filler gap of size 2 at implant RVTN.
Filler gap of size 43 at implant RVTN.
Filler gap of size 5 at implant RVTN.
Filler gap of size 5 at implant RVTN.
Filler gap of size 4 at implant RVTN.
Filler gap of size 9 at implant RVTN.
Filler gap of size 3 at implant RVTN.
Filler gap of size 10 at implant RVTN.
Filler gap of size 18 at implant RVTN.
Filler gap of size 2 at implant RVTN.
Filler gap of size 1 at implant RVTN.
Filler gap of size 3 at implant RVTN.
Filler gap of size 25 at implant RVTN.
Filler gap of size 4 at implant RVTN.
Filler gap of size 5 at implant RVTN.
Filler gap of size 2 at implant RVTN.
Filler gap of size 1 at implant RVTN.
Filler gap of size 11 at implant RVTN.
Filler gap of size 2 at implant RVTN.
Filler gap of size 7 at implant RVTN.
Filler gap of size 1 at implant RVTN.
Filler gap of size 5 at implant RVTN.
Filler gap of size 1 at implant RVTN.
Filler gap of size 1 at implant RVTN.
Filler gap of size 38 at implant RVTN.
Filler gap of size 10 at implant RVTN.
Filler gap of size 2 at implant RVTN.
Filler gap of size 4 at implant RVTN.
Filler gap of size 2 at implant RVTN.
Filler gap of size 11 at implant RVTN.
Filler gap of size 10 at implant RVTN.
Filler gap of size 7 at implant RVTN.
Filler gap of size 2 at implant RVTN.
Filler gap of size 4 at implant RVTN.
Filler gap of size 2 at implant RVTN.
Filler gap of size 4 at implant RVTN.
Filler gap of size 1 at implant RVTN.
Filler gap of size 14 at implant RVTN.
Filler gap of size 7 at implant RVTN.
Filler gap of size 7 at implant RVTN.
Filler gap of size 9 at implant RVTN.
Filler gap of size 8 at implant RVTN.
Filler gap of size 3 at implant RVTN.
Filler gap of size 6 at implant RVTN.
Filler gap of size 3 at implant RVTN.
Filler gap of size 2 at implant RVTN.
Filler gap of size 3 at implant RVTN.
Filler gap of size 38 at implant RVTN.
Filler gap of size 4 at implant RVTN.
Filler gap of size 1 at implant RVTN.
Filler gap of size 6 at implant RVTN.
Filler gap of size 4 at implant RVTN.
Filler gap of size 1 at implant RVTN.
Filler gap of size 5 at implant RVTN.
Filler gap of size 2 at implant RVTN.
Filler gap of size 11 at implant RVTN.
Filler gap of size 13 at implant RVTN.
Filler gap of size 1 at implant RVTN.
Filler gap of size 1 at implant RVTN.
Filler gap of size 1 at implant RVTN.
Filler gap of size 2 at implant RVTN.
Filler gap of size 13 at implant RVTN.
Filler gap of size 1 at implant RVTN.
Filler gap of size 5 at implant RVTN.
Filler gap of size 4 at implant RVTN.
Filler gap of size 7 at implant RVTN.
Filler gap of size 24 at implant RVTN.
Filler gap of size 9 at implant RVTN.
Filler gap of size 5 at implant RVTN.
Filler gap of size 3 at implant RVTN.
Filler gap of size 8 at implant RVTN.
Filler gap of size 5 at implant RVTN.
Filler gap of size 2 at implant RVTN.
Filler gap of size 12 at implant RVTN.
Filler gap of size 1 at implant RVTN.
Filler gap of size 1 at implant RVTN.
Filler gap of size 6 at implant RVTN.
Filler gap of size 1 at implant RVTN.
Filler gap of size 7 at implant RVTN.
Filler gap of size 30 at implant RVTN.
Filler gap of size 1 at implant RVTN.
Filler gap of size 4 at implant RVTN.
Filler gap of size 1 at implant RVTN.
Filler gap of size 2 at implant RVTN.
Filler gap of size 1 at implant RVTN.
Filler gap of size 3 at implant RVTN.
Filler gap of size 6 at implant RVTN.
Filler gap of size 13 at implant RVTN.
Filler gap of size 7 at implant RVTN.
Filler gap of size 24 at implant RVTN.
Filler gap of size 20 at implant RVTN.
Filler gap of size 20 at implant RVTN.
Filler gap of size 2 at implant RVTN.
Filler gap of size 2 at implant RVTN.
Filler gap of size 1 at implant RVTN.
Filler gap of size 1 at implant RVTN.
Filler gap of size 3 at implant RVTN.
Filler gap of size 3 at implant RVTN.
Filler gap of size 2 at implant RVTN.
Filler gap of size 7 at implant RVTN.
Filler gap of size 4 at implant RVTN.
Filler gap of size 1 at implant RVTN.
Filler gap of size 7 at implant RVTN.
Filler gap of size 37 at implant RVTN.
Filler gap of size 9 at implant RVTN.
Filler gap of size 2 at implant RVTN.
Filler gap of size 1 at implant RVTN.
Filler gap of size 1 at implant RVTN.
Filler gap of size 3 at implant RVTN.
Filler gap of size 3 at implant RVTN.
Filler gap of size 8 at implant RVTN.
Filler gap of size 2 at implant RVTN.
Filler gap of size 4 at implant RVTN.
Filler gap of size 4 at implant RVTN.
Filler gap of size 8 at implant RVTN.
Filler gap of size 12 at implant RVTN.
Filler gap of size 2 at implant RVTN.
Filler gap of size 10 at implant RVTN.
Filler gap of size 1 at implant RVTN.
Filler gap of size 2 at implant RVTN.
Filler gap of size 10 at implant RVTN.
Filler gap of size 2 at implant RVTN.
Filler gap of size 3 at implant RVTN.
Filler gap of size 3 at implant RVTN.
Filler gap of size 16 at implant RVTN.
Filler gap of size 3 at implant RVTN.
Filler gap of size 2 at implant RVTN.
Filler gap of size 13 at implant RVTN.
Filler gap of size 1 at implant RVTN.
Filler gap of size 5 at implant RVTN.
Filler gap of size 16 at implant RVTN.
Filler gap of size 12 at implant RVTN.
Filler gap of size 2 at implant RVTN.
Filler gap of size 4 at implant RVTN.
Filler gap of size 3 at implant RVTN.
Filler gap of size 3 at implant RVTN.
Filler gap of size 2 at implant RVTN.
Filler gap of size 10 at implant RVTN.
Filler gap of size 1 at implant RVTN.
Filler gap of size 1 at implant RVTN.
Filler gap of size 6 at implant RVTN.
Filler gap of size 4 at implant RVTN.
Filler gap of size 2 at implant RVTN.
Filler gap of size 1 at implant RVTN.
Filler gap of size 3 at implant RVTN.
Filler gap of size 1 at implant RVTN.
Filler gap of size 2 at implant RVTN.
Filler gap of size 3 at implant RVTN.
Filler gap of size 3 at implant RVTN.
Filler gap of size 9 at implant RVTN.
Filler gap of size 18 at implant RVTN.
Filler gap of size 32 at implant RVTN.
Filler gap of size 2 at implant RVTN.
Filler gap of size 2 at implant RVTN.
Filler gap of size 2 at implant RVTN.
Filler gap of size 2 at implant RVTN.
Filler gap of size 3 at implant RVTN.
Filler gap of size 6 at implant RVTN.
Filler gap of size 15 at implant RVTN.
Filler gap of size 22 at implant RVTN.
Filler gap of size 4 at implant RVTN.
Filler gap of size 9 at implant RVTN.
Filler gap of size 17 at implant RVTN.
Filler gap of size 11 at implant RVTN.
Filler gap of size 1 at implant RVTN.
Filler gap of size 2 at implant RVTN.
Filler gap of size 2 at implant RVTN.
Filler gap of size 1 at implant RVTN.
Filler gap of size 12 at implant RVTN.
Filler gap of size 4 at implant RVTN.
Filler gap of size 1 at implant RVTN.
Filler gap of size 9 at implant RVTN.
Filler gap of size 4 at implant RVTN.
Filler gap of size 1 at implant RVTN.
Filler gap of size 10 at implant RVTN.
Filler gap of size 8 at implant RVTN.
Filler gap of size 5 at implant RVTN.
Filler gap of size 1 at implant RVTN.
Filler gap of size 6 at implant RVTN.
Filler gap of size 3 at implant RVTN.
Filler gap of size 4 at implant RVTN.
Filler gap of size 5 at implant RVTN.
Filler gap of size 2 at implant RVTN.
Filler gap of size 1 at implant RVTN.
Filler gap of size 4 at implant RVTN.
Filler gap of size 2 at implant RVTN.
Filler gap of size 3 at implant RVTN.
Filler gap of size 2 at implant RVTN.
Filler gap of size 4 at implant RVTN.
Filler gap of size 18 at implant RVTN.
Filler gap of size 4 at implant RVTN.
Filler gap of size 17 at implant RVTN.
Filler gap of size 4 at implant RVTN.
Filler gap of size 1 at implant RVTN.
Filler gap of size 2 at implant RVTN.
Filler gap of size 4 at implant RVTN.
Filler gap of size 1 at implant RVTN.
Filler gap of size 3 at implant RVTN.
Filler gap of size 1 at implant RVTN.
Filler gap of size 11 at implant RVTN.
Filler gap of size 5 at implant RVTN.
Filler gap of size 9 at implant RVTN.
Filler gap of size 2 at implant RVTN.
Filler gap of size 2 at implant RVTN.
Filler gap of size 9 at implant RVTN.
Filler gap of size 8 at implant RVTN.
Filler gap of size 46 at implant RVTN.
Filler gap of size 11 at implant RVTN.
Filler gap of size 5 at implant RVTN.
Filler gap of size 4 at implant RVTN.
Filler gap of size 3 at implant RVTN.
Filler gap of size 2 at implant RVTN.
Filler gap of size 3 at implant RVTN.
Filler gap of size 5 at implant RVTN.
Filler gap of size 3 at implant RVTN.
Filler gap of size 37 at implant RVTN.
Filler gap of size 9 at implant RVTN.
Filler gap of size 10 at implant RVTN.
Filler gap of size 2 at implant RVTN.
Filler gap of size 8 at implant RVTN.
Filler gap of size 2 at implant RVTN.
Filler gap of size 3 at implant RVTN.
Filler gap of size 3 at implant RVTN.
Filler gap of size 12 at implant RVTN.
Filler gap of size 18 at implant RVTN.
Filler gap of size 5 at implant RVTN.
Filler gap of size 11 at implant RVTN.
Filler gap of size 4 at implant RVTN.
Filler gap of size 5 at implant RVTN.
Filler gap of size 5 at implant RVTN.
Filler gap of size 4 at implant RVTN.
Filler gap of size 7 at implant RVTN.
Filler gap of size 6 at implant RVTN.
Filler gap of size 5 at implant RVTN.
Filler gap of size 8 at implant RVTN.
Filler gap of size 8 at implant RVTN.
Filler gap of size 10 at implant RVTN.
Filler gap of size 1 at implant RVTN.
Filler gap of size 2 at implant RVTN.
Filler gap of size 1 at implant RVTN.
Filler gap of size 1 at implant RVTN.
Filler gap of size 6 at implant RVTN.
Filler gap of size 7 at implant RVTN.
Filler gap of size 10 at implant RVTN.
Filler gap of size 4 at implant RVTN.
Filler gap of size 5 at implant RVTN.
Filler gap of size 9 at implant RVTN.
Filler gap of size 1 at implant RVTN.
Filler gap of size 3 at implant RVTN.
Filler gap of size 3 at implant RVTN.
Filler gap of size 2 at implant RVTN.
Filler gap of size 3 at implant RVTN.
Filler gap of size 1 at implant RVTN.
Filler gap of size 1 at implant RVTN.
Filler gap of size 5 at implant RVTN.
Filler gap of size 3 at implant RVTN.
Filler gap of size 3 at implant RVTN.
Filler gap of size 9 at implant RVTN.
Filler gap of size 4 at implant RVTN.
Filler gap of size 7 at implant RVTN.
Filler gap of size 4 at implant RVTN.
Filler gap of size 3 at implant RVTN.
Filler gap of size 11 at implant RVTN.
Filler gap of size 10 at implant RVTN.
Filler gap of size 5 at implant RVTN.
Filler gap of size 5 at implant RVTN.
Filler gap of size 11 at implant RVTN.
Filler gap of size 10 at implant RVTN.
Filler gap of size 10 at implant RVTN.
Filler gap of size 18 at implant RVTN.
Filler gap of size 12 at implant RVTN.
Filler gap of size 4 at implant RVTN.
Filler gap of size 1 at implant RVTN.
Filler gap of size 1 at implant RVTN.
Filler gap of size 20 at implant RVTN.
Filler gap of size 12 at implant RVTN.
Filler gap of size 1 at implant RVTN.
Filler gap of size 2 at implant RVTN.
Filler gap of size 10 at implant RVTN.
Filler gap of size 1 at implant RVTN.
Filler gap of size 43 at implant RVTN.
Filler gap of size 39 at implant RVTN.
Filler gap of size 8 at implant RVTN.
Filler gap of size 2 at implant RVTN.
Filler gap of size 4 at implant RVTN.
Filler gap of size 1 at implant RVTN.
Filler gap of size 3 at implant RVTN.
Filler gap of size 14 at implant RVTN.
Filler gap of size 14 at implant RVTN.
Filler gap of size 3 at implant RVTN.
Filler gap of size 4 at implant RVTN.
Filler gap of size 9 at implant RVTN.
Filler gap of size 5 at implant RVTN.
Filler gap of size 4 at implant RVTN.
Filler gap of size 11 at implant RVTN.
Filler gap of size 1 at implant RVTN.
Filler gap of size 5 at implant RVTN.
Filler gap of size 2 at implant RVTN.
Filler gap of size 1 at implant RVTN.
Filler gap of size 1 at implant RVTN.
Filler gap of size 4 at implant RVTN.
Filler gap of size 5 at implant RVTN.
Filler gap of size 1 at implant RVTN.
Filler gap of size 3 at implant RVTN.
Filler gap of size 3 at implant RVTN.
Filler gap of size 1 at implant RVTN.
Filler gap of size 10 at implant RVTN.
Filler gap of size 18 at implant RVTN.
Filler gap of size 1 at implant RVTN.
Filler gap of size 2 at implant RVTN.
Filler gap of size 5 at implant RVTN.
Filler gap of size 4 at implant RVTN.
Filler gap of size 1 at implant RVTN.
Filler gap of size 1 at implant RVTN.
Filler gap of size 4 at implant RVTN.
Filler gap of size 2 at implant RVTN.
Filler gap of size 4 at implant RVTN.
Filler gap of size 10 at implant RVTN.
Filler gap of size 3 at implant RVTN.
Filler gap of size 2 at implant RVTN.
Filler gap of size 11 at implant RVTN.
Filler gap of size 14 at implant RVTN.
Filler gap of size 9 at implant RVTN.
Filler gap of size 4 at implant RVTN.
Filler gap of size 6 at implant RVTN.
Filler gap of size 1 at implant RVTN.
Filler gap of size 1 at implant RVTN.
Filler gap of size 3 at implant RVTN.
Filler gap of size 2 at implant RVTN.
Filler gap of size 12 at implant RVTN.
Filler gap of size 6 at implant RVTN.
Filler gap of size 8 at implant RVTN.
Filler gap of size 7 at implant RVTN.
Filler gap of size 4 at implant RVTN.
Filler gap of size 1 at implant RVTN.
Filler gap of size 4 at implant RVTN.
Filler gap of size 4 at implant RVTN.
Filler gap of size 11 at implant RVTN.
Filler gap of size 7 at implant RVTN.
Filler gap of size 62 at implant RVTN.
Filler gap of size 10 at implant RVTN.
Filler gap of size 13 at implant RVTN.
Filler gap of size 2 at implant RVTN.
Filler gap of size 1 at implant RVTN.
Filler gap of size 1 at implant RVTN.
Filler gap of size 4 at implant RVTN.
Filler gap of size 7 at implant RVTN.
Filler gap of size 14 at implant RVTN.
Filler gap of size 8 at implant RVTN.
Filler gap of size 1 at implant RVTN.
Filler gap of size 2 at implant RVTN.
Filler gap of size 4 at implant RVTN.
Filler gap of size 2 at implant RVTN.
Filler gap of size 5 at implant RVTN.
Filler gap of size 4 at implant RVTN.
Filler gap of size 1 at implant RVTN.
Filler gap of size 8 at implant RVTN.
Filler gap of size 5 at implant RVTN.
Filler gap of size 2 at implant RVTN.
Filler gap of size 5 at implant RVTN.
Filler gap of size 9 at implant RVTN.
Filler gap of size 6 at implant RVTN.
Filler gap of size 6 at implant RVTN.
Filler gap of size 7 at implant RVTN.
Filler gap of size 6 at implant RVTN.
Filler gap of size 6 at implant RVTN.
Filler gap of size 39 at implant RVTN.
Filler gap of size 22 at implant RVTN.
Filler gap of size 26 at implant RVTN.
Filler gap of size 17 at implant RVTN.
Filler gap of size 1 at implant RVTN.
Filler gap of size 3 at implant RVTN.
Filler gap of size 6 at implant RVTN.
Filler gap of size 7 at implant RVTN.
Filler gap of size 11 at implant RVTN.
Filler gap of size 8 at implant RVTN.
Filler gap of size 4 at implant RVTN.
Filler gap of size 8 at implant RVTN.
Filler gap of size 9 at implant RVTN.
Filler gap of size 7 at implant RVTN.
Filler gap of size 5 at implant RVTN.
Filler gap of size 2 at implant RVTN.
Filler gap of size 1 at implant RVTN.
Filler gap of size 10 at implant RVTN.
Filler gap of size 12 at implant RVTN.
Filler gap of size 4 at implant RVTN.
Filler gap of size 3 at implant RVTN.
Filler gap of size 2 at implant RVTN.
Filler gap of size 15 at implant RVTN.
Filler gap of size 11 at implant RVTN.
Filler gap of size 7 at implant RVTN.
Filler gap of size 14 at implant RVTN.
Filler gap of size 2 at implant RVTN.
Filler gap of size 5 at implant RVTN.
Filler gap of size 15 at implant RVTN.
Filler gap of size 4 at implant RVTN.
Filler gap of size 1 at implant RVTN.
Filler gap of size 23 at implant RVTN.
Filler gap of size 3 at implant RVTN.
Filler gap of size 44 at implant RVTN.
Filler gap of size 10 at implant RVTN.
Filler gap of size 3 at implant RVTN.
Filler gap of size 2 at implant RVTN.
Filler gap of size 2 at implant RVTN.
Filler gap of size 1 at implant RVTN.
Filler gap of size 3 at implant RVTN.
Filler gap of size 4 at implant RVTN.
Filler gap of size 6 at implant RVTN.
Filler gap of size 1 at implant RVTN.
Filler gap of size 6 at implant RVTN.
Filler gap of size 12 at implant RVTN.
Filler gap of size 10 at implant RVTN.
Filler gap of size 3 at implant RVTN.
Filler gap of size 23 at implant RVTN.
Filler gap of size 6 at implant RVTN.
Filler gap of size 2 at implant RVTN.
Filler gap of size 14 at implant RVTN.
Filler gap of size 24 at implant RVTN.
Filler gap of size 1 at implant RVTN.
Filler gap of size 1 at implant RVTN.
Filler gap of size 4 at implant RVTN.
Filler gap of size 7 at implant RVTN.
Filler gap of size 4 at implant RVTN.
Filler gap of size 4 at implant RVTN.
Filler gap of size 13 at implant RVTN.
Filler gap of size 7 at implant RVTN.
Filler gap of size 3 at implant RVTN.
Filler gap of size 10 at implant RVTN.
Filler gap of size 8 at implant RVTN.
Filler gap of size 11 at implant RVTN.
Filler gap of size 1 at implant RVTN.
Filler gap of size 2 at implant RVTN.
Filler gap of size 21 at implant RVTN.
Filler gap of size 1 at implant RVTN.
Filler gap of size 9 at implant RVTN.
Filler gap of size 7 at implant RVTN.
Filler gap of size 4 at implant RVTN.
Filler gap of size 4 at implant RVTN.
Filler gap of size 2 at implant RVTN.
Filler gap of size 5 at implant RVTN.
Filler gap of size 1 at implant RVTN.
Filler gap of size 11 at implant RVTN.
Filler gap of size 5 at implant RVTN.
Filler gap of size 6 at implant RVTN.
Filler gap of size 3 at implant RVTN.
Filler gap of size 7 at implant RVTN.
Filler gap of size 1 at implant RVTN.
Filler gap of size 3 at implant RVTN.
Filler gap of size 2 at implant RVTN.
Filler gap of size 13 at implant RVTN.
Filler gap of size 3 at implant RVTN.
Filler gap of size 5 at implant RVTN.
Filler gap of size 5 at implant RVTN.
Filler gap of size 3 at implant RVTN.
Filler gap of size 5 at implant RVTN.
Filler gap of size 2 at implant RVTN.
Filler gap of size 3 at implant RVTN.
Filler gap of size 1 at implant RVTN.
Filler gap of size 14 at implant RVTN.
Filler gap of size 55 at implant RVTN.
Filler gap of size 11 at implant RVTN.
Filler gap of size 3 at implant RVTN.
Filler gap of size 1 at implant RVTN.
Filler gap of size 1 at implant RVTN.
Filler gap of size 9 at implant RVTN.
Filler gap of size 2 at implant RVTN.
Filler gap of size 2 at implant RVTN.
Filler gap of size 2 at implant RVTN.
Filler gap of size 1 at implant RVTN.
Filler gap of size 11 at implant RVTN.
Filler gap of size 1 at implant RVTN.
Filler gap of size 1 at implant RVTN.
Filler gap of size 8 at implant RVTN.
Filler gap of size 4 at implant RVTN.
Filler gap of size 9 at implant RVTN.
Filler gap of size 4 at implant RVTN.
Filler gap of size 2 at implant RVTN.
Filler gap of size 3 at implant RVTN.
Filler gap of size 8 at implant RVTN.
Filler gap of size 24 at implant RVTN.
Filler gap of size 5 at implant RVTN.
Filler gap of size 12 at implant RVTN.
Filler gap of size 7 at implant RVTN.
Filler gap of size 2 at implant RVTN.
Filler gap of size 4 at implant RVTN.
Filler gap of size 7 at implant RVTN.
Filler gap of size 5 at implant RVTN.
Filler gap of size 3 at implant RVTN.
Filler gap of size 1 at implant RVTN.
Filler gap of size 4 at implant RVTN.
Filler gap of size 7 at implant RVTN.
Filler gap of size 1 at implant RVTN.
Filler gap of size 1 at implant RVTN.
Filler gap of size 4 at implant RVTN.
Filler gap of size 14 at implant RVTN.
Filler gap of size 2 at implant RVTN.
Filler gap of size 5 at implant RVTN.
Filler gap of size 6 at implant RVTN.
Filler gap of size 2 at implant RVTN.
Filler gap of size 13 at implant RVTN.
Filler gap of size 3 at implant RVTN.
Filler gap of size 9 at implant RVTN.
Filler gap of size 2 at implant RVTN.
Filler gap of size 3 at implant RVTN.
Filler gap of size 2 at implant RVTN.
Filler gap of size 7 at implant RVTN.
Filler gap of size 7 at implant RVTN.
Filler gap of size 11 at implant RVTN.
Filler gap of size 1 at implant RVTN.
Filler gap of size 7 at implant RVTN.
Filler gap of size 9 at implant RVTN.
Filler gap of size 15 at implant RVTN.
Filler gap of size 5 at implant RVTN.
Filler gap of size 2 at implant RVTN.
Filler gap of size 1 at implant RVTN.
Filler gap of size 4 at implant RVTN.
Filler gap of size 4 at implant RVTN.
Filler gap of size 3 at implant RVTN.
Filler gap of size 12 at implant RVTN.
Filler gap of size 2 at implant RVTN.
Filler gap of size 3 at implant RVTN.
Filler gap of size 4 at implant RVTN.
Filler gap of size 5 at implant RVTN.
Filler gap of size 3 at implant RVTN.
Filler gap of size 1 at implant RVTN.
Filler gap of size 1 at implant RVTN.
Filler gap of size 26 at implant RVTN.
Filler gap of size 16 at implant RVTN.
Filler gap of size 3 at implant RVTN.
Filler gap of size 37 at implant RVTN.
Filler gap of size 5 at implant RVTN.
Filler gap of size 15 at implant RVTN.
Filler gap of size 2 at implant RVTN.
Filler gap of size 6 at implant RVTN.
Filler gap of size 4 at implant RVTN.
Filler gap of size 5 at implant RVTN.
Filler gap of size 6 at implant RVTN.
Filler gap of size 4 at implant RVTN.
Filler gap of size 1 at implant RVTN.
Filler gap of size 10 at implant RVTN.
Filler gap of size 1 at implant RVTN.
Filler gap of size 14 at implant RVTN.
Filler gap of size 38 at implant RVTN.
Filler gap of size 3 at implant RVTN.
Filler gap of size 6 at implant RVTN.
Filler gap of size 43 at implant RVTN.
Filler gap of size 6 at implant RVTN.
Filler gap of size 3 at implant RVTN.
Filler gap of size 8 at implant RVTN.
Filler gap of size 8 at implant RVTN.
Filler gap of size 22 at implant RVTN.
Filler gap of size 1 at implant RVTN.
Filler gap of size 1 at implant RVTN.
Filler gap of size 5 at implant RVTN.
Filler gap of size 13 at implant RVTN.
Filler gap of size 6 at implant RVTN.
Filler gap of size 3 at implant RVTN.
Filler gap of size 5 at implant RVTN.
Filler gap of size 2 at implant RVTN.
Filler gap of size 7 at implant RVTN.
Filler gap of size 1 at implant RVTN.
Filler gap of size 10 at implant RVTN.
Filler gap of size 11 at implant RVTN.
Filler gap of size 10 at implant RVTN.
Filler gap of size 5 at implant RVTN.
Filler gap of size 8 at implant RVTN.
Filler gap of size 10 at implant RVTN.
Filler gap of size 7 at implant RVTN.
Filler gap of size 2 at implant RVTN.
Filler gap of size 4 at implant RVTN.
Filler gap of size 3 at implant RVTN.
Filler gap of size 4 at implant RVTN.
Filler gap of size 1 at implant RVTN.
Filler gap of size 16 at implant RVTN.
Filler gap of size 10 at implant RVTN.
Filler gap of size 5 at implant RVTN.
Filler gap of size 9 at implant RVTN.
Filler gap of size 5 at implant RVTN.
Filler gap of size 4 at implant RVTN.
Filler gap of size 1 at implant RVTN.
Filler gap of size 7 at implant RVTN.
Filler gap of size 5 at implant RVTN.
Filler gap of size 27 at implant RVTN.
Filler gap of size 10 at implant RVTN.
Filler gap of size 8 at implant RVTN.
Filler gap of size 2 at implant RVTN.
Filler gap of size 2 at implant RVTN.
Filler gap of size 1 at implant RVTN.
Filler gap of size 6 at implant RVTN.
Filler gap of size 5 at implant RVTN.
Filler gap of size 13 at implant RVTN.
Filler gap of size 1 at implant RVTN.
Filler gap of size 13 at implant RVTN.
Filler gap of size 1 at implant RVTN.
Filler gap of size 4 at implant RVTN.
Filler gap of size 1 at implant RVTN.
Filler gap of size 5 at implant RVTN.
Filler gap of size 1 at implant RVTN.
Filler gap of size 14 at implant RVTN.
Filler gap of size 12 at implant RVTN.
Filler gap of size 4 at implant RVTN.
Filler gap of size 4 at implant RVTN.
Filler gap of size 1 at implant RVTN.
Filler gap of size 30 at implant RVTN.
Filler gap of size 6 at implant RVTN.
Filler gap of size 40 at implant RVTN.
Filler gap of size 3 at implant RVTN.
Filler gap of size 8 at implant RVTN.
Filler gap of size 4 at implant RVTN.
Filler gap of size 4 at implant RVTN.
Filler gap of size 1 at implant RVTN.
Filler gap of size 2 at implant RVTN.
Filler gap of size 7 at implant RVTN.
Filler gap of size 8 at implant RVTN.
Filler gap of size 3 at implant RVTN.
Filler gap of size 19 at implant RVTN.
Filler gap of size 4 at implant RVTN.
Filler gap of size 8 at implant RVTN.
Filler gap of size 22 at implant RVTN.
Filler gap of size 12 at implant RVTN.
Filler gap of size 8 at implant RVTN.
Filler gap of size 7 at implant RVTN.
Filler gap of size 3 at implant RVTN.
Filler gap of size 4 at implant RVTN.
Filler gap of size 6 at implant RVTN.
Filler gap of size 8 at implant RVTN.
Filler gap of size 8 at implant RVTN.
Filler gap of size 11 at implant RVTN.
Filler gap of size 1 at implant RVTN.
Filler gap of size 2 at implant RVTN.
Filler gap of size 4 at implant RVTN.
Filler gap of size 1 at implant RVTN.
Filler gap of size 2 at implant RVTN.
Filler gap of size 5 at implant RVTN.
Filler gap of size 9 at implant RVTN.
Filler gap of size 7 at implant RVTN.
Filler gap of size 9 at implant RVTN.
Filler gap of size 1 at implant RVTN.
Filler gap of size 1 at implant RVTN.
Filler gap of size 3 at implant RVTN.
Filler gap of size 2 at implant RVTN.
Filler gap of size 2 at implant RVTN.
Filler gap of size 4 at implant RVTN.
Filler gap of size 1 at implant RVTN.
Filler gap of size 31 at implant RVTN.
Filler gap of size 7 at implant RVTN.
Filler gap of size 7 at implant RVTN.
Filler gap of size 2 at implant RVTN.
Filler gap of size 7 at implant RVTN.
Filler gap of size 2 at implant RVTN.
Filler gap of size 6 at implant RVTN.
Filler gap of size 12 at implant RVTN.
Filler gap of size 7 at implant RVTN.
Filler gap of size 6 at implant RVTN.
Filler gap of size 2 at implant RVTN.
Filler gap of size 9 at implant RVTN.
Filler gap of size 8 at implant RVTN.
Filler gap of size 2 at implant RVTN.
Filler gap of size 15 at implant RVTN.
Filler gap of size 5 at implant RVTN.
Filler gap of size 2 at implant RVTN.
Filler gap of size 2 at implant RVTN.
Filler gap of size 12 at implant RVTN.
Filler gap of size 1 at implant RVTN.
Filler gap of size 12 at implant RVTN.
Filler gap of size 7 at implant RVTN.
Filler gap of size 2 at implant RVTN.
Filler gap of size 2 at implant RVTN.
Filler gap of size 6 at implant RVTN.
Filler gap of size 8 at implant RVTN.
Filler gap of size 11 at implant RVTN.
Filler gap of size 1 at implant RVTN.
Filler gap of size 7 at implant RVTN.
Filler gap of size 12 at implant RVTN.
Filler gap of size 2 at implant RVTN.
Filler gap of size 16 at implant RVTN.
Filler gap of size 8 at implant RVTN.
Filler gap of size 10 at implant RVTN.
Filler gap of size 1 at implant RVTN.
Filler gap of size 8 at implant RVTN.
Filler gap of size 1 at implant RVTN.
Filler gap of size 5 at implant RVTN.
Filler gap of size 5 at implant RVTN.
Filler gap of size 9 at implant RVTN.
Filler gap of size 2 at implant RVTN.
Filler gap of size 5 at implant RVTN.
Filler gap of size 4 at implant RVTN.
Filler gap of size 5 at implant RVTN.
Filler gap of size 1 at implant RVTN.
Filler gap of size 14 at implant RVTN.
Filler gap of size 2 at implant RVTN.
Filler gap of size 4 at implant RVTN.
Filler gap of size 18 at implant RVTN.
Filler gap of size 1 at implant RVTN.
Filler gap of size 2 at implant RVTN.
Filler gap of size 4 at implant RVTN.
Filler gap of size 3 at implant RVTN.
Filler gap of size 24 at implant RVTN.
Filler gap of size 11 at implant RVTN.
Filler gap of size 2 at implant RVTN.
Filler gap of size 2 at implant RVTN.
Filler gap of size 10 at implant RVTN.
Filler gap of size 17 at implant RVTN.
Filler gap of size 1 at implant RVTN.
Filler gap of size 9 at implant RVTN.
Filler gap of size 2 at implant RVTN.
Filler gap of size 5 at implant RVTN.
Filler gap of size 12 at implant RVTN.
Filler gap of size 1 at implant RVTN.
Filler gap of size 11 at implant RVTN.
Filler gap of size 1 at implant RVTN.
Filler gap of size 10 at implant RVTN.
Filler gap of size 2 at implant RVTN.
Filler gap of size 4 at implant RVTN.
Filler gap of size 19 at implant RVTN.
Filler gap of size 1 at implant RVTN.
Filler gap of size 2 at implant RVTN.
Filler gap of size 2 at implant RVTN.
Filler gap of size 6 at implant RVTN.
Filler gap of size 22 at implant RVTN.
Filler gap of size 5 at implant RVTN.
Filler gap of size 12 at implant RVTN.
Filler gap of size 2 at implant RVTN.
Filler gap of size 4 at implant RVTN.
Filler gap of size 2 at implant RVTN.
Filler gap of size 1 at implant RVTN.
Filler gap of size 4 at implant RVTN.
Filler gap of size 1 at implant RVTN.
Filler gap of size 4 at implant RVTN.
Filler gap of size 10 at implant RVTN.
Filler gap of size 3 at implant RVTN.
Filler gap of size 3 at implant RVTN.
Filler gap of size 5 at implant RVTN.
Filler gap of size 1 at implant RVTN.
Filler gap of size 12 at implant RVTN.
Filler gap of size 2 at implant RVTN.
Filler gap of size 4 at implant RVTN.
Filler gap of size 4 at implant RVTN.
Filler gap of size 16 at implant RVTN.
Filler gap of size 13 at implant RVTN.
Filler gap of size 10 at implant RVTN.
Filler gap of size 3 at implant RVTN.
Filler gap of size 2 at implant RVTN.
Filler gap of size 9 at implant RVTN.
Filler gap of size 1 at implant RVTN.
Filler gap of size 2 at implant RVTN.
Filler gap of size 11 at implant RVTN.
Filler gap of size 10 at implant RVTN.
Filler gap of size 2 at implant RVTN.
Filler gap of size 3 at implant RVTN.
Filler gap of size 1 at implant RVTN.
Filler gap of size 5 at implant RVTN.
Filler gap of size 4 at implant RVTN.
Filler gap of size 7 at implant RVTN.
Filler gap of size 15 at implant RVTN.
Filler gap of size 5 at implant RVTN.
Filler gap of size 3 at implant RVTN.
Filler gap of size 3 at implant RVTN.
Filler gap of size 1 at implant RVTN.
Filler gap of size 29 at implant RVTN.
Filler gap of size 7 at implant RVTN.
Filler gap of size 2 at implant RVTN.
Filler gap of size 27 at implant RVTN.
Filler gap of size 18 at implant RVTN.
Filler gap of size 1 at implant RVTN.
Filler gap of size 2 at implant RVTN.
Filler gap of size 1 at implant RVTN.
Filler gap of size 2 at implant RVTN.
Filler gap of size 5 at implant RVTN.
Filler gap of size 4 at implant RVTN.
Filler gap of size 2 at implant RVTN.
Filler gap of size 5 at implant RVTN.
Filler gap of size 7 at implant RVTN.
Filler gap of size 2 at implant RVTN.
Filler gap of size 9 at implant RVTN.
Filler gap of size 3 at implant RVTN.
Filler gap of size 3 at implant RVTN.
Filler gap of size 4 at implant RVTN.
Filler gap of size 5 at implant RVTN.
Filler gap of size 4 at implant RVTN.
Filler gap of size 35 at implant RVTN.
Filler gap of size 17 at implant RVTN.
Filler gap of size 7 at implant RVTN.
Filler gap of size 1 at implant RVTN.
Filler gap of size 3 at implant RVTN.
Filler gap of size 4 at implant RVTN.
Filler gap of size 3 at implant RVTN.
Filler gap of size 5 at implant RVTN.
Filler gap of size 9 at implant RVTN.
Filler gap of size 2 at implant RVTN.
Filler gap of size 1 at implant RVTN.
Filler gap of size 10 at implant RVTN.
Filler gap of size 7 at implant RVTN.
Filler gap of size 16 at implant RVTN.
Filler gap of size 5 at implant RVTN.
Filler gap of size 1 at implant RVTN.
Filler gap of size 26 at implant RVTN.
Filler gap of size 9 at implant RVTN.
Filler gap of size 3 at implant RVTN.
Filler gap of size 5 at implant RVTN.
Filler gap of size 5 at implant RVTN.
Filler gap of size 10 at implant RVTN.
Filler gap of size 1 at implant RVTN.
Filler gap of size 7 at implant RVTN.
Filler gap of size 26 at implant RVTN.
Filler gap of size 5 at implant RVTN.
Filler gap of size 8 at implant RVTN.
Filler gap of size 2 at implant RVTN.
Filler gap of size 3 at implant RVTN.
Filler gap of size 1 at implant RVTN.
Filler gap of size 3 at implant RVTN.
Filler gap of size 17 at implant RVTN.
Filler gap of size 3 at implant RVTN.
Filler gap of size 42 at implant RVTN.
Filler gap of size 40 at implant RVTN.
Filler gap of size 2 at implant RVTN.
Filler gap of size 4 at implant RVTN.
Filler gap of size 9 at implant RVTN.
Filler gap of size 3 at implant RVTN.
Filler gap of size 4 at implant RVTN.
Filler gap of size 9 at implant RVTN.
Filler gap of size 8 at implant RVTN.
Filler gap of size 9 at implant RVTN.
Filler gap of size 1 at implant RVTN.
Filler gap of size 15 at implant RVTN.
Filler gap of size 3 at implant RVTN.
Filler gap of size 2 at implant RVTN.
Filler gap of size 2 at implant RVTN.
Filler gap of size 11 at implant RVTN.
Filler gap of size 19 at implant RVTN.
Filler gap of size 4 at implant RVTN.
Filler gap of size 21 at implant RVTN.
Filler gap of size 4 at implant RVTN.
Filler gap of size 5 at implant RVTN.
Filler gap of size 5 at implant RVTN.
Filler gap of size 6 at implant RVTN.
Filler gap of size 9 at implant RVTN.
Filler gap of size 12 at implant RVTN.
Filler gap of size 8 at implant RVTN.
Filler gap of size 14 at implant RVTN.
Filler gap of size 2 at implant RVTN.
Filler gap of size 4 at implant RVTN.
Filler gap of size 4 at implant RVTN.
Filler gap of size 1 at implant RVTN.
Filler gap of size 13 at implant RVTN.
Filler gap of size 9 at implant RVTN.
Filler gap of size 8 at implant RVTN.
Filler gap of size 17 at implant RVTN.
Filler gap of size 5 at implant RVTN.
Filler gap of size 1 at implant RVTN.
Filler gap of size 4 at implant RVTN.
Filler gap of size 1 at implant RVTN.
Filler gap of size 4 at implant RVTN.
Filler gap of size 6 at implant RVTN.
Filler gap of size 10 at implant RVTN.
Filler gap of size 8 at implant RVTN.
Filler gap of size 5 at implant RVTN.
Filler gap of size 12 at implant RVTN.
Filler gap of size 1 at implant RVTN.
Filler gap of size 5 at implant RVTN.
Filler gap of size 2 at implant RVTN.
Filler gap of size 8 at implant RVTN.
Filler gap of size 2 at implant RVTN.
Filler gap of size 2 at implant RVTN.
Filler gap of size 4 at implant RVTN.
Filler gap of size 2 at implant RVTN.
Filler gap of size 2 at implant RVTN.
Filler gap of size 6 at implant RVTN.
Filler gap of size 7 at implant RVTN.
Filler gap of size 9 at implant RVTN.
Filler gap of size 3 at implant RVTN.
Filler gap of size 36 at implant RVTN.
Filler gap of size 35 at implant RVTN.
Filler gap of size 5 at implant RVTN.
Filler gap of size 2 at implant RVTN.
Filler gap of size 25 at implant RVTN.
Filler gap of size 4 at implant RVTN.
Filler gap of size 3 at implant RVTN.
Filler gap of size 10 at implant RVTN.
Filler gap of size 17 at implant RVTN.
Filler gap of size 9 at implant RVTN.
Filler gap of size 1 at implant RVTN.
Filler gap of size 9 at implant RVTN.
Filler gap of size 3 at implant RVTN.
Filler gap of size 11 at implant RVTN.
Filler gap of size 13 at implant RVTN.
Filler gap of size 9 at implant RVTN.
Filler gap of size 3 at implant RVTN.
Filler gap of size 6 at implant RVTN.
Filler gap of size 2 at implant RVTN.
Filler gap of size 6 at implant RVTN.
Filler gap of size 3 at implant RVTN.
Filler gap of size 6 at implant RVTN.
Filler gap of size 9 at implant RVTN.
Filler gap of size 3 at implant RVTN.
Filler gap of size 3 at implant RVTN.
Filler gap of size 1 at implant RVTN.
Filler gap of size 1 at implant RVTN.
Filler gap of size 6 at implant RVTN.
Filler gap of size 11 at implant RVTN.
Filler gap of size 3 at implant RVTN.
Filler gap of size 1 at implant RVTN.
Filler gap of size 5 at implant RVTN.
Filler gap of size 17 at implant RVTN.
Filler gap of size 13 at implant RVTN.
Filler gap of size 1 at implant RVTN.
Filler gap of size 6 at implant RVTN.
Filler gap of size 7 at implant RVTN.
Filler gap of size 6 at implant RVTN.
Filler gap of size 1 at implant RVTN.
Filler gap of size 5 at implant RVTN.
Filler gap of size 1 at implant RVTN.
Filler gap of size 1 at implant RVTN.
Filler gap of size 2 at implant RVTN.
Filler gap of size 17 at implant RVTN.
Filler gap of size 3 at implant RVTN.
Filler gap of size 7 at implant RVTN.
Filler gap of size 31 at implant RVTN.
Filler gap of size 6 at implant RVTN.
Filler gap of size 8 at implant RVTN.
Filler gap of size 1 at implant RVTN.
Filler gap of size 1 at implant RVTN.
Filler gap of size 5 at implant RVTN.
Filler gap of size 12 at implant RVTN.
Filler gap of size 2 at implant RVTN.
Filler gap of size 2 at implant RVTN.
Filler gap of size 1 at implant RVTN.
Filler gap of size 3 at implant RVTN.
Filler gap of size 17 at implant RVTN.
Filler gap of size 2 at implant RVTN.
Filler gap of size 1 at implant RVTN.
Filler gap of size 4 at implant RVTN.
Filler gap of size 4 at implant RVTN.
Filler gap of size 6 at implant RVTN.
Filler gap of size 4 at implant RVTN.
Filler gap of size 3 at implant RVTN.
Filler gap of size 1 at implant RVTN.
Filler gap of size 6 at implant RVTN.
Filler gap of size 38 at implant RVTN.
Filler gap of size 21 at implant RVTN.
Filler gap of size 5 at implant RVTN.
Filler gap of size 6 at implant RVTN.
Filler gap of size 3 at implant RVTN.
Filler gap of size 4 at implant RVTN.
Filler gap of size 2 at implant RVTN.
Filler gap of size 1 at implant RVTN.
Filler gap of size 9 at implant RVTN.
Filler gap of size 1 at implant RVTN.
Filler gap of size 6 at implant RVTN.
Filler gap of size 2 at implant RVTN.
Filler gap of size 6 at implant RVTN.
Filler gap of size 7 at implant RVTN.
Filler gap of size 2 at implant RVTN.
Filler gap of size 2 at implant RVTN.
Filler gap of size 30 at implant RVTN.
Filler gap of size 8 at implant RVTN.
Filler gap of size 7 at implant RVTN.
Filler gap of size 28 at implant RVTN.
Filler gap of size 1 at implant RVTN.
Filler gap of size 1 at implant RVTN.
Filler gap of size 4 at implant RVTN.
Filler gap of size 6 at implant RVTN.
Filler gap of size 1 at implant RVTN.
Filler gap of size 5 at implant RVTN.
Filler gap of size 4 at implant RVTN.
Filler gap of size 2 at implant RVTN.
Filler gap of size 1 at implant RVTN.
Filler gap of size 10 at implant RVTN.
Filler gap of size 19 at implant RVTN.
Filler gap of size 3 at implant RVTN.
Filler gap of size 3 at implant RVTN.
Filler gap of size 12 at implant RVTN.
Filler gap of size 8 at implant RVTN.
Filler gap of size 1 at implant RVTN.
Filler gap of size 1 at implant RVTN.
Filler gap of size 5 at implant RVTN.
Filler gap of size 12 at implant RVTN.
Filler gap of size 3 at implant RVTN.
Filler gap of size 3 at implant RVTN.
Filler gap of size 6 at implant RVTN.
Filler gap of size 10 at implant RVTN.
Filler gap of size 13 at implant RVTN.
Filler gap of size 10 at implant RVTN.
Filler gap of size 5 at implant RVTN.
Filler gap of size 2 at implant RVTN.
Filler gap of size 3 at implant RVTN.
Filler gap of size 5 at implant RVTN.
Filler gap of size 3 at implant RVTN.
Filler gap of size 2 at implant RVTN.
Filler gap of size 4 at implant RVTN.
Filler gap of size 3 at implant RVTN.
Filler gap of size 1 at implant RVTN.
Filler gap of size 4 at implant RVTN.
Filler gap of size 1 at implant RVTN.
Filler gap of size 1 at implant RVTN.
Filler gap of size 2 at implant RVTN.
Filler gap of size 8 at implant RVTN.
Filler gap of size 3 at implant RVTN.
Filler gap of size 3 at implant RVTN.
Filler gap of size 6 at implant RVTN.
Filler gap of size 7 at implant RVTN.
Filler gap of size 37 at implant RVTN.
Filler gap of size 10 at implant RVTN.
Filler gap of size 4 at implant RVTN.
Filler gap of size 4 at implant RVTN.
Filler gap of size 11 at implant RVTN.
Filler gap of size 3 at implant RVTN.
Filler gap of size 6 at implant RVTN.
Filler gap of size 1 at implant RVTN.
Filler gap of size 6 at implant RVTN.
Filler gap of size 23 at implant RVTN.
Filler gap of size 4 at implant RVTN.
Filler gap of size 2 at implant RVTN.
Filler gap of size 14 at implant RVTN.
Filler gap of size 3 at implant RVTN.
Filler gap of size 11 at implant RVTN.
Filler gap of size 3 at implant RVTN.
Filler gap of size 1 at implant RVTN.
Filler gap of size 6 at implant RVTN.
Filler gap of size 6 at implant RVTN.
Filler gap of size 1 at implant RVTN.
Filler gap of size 2 at implant RVTN.
Filler gap of size 3 at implant RVTN.
Filler gap of size 2 at implant RVTN.
Filler gap of size 5 at implant RVTN.
Filler gap of size 2 at implant RVTN.
Filler gap of size 2 at implant RVTN.
Filler gap of size 1 at implant RVTN.
Filler gap of size 1 at implant RVTN.
Filler gap of size 5 at implant RVTN.
Filler gap of size 8 at implant RVTN.
Filler gap of size 12 at implant RVTN.
Filler gap of size 1 at implant RVTN.
Filler gap of size 3 at implant RVTN.
Filler gap of size 5 at implant RVTN.
Filler gap of size 1 at implant RVTN.
Filler gap of size 13 at implant RVTN.
Filler gap of size 5 at implant RVTN.
Filler gap of size 1 at implant RVTN.
Filler gap of size 1 at implant RVTN.
Filler gap of size 5 at implant RVTN.
Filler gap of size 2 at implant RVTN.
Filler gap of size 3 at implant RVTN.
Filler gap of size 17 at implant RVTN.
Filler gap of size 3 at implant RVTN.
Filler gap of size 4 at implant RVTN.
Filler gap of size 14 at implant RVTN.
Filler gap of size 5 at implant RVTN.
Filler gap of size 10 at implant RVTN.
Filler gap of size 4 at implant RVTN.
Filler gap of size 1 at implant RVTN.
Filler gap of size 6 at implant RVTN.
Filler gap of size 1 at implant RVTN.
Filler gap of size 1 at implant RVTN.
Filler gap of size 1 at implant RVTN.
Filler gap of size 1 at implant RVTN.
Filler gap of size 1 at implant RVTN.
Filler gap of size 11 at implant RVTN.
Filler gap of size 4 at implant RVTN.
Filler gap of size 5 at implant RVTN.
Filler gap of size 2 at implant RVTN.
Filler gap of size 1 at implant RVTN.
Filler gap of size 12 at implant RVTN.
Filler gap of size 2 at implant RVTN.
Filler gap of size 2 at implant RVTN.
Filler gap of size 2 at implant RVTN.
Filler gap of size 6 at implant RVTN.
Filler gap of size 5 at implant RVTN.
Filler gap of size 11 at implant RVTN.
Filler gap of size 5 at implant RVTN.
Filler gap of size 33 at implant RVTN.
Filler gap of size 13 at implant RVTN.
Filler gap of size 3 at implant RVTN.
Filler gap of size 2 at implant RVTN.
Filler gap of size 6 at implant RVTN.
Filler gap of size 7 at implant RVTN.
Filler gap of size 1 at implant RVTN.
Filler gap of size 11 at implant RVTN.
Filler gap of size 5 at implant RVTN.
Filler gap of size 2 at implant RVTN.
Filler gap of size 5 at implant RVTN.
Filler gap of size 2 at implant RVTN.
Filler gap of size 4 at implant RVTN.
Filler gap of size 4 at implant RVTN.
Filler gap of size 9 at implant RVTN.
Filler gap of size 5 at implant RVTN.
Filler gap of size 11 at implant RVTN.
Filler gap of size 3 at implant RVTN.
Filler gap of size 2 at implant RVTN.
Filler gap of size 3 at implant RVTN.
Filler gap of size 3 at implant RVTN.
Filler gap of size 5 at implant RVTN.
Filler gap of size 3 at implant RVTN.
Filler gap of size 9 at implant RVTN.
Filler gap of size 18 at implant RVTN.
Filler gap of size 3 at implant RVTN.
Filler gap of size 15 at implant RVTN.
Filler gap of size 3 at implant RVTN.
Filler gap of size 1 at implant RVTN.
Filler gap of size 26 at implant RVTN.
Filler gap of size 4 at implant RVTN.
Filler gap of size 2 at implant RVTN.
Filler gap of size 5 at implant RVTN.
Filler gap of size 4 at implant RVTN.
Filler gap of size 3 at implant RVTN.
Filler gap of size 2 at implant RVTN.
Filler gap of size 14 at implant RVTN.
Filler gap of size 6 at implant RVTN.
Filler gap of size 10 at implant RVTN.
Filler gap of size 2 at implant RVTN.
Filler gap of size 3 at implant RVTN.
Filler gap of size 1 at implant RVTN.
Filler gap of size 2 at implant RVTN.
Filler gap of size 3 at implant RVTN.
Filler gap of size 5 at implant RVTN.
Filler gap of size 4 at implant RVTN.
Filler gap of size 4 at implant RVTN.
Filler gap of size 10 at implant RVTN.
Filler gap of size 1 at implant RVTN.
Filler gap of size 1 at implant RVTN.
Filler gap of size 1 at implant RVTN.
Filler gap of size 6 at implant RVTN.
Filler gap of size 17 at implant RVTN.
Filler gap of size 2 at implant RVTN.
Filler gap of size 10 at implant RVTN.
Filler gap of size 7 at implant RVTN.
Filler gap of size 5 at implant RVTN.
Filler gap of size 3 at implant RVTN.
Filler gap of size 1 at implant RVTN.
Filler gap of size 34 at implant RVTN.
Filler gap of size 16 at implant RVTN.
Filler gap of size 6 at implant RVTN.
Filler gap of size 2 at implant RVTN.
Filler gap of size 10 at implant RVTN.
Filler gap of size 1 at implant RVTN.
Filler gap of size 5 at implant RVTN.
Filler gap of size 7 at implant RVTN.
Filler gap of size 7 at implant RVTN.
Filler gap of size 4 at implant RVTN.
Filler gap of size 5 at implant RVTN.
Filler gap of size 2 at implant RVTN.
Filler gap of size 1 at implant RVTN.
Filler gap of size 4 at implant RVTN.
Filler gap of size 17 at implant RVTN.
Filler gap of size 2 at implant RVTN.
Filler gap of size 7 at implant RVTN.
Filler gap of size 2 at implant RVTN.
Filler gap of size 1 at implant RVTN.
Filler gap of size 3 at implant RVTN.
Filler gap of size 4 at implant RVTN.
Filler gap of size 5 at implant RVTN.
Filler gap of size 16 at implant RVTN.
Filler gap of size 6 at implant RVTN.
Filler gap of size 2 at implant RVTN.
Filler gap of size 5 at implant RVTN.
Filler gap of size 3 at implant RVTN.
Filler gap of size 5 at implant RVTN.
Filler gap of size 2 at implant RVTN.
Filler gap of size 5 at implant RVTN.
Filler gap of size 3 at implant RVTN.
Filler gap of size 3 at implant RVTN.
Filler gap of size 7 at implant RVTN.
Filler gap of size 4 at implant RVTN.
Filler gap of size 4 at implant RVTN.
Filler gap of size 3 at implant RVTN.
Filler gap of size 5 at implant RVTN.
Filler gap of size 6 at implant RVTN.
Filler gap of size 5 at implant RVTN.
Filler gap of size 13 at implant RVTN.
Filler gap of size 5 at implant RVTN.
Filler gap of size 7 at implant RVTN.
Filler gap of size 3 at implant RVTN.
Filler gap of size 5 at implant RVTN.
Filler gap of size 5 at implant RVTN.
Filler gap of size 6 at implant RVTN.
Filler gap of size 11 at implant RVTN.
Filler gap of size 3 at implant RVTN.
Filler gap of size 6 at implant RVTN.
Filler gap of size 2 at implant RVTN.
Filler gap of size 9 at implant RVTN.
Filler gap of size 1 at implant RVTN.
Filler gap of size 22 at implant RVTN.
Filler gap of size 1 at implant RVTN.
Filler gap of size 1 at implant RVTN.
Filler gap of size 1 at implant RVTN.
Filler gap of size 1 at implant RVTN.
Filler gap of size 9 at implant RVTN.
Filler gap of size 4 at implant RVTN.
Filler gap of size 1 at implant RVTN.
Filler gap of size 10 at implant RVTN.
Filler gap of size 1 at implant RVTN.
Filler gap of size 55 at implant RVTN.
Filler gap of size 2 at implant RVTN.
Filler gap of size 32 at implant RVTN.
Filler gap of size 2 at implant RVTN.
Filler gap of size 8 at implant RVTN.
Filler gap of size 16 at implant RVTN.
Filler gap of size 9 at implant RVTN.
Filler gap of size 10 at implant RVTN.
Filler gap of size 3 at implant RVTN.
Filler gap of size 1 at implant RVTN.
Filler gap of size 3 at implant RVTN.
Filler gap of size 1 at implant RVTN.
Filler gap of size 4 at implant RVTN.
Filler gap of size 18 at implant RVTN.
Filler gap of size 3 at implant RVTN.
Filler gap of size 1 at implant RVTN.
Filler gap of size 5 at implant RVTN.
Filler gap of size 2 at implant RVTN.
Filler gap of size 7 at implant RVTN.
Filler gap of size 1 at implant RVTN.
Filler gap of size 4 at implant RVTN.
Filler gap of size 1 at implant RVTN.
Filler gap of size 10 at implant RVTN.
Filler gap of size 4 at implant RVTN.
Filler gap of size 4 at implant RVTN.
Filler gap of size 8 at implant RVTN.
Filler gap of size 4 at implant RVTN.
Filler gap of size 7 at implant RVTN.
Filler gap of size 4 at implant RVTN.
Filler gap of size 11 at implant RVTN.
Filler gap of size 4 at implant RVTN.
Filler gap of size 5 at implant RVTN.
Filler gap of size 2 at implant RVTN.
Filler gap of size 3 at implant RVTN.
Filler gap of size 2 at implant RVTN.
Filler gap of size 5 at implant RVTN.
Filler gap of size 5 at implant RVTN.
Filler gap of size 1 at implant RVTN.
Filler gap of size 7 at implant RVTN.
Filler gap of size 19 at implant RVTN.
Filler gap of size 11 at implant RVTN.
Filler gap of size 1 at implant RVTN.
Filler gap of size 12 at implant RVTN.
Filler gap of size 10 at implant RVTN.
Filler gap of size 10 at implant RVTN.
Filler gap of size 4 at implant RVTN.
Filler gap of size 2 at implant RVTN.
Filler gap of size 1 at implant RVTN.
Filler gap of size 1 at implant RVTN.
Filler gap of size 9 at implant RVTN.
Filler gap of size 1 at implant RVTN.
Filler gap of size 5 at implant RVTN.
Filler gap of size 6 at implant RVTN.
Filler gap of size 3 at implant RVTN.
Filler gap of size 8 at implant RVTN.
Filler gap of size 14 at implant RVTN.
Filler gap of size 7 at implant RVTN.
Filler gap of size 8 at implant RVTN.
Filler gap of size 10 at implant RVTN.
Filler gap of size 13 at implant RVTN.
Filler gap of size 2 at implant RVTN.
Filler gap of size 9 at implant RVTN.
Filler gap of size 3 at implant RVTN.
Filler gap of size 5 at implant RVTN.
Filler gap of size 4 at implant RVTN.
Filler gap of size 1 at implant RVTN.
Filler gap of size 52 at implant RVTN.
Filler gap of size 27 at implant RVTN.
Filler gap of size 1 at implant RVTN.
Filler gap of size 2 at implant RVTN.
Filler gap of size 6 at implant RVTN.
Filler gap of size 4 at implant RVTN.
Filler gap of size 3 at implant RVTN.
Filler gap of size 12 at implant RVTN.
Filler gap of size 2 at implant RVTN.
Filler gap of size 3 at implant RVTN.
Filler gap of size 2 at implant RVTN.
Filler gap of size 1 at implant RVTN.
Filler gap of size 12 at implant RVTN.
Filler gap of size 2 at implant RVTN.
Filler gap of size 1 at implant RVTN.
Filler gap of size 2 at implant RVTN.
Filler gap of size 31 at implant RVTN.
Filler gap of size 8 at implant RVTN.
Filler gap of size 6 at implant RVTN.
Filler gap of size 7 at implant RVTN.
Filler gap of size 1 at implant RVTN.
Filler gap of size 5 at implant RVTN.
Filler gap of size 5 at implant RVTN.
Filler gap of size 4 at implant RVTN.
Filler gap of size 1 at implant RVTN.
Filler gap of size 2 at implant RVTN.
Filler gap of size 8 at implant RVTN.
Filler gap of size 6 at implant RVTN.
Filler gap of size 11 at implant RVTN.
Filler gap of size 1 at implant RVTN.
Filler gap of size 19 at implant RVTN.
Filler gap of size 6 at implant RVTN.
Filler gap of size 14 at implant RVTN.
Filler gap of size 7 at implant RVTN.
Filler gap of size 3 at implant RVTN.
Filler gap of size 7 at implant RVTN.
Filler gap of size 1 at implant RVTN.
Filler gap of size 19 at implant RVTN.
Filler gap of size 2 at implant RVTN.
Filler gap of size 6 at implant RVTN.
Filler gap of size 1 at implant RVTN.
Filler gap of size 5 at implant RVTN.
Filler gap of size 19 at implant RVTN.
Filler gap of size 14 at implant RVTN.
Filler gap of size 12 at implant RVTN.
Filler gap of size 7 at implant RVTN.
Filler gap of size 3 at implant RVTN.
Filler gap of size 4 at implant RVTN.
Filler gap of size 5 at implant RVTN.
Filler gap of size 5 at implant RVTN.
Filler gap of size 3 at implant RVTN.
Filler gap of size 8 at implant RVTN.
Filler gap of size 5 at implant RVTN.
Filler gap of size 4 at implant RVTN.
Filler gap of size 4 at implant RVTN.
Filler gap of size 4 at implant RVTN.
Filler gap of size 4 at implant RVTN.
Filler gap of size 3 at implant RVTN.
Filler gap of size 2 at implant RVTN.
Filler gap of size 15 at implant RVTN.
Filler gap of size 11 at implant RVTN.
Filler gap of size 24 at implant RVTN.
Filler gap of size 1 at implant RVTN.
Filler gap of size 2 at implant RVTN.
Filler gap of size 2 at implant RVTN.
Filler gap of size 3 at implant RVTN.
Filler gap of size 1 at implant RVTN.
Filler gap of size 8 at implant RVTN.
Filler gap of size 5 at implant RVTN.
Filler gap of size 3 at implant RVTN.
Filler gap of size 7 at implant RVTN.
Filler gap of size 9 at implant RVTN.
Filler gap of size 1 at implant RVTN.
Filler gap of size 1 at implant RVTN.
Filler gap of size 10 at implant RVTN.
Filler gap of size 6 at implant RVTN.
Filler gap of size 9 at implant RVTN.
Filler gap of size 5 at implant RVTN.
Filler gap of size 4 at implant RVTN.
Filler gap of size 1 at implant RVTN.
Filler gap of size 3 at implant RVTN.
Filler gap of size 4 at implant RVTN.
Filler gap of size 3 at implant RVTN.
Filler gap of size 6 at implant RVTN.
Filler gap of size 5 at implant RVTN.
Filler gap of size 6 at implant RVTN.
Filler gap of size 8 at implant RVTN.
Filler gap of size 6 at implant RVTN.
Filler gap of size 10 at implant RVTN.
Filler gap of size 7 at implant RVTN.
Filler gap of size 1 at implant RVTN.
Filler gap of size 6 at implant RVTN.
Filler gap of size 6 at implant RVTN.
Filler gap of size 6 at implant RVTN.
Filler gap of size 1 at implant RVTN.
Filler gap of size 5 at implant RVTN.
Filler gap of size 1 at implant RVTN.
Filler gap of size 2 at implant RVTN.
Filler gap of size 8 at implant RVTN.
Filler gap of size 5 at implant RVTN.
Filler gap of size 10 at implant RVTN.
Filler gap of size 7 at implant RVTN.
Filler gap of size 4 at implant RVTN.
Filler gap of size 4 at implant RVTN.
Filler gap of size 4 at implant RVTN.
Filler gap of size 4 at implant RVTN.
Filler gap of size 2 at implant RVTN.
Filler gap of size 3 at implant RVTN.
Filler gap of size 3 at implant RVTN.
Filler gap of size 7 at implant RVTN.
Filler gap of size 1 at implant RVTN.
Filler gap of size 4 at implant RVTN.
Filler gap of size 5 at implant RVTN.
Filler gap of size 4 at implant RVTN.
Filler gap of size 17 at implant RVTN.
Filler gap of size 23 at implant RVTN.
Filler gap of size 8 at implant RVTN.
Filler gap of size 2 at implant RVTN.
Filler gap of size 3 at implant RVTN.
Filler gap of size 6 at implant RVTN.
Filler gap of size 18 at implant RVTN.
Filler gap of size 41 at implant RVTN.
Filler gap of size 3 at implant RVTN.
Filler gap of size 8 at implant RVTN.
Filler gap of size 4 at implant RVTN.
Filler gap of size 1 at implant RVTN.
Filler gap of size 5 at implant RVTN.
Filler gap of size 1 at implant RVTN.
Filler gap of size 4 at implant RVTN.
Filler gap of size 1 at implant RVTN.
Filler gap of size 5 at implant RVTN.
Filler gap of size 2 at implant RVTN.
Filler gap of size 4 at implant RVTN.
Filler gap of size 6 at implant RVTN.
Filler gap of size 7 at implant RVTN.
Filler gap of size 4 at implant RVTN.
Filler gap of size 2 at implant RVTN.
Filler gap of size 1 at implant RVTN.
Filler gap of size 3 at implant RVTN.
Filler gap of size 20 at implant RVTN.
Filler gap of size 4 at implant RVTN.
Filler gap of size 3 at implant RVTN.
Filler gap of size 5 at implant RVTN.
Filler gap of size 1 at implant RVTN.
Filler gap of size 6 at implant RVTN.
Filler gap of size 5 at implant RVTN.
Filler gap of size 6 at implant RVTN.
Filler gap of size 3 at implant RVTN.
Filler gap of size 12 at implant RVTN.
Filler gap of size 3 at implant RVTN.
Filler gap of size 2 at implant RVTN.
Filler gap of size 8 at implant RVTN.
Filler gap of size 8 at implant RVTN.
Filler gap of size 2 at implant RVTN.
Filler gap of size 4 at implant RVTN.
Filler gap of size 5 at implant RVTN.
Filler gap of size 1 at implant RVTN.
Filler gap of size 9 at implant RVTN.
Filler gap of size 12 at implant RVTN.
Filler gap of size 11 at implant RVTN.
Filler gap of size 4 at implant RVTN.
Filler gap of size 1 at implant RVTN.
Filler gap of size 6 at implant RVTN.
Filler gap of size 3 at implant RVTN.
Filler gap of size 2 at implant RVTN.
Filler gap of size 9 at implant RVTN.
Filler gap of size 9 at implant RVTN.
Filler gap of size 3 at implant RVTN.
Filler gap of size 2 at implant RVTN.
Filler gap of size 7 at implant RVTN.
Filler gap of size 5 at implant RVTN.
Filler gap of size 20 at implant RVTN.
Filler gap of size 4 at implant RVTN.
Filler gap of size 45 at implant RVTN.
Filler gap of size 29 at implant RVTN.
Filler gap of size 79 at implant RVTN.
Filler gap of size 3 at implant RVTN.
Filler gap of size 3 at implant RVTN.
Filler gap of size 5 at implant RVTN.
Filler gap of size 4 at implant RVTN.
Filler gap of size 8 at implant RVTN.
Filler gap of size 5 at implant RVTN.
Filler gap of size 6 at implant RVTN.
Filler gap of size 1 at implant RVTN.
Filler gap of size 9 at implant RVTN.
Filler gap of size 5 at implant RVTN.
Filler gap of size 6 at implant RVTN.
Filler gap of size 5 at implant RVTN.
Filler gap of size 13 at implant RVTN.
Filler gap of size 15 at implant RVTN.
Filler gap of size 4 at implant RVTN.
Filler gap of size 2 at implant RVTN.
Filler gap of size 10 at implant RVTN.
Filler gap of size 4 at implant RVTN.
Filler gap of size 9 at implant RVTN.
Filler gap of size 3 at implant RVTN.
Filler gap of size 3 at implant RVTN.
Filler gap of size 2 at implant RVTN.
Filler gap of size 3 at implant RVTN.
Filler gap of size 6 at implant RVTN.
Filler gap of size 9 at implant RVTN.
Filler gap of size 4 at implant RVTN.
Filler gap of size 8 at implant RVTN.
Filler gap of size 13 at implant RVTN.
Filler gap of size 3 at implant RVTN.
Filler gap of size 7 at implant RVTN.
Filler gap of size 4 at implant RVTN.
Filler gap of size 2 at implant RVTN.
Filler gap of size 6 at implant RVTN.
Filler gap of size 1 at implant RVTN.
Filler gap of size 1 at implant RVTN.
Filler gap of size 3 at implant RVTN.
Filler gap of size 9 at implant RVTN.
Filler gap of size 3 at implant RVTN.
Filler gap of size 1 at implant RVTN.
Filler gap of size 1 at implant RVTN.
Filler gap of size 4 at implant RVTN.
Filler gap of size 3 at implant RVTN.
Filler gap of size 9 at implant RVTN.
Filler gap of size 1 at implant RVTN.
Filler gap of size 6 at implant RVTN.
Filler gap of size 8 at implant RVTN.
Filler gap of size 6 at implant RVTN.
Filler gap of size 10 at implant RVTN.
Filler gap of size 4 at implant RVTN.
Filler gap of size 3 at implant RVTN.
Filler gap of size 17 at implant RVTN.
Filler gap of size 4 at implant RVTN.
Filler gap of size 3 at implant RVTN.
Filler gap of size 4 at implant RVTN.
Filler gap of size 115 at implant RVTN.
Filler gap of size 3 at implant RVTN.
Filler gap of size 5 at implant RVTN.
Filler gap of size 2 at implant RVTN.
Filler gap of size 6 at implant RVTN.
Filler gap of size 2 at implant RVTN.
Filler gap of size 26 at implant RVTN.
Filler gap of size 1 at implant RVTN.
Filler gap of size 16 at implant RVTN.
Filler gap of size 1 at implant RVTN.
Filler gap of size 1 at implant RVTN.
Filler gap of size 2 at implant RVTN.
Filler gap of size 3 at implant RVTN.
Filler gap of size 20 at implant RVTN.
Filler gap of size 4 at implant RVTN.
Filler gap of size 5 at implant RVTN.
Filler gap of size 3 at implant RVTN.
Filler gap of size 17 at implant RVTN.
Filler gap of size 6 at implant RVTN.
Filler gap of size 5 at implant RVTN.
Filler gap of size 4 at implant RVTN.
Filler gap of size 7 at implant RVTN.
Filler gap of size 4 at implant RVTN.
Filler gap of size 7 at implant RVTN.
Filler gap of size 2 at implant RVTN.
Filler gap of size 1 at implant RVTN.
Filler gap of size 4 at implant RVTN.
Filler gap of size 4 at implant RVTN.
Filler gap of size 1 at implant RVTN.
Filler gap of size 4 at implant RVTN.
Filler gap of size 6 at implant RVTN.
Filler gap of size 1 at implant RVTN.
Filler gap of size 9 at implant RVTN.
Filler gap of size 4 at implant RVTN.
Filler gap of size 4 at implant RVTN.
Filler gap of size 3 at implant RVTN.
Filler gap of size 6 at implant RVTN.
Filler gap of size 7 at implant RVTN.
Filler gap of size 1 at implant RVTN.
Filler gap of size 4 at implant RVTN.
Filler gap of size 4 at implant RVTN.
Filler gap of size 5 at implant RVTN.
Filler gap of size 14 at implant RVTN.
Filler gap of size 3 at implant RVTN.
Filler gap of size 5 at implant RVTN.
Filler gap of size 1 at implant RVTN.
Filler gap of size 10 at implant RVTN.
Filler gap of size 16 at implant RVTN.
Filler gap of size 9 at implant RVTN.
Filler gap of size 4 at implant RVTN.
Filler gap of size 8 at implant RVTN.
Filler gap of size 5 at implant RVTN.
Filler gap of size 1 at implant RVTN.
Filler gap of size 1 at implant RVTN.
Filler gap of size 8 at implant RVTN.
Filler gap of size 12 at implant RVTN.
Filler gap of size 151 at implant RVTN.
Filler gap of size 1 at implant RVTN.
Filler gap of size 1 at implant RVTN.
Filler gap of size 1 at implant RVTN.
Filler gap of size 2 at implant RVTN.
Filler gap of size 9 at implant RVTN.
Filler gap of size 4 at implant RVTN.
Filler gap of size 1 at implant RVTN.
Filler gap of size 5 at implant RVTN.
Filler gap of size 9 at implant RVTN.
Filler gap of size 3 at implant RVTN.
Filler gap of size 11 at implant RVTN.
Filler gap of size 5 at implant RVTN.
Filler gap of size 13 at implant RVTN.
Filler gap of size 1 at implant RVTN.
Filler gap of size 6 at implant RVTN.
Filler gap of size 20 at implant RVTN.
Filler gap of size 15 at implant RVTN.
Filler gap of size 1 at implant RVTN.
Filler gap of size 4 at implant RVTN.
Filler gap of size 2 at implant RVTN.
Filler gap of size 2 at implant RVTN.
Filler gap of size 7 at implant RVTN.
Filler gap of size 2 at implant RVTN.
Filler gap of size 2 at implant RVTN.
Filler gap of size 2 at implant RVTN.
Filler gap of size 2 at implant RVTN.
Filler gap of size 1 at implant RVTN.
Filler gap of size 7 at implant RVTN.
Filler gap of size 15 at implant RVTN.
Filler gap of size 3 at implant RVTN.
Filler gap of size 1 at implant RVTN.
Filler gap of size 6 at implant RVTN.
Filler gap of size 8 at implant RVTN.
Filler gap of size 9 at implant RVTN.
Filler gap of size 7 at implant RVTN.
Filler gap of size 2 at implant RVTN.
Filler gap of size 3 at implant RVTN.
Filler gap of size 3 at implant RVTN.
Filler gap of size 5 at implant RVTN.
Filler gap of size 1 at implant RVTN.
Filler gap of size 3 at implant RVTN.
Filler gap of size 1 at implant RVTN.
Filler gap of size 2 at implant RVTN.
Filler gap of size 6 at implant RVTN.
Filler gap of size 7 at implant RVTN.
Filler gap of size 5 at implant RVTN.
Filler gap of size 10 at implant RVTN.
Filler gap of size 1 at implant RVTN.
Filler gap of size 7 at implant RVTN.
Filler gap of size 8 at implant RVTN.
Filler gap of size 2 at implant RVTN.
Filler gap of size 2 at implant RVTN.
Filler gap of size 5 at implant RVTN.
Filler gap of size 9 at implant RVTN.
Filler gap of size 4 at implant RVTN.
Filler gap of size 2 at implant RVTN.
Filler gap of size 1 at implant RVTN.
Filler gap of size 5 at implant RVTN.
Filler gap of size 62 at implant RVTN.
Filler gap of size 82 at implant RVTN.
Filler gap of size 13 at implant RVTN.
Filler gap of size 4 at implant RVTN.
Filler gap of size 2 at implant RVTN.
Filler gap of size 12 at implant RVTN.
Filler gap of size 2 at implant RVTN.
Filler gap of size 4 at implant RVTN.
Filler gap of size 1 at implant RVTN.
Filler gap of size 4 at implant RVTN.
Filler gap of size 6 at implant RVTN.
Filler gap of size 17 at implant RVTN.
Filler gap of size 16 at implant RVTN.
Filler gap of size 3 at implant RVTN.
Filler gap of size 11 at implant RVTN.
Filler gap of size 1 at implant RVTN.
Filler gap of size 4 at implant RVTN.
Filler gap of size 5 at implant RVTN.
Filler gap of size 8 at implant RVTN.
Filler gap of size 1 at implant RVTN.
Filler gap of size 1 at implant RVTN.
Filler gap of size 7 at implant RVTN.
Filler gap of size 8 at implant RVTN.
Filler gap of size 2 at implant RVTN.
Filler gap of size 7 at implant RVTN.
Filler gap of size 3 at implant RVTN.
Filler gap of size 4 at implant RVTN.
Filler gap of size 8 at implant RVTN.
Filler gap of size 2 at implant RVTN.
Filler gap of size 1 at implant RVTN.
Filler gap of size 1 at implant RVTN.
Filler gap of size 14 at implant RVTN.
Filler gap of size 1 at implant RVTN.
Filler gap of size 4 at implant RVTN.
Filler gap of size 6 at implant RVTN.
Filler gap of size 6 at implant RVTN.
Filler gap of size 5 at implant RVTN.
Filler gap of size 9 at implant RVTN.
Filler gap of size 1 at implant RVTN.
Filler gap of size 17 at implant RVTN.
Filler gap of size 12 at implant RVTN.
Filler gap of size 12 at implant RVTN.
Filler gap of size 1 at implant RVTN.
Filler gap of size 5 at implant RVTN.
Filler gap of size 4 at implant RVTN.
Filler gap of size 2 at implant RVTN.
Filler gap of size 6 at implant RVTN.
Filler gap of size 12 at implant RVTN.
Filler gap of size 9 at implant RVTN.
Filler gap of size 10 at implant RVTN.
Filler gap of size 6 at implant RVTN.
Filler gap of size 36 at implant RVTN.
Filler gap of size 66 at implant RVTN.
Filler gap of size 7 at implant RVTN.
Filler gap of size 7 at implant RVTN.
Filler gap of size 1 at implant RVTN.
Filler gap of size 21 at implant RVTN.
Filler gap of size 2 at implant RVTN.
Filler gap of size 2 at implant RVTN.
Filler gap of size 2 at implant RVTN.
Filler gap of size 7 at implant RVTN.
Filler gap of size 10 at implant RVTN.
Filler gap of size 3 at implant RVTN.
Filler gap of size 4 at implant RVTN.
Filler gap of size 5 at implant RVTN.
Filler gap of size 43 at implant RVTN.
Filler gap of size 3 at implant RVTN.
Filler gap of size 5 at implant RVTN.
Filler gap of size 3 at implant RVTN.
Filler gap of size 2 at implant RVTN.
Filler gap of size 11 at implant RVTN.
Filler gap of size 6 at implant RVTN.
Filler gap of size 8 at implant RVTN.
Filler gap of size 2 at implant RVTN.
Filler gap of size 1 at implant RVTN.
Filler gap of size 3 at implant RVTN.
Filler gap of size 1 at implant RVTN.
Filler gap of size 3 at implant RVTN.
Filler gap of size 7 at implant RVTN.
Filler gap of size 3 at implant RVTN.
Filler gap of size 12 at implant RVTN.
Filler gap of size 24 at implant RVTN.
Filler gap of size 3 at implant RVTN.
Filler gap of size 12 at implant RVTN.
Filler gap of size 8 at implant RVTN.
Filler gap of size 1 at implant RVTN.
Filler gap of size 2 at implant RVTN.
Filler gap of size 12 at implant RVTN.
Filler gap of size 14 at implant RVTN.
Filler gap of size 2 at implant RVTN.
Filler gap of size 4 at implant RVTN.
Filler gap of size 20 at implant RVTN.
Filler gap of size 10 at implant RVTN.
Filler gap of size 6 at implant RVTN.
Filler gap of size 4 at implant RVTN.
Filler gap of size 9 at implant RVTN.
Filler gap of size 5 at implant RVTN.
Filler gap of size 4 at implant RVTN.
Filler gap of size 4 at implant RVTN.
Filler gap of size 36 at implant RVTN.
Filler gap of size 4 at implant RVTN.
Filler gap of size 3 at implant RVTN.
Filler gap of size 2 at implant RVTN.
Filler gap of size 1 at implant RVTN.
Filler gap of size 2 at implant RVTN.
Filler gap of size 24 at implant RVTN.
Filler gap of size 11 at implant RVTN.
Filler gap of size 49 at implant RVTN.
Filler gap of size 5 at implant RVTN.
Filler gap of size 12 at implant RVTN.
Filler gap of size 7 at implant RVTN.
Filler gap of size 2 at implant RVTN.
Filler gap of size 3 at implant RVTN.
Filler gap of size 8 at implant RVTN.
Filler gap of size 5 at implant RVTN.
Filler gap of size 1 at implant RVTN.
Filler gap of size 1 at implant RVTN.
Filler gap of size 5 at implant RVTN.
Filler gap of size 10 at implant RVTN.
Filler gap of size 20 at implant RVTN.
Filler gap of size 4 at implant RVTN.
Filler gap of size 7 at implant RVTN.
Filler gap of size 3 at implant RVTN.
Filler gap of size 5 at implant RVTN.
Filler gap of size 2 at implant RVTN.
Filler gap of size 2 at implant RVTN.
Filler gap of size 3 at implant RVTN.
Filler gap of size 1 at implant RVTN.
Filler gap of size 3 at implant RVTN.
Filler gap of size 4 at implant RVTN.
Filler gap of size 4 at implant RVTN.
Filler gap of size 3 at implant RVTN.
Filler gap of size 2 at implant RVTN.
Filler gap of size 1 at implant RVTN.
Filler gap of size 1 at implant RVTN.
Filler gap of size 9 at implant RVTN.
Filler gap of size 5 at implant RVTN.
Filler gap of size 7 at implant RVTN.
Filler gap of size 4 at implant RVTN.
Filler gap of size 3 at implant RVTN.
Filler gap of size 1 at implant RVTN.
Filler gap of size 2 at implant RVTN.
Filler gap of size 7 at implant RVTN.
Filler gap of size 2 at implant RVTN.
Filler gap of size 6 at implant RVTN.
Filler gap of size 4 at implant RVTN.
Filler gap of size 9 at implant RVTN.
Filler gap of size 1 at implant RVTN.
Filler gap of size 24 at implant RVTN.
Filler gap of size 4 at implant RVTN.
Filler gap of size 3 at implant RVTN.
Filler gap of size 7 at implant RVTN.
Filler gap of size 8 at implant RVTN.
Filler gap of size 6 at implant RVTN.
Filler gap of size 7 at implant RVTN.
Filler gap of size 3 at implant RVTN.
Filler gap of size 8 at implant RVTN.
Filler gap of size 9 at implant RVTN.
Filler gap of size 12 at implant RVTN.
Filler gap of size 6 at implant RVTN.
Filler gap of size 3 at implant RVTN.
Filler gap of size 2 at implant RVTN.
Filler gap of size 7 at implant RVTN.
Filler gap of size 27 at implant RVTN.
Filler gap of size 3 at implant RVTN.
Filler gap of size 8 at implant RVTN.
Filler gap of size 4 at implant RVTN.
Filler gap of size 35 at implant RVTN.
Filler gap of size 9 at implant RVTN.
Filler gap of size 14 at implant RVTN.
Filler gap of size 5 at implant RVTN.
Filler gap of size 15 at implant RVTN.
Filler gap of size 7 at implant RVTN.
Filler gap of size 3 at implant RVTN.
Filler gap of size 2 at implant RVTN.
Filler gap of size 1 at implant RVTN.
Filler gap of size 9 at implant RVTN.
Filler gap of size 1 at implant RVTN.
Filler gap of size 9 at implant RVTN.
Filler gap of size 18 at implant RVTN.
Filler gap of size 3 at implant RVTN.
Filler gap of size 7 at implant RVTN.
Filler gap of size 3 at implant RVTN.
Filler gap of size 4 at implant RVTN.
Filler gap of size 2 at implant RVTN.
Filler gap of size 5 at implant RVTN.
Filler gap of size 4 at implant RVTN.
Filler gap of size 5 at implant RVTN.
Filler gap of size 2 at implant RVTN.
Filler gap of size 1 at implant RVTN.
Filler gap of size 3 at implant RVTN.
Filler gap of size 4 at implant RVTN.
Filler gap of size 4 at implant RVTN.
Filler gap of size 2 at implant RVTN.
Filler gap of size 3 at implant RVTN.
Filler gap of size 3 at implant RVTN.
Filler gap of size 1 at implant RVTN.
Filler gap of size 5 at implant RVTN.
Filler gap of size 1 at implant RVTN.
Filler gap of size 1 at implant RVTN.
Filler gap of size 18 at implant RVTN.
Filler gap of size 1 at implant RVTN.
Filler gap of size 6 at implant RVTN.
Filler gap of size 3 at implant RVTN.
Filler gap of size 1 at implant RVTN.
Filler gap of size 2 at implant RVTN.
Filler gap of size 9 at implant RVTN.
Filler gap of size 16 at implant RVTN.
Filler gap of size 10 at implant RVTN.
Filler gap of size 5 at implant RVTN.
Filler gap of size 6 at implant RVTN.
Filler gap of size 4 at implant RVTN.
Filler gap of size 1 at implant RVTN.
Filler gap of size 5 at implant RVTN.
Filler gap of size 9 at implant RVTN.
Filler gap of size 8 at implant RVTN.
Filler gap of size 6 at implant RVTN.
Filler gap of size 2 at implant RVTN.
Filler gap of size 4 at implant RVTN.
Filler gap of size 8 at implant RVTN.
Filler gap of size 13 at implant RVTN.
Filler gap of size 8 at implant RVTN.
Filler gap of size 5 at implant RVTN.
Filler gap of size 6 at implant RVTN.
Filler gap of size 30 at implant RVTN.
Filler gap of size 33 at implant RVTN.
Filler gap of size 18 at implant RVTN.
Filler gap of size 3 at implant RVTN.
Filler gap of size 19 at implant RVTN.
Filler gap of size 3 at implant RVTN.
Filler gap of size 2 at implant RVTN.
Filler gap of size 4 at implant RVTN.
Filler gap of size 2 at implant RVTN.
Filler gap of size 7 at implant RVTN.
Filler gap of size 4 at implant RVTN.
Filler gap of size 1 at implant RVTN.
Filler gap of size 6 at implant RVTN.
Filler gap of size 1 at implant RVTN.
Filler gap of size 8 at implant RVTN.
Filler gap of size 4 at implant RVTN.
Filler gap of size 14 at implant RVTN.
Filler gap of size 3 at implant RVTN.
Filler gap of size 3 at implant RVTN.
Filler gap of size 10 at implant RVTN.
Filler gap of size 5 at implant RVTN.
Filler gap of size 5 at implant RVTN.
Filler gap of size 10 at implant RVTN.
Filler gap of size 2 at implant RVTN.
Filler gap of size 7 at implant RVTN.
Filler gap of size 13 at implant RVTN.
Filler gap of size 8 at implant RVTN.
Filler gap of size 3 at implant RVTN.
Filler gap of size 5 at implant RVTN.
Filler gap of size 2 at implant RVTN.
Filler gap of size 9 at implant RVTN.
Filler gap of size 25 at implant RVTN.
Filler gap of size 7 at implant RVTN.
Filler gap of size 13 at implant RVTN.
Filler gap of size 3 at implant RVTN.
Filler gap of size 4 at implant RVTN.
Filler gap of size 4 at implant RVTN.
Filler gap of size 9 at implant RVTN.
Filler gap of size 25 at implant RVTN.
Filler gap of size 20 at implant RVTN.
Filler gap of size 14 at implant RVTN.
Filler gap of size 1 at implant RVTN.
Filler gap of size 1 at implant RVTN.
Filler gap of size 1 at implant RVTN.
Filler gap of size 1 at implant RVTN.
Filler gap of size 5 at implant RVTN.
Filler gap of size 1 at implant RVTN.
Filler gap of size 2 at implant RVTN.
Filler gap of size 1 at implant RVTN.
Filler gap of size 3 at implant RVTN.
Filler gap of size 4 at implant RVTN.
Filler gap of size 5 at implant RVTN.
Filler gap of size 2 at implant RVTN.
Filler gap of size 14 at implant RVTN.
Filler gap of size 7 at implant RVTN.
Filler gap of size 8 at implant RVTN.
Filler gap of size 20 at implant RVTN.
Filler gap of size 27 at implant RVTN.
Filler gap of size 60 at implant RVTN.
Filler gap of size 28 at implant RVTN.
Filler gap of size 2 at implant RVTN.
Filler gap of size 7 at implant RVTN.
Filler gap of size 19 at implant RVTN.
Filler gap of size 5 at implant RVTN.
Filler gap of size 2 at implant RVTN.
Filler gap of size 2 at implant RVTN.
Filler gap of size 10 at implant RVTN.
Filler gap of size 4 at implant RVTN.
Filler gap of size 7 at implant RVTN.
Filler gap of size 1 at implant RVTN.
Filler gap of size 4 at implant RVTN.
Filler gap of size 1 at implant RVTN.
Filler gap of size 3 at implant RVTN.
Filler gap of size 9 at implant RVTN.
Filler gap of size 1 at implant RVTN.
Filler gap of size 1 at implant RVTN.
Filler gap of size 4 at implant RVTN.
Filler gap of size 14 at implant RVTN.
Filler gap of size 2 at implant RVTN.
Filler gap of size 4 at implant RVTN.
Filler gap of size 3 at implant RVTN.
Filler gap of size 3 at implant RVTN.
Filler gap of size 2 at implant RVTN.
Filler gap of size 5 at implant RVTN.
Filler gap of size 4 at implant RVTN.
Filler gap of size 7 at implant RVTN.
Filler gap of size 2 at implant RVTN.
Filler gap of size 1 at implant RVTN.
Filler gap of size 6 at implant RVTN.
Filler gap of size 6 at implant RVTN.
Filler gap of size 5 at implant RVTN.
Filler gap of size 21 at implant RVTN.
Filler gap of size 13 at implant RVTN.
Filler gap of size 7 at implant RVTN.
Filler gap of size 10 at implant RVTN.
Filler gap of size 5 at implant RVTN.
Filler gap of size 8 at implant RVTN.
Filler gap of size 13 at implant RVTN.
Filler gap of size 5 at implant RVTN.
Filler gap of size 4 at implant RVTN.
Filler gap of size 2 at implant RVTN.
Filler gap of size 2 at implant RVTN.
Filler gap of size 4 at implant RVTN.
Filler gap of size 4 at implant RVTN.
Filler gap of size 17 at implant RVTN.
Filler gap of size 1 at implant RVTN.
Filler gap of size 8 at implant RVTN.
Filler gap of size 6 at implant RVTN.
Filler gap of size 2 at implant RVTN.
Filler gap of size 2 at implant RVTN.
Filler gap of size 2 at implant RVTN.
Filler gap of size 2 at implant RVTN.
Filler gap of size 6 at implant RVTN.
Filler gap of size 6 at implant RVTN.
Filler gap of size 3 at implant RVTN.
Filler gap of size 15 at implant RVTN.
Filler gap of size 41 at implant RVTN.
Filler gap of size 4 at implant RVTN.
Filler gap of size 44 at implant RVTN.
Filler gap of size 1 at implant RVTN.
Filler gap of size 6 at implant RVTN.
Filler gap of size 3 at implant RVTN.
Filler gap of size 2 at implant RVTN.
Filler gap of size 2 at implant RVTN.
Filler gap of size 3 at implant RVTN.
Filler gap of size 2 at implant RVTN.
Filler gap of size 2 at implant RVTN.
Filler gap of size 2 at implant RVTN.
Filler gap of size 1 at implant RVTN.
Filler gap of size 6 at implant RVTN.
Filler gap of size 5 at implant RVTN.
Filler gap of size 12 at implant RVTN.
Filler gap of size 6 at implant RVTN.
Filler gap of size 7 at implant RVTN.
Filler gap of size 2 at implant RVTN.
Filler gap of size 2 at implant RVTN.
Filler gap of size 5 at implant RVTN.
Filler gap of size 4 at implant RVTN.
Filler gap of size 1 at implant RVTN.
Filler gap of size 4 at implant RVTN.
Filler gap of size 6 at implant RVTN.
Filler gap of size 3 at implant RVTN.
Filler gap of size 10 at implant RVTN.
Filler gap of size 1 at implant RVTN.
Filler gap of size 1 at implant RVTN.
Filler gap of size 7 at implant RVTN.
Filler gap of size 13 at implant RVTN.
Filler gap of size 4 at implant RVTN.
Filler gap of size 5 at implant RVTN.
Filler gap of size 4 at implant RVTN.
Filler gap of size 2 at implant RVTN.
Filler gap of size 10 at implant RVTN.
Filler gap of size 4 at implant RVTN.
Filler gap of size 3 at implant RVTN.
Filler gap of size 1 at implant RVTN.
Filler gap of size 2 at implant RVTN.
Filler gap of size 10 at implant RVTN.
Filler gap of size 2 at implant RVTN.
Filler gap of size 5 at implant RVTN.
Filler gap of size 5 at implant RVTN.
Filler gap of size 9 at implant RVTN.
Filler gap of size 2 at implant RVTN.
Filler gap of size 1 at implant RVTN.
Filler gap of size 8 at implant RVTN.
Filler gap of size 1 at implant RVTN.
Filler gap of size 2 at implant RVTN.
Filler gap of size 22 at implant RVTN.
Filler gap of size 25 at implant RVTN.
Filler gap of size 4 at implant RVTN.
Filler gap of size 2 at implant RVTN.
Filler gap of size 7 at implant RVTN.
Filler gap of size 14 at implant RVTN.
Filler gap of size 1 at implant RVTN.
Filler gap of size 4 at implant RVTN.
Filler gap of size 2 at implant RVTN.
Filler gap of size 2 at implant RVTN.
Filler gap of size 2 at implant RVTN.
Filler gap of size 13 at implant RVTN.
Filler gap of size 1 at implant RVTN.
Filler gap of size 6 at implant RVTN.
Filler gap of size 3 at implant RVTN.
Filler gap of size 13 at implant RVTN.
Filler gap of size 5 at implant RVTN.
Filler gap of size 2 at implant RVTN.
Filler gap of size 8 at implant RVTN.
Filler gap of size 2 at implant RVTN.
Filler gap of size 1 at implant RVTN.
Filler gap of size 4 at implant RVTN.
Filler gap of size 38 at implant RVTN.
Filler gap of size 11 at implant RVTN.
Filler gap of size 14 at implant RVTN.
Filler gap of size 8 at implant RVTN.
Filler gap of size 2 at implant RVTN.
Filler gap of size 3 at implant RVTN.
Filler gap of size 4 at implant RVTN.
Filler gap of size 9 at implant RVTN.
Filler gap of size 1 at implant RVTN.
Filler gap of size 13 at implant RVTN.
Filler gap of size 5 at implant RVTN.
Filler gap of size 2 at implant RVTN.
Filler gap of size 7 at implant RVTN.
Filler gap of size 12 at implant RVTN.
Filler gap of size 6 at implant RVTN.
Filler gap of size 1 at implant RVTN.
Filler gap of size 2 at implant RVTN.
Filler gap of size 4 at implant RVTN.
Filler gap of size 1 at implant RVTN.
Filler gap of size 4 at implant RVTN.
Filler gap of size 3 at implant RVTN.
Filler gap of size 2 at implant RVTN.
Filler gap of size 2 at implant RVTN.
Filler gap of size 3 at implant RVTN.
Filler gap of size 9 at implant RVTN.
Filler gap of size 9 at implant RVTN.
Filler gap of size 6 at implant RVTN.
Filler gap of size 4 at implant RVTN.
Filler gap of size 2 at implant RVTN.
Filler gap of size 2 at implant RVTN.
Filler gap of size 16 at implant RVTN.
Filler gap of size 11 at implant RVTN.
Filler gap of size 1 at implant RVTN.
Filler gap of size 6 at implant RVTN.
Filler gap of size 2 at implant RVTN.
Filler gap of size 16 at implant RVTN.
Filler gap of size 7 at implant RVTN.
Filler gap of size 10 at implant RVTN.
Filler gap of size 5 at implant RVTN.
Filler gap of size 1 at implant RVTN.
Filler gap of size 1 at implant RVTN.
Filler gap of size 9 at implant RVTN.
Filler gap of size 2 at implant RVTN.
Filler gap of size 3 at implant RVTN.
Filler gap of size 5 at implant RVTN.
Filler gap of size 3 at implant RVTN.
Filler gap of size 1 at implant RVTN.
Filler gap of size 5 at implant RVTN.
Filler gap of size 4 at implant RVTN.
Filler gap of size 27 at implant RVTN.
Filler gap of size 2 at implant RVTN.
Filler gap of size 2 at implant RVTN.
Filler gap of size 2 at implant RVTN.
Filler gap of size 6 at implant RVTN.
Filler gap of size 1 at implant RVTN.
Filler gap of size 4 at implant RVTN.
Filler gap of size 10 at implant RVTN.
Filler gap of size 5 at implant RVTN.
Filler gap of size 7 at implant RVTN.
Filler gap of size 8 at implant RVTN.
Filler gap of size 7 at implant RVTN.
Filler gap of size 1 at implant RVTN.
Filler gap of size 17 at implant RVTN.
Filler gap of size 9 at implant RVTN.
Filler gap of size 19 at implant RVTN.
Filler gap of size 8 at implant RVTN.
Filler gap of size 4 at implant RVTN.
Filler gap of size 4 at implant RVTN.
Filler gap of size 31 at implant RVTN.
Filler gap of size 7 at implant RVTN.
Filler gap of size 27 at implant RVTN.
Filler gap of size 2 at implant RVTN.
Filler gap of size 10 at implant RVTN.
Filler gap of size 5 at implant RVTN.
Filler gap of size 20 at implant RVTN.
Filler gap of size 6 at implant RVTN.
Filler gap of size 4 at implant RVTN.
Filler gap of size 2 at implant RVTN.
Filler gap of size 5 at implant RVTN.
Filler gap of size 1 at implant RVTN.
Filler gap of size 6 at implant RVTN.
Filler gap of size 2 at implant RVTN.
Filler gap of size 12 at implant RVTN.
Filler gap of size 13 at implant RVTN.
Filler gap of size 1 at implant RVTN.
Filler gap of size 4 at implant RVTN.
Filler gap of size 5 at implant RVTN.
Filler gap of size 1 at implant RVTN.
Filler gap of size 3 at implant RVTN.
Filler gap of size 1 at implant RVTN.
Filler gap of size 4 at implant RVTN.
Filler gap of size 2 at implant RVTN.
Filler gap of size 9 at implant RVTN.
Filler gap of size 3 at implant RVTN.
Filler gap of size 1 at implant RVTN.
Filler gap of size 1 at implant RVTN.
Filler gap of size 3 at implant RVTN.
Filler gap of size 4 at implant RVTN.
Filler gap of size 4 at implant RVTN.
Filler gap of size 4 at implant RVTN.
Filler gap of size 4 at implant RVTN.
Filler gap of size 1 at implant RVTN.
Filler gap of size 2 at implant RVTN.
Filler gap of size 2 at implant RVTN.
Filler gap of size 9 at implant RVTN.
Filler gap of size 1 at implant RVTN.
Filler gap of size 8 at implant RVTN.
Filler gap of size 5 at implant RVTN.
Filler gap of size 1 at implant RVTN.
Filler gap of size 2 at implant RVTN.
Filler gap of size 1 at implant RVTN.
Filler gap of size 5 at implant RVTN.
Filler gap of size 4 at implant RVTN.
Filler gap of size 5 at implant RVTN.
Filler gap of size 1 at implant RVTN.
Filler gap of size 5 at implant RVTN.
Filler gap of size 1 at implant RVTN.
Filler gap of size 9 at implant RVTN.
Filler gap of size 5 at implant RVTN.
Filler gap of size 3 at implant RVTN.
Filler gap of size 6 at implant RVTN.
Filler gap of size 2 at implant RVTN.
Filler gap of size 2 at implant RVTN.
Filler gap of size 2 at implant RVTN.
Filler gap of size 2 at implant RVTN.
Filler gap of size 1 at implant RVTN.
Filler gap of size 14 at implant RVTN.
Filler gap of size 9 at implant RVTN.
Filler gap of size 8 at implant RVTN.
Filler gap of size 18 at implant RVTN.
Filler gap of size 8 at implant RVTN.
Filler gap of size 2 at implant RVTN.
Filler gap of size 8 at implant RVTN.
Filler gap of size 3 at implant RVTN.
Filler gap of size 7 at implant RVTN.
Filler gap of size 10 at implant RVTN.
Filler gap of size 2 at implant RVTN.
Filler gap of size 1 at implant RVTN.
Filler gap of size 8 at implant RVTN.
Filler gap of size 14 at implant RVTN.
Filler gap of size 2 at implant RVTN.
Filler gap of size 1 at implant RVTN.
Filler gap of size 3 at implant RVTN.
Filler gap of size 4 at implant RVTN.
Filler gap of size 2 at implant RVTN.
Filler gap of size 2 at implant RVTN.
Filler gap of size 1 at implant RVTN.
Filler gap of size 13 at implant RVTN.
Filler gap of size 1 at implant RVTN.
Filler gap of size 20 at implant RVTN.
Filler gap of size 2 at implant RVTN.
Filler gap of size 1 at implant RVTN.
Filler gap of size 6 at implant RVTN.
Filler gap of size 16 at implant RVTN.
Filler gap of size 2 at implant RVTN.
Filler gap of size 4 at implant RVTN.
Filler gap of size 2 at implant RVTN.
Filler gap of size 3 at implant RVTN.
Filler gap of size 1 at implant RVTN.
Filler gap of size 6 at implant RVTN.
Filler gap of size 6 at implant RVTN.
Filler gap of size 7 at implant RVTN.
Filler gap of size 1 at implant RVTN.
Filler gap of size 3 at implant RVTN.
Filler gap of size 1 at implant RVTN.
Filler gap of size 21 at implant RVTN.
Filler gap of size 2 at implant RVTN.
Filler gap of size 5 at implant RVTN.
Filler gap of size 5 at implant RVTN.
Filler gap of size 5 at implant RVTN.
Filler gap of size 4 at implant RVTN.
Filler gap of size 2 at implant RVTN.
Filler gap of size 1 at implant RVTN.
Filler gap of size 1 at implant RVTN.
Filler gap of size 6 at implant RVTN.
Filler gap of size 10 at implant RVTN.
Filler gap of size 7 at implant RVTN.
Filler gap of size 3 at implant RVTN.
Filler gap of size 1 at implant RVTN.
Filler gap of size 7 at implant RVTN.
Filler gap of size 1 at implant RVTN.
Filler gap of size 1 at implant RVTN.
Filler gap of size 8 at implant RVTN.
Filler gap of size 4 at implant RVTN.
Filler gap of size 3 at implant RVTN.
Filler gap of size 5 at implant RVTN.
Filler gap of size 2 at implant RVTN.
Filler gap of size 8 at implant RVTN.
Filler gap of size 9 at implant RVTN.
Filler gap of size 1 at implant RVTN.
Filler gap of size 1 at implant RVTN.
Filler gap of size 2 at implant RVTN.
Filler gap of size 1 at implant RVTN.
Filler gap of size 21 at implant RVTN.
Filler gap of size 4 at implant RVTN.
Filler gap of size 6 at implant RVTN.
Filler gap of size 1 at implant RVTN.
Filler gap of size 6 at implant RVTN.
Filler gap of size 6 at implant RVTN.
Filler gap of size 14 at implant RVTN.
Filler gap of size 1 at implant RVTN.
Filler gap of size 1 at implant RVTN.
Filler gap of size 11 at implant RVTN.
Filler gap of size 6 at implant RVTN.
Filler gap of size 3 at implant RVTN.
Filler gap of size 7 at implant RVTN.
Filler gap of size 27 at implant RVTN.
Filler gap of size 2 at implant RVTN.
Filler gap of size 5 at implant RVTN.
Filler gap of size 4 at implant RVTN.
Filler gap of size 8 at implant RVTN.
Filler gap of size 2 at implant RVTN.
Filler gap of size 2 at implant RVTN.
Filler gap of size 1 at implant RVTN.
Filler gap of size 12 at implant RVTN.
Filler gap of size 4 at implant RVTN.
Filler gap of size 3 at implant RVTN.
Filler gap of size 5 at implant RVTN.
Filler gap of size 3 at implant RVTN.
Filler gap of size 5 at implant RVTN.
Filler gap of size 2 at implant RVTN.
Filler gap of size 2 at implant RVTN.
Filler gap of size 5 at implant RVTN.
Filler gap of size 5 at implant RVTN.
Filler gap of size 1 at implant RVTN.
Filler gap of size 5 at implant RVTN.
Filler gap of size 24 at implant RVTN.
Filler gap of size 1 at implant RVTN.
Filler gap of size 5 at implant RVTN.
Filler gap of size 2 at implant RVTN.
Filler gap of size 5 at implant RVTN.
Filler gap of size 2 at implant RVTN.
Filler gap of size 11 at implant RVTN.
Filler gap of size 3 at implant RVTN.
Filler gap of size 22 at implant RVTN.
Filler gap of size 5 at implant RVTN.
Filler gap of size 2 at implant RVTN.
Filler gap of size 11 at implant RVTN.
Filler gap of size 2 at implant RVTN.
Filler gap of size 1 at implant RVTN.
Filler gap of size 4 at implant RVTN.
Filler gap of size 1 at implant RVTN.
Filler gap of size 10 at implant RVTN.
Filler gap of size 6 at implant RVTN.
Filler gap of size 16 at implant RVTN.
Filler gap of size 1 at implant RVTN.
Filler gap of size 2 at implant RVTN.
Filler gap of size 4 at implant RVTN.
Filler gap of size 3 at implant RVTN.
Filler gap of size 24 at implant RVTN.
Filler gap of size 1 at implant RVTN.
Filler gap of size 3 at implant RVTN.
Filler gap of size 1 at implant RVTN.
Filler gap of size 7 at implant RVTN.
Filler gap of size 15 at implant RVTN.
Filler gap of size 7 at implant RVTN.
Filler gap of size 12 at implant RVTN.
Filler gap of size 12 at implant RVTN.
Filler gap of size 1 at implant RVTN.
Filler gap of size 1 at implant RVTN.
Filler gap of size 6 at implant RVTN.
Filler gap of size 2 at implant RVTN.
Filler gap of size 5 at implant RVTN.
Filler gap of size 24 at implant RVTN.
Filler gap of size 4 at implant RVTN.
Filler gap of size 2 at implant RVTN.
Filler gap of size 2 at implant RVTN.
Filler gap of size 15 at implant RVTN.
Filler gap of size 2 at implant RVTN.
Filler gap of size 18 at implant RVTN.
Filler gap of size 4 at implant RVTN.
Filler gap of size 2 at implant RVTN.
Filler gap of size 1 at implant RVTN.
Filler gap of size 4 at implant RVTN.
Filler gap of size 3 at implant RVTN.
Filler gap of size 3 at implant RVTN.
Filler gap of size 4 at implant RVTN.
Filler gap of size 2 at implant RVTN.
Filler gap of size 6 at implant RVTN.
Filler gap of size 3 at implant RVTN.
Filler gap of size 7 at implant RVTN.
Filler gap of size 2 at implant RVTN.
Filler gap of size 4 at implant RVTN.
Filler gap of size 8 at implant RVTN.
Filler gap of size 1 at implant RVTN.
Filler gap of size 4 at implant RVTN.
Filler gap of size 1 at implant RVTN.
Filler gap of size 5 at implant RVTN.
Filler gap of size 4 at implant RVTN.
Filler gap of size 5 at implant RVTN.
Filler gap of size 12 at implant RVTN.
Filler gap of size 2 at implant RVTN.
Filler gap of size 14 at implant RVTN.
Filler gap of size 1 at implant RVTN.
Filler gap of size 2 at implant RVTN.
Filler gap of size 9 at implant RVTN.
Filler gap of size 3 at implant RVTN.
Filler gap of size 6 at implant RVTN.
Filler gap of size 5 at implant RVTN.
Filler gap of size 13 at implant RVTN.
Filler gap of size 4 at implant RVTN.
Filler gap of size 8 at implant RVTN.
Filler gap of size 10 at implant RVTN.
Filler gap of size 9 at implant RVTN.
Filler gap of size 17 at implant RVTN.
Filler gap of size 9 at implant RVTN.
Filler gap of size 2 at implant RVTN.
Filler gap of size 10 at implant RVTN.
Filler gap of size 6 at implant RVTN.
Filler gap of size 1 at implant RVTN.
Filler gap of size 3 at implant RVTN.
Filler gap of size 6 at implant RVTN.
Filler gap of size 2 at implant RVTN.
Filler gap of size 2 at implant RVTN.
Filler gap of size 2 at implant RVTN.
Filler gap of size 2 at implant RVTN.
Filler gap of size 6 at implant RVTN.
Filler gap of size 13 at implant RVTN.
Filler gap of size 22 at implant RVTN.
Filler gap of size 3 at implant RVTN.
Filler gap of size 2 at implant RVTN.
Filler gap of size 1 at implant RVTN.
Filler gap of size 2 at implant RVTN.
Filler gap of size 18 at implant RVTN.
Filler gap of size 23 at implant RVTN.
Filler gap of size 9 at implant RVTN.
Filler gap of size 18 at implant RVTN.
Filler gap of size 2 at implant RVTN.
Filler gap of size 19 at implant RVTN.
Filler gap of size 5 at implant RVTN.
Filler gap of size 10 at implant RVTN.
Filler gap of size 2 at implant RVTN.
Filler gap of size 5 at implant RVTN.
Filler gap of size 4 at implant RVTN.
Filler gap of size 4 at implant RVTN.
Filler gap of size 3 at implant RVTN.
Filler gap of size 6 at implant RVTN.
Filler gap of size 2 at implant RVTN.
Filler gap of size 4 at implant RVTN.
Filler gap of size 5 at implant RVTN.
Filler gap of size 5 at implant RVTN.
Filler gap of size 8 at implant RVTN.
Filler gap of size 1 at implant RVTN.
Filler gap of size 3 at implant RVTN.
Filler gap of size 2 at implant RVTN.
Filler gap of size 11 at implant RVTN.
Filler gap of size 9 at implant RVTN.
Filler gap of size 4 at implant RVTN.
Filler gap of size 13 at implant RVTN.
Filler gap of size 9 at implant RVTN.
Filler gap of size 1 at implant RVTN.
Filler gap of size 7 at implant RVTN.
Filler gap of size 2 at implant RVTN.
Filler gap of size 6 at implant RVTN.
Filler gap of size 1 at implant RVTN.
Filler gap of size 4 at implant RVTN.
Filler gap of size 2 at implant RVTN.
Filler gap of size 7 at implant RVTN.
Filler gap of size 4 at implant RVTN.
Filler gap of size 3 at implant RVTN.
Filler gap of size 17 at implant RVTN.
Filler gap of size 10 at implant RVTN.
Filler gap of size 1 at implant RVTN.
Filler gap of size 4 at implant RVTN.
Filler gap of size 4 at implant RVTN.
Filler gap of size 3 at implant RVTN.
Filler gap of size 4 at implant RVTN.
Filler gap of size 2 at implant RVTN.
Filler gap of size 5 at implant RVTN.
Filler gap of size 8 at implant RVTN.
Filler gap of size 2 at implant RVTN.
Filler gap of size 2 at implant RVTN.
Filler gap of size 5 at implant RVTN.
Filler gap of size 4 at implant RVTN.
Filler gap of size 5 at implant RVTN.
Filler gap of size 10 at implant RVTN.
Filler gap of size 18 at implant RVTN.
Filler gap of size 1 at implant RVTN.
Filler gap of size 9 at implant RVTN.
Filler gap of size 11 at implant RVTN.
Filler gap of size 1 at implant RVTN.
Filler gap of size 4 at implant RVTN.
Filler gap of size 6 at implant RVTN.
Filler gap of size 15 at implant RVTN.
Filler gap of size 38 at implant RVTN.
Filler gap of size 13 at implant RVTN.
Filler gap of size 1 at implant RVTN.
Filler gap of size 2 at implant RVTN.
Filler gap of size 1 at implant RVTN.
Filler gap of size 10 at implant RVTN.
Filler gap of size 17 at implant RVTN.
Filler gap of size 2 at implant RVTN.
Filler gap of size 3 at implant RVTN.
Filler gap of size 1 at implant RVTN.
Filler gap of size 2 at implant RVTN.
Filler gap of size 4 at implant RVTN.
Filler gap of size 4 at implant RVTN.
Filler gap of size 8 at implant RVTN.
Filler gap of size 6 at implant RVTN.
Filler gap of size 4 at implant RVTN.
Filler gap of size 2 at implant RVTN.
Filler gap of size 6 at implant RVTN.
Filler gap of size 3 at implant RVTN.
Filler gap of size 4 at implant RVTN.
Filler gap of size 3 at implant RVTN.
Filler gap of size 6 at implant RVTN.
Filler gap of size 3 at implant RVTN.
Filler gap of size 2 at implant RVTN.
Filler gap of size 12 at implant RVTN.
Filler gap of size 3 at implant RVTN.
Filler gap of size 6 at implant RVTN.
Filler gap of size 5 at implant RVTN.
Filler gap of size 4 at implant RVTN.
Filler gap of size 2 at implant RVTN.
Filler gap of size 7 at implant RVTN.
Filler gap of size 1 at implant RVTN.
Filler gap of size 13 at implant RVTN.
Filler gap of size 2 at implant RVTN.
Filler gap of size 3 at implant RVTN.
Filler gap of size 19 at implant RVTN.
Filler gap of size 2 at implant RVTN.
Filler gap of size 3 at implant RVTN.
Filler gap of size 4 at implant RVTN.
Filler gap of size 2 at implant RVTN.
Filler gap of size 8 at implant RVTN.
Filler gap of size 9 at implant RVTN.
Filler gap of size 1 at implant RVTN.
Filler gap of size 3 at implant RVTN.
Filler gap of size 10 at implant RVTN.
Filler gap of size 5 at implant RVTN.
Filler gap of size 14 at implant RVTN.
Filler gap of size 4 at implant RVTN.
Filler gap of size 1 at implant RVTN.
Filler gap of size 2 at implant RVTN.
Filler gap of size 7 at implant RVTN.
Filler gap of size 6 at implant RVTN.
Filler gap of size 1 at implant RVTN.
Filler gap of size 28 at implant RVTN.
Filler gap of size 25 at implant RVTN.
Filler gap of size 2 at implant RVTN.
Filler gap of size 2 at implant RVTN.
Filler gap of size 1 at implant RVTN.
Filler gap of size 15 at implant RVTN.
Filler gap of size 4 at implant RVTN.
Filler gap of size 16 at implant RVTN.
Filler gap of size 25 at implant RVTN.
Filler gap of size 11 at implant RVTN.
Filler gap of size 33 at implant RVTN.
Filler gap of size 7 at implant RVTN.
Filler gap of size 3 at implant RVTN.
Filler gap of size 5 at implant RVTN.
Filler gap of size 2 at implant RVTN.
Filler gap of size 2 at implant RVTN.
Filler gap of size 5 at implant RVTN.
Filler gap of size 14 at implant RVTN.
Filler gap of size 12 at implant RVTN.
Filler gap of size 1 at implant RVTN.
Filler gap of size 1 at implant RVTN.
Filler gap of size 12 at implant RVTN.
Filler gap of size 2 at implant RVTN.
Filler gap of size 8 at implant RVTN.
Filler gap of size 14 at implant RVTN.
Filler gap of size 1 at implant RVTN.
Filler gap of size 5 at implant RVTN.
Filler gap of size 1 at implant RVTN.
Filler gap of size 3 at implant RVTN.
Filler gap of size 9 at implant RVTN.
Filler gap of size 10 at implant RVTN.
Filler gap of size 9 at implant RVTN.
Filler gap of size 26 at implant RVTN.
Filler gap of size 4 at implant RVTN.
Filler gap of size 3 at implant RVTN.
Filler gap of size 1 at implant RVTN.
Filler gap of size 10 at implant RVTN.
Filler gap of size 4 at implant RVTN.
Filler gap of size 8 at implant RVTN.
Filler gap of size 10 at implant RVTN.
Filler gap of size 19 at implant RVTN.
Filler gap of size 9 at implant RVTN.
Filler gap of size 4 at implant RVTN.
Filler gap of size 7 at implant RVTN.
Filler gap of size 7 at implant RVTN.
Filler gap of size 2 at implant RVTN.
Filler gap of size 4 at implant RVTN.
Filler gap of size 10 at implant RVTN.
Filler gap of size 6 at implant RVTN.
Filler gap of size 18 at implant RVTN.
Filler gap of size 2 at implant RVTN.
Filler gap of size 7 at implant RVTN.
Filler gap of size 3 at implant RVTN.
Filler gap of size 2 at implant RVTN.
Filler gap of size 2 at implant RVTN.
Filler gap of size 15 at implant RVTN.
Filler gap of size 16 at implant RVTN.
Filler gap of size 23 at implant RVTN.
Filler gap of size 4 at implant RVTN.
Filler gap of size 3 at implant RVTN.
Filler gap of size 14 at implant RVTN.
Filler gap of size 8 at implant RVTN.
Filler gap of size 23 at implant RVTN.
Filler gap of size 29 at implant RVTN.
Filler gap of size 1 at implant RVTN.
Filler gap of size 7 at implant RVTN.
Filler gap of size 10 at implant RVTN.
Filler gap of size 9 at implant RVTN.
Filler gap of size 4 at implant RVTN.
Filler gap of size 4 at implant RVTN.
Filler gap of size 3 at implant RVTN.
Filler gap of size 3 at implant RVTN.
Filler gap of size 2 at implant RVTN.
Filler gap of size 1 at implant RVTN.
Filler gap of size 1 at implant RVTN.
Filler gap of size 4 at implant RVTN.
Filler gap of size 2 at implant RVTN.
Filler gap of size 13 at implant RVTN.
Filler gap of size 4 at implant RVTN.
Filler gap of size 4 at implant RVTN.
Filler gap of size 8 at implant RVTN.
Filler gap of size 17 at implant RVTN.
Filler gap of size 1 at implant RVTN.
Filler gap of size 30 at implant RVTN.
Filler gap of size 2 at implant RVTN.
Filler gap of size 5 at implant RVTN.
Filler gap of size 2 at implant RVTN.
Filler gap of size 7 at implant RVTN.
Filler gap of size 1 at implant RVTN.
Filler gap of size 3 at implant RVTN.
Filler gap of size 2 at implant RVTN.
Filler gap of size 9 at implant RVTN.
Filler gap of size 3 at implant RVTN.
Filler gap of size 12 at implant RVTN.
Filler gap of size 5 at implant RVTN.
Filler gap of size 8 at implant RVTN.
Filler gap of size 5 at implant RVTN.
Filler gap of size 14 at implant RVTN.
Filler gap of size 4 at implant RVTN.
Filler gap of size 5 at implant RVTN.
Filler gap of size 3 at implant RVTN.
Filler gap of size 1 at implant RVTN.
Filler gap of size 4 at implant RVTN.
Filler gap of size 7 at implant RVTN.
Filler gap of size 3 at implant RVTN.
Filler gap of size 13 at implant RVTN.
Filler gap of size 3 at implant RVTN.
Filler gap of size 12 at implant RVTN.
Filler gap of size 3 at implant RVTN.
Filler gap of size 2 at implant RVTN.
Filler gap of size 13 at implant RVTN.
Filler gap of size 7 at implant RVTN.
Filler gap of size 7 at implant RVTN.
Filler gap of size 7 at implant RVTN.
Filler gap of size 1 at implant RVTN.
Filler gap of size 4 at implant RVTN.
Filler gap of size 6 at implant RVTN.
Filler gap of size 3 at implant RVTN.
Filler gap of size 9 at implant RVTN.
Filler gap of size 18 at implant RVTN.
Filler gap of size 1 at implant RVTN.
Filler gap of size 4 at implant RVTN.
Filler gap of size 7 at implant RVTN.
Filler gap of size 17 at implant RVTN.
Filler gap of size 2 at implant RVTN.
Filler gap of size 2 at implant RVTN.
Filler gap of size 14 at implant RVTN.
Filler gap of size 1 at implant RVTN.
Filler gap of size 4 at implant RVTN.
Filler gap of size 2 at implant RVTN.
Filler gap of size 5 at implant RVTN.
Filler gap of size 1 at implant RVTN.
Filler gap of size 4 at implant RVTN.
Filler gap of size 3 at implant RVTN.
Filler gap of size 3 at implant RVTN.
Filler gap of size 8 at implant RVTN.
Filler gap of size 2 at implant RVTN.
Filler gap of size 6 at implant RVTN.
Filler gap of size 7 at implant RVTN.
Filler gap of size 4 at implant RVTN.
Filler gap of size 7 at implant RVTN.
Filler gap of size 1 at implant RVTN.
Filler gap of size 2 at implant RVTN.
Filler gap of size 12 at implant RVTN.
Filler gap of size 3 at implant RVTN.
Filler gap of size 1 at implant RVTN.
Filler gap of size 4 at implant RVTN.
Filler gap of size 32 at implant RVTN.
Filler gap of size 2 at implant RVTN.
Filler gap of size 1 at implant RVTN.
Filler gap of size 1 at implant RVTN.
Filler gap of size 3 at implant RVTN.
Filler gap of size 6 at implant RVTN.
Filler gap of size 2 at implant RVTN.
Filler gap of size 2 at implant RVTN.
Filler gap of size 9 at implant RVTN.
Filler gap of size 2 at implant RVTN.
Filler gap of size 19 at implant RVTN.
Filler gap of size 3 at implant RVTN.
Filler gap of size 9 at implant RVTN.
Filler gap of size 2 at implant RVTN.
Filler gap of size 29 at implant RVTN.
Filler gap of size 5 at implant RVTN.
Filler gap of size 4 at implant RVTN.
Filler gap of size 6 at implant RVTN.
Filler gap of size 1 at implant RVTN.
Filler gap of size 4 at implant RVTN.
Filler gap of size 4 at implant RVTN.
Filler gap of size 5 at implant RVTN.
Filler gap of size 2 at implant RVTN.
Filler gap of size 3 at implant RVTN.
Filler gap of size 12 at implant RVTN.
Filler gap of size 2 at implant RVTN.
Filler gap of size 4 at implant RVTN.
Filler gap of size 4 at implant RVTN.
Filler gap of size 11 at implant RVTN.
Filler gap of size 2 at implant RVTN.
Filler gap of size 3 at implant RVTN.
Filler gap of size 19 at implant RVTN.
Filler gap of size 13 at implant RVTN.
Filler gap of size 2 at implant RVTN.
Filler gap of size 13 at implant RVTN.
Filler gap of size 5 at implant RVTN.
Filler gap of size 4 at implant RVTN.
Filler gap of size 6 at implant RVTN.
Filler gap of size 2 at implant RVTN.
Filler gap of size 5 at implant RVTN.
Filler gap of size 1 at implant RVTN.
Filler gap of size 1 at implant RVTN.
Filler gap of size 6 at implant RVTN.
Filler gap of size 7 at implant RVTN.
Filler gap of size 8 at implant RVTN.
Filler gap of size 2 at implant RVTN.
Filler gap of size 12 at implant RVTN.
Filler gap of size 3 at implant RVTN.
Filler gap of size 1 at implant RVTN.
Filler gap of size 19 at implant RVTN.
Filler gap of size 15 at implant RVTN.
Filler gap of size 6 at implant RVTN.
Filler gap of size 1 at implant RVTN.
Filler gap of size 3 at implant RVTN.
Filler gap of size 6 at implant RVTN.
Filler gap of size 12 at implant RVTN.
Filler gap of size 8 at implant RVTN.
Filler gap of size 2 at implant RVTN.
Filler gap of size 5 at implant RVTN.
Filler gap of size 5 at implant RVTN.
Filler gap of size 2 at implant RVTN.
Filler gap of size 4 at implant RVTN.
Filler gap of size 5 at implant RVTN.
Filler gap of size 1 at implant RVTN.
Filler gap of size 14 at implant RVTN.
Filler gap of size 4 at implant RVTN.
Filler gap of size 18 at implant RVTN.
Filler gap of size 2 at implant RVTN.
Filler gap of size 3 at implant RVTN.
Filler gap of size 1 at implant RVTN.
Filler gap of size 1 at implant RVTN.
Filler gap of size 1 at implant RVTN.
Filler gap of size 6 at implant RVTN.
Filler gap of size 4 at implant RVTN.
Filler gap of size 2 at implant RVTN.
Filler gap of size 6 at implant RVTN.
Filler gap of size 5 at implant RVTN.
Filler gap of size 1 at implant RVTN.
Filler gap of size 3 at implant RVTN.
Filler gap of size 10 at implant RVTN.
Filler gap of size 2 at implant RVTN.
Filler gap of size 1 at implant RVTN.
Filler gap of size 26 at implant RVTN.
Filler gap of size 5 at implant RVTN.
Filler gap of size 2 at implant RVTN.
Filler gap of size 5 at implant RVTN.
Filler gap of size 4 at implant RVTN.
Filler gap of size 26 at implant RVTN.
Filler gap of size 6 at implant RVTN.
Filler gap of size 5 at implant RVTN.
Filler gap of size 21 at implant RVTN.
Filler gap of size 4 at implant RVTN.
Filler gap of size 2 at implant RVTN.
Filler gap of size 11 at implant RVTN.
Filler gap of size 3 at implant RVTN.
Filler gap of size 1 at implant RVTN.
Filler gap of size 3 at implant RVTN.
Filler gap of size 1 at implant RVTN.
Filler gap of size 16 at implant RVTN.
Filler gap of size 11 at implant RVTN.
Filler gap of size 7 at implant RVTN.
Filler gap of size 3 at implant RVTN.
Filler gap of size 17 at implant RVTN.
Filler gap of size 34 at implant RVTN.
Filler gap of size 4 at implant RVTN.
Filler gap of size 3 at implant RVTN.
Filler gap of size 1 at implant RVTN.
Filler gap of size 6 at implant RVTN.
Filler gap of size 3 at implant RVTN.
Filler gap of size 1 at implant RVTN.
Filler gap of size 1 at implant RVTN.
Filler gap of size 8 at implant RVTN.
Filler gap of size 13 at implant RVTN.
Filler gap of size 3 at implant RVTN.
Filler gap of size 6 at implant RVTN.
Filler gap of size 2 at implant RVTN.
Filler gap of size 2 at implant RVTN.
Filler gap of size 5 at implant RVTN.
Filler gap of size 3 at implant RVTN.
Filler gap of size 2 at implant RVTN.
Filler gap of size 5 at implant RVTN.
Filler gap of size 15 at implant RVTN.
Filler gap of size 19 at implant RVTN.
Filler gap of size 3 at implant RVTN.
Filler gap of size 6 at implant RVTN.
Filler gap of size 1 at implant RVTN.
Filler gap of size 6 at implant RVTN.
Filler gap of size 17 at implant RVTN.
Filler gap of size 11 at implant RVTN.
Filler gap of size 1 at implant RVTN.
Filler gap of size 5 at implant RVTN.
Filler gap of size 4 at implant RVTN.
Filler gap of size 13 at implant RVTN.
Filler gap of size 4 at implant RVTN.
Filler gap of size 24 at implant RVTN.
Filler gap of size 3 at implant RVTN.
Filler gap of size 5 at implant RVTN.
Filler gap of size 1 at implant RVTN.
Filler gap of size 1 at implant RVTN.
Filler gap of size 18 at implant RVTN.
Filler gap of size 9 at implant RVTN.
Filler gap of size 6 at implant RVTN.
Filler gap of size 22 at implant RVTN.
Filler gap of size 11 at implant RVTN.
Filler gap of size 1 at implant RVTN.
Filler gap of size 1 at implant RVTN.
Filler gap of size 5 at implant RVTN.
Filler gap of size 5 at implant RVTN.
Filler gap of size 2 at implant RVTN.
Filler gap of size 2 at implant RVTN.
Filler gap of size 2 at implant RVTN.
Filler gap of size 7 at implant RVTN.
Filler gap of size 2 at implant RVTN.
Filler gap of size 3 at implant RVTN.
Filler gap of size 1 at implant RVTN.
Filler gap of size 4 at implant RVTN.
Filler gap of size 1 at implant RVTN.
Filler gap of size 16 at implant RVTN.
Filler gap of size 3 at implant RVTN.
Filler gap of size 20 at implant RVTN.
Filler gap of size 2 at implant RVTN.
Filler gap of size 7 at implant RVTN.
Filler gap of size 4 at implant RVTN.
Filler gap of size 12 at implant RVTN.
Filler gap of size 3 at implant RVTN.
Filler gap of size 3 at implant RVTN.
Filler gap of size 10 at implant RVTN.
Filler gap of size 8 at implant RVTN.
Filler gap of size 4 at implant RVTN.
Filler gap of size 3 at implant RVTN.
Filler gap of size 4 at implant RVTN.
Filler gap of size 4 at implant RVTN.
Filler gap of size 9 at implant RVTN.
Filler gap of size 1 at implant RVTN.
Filler gap of size 5 at implant RVTN.
Filler gap of size 10 at implant RVTN.
Filler gap of size 1 at implant RVTN.
Filler gap of size 1 at implant RVTN.
Filler gap of size 6 at implant RVTN.
Filler gap of size 4 at implant RVTN.
Filler gap of size 1 at implant RVTN.
Filler gap of size 8 at implant RVTN.
Filler gap of size 11 at implant RVTN.
Filler gap of size 7 at implant RVTN.
Filler gap of size 3 at implant RVTN.
Filler gap of size 3 at implant RVTN.
Filler gap of size 7 at implant RVTN.
Filler gap of size 1 at implant RVTN.
Filler gap of size 8 at implant RVTN.
Filler gap of size 16 at implant RVTN.
Filler gap of size 4 at implant RVTN.
Filler gap of size 15 at implant RVTN.
Filler gap of size 3 at implant RVTN.
Filler gap of size 2 at implant RVTN.
Filler gap of size 2 at implant RVTN.
Filler gap of size 1 at implant RVTN.
Filler gap of size 6 at implant RVTN.
Filler gap of size 2 at implant RVTN.
Filler gap of size 10 at implant RVTN.
Filler gap of size 10 at implant RVTN.
Filler gap of size 10 at implant RVTN.
Filler gap of size 17 at implant RVTN.
Filler gap of size 12 at implant RVTN.
Filler gap of size 3 at implant RVTN.
Filler gap of size 1 at implant RVTN.
Filler gap of size 2 at implant RVTN.
Filler gap of size 10 at implant RVTN.
Filler gap of size 9 at implant RVTN.
Filler gap of size 1 at implant RVTN.
Filler gap of size 5 at implant RVTN.
Filler gap of size 1 at implant RVTN.
Filler gap of size 4 at implant RVTN.
Filler gap of size 1 at implant RVTN.
Filler gap of size 1 at implant RVTN.
Filler gap of size 1 at implant RVTN.
Filler gap of size 1 at implant RVTN.
Filler gap of size 5 at implant RVTN.
Filler gap of size 11 at implant RVTN.
Filler gap of size 7 at implant RVTN.
Filler gap of size 2 at implant RVTN.
Filler gap of size 10 at implant RVTN.
Filler gap of size 4 at implant RVTN.
Filler gap of size 2 at implant RVTN.
Filler gap of size 33 at implant RVTN.
Filler gap of size 1 at implant RVTN.
Filler gap of size 4 at implant RVTN.
Filler gap of size 20 at implant RVTN.
Filler gap of size 7 at implant RVTN.
Filler gap of size 3 at implant RVTN.
Filler gap of size 8 at implant RVTN.
Filler gap of size 1 at implant RVTN.
Filler gap of size 4 at implant RVTN.
Filler gap of size 8 at implant RVTN.
Filler gap of size 2 at implant RVTN.
Filler gap of size 5 at implant RVTN.
Filler gap of size 2 at implant RVTN.
Filler gap of size 2 at implant RVTN.
Filler gap of size 1 at implant RVTN.
Filler gap of size 4 at implant RVTN.
Filler gap of size 1 at implant RVTN.
Filler gap of size 3 at implant RVTN.
Filler gap of size 3 at implant RVTN.
Filler gap of size 1 at implant RVTN.
Filler gap of size 1 at implant RVTN.
Filler gap of size 2 at implant RVTN.
Filler gap of size 3 at implant RVTN.
Filler gap of size 10 at implant RVTN.
Filler gap of size 10 at implant RVTN.
Filler gap of size 15 at implant RVTN.
Filler gap of size 11 at implant RVTN.
Filler gap of size 23 at implant RVTN.
Filler gap of size 13 at implant RVTN.
Filler gap of size 59 at implant RVTN.
Filler gap of size 25 at implant RVTN.
Filler gap of size 4 at implant RVTN.
Filler gap of size 9 at implant RVTN.
Filler gap of size 10 at implant RVTN.
Filler gap of size 6 at implant RVTN.
Filler gap of size 7 at implant RVTN.
Filler gap of size 10 at implant RVTN.
Filler gap of size 2 at implant RVTN.
Filler gap of size 7 at implant RVTN.
Filler gap of size 3 at implant RVTN.
Filler gap of size 3 at implant RVTN.
Filler gap of size 3 at implant RVTN.
Filler gap of size 1 at implant RVTN.
Filler gap of size 3 at implant RVTN.
Filler gap of size 3 at implant RVTN.
Filler gap of size 11 at implant RVTN.
Filler gap of size 5 at implant RVTN.
Filler gap of size 3 at implant RVTN.
Filler gap of size 1 at implant RVTN.
Filler gap of size 3 at implant RVTN.
Filler gap of size 1 at implant RVTN.
Filler gap of size 3 at implant RVTN.
Filler gap of size 2 at implant RVTN.
Filler gap of size 7 at implant RVTN.
Filler gap of size 1 at implant RVTN.
Filler gap of size 5 at implant RVTN.
Filler gap of size 16 at implant RVTN.
Filler gap of size 7 at implant RVTN.
Filler gap of size 4 at implant RVTN.
Filler gap of size 23 at implant RVTN.
Filler gap of size 4 at implant RVTN.
Filler gap of size 2 at implant RVTN.
Filler gap of size 3 at implant RVTN.
Filler gap of size 2 at implant RVTN.
Filler gap of size 5 at implant RVTN.
Filler gap of size 5 at implant RVTN.
Filler gap of size 1 at implant RVTN.
Filler gap of size 3 at implant RVTN.
Filler gap of size 5 at implant RVTN.
Filler gap of size 5 at implant RVTN.
Filler gap of size 6 at implant RVTN.
Filler gap of size 6 at implant RVTN.
Filler gap of size 3 at implant RVTN.
Filler gap of size 1 at implant RVTN.
Filler gap of size 2 at implant RVTN.
Filler gap of size 10 at implant RVTN.
Filler gap of size 10 at implant RVTN.
Filler gap of size 1 at implant RVTN.
Filler gap of size 1 at implant RVTN.
Filler gap of size 10 at implant RVTN.
Filler gap of size 5 at implant RVTN.
Filler gap of size 9 at implant RVTN.
Filler gap of size 9 at implant RVTN.
Filler gap of size 13 at implant RVTN.
Filler gap of size 5 at implant RVTN.
Filler gap of size 3 at implant RVTN.
Filler gap of size 31 at implant RVTN.
Filler gap of size 17 at implant RVTN.
Filler gap of size 5 at implant RVTN.
Filler gap of size 7 at implant RVTN.
Filler gap of size 3 at implant RVTN.
Filler gap of size 8 at implant RVTN.
Filler gap of size 31 at implant RVTN.
Filler gap of size 2 at implant RVTN.
Filler gap of size 2 at implant RVTN.
Filler gap of size 4 at implant RVTN.
Filler gap of size 10 at implant RVTN.
Filler gap of size 8 at implant RVTN.
Filler gap of size 9 at implant RVTN.
Filler gap of size 9 at implant RVTN.
Filler gap of size 3 at implant RVTN.
Filler gap of size 4 at implant RVTN.
Filler gap of size 4 at implant RVTN.
Filler gap of size 5 at implant RVTN.
Filler gap of size 4 at implant RVTN.
Filler gap of size 2 at implant RVTN.
Filler gap of size 2 at implant RVTN.
Filler gap of size 4 at implant RVTN.
Filler gap of size 1 at implant RVTN.
Filler gap of size 1 at implant RVTN.
Filler gap of size 8 at implant RVTN.
Filler gap of size 2 at implant RVTN.
Filler gap of size 10 at implant RVTN.
Filler gap of size 10 at implant RVTN.
Filler gap of size 2 at implant RVTN.
Filler gap of size 2 at implant RVTN.
Filler gap of size 16 at implant RVTN.
Filler gap of size 2 at implant RVTN.
Filler gap of size 16 at implant RVTN.
Filler gap of size 30 at implant RVTN.
Filler gap of size 2 at implant RVTN.
Filler gap of size 14 at implant RVTN.
Filler gap of size 7 at implant RVTN.
Filler gap of size 11 at implant RVTN.
Filler gap of size 6 at implant RVTN.
Filler gap of size 13 at implant RVTN.
Filler gap of size 10 at implant RVTN.
Filler gap of size 6 at implant RVTN.
Filler gap of size 1 at implant RVTN.
Filler gap of size 7 at implant RVTN.
Filler gap of size 18 at implant RVTN.
Filler gap of size 2 at implant RVTN.
Filler gap of size 9 at implant RVTN.
Filler gap of size 1 at implant RVTN.
Filler gap of size 7 at implant RVTN.
Filler gap of size 2 at implant RVTN.
Filler gap of size 4 at implant RVTN.
Filler gap of size 16 at implant RVTN.
Filler gap of size 1 at implant RVTN.
Filler gap of size 7 at implant RVTN.
Filler gap of size 5 at implant RVTN.
Filler gap of size 8 at implant RVTN.
Filler gap of size 5 at implant RVTN.
Filler gap of size 5 at implant RVTN.
Filler gap of size 4 at implant RVTN.
Filler gap of size 2 at implant RVTN.
Filler gap of size 1 at implant RVTN.
Filler gap of size 10 at implant RVTN.
Filler gap of size 2 at implant RVTN.
Filler gap of size 5 at implant RVTN.
Filler gap of size 3 at implant RVTN.
Filler gap of size 2 at implant RVTN.
Filler gap of size 13 at implant RVTN.
Filler gap of size 2 at implant RVTN.
Filler gap of size 1 at implant RVTN.
Filler gap of size 2 at implant RVTN.
Filler gap of size 7 at implant RVTN.
Filler gap of size 3 at implant RVTN.
Filler gap of size 2 at implant RVTN.
Filler gap of size 3 at implant RVTN.
Filler gap of size 8 at implant RVTN.
Filler gap of size 5 at implant RVTN.
Filler gap of size 10 at implant RVTN.
Filler gap of size 13 at implant RVTN.
Filler gap of size 2 at implant RVTN.
Filler gap of size 4 at implant RVTN.
Filler gap of size 8 at implant RVTN.
Filler gap of size 2 at implant RVTN.
Filler gap of size 1 at implant RVTN.
Filler gap of size 1 at implant RVTN.
Filler gap of size 4 at implant RVTN.
Filler gap of size 4 at implant RVTN.
Filler gap of size 1 at implant RVTN.
Filler gap of size 5 at implant RVTN.
Filler gap of size 2 at implant RVTN.
Filler gap of size 9 at implant RVTN.
Filler gap of size 5 at implant RVTN.
Filler gap of size 4 at implant RVTN.
Filler gap of size 1 at implant RVTN.
Filler gap of size 6 at implant RVTN.
Filler gap of size 1 at implant RVTN.
Filler gap of size 15 at implant RVTN.
Filler gap of size 3 at implant RVTN.
Filler gap of size 2 at implant RVTN.
Filler gap of size 7 at implant RVTN.
Filler gap of size 3 at implant RVTN.
Filler gap of size 13 at implant RVTN.
Filler gap of size 1 at implant RVTN.
Filler gap of size 14 at implant RVTN.
Filler gap of size 15 at implant RVTN.
Filler gap of size 6 at implant RVTN.
Filler gap of size 4 at implant RVTN.
Filler gap of size 1 at implant RVTN.
Filler gap of size 2 at implant RVTN.
Filler gap of size 1 at implant RVTN.
Filler gap of size 1 at implant RVTN.
Filler gap of size 17 at implant RVTN.
Filler gap of size 5 at implant RVTN.
Filler gap of size 4 at implant RVTN.
Filler gap of size 5 at implant RVTN.
Filler gap of size 2 at implant RVTN.
Filler gap of size 15 at implant RVTN.
Filler gap of size 2 at implant RVTN.
Filler gap of size 7 at implant RVTN.
Filler gap of size 2 at implant RVTN.
Filler gap of size 6 at implant RVTN.
Filler gap of size 12 at implant RVTN.
Filler gap of size 1 at implant RVTN.
Filler gap of size 1 at implant RVTN.
Filler gap of size 5 at implant RVTN.
Filler gap of size 1 at implant RVTN.
Filler gap of size 2 at implant RVTN.
Filler gap of size 17 at implant RVTN.
Filler gap of size 1 at implant RVTN.
Filler gap of size 3 at implant RVTN.
Filler gap of size 1 at implant RVTN.
Filler gap of size 18 at implant RVTN.
Filler gap of size 3 at implant RVTN.
Filler gap of size 2 at implant RVTN.
Filler gap of size 25 at implant RVTN.
Filler gap of size 6 at implant RVTN.
Filler gap of size 4 at implant RVTN.
Filler gap of size 2 at implant RVTN.
Filler gap of size 4 at implant RVTN.
Filler gap of size 7 at implant RVTN.
Filler gap of size 11 at implant RVTN.
Filler gap of size 3 at implant RVTN.
Filler gap of size 10 at implant RVTN.
Filler gap of size 37 at implant RVTN.
Filler gap of size 2 at implant RVTN.
Filler gap of size 1 at implant RVTN.
Filler gap of size 5 at implant RVTN.
Filler gap of size 2 at implant RVTN.
Filler gap of size 6 at implant RVTN.
Filler gap of size 16 at implant RVTN.
Filler gap of size 4 at implant RVTN.
Filler gap of size 4 at implant RVTN.
Filler gap of size 2 at implant RVTN.
Filler gap of size 1 at implant RVTN.
Filler gap of size 1 at implant RVTN.
Filler gap of size 7 at implant RVTN.
Filler gap of size 4 at implant RVTN.
Filler gap of size 2 at implant RVTN.
Filler gap of size 5 at implant RVTN.
Filler gap of size 6 at implant RVTN.
Filler gap of size 8 at implant RVTN.
Filler gap of size 2 at implant RVTN.
Filler gap of size 1 at implant RVTN.
Filler gap of size 4 at implant RVTN.
Filler gap of size 8 at implant RVTN.
Filler gap of size 1 at implant RVTN.
Filler gap of size 7 at implant RVTN.
Filler gap of size 2 at implant RVTN.
Filler gap of size 6 at implant RVTN.
Filler gap of size 5 at implant RVTN.
Filler gap of size 6 at implant RVTN.
Filler gap of size 9 at implant RVTN.
Filler gap of size 3 at implant RVTN.
Filler gap of size 3 at implant RVTN.
Filler gap of size 3 at implant RVTN.
Filler gap of size 5 at implant RVTN.
Filler gap of size 4 at implant RVTN.
Filler gap of size 4 at implant RVTN.
Filler gap of size 5 at implant RVTN.
Filler gap of size 2 at implant RVTN.
Filler gap of size 10 at implant RVTN.
Filler gap of size 14 at implant RVTN.
Filler gap of size 1 at implant RVTN.
Filler gap of size 2 at implant RVTN.
Filler gap of size 3 at implant RVTN.
Filler gap of size 8 at implant RVTN.
Filler gap of size 5 at implant RVTN.
Filler gap of size 4 at implant RVTN.
Filler gap of size 1 at implant RVTN.
Filler gap of size 7 at implant RVTN.
Filler gap of size 4 at implant RVTN.
Filler gap of size 5 at implant RVTN.
Filler gap of size 3 at implant RVTN.
Filler gap of size 5 at implant RVTN.
Filler gap of size 2 at implant RVTN.
Filler gap of size 1 at implant RVTN.
Filler gap of size 7 at implant RVTN.
Filler gap of size 3 at implant RVTN.
Filler gap of size 3 at implant RVTN.
Filler gap of size 16 at implant RVTN.
Filler gap of size 7 at implant RVTN.
Filler gap of size 17 at implant RVTN.
Filler gap of size 11 at implant RVTN.
Filler gap of size 2 at implant RVTN.
Filler gap of size 4 at implant RVTN.
Filler gap of size 3 at implant RVTN.
Filler gap of size 5 at implant RVTN.
Filler gap of size 6 at implant RVTN.
Filler gap of size 5 at implant RVTN.
Filler gap of size 1 at implant RVTN.
Filler gap of size 5 at implant RVTN.
Filler gap of size 4 at implant RVTN.
Filler gap of size 5 at implant RVTN.
Filler gap of size 5 at implant RVTN.
Filler gap of size 16 at implant RVTN.
Filler gap of size 3 at implant RVTN.
Filler gap of size 8 at implant RVTN.
Filler gap of size 9 at implant RVTN.
Filler gap of size 2 at implant RVTN.
Filler gap of size 3 at implant RVTN.
Filler gap of size 1 at implant RVTN.
Filler gap of size 13 at implant RVTN.
Filler gap of size 3 at implant RVTN.
Filler gap of size 6 at implant RVTN.
Filler gap of size 6 at implant RVTN.
Filler gap of size 1 at implant RVTN.
Filler gap of size 6 at implant RVTN.
Filler gap of size 3 at implant RVTN.
Filler gap of size 2 at implant RVTN.
Filler gap of size 13 at implant RVTN.
Filler gap of size 4 at implant RVTN.
Filler gap of size 12 at implant RVTN.
Filler gap of size 4 at implant RVTN.
Filler gap of size 1 at implant RVTN.
Filler gap of size 6 at implant RVTN.
Filler gap of size 2 at implant RVTN.
Filler gap of size 4 at implant RVTN.
Filler gap of size 2 at implant RVTN.
Filler gap of size 4 at implant RVTN.
Filler gap of size 5 at implant RVTN.
Filler gap of size 16 at implant RVTN.
Filler gap of size 1 at implant RVTN.
Filler gap of size 4 at implant RVTN.
Filler gap of size 3 at implant RVTN.
Filler gap of size 8 at implant RVTN.
Filler gap of size 7 at implant RVTN.
Filler gap of size 1 at implant RVTN.
Filler gap of size 5 at implant RVTN.
Filler gap of size 9 at implant RVTN.
Filler gap of size 5 at implant RVTN.
Filler gap of size 10 at implant RVTN.
Filler gap of size 5 at implant RVTN.
Filler gap of size 3 at implant RVTN.
Filler gap of size 3 at implant RVTN.
Filler gap of size 1 at implant RVTN.
Filler gap of size 6 at implant RVTN.
Filler gap of size 9 at implant RVTN.
Filler gap of size 1 at implant RVTN.
Filler gap of size 1 at implant RVTN.
Filler gap of size 13 at implant RVTN.
Filler gap of size 12 at implant RVTN.
Filler gap of size 5 at implant RVTN.
Filler gap of size 3 at implant RVTN.
Filler gap of size 2 at implant RVTN.
Filler gap of size 7 at implant RVTN.
Filler gap of size 9 at implant RVTN.
Filler gap of size 22 at implant RVTN.
Filler gap of size 23 at implant RVTN.
Filler gap of size 6 at implant RVTN.
Filler gap of size 20 at implant RVTN.
Filler gap of size 3 at implant RVTN.
Filler gap of size 6 at implant RVTN.
Filler gap of size 3 at implant RVTN.
Filler gap of size 2 at implant RVTN.
Filler gap of size 1 at implant RVTN.
Filler gap of size 6 at implant RVTN.
Filler gap of size 7 at implant RVTN.
Filler gap of size 10 at implant RVTN.
Filler gap of size 5 at implant RVTN.
Filler gap of size 5 at implant RVTN.
Filler gap of size 3 at implant RVTN.
Filler gap of size 16 at implant RVTN.
Filler gap of size 6 at implant RVTN.
Filler gap of size 2 at implant RVTN.
Filler gap of size 1 at implant RVTN.
Filler gap of size 2 at implant RVTN.
Filler gap of size 5 at implant RVTN.
Filler gap of size 6 at implant RVTN.
Filler gap of size 5 at implant RVTN.
Filler gap of size 1 at implant RVTN.
Filler gap of size 1 at implant RVTN.
Filler gap of size 4 at implant RVTN.
Filler gap of size 8 at implant RVTN.
Filler gap of size 6 at implant RVTN.
Filler gap of size 10 at implant RVTN.
Filler gap of size 7 at implant RVTN.
Filler gap of size 1 at implant RVTN.
Filler gap of size 6 at implant RVTN.
Filler gap of size 7 at implant RVTN.
Filler gap of size 6 at implant RVTN.
Filler gap of size 2 at implant RVTN.
Filler gap of size 2 at implant RVTN.
Filler gap of size 8 at implant RVTN.
Filler gap of size 9 at implant RVTN.
Filler gap of size 22 at implant RVTN.
Filler gap of size 1 at implant RVTN.
Filler gap of size 4 at implant RVTN.
Filler gap of size 5 at implant RVTN.
Filler gap of size 2 at implant RVTN.
Filler gap of size 6 at implant RVTN.
Filler gap of size 3 at implant RVTN.
Filler gap of size 8 at implant RVTN.
Filler gap of size 2 at implant RVTN.
Filler gap of size 1 at implant RVTN.
Filler gap of size 8 at implant RVTN.
Filler gap of size 15 at implant RVTN.
Filler gap of size 17 at implant RVTN.
Filler gap of size 2 at implant RVTN.
Filler gap of size 6 at implant RVTN.
Filler gap of size 11 at implant RVTN.
Filler gap of size 3 at implant RVTN.
Filler gap of size 3 at implant RVTN.
Filler gap of size 1 at implant RVTN.
Filler gap of size 17 at implant RVTN.
Filler gap of size 3 at implant RVTN.
Filler gap of size 5 at implant RVTN.
Filler gap of size 5 at implant RVTN.
Filler gap of size 3 at implant RVTN.
Filler gap of size 5 at implant RVTN.
Filler gap of size 7 at implant RVTN.
Filler gap of size 2 at implant RVTN.
Filler gap of size 1 at implant RVTN.
Filler gap of size 5 at implant RVTN.
Filler gap of size 1 at implant RVTN.
Filler gap of size 32 at implant RVTN.
Filler gap of size 20 at implant RVTN.
Filler gap of size 17 at implant RVTN.
Filler gap of size 6 at implant RVTN.
Filler gap of size 1 at implant RVTN.
Filler gap of size 1 at implant RVTN.
Filler gap of size 10 at implant RVTN.
Filler gap of size 9 at implant RVTN.
Filler gap of size 4 at implant RVTN.
Filler gap of size 2 at implant RVTN.
Filler gap of size 1 at implant RVTN.
Filler gap of size 3 at implant RVTN.
Filler gap of size 8 at implant RVTN.
Filler gap of size 5 at implant RVTN.
Filler gap of size 4 at implant RVTN.
Filler gap of size 1 at implant RVTN.
Filler gap of size 2 at implant RVTN.
Filler gap of size 11 at implant RVTN.
Filler gap of size 5 at implant RVTN.
Filler gap of size 4 at implant RVTN.
Filler gap of size 4 at implant RVTN.
Filler gap of size 4 at implant RVTN.
Filler gap of size 1 at implant RVTN.
Filler gap of size 2 at implant RVTN.
Filler gap of size 1 at implant RVTN.
Filler gap of size 2 at implant RVTN.
Filler gap of size 1 at implant RVTN.
Filler gap of size 22 at implant RVTN.
Filler gap of size 3 at implant RVTN.
Filler gap of size 5 at implant RVTN.
Filler gap of size 1 at implant RVTN.
Filler gap of size 3 at implant RVTN.
Filler gap of size 1 at implant RVTN.
Filler gap of size 3 at implant RVTN.
Filler gap of size 13 at implant RVTN.
Filler gap of size 2 at implant RVTN.
Filler gap of size 4 at implant RVTN.
Filler gap of size 1 at implant RVTN.
Filler gap of size 4 at implant RVTN.
Filler gap of size 6 at implant RVTN.
Filler gap of size 2 at implant RVTN.
Filler gap of size 1 at implant RVTN.
Filler gap of size 5 at implant RVTN.
Filler gap of size 5 at implant RVTN.
Filler gap of size 8 at implant RVTN.
Filler gap of size 12 at implant RVTN.
Filler gap of size 5 at implant RVTN.
Filler gap of size 3 at implant RVTN.
Filler gap of size 4 at implant RVTN.
Filler gap of size 7 at implant RVTN.
Filler gap of size 4 at implant RVTN.
Filler gap of size 2 at implant RVTN.
Filler gap of size 2 at implant RVTN.
Filler gap of size 6 at implant RVTN.
Filler gap of size 8 at implant RVTN.
Filler gap of size 4 at implant RVTN.
Filler gap of size 12 at implant RVTN.
Filler gap of size 3 at implant RVTN.
Filler gap of size 1 at implant RVTN.
Filler gap of size 26 at implant RVTN.
Filler gap of size 18 at implant RVTN.
Filler gap of size 9 at implant RVTN.
Filler gap of size 4 at implant RVTN.
Filler gap of size 9 at implant RVTN.
Filler gap of size 1 at implant RVTN.
Filler gap of size 2 at implant RVTN.
Filler gap of size 1 at implant RVTN.
Filler gap of size 3 at implant RVTN.
Filler gap of size 1 at implant RVTN.
Filler gap of size 1 at implant RVTN.
Filler gap of size 3 at implant RVTN.
Filler gap of size 8 at implant RVTN.
Filler gap of size 3 at implant RVTN.
Filler gap of size 2 at implant RVTN.
Filler gap of size 1 at implant RVTN.
Filler gap of size 1 at implant RVTN.
Filler gap of size 1 at implant RVTN.
Filler gap of size 11 at implant RVTN.
Filler gap of size 3 at implant RVTN.
Filler gap of size 7 at implant RVTN.
Filler gap of size 3 at implant RVTN.
Filler gap of size 2 at implant RVTN.
Filler gap of size 1 at implant RVTN.
Filler gap of size 4 at implant RVTN.
Filler gap of size 6 at implant RVTN.
Filler gap of size 2 at implant RVTN.
Filler gap of size 1 at implant RVTN.
Filler gap of size 14 at implant RVTN.
Filler gap of size 4 at implant RVTN.
Filler gap of size 7 at implant RVTN.
Filler gap of size 10 at implant RVTN.
Filler gap of size 4 at implant RVTN.
Filler gap of size 10 at implant RVTN.
Filler gap of size 2 at implant RVTN.
Filler gap of size 3 at implant RVTN.
Filler gap of size 10 at implant RVTN.
Filler gap of size 25 at implant RVTN.
Filler gap of size 2 at implant RVTN.
Filler gap of size 1 at implant RVTN.
Filler gap of size 4 at implant RVTN.
Filler gap of size 10 at implant RVTN.
Filler gap of size 6 at implant RVTN.
Filler gap of size 8 at implant RVTN.
Filler gap of size 4 at implant RVTN.
Filler gap of size 6 at implant RVTN.
Filler gap of size 5 at implant RVTN.
Filler gap of size 3 at implant RVTN.
Filler gap of size 5 at implant RVTN.
Filler gap of size 4 at implant RVTN.
Filler gap of size 4 at implant RVTN.
Filler gap of size 3 at implant RVTN.
Filler gap of size 1 at implant RVTN.
Filler gap of size 3 at implant RVTN.
Filler gap of size 7 at implant RVTN.
Filler gap of size 2 at implant RVTN.
Filler gap of size 3 at implant RVTN.
Filler gap of size 5 at implant RVTN.
Filler gap of size 2 at implant RVTN.
Filler gap of size 4 at implant RVTN.
Filler gap of size 11 at implant RVTN.
Filler gap of size 9 at implant RVTN.
Filler gap of size 9 at implant RVTN.
Filler gap of size 5 at implant RVTN.
Filler gap of size 3 at implant RVTN.
Filler gap of size 1 at implant RVTN.
Filler gap of size 63 at implant RVTN.
Filler gap of size 2 at implant RVTN.
Filler gap of size 2 at implant RVTN.
Filler gap of size 10 at implant RVTN.
Filler gap of size 5 at implant RVTN.
Filler gap of size 13 at implant RVTN.
Filler gap of size 1 at implant RVTN.
Filler gap of size 1 at implant RVTN.
Filler gap of size 9 at implant RVTN.
Filler gap of size 4 at implant RVTN.
Filler gap of size 15 at implant RVTN.
Filler gap of size 3 at implant RVTN.
Filler gap of size 11 at implant RVTN.
Filler gap of size 5 at implant RVTN.
Filler gap of size 7 at implant RVTN.
Filler gap of size 1 at implant RVTN.
Filler gap of size 3 at implant RVTN.
Filler gap of size 15 at implant RVTN.
Filler gap of size 1 at implant RVTN.
Filler gap of size 2 at implant RVTN.
Filler gap of size 2 at implant RVTN.
Filler gap of size 29 at implant RVTN.
Filler gap of size 2 at implant RVTN.
Filler gap of size 3 at implant RVTN.
Filler gap of size 2 at implant RVTN.
Filler gap of size 1 at implant RVTN.
Filler gap of size 9 at implant RVTN.
Filler gap of size 2 at implant RVTN.
Filler gap of size 7 at implant RVTN.
Filler gap of size 5 at implant RVTN.
Filler gap of size 8 at implant RVTN.
Filler gap of size 5 at implant RVTN.
Filler gap of size 2 at implant RVTN.
Filler gap of size 2 at implant RVTN.
Filler gap of size 3 at implant RVTN.
Filler gap of size 8 at implant RVTN.
Filler gap of size 8 at implant RVTN.
Filler gap of size 12 at implant RVTN.
Filler gap of size 16 at implant RVTN.
Filler gap of size 5 at implant RVTN.
Filler gap of size 6 at implant RVTN.
Filler gap of size 3 at implant RVTN.
Filler gap of size 14 at implant RVTN.
Filler gap of size 6 at implant RVTN.
Filler gap of size 5 at implant RVTN.
Filler gap of size 5 at implant RVTN.
Filler gap of size 11 at implant RVTN.
Filler gap of size 4 at implant RVTN.
Filler gap of size 5 at implant RVTN.
Filler gap of size 7 at implant RVTN.
Filler gap of size 4 at implant RVTN.
Filler gap of size 1 at implant RVTN.
Filler gap of size 3 at implant RVTN.
Filler gap of size 3 at implant RVTN.
Filler gap of size 8 at implant RVTN.
Filler gap of size 3 at implant RVTN.
Filler gap of size 3 at implant RVTN.
Filler gap of size 3 at implant RVTN.
Filler gap of size 14 at implant RVTN.
Filler gap of size 1 at implant RVTN.
Filler gap of size 5 at implant RVTN.
Filler gap of size 1 at implant RVTN.
Filler gap of size 3 at implant RVTN.
Filler gap of size 8 at implant RVTN.
Filler gap of size 4 at implant RVTN.
Filler gap of size 1 at implant RVTN.
Filler gap of size 17 at implant RVTN.
Filler gap of size 3 at implant RVTN.
Filler gap of size 12 at implant RVTN.
Filler gap of size 15 at implant RVTN.
Filler gap of size 2 at implant RVTN.
Filler gap of size 2 at implant RVTN.
Filler gap of size 9 at implant RVTN.
Filler gap of size 8 at implant RVTN.
Filler gap of size 10 at implant RVTN.
Filler gap of size 5 at implant RVTN.
Filler gap of size 4 at implant RVTN.
Filler gap of size 7 at implant RVTN.
Filler gap of size 1 at implant RVTN.
Filler gap of size 3 at implant RVTN.
Filler gap of size 8 at implant RVTN.
Filler gap of size 7 at implant RVTN.
Filler gap of size 1 at implant RVTN.
Filler gap of size 9 at implant RVTN.
Filler gap of size 3 at implant RVTN.
Filler gap of size 4 at implant RVTN.
Filler gap of size 1 at implant RVTN.
Filler gap of size 8 at implant RVTN.
Filler gap of size 5 at implant RVTN.
Filler gap of size 10 at implant RVTN.
Filler gap of size 6 at implant RVTN.
Filler gap of size 2 at implant RVTN.
Filler gap of size 6 at implant RVTN.
Filler gap of size 3 at implant RVTN.
Filler gap of size 1 at implant RVTN.
Filler gap of size 6 at implant RVTN.
Filler gap of size 20 at implant RVTN.
Filler gap of size 7 at implant RVTN.
Filler gap of size 1 at implant RVTN.
Filler gap of size 8 at implant RVTN.
Filler gap of size 11 at implant RVTN.
Filler gap of size 5 at implant RVTN.
Filler gap of size 5 at implant RVTN.
Filler gap of size 2 at implant RVTN.
Filler gap of size 4 at implant RVTN.
Filler gap of size 4 at implant RVTN.
Filler gap of size 8 at implant RVTN.
Filler gap of size 4 at implant RVTN.
Filler gap of size 4 at implant RVTN.
Filler gap of size 7 at implant RVTN.
Filler gap of size 10 at implant RVTN.
Filler gap of size 3 at implant RVTN.
Filler gap of size 9 at implant RVTN.
Filler gap of size 1 at implant RVTN.
Filler gap of size 7 at implant RVTN.
Filler gap of size 3 at implant RVTN.
Filler gap of size 2 at implant RVTN.
Filler gap of size 3 at implant RVTN.
Filler gap of size 3 at implant RVTN.
Filler gap of size 1 at implant RVTN.
Filler gap of size 14 at implant RVTN.
Filler gap of size 3 at implant RVTN.
Filler gap of size 10 at implant RVTN.
Filler gap of size 12 at implant RVTN.
Filler gap of size 2 at implant RVTN.
Filler gap of size 9 at implant RVTN.
Filler gap of size 2 at implant RVTN.
Filler gap of size 1 at implant RVTN.
Filler gap of size 10 at implant RVTN.
Filler gap of size 4 at implant RVTN.
Filler gap of size 7 at implant RVTN.
Filler gap of size 8 at implant RVTN.
Filler gap of size 2 at implant RVTN.
Filler gap of size 8 at implant RVTN.
Filler gap of size 9 at implant RVTN.
Filler gap of size 18 at implant RVTN.
Filler gap of size 4 at implant RVTN.
Filler gap of size 2 at implant RVTN.
Filler gap of size 12 at implant RVTN.
Filler gap of size 20 at implant RVTN.
Filler gap of size 2 at implant RVTN.
Filler gap of size 4 at implant RVTN.
Filler gap of size 19 at implant RVTN.
Filler gap of size 2 at implant RVTN.
Filler gap of size 4 at implant RVTN.
Filler gap of size 3 at implant RVTN.
Filler gap of size 4 at implant RVTN.
Filler gap of size 10 at implant RVTN.
Filler gap of size 3 at implant RVTN.
Filler gap of size 5 at implant RVTN.
Filler gap of size 6 at implant RVTN.
Filler gap of size 2 at implant RVTN.
Filler gap of size 43 at implant RVTN.
Filler gap of size 11 at implant RVTN.
Filler gap of size 7 at implant RVTN.
Filler gap of size 9 at implant RVTN.
Filler gap of size 1 at implant RVTN.
Filler gap of size 1 at implant RVTN.
Filler gap of size 2 at implant RVTN.
Filler gap of size 8 at implant RVTN.
Filler gap of size 5 at implant RVTN.
Filler gap of size 10 at implant RVTN.
Filler gap of size 5 at implant RVTN.
Filler gap of size 4 at implant RVTN.
Filler gap of size 2 at implant RVTN.
Filler gap of size 3 at implant RVTN.
Filler gap of size 6 at implant RVTN.
Filler gap of size 1 at implant RVTN.
Filler gap of size 5 at implant RVTN.
Filler gap of size 4 at implant RVTN.
Filler gap of size 5 at implant RVTN.
Filler gap of size 7 at implant RVTN.
Filler gap of size 3 at implant RVTN.
Filler gap of size 17 at implant RVTN.
Filler gap of size 10 at implant RVTN.
Filler gap of size 1 at implant RVTN.
Filler gap of size 1 at implant RVTN.
Filler gap of size 4 at implant RVTN.
Filler gap of size 6 at implant RVTN.
Filler gap of size 1 at implant RVTN.
Filler gap of size 10 at implant RVTN.
Filler gap of size 6 at implant RVTN.
Filler gap of size 18 at implant RVTN.
Filler gap of size 2 at implant RVTN.
Filler gap of size 3 at implant RVTN.
Filler gap of size 5 at implant RVTN.
Filler gap of size 3 at implant RVTN.
Filler gap of size 3 at implant RVTN.
Filler gap of size 1 at implant RVTN.
Filler gap of size 3 at implant RVTN.
Filler gap of size 11 at implant RVTN.
Filler gap of size 8 at implant RVTN.
Filler gap of size 2 at implant RVTN.
Filler gap of size 3 at implant RVTN.
Filler gap of size 5 at implant RVTN.
Filler gap of size 17 at implant RVTN.
Filler gap of size 2 at implant RVTN.
Filler gap of size 16 at implant RVTN.
Filler gap of size 5 at implant RVTN.
Filler gap of size 3 at implant RVTN.
Filler gap of size 12 at implant RVTN.
Filler gap of size 4 at implant RVTN.
Filler gap of size 6 at implant RVTN.
Filler gap of size 23 at implant RVTN.
Filler gap of size 18 at implant RVTN.
Filler gap of size 3 at implant RVTN.
Filler gap of size 13 at implant RVTN.
Filler gap of size 2 at implant RVTN.
Filler gap of size 6 at implant RVTN.
Filler gap of size 15 at implant RVTN.
Filler gap of size 7 at implant RVTN.
Filler gap of size 3 at implant RVTN.
Filler gap of size 3 at implant RVTN.
Filler gap of size 4 at implant RVTN.
Filler gap of size 5 at implant RVTN.
Filler gap of size 14 at implant RVTN.
Filler gap of size 8 at implant RVTN.
Filler gap of size 2 at implant RVTN.
Filler gap of size 9 at implant RVTN.
Filler gap of size 25 at implant RVTN.
Filler gap of size 16 at implant RVTN.
Filler gap of size 1 at implant RVTN.
Filler gap of size 2 at implant RVTN.
Filler gap of size 5 at implant RVTN.
Filler gap of size 3 at implant RVTN.
Filler gap of size 6 at implant RVTN.
Filler gap of size 3 at implant RVTN.
Filler gap of size 2 at implant RVTN.
Filler gap of size 5 at implant RVTN.
Filler gap of size 4 at implant RVTN.
Filler gap of size 1 at implant RVTN.
Filler gap of size 4 at implant RVTN.
Filler gap of size 3 at implant RVTN.
Filler gap of size 8 at implant RVTN.
Filler gap of size 22 at implant RVTN.
Filler gap of size 7 at implant RVTN.
Filler gap of size 23 at implant RVTN.
Filler gap of size 7 at implant RVTN.
Filler gap of size 3 at implant RVTN.
Filler gap of size 1 at implant RVTN.
Filler gap of size 2 at implant RVTN.
Filler gap of size 2 at implant RVTN.
Filler gap of size 15 at implant RVTN.
Filler gap of size 10 at implant RVTN.
Filler gap of size 2 at implant RVTN.
Filler gap of size 37 at implant RVTN.
Filler gap of size 3 at implant RVTN.
Filler gap of size 13 at implant RVTN.
Filler gap of size 2 at implant RVTN.
Filler gap of size 2 at implant RVTN.
Filler gap of size 6 at implant RVTN.
Filler gap of size 2 at implant RVTN.
Filler gap of size 3 at implant RVTN.
Filler gap of size 3 at implant RVTN.
Filler gap of size 2 at implant RVTN.
Filler gap of size 5 at implant RVTN.
Filler gap of size 4 at implant RVTN.
Filler gap of size 6 at implant RVTN.
Filler gap of size 3 at implant RVTN.
Filler gap of size 3 at implant RVTN.
Filler gap of size 8 at implant RVTN.
Filler gap of size 3 at implant RVTN.
Filler gap of size 5 at implant RVTN.
Filler gap of size 13 at implant RVTN.
Filler gap of size 13 at implant RVTN.
Filler gap of size 9 at implant RVTN.
Filler gap of size 4 at implant RVTN.
Filler gap of size 21 at implant RVTN.
Filler gap of size 6 at implant RVTN.
Filler gap of size 55 at implant RVTN.
Filler gap of size 13 at implant RVTN.
Filler gap of size 11 at implant RVTN.
Filler gap of size 6 at implant RVTN.
Filler gap of size 2 at implant RVTN.
Filler gap of size 9 at implant RVTN.
Filler gap of size 5 at implant RVTN.
Filler gap of size 20 at implant RVTN.
Filler gap of size 7 at implant RVTN.
Filler gap of size 1 at implant RVTN.
Filler gap of size 2 at implant RVTN.
Filler gap of size 1 at implant RVTN.
Filler gap of size 3 at implant RVTN.
Filler gap of size 11 at implant RVTN.
Filler gap of size 16 at implant RVTN.
Filler gap of size 13 at implant RVTN.
Filler gap of size 4 at implant RVTN.
Filler gap of size 7 at implant RVTN.
Filler gap of size 1 at implant RVTN.
Filler gap of size 2 at implant RVTN.
Filler gap of size 7 at implant RVTN.
Filler gap of size 8 at implant RVTN.
Filler gap of size 5 at implant RVTN.
Filler gap of size 6 at implant RVTN.
Filler gap of size 6 at implant RVTN.
Filler gap of size 4 at implant RVTN.
Filler gap of size 1 at implant RVTN.
Filler gap of size 6 at implant RVTN.
Filler gap of size 26 at implant RVTN.
Filler gap of size 12 at implant RVTN.
Filler gap of size 5 at implant RVTN.
Filler gap of size 2 at implant RVTN.
Filler gap of size 4 at implant RVTN.
Filler gap of size 3 at implant RVTN.
Filler gap of size 2 at implant RVTN.
Filler gap of size 1 at implant RVTN.
Filler gap of size 3 at implant RVTN.
Filler gap of size 8 at implant RVTN.
Filler gap of size 4 at implant RVTN.
Filler gap of size 33 at implant RVTN.
Filler gap of size 6 at implant RVTN.
Filler gap of size 26 at implant RVTN.
Filler gap of size 2 at implant RVTN.
Filler gap of size 2 at implant RVTN.
Filler gap of size 9 at implant RVTN.
Filler gap of size 8 at implant RVTN.
Filler gap of size 8 at implant RVTN.
Filler gap of size 4 at implant RVTN.
Filler gap of size 1 at implant RVTN.
Filler gap of size 3 at implant RVTN.
Filler gap of size 9 at implant RVTN.
Filler gap of size 5 at implant RVTN.
Filler gap of size 4 at implant RVTN.
Filler gap of size 20 at implant RVTN.
Filler gap of size 4 at implant RVTN.
Filler gap of size 10 at implant RVTN.
Filler gap of size 7 at implant RVTN.
Filler gap of size 4 at implant RVTN.
Filler gap of size 9 at implant RVTN.
Filler gap of size 1 at implant RVTN.
Filler gap of size 7 at implant RVTN.
Filler gap of size 12 at implant RVTN.
Filler gap of size 13 at implant RVTN.
Filler gap of size 18 at implant RVTN.
Filler gap of size 1 at implant RVTN.
Filler gap of size 6 at implant RVTN.
Filler gap of size 3 at implant RVTN.
Filler gap of size 2 at implant RVTN.
Filler gap of size 7 at implant RVTN.
Filler gap of size 1 at implant RVTN.
Filler gap of size 2 at implant RVTN.
Filler gap of size 7 at implant RVTN.
Filler gap of size 9 at implant RVTN.
Filler gap of size 8 at implant RVTN.
Filler gap of size 2 at implant RVTN.
Filler gap of size 3 at implant RVTN.
Filler gap of size 8 at implant RVTN.
Filler gap of size 4 at implant RVTN.
Filler gap of size 5 at implant RVTN.
Filler gap of size 2 at implant RVTN.
Filler gap of size 7 at implant RVTN.
Filler gap of size 6 at implant RVTN.
Filler gap of size 7 at implant RVTN.
Filler gap of size 5 at implant RVTN.
Filler gap of size 5 at implant RVTN.
Filler gap of size 2 at implant RVTN.
Filler gap of size 4 at implant RVTN.
Filler gap of size 1 at implant RVTN.
Filler gap of size 3 at implant RVTN.
Filler gap of size 1 at implant RVTN.
Filler gap of size 8 at implant RVTN.
Filler gap of size 4 at implant RVTN.
Filler gap of size 29 at implant RVTN.
Filler gap of size 8 at implant RVTN.
Filler gap of size 7 at implant RVTN.
Filler gap of size 4 at implant RVTN.
Filler gap of size 6 at implant RVTN.
Filler gap of size 12 at implant RVTN.
Filler gap of size 2 at implant RVTN.
Filler gap of size 1 at implant RVTN.
Filler gap of size 3 at implant RVTN.
Filler gap of size 4 at implant RVTN.
Filler gap of size 8 at implant RVTN.
Filler gap of size 19 at implant RVTN.
Filler gap of size 43 at implant RVTN.
Filler gap of size 2 at implant RVTN.
Filler gap of size 2 at implant RVTN.
Filler gap of size 12 at implant RVTN.
Filler gap of size 10 at implant RVTN.
Filler gap of size 16 at implant RVTN.
Filler gap of size 1 at implant RVTN.
Filler gap of size 3 at implant RVTN.
Filler gap of size 13 at implant RVTN.
Filler gap of size 1 at implant RVTN.
Filler gap of size 5 at implant RVTN.
Filler gap of size 1 at implant RVTN.
Filler gap of size 6 at implant RVTN.
Filler gap of size 3 at implant RVTN.
Filler gap of size 1 at implant RVTN.
Filler gap of size 1 at implant RVTN.
Filler gap of size 5 at implant RVTN.
Filler gap of size 1 at implant RVTN.
Filler gap of size 5 at implant RVTN.
Filler gap of size 8 at implant RVTN.
Filler gap of size 6 at implant RVTN.
Filler gap of size 9 at implant RVTN.
Filler gap of size 1 at implant RVTN.
Filler gap of size 6 at implant RVTN.
Filler gap of size 5 at implant RVTN.
Filler gap of size 30 at implant RVTN.
Filler gap of size 7 at implant RVTN.
Filler gap of size 1 at implant RVTN.
Filler gap of size 1 at implant RVTN.
Filler gap of size 8 at implant RVTN.
Filler gap of size 17 at implant RVTN.
Filler gap of size 1 at implant RVTN.
Filler gap of size 3 at implant RVTN.
Filler gap of size 5 at implant RVTN.
Filler gap of size 12 at implant RVTN.
Filler gap of size 6 at implant RVTN.
Filler gap of size 8 at implant RVTN.
Filler gap of size 1 at implant RVTN.
Filler gap of size 2 at implant RVTN.
Filler gap of size 2 at implant RVTN.
Filler gap of size 1 at implant RVTN.
Filler gap of size 1 at implant RVTN.
Filler gap of size 2 at implant RVTN.
Filler gap of size 2 at implant RVTN.
Filler gap of size 2 at implant RVTN.
Filler gap of size 4 at implant RVTN.
Filler gap of size 4 at implant RVTN.
Filler gap of size 3 at implant RVTN.
Filler gap of size 5 at implant RVTN.
Filler gap of size 6 at implant RVTN.
Filler gap of size 5 at implant RVTN.
Filler gap of size 5 at implant RVTN.
Filler gap of size 6 at implant RVTN.
Filler gap of size 7 at implant RVTN.
Filler gap of size 2 at implant RVTN.
Filler gap of size 1 at implant RVTN.
Filler gap of size 8 at implant RVTN.
Filler gap of size 10 at implant RVTN.
Filler gap of size 8 at implant RVTN.
Filler gap of size 14 at implant RVTN.
Filler gap of size 3 at implant RVTN.
Filler gap of size 17 at implant RVTN.
Filler gap of size 1 at implant RVTN.
Filler gap of size 3 at implant RVTN.
Filler gap of size 3 at implant RVTN.
Filler gap of size 5 at implant RVTN.
Filler gap of size 61 at implant RVTN.
Filler gap of size 6 at implant RVTN.
Filler gap of size 2 at implant RVTN.
Filler gap of size 1 at implant RVTN.
Filler gap of size 7 at implant RVTN.
Filler gap of size 7 at implant RVTN.
Filler gap of size 4 at implant RVTN.
Filler gap of size 2 at implant RVTN.
Filler gap of size 9 at implant RVTN.
Filler gap of size 12 at implant RVTN.
Filler gap of size 2 at implant RVTN.
Filler gap of size 2 at implant RVTN.
Filler gap of size 8 at implant RVTN.
Filler gap of size 1 at implant RVTN.
Filler gap of size 3 at implant RVTN.
Filler gap of size 5 at implant RVTN.
Filler gap of size 12 at implant RVTN.
Filler gap of size 11 at implant RVTN.
Filler gap of size 2 at implant RVTN.
Filler gap of size 6 at implant RVTN.
Filler gap of size 2 at implant RVTN.
Filler gap of size 9 at implant RVTN.
Filler gap of size 2 at implant RVTN.
Filler gap of size 4 at implant RVTN.
Filler gap of size 6 at implant RVTN.
Filler gap of size 3 at implant RVTN.
Filler gap of size 16 at implant RVTN.
Filler gap of size 2 at implant RVTN.
Filler gap of size 8 at implant RVTN.
Filler gap of size 3 at implant RVTN.
Filler gap of size 3 at implant RVTN.
Filler gap of size 4 at implant RVTN.
Filler gap of size 1 at implant RVTN.
Filler gap of size 7 at implant RVTN.
Filler gap of size 19 at implant RVTN.
Filler gap of size 3 at implant RVTN.
Filler gap of size 7 at implant RVTN.
Filler gap of size 1 at implant RVTN.
Filler gap of size 2 at implant RVTN.
Filler gap of size 1 at implant RVTN.
Filler gap of size 6 at implant RVTN.
Filler gap of size 3 at implant RVTN.
Filler gap of size 18 at implant RVTN.
Filler gap of size 3 at implant RVTN.
Filler gap of size 3 at implant RVTN.
Filler gap of size 1 at implant RVTN.
Filler gap of size 2 at implant RVTN.
Filler gap of size 2 at implant RVTN.
Filler gap of size 7 at implant RVTN.
Filler gap of size 10 at implant RVTN.
Filler gap of size 6 at implant RVTN.
Filler gap of size 10 at implant RVTN.
Filler gap of size 1 at implant RVTN.
Filler gap of size 5 at implant RVTN.
Filler gap of size 24 at implant RVTN.
Filler gap of size 6 at implant RVTN.
Filler gap of size 1 at implant RVTN.
Filler gap of size 8 at implant RVTN.
Filler gap of size 1 at implant RVTN.
Filler gap of size 1 at implant RVTN.
Filler gap of size 4 at implant RVTN.
Filler gap of size 14 at implant RVTN.
Filler gap of size 60 at implant RVTN.
Filler gap of size 14 at implant RVTN.
Filler gap of size 2 at implant RVTN.
Filler gap of size 1 at implant RVTN.
Filler gap of size 7 at implant RVTN.
Filler gap of size 3 at implant RVTN.
Filler gap of size 6 at implant RVTN.
Filler gap of size 1 at implant RVTN.
Filler gap of size 10 at implant RVTN.
Filler gap of size 4 at implant RVTN.
Filler gap of size 4 at implant RVTN.
Filler gap of size 5 at implant RVTN.
Filler gap of size 4 at implant RVTN.
Filler gap of size 4 at implant RVTN.
Filler gap of size 2 at implant RVTN.
Filler gap of size 9 at implant RVTN.
Filler gap of size 5 at implant RVTN.
Filler gap of size 19 at implant RVTN.
Filler gap of size 2 at implant RVTN.
Filler gap of size 5 at implant RVTN.
Filler gap of size 6 at implant RVTN.
Filler gap of size 2 at implant RVTN.
Filler gap of size 4 at implant RVTN.
Filler gap of size 4 at implant RVTN.
Filler gap of size 5 at implant RVTN.
Filler gap of size 3 at implant RVTN.
Filler gap of size 2 at implant RVTN.
Filler gap of size 1 at implant RVTN.
Filler gap of size 4 at implant RVTN.
Filler gap of size 2 at implant RVTN.
Filler gap of size 2 at implant RVTN.
Filler gap of size 8 at implant RVTN.
Filler gap of size 4 at implant RVTN.
Filler gap of size 6 at implant RVTN.
Filler gap of size 3 at implant RVTN.
Filler gap of size 5 at implant RVTN.
Filler gap of size 8 at implant RVTN.
Filler gap of size 3 at implant RVTN.
Filler gap of size 1 at implant RVTN.
Filler gap of size 5 at implant RVTN.
Filler gap of size 5 at implant RVTN.
Filler gap of size 1 at implant RVTN.
Filler gap of size 11 at implant RVTN.
Filler gap of size 15 at implant RVTN.
Filler gap of size 2 at implant RVTN.
Filler gap of size 5 at implant RVTN.
Filler gap of size 5 at implant RVTN.
Filler gap of size 7 at implant RVTN.
Filler gap of size 11 at implant RVTN.
Filler gap of size 2 at implant RVTN.
Filler gap of size 16 at implant RVTN.
Filler gap of size 3 at implant RVTN.
Filler gap of size 3 at implant RVTN.
Filler gap of size 2 at implant RVTN.
Filler gap of size 1 at implant RVTN.
Filler gap of size 2 at implant RVTN.
Filler gap of size 7 at implant RVTN.
Filler gap of size 1 at implant RVTN.
Filler gap of size 2 at implant RVTN.
Filler gap of size 1 at implant RVTN.
Filler gap of size 5 at implant RVTN.
Filler gap of size 1 at implant RVTN.
Filler gap of size 5 at implant RVTN.
Filler gap of size 1 at implant RVTN.
Filler gap of size 10 at implant RVTN.
Filler gap of size 16 at implant RVTN.
Filler gap of size 12 at implant RVTN.
Filler gap of size 1 at implant RVTN.
Filler gap of size 17 at implant RVTN.
Filler gap of size 1 at implant RVTN.
Filler gap of size 6 at implant RVTN.
Filler gap of size 10 at implant RVTN.
Filler gap of size 78 at implant RVTN.
Filler gap of size 2 at implant RVTN.
Filler gap of size 1 at implant RVTN.
Filler gap of size 7 at implant RVTN.
Filler gap of size 6 at implant RVTN.
Filler gap of size 9 at implant RVTN.
Filler gap of size 6 at implant RVTN.
Filler gap of size 1 at implant RVTN.
Filler gap of size 8 at implant RVTN.
Filler gap of size 6 at implant RVTN.
Filler gap of size 8 at implant RVTN.
Filler gap of size 11 at implant RVTN.
Filler gap of size 5 at implant RVTN.
Filler gap of size 3 at implant RVTN.
Filler gap of size 19 at implant RVTN.
Filler gap of size 4 at implant RVTN.
Filler gap of size 4 at implant RVTN.
Filler gap of size 2 at implant RVTN.
Filler gap of size 3 at implant RVTN.
Filler gap of size 3 at implant RVTN.
Filler gap of size 6 at implant RVTN.
Filler gap of size 1 at implant RVTN.
Filler gap of size 2 at implant RVTN.
Filler gap of size 7 at implant RVTN.
Filler gap of size 1 at implant RVTN.
Filler gap of size 4 at implant RVTN.
Filler gap of size 8 at implant RVTN.
Filler gap of size 3 at implant RVTN.
Filler gap of size 1 at implant RVTN.
Filler gap of size 3 at implant RVTN.
Filler gap of size 9 at implant RVTN.
Filler gap of size 1 at implant RVTN.
Filler gap of size 2 at implant RVTN.
Filler gap of size 13 at implant RVTN.
Filler gap of size 10 at implant RVTN.
Filler gap of size 5 at implant RVTN.
Filler gap of size 3 at implant RVTN.
Filler gap of size 1 at implant RVTN.
Filler gap of size 14 at implant RVTN.
Filler gap of size 3 at implant RVTN.
Filler gap of size 2 at implant RVTN.
Filler gap of size 4 at implant RVTN.
Filler gap of size 2 at implant RVTN.
Filler gap of size 3 at implant RVTN.
Filler gap of size 6 at implant RVTN.
Filler gap of size 23 at implant RVTN.
Filler gap of size 3 at implant RVTN.
Filler gap of size 3 at implant RVTN.
Filler gap of size 1 at implant RVTN.
Filler gap of size 3 at implant RVTN.
Filler gap of size 3 at implant RVTN.
Filler gap of size 8 at implant RVTN.
Filler gap of size 3 at implant RVTN.
Filler gap of size 2 at implant RVTN.
Filler gap of size 3 at implant RVTN.
Filler gap of size 3 at implant RVTN.
Filler gap of size 5 at implant RVTN.
Filler gap of size 5 at implant RVTN.
Filler gap of size 23 at implant RVTN.
Filler gap of size 7 at implant RVTN.
Filler gap of size 4 at implant RVTN.
Filler gap of size 1 at implant RVTN.
Filler gap of size 1 at implant RVTN.
Filler gap of size 2 at implant RVTN.
Filler gap of size 3 at implant RVTN.
Filler gap of size 3 at implant RVTN.
Filler gap of size 1 at implant RVTN.
Filler gap of size 1 at implant RVTN.
Filler gap of size 7 at implant RVTN.
Filler gap of size 76 at implant RVTN.
Filler gap of size 2 at implant RVTN.
Filler gap of size 1 at implant RVTN.
Filler gap of size 11 at implant RVTN.
Filler gap of size 4 at implant RVTN.
Filler gap of size 1 at implant RVTN.
Filler gap of size 4 at implant RVTN.
Filler gap of size 1 at implant RVTN.
Filler gap of size 11 at implant RVTN.
Filler gap of size 1 at implant RVTN.
Filler gap of size 5 at implant RVTN.
Filler gap of size 11 at implant RVTN.
Filler gap of size 10 at implant RVTN.
Filler gap of size 13 at implant RVTN.
Filler gap of size 6 at implant RVTN.
Filler gap of size 4 at implant RVTN.
Filler gap of size 3 at implant RVTN.
Filler gap of size 5 at implant RVTN.
Filler gap of size 11 at implant RVTN.
Filler gap of size 2 at implant RVTN.
Filler gap of size 1 at implant RVTN.
Filler gap of size 3 at implant RVTN.
Filler gap of size 3 at implant RVTN.
Filler gap of size 4 at implant RVTN.
Filler gap of size 2 at implant RVTN.
Filler gap of size 4 at implant RVTN.
Filler gap of size 20 at implant RVTN.
Filler gap of size 5 at implant RVTN.
Filler gap of size 8 at implant RVTN.
Filler gap of size 14 at implant RVTN.
Filler gap of size 4 at implant RVTN.
Filler gap of size 1 at implant RVTN.
Filler gap of size 6 at implant RVTN.
Filler gap of size 7 at implant RVTN.
Filler gap of size 5 at implant RVTN.
Filler gap of size 2 at implant RVTN.
Filler gap of size 2 at implant RVTN.
Filler gap of size 27 at implant RVTN.
Filler gap of size 2 at implant RVTN.
Filler gap of size 4 at implant RVTN.
Filler gap of size 2 at implant RVTN.
Filler gap of size 1 at implant RVTN.
Filler gap of size 3 at implant RVTN.
Filler gap of size 4 at implant RVTN.
Filler gap of size 6 at implant RVTN.
Filler gap of size 5 at implant RVTN.
Filler gap of size 2 at implant RVTN.
Filler gap of size 10 at implant RVTN.
Filler gap of size 5 at implant RVTN.
Filler gap of size 3 at implant RVTN.
Filler gap of size 14 at implant RVTN.
Filler gap of size 1 at implant RVTN.
Filler gap of size 1 at implant RVTN.
Filler gap of size 1 at implant RVTN.
Filler gap of size 16 at implant RVTN.
Filler gap of size 9 at implant RVTN.
Filler gap of size 1 at implant RVTN.
Filler gap of size 10 at implant RVTN.
Filler gap of size 1 at implant RVTN.
Filler gap of size 8 at implant RVTN.
Filler gap of size 8 at implant RVTN.
Filler gap of size 1 at implant RVTN.
Filler gap of size 5 at implant RVTN.
Filler gap of size 4 at implant RVTN.
Filler gap of size 9 at implant RVTN.
Filler gap of size 3 at implant RVTN.
Filler gap of size 1 at implant RVTN.
Filler gap of size 75 at implant RVTN.
Filler gap of size 2 at implant RVTN.
Filler gap of size 15 at implant RVTN.
Filler gap of size 9 at implant RVTN.
Filler gap of size 3 at implant RVTN.
Filler gap of size 8 at implant RVTN.
Filler gap of size 9 at implant RVTN.
Filler gap of size 6 at implant RVTN.
Filler gap of size 9 at implant RVTN.
Filler gap of size 2 at implant RVTN.
Filler gap of size 5 at implant RVTN.
Filler gap of size 5 at implant RVTN.
Filler gap of size 10 at implant RVTN.
Filler gap of size 1 at implant RVTN.
Filler gap of size 2 at implant RVTN.
Filler gap of size 3 at implant RVTN.
Filler gap of size 4 at implant RVTN.
Filler gap of size 4 at implant RVTN.
Filler gap of size 17 at implant RVTN.
Filler gap of size 1 at implant RVTN.
Filler gap of size 9 at implant RVTN.
Filler gap of size 2 at implant RVTN.
Filler gap of size 10 at implant RVTN.
Filler gap of size 5 at implant RVTN.
Filler gap of size 3 at implant RVTN.
Filler gap of size 7 at implant RVTN.
Filler gap of size 3 at implant RVTN.
Filler gap of size 11 at implant RVTN.
Filler gap of size 3 at implant RVTN.
Filler gap of size 7 at implant RVTN.
Filler gap of size 13 at implant RVTN.
Filler gap of size 9 at implant RVTN.
Filler gap of size 2 at implant RVTN.
Filler gap of size 4 at implant RVTN.
Filler gap of size 2 at implant RVTN.
Filler gap of size 1 at implant RVTN.
Filler gap of size 16 at implant RVTN.
Filler gap of size 4 at implant RVTN.
Filler gap of size 4 at implant RVTN.
Filler gap of size 2 at implant RVTN.
Filler gap of size 3 at implant RVTN.
Filler gap of size 13 at implant RVTN.
Filler gap of size 3 at implant RVTN.
Filler gap of size 1 at implant RVTN.
Filler gap of size 1 at implant RVTN.
Filler gap of size 9 at implant RVTN.
Filler gap of size 17 at implant RVTN.
Filler gap of size 2 at implant RVTN.
Filler gap of size 7 at implant RVTN.
Filler gap of size 24 at implant RVTN.
Filler gap of size 3 at implant RVTN.
Filler gap of size 2 at implant RVTN.
Filler gap of size 8 at implant RVTN.
Filler gap of size 1 at implant RVTN.
Filler gap of size 11 at implant RVTN.
Filler gap of size 12 at implant RVTN.
Filler gap of size 7 at implant RVTN.
Filler gap of size 6 at implant RVTN.
Filler gap of size 5 at implant RVTN.
Filler gap of size 3 at implant RVTN.
Filler gap of size 11 at implant RVTN.
Filler gap of size 80 at implant RVTN.
Filler gap of size 16 at implant RVTN.
Filler gap of size 5 at implant RVTN.
Filler gap of size 5 at implant RVTN.
Filler gap of size 7 at implant RVTN.
Filler gap of size 2 at implant RVTN.
Filler gap of size 4 at implant RVTN.
Filler gap of size 13 at implant RVTN.
Filler gap of size 5 at implant RVTN.
Filler gap of size 3 at implant RVTN.
Filler gap of size 4 at implant RVTN.
Filler gap of size 3 at implant RVTN.
Filler gap of size 8 at implant RVTN.
Filler gap of size 3 at implant RVTN.
Filler gap of size 5 at implant RVTN.
Filler gap of size 6 at implant RVTN.
Filler gap of size 8 at implant RVTN.
Filler gap of size 5 at implant RVTN.
Filler gap of size 7 at implant RVTN.
Filler gap of size 1 at implant RVTN.
Filler gap of size 6 at implant RVTN.
Filler gap of size 4 at implant RVTN.
Filler gap of size 19 at implant RVTN.
Filler gap of size 14 at implant RVTN.
Filler gap of size 4 at implant RVTN.
Filler gap of size 3 at implant RVTN.
Filler gap of size 4 at implant RVTN.
Filler gap of size 4 at implant RVTN.
Filler gap of size 2 at implant RVTN.
Filler gap of size 16 at implant RVTN.
Filler gap of size 23 at implant RVTN.
Filler gap of size 1 at implant RVTN.
Filler gap of size 4 at implant RVTN.
Filler gap of size 22 at implant RVTN.
Filler gap of size 4 at implant RVTN.
Filler gap of size 5 at implant RVTN.
Filler gap of size 6 at implant RVTN.
Filler gap of size 4 at implant RVTN.
Filler gap of size 6 at implant RVTN.
Filler gap of size 4 at implant RVTN.
Filler gap of size 2 at implant RVTN.
Filler gap of size 2 at implant RVTN.
Filler gap of size 5 at implant RVTN.
Filler gap of size 7 at implant RVTN.
Filler gap of size 4 at implant RVTN.
Filler gap of size 16 at implant RVTN.
Filler gap of size 4 at implant RVTN.
Filler gap of size 5 at implant RVTN.
Filler gap of size 7 at implant RVTN.
Filler gap of size 9 at implant RVTN.
Filler gap of size 2 at implant RVTN.
Filler gap of size 37 at implant RVTN.
Filler gap of size 8 at implant RVTN.
Filler gap of size 4 at implant RVTN.
Filler gap of size 3 at implant RVTN.
Filler gap of size 10 at implant RVTN.
Filler gap of size 1 at implant RVTN.
Filler gap of size 1 at implant RVTN.
Filler gap of size 4 at implant RVTN.
Filler gap of size 2 at implant RVTN.
Filler gap of size 8 at implant RVTN.
Filler gap of size 74 at implant RVTN.
Filler gap of size 22 at implant RVTN.
Filler gap of size 18 at implant RVTN.
Filler gap of size 7 at implant RVTN.
Filler gap of size 24 at implant RVTN.
Filler gap of size 1 at implant RVTN.
Filler gap of size 4 at implant RVTN.
Filler gap of size 7 at implant RVTN.
Filler gap of size 9 at implant RVTN.
Filler gap of size 4 at implant RVTN.
Filler gap of size 7 at implant RVTN.
Filler gap of size 12 at implant RVTN.
Filler gap of size 8 at implant RVTN.
Filler gap of size 1 at implant RVTN.
Filler gap of size 3 at implant RVTN.
Filler gap of size 2 at implant RVTN.
Filler gap of size 7 at implant RVTN.
Filler gap of size 2 at implant RVTN.
Filler gap of size 3 at implant RVTN.
Filler gap of size 1 at implant RVTN.
Filler gap of size 10 at implant RVTN.
Filler gap of size 5 at implant RVTN.
Filler gap of size 5 at implant RVTN.
Filler gap of size 11 at implant RVTN.
Filler gap of size 9 at implant RVTN.
Filler gap of size 1 at implant RVTN.
Filler gap of size 6 at implant RVTN.
Filler gap of size 6 at implant RVTN.
Filler gap of size 4 at implant RVTN.
Filler gap of size 7 at implant RVTN.
Filler gap of size 2 at implant RVTN.
Filler gap of size 4 at implant RVTN.
Filler gap of size 9 at implant RVTN.
Filler gap of size 5 at implant RVTN.
Filler gap of size 21 at implant RVTN.
Filler gap of size 9 at implant RVTN.
Filler gap of size 9 at implant RVTN.
Filler gap of size 3 at implant RVTN.
Filler gap of size 1 at implant RVTN.
Filler gap of size 2 at implant RVTN.
Filler gap of size 3 at implant RVTN.
Filler gap of size 2 at implant RVTN.
Filler gap of size 6 at implant RVTN.
Filler gap of size 3 at implant RVTN.
Filler gap of size 3 at implant RVTN.
Filler gap of size 15 at implant RVTN.
Filler gap of size 2 at implant RVTN.
Filler gap of size 7 at implant RVTN.
Filler gap of size 3 at implant RVTN.
Filler gap of size 8 at implant RVTN.
Filler gap of size 10 at implant RVTN.
Filler gap of size 11 at implant RVTN.
Filler gap of size 4 at implant RVTN.
Filler gap of size 3 at implant RVTN.
Filler gap of size 1 at implant RVTN.
Filler gap of size 4 at implant RVTN.
Filler gap of size 7 at implant RVTN.
Filler gap of size 92 at implant RVTN.
Filler gap of size 16 at implant RVTN.
Filler gap of size 14 at implant RVTN.
Filler gap of size 1 at implant RVTN.
Filler gap of size 8 at implant RVTN.
Filler gap of size 1 at implant RVTN.
Filler gap of size 26 at implant RVTN.
Filler gap of size 8 at implant RVTN.
Filler gap of size 5 at implant RVTN.
Filler gap of size 8 at implant RVTN.
Filler gap of size 5 at implant RVTN.
Filler gap of size 1 at implant RVTN.
Filler gap of size 7 at implant RVTN.
Filler gap of size 1 at implant RVTN.
Filler gap of size 2 at implant RVTN.
Filler gap of size 7 at implant RVTN.
Filler gap of size 9 at implant RVTN.
Filler gap of size 2 at implant RVTN.
Filler gap of size 8 at implant RVTN.
Filler gap of size 8 at implant RVTN.
Filler gap of size 8 at implant RVTN.
Filler gap of size 3 at implant RVTN.
Filler gap of size 4 at implant RVTN.
Filler gap of size 6 at implant RVTN.
Filler gap of size 1 at implant RVTN.
Filler gap of size 5 at implant RVTN.
Filler gap of size 9 at implant RVTN.
Filler gap of size 35 at implant RVTN.
Filler gap of size 3 at implant RVTN.
Filler gap of size 3 at implant RVTN.
Filler gap of size 23 at implant RVTN.
Filler gap of size 2 at implant RVTN.
Filler gap of size 24 at implant RVTN.
Filler gap of size 12 at implant RVTN.
Filler gap of size 3 at implant RVTN.
Filler gap of size 7 at implant RVTN.
Filler gap of size 2 at implant RVTN.
Filler gap of size 1 at implant RVTN.
Filler gap of size 11 at implant RVTN.
Filler gap of size 3 at implant RVTN.
Filler gap of size 14 at implant RVTN.
Filler gap of size 7 at implant RVTN.
Filler gap of size 7 at implant RVTN.
Filler gap of size 1 at implant RVTN.
Filler gap of size 4 at implant RVTN.
Filler gap of size 9 at implant RVTN.
Filler gap of size 10 at implant RVTN.
Filler gap of size 11 at implant RVTN.
Filler gap of size 6 at implant RVTN.
Filler gap of size 4 at implant RVTN.
Filler gap of size 6 at implant RVTN.
Filler gap of size 5 at implant RVTN.
Filler gap of size 1 at implant RVTN.
Filler gap of size 1 at implant RVTN.
Filler gap of size 4 at implant RVTN.
Filler gap of size 7 at implant RVTN.
Filler gap of size 4 at implant RVTN.
Filler gap of size 12 at implant RVTN.
Filler gap of size 107 at implant RVTN.
Filler gap of size 10 at implant RVTN.
Filler gap of size 2 at implant RVTN.
Filler gap of size 6 at implant RVTN.
Filler gap of size 2 at implant RVTN.
Filler gap of size 1 at implant RVTN.
Filler gap of size 2 at implant RVTN.
Filler gap of size 25 at implant RVTN.
Filler gap of size 1 at implant RVTN.
Filler gap of size 2 at implant RVTN.
Filler gap of size 16 at implant RVTN.
Filler gap of size 5 at implant RVTN.
Filler gap of size 5 at implant RVTN.
Filler gap of size 16 at implant RVTN.
Filler gap of size 5 at implant RVTN.
Filler gap of size 9 at implant RVTN.
Filler gap of size 1 at implant RVTN.
Filler gap of size 1 at implant RVTN.
Filler gap of size 11 at implant RVTN.
Filler gap of size 7 at implant RVTN.
Filler gap of size 1 at implant RVTN.
Filler gap of size 4 at implant RVTN.
Filler gap of size 3 at implant RVTN.
Filler gap of size 3 at implant RVTN.
Filler gap of size 4 at implant RVTN.
Filler gap of size 11 at implant RVTN.
Filler gap of size 7 at implant RVTN.
Filler gap of size 3 at implant RVTN.
Filler gap of size 12 at implant RVTN.
Filler gap of size 4 at implant RVTN.
Filler gap of size 6 at implant RVTN.
Filler gap of size 7 at implant RVTN.
Filler gap of size 6 at implant RVTN.
Filler gap of size 8 at implant RVTN.
Filler gap of size 7 at implant RVTN.
Filler gap of size 8 at implant RVTN.
Filler gap of size 7 at implant RVTN.
Filler gap of size 25 at implant RVTN.
Filler gap of size 2 at implant RVTN.
Filler gap of size 5 at implant RVTN.
Filler gap of size 2 at implant RVTN.
Filler gap of size 3 at implant RVTN.
Filler gap of size 3 at implant RVTN.
Filler gap of size 3 at implant RVTN.
Filler gap of size 8 at implant RVTN.
Filler gap of size 2 at implant RVTN.
Filler gap of size 2 at implant RVTN.
Filler gap of size 8 at implant RVTN.
Filler gap of size 3 at implant RVTN.
Filler gap of size 8 at implant RVTN.
Filler gap of size 2 at implant RVTN.
Filler gap of size 8 at implant RVTN.
Filler gap of size 12 at implant RVTN.
Filler gap of size 16 at implant RVTN.
Filler gap of size 4 at implant RVTN.
Filler gap of size 5 at implant RVTN.
Filler gap of size 4 at implant RVTN.
Filler gap of size 22 at implant RVTN.
Filler gap of size 138 at implant RVTN.
Filler gap of size 13 at implant RVTN.
Filler gap of size 7 at implant RVTN.
Filler gap of size 4 at implant RVTN.
Filler gap of size 3 at implant RVTN.
Filler gap of size 4 at implant RVTN.
Filler gap of size 1 at implant RVTN.
Filler gap of size 9 at implant RVTN.
Filler gap of size 6 at implant RVTN.
Filler gap of size 6 at implant RVTN.
Filler gap of size 6 at implant RVTN.
Filler gap of size 1 at implant RVTN.
Filler gap of size 3 at implant RVTN.
Filler gap of size 1 at implant RVTN.
Filler gap of size 2 at implant RVTN.
Filler gap of size 1 at implant RVTN.
Filler gap of size 5 at implant RVTN.
Filler gap of size 6 at implant RVTN.
Filler gap of size 6 at implant RVTN.
Filler gap of size 4 at implant RVTN.
Filler gap of size 7 at implant RVTN.
Filler gap of size 5 at implant RVTN.
Filler gap of size 1 at implant RVTN.
Filler gap of size 6 at implant RVTN.
Filler gap of size 1 at implant RVTN.
Filler gap of size 15 at implant RVTN.
Filler gap of size 5 at implant RVTN.
Filler gap of size 4 at implant RVTN.
Filler gap of size 1 at implant RVTN.
Filler gap of size 1 at implant RVTN.
Filler gap of size 1 at implant RVTN.
Filler gap of size 8 at implant RVTN.
Filler gap of size 4 at implant RVTN.
Filler gap of size 2 at implant RVTN.
Filler gap of size 4 at implant RVTN.
Filler gap of size 2 at implant RVTN.
Filler gap of size 5 at implant RVTN.
Filler gap of size 15 at implant RVTN.
Filler gap of size 1 at implant RVTN.
Filler gap of size 3 at implant RVTN.
Filler gap of size 2 at implant RVTN.
Filler gap of size 3 at implant RVTN.
Filler gap of size 5 at implant RVTN.
Filler gap of size 1 at implant RVTN.
Filler gap of size 5 at implant RVTN.
Filler gap of size 5 at implant RVTN.
Filler gap of size 14 at implant RVTN.
Filler gap of size 23 at implant RVTN.
Filler gap of size 4 at implant RVTN.
Filler gap of size 3 at implant RVTN.
Filler gap of size 3 at implant RVTN.
Filler gap of size 4 at implant RVTN.
Filler gap of size 2 at implant RVTN.
Filler gap of size 9 at implant RVTN.
Filler gap of size 1 at implant RVTN.
Filler gap of size 7 at implant RVTN.
Filler gap of size 6 at implant RVTN.
Filler gap of size 5 at implant RVTN.
Filler gap of size 156 at implant RVTN.
Filler gap of size 20 at implant RVTN.
Filler gap of size 17 at implant RVTN.
Filler gap of size 4 at implant RVTN.
Filler gap of size 4 at implant RVTN.
Filler gap of size 8 at implant RVTN.
Filler gap of size 11 at implant RVTN.
Filler gap of size 11 at implant RVTN.
Filler gap of size 11 at implant RVTN.
Filler gap of size 5 at implant RVTN.
Filler gap of size 8 at implant RVTN.
Filler gap of size 4 at implant RVTN.
Filler gap of size 3 at implant RVTN.
Filler gap of size 7 at implant RVTN.
Filler gap of size 2 at implant RVTN.
Filler gap of size 6 at implant RVTN.
Filler gap of size 25 at implant RVTN.
Filler gap of size 2 at implant RVTN.
Filler gap of size 6 at implant RVTN.
Filler gap of size 11 at implant RVTN.
Filler gap of size 2 at implant RVTN.
Filler gap of size 16 at implant RVTN.
Filler gap of size 7 at implant RVTN.
Filler gap of size 2 at implant RVTN.
Filler gap of size 12 at implant RVTN.
Filler gap of size 4 at implant RVTN.
Filler gap of size 14 at implant RVTN.
Filler gap of size 9 at implant RVTN.
Filler gap of size 7 at implant RVTN.
Filler gap of size 5 at implant RVTN.
Filler gap of size 8 at implant RVTN.
Filler gap of size 3 at implant RVTN.
Filler gap of size 4 at implant RVTN.
Filler gap of size 2 at implant RVTN.
Filler gap of size 8 at implant RVTN.
Filler gap of size 4 at implant RVTN.
Filler gap of size 2 at implant RVTN.
Filler gap of size 9 at implant RVTN.
Filler gap of size 19 at implant RVTN.
Filler gap of size 9 at implant RVTN.
Filler gap of size 21 at implant RVTN.
Filler gap of size 4 at implant RVTN.
Filler gap of size 1 at implant RVTN.
Filler gap of size 2 at implant RVTN.
Filler gap of size 1 at implant RVTN.
Filler gap of size 1 at implant RVTN.
Filler gap of size 21 at implant RVTN.
Filler gap of size 2 at implant RVTN.
Filler gap of size 7 at implant RVTN.
Filler gap of size 176 at implant RVTN.
Filler gap of size 21 at implant RVTN.
Filler gap of size 1 at implant RVTN.
Filler gap of size 6 at implant RVTN.
Filler gap of size 8 at implant RVTN.
Filler gap of size 2 at implant RVTN.
Filler gap of size 3 at implant RVTN.
Filler gap of size 9 at implant RVTN.
Filler gap of size 2 at implant RVTN.
Filler gap of size 7 at implant RVTN.
Filler gap of size 9 at implant RVTN.
Filler gap of size 8 at implant RVTN.
Filler gap of size 1 at implant RVTN.
Filler gap of size 1 at implant RVTN.
Filler gap of size 7 at implant RVTN.
Filler gap of size 4 at implant RVTN.
Filler gap of size 16 at implant RVTN.
Filler gap of size 6 at implant RVTN.
Filler gap of size 5 at implant RVTN.
Filler gap of size 8 at implant RVTN.
Filler gap of size 3 at implant RVTN.
Filler gap of size 3 at implant RVTN.
Filler gap of size 3 at implant RVTN.
Filler gap of size 10 at implant RVTN.
Filler gap of size 3 at implant RVTN.
Filler gap of size 20 at implant RVTN.
Filler gap of size 5 at implant RVTN.
Filler gap of size 3 at implant RVTN.
Filler gap of size 8 at implant RVTN.
Filler gap of size 12 at implant RVTN.
Filler gap of size 12 at implant RVTN.
Filler gap of size 3 at implant RVTN.
Filler gap of size 2 at implant RVTN.
Filler gap of size 4 at implant RVTN.
Filler gap of size 5 at implant RVTN.
Filler gap of size 2 at implant RVTN.
Filler gap of size 8 at implant RVTN.
Filler gap of size 14 at implant RVTN.
Filler gap of size 16 at implant RVTN.
Filler gap of size 1 at implant RVTN.
Filler gap of size 8 at implant RVTN.
Filler gap of size 9 at implant RVTN.
Filler gap of size 5 at implant RVTN.
Filler gap of size 21 at implant RVTN.
Filler gap of size 5 at implant RVTN.
Filler gap of size 2 at implant RVTN.
Filler gap of size 7 at implant RVTN.
Filler gap of size 2 at implant RVTN.
Filler gap of size 3 at implant RVTN.
Filler gap of size 7 at implant RVTN.
Filler gap of size 11 at implant RVTN.
Filler gap of size 187 at implant RVTN.
Filler gap of size 13 at implant RVTN.
Filler gap of size 3 at implant RVTN.
Filler gap of size 2 at implant RVTN.
Filler gap of size 3 at implant RVTN.
Filler gap of size 2 at implant RVTN.
Filler gap of size 6 at implant RVTN.
Filler gap of size 1 at implant RVTN.
Filler gap of size 4 at implant RVTN.
Filler gap of size 5 at implant RVTN.
Filler gap of size 8 at implant RVTN.
Filler gap of size 3 at implant RVTN.
Filler gap of size 13 at implant RVTN.
Filler gap of size 5 at implant RVTN.
Filler gap of size 16 at implant RVTN.
Filler gap of size 7 at implant RVTN.
Filler gap of size 7 at implant RVTN.
Filler gap of size 12 at implant RVTN.
Filler gap of size 1 at implant RVTN.
Filler gap of size 9 at implant RVTN.
Filler gap of size 2 at implant RVTN.
Filler gap of size 1 at implant RVTN.
Filler gap of size 7 at implant RVTN.
Filler gap of size 16 at implant RVTN.
Filler gap of size 4 at implant RVTN.
Filler gap of size 1 at implant RVTN.
Filler gap of size 9 at implant RVTN.
Filler gap of size 5 at implant RVTN.
Filler gap of size 3 at implant RVTN.
Filler gap of size 20 at implant RVTN.
Filler gap of size 3 at implant RVTN.
Filler gap of size 14 at implant RVTN.
Filler gap of size 16 at implant RVTN.
Filler gap of size 7 at implant RVTN.
Filler gap of size 27 at implant RVTN.
Filler gap of size 9 at implant RVTN.
Filler gap of size 6 at implant RVTN.
Filler gap of size 2 at implant RVTN.
Filler gap of size 17 at implant RVTN.
Filler gap of size 5 at implant RVTN.
Filler gap of size 18 at implant RVTN.
Filler gap of size 4 at implant RVTN.
Filler gap of size 3 at implant RVTN.
Filler gap of size 5 at implant RVTN.
Filler gap of size 10 at implant RVTN.
Filler gap of size 16 at implant RVTN.
Filler gap of size 7 at implant RVTN.
Filler gap of size 1 at implant RVTN.
Filler gap of size 1 at implant RVTN.
Filler gap of size 188 at implant RVTN.
Filler gap of size 17 at implant RVTN.
Filler gap of size 3 at implant RVTN.
Filler gap of size 5 at implant RVTN.
Filler gap of size 8 at implant RVTN.
Filler gap of size 4 at implant RVTN.
Filler gap of size 6 at implant RVTN.
Filler gap of size 21 at implant RVTN.
Filler gap of size 6 at implant RVTN.
Filler gap of size 4 at implant RVTN.
Filler gap of size 9 at implant RVTN.
Filler gap of size 1 at implant RVTN.
Filler gap of size 21 at implant RVTN.
Filler gap of size 1 at implant RVTN.
Filler gap of size 3 at implant RVTN.
Filler gap of size 4 at implant RVTN.
Filler gap of size 9 at implant RVTN.
Filler gap of size 6 at implant RVTN.
Filler gap of size 1 at implant RVTN.
Filler gap of size 4 at implant RVTN.
Filler gap of size 2 at implant RVTN.
Filler gap of size 6 at implant RVTN.
Filler gap of size 19 at implant RVTN.
Filler gap of size 3 at implant RVTN.
Filler gap of size 6 at implant RVTN.
Filler gap of size 1 at implant RVTN.
Filler gap of size 1 at implant RVTN.
Filler gap of size 18 at implant RVTN.
Filler gap of size 7 at implant RVTN.
Filler gap of size 4 at implant RVTN.
Filler gap of size 2 at implant RVTN.
Filler gap of size 6 at implant RVTN.
Filler gap of size 28 at implant RVTN.
Filler gap of size 14 at implant RVTN.
Filler gap of size 10 at implant RVTN.
Filler gap of size 8 at implant RVTN.
Filler gap of size 23 at implant RVTN.
Filler gap of size 2 at implant RVTN.
Filler gap of size 8 at implant RVTN.
Filler gap of size 7 at implant RVTN.
Filler gap of size 1 at implant RVTN.
Filler gap of size 3 at implant RVTN.
Filler gap of size 4 at implant RVTN.
Filler gap of size 4 at implant RVTN.
Filler gap of size 3 at implant RVTN.
Filler gap of size 4 at implant RVTN.
Filler gap of size 3 at implant RVTN.
Filler gap of size 6 at implant RVTN.
Filler gap of size 4 at implant RVTN.
Filler gap of size 2 at implant RVTN.
Filler gap of size 181 at implant RVTN.
Filler gap of size 2 at implant RVTN.
Filler gap of size 43 at implant RVTN.
Filler gap of size 5 at implant RVTN.
Filler gap of size 8 at implant RVTN.
Filler gap of size 3 at implant RVTN.
Filler gap of size 4 at implant RVTN.
Filler gap of size 7 at implant RVTN.
Filler gap of size 11 at implant RVTN.
Filler gap of size 2 at implant RVTN.
Filler gap of size 1 at implant RVTN.
Filler gap of size 11 at implant RVTN.
Filler gap of size 6 at implant RVTN.
Filler gap of size 2 at implant RVTN.
Filler gap of size 13 at implant RVTN.
Filler gap of size 1 at implant RVTN.
Filler gap of size 3 at implant RVTN.
Filler gap of size 7 at implant RVTN.
Filler gap of size 5 at implant RVTN.
Filler gap of size 3 at implant RVTN.
Filler gap of size 7 at implant RVTN.
Filler gap of size 5 at implant RVTN.
Filler gap of size 4 at implant RVTN.
Filler gap of size 12 at implant RVTN.
Filler gap of size 6 at implant RVTN.
Filler gap of size 6 at implant RVTN.
Filler gap of size 4 at implant RVTN.
Filler gap of size 2 at implant RVTN.
Filler gap of size 13 at implant RVTN.
Filler gap of size 2 at implant RVTN.
Filler gap of size 1 at implant RVTN.
Filler gap of size 2 at implant RVTN.
Filler gap of size 2 at implant RVTN.
Filler gap of size 3 at implant RVTN.
Filler gap of size 2 at implant RVTN.
Filler gap of size 4 at implant RVTN.
Filler gap of size 20 at implant RVTN.
Filler gap of size 2 at implant RVTN.
Filler gap of size 26 at implant RVTN.
Filler gap of size 12 at implant RVTN.
Filler gap of size 5 at implant RVTN.
Filler gap of size 1 at implant RVTN.
Filler gap of size 4 at implant RVTN.
Filler gap of size 13 at implant RVTN.
Filler gap of size 2 at implant RVTN.
Filler gap of size 5 at implant RVTN.
Filler gap of size 4 at implant RVTN.
Filler gap of size 23 at implant RVTN.
Filler gap of size 3 at implant RVTN.
Filler gap of size 4 at implant RVTN.
Filler gap of size 8 at implant RVTN.
Filler gap of size 2 at implant RVTN.
Filler gap of size 4 at implant RVTN.
Filler gap of size 2 at implant RVTN.
Filler gap of size 13 at implant RVTN.
Filler gap of size 3 at implant RVTN.
Filler gap of size 181 at implant RVTN.
Filler gap of size 27 at implant RVTN.
Filler gap of size 3 at implant RVTN.
Filler gap of size 12 at implant RVTN.
Filler gap of size 1 at implant RVTN.
Filler gap of size 1 at implant RVTN.
Filler gap of size 2 at implant RVTN.
Filler gap of size 3 at implant RVTN.
Filler gap of size 12 at implant RVTN.
Filler gap of size 4 at implant RVTN.
Filler gap of size 6 at implant RVTN.
Filler gap of size 18 at implant RVTN.
Filler gap of size 10 at implant RVTN.
Filler gap of size 1 at implant RVTN.
Filler gap of size 4 at implant RVTN.
Filler gap of size 7 at implant RVTN.
Filler gap of size 3 at implant RVTN.
Filler gap of size 3 at implant RVTN.
Filler gap of size 2 at implant RVTN.
Filler gap of size 1 at implant RVTN.
Filler gap of size 5 at implant RVTN.
Filler gap of size 11 at implant RVTN.
Filler gap of size 2 at implant RVTN.
Filler gap of size 6 at implant RVTN.
Filler gap of size 4 at implant RVTN.
Filler gap of size 4 at implant RVTN.
Filler gap of size 2 at implant RVTN.
Filler gap of size 1 at implant RVTN.
Filler gap of size 11 at implant RVTN.
Filler gap of size 40 at implant RVTN.
Filler gap of size 2 at implant RVTN.
Filler gap of size 31 at implant RVTN.
Filler gap of size 5 at implant RVTN.
Filler gap of size 5 at implant RVTN.
Filler gap of size 6 at implant RVTN.
Filler gap of size 4 at implant RVTN.
Filler gap of size 1 at implant RVTN.
Filler gap of size 5 at implant RVTN.
Filler gap of size 5 at implant RVTN.
Filler gap of size 18 at implant RVTN.
Filler gap of size 6 at implant RVTN.
Filler gap of size 7 at implant RVTN.
Filler gap of size 6 at implant RVTN.
Filler gap of size 4 at implant RVTN.
Filler gap of size 3 at implant RVTN.
Filler gap of size 1 at implant RVTN.
Filler gap of size 8 at implant RVTN.
Filler gap of size 19 at implant RVTN.
Filler gap of size 6 at implant RVTN.
Filler gap of size 12 at implant RVTN.
Filler gap of size 181 at implant RVTN.
Filler gap of size 24 at implant RVTN.
Filler gap of size 1 at implant RVTN.
Filler gap of size 3 at implant RVTN.
Filler gap of size 1 at implant RVTN.
Filler gap of size 8 at implant RVTN.
Filler gap of size 1 at implant RVTN.
Filler gap of size 1 at implant RVTN.
Filler gap of size 7 at implant RVTN.
Filler gap of size 3 at implant RVTN.
Filler gap of size 5 at implant RVTN.
Filler gap of size 10 at implant RVTN.
Filler gap of size 1 at implant RVTN.
Filler gap of size 3 at implant RVTN.
Filler gap of size 1 at implant RVTN.
Filler gap of size 1 at implant RVTN.
Filler gap of size 5 at implant RVTN.
Filler gap of size 6 at implant RVTN.
Filler gap of size 1 at implant RVTN.
Filler gap of size 4 at implant RVTN.
Filler gap of size 2 at implant RVTN.
Filler gap of size 2 at implant RVTN.
Filler gap of size 6 at implant RVTN.
Filler gap of size 5 at implant RVTN.
Filler gap of size 2 at implant RVTN.
Filler gap of size 1 at implant RVTN.
Filler gap of size 5 at implant RVTN.
Filler gap of size 1 at implant RVTN.
Filler gap of size 1 at implant RVTN.
Filler gap of size 6 at implant RVTN.
Filler gap of size 4 at implant RVTN.
Filler gap of size 3 at implant RVTN.
Filler gap of size 6 at implant RVTN.
Filler gap of size 8 at implant RVTN.
Filler gap of size 5 at implant RVTN.
Filler gap of size 17 at implant RVTN.
Filler gap of size 6 at implant RVTN.
Filler gap of size 16 at implant RVTN.
Filler gap of size 17 at implant RVTN.
Filler gap of size 5 at implant RVTN.
Filler gap of size 5 at implant RVTN.
Filler gap of size 4 at implant RVTN.
Filler gap of size 4 at implant RVTN.
Filler gap of size 7 at implant RVTN.
Filler gap of size 9 at implant RVTN.
Filler gap of size 7 at implant RVTN.
Filler gap of size 4 at implant RVTN.
Filler gap of size 1 at implant RVTN.
Filler gap of size 10 at implant RVTN.
Filler gap of size 3 at implant RVTN.
Filler gap of size 1 at implant RVTN.
Filler gap of size 5 at implant RVTN.
Filler gap of size 4 at implant RVTN.
Filler gap of size 5 at implant RVTN.
Filler gap of size 1 at implant RVTN.
Filler gap of size 169 at implant RVTN.
Filler gap of size 27 at implant RVTN.
Filler gap of size 7 at implant RVTN.
Filler gap of size 9 at implant RVTN.
Filler gap of size 2 at implant RVTN.
Filler gap of size 11 at implant RVTN.
Filler gap of size 3 at implant RVTN.
Filler gap of size 2 at implant RVTN.
Filler gap of size 15 at implant RVTN.
Filler gap of size 10 at implant RVTN.
Filler gap of size 1 at implant RVTN.
Filler gap of size 6 at implant RVTN.
Filler gap of size 8 at implant RVTN.
Filler gap of size 2 at implant RVTN.
Filler gap of size 4 at implant RVTN.
Filler gap of size 14 at implant RVTN.
Filler gap of size 16 at implant RVTN.
Filler gap of size 2 at implant RVTN.
Filler gap of size 2 at implant RVTN.
Filler gap of size 2 at implant RVTN.
Filler gap of size 1 at implant RVTN.
Filler gap of size 5 at implant RVTN.
Filler gap of size 6 at implant RVTN.
Filler gap of size 1 at implant RVTN.
Filler gap of size 11 at implant RVTN.
Filler gap of size 1 at implant RVTN.
Filler gap of size 6 at implant RVTN.
Filler gap of size 1 at implant RVTN.
Filler gap of size 2 at implant RVTN.
Filler gap of size 2 at implant RVTN.
Filler gap of size 1 at implant RVTN.
Filler gap of size 10 at implant RVTN.
Filler gap of size 1 at implant RVTN.
Filler gap of size 8 at implant RVTN.
Filler gap of size 13 at implant RVTN.
Filler gap of size 3 at implant RVTN.
Filler gap of size 7 at implant RVTN.
Filler gap of size 1 at implant RVTN.
Filler gap of size 3 at implant RVTN.
Filler gap of size 4 at implant RVTN.
Filler gap of size 1 at implant RVTN.
Filler gap of size 3 at implant RVTN.
Filler gap of size 1 at implant RVTN.
Filler gap of size 2 at implant RVTN.
Filler gap of size 4 at implant RVTN.
Filler gap of size 16 at implant RVTN.
Filler gap of size 5 at implant RVTN.
Filler gap of size 2 at implant RVTN.
Filler gap of size 1 at implant RVTN.
Filler gap of size 1 at implant RVTN.
Filler gap of size 1 at implant RVTN.
Filler gap of size 2 at implant RVTN.
Filler gap of size 6 at implant RVTN.
Filler gap of size 162 at implant RVTN.
Filler gap of size 27 at implant RVTN.
Filler gap of size 1 at implant RVTN.
Filler gap of size 1 at implant RVTN.
Filler gap of size 11 at implant RVTN.
Filler gap of size 4 at implant RVTN.
Filler gap of size 7 at implant RVTN.
Filler gap of size 6 at implant RVTN.
Filler gap of size 10 at implant RVTN.
Filler gap of size 7 at implant RVTN.
Filler gap of size 7 at implant RVTN.
Filler gap of size 17 at implant RVTN.
Filler gap of size 11 at implant RVTN.
Filler gap of size 6 at implant RVTN.
Filler gap of size 2 at implant RVTN.
Filler gap of size 6 at implant RVTN.
Filler gap of size 5 at implant RVTN.
Filler gap of size 13 at implant RVTN.
Filler gap of size 9 at implant RVTN.
Filler gap of size 20 at implant RVTN.
Filler gap of size 1 at implant RVTN.
Filler gap of size 3 at implant RVTN.
Filler gap of size 1 at implant RVTN.
Filler gap of size 8 at implant RVTN.
Filler gap of size 7 at implant RVTN.
Filler gap of size 5 at implant RVTN.
Filler gap of size 2 at implant RVTN.
Filler gap of size 1 at implant RVTN.
Filler gap of size 1 at implant RVTN.
Filler gap of size 4 at implant RVTN.
Filler gap of size 3 at implant RVTN.
Filler gap of size 10 at implant RVTN.
Filler gap of size 3 at implant RVTN.
Filler gap of size 2 at implant RVTN.
Filler gap of size 21 at implant RVTN.
Filler gap of size 4 at implant RVTN.
Filler gap of size 3 at implant RVTN.
Filler gap of size 7 at implant RVTN.
Filler gap of size 4 at implant RVTN.
Filler gap of size 13 at implant RVTN.
Filler gap of size 5 at implant RVTN.
Filler gap of size 7 at implant RVTN.
Filler gap of size 1 at implant RVTN.
Filler gap of size 18 at implant RVTN.
Filler gap of size 9 at implant RVTN.
Filler gap of size 9 at implant RVTN.
Filler gap of size 2 at implant RVTN.
Filler gap of size 4 at implant RVTN.
Filler gap of size 7 at implant RVTN.
Filler gap of size 6 at implant RVTN.
Filler gap of size 3 at implant RVTN.
Filler gap of size 15 at implant RVTN.
Filler gap of size 1 at implant RVTN.
Filler gap of size 3 at implant RVTN.
Filler gap of size 3 at implant RVTN.
Filler gap of size 2 at implant RVTN.
Filler gap of size 8 at implant RVTN.
Filler gap of size 1 at implant RVTN.
Filler gap of size 168 at implant RVTN.
Filler gap of size 22 at implant RVTN.
Filler gap of size 9 at implant RVTN.
Filler gap of size 7 at implant RVTN.
Filler gap of size 12 at implant RVTN.
Filler gap of size 19 at implant RVTN.
Filler gap of size 3 at implant RVTN.
Filler gap of size 10 at implant RVTN.
Filler gap of size 5 at implant RVTN.
Filler gap of size 1 at implant RVTN.
Filler gap of size 18 at implant RVTN.
Filler gap of size 10 at implant RVTN.
Filler gap of size 1 at implant RVTN.
Filler gap of size 1 at implant RVTN.
Filler gap of size 7 at implant RVTN.
Filler gap of size 5 at implant RVTN.
Filler gap of size 7 at implant RVTN.
Filler gap of size 1 at implant RVTN.
Filler gap of size 3 at implant RVTN.
Filler gap of size 2 at implant RVTN.
Filler gap of size 7 at implant RVTN.
Filler gap of size 4 at implant RVTN.
Filler gap of size 2 at implant RVTN.
Filler gap of size 1 at implant RVTN.
Filler gap of size 1 at implant RVTN.
Filler gap of size 1 at implant RVTN.
Filler gap of size 10 at implant RVTN.
Filler gap of size 11 at implant RVTN.
Filler gap of size 10 at implant RVTN.
Filler gap of size 5 at implant RVTN.
Filler gap of size 4 at implant RVTN.
Filler gap of size 6 at implant RVTN.
Filler gap of size 32 at implant RVTN.
Filler gap of size 2 at implant RVTN.
Filler gap of size 5 at implant RVTN.
Filler gap of size 1 at implant RVTN.
Filler gap of size 29 at implant RVTN.
Filler gap of size 1 at implant RVTN.
Filler gap of size 3 at implant RVTN.
Filler gap of size 3 at implant RVTN.
Filler gap of size 3 at implant RVTN.
Filler gap of size 1 at implant RVTN.
Filler gap of size 5 at implant RVTN.
Filler gap of size 12 at implant RVTN.
Filler gap of size 5 at implant RVTN.
Filler gap of size 7 at implant RVTN.
Filler gap of size 12 at implant RVTN.
Filler gap of size 15 at implant RVTN.
Filler gap of size 10 at implant RVTN.
Filler gap of size 171 at implant RVTN.
Filler gap of size 31 at implant RVTN.
Filler gap of size 2 at implant RVTN.
Filler gap of size 5 at implant RVTN.
Filler gap of size 12 at implant RVTN.
Filler gap of size 5 at implant RVTN.
Filler gap of size 1 at implant RVTN.
Filler gap of size 1 at implant RVTN.
Filler gap of size 2 at implant RVTN.
Filler gap of size 5 at implant RVTN.
Filler gap of size 5 at implant RVTN.
Filler gap of size 25 at implant RVTN.
Filler gap of size 3 at implant RVTN.
Filler gap of size 1 at implant RVTN.
Filler gap of size 10 at implant RVTN.
Filler gap of size 4 at implant RVTN.
Filler gap of size 2 at implant RVTN.
Filler gap of size 1 at implant RVTN.
Filler gap of size 10 at implant RVTN.
Filler gap of size 5 at implant RVTN.
Filler gap of size 1 at implant RVTN.
Filler gap of size 10 at implant RVTN.
Filler gap of size 11 at implant RVTN.
Filler gap of size 6 at implant RVTN.
Filler gap of size 6 at implant RVTN.
Filler gap of size 1 at implant RVTN.
Filler gap of size 4 at implant RVTN.
Filler gap of size 5 at implant RVTN.
Filler gap of size 3 at implant RVTN.
Filler gap of size 5 at implant RVTN.
Filler gap of size 4 at implant RVTN.
Filler gap of size 5 at implant RVTN.
Filler gap of size 2 at implant RVTN.
Filler gap of size 2 at implant RVTN.
Filler gap of size 12 at implant RVTN.
Filler gap of size 12 at implant RVTN.
Filler gap of size 8 at implant RVTN.
Filler gap of size 1 at implant RVTN.
Filler gap of size 22 at implant RVTN.
Filler gap of size 2 at implant RVTN.
Filler gap of size 5 at implant RVTN.
Filler gap of size 7 at implant RVTN.
Filler gap of size 2 at implant RVTN.
Filler gap of size 3 at implant RVTN.
Filler gap of size 3 at implant RVTN.
Filler gap of size 1 at implant RVTN.
Filler gap of size 4 at implant RVTN.
Filler gap of size 7 at implant RVTN.
Filler gap of size 16 at implant RVTN.
Filler gap of size 2 at implant RVTN.
Filler gap of size 1 at implant RVTN.
Filler gap of size 3 at implant RVTN.
Filler gap of size 9 at implant RVTN.
Filler gap of size 5 at implant RVTN.
Filler gap of size 4 at implant RVTN.
Filler gap of size 6 at implant RVTN.
Filler gap of size 6 at implant RVTN.
Filler gap of size 171 at implant RVTN.
Filler gap of size 38 at implant RVTN.
Filler gap of size 1 at implant RVTN.
Filler gap of size 10 at implant RVTN.
Filler gap of size 6 at implant RVTN.
Filler gap of size 9 at implant RVTN.
Filler gap of size 8 at implant RVTN.
Filler gap of size 1 at implant RVTN.
Filler gap of size 5 at implant RVTN.
Filler gap of size 5 at implant RVTN.
Filler gap of size 19 at implant RVTN.
Filler gap of size 4 at implant RVTN.
Filler gap of size 5 at implant RVTN.
Filler gap of size 8 at implant RVTN.
Filler gap of size 4 at implant RVTN.
Filler gap of size 15 at implant RVTN.
Filler gap of size 5 at implant RVTN.
Filler gap of size 18 at implant RVTN.
Filler gap of size 7 at implant RVTN.
Filler gap of size 25 at implant RVTN.
Filler gap of size 4 at implant RVTN.
Filler gap of size 21 at implant RVTN.
Filler gap of size 1 at implant RVTN.
Filler gap of size 3 at implant RVTN.
Filler gap of size 3 at implant RVTN.
Filler gap of size 6 at implant RVTN.
Filler gap of size 1 at implant RVTN.
Filler gap of size 2 at implant RVTN.
Filler gap of size 6 at implant RVTN.
Filler gap of size 28 at implant RVTN.
Filler gap of size 17 at implant RVTN.
Filler gap of size 5 at implant RVTN.
Filler gap of size 1 at implant RVTN.
Filler gap of size 7 at implant RVTN.
Filler gap of size 9 at implant RVTN.
Filler gap of size 13 at implant RVTN.
Filler gap of size 1 at implant RVTN.
Filler gap of size 4 at implant RVTN.
Filler gap of size 4 at implant RVTN.
Filler gap of size 5 at implant RVTN.
Filler gap of size 12 at implant RVTN.
Filler gap of size 7 at implant RVTN.
Filler gap of size 5 at implant RVTN.
Filler gap of size 9 at implant RVTN.
Filler gap of size 6 at implant RVTN.
Filler gap of size 5 at implant RVTN.
Filler gap of size 6 at implant RVTN.
Filler gap of size 3 at implant RVTN.
Filler gap of size 8 at implant RVTN.
Filler gap of size 3 at implant RVTN.
Filler gap of size 5 at implant RVTN.
Filler gap of size 7 at implant RVTN.
Filler gap of size 1 at implant RVTN.
Filler gap of size 2 at implant RVTN.
Filler gap of size 154 at implant RVTN.
Filler gap of size 35 at implant RVTN.
Filler gap of size 5 at implant RVTN.
Filler gap of size 3 at implant RVTN.
Filler gap of size 4 at implant RVTN.
Filler gap of size 5 at implant RVTN.
Filler gap of size 20 at implant RVTN.
Filler gap of size 14 at implant RVTN.
Filler gap of size 7 at implant RVTN.
Filler gap of size 2 at implant RVTN.
Filler gap of size 1 at implant RVTN.
Filler gap of size 1 at implant RVTN.
Filler gap of size 2 at implant RVTN.
Filler gap of size 12 at implant RVTN.
Filler gap of size 3 at implant RVTN.
Filler gap of size 3 at implant RVTN.
Filler gap of size 2 at implant RVTN.
Filler gap of size 10 at implant RVTN.
Filler gap of size 5 at implant RVTN.
Filler gap of size 14 at implant RVTN.
Filler gap of size 5 at implant RVTN.
Filler gap of size 2 at implant RVTN.
Filler gap of size 17 at implant RVTN.
Filler gap of size 9 at implant RVTN.
Filler gap of size 19 at implant RVTN.
Filler gap of size 1 at implant RVTN.
Filler gap of size 5 at implant RVTN.
Filler gap of size 7 at implant RVTN.
Filler gap of size 22 at implant RVTN.
Filler gap of size 25 at implant RVTN.
Filler gap of size 11 at implant RVTN.
Filler gap of size 2 at implant RVTN.
Filler gap of size 2 at implant RVTN.
Filler gap of size 1 at implant RVTN.
Filler gap of size 1 at implant RVTN.
Filler gap of size 9 at implant RVTN.
Filler gap of size 7 at implant RVTN.
Filler gap of size 3 at implant RVTN.
Filler gap of size 4 at implant RVTN.
Filler gap of size 1 at implant RVTN.
Filler gap of size 1 at implant RVTN.
Filler gap of size 3 at implant RVTN.
Filler gap of size 2 at implant RVTN.
Filler gap of size 6 at implant RVTN.
Filler gap of size 4 at implant RVTN.
Filler gap of size 1 at implant RVTN.
Filler gap of size 5 at implant RVTN.
Filler gap of size 4 at implant RVTN.
Filler gap of size 5 at implant RVTN.
Filler gap of size 1 at implant RVTN.
Filler gap of size 6 at implant RVTN.
Filler gap of size 5 at implant RVTN.
Filler gap of size 1 at implant RVTN.
Filler gap of size 8 at implant RVTN.
Filler gap of size 10 at implant RVTN.
Filler gap of size 2 at implant RVTN.
Filler gap of size 173 at implant RVTN.
Filler gap of size 44 at implant RVTN.
Filler gap of size 6 at implant RVTN.
Filler gap of size 3 at implant RVTN.
Filler gap of size 4 at implant RVTN.
Filler gap of size 15 at implant RVTN.
Filler gap of size 12 at implant RVTN.
Filler gap of size 1 at implant RVTN.
Filler gap of size 7 at implant RVTN.
Filler gap of size 1 at implant RVTN.
Filler gap of size 6 at implant RVTN.
Filler gap of size 2 at implant RVTN.
Filler gap of size 13 at implant RVTN.
Filler gap of size 6 at implant RVTN.
Filler gap of size 2 at implant RVTN.
Filler gap of size 2 at implant RVTN.
Filler gap of size 3 at implant RVTN.
Filler gap of size 3 at implant RVTN.
Filler gap of size 9 at implant RVTN.
Filler gap of size 8 at implant RVTN.
Filler gap of size 4 at implant RVTN.
Filler gap of size 9 at implant RVTN.
Filler gap of size 1 at implant RVTN.
Filler gap of size 22 at implant RVTN.
Filler gap of size 5 at implant RVTN.
Filler gap of size 1 at implant RVTN.
Filler gap of size 10 at implant RVTN.
Filler gap of size 25 at implant RVTN.
Filler gap of size 1 at implant RVTN.
Filler gap of size 1 at implant RVTN.
Filler gap of size 2 at implant RVTN.
Filler gap of size 4 at implant RVTN.
Filler gap of size 2 at implant RVTN.
Filler gap of size 1 at implant RVTN.
Filler gap of size 6 at implant RVTN.
Filler gap of size 1 at implant RVTN.
Filler gap of size 17 at implant RVTN.
Filler gap of size 2 at implant RVTN.
Filler gap of size 5 at implant RVTN.
Filler gap of size 11 at implant RVTN.
Filler gap of size 2 at implant RVTN.
Filler gap of size 2 at implant RVTN.
Filler gap of size 2 at implant RVTN.
Filler gap of size 8 at implant RVTN.
Filler gap of size 2 at implant RVTN.
Filler gap of size 19 at implant RVTN.
Filler gap of size 13 at implant RVTN.
Filler gap of size 1 at implant RVTN.
Filler gap of size 5 at implant RVTN.
Filler gap of size 2 at implant RVTN.
Filler gap of size 2 at implant RVTN.
Filler gap of size 168 at implant RVTN.
Filler gap of size 48 at implant RVTN.
Filler gap of size 11 at implant RVTN.
Filler gap of size 5 at implant RVTN.
Filler gap of size 3 at implant RVTN.
Filler gap of size 1 at implant RVTN.
Filler gap of size 1 at implant RVTN.
Filler gap of size 23 at implant RVTN.
Filler gap of size 16 at implant RVTN.
Filler gap of size 2 at implant RVTN.
Filler gap of size 23 at implant RVTN.
Filler gap of size 6 at implant RVTN.
Filler gap of size 2 at implant RVTN.
Filler gap of size 1 at implant RVTN.
Filler gap of size 6 at implant RVTN.
Filler gap of size 1 at implant RVTN.
Filler gap of size 15 at implant RVTN.
Filler gap of size 6 at implant RVTN.
Filler gap of size 3 at implant RVTN.
Filler gap of size 1 at implant RVTN.
Filler gap of size 3 at implant RVTN.
Filler gap of size 9 at implant RVTN.
Filler gap of size 3 at implant RVTN.
Filler gap of size 1 at implant RVTN.
Filler gap of size 13 at implant RVTN.
Filler gap of size 1 at implant RVTN.
Filler gap of size 1 at implant RVTN.
Filler gap of size 5 at implant RVTN.
Filler gap of size 2 at implant RVTN.
Filler gap of size 11 at implant RVTN.
Filler gap of size 2 at implant RVTN.
Filler gap of size 3 at implant RVTN.
Filler gap of size 4 at implant RVTN.
Filler gap of size 14 at implant RVTN.
Filler gap of size 11 at implant RVTN.
Filler gap of size 10 at implant RVTN.
Filler gap of size 17 at implant RVTN.
Filler gap of size 7 at implant RVTN.
Filler gap of size 5 at implant RVTN.
Filler gap of size 1 at implant RVTN.
Filler gap of size 2 at implant RVTN.
Filler gap of size 3 at implant RVTN.
Filler gap of size 1 at implant RVTN.
Filler gap of size 7 at implant RVTN.
Filler gap of size 5 at implant RVTN.
Filler gap of size 5 at implant RVTN.
Filler gap of size 6 at implant RVTN.
Filler gap of size 2 at implant RVTN.
Filler gap of size 1 at implant RVTN.
Filler gap of size 4 at implant RVTN.
Filler gap of size 162 at implant RVTN.
Filler gap of size 4 at implant RVTN.
Filler gap of size 58 at implant RVTN.
Filler gap of size 17 at implant RVTN.
Filler gap of size 2 at implant RVTN.
Filler gap of size 12 at implant RVTN.
Filler gap of size 16 at implant RVTN.
Filler gap of size 1 at implant RVTN.
Filler gap of size 24 at implant RVTN.
Filler gap of size 6 at implant RVTN.
Filler gap of size 1 at implant RVTN.
Filler gap of size 3 at implant RVTN.
Filler gap of size 1 at implant RVTN.
Filler gap of size 5 at implant RVTN.
Filler gap of size 6 at implant RVTN.
Filler gap of size 9 at implant RVTN.
Filler gap of size 3 at implant RVTN.
Filler gap of size 1 at implant RVTN.
Filler gap of size 11 at implant RVTN.
Filler gap of size 9 at implant RVTN.
Filler gap of size 10 at implant RVTN.
Filler gap of size 10 at implant RVTN.
Filler gap of size 11 at implant RVTN.
Filler gap of size 10 at implant RVTN.
Filler gap of size 13 at implant RVTN.
Filler gap of size 7 at implant RVTN.
Filler gap of size 13 at implant RVTN.
Filler gap of size 14 at implant RVTN.
Filler gap of size 7 at implant RVTN.
Filler gap of size 12 at implant RVTN.
Filler gap of size 4 at implant RVTN.
Filler gap of size 2 at implant RVTN.
Filler gap of size 10 at implant RVTN.
Filler gap of size 10 at implant RVTN.
Filler gap of size 5 at implant RVTN.
Filler gap of size 1 at implant RVTN.
Filler gap of size 9 at implant RVTN.
Filler gap of size 2 at implant RVTN.
Filler gap of size 2 at implant RVTN.
Filler gap of size 5 at implant RVTN.
Filler gap of size 3 at implant RVTN.
Filler gap of size 3 at implant RVTN.
Filler gap of size 5 at implant RVTN.
Filler gap of size 1 at implant RVTN.
Filler gap of size 5 at implant RVTN.
Filler gap of size 11 at implant RVTN.
Filler gap of size 9 at implant RVTN.
Filler gap of size 4 at implant RVTN.
Filler gap of size 164 at implant RVTN.
Filler gap of size 152 at implant RVTN.
Filler gap of size 57 at implant RVTN.
Filler gap of size 11 at implant RVTN.
Filler gap of size 2 at implant RVTN.
Filler gap of size 2 at implant RVTN.
Filler gap of size 3 at implant RVTN.
Filler gap of size 9 at implant RVTN.
Filler gap of size 1 at implant RVTN.
Filler gap of size 5 at implant RVTN.
Filler gap of size 3 at implant RVTN.
Filler gap of size 14 at implant RVTN.
Filler gap of size 4 at implant RVTN.
Filler gap of size 3 at implant RVTN.
Filler gap of size 7 at implant RVTN.
Filler gap of size 8 at implant RVTN.
Filler gap of size 17 at implant RVTN.
Filler gap of size 6 at implant RVTN.
Filler gap of size 1 at implant RVTN.
Filler gap of size 5 at implant RVTN.
Filler gap of size 13 at implant RVTN.
Filler gap of size 4 at implant RVTN.
Filler gap of size 6 at implant RVTN.
Filler gap of size 4 at implant RVTN.
Filler gap of size 3 at implant RVTN.
Filler gap of size 3 at implant RVTN.
Filler gap of size 6 at implant RVTN.
Filler gap of size 6 at implant RVTN.
Filler gap of size 2 at implant RVTN.
Filler gap of size 2 at implant RVTN.
Filler gap of size 4 at implant RVTN.
Filler gap of size 4 at implant RVTN.
Filler gap of size 6 at implant RVTN.
Filler gap of size 3 at implant RVTN.
Filler gap of size 1 at implant RVTN.
Filler gap of size 5 at implant RVTN.
Filler gap of size 3 at implant RVTN.
Filler gap of size 1 at implant RVTN.
Filler gap of size 2 at implant RVTN.
Filler gap of size 6 at implant RVTN.
Filler gap of size 10 at implant RVTN.
Filler gap of size 9 at implant RVTN.
Filler gap of size 12 at implant RVTN.
Filler gap of size 5 at implant RVTN.
Filler gap of size 4 at implant RVTN.
Filler gap of size 13 at implant RVTN.
Filler gap of size 7 at implant RVTN.
Filler gap of size 6 at implant RVTN.
Filler gap of size 164 at implant RVTN.
Filler gap of size 2 at implant RVTN.
Filler gap of size 149 at implant RVTN.
Filler gap of size 29 at implant RVTN.
Filler gap of size 19 at implant RVTN.
Filler gap of size 5 at implant RVTN.
Filler gap of size 3 at implant RVTN.
Filler gap of size 9 at implant RVTN.
Filler gap of size 7 at implant RVTN.
Filler gap of size 1 at implant RVTN.
Filler gap of size 7 at implant RVTN.
Filler gap of size 2 at implant RVTN.
Filler gap of size 7 at implant RVTN.
Filler gap of size 12 at implant RVTN.
Filler gap of size 3 at implant RVTN.
Filler gap of size 4 at implant RVTN.
Filler gap of size 19 at implant RVTN.
Filler gap of size 9 at implant RVTN.
Filler gap of size 11 at implant RVTN.
Filler gap of size 2 at implant RVTN.
Filler gap of size 19 at implant RVTN.
Filler gap of size 6 at implant RVTN.
Filler gap of size 8 at implant RVTN.
Filler gap of size 3 at implant RVTN.
Filler gap of size 3 at implant RVTN.
Filler gap of size 5 at implant RVTN.
Filler gap of size 2 at implant RVTN.
Filler gap of size 3 at implant RVTN.
Filler gap of size 6 at implant RVTN.
Filler gap of size 2 at implant RVTN.
Filler gap of size 3 at implant RVTN.
Filler gap of size 5 at implant RVTN.
Filler gap of size 10 at implant RVTN.
Filler gap of size 4 at implant RVTN.
Filler gap of size 5 at implant RVTN.
Filler gap of size 1 at implant RVTN.
Filler gap of size 1 at implant RVTN.
Filler gap of size 13 at implant RVTN.
Filler gap of size 2 at implant RVTN.
Filler gap of size 2 at implant RVTN.
Filler gap of size 15 at implant RVTN.
Filler gap of size 2 at implant RVTN.
Filler gap of size 7 at implant RVTN.
Filler gap of size 11 at implant RVTN.
Filler gap of size 1 at implant RVTN.
Filler gap of size 3 at implant RVTN.
Filler gap of size 4 at implant RVTN.
Filler gap of size 19 at implant RVTN.
Filler gap of size 160 at implant RVTN.
Filler gap of size 171 at implant RVTN.
Filler gap of size 7 at implant RVTN.
Filler gap of size 1 at implant RVTN.
Filler gap of size 8 at implant RVTN.
Filler gap of size 10 at implant RVTN.
Filler gap of size 11 at implant RVTN.
Filler gap of size 1 at implant RVTN.
Filler gap of size 10 at implant RVTN.
Filler gap of size 4 at implant RVTN.
Filler gap of size 1 at implant RVTN.
Filler gap of size 3 at implant RVTN.
Filler gap of size 6 at implant RVTN.
Filler gap of size 10 at implant RVTN.
Filler gap of size 1 at implant RVTN.
Filler gap of size 20 at implant RVTN.
Filler gap of size 14 at implant RVTN.
Filler gap of size 14 at implant RVTN.
Filler gap of size 9 at implant RVTN.
Filler gap of size 8 at implant RVTN.
Filler gap of size 6 at implant RVTN.
Filler gap of size 2 at implant RVTN.
Filler gap of size 1 at implant RVTN.
Filler gap of size 8 at implant RVTN.
Filler gap of size 3 at implant RVTN.
Filler gap of size 1 at implant RVTN.
Filler gap of size 10 at implant RVTN.
Filler gap of size 7 at implant RVTN.
Filler gap of size 1 at implant RVTN.
Filler gap of size 3 at implant RVTN.
Filler gap of size 15 at implant RVTN.
Filler gap of size 13 at implant RVTN.
Filler gap of size 25 at implant RVTN.
Filler gap of size 6 at implant RVTN.
Filler gap of size 8 at implant RVTN.
Filler gap of size 5 at implant RVTN.
Filler gap of size 1 at implant RVTN.
Filler gap of size 2 at implant RVTN.
Filler gap of size 4 at implant RVTN.
Filler gap of size 7 at implant RVTN.
Filler gap of size 9 at implant RVTN.
Filler gap of size 5 at implant RVTN.
Filler gap of size 2 at implant RVTN.
Filler gap of size 4 at implant RVTN.
Filler gap of size 162 at implant RVTN.
Filler gap of size 171 at implant RVTN.
Filler gap of size 7 at implant RVTN.
Filler gap of size 4 at implant RVTN.
Filler gap of size 3 at implant RVTN.
Filler gap of size 3 at implant RVTN.
Filler gap of size 4 at implant RVTN.
Filler gap of size 1 at implant RVTN.
Filler gap of size 1 at implant RVTN.
Filler gap of size 1 at implant RVTN.
Filler gap of size 4 at implant RVTN.
Filler gap of size 5 at implant RVTN.
Filler gap of size 2 at implant RVTN.
Filler gap of size 2 at implant RVTN.
Filler gap of size 19 at implant RVTN.
Filler gap of size 4 at implant RVTN.
Filler gap of size 11 at implant RVTN.
Filler gap of size 2 at implant RVTN.
Filler gap of size 17 at implant RVTN.
Filler gap of size 5 at implant RVTN.
Filler gap of size 1 at implant RVTN.
Filler gap of size 23 at implant RVTN.
Filler gap of size 2 at implant RVTN.
Filler gap of size 3 at implant RVTN.
Filler gap of size 1 at implant RVTN.
Filler gap of size 1 at implant RVTN.
Filler gap of size 4 at implant RVTN.
Filler gap of size 16 at implant RVTN.
Filler gap of size 5 at implant RVTN.
Filler gap of size 3 at implant RVTN.
Filler gap of size 5 at implant RVTN.
Filler gap of size 21 at implant RVTN.
Filler gap of size 3 at implant RVTN.
Filler gap of size 5 at implant RVTN.
Filler gap of size 2 at implant RVTN.
Filler gap of size 6 at implant RVTN.
Filler gap of size 3 at implant RVTN.
Filler gap of size 3 at implant RVTN.
Filler gap of size 12 at implant RVTN.
Filler gap of size 1 at implant RVTN.
Filler gap of size 4 at implant RVTN.
Filler gap of size 2 at implant RVTN.
Filler gap of size 12 at implant RVTN.
Filler gap of size 8 at implant RVTN.
Filler gap of size 169 at implant RVTN.
Filler gap of size 119 at implant RVTN.
Filler gap of size 64 at implant RVTN.
Filler gap of size 39 at implant RVTN.
Filler gap of size 4 at implant RVTN.
Filler gap of size 16 at implant RVTN.
Filler gap of size 3 at implant RVTN.
Filler gap of size 3 at implant RVTN.
Filler gap of size 11 at implant RVTN.
Filler gap of size 5 at implant RVTN.
Filler gap of size 2 at implant RVTN.
Filler gap of size 1 at implant RVTN.
Filler gap of size 5 at implant RVTN.
Filler gap of size 14 at implant RVTN.
Filler gap of size 7 at implant RVTN.
Filler gap of size 9 at implant RVTN.
Filler gap of size 6 at implant RVTN.
Filler gap of size 9 at implant RVTN.
Filler gap of size 1 at implant RVTN.
Filler gap of size 13 at implant RVTN.
Filler gap of size 3 at implant RVTN.
Filler gap of size 4 at implant RVTN.
Filler gap of size 1 at implant RVTN.
Filler gap of size 1 at implant RVTN.
Filler gap of size 7 at implant RVTN.
Filler gap of size 9 at implant RVTN.
Filler gap of size 2 at implant RVTN.
Filler gap of size 7 at implant RVTN.
Filler gap of size 5 at implant RVTN.
Filler gap of size 9 at implant RVTN.
Filler gap of size 4 at implant RVTN.
Filler gap of size 2 at implant RVTN.
Filler gap of size 36 at implant RVTN.
Filler gap of size 3 at implant RVTN.
Filler gap of size 2 at implant RVTN.
Filler gap of size 5 at implant RVTN.
Filler gap of size 1 at implant RVTN.
Filler gap of size 6 at implant RVTN.
Filler gap of size 1 at implant RVTN.
Filler gap of size 5 at implant RVTN.
Filler gap of size 1 at implant RVTN.
Filler gap of size 1 at implant RVTN.
Filler gap of size 1 at implant RVTN.
Filler gap of size 1 at implant RVTN.
Filler gap of size 1 at implant RVTN.
Filler gap of size 9 at implant RVTN.
Filler gap of size 5 at implant RVTN.
Filler gap of size 167 at implant RVTN.
Filler gap of size 161 at implant RVTN.
Filler gap of size 18 at implant RVTN.
Filler gap of size 22 at implant RVTN.
Filler gap of size 13 at implant RVTN.
Filler gap of size 7 at implant RVTN.
Filler gap of size 1 at implant RVTN.
Filler gap of size 5 at implant RVTN.
Filler gap of size 9 at implant RVTN.
Filler gap of size 11 at implant RVTN.
Filler gap of size 5 at implant RVTN.
Filler gap of size 6 at implant RVTN.
Filler gap of size 1 at implant RVTN.
Filler gap of size 7 at implant RVTN.
Filler gap of size 1 at implant RVTN.
Filler gap of size 6 at implant RVTN.
Filler gap of size 17 at implant RVTN.
Filler gap of size 10 at implant RVTN.
Filler gap of size 6 at implant RVTN.
Filler gap of size 10 at implant RVTN.
Filler gap of size 2 at implant RVTN.
Filler gap of size 9 at implant RVTN.
Filler gap of size 15 at implant RVTN.
Filler gap of size 4 at implant RVTN.
Filler gap of size 5 at implant RVTN.
Filler gap of size 1 at implant RVTN.
Filler gap of size 14 at implant RVTN.
Filler gap of size 7 at implant RVTN.
Filler gap of size 9 at implant RVTN.
Filler gap of size 6 at implant RVTN.
Filler gap of size 5 at implant RVTN.
Filler gap of size 5 at implant RVTN.
Filler gap of size 5 at implant RVTN.
Filler gap of size 36 at implant RVTN.
Filler gap of size 8 at implant RVTN.
Filler gap of size 4 at implant RVTN.
Filler gap of size 10 at implant RVTN.
Filler gap of size 5 at implant RVTN.
Filler gap of size 1 at implant RVTN.
Filler gap of size 3 at implant RVTN.
Filler gap of size 3 at implant RVTN.
Filler gap of size 1 at implant RVTN.
Filler gap of size 8 at implant RVTN.
Filler gap of size 14 at implant RVTN.
Filler gap of size 2 at implant RVTN.
Filler gap of size 4 at implant RVTN.
Filler gap of size 10 at implant RVTN.
Filler gap of size 164 at implant RVTN.
Filler gap of size 160 at implant RVTN.
Filler gap of size 40 at implant RVTN.
Filler gap of size 1 at implant RVTN.
Filler gap of size 14 at implant RVTN.
Filler gap of size 2 at implant RVTN.
Filler gap of size 6 at implant RVTN.
Filler gap of size 13 at implant RVTN.
Filler gap of size 5 at implant RVTN.
Filler gap of size 2 at implant RVTN.
Filler gap of size 3 at implant RVTN.
Filler gap of size 1 at implant RVTN.
Filler gap of size 5 at implant RVTN.
Filler gap of size 30 at implant RVTN.
Filler gap of size 2 at implant RVTN.
Filler gap of size 2 at implant RVTN.
Filler gap of size 3 at implant RVTN.
Filler gap of size 2 at implant RVTN.
Filler gap of size 8 at implant RVTN.
Filler gap of size 2 at implant RVTN.
Filler gap of size 6 at implant RVTN.
Filler gap of size 11 at implant RVTN.
Filler gap of size 14 at implant RVTN.
Filler gap of size 3 at implant RVTN.
Filler gap of size 3 at implant RVTN.
Filler gap of size 18 at implant RVTN.
Filler gap of size 12 at implant RVTN.
Filler gap of size 5 at implant RVTN.
Filler gap of size 3 at implant RVTN.
Filler gap of size 3 at implant RVTN.
Filler gap of size 3 at implant RVTN.
Filler gap of size 3 at implant RVTN.
Filler gap of size 9 at implant RVTN.
Filler gap of size 4 at implant RVTN.
Filler gap of size 5 at implant RVTN.
Filler gap of size 1 at implant RVTN.
Filler gap of size 6 at implant RVTN.
Filler gap of size 5 at implant RVTN.
Filler gap of size 166 at implant RVTN.
Filler gap of size 2 at implant RVTN.
Filler gap of size 148 at implant RVTN.
Filler gap of size 5 at implant RVTN.
Filler gap of size 8 at implant RVTN.
Filler gap of size 5 at implant RVTN.
Filler gap of size 18 at implant RVTN.
Filler gap of size 22 at implant RVTN.
Filler gap of size 8 at implant RVTN.
Filler gap of size 7 at implant RVTN.
Filler gap of size 8 at implant RVTN.
Filler gap of size 5 at implant RVTN.
Filler gap of size 8 at implant RVTN.
Filler gap of size 10 at implant RVTN.
Filler gap of size 5 at implant RVTN.
Filler gap of size 3 at implant RVTN.
Filler gap of size 12 at implant RVTN.
Filler gap of size 5 at implant RVTN.
Filler gap of size 17 at implant RVTN.
Filler gap of size 4 at implant RVTN.
Filler gap of size 10 at implant RVTN.
Filler gap of size 18 at implant RVTN.
Filler gap of size 12 at implant RVTN.
Filler gap of size 6 at implant RVTN.
Filler gap of size 9 at implant RVTN.
Filler gap of size 5 at implant RVTN.
Filler gap of size 2 at implant RVTN.
Filler gap of size 5 at implant RVTN.
Filler gap of size 16 at implant RVTN.
Filler gap of size 7 at implant RVTN.
Filler gap of size 13 at implant RVTN.
Filler gap of size 7 at implant RVTN.
Filler gap of size 6 at implant RVTN.
Filler gap of size 1 at implant RVTN.
Filler gap of size 2 at implant RVTN.
Filler gap of size 9 at implant RVTN.
Filler gap of size 13 at implant RVTN.
Filler gap of size 1 at implant RVTN.
Filler gap of size 1 at implant RVTN.
Filler gap of size 2 at implant RVTN.
Filler gap of size 2 at implant RVTN.
Filler gap of size 2 at implant RVTN.
Filler gap of size 5 at implant RVTN.
Filler gap of size 2 at implant RVTN.
Filler gap of size 4 at implant RVTN.
Filler gap of size 166 at implant RVTN.
Filler gap of size 161 at implant RVTN.
Filler gap of size 4 at implant RVTN.
Filler gap of size 3 at implant RVTN.
Filler gap of size 7 at implant RVTN.
Filler gap of size 2 at implant RVTN.
Filler gap of size 8 at implant RVTN.
Filler gap of size 2 at implant RVTN.
Filler gap of size 12 at implant RVTN.
Filler gap of size 1 at implant RVTN.
Filler gap of size 4 at implant RVTN.
Filler gap of size 2 at implant RVTN.
Filler gap of size 12 at implant RVTN.
Filler gap of size 1 at implant RVTN.
Filler gap of size 1 at implant RVTN.
Filler gap of size 1 at implant RVTN.
Filler gap of size 9 at implant RVTN.
Filler gap of size 1 at implant RVTN.
Filler gap of size 3 at implant RVTN.
Filler gap of size 2 at implant RVTN.
Filler gap of size 3 at implant RVTN.
Filler gap of size 7 at implant RVTN.
Filler gap of size 3 at implant RVTN.
Filler gap of size 16 at implant RVTN.
Filler gap of size 5 at implant RVTN.
Filler gap of size 2 at implant RVTN.
Filler gap of size 4 at implant RVTN.
Filler gap of size 3 at implant RVTN.
Filler gap of size 6 at implant RVTN.
Filler gap of size 2 at implant RVTN.
Filler gap of size 7 at implant RVTN.
Filler gap of size 13 at implant RVTN.
Filler gap of size 9 at implant RVTN.
Filler gap of size 16 at implant RVTN.
Filler gap of size 5 at implant RVTN.
Filler gap of size 36 at implant RVTN.
Filler gap of size 15 at implant RVTN.
Filler gap of size 2 at implant RVTN.
Filler gap of size 15 at implant RVTN.
Filler gap of size 3 at implant RVTN.
Filler gap of size 7 at implant RVTN.
Filler gap of size 3 at implant RVTN.
Filler gap of size 7 at implant RVTN.
Filler gap of size 5 at implant RVTN.
Filler gap of size 12 at implant RVTN.
Filler gap of size 17 at implant RVTN.
Filler gap of size 3 at implant RVTN.
Filler gap of size 4 at implant RVTN.
Filler gap of size 4 at implant RVTN.
Filler gap of size 4 at implant RVTN.
Filler gap of size 4 at implant RVTN.
Filler gap of size 171 at implant RVTN.
Filler gap of size 145 at implant RVTN.
Filler gap of size 1 at implant RVTN.
Filler gap of size 1 at implant RVTN.
Filler gap of size 4 at implant RVTN.
Filler gap of size 5 at implant RVTN.
Filler gap of size 4 at implant RVTN.
Filler gap of size 5 at implant RVTN.
Filler gap of size 1 at implant RVTN.
Filler gap of size 8 at implant RVTN.
Filler gap of size 1 at implant RVTN.
Filler gap of size 10 at implant RVTN.
Filler gap of size 2 at implant RVTN.
Filler gap of size 5 at implant RVTN.
Filler gap of size 6 at implant RVTN.
Filler gap of size 5 at implant RVTN.
Filler gap of size 2 at implant RVTN.
Filler gap of size 16 at implant RVTN.
Filler gap of size 7 at implant RVTN.
Filler gap of size 1 at implant RVTN.
Filler gap of size 4 at implant RVTN.
Filler gap of size 6 at implant RVTN.
Filler gap of size 2 at implant RVTN.
Filler gap of size 17 at implant RVTN.
Filler gap of size 15 at implant RVTN.
Filler gap of size 2 at implant RVTN.
Filler gap of size 8 at implant RVTN.
Filler gap of size 2 at implant RVTN.
Filler gap of size 3 at implant RVTN.
Filler gap of size 2 at implant RVTN.
Filler gap of size 1 at implant RVTN.
Filler gap of size 12 at implant RVTN.
Filler gap of size 3 at implant RVTN.
Filler gap of size 2 at implant RVTN.
Filler gap of size 1 at implant RVTN.
Filler gap of size 2 at implant RVTN.
Filler gap of size 7 at implant RVTN.
Filler gap of size 2 at implant RVTN.
Filler gap of size 1 at implant RVTN.
Filler gap of size 3 at implant RVTN.
Filler gap of size 1 at implant RVTN.
Filler gap of size 29 at implant RVTN.
Filler gap of size 4 at implant RVTN.
Filler gap of size 6 at implant RVTN.
Filler gap of size 2 at implant RVTN.
Filler gap of size 7 at implant RVTN.
Filler gap of size 1 at implant RVTN.
Filler gap of size 1 at implant RVTN.
Filler gap of size 1 at implant RVTN.
Filler gap of size 1 at implant RVTN.
Filler gap of size 9 at implant RVTN.
Filler gap of size 8 at implant RVTN.
Filler gap of size 7 at implant RVTN.
Filler gap of size 7 at implant RVTN.
Filler gap of size 14 at implant RVTN.
Filler gap of size 176 at implant RVTN.
Filler gap of size 142 at implant RVTN.
Filler gap of size 5 at implant RVTN.
Filler gap of size 5 at implant RVTN.
Filler gap of size 4 at implant RVTN.
Filler gap of size 3 at implant RVTN.
Filler gap of size 8 at implant RVTN.
Filler gap of size 14 at implant RVTN.
Filler gap of size 18 at implant RVTN.
Filler gap of size 7 at implant RVTN.
Filler gap of size 7 at implant RVTN.
Filler gap of size 1 at implant RVTN.
Filler gap of size 26 at implant RVTN.
Filler gap of size 1 at implant RVTN.
Filler gap of size 1 at implant RVTN.
Filler gap of size 15 at implant RVTN.
Filler gap of size 2 at implant RVTN.
Filler gap of size 4 at implant RVTN.
Filler gap of size 4 at implant RVTN.
Filler gap of size 11 at implant RVTN.
Filler gap of size 12 at implant RVTN.
Filler gap of size 1 at implant RVTN.
Filler gap of size 3 at implant RVTN.
Filler gap of size 1 at implant RVTN.
Filler gap of size 1 at implant RVTN.
Filler gap of size 13 at implant RVTN.
Filler gap of size 10 at implant RVTN.
Filler gap of size 3 at implant RVTN.
Filler gap of size 3 at implant RVTN.
Filler gap of size 1 at implant RVTN.
Filler gap of size 9 at implant RVTN.
Filler gap of size 19 at implant RVTN.
Filler gap of size 1 at implant RVTN.
Filler gap of size 5 at implant RVTN.
Filler gap of size 27 at implant RVTN.
Filler gap of size 3 at implant RVTN.
Filler gap of size 7 at implant RVTN.
Filler gap of size 2 at implant RVTN.
Filler gap of size 11 at implant RVTN.
Filler gap of size 10 at implant RVTN.
Filler gap of size 4 at implant RVTN.
Filler gap of size 192 at implant RVTN.
Filler gap of size 149 at implant RVTN.
Filler gap of size 3 at implant RVTN.
Filler gap of size 7 at implant RVTN.
Filler gap of size 4 at implant RVTN.
Filler gap of size 5 at implant RVTN.
Filler gap of size 9 at implant RVTN.
Filler gap of size 3 at implant RVTN.
Filler gap of size 6 at implant RVTN.
Filler gap of size 8 at implant RVTN.
Filler gap of size 4 at implant RVTN.
Filler gap of size 2 at implant RVTN.
Filler gap of size 1 at implant RVTN.
Filler gap of size 1 at implant RVTN.
Filler gap of size 2 at implant RVTN.
Filler gap of size 6 at implant RVTN.
Filler gap of size 19 at implant RVTN.
Filler gap of size 13 at implant RVTN.
Filler gap of size 1 at implant RVTN.
Filler gap of size 1 at implant RVTN.
Filler gap of size 4 at implant RVTN.
Filler gap of size 15 at implant RVTN.
Filler gap of size 17 at implant RVTN.
Filler gap of size 11 at implant RVTN.
Filler gap of size 9 at implant RVTN.
Filler gap of size 11 at implant RVTN.
Filler gap of size 13 at implant RVTN.
Filler gap of size 33 at implant RVTN.
Filler gap of size 7 at implant RVTN.
Filler gap of size 9 at implant RVTN.
Filler gap of size 11 at implant RVTN.
Filler gap of size 3 at implant RVTN.
Filler gap of size 3 at implant RVTN.
Filler gap of size 4 at implant RVTN.
Filler gap of size 7 at implant RVTN.
Filler gap of size 14 at implant RVTN.
Filler gap of size 26 at implant RVTN.
Filler gap of size 1 at implant RVTN.
Filler gap of size 7 at implant RVTN.
Filler gap of size 1 at implant RVTN.
Filler gap of size 3 at implant RVTN.
Filler gap of size 7 at implant RVTN.
Filler gap of size 4 at implant RVTN.
Filler gap of size 6 at implant RVTN.
Filler gap of size 1 at implant RVTN.
Filler gap of size 8 at implant RVTN.
Filler gap of size 19 at implant RVTN.
Filler gap of size 192 at implant RVTN.
Filler gap of size 130 at implant RVTN.
Filler gap of size 2 at implant RVTN.
Filler gap of size 5 at implant RVTN.
Filler gap of size 4 at implant RVTN.
Filler gap of size 12 at implant RVTN.
Filler gap of size 8 at implant RVTN.
Filler gap of size 2 at implant RVTN.
Filler gap of size 1 at implant RVTN.
Filler gap of size 1 at implant RVTN.
Filler gap of size 10 at implant RVTN.
Filler gap of size 21 at implant RVTN.
Filler gap of size 7 at implant RVTN.
Filler gap of size 8 at implant RVTN.
Filler gap of size 1 at implant RVTN.
Filler gap of size 4 at implant RVTN.
Filler gap of size 1 at implant RVTN.
Filler gap of size 9 at implant RVTN.
Filler gap of size 5 at implant RVTN.
Filler gap of size 5 at implant RVTN.
Filler gap of size 2 at implant RVTN.
Filler gap of size 2 at implant RVTN.
Filler gap of size 2 at implant RVTN.
Filler gap of size 2 at implant RVTN.
Filler gap of size 4 at implant RVTN.
Filler gap of size 2 at implant RVTN.
Filler gap of size 2 at implant RVTN.
Filler gap of size 10 at implant RVTN.
Filler gap of size 2 at implant RVTN.
Filler gap of size 6 at implant RVTN.
Filler gap of size 10 at implant RVTN.
Filler gap of size 3 at implant RVTN.
Filler gap of size 14 at implant RVTN.
Filler gap of size 15 at implant RVTN.
Filler gap of size 4 at implant RVTN.
Filler gap of size 15 at implant RVTN.
Filler gap of size 14 at implant RVTN.
Filler gap of size 7 at implant RVTN.
Filler gap of size 21 at implant RVTN.
Filler gap of size 1 at implant RVTN.
Filler gap of size 4 at implant RVTN.
Filler gap of size 14 at implant RVTN.
Filler gap of size 3 at implant RVTN.
Filler gap of size 7 at implant RVTN.
Filler gap of size 193 at implant RVTN.
Filler gap of size 128 at implant RVTN.
Filler gap of size 11 at implant RVTN.
Filler gap of size 12 at implant RVTN.
Filler gap of size 12 at implant RVTN.
Filler gap of size 1 at implant RVTN.
Filler gap of size 1 at implant RVTN.
Filler gap of size 11 at implant RVTN.
Filler gap of size 11 at implant RVTN.
Filler gap of size 6 at implant RVTN.
Filler gap of size 42 at implant RVTN.
Filler gap of size 2 at implant RVTN.
Filler gap of size 1 at implant RVTN.
Filler gap of size 4 at implant RVTN.
Filler gap of size 29 at implant RVTN.
Filler gap of size 4 at implant RVTN.
Filler gap of size 2 at implant RVTN.
Filler gap of size 3 at implant RVTN.
Filler gap of size 3 at implant RVTN.
Filler gap of size 1 at implant RVTN.
Filler gap of size 2 at implant RVTN.
Filler gap of size 7 at implant RVTN.
Filler gap of size 7 at implant RVTN.
Filler gap of size 10 at implant RVTN.
Filler gap of size 10 at implant RVTN.
Filler gap of size 5 at implant RVTN.
Filler gap of size 1 at implant RVTN.
Filler gap of size 4 at implant RVTN.
Filler gap of size 12 at implant RVTN.
Filler gap of size 9 at implant RVTN.
Filler gap of size 1 at implant RVTN.
Filler gap of size 25 at implant RVTN.
Filler gap of size 2 at implant RVTN.
Filler gap of size 6 at implant RVTN.
Filler gap of size 2 at implant RVTN.
Filler gap of size 4 at implant RVTN.
Filler gap of size 13 at implant RVTN.
Filler gap of size 2 at implant RVTN.
Filler gap of size 10 at implant RVTN.
Filler gap of size 2 at implant RVTN.
Filler gap of size 2 at implant RVTN.
Filler gap of size 3 at implant RVTN.
Filler gap of size 2 at implant RVTN.
Filler gap of size 194 at implant RVTN.
Filler gap of size 119 at implant RVTN.
Filler gap of size 2 at implant RVTN.
Filler gap of size 27 at implant RVTN.
Filler gap of size 4 at implant RVTN.
Filler gap of size 2 at implant RVTN.
Filler gap of size 1 at implant RVTN.
Filler gap of size 4 at implant RVTN.
Filler gap of size 8 at implant RVTN.
Filler gap of size 2 at implant RVTN.
Filler gap of size 2 at implant RVTN.
Filler gap of size 2 at implant RVTN.
Filler gap of size 7 at implant RVTN.
Filler gap of size 65 at implant RVTN.
Filler gap of size 6 at implant RVTN.
Filler gap of size 5 at implant RVTN.
Filler gap of size 2 at implant RVTN.
Filler gap of size 2 at implant RVTN.
Filler gap of size 9 at implant RVTN.
Filler gap of size 5 at implant RVTN.
Filler gap of size 11 at implant RVTN.
Filler gap of size 2 at implant RVTN.
Filler gap of size 4 at implant RVTN.
Filler gap of size 5 at implant RVTN.
Filler gap of size 8 at implant RVTN.
Filler gap of size 1 at implant RVTN.
Filler gap of size 1 at implant RVTN.
Filler gap of size 2 at implant RVTN.
Filler gap of size 4 at implant RVTN.
Filler gap of size 3 at implant RVTN.
Filler gap of size 2 at implant RVTN.
Filler gap of size 3 at implant RVTN.
Filler gap of size 12 at implant RVTN.
Filler gap of size 6 at implant RVTN.
Filler gap of size 5 at implant RVTN.
Filler gap of size 23 at implant RVTN.
Filler gap of size 15 at implant RVTN.
Filler gap of size 8 at implant RVTN.
Filler gap of size 3 at implant RVTN.
Filler gap of size 9 at implant RVTN.
Filler gap of size 20 at implant RVTN.
Filler gap of size 1 at implant RVTN.
Filler gap of size 7 at implant RVTN.
Filler gap of size 7 at implant RVTN.
Filler gap of size 3 at implant RVTN.
Filler gap of size 1 at implant RVTN.
Filler gap of size 5 at implant RVTN.
Filler gap of size 12 at implant RVTN.
Filler gap of size 199 at implant RVTN.
Filler gap of size 116 at implant RVTN.
Filler gap of size 3 at implant RVTN.
Filler gap of size 2 at implant RVTN.
Filler gap of size 5 at implant RVTN.
Filler gap of size 17 at implant RVTN.
Filler gap of size 7 at implant RVTN.
Filler gap of size 10 at implant RVTN.
Filler gap of size 3 at implant RVTN.
Filler gap of size 5 at implant RVTN.
Filler gap of size 15 at implant RVTN.
Filler gap of size 94 at implant RVTN.
Filler gap of size 3 at implant RVTN.
Filler gap of size 4 at implant RVTN.
Filler gap of size 3 at implant RVTN.
Filler gap of size 5 at implant RVTN.
Filler gap of size 4 at implant RVTN.
Filler gap of size 8 at implant RVTN.
Filler gap of size 2 at implant RVTN.
Filler gap of size 6 at implant RVTN.
Filler gap of size 4 at implant RVTN.
Filler gap of size 13 at implant RVTN.
Filler gap of size 11 at implant RVTN.
Filler gap of size 7 at implant RVTN.
Filler gap of size 5 at implant RVTN.
Filler gap of size 8 at implant RVTN.
Filler gap of size 4 at implant RVTN.
Filler gap of size 5 at implant RVTN.
Filler gap of size 1 at implant RVTN.
Filler gap of size 3 at implant RVTN.
Filler gap of size 25 at implant RVTN.
Filler gap of size 3 at implant RVTN.
Filler gap of size 3 at implant RVTN.
Filler gap of size 2 at implant RVTN.
Filler gap of size 2 at implant RVTN.
Filler gap of size 2 at implant RVTN.
Filler gap of size 3 at implant RVTN.
Filler gap of size 6 at implant RVTN.
Filler gap of size 3 at implant RVTN.
Filler gap of size 2 at implant RVTN.
Filler gap of size 9 at implant RVTN.
Filler gap of size 5 at implant RVTN.
Filler gap of size 14 at implant RVTN.
Filler gap of size 201 at implant RVTN.
Filler gap of size 115 at implant RVTN.
Filler gap of size 5 at implant RVTN.
Filler gap of size 2 at implant RVTN.
Filler gap of size 7 at implant RVTN.
Filler gap of size 1 at implant RVTN.
Filler gap of size 5 at implant RVTN.
Filler gap of size 21 at implant RVTN.
Filler gap of size 5 at implant RVTN.
Filler gap of size 6 at implant RVTN.
Filler gap of size 99 at implant RVTN.
Filler gap of size 15 at implant RVTN.
Filler gap of size 3 at implant RVTN.
Filler gap of size 5 at implant RVTN.
Filler gap of size 2 at implant RVTN.
Filler gap of size 3 at implant RVTN.
Filler gap of size 2 at implant RVTN.
Filler gap of size 3 at implant RVTN.
Filler gap of size 13 at implant RVTN.
Filler gap of size 1 at implant RVTN.
Filler gap of size 2 at implant RVTN.
Filler gap of size 9 at implant RVTN.
Filler gap of size 9 at implant RVTN.
Filler gap of size 5 at implant RVTN.
Filler gap of size 6 at implant RVTN.
Filler gap of size 2 at implant RVTN.
Filler gap of size 3 at implant RVTN.
Filler gap of size 19 at implant RVTN.
Filler gap of size 3 at implant RVTN.
Filler gap of size 2 at implant RVTN.
Filler gap of size 5 at implant RVTN.
Filler gap of size 5 at implant RVTN.
Filler gap of size 1 at implant RVTN.
Filler gap of size 8 at implant RVTN.
Filler gap of size 6 at implant RVTN.
Filler gap of size 3 at implant RVTN.
Filler gap of size 11 at implant RVTN.
Filler gap of size 1 at implant RVTN.
Filler gap of size 8 at implant RVTN.
Filler gap of size 2 at implant RVTN.
Filler gap of size 11 at implant RVTN.
Filler gap of size 4 at implant RVTN.
Filler gap of size 4 at implant RVTN.
Filler gap of size 3 at implant RVTN.
Filler gap of size 212 at implant RVTN.
Filler gap of size 118 at implant RVTN.
Filler gap of size 2 at implant RVTN.
Filler gap of size 8 at implant RVTN.
Filler gap of size 1 at implant RVTN.
Filler gap of size 16 at implant RVTN.
Filler gap of size 6 at implant RVTN.
Filler gap of size 5 at implant RVTN.
Filler gap of size 1 at implant RVTN.
Filler gap of size 5 at implant RVTN.
Filler gap of size 2 at implant RVTN.
Filler gap of size 6 at implant RVTN.
Filler gap of size 3 at implant RVTN.
Filler gap of size 4 at implant RVTN.
Filler gap of size 7 at implant RVTN.
Filler gap of size 134 at implant RVTN.
Filler gap of size 12 at implant RVTN.
Filler gap of size 10 at implant RVTN.
Filler gap of size 7 at implant RVTN.
Filler gap of size 5 at implant RVTN.
Filler gap of size 3 at implant RVTN.
Filler gap of size 4 at implant RVTN.
Filler gap of size 4 at implant RVTN.
Filler gap of size 3 at implant RVTN.
Filler gap of size 42 at implant RVTN.
Filler gap of size 9 at implant RVTN.
Filler gap of size 10 at implant RVTN.
Filler gap of size 8 at implant RVTN.
Filler gap of size 10 at implant RVTN.
Filler gap of size 4 at implant RVTN.
Filler gap of size 4 at implant RVTN.
Filler gap of size 2 at implant RVTN.
Filler gap of size 3 at implant RVTN.
Filler gap of size 13 at implant RVTN.
Filler gap of size 2 at implant RVTN.
Filler gap of size 3 at implant RVTN.
Filler gap of size 1 at implant RVTN.
Filler gap of size 2 at implant RVTN.
Filler gap of size 2 at implant RVTN.
Filler gap of size 12 at implant RVTN.
Filler gap of size 3 at implant RVTN.
Filler gap of size 7 at implant RVTN.
Filler gap of size 6 at implant RVTN.
Filler gap of size 3 at implant RVTN.
Filler gap of size 3 at implant RVTN.
Filler gap of size 5 at implant RVTN.
Filler gap of size 224 at implant RVTN.
Filler gap of size 121 at implant RVTN.
Filler gap of size 1 at implant RVTN.
Filler gap of size 1 at implant RVTN.
Filler gap of size 1 at implant RVTN.
Filler gap of size 8 at implant RVTN.
Filler gap of size 11 at implant RVTN.
Filler gap of size 3 at implant RVTN.
Filler gap of size 15 at implant RVTN.
Filler gap of size 4 at implant RVTN.
Filler gap of size 13 at implant RVTN.
Filler gap of size 11 at implant RVTN.
Filler gap of size 64 at implant RVTN.
Filler gap of size 46 at implant RVTN.
Filler gap of size 10 at implant RVTN.
Filler gap of size 7 at implant RVTN.
Filler gap of size 8 at implant RVTN.
Filler gap of size 4 at implant RVTN.
Filler gap of size 4 at implant RVTN.
Filler gap of size 4 at implant RVTN.
Filler gap of size 16 at implant RVTN.
Filler gap of size 2 at implant RVTN.
Filler gap of size 7 at implant RVTN.
Filler gap of size 5 at implant RVTN.
Filler gap of size 5 at implant RVTN.
Filler gap of size 4 at implant RVTN.
Filler gap of size 4 at implant RVTN.
Filler gap of size 4 at implant RVTN.
Filler gap of size 13 at implant RVTN.
Filler gap of size 8 at implant RVTN.
Filler gap of size 15 at implant RVTN.
Filler gap of size 9 at implant RVTN.
Filler gap of size 6 at implant RVTN.
Filler gap of size 7 at implant RVTN.
Filler gap of size 12 at implant RVTN.
Filler gap of size 4 at implant RVTN.
Filler gap of size 12 at implant RVTN.
Filler gap of size 6 at implant RVTN.
Filler gap of size 25 at implant RVTN.
Filler gap of size 7 at implant RVTN.
Filler gap of size 6 at implant RVTN.
Filler gap of size 231 at implant RVTN.
Filler gap of size 113 at implant RVTN.
Filler gap of size 1 at implant RVTN.
Filler gap of size 1 at implant RVTN.
Filler gap of size 7 at implant RVTN.
Filler gap of size 1 at implant RVTN.
Filler gap of size 2 at implant RVTN.
Filler gap of size 1 at implant RVTN.
Filler gap of size 3 at implant RVTN.
Filler gap of size 7 at implant RVTN.
Filler gap of size 6 at implant RVTN.
Filler gap of size 7 at implant RVTN.
Filler gap of size 5 at implant RVTN.
Filler gap of size 12 at implant RVTN.
Filler gap of size 58 at implant RVTN.
Filler gap of size 69 at implant RVTN.
Filler gap of size 7 at implant RVTN.
Filler gap of size 9 at implant RVTN.
Filler gap of size 7 at implant RVTN.
Filler gap of size 3 at implant RVTN.
Filler gap of size 5 at implant RVTN.
Filler gap of size 6 at implant RVTN.
Filler gap of size 3 at implant RVTN.
Filler gap of size 3 at implant RVTN.
Filler gap of size 2 at implant RVTN.
Filler gap of size 2 at implant RVTN.
Filler gap of size 3 at implant RVTN.
Filler gap of size 7 at implant RVTN.
Filler gap of size 6 at implant RVTN.
Filler gap of size 8 at implant RVTN.
Filler gap of size 7 at implant RVTN.
Filler gap of size 5 at implant RVTN.
Filler gap of size 4 at implant RVTN.
Filler gap of size 1 at implant RVTN.
Filler gap of size 1 at implant RVTN.
Filler gap of size 1 at implant RVTN.
Filler gap of size 11 at implant RVTN.
Filler gap of size 1 at implant RVTN.
Filler gap of size 2 at implant RVTN.
Filler gap of size 2 at implant RVTN.
Filler gap of size 4 at implant RVTN.
Filler gap of size 2 at implant RVTN.
Filler gap of size 3 at implant RVTN.
Filler gap of size 21 at implant RVTN.
Filler gap of size 21 at implant RVTN.
Filler gap of size 262 at implant RVTN.
Filler gap of size 115 at implant RVTN.
Filler gap of size 1 at implant RVTN.
Filler gap of size 5 at implant RVTN.
Filler gap of size 2 at implant RVTN.
Filler gap of size 3 at implant RVTN.
Filler gap of size 8 at implant RVTN.
Filler gap of size 2 at implant RVTN.
Filler gap of size 2 at implant RVTN.
Filler gap of size 1 at implant RVTN.
Filler gap of size 2 at implant RVTN.
Filler gap of size 9 at implant RVTN.
Filler gap of size 11 at implant RVTN.
Filler gap of size 3 at implant RVTN.
Filler gap of size 3 at implant RVTN.
Filler gap of size 1 at implant RVTN.
Filler gap of size 14 at implant RVTN.
Filler gap of size 70 at implant RVTN.
Filler gap of size 7 at implant RVTN.
Filler gap of size 3 at implant RVTN.
Filler gap of size 11 at implant RVTN.
Filler gap of size 1 at implant RVTN.
Filler gap of size 10 at implant RVTN.
Filler gap of size 4 at implant RVTN.
Filler gap of size 6 at implant RVTN.
Filler gap of size 4 at implant RVTN.
Filler gap of size 5 at implant RVTN.
Filler gap of size 7 at implant RVTN.
Filler gap of size 2 at implant RVTN.
Filler gap of size 3 at implant RVTN.
Filler gap of size 5 at implant RVTN.
Filler gap of size 2 at implant RVTN.
Filler gap of size 3 at implant RVTN.
Filler gap of size 5 at implant RVTN.
Filler gap of size 17 at implant RVTN.
Filler gap of size 1 at implant RVTN.
Filler gap of size 2 at implant RVTN.
Filler gap of size 14 at implant RVTN.
Filler gap of size 6 at implant RVTN.
Filler gap of size 9 at implant RVTN.
Filler gap of size 7 at implant RVTN.
Filler gap of size 8 at implant RVTN.
Filler gap of size 12 at implant RVTN.
Filler gap of size 6 at implant RVTN.
Filler gap of size 1 at implant RVTN.
Filler gap of size 1 at implant RVTN.
Filler gap of size 285 at implant RVTN.
Filler gap of size 113 at implant RVTN.
Filler gap of size 8 at implant RVTN.
Filler gap of size 9 at implant RVTN.
Filler gap of size 2 at implant RVTN.
Filler gap of size 8 at implant RVTN.
Filler gap of size 2 at implant RVTN.
Filler gap of size 2 at implant RVTN.
Filler gap of size 3 at implant RVTN.
Filler gap of size 6 at implant RVTN.
Filler gap of size 1 at implant RVTN.
Filler gap of size 19 at implant RVTN.
Filler gap of size 14 at implant RVTN.
Filler gap of size 54 at implant RVTN.
Filler gap of size 1 at implant RVTN.
Filler gap of size 13 at implant RVTN.
Filler gap of size 9 at implant RVTN.
Filler gap of size 1 at implant RVTN.
Filler gap of size 4 at implant RVTN.
Filler gap of size 9 at implant RVTN.
Filler gap of size 7 at implant RVTN.
Filler gap of size 2 at implant RVTN.
Filler gap of size 1 at implant RVTN.
Filler gap of size 2 at implant RVTN.
Filler gap of size 4 at implant RVTN.
Filler gap of size 5 at implant RVTN.
Filler gap of size 2 at implant RVTN.
Filler gap of size 1 at implant RVTN.
Filler gap of size 7 at implant RVTN.
Filler gap of size 24 at implant RVTN.
Filler gap of size 1 at implant RVTN.
Filler gap of size 6 at implant RVTN.
Filler gap of size 11 at implant RVTN.
Filler gap of size 10 at implant RVTN.
Filler gap of size 3 at implant RVTN.
Filler gap of size 4 at implant RVTN.
Filler gap of size 15 at implant RVTN.
Filler gap of size 29 at implant RVTN.
Filler gap of size 4 at implant RVTN.
Filler gap of size 2 at implant RVTN.
Filler gap of size 4 at implant RVTN.
Filler gap of size 17 at implant RVTN.
Filler gap of size 262 at implant RVTN.
Filler gap of size 116 at implant RVTN.
Filler gap of size 6 at implant RVTN.
Filler gap of size 1 at implant RVTN.
Filler gap of size 6 at implant RVTN.
Filler gap of size 1 at implant RVTN.
Filler gap of size 17 at implant RVTN.
Filler gap of size 3 at implant RVTN.
Filler gap of size 3 at implant RVTN.
Filler gap of size 7 at implant RVTN.
Filler gap of size 3 at implant RVTN.
Filler gap of size 3 at implant RVTN.
Filler gap of size 1 at implant RVTN.
Filler gap of size 4 at implant RVTN.
Filler gap of size 6 at implant RVTN.
Filler gap of size 10 at implant RVTN.
Filler gap of size 92 at implant RVTN.
Filler gap of size 15 at implant RVTN.
Filler gap of size 2 at implant RVTN.
Filler gap of size 5 at implant RVTN.
Filler gap of size 18 at implant RVTN.
Filler gap of size 7 at implant RVTN.
Filler gap of size 3 at implant RVTN.
Filler gap of size 6 at implant RVTN.
Filler gap of size 3 at implant RVTN.
Filler gap of size 7 at implant RVTN.
Filler gap of size 5 at implant RVTN.
Filler gap of size 2 at implant RVTN.
Filler gap of size 1 at implant RVTN.
Filler gap of size 6 at implant RVTN.
Filler gap of size 12 at implant RVTN.
Filler gap of size 4 at implant RVTN.
Filler gap of size 8 at implant RVTN.
Filler gap of size 6 at implant RVTN.
Filler gap of size 15 at implant RVTN.
Filler gap of size 17 at implant RVTN.
Filler gap of size 6 at implant RVTN.
Filler gap of size 6 at implant RVTN.
Filler gap of size 3 at implant RVTN.
Filler gap of size 8 at implant RVTN.
Filler gap of size 8 at implant RVTN.
Filler gap of size 1 at implant RVTN.
Filler gap of size 274 at implant RVTN.
Filler gap of size 117 at implant RVTN.
Filler gap of size 4 at implant RVTN.
Filler gap of size 3 at implant RVTN.
Filler gap of size 1 at implant RVTN.
Filler gap of size 2 at implant RVTN.
Filler gap of size 16 at implant RVTN.
Filler gap of size 7 at implant RVTN.
Filler gap of size 6 at implant RVTN.
Filler gap of size 10 at implant RVTN.
Filler gap of size 10 at implant RVTN.
Filler gap of size 129 at implant RVTN.
Filler gap of size 8 at implant RVTN.
Filler gap of size 10 at implant RVTN.
Filler gap of size 6 at implant RVTN.
Filler gap of size 1 at implant RVTN.
Filler gap of size 2 at implant RVTN.
Filler gap of size 4 at implant RVTN.
Filler gap of size 3 at implant RVTN.
Filler gap of size 1 at implant RVTN.
Filler gap of size 6 at implant RVTN.
Filler gap of size 2 at implant RVTN.
Filler gap of size 2 at implant RVTN.
Filler gap of size 6 at implant RVTN.
Filler gap of size 5 at implant RVTN.
Filler gap of size 7 at implant RVTN.
Filler gap of size 3 at implant RVTN.
Filler gap of size 2 at implant RVTN.
Filler gap of size 1 at implant RVTN.
Filler gap of size 4 at implant RVTN.
Filler gap of size 10 at implant RVTN.
Filler gap of size 5 at implant RVTN.
Filler gap of size 4 at implant RVTN.
Filler gap of size 2 at implant RVTN.
Filler gap of size 3 at implant RVTN.
Filler gap of size 6 at implant RVTN.
Filler gap of size 5 at implant RVTN.
Filler gap of size 4 at implant RVTN.
Filler gap of size 5 at implant RVTN.
Filler gap of size 6 at implant RVTN.
Filler gap of size 2 at implant RVTN.
Filler gap of size 1 at implant RVTN.
Filler gap of size 5 at implant RVTN.
Filler gap of size 8 at implant RVTN.
Filler gap of size 11 at implant RVTN.
Filler gap of size 262 at implant RVTN.
Filler gap of size 117 at implant RVTN.
Filler gap of size 14 at implant RVTN.
Filler gap of size 8 at implant RVTN.
Filler gap of size 1 at implant RVTN.
Filler gap of size 2 at implant RVTN.
Filler gap of size 5 at implant RVTN.
Filler gap of size 5 at implant RVTN.
Filler gap of size 1 at implant RVTN.
Filler gap of size 4 at implant RVTN.
Filler gap of size 9 at implant RVTN.
Filler gap of size 7 at implant RVTN.
Filler gap of size 4 at implant RVTN.
Filler gap of size 5 at implant RVTN.
Filler gap of size 8 at implant RVTN.
Filler gap of size 124 at implant RVTN.
Filler gap of size 4 at implant RVTN.
Filler gap of size 2 at implant RVTN.
Filler gap of size 5 at implant RVTN.
Filler gap of size 9 at implant RVTN.
Filler gap of size 6 at implant RVTN.
Filler gap of size 5 at implant RVTN.
Filler gap of size 3 at implant RVTN.
Filler gap of size 5 at implant RVTN.
Filler gap of size 4 at implant RVTN.
Filler gap of size 8 at implant RVTN.
Filler gap of size 2 at implant RVTN.
Filler gap of size 3 at implant RVTN.
Filler gap of size 6 at implant RVTN.
Filler gap of size 12 at implant RVTN.
Filler gap of size 13 at implant RVTN.
Filler gap of size 7 at implant RVTN.
Filler gap of size 6 at implant RVTN.
Filler gap of size 3 at implant RVTN.
Filler gap of size 3 at implant RVTN.
Filler gap of size 5 at implant RVTN.
Filler gap of size 1 at implant RVTN.
Filler gap of size 7 at implant RVTN.
Filler gap of size 6 at implant RVTN.
Filler gap of size 2 at implant RVTN.
Filler gap of size 11 at implant RVTN.
Filler gap of size 4 at implant RVTN.
Filler gap of size 5 at implant RVTN.
Filler gap of size 1 at implant RVTN.
Filler gap of size 5 at implant RVTN.
Filler gap of size 273 at implant RVTN.
Filler gap of size 120 at implant RVTN.
Filler gap of size 1 at implant RVTN.
Filler gap of size 2 at implant RVTN.
Filler gap of size 3 at implant RVTN.
Filler gap of size 11 at implant RVTN.
Filler gap of size 9 at implant RVTN.
Filler gap of size 4 at implant RVTN.
Filler gap of size 2 at implant RVTN.
Filler gap of size 4 at implant RVTN.
Filler gap of size 4 at implant RVTN.
Filler gap of size 18 at implant RVTN.
Filler gap of size 20 at implant RVTN.
Filler gap of size 24 at implant RVTN.
Filler gap of size 59 at implant RVTN.
Filler gap of size 30 at implant RVTN.
Filler gap of size 6 at implant RVTN.
Filler gap of size 6 at implant RVTN.
Filler gap of size 6 at implant RVTN.
Filler gap of size 3 at implant RVTN.
Filler gap of size 4 at implant RVTN.
Filler gap of size 7 at implant RVTN.
Filler gap of size 5 at implant RVTN.
Filler gap of size 4 at implant RVTN.
Filler gap of size 1 at implant RVTN.
Filler gap of size 3 at implant RVTN.
Filler gap of size 1 at implant RVTN.
Filler gap of size 5 at implant RVTN.
Filler gap of size 9 at implant RVTN.
Filler gap of size 3 at implant RVTN.
Filler gap of size 2 at implant RVTN.
Filler gap of size 3 at implant RVTN.
Filler gap of size 3 at implant RVTN.
Filler gap of size 2 at implant RVTN.
Filler gap of size 11 at implant RVTN.
Filler gap of size 8 at implant RVTN.
Filler gap of size 11 at implant RVTN.
Filler gap of size 3 at implant RVTN.
Filler gap of size 10 at implant RVTN.
Filler gap of size 11 at implant RVTN.
Filler gap of size 3 at implant RVTN.
Filler gap of size 11 at implant RVTN.
Filler gap of size 262 at implant RVTN.
Filler gap of size 118 at implant RVTN.
Filler gap of size 1 at implant RVTN.
Filler gap of size 5 at implant RVTN.
Filler gap of size 1 at implant RVTN.
Filler gap of size 1 at implant RVTN.
Filler gap of size 1 at implant RVTN.
Filler gap of size 20 at implant RVTN.
Filler gap of size 10 at implant RVTN.
Filler gap of size 5 at implant RVTN.
Filler gap of size 1 at implant RVTN.
Filler gap of size 2 at implant RVTN.
Filler gap of size 2 at implant RVTN.
Filler gap of size 9 at implant RVTN.
Filler gap of size 20 at implant RVTN.
Filler gap of size 10 at implant RVTN.
Filler gap of size 63 at implant RVTN.
Filler gap of size 9 at implant RVTN.
Filler gap of size 1 at implant RVTN.
Filler gap of size 8 at implant RVTN.
Filler gap of size 19 at implant RVTN.
Filler gap of size 16 at implant RVTN.
Filler gap of size 11 at implant RVTN.
Filler gap of size 3 at implant RVTN.
Filler gap of size 1 at implant RVTN.
Filler gap of size 2 at implant RVTN.
Filler gap of size 8 at implant RVTN.
Filler gap of size 8 at implant RVTN.
Filler gap of size 9 at implant RVTN.
Filler gap of size 4 at implant RVTN.
Filler gap of size 3 at implant RVTN.
Filler gap of size 1 at implant RVTN.
Filler gap of size 1 at implant RVTN.
Filler gap of size 15 at implant RVTN.
Filler gap of size 2 at implant RVTN.
Filler gap of size 8 at implant RVTN.
Filler gap of size 2 at implant RVTN.
Filler gap of size 5 at implant RVTN.
Filler gap of size 1 at implant RVTN.
Filler gap of size 1 at implant RVTN.
Filler gap of size 8 at implant RVTN.
Filler gap of size 1 at implant RVTN.
Filler gap of size 274 at implant RVTN.
Filler gap of size 116 at implant RVTN.
Filler gap of size 7 at implant RVTN.
Filler gap of size 2 at implant RVTN.
Filler gap of size 3 at implant RVTN.
Filler gap of size 3 at implant RVTN.
Filler gap of size 1 at implant RVTN.
Filler gap of size 3 at implant RVTN.
Filler gap of size 11 at implant RVTN.
Filler gap of size 50 at implant RVTN.
Filler gap of size 89 at implant RVTN.
Filler gap of size 5 at implant RVTN.
Filler gap of size 20 at implant RVTN.
Filler gap of size 10 at implant RVTN.
Filler gap of size 15 at implant RVTN.
Filler gap of size 12 at implant RVTN.
Filler gap of size 2 at implant RVTN.
Filler gap of size 3 at implant RVTN.
Filler gap of size 7 at implant RVTN.
Filler gap of size 9 at implant RVTN.
Filler gap of size 4 at implant RVTN.
Filler gap of size 7 at implant RVTN.
Filler gap of size 11 at implant RVTN.
Filler gap of size 6 at implant RVTN.
Filler gap of size 3 at implant RVTN.
Filler gap of size 4 at implant RVTN.
Filler gap of size 5 at implant RVTN.
Filler gap of size 2 at implant RVTN.
Filler gap of size 2 at implant RVTN.
Filler gap of size 5 at implant RVTN.
Filler gap of size 3 at implant RVTN.
Filler gap of size 4 at implant RVTN.
Filler gap of size 4 at implant RVTN.
Filler gap of size 15 at implant RVTN.
Filler gap of size 2 at implant RVTN.
Filler gap of size 7 at implant RVTN.
Filler gap of size 4 at implant RVTN.
Filler gap of size 262 at implant RVTN.
Filler gap of size 120 at implant RVTN.
Filler gap of size 3 at implant RVTN.
Filler gap of size 36 at implant RVTN.
Filler gap of size 16 at implant RVTN.
Filler gap of size 3 at implant RVTN.
Filler gap of size 21 at implant RVTN.
Filler gap of size 4 at implant RVTN.
Filler gap of size 11 at implant RVTN.
Filler gap of size 1 at implant RVTN.
Filler gap of size 2 at implant RVTN.
Filler gap of size 123 at implant RVTN.
Filler gap of size 8 at implant RVTN.
Filler gap of size 3 at implant RVTN.
Filler gap of size 19 at implant RVTN.
Filler gap of size 1 at implant RVTN.
Filler gap of size 2 at implant RVTN.
Filler gap of size 2 at implant RVTN.
Filler gap of size 2 at implant RVTN.
Filler gap of size 5 at implant RVTN.
Filler gap of size 2 at implant RVTN.
Filler gap of size 8 at implant RVTN.
Filler gap of size 2 at implant RVTN.
Filler gap of size 11 at implant RVTN.
Filler gap of size 5 at implant RVTN.
Filler gap of size 2 at implant RVTN.
Filler gap of size 1 at implant RVTN.
Filler gap of size 5 at implant RVTN.
Filler gap of size 2 at implant RVTN.
Filler gap of size 1 at implant RVTN.
Filler gap of size 3 at implant RVTN.
Filler gap of size 6 at implant RVTN.
Filler gap of size 3 at implant RVTN.
Filler gap of size 3 at implant RVTN.
Filler gap of size 5 at implant RVTN.
Filler gap of size 2 at implant RVTN.
Filler gap of size 9 at implant RVTN.
Filler gap of size 1 at implant RVTN.
Filler gap of size 273 at implant RVTN.
Filler gap of size 121 at implant RVTN.
Filler gap of size 5 at implant RVTN.
Filler gap of size 3 at implant RVTN.
Filler gap of size 1 at implant RVTN.
Filler gap of size 7 at implant RVTN.
Filler gap of size 4 at implant RVTN.
Filler gap of size 17 at implant RVTN.
Filler gap of size 5 at implant RVTN.
Filler gap of size 6 at implant RVTN.
Filler gap of size 4 at implant RVTN.
Filler gap of size 54 at implant RVTN.
Filler gap of size 59 at implant RVTN.
Filler gap of size 5 at implant RVTN.
Filler gap of size 16 at implant RVTN.
Filler gap of size 6 at implant RVTN.
Filler gap of size 3 at implant RVTN.
Filler gap of size 5 at implant RVTN.
Filler gap of size 2 at implant RVTN.
Filler gap of size 4 at implant RVTN.
Filler gap of size 2 at implant RVTN.
Filler gap of size 2 at implant RVTN.
Filler gap of size 1 at implant RVTN.
Filler gap of size 4 at implant RVTN.
Filler gap of size 1 at implant RVTN.
Filler gap of size 5 at implant RVTN.
Filler gap of size 8 at implant RVTN.
Filler gap of size 2 at implant RVTN.
Filler gap of size 13 at implant RVTN.
Filler gap of size 15 at implant RVTN.
Filler gap of size 4 at implant RVTN.
Filler gap of size 4 at implant RVTN.
Filler gap of size 19 at implant RVTN.
Filler gap of size 2 at implant RVTN.
Filler gap of size 6 at implant RVTN.
Filler gap of size 2 at implant RVTN.
Filler gap of size 2 at implant RVTN.
Filler gap of size 11 at implant RVTN.
Filler gap of size 2 at implant RVTN.
Filler gap of size 9 at implant RVTN.
Filler gap of size 11 at implant RVTN.
Filler gap of size 262 at implant RVTN.
Filler gap of size 113 at implant RVTN.
Filler gap of size 6 at implant RVTN.
Filler gap of size 3 at implant RVTN.
Filler gap of size 1 at implant RVTN.
Filler gap of size 2 at implant RVTN.
Filler gap of size 3 at implant RVTN.
Filler gap of size 5 at implant RVTN.
Filler gap of size 2 at implant RVTN.
Filler gap of size 2 at implant RVTN.
Filler gap of size 2 at implant RVTN.
Filler gap of size 104 at implant RVTN.
Filler gap of size 10 at implant RVTN.
Filler gap of size 13 at implant RVTN.
Filler gap of size 12 at implant RVTN.
Filler gap of size 2 at implant RVTN.
Filler gap of size 1 at implant RVTN.
Filler gap of size 3 at implant RVTN.
Filler gap of size 4 at implant RVTN.
Filler gap of size 4 at implant RVTN.
Filler gap of size 1 at implant RVTN.
Filler gap of size 9 at implant RVTN.
Filler gap of size 3 at implant RVTN.
Filler gap of size 9 at implant RVTN.
Filler gap of size 12 at implant RVTN.
Filler gap of size 11 at implant RVTN.
Filler gap of size 1 at implant RVTN.
Filler gap of size 2 at implant RVTN.
Filler gap of size 5 at implant RVTN.
Filler gap of size 7 at implant RVTN.
Filler gap of size 16 at implant RVTN.
Filler gap of size 11 at implant RVTN.
Filler gap of size 12 at implant RVTN.
Filler gap of size 1 at implant RVTN.
Filler gap of size 3 at implant RVTN.
Filler gap of size 1 at implant RVTN.
Filler gap of size 267 at implant RVTN.
Filler gap of size 115 at implant RVTN.
Filler gap of size 5 at implant RVTN.
Filler gap of size 2 at implant RVTN.
Filler gap of size 2 at implant RVTN.
Filler gap of size 7 at implant RVTN.
Filler gap of size 7 at implant RVTN.
Filler gap of size 1 at implant RVTN.
Filler gap of size 10 at implant RVTN.
Filler gap of size 28 at implant RVTN.
Filler gap of size 2 at implant RVTN.
Filler gap of size 5 at implant RVTN.
Filler gap of size 111 at implant RVTN.
Filler gap of size 5 at implant RVTN.
Filler gap of size 13 at implant RVTN.
Filler gap of size 2 at implant RVTN.
Filler gap of size 11 at implant RVTN.
Filler gap of size 5 at implant RVTN.
Filler gap of size 1 at implant RVTN.
Filler gap of size 1 at implant RVTN.
Filler gap of size 1 at implant RVTN.
Filler gap of size 4 at implant RVTN.
Filler gap of size 7 at implant RVTN.
Filler gap of size 4 at implant RVTN.
Filler gap of size 9 at implant RVTN.
Filler gap of size 10 at implant RVTN.
Filler gap of size 7 at implant RVTN.
Filler gap of size 7 at implant RVTN.
Filler gap of size 10 at implant RVTN.
Filler gap of size 2 at implant RVTN.
Filler gap of size 3 at implant RVTN.
Filler gap of size 8 at implant RVTN.
Filler gap of size 5 at implant RVTN.
Filler gap of size 7 at implant RVTN.
Filler gap of size 3 at implant RVTN.
Filler gap of size 2 at implant RVTN.
Filler gap of size 11 at implant RVTN.
Filler gap of size 4 at implant RVTN.
Filler gap of size 262 at implant RVTN.
Filler gap of size 111 at implant RVTN.
Filler gap of size 2 at implant RVTN.
Filler gap of size 4 at implant RVTN.
Filler gap of size 7 at implant RVTN.
Filler gap of size 2 at implant RVTN.
Filler gap of size 11 at implant RVTN.
Filler gap of size 1 at implant RVTN.
Filler gap of size 4 at implant RVTN.
Filler gap of size 3 at implant RVTN.
Filler gap of size 14 at implant RVTN.
Filler gap of size 2 at implant RVTN.
Filler gap of size 126 at implant RVTN.
Filler gap of size 23 at implant RVTN.
Filler gap of size 9 at implant RVTN.
Filler gap of size 13 at implant RVTN.
Filler gap of size 1 at implant RVTN.
Filler gap of size 5 at implant RVTN.
Filler gap of size 1 at implant RVTN.
Filler gap of size 3 at implant RVTN.
Filler gap of size 4 at implant RVTN.
Filler gap of size 4 at implant RVTN.
Filler gap of size 1 at implant RVTN.
Filler gap of size 5 at implant RVTN.
Filler gap of size 4 at implant RVTN.
Filler gap of size 4 at implant RVTN.
Filler gap of size 5 at implant RVTN.
Filler gap of size 9 at implant RVTN.
Filler gap of size 11 at implant RVTN.
Filler gap of size 7 at implant RVTN.
Filler gap of size 2 at implant RVTN.
Filler gap of size 6 at implant RVTN.
Filler gap of size 5 at implant RVTN.
Filler gap of size 1 at implant RVTN.
Filler gap of size 2 at implant RVTN.
Filler gap of size 8 at implant RVTN.
Filler gap of size 5 at implant RVTN.
Filler gap of size 3 at implant RVTN.
Filler gap of size 271 at implant RVTN.
Filler gap of size 117 at implant RVTN.
Filler gap of size 1 at implant RVTN.
Filler gap of size 15 at implant RVTN.
Filler gap of size 6 at implant RVTN.
Filler gap of size 9 at implant RVTN.
Filler gap of size 5 at implant RVTN.
Filler gap of size 4 at implant RVTN.
Filler gap of size 4 at implant RVTN.
Filler gap of size 5 at implant RVTN.
Filler gap of size 48 at implant RVTN.
Filler gap of size 84 at implant RVTN.
Filler gap of size 6 at implant RVTN.
Filler gap of size 10 at implant RVTN.
Filler gap of size 5 at implant RVTN.
Filler gap of size 4 at implant RVTN.
Filler gap of size 13 at implant RVTN.
Filler gap of size 6 at implant RVTN.
Filler gap of size 4 at implant RVTN.
Filler gap of size 1 at implant RVTN.
Filler gap of size 2 at implant RVTN.
Filler gap of size 6 at implant RVTN.
Filler gap of size 1 at implant RVTN.
Filler gap of size 5 at implant RVTN.
Filler gap of size 2 at implant RVTN.
Filler gap of size 3 at implant RVTN.
Filler gap of size 4 at implant RVTN.
Filler gap of size 4 at implant RVTN.
Filler gap of size 3 at implant RVTN.
Filler gap of size 2 at implant RVTN.
Filler gap of size 1 at implant RVTN.
Filler gap of size 2 at implant RVTN.
Filler gap of size 1 at implant RVTN.
Filler gap of size 4 at implant RVTN.
Filler gap of size 5 at implant RVTN.
Filler gap of size 4 at implant RVTN.
Filler gap of size 2 at implant RVTN.
Filler gap of size 1 at implant RVTN.
Filler gap of size 2 at implant RVTN.
Filler gap of size 3 at implant RVTN.
Filler gap of size 6 at implant RVTN.
Filler gap of size 262 at implant RVTN.
Filler gap of size 124 at implant RVTN.
Filler gap of size 11 at implant RVTN.
Filler gap of size 3 at implant RVTN.
Filler gap of size 5 at implant RVTN.
Filler gap of size 8 at implant RVTN.
Filler gap of size 3 at implant RVTN.
Filler gap of size 9 at implant RVTN.
Filler gap of size 6 at implant RVTN.
Filler gap of size 2 at implant RVTN.
Filler gap of size 119 at implant RVTN.
Filler gap of size 5 at implant RVTN.
Filler gap of size 1 at implant RVTN.
Filler gap of size 3 at implant RVTN.
Filler gap of size 2 at implant RVTN.
Filler gap of size 3 at implant RVTN.
Filler gap of size 2 at implant RVTN.
Filler gap of size 8 at implant RVTN.
Filler gap of size 5 at implant RVTN.
Filler gap of size 19 at implant RVTN.
Filler gap of size 12 at implant RVTN.
Filler gap of size 5 at implant RVTN.
Filler gap of size 1 at implant RVTN.
Filler gap of size 2 at implant RVTN.
Filler gap of size 18 at implant RVTN.
Filler gap of size 16 at implant RVTN.
Filler gap of size 6 at implant RVTN.
Filler gap of size 5 at implant RVTN.
Filler gap of size 19 at implant RVTN.
Filler gap of size 5 at implant RVTN.
Filler gap of size 18 at implant RVTN.
Filler gap of size 2 at implant RVTN.
Filler gap of size 4 at implant RVTN.
Filler gap of size 19 at implant RVTN.
Filler gap of size 1 at implant RVTN.
Filler gap of size 273 at implant RVTN.
Filler gap of size 118 at implant RVTN.
Filler gap of size 3 at implant RVTN.
Filler gap of size 1 at implant RVTN.
Filler gap of size 4 at implant RVTN.
Filler gap of size 12 at implant RVTN.
Filler gap of size 5 at implant RVTN.
Filler gap of size 12 at implant RVTN.
Filler gap of size 3 at implant RVTN.
Filler gap of size 138 at implant RVTN.
Filler gap of size 29 at implant RVTN.
Filler gap of size 5 at implant RVTN.
Filler gap of size 2 at implant RVTN.
Filler gap of size 6 at implant RVTN.
Filler gap of size 10 at implant RVTN.
Filler gap of size 3 at implant RVTN.
Filler gap of size 4 at implant RVTN.
Filler gap of size 5 at implant RVTN.
Filler gap of size 1 at implant RVTN.
Filler gap of size 2 at implant RVTN.
Filler gap of size 1 at implant RVTN.
Filler gap of size 10 at implant RVTN.
Filler gap of size 3 at implant RVTN.
Filler gap of size 2 at implant RVTN.
Filler gap of size 5 at implant RVTN.
Filler gap of size 2 at implant RVTN.
Filler gap of size 5 at implant RVTN.
Filler gap of size 1 at implant RVTN.
Filler gap of size 2 at implant RVTN.
Filler gap of size 1 at implant RVTN.
Filler gap of size 4 at implant RVTN.
Filler gap of size 11 at implant RVTN.
Filler gap of size 5 at implant RVTN.
Filler gap of size 7 at implant RVTN.
Filler gap of size 3 at implant RVTN.
Filler gap of size 1 at implant RVTN.
Filler gap of size 12 at implant RVTN.
Filler gap of size 262 at implant RVTN.
Filler gap of size 118 at implant RVTN.
Filler gap of size 1 at implant RVTN.
Filler gap of size 11 at implant RVTN.
Filler gap of size 30 at implant RVTN.
Filler gap of size 4 at implant RVTN.
Filler gap of size 1 at implant RVTN.
Filler gap of size 11 at implant RVTN.
Filler gap of size 5 at implant RVTN.
Filler gap of size 8 at implant RVTN.
Filler gap of size 5 at implant RVTN.
Filler gap of size 5 at implant RVTN.
Filler gap of size 145 at implant RVTN.
Filler gap of size 8 at implant RVTN.
Filler gap of size 15 at implant RVTN.
Filler gap of size 4 at implant RVTN.
Filler gap of size 2 at implant RVTN.
Filler gap of size 1 at implant RVTN.
Filler gap of size 2 at implant RVTN.
Filler gap of size 3 at implant RVTN.
Filler gap of size 1 at implant RVTN.
Filler gap of size 1 at implant RVTN.
Filler gap of size 14 at implant RVTN.
Filler gap of size 6 at implant RVTN.
Filler gap of size 37 at implant RVTN.
Filler gap of size 5 at implant RVTN.
Filler gap of size 6 at implant RVTN.
Filler gap of size 4 at implant RVTN.
Filler gap of size 1 at implant RVTN.
Filler gap of size 2 at implant RVTN.
Filler gap of size 5 at implant RVTN.
Filler gap of size 3 at implant RVTN.
Filler gap of size 2 at implant RVTN.
Filler gap of size 11 at implant RVTN.
Filler gap of size 4 at implant RVTN.
Filler gap of size 281 at implant RVTN.
Filler gap of size 128 at implant RVTN.
Filler gap of size 2 at implant RVTN.
Filler gap of size 3 at implant RVTN.
Filler gap of size 10 at implant RVTN.
Filler gap of size 4 at implant RVTN.
Filler gap of size 13 at implant RVTN.
Filler gap of size 3 at implant RVTN.
Filler gap of size 9 at implant RVTN.
Filler gap of size 11 at implant RVTN.
Filler gap of size 9 at implant RVTN.
Filler gap of size 2 at implant RVTN.
Filler gap of size 3 at implant RVTN.
Filler gap of size 157 at implant RVTN.
Filler gap of size 17 at implant RVTN.
Filler gap of size 18 at implant RVTN.
Filler gap of size 5 at implant RVTN.
Filler gap of size 5 at implant RVTN.
Filler gap of size 1 at implant RVTN.
Filler gap of size 3 at implant RVTN.
Filler gap of size 29 at implant RVTN.
Filler gap of size 8 at implant RVTN.
Filler gap of size 25 at implant RVTN.
Filler gap of size 18 at implant RVTN.
Filler gap of size 5 at implant RVTN.
Filler gap of size 2 at implant RVTN.
Filler gap of size 5 at implant RVTN.
Filler gap of size 4 at implant RVTN.
Filler gap of size 2 at implant RVTN.
Filler gap of size 5 at implant RVTN.
Filler gap of size 14 at implant RVTN.
Filler gap of size 7 at implant RVTN.
Filler gap of size 8 at implant RVTN.
Filler gap of size 11 at implant RVTN.
Filler gap of size 262 at implant RVTN.
Filler gap of size 127 at implant RVTN.
Filler gap of size 6 at implant RVTN.
Filler gap of size 3 at implant RVTN.
Filler gap of size 2 at implant RVTN.
Filler gap of size 2 at implant RVTN.
Filler gap of size 9 at implant RVTN.
Filler gap of size 5 at implant RVTN.
Filler gap of size 1 at implant RVTN.
Filler gap of size 1 at implant RVTN.
Filler gap of size 1 at implant RVTN.
Filler gap of size 3 at implant RVTN.
Filler gap of size 12 at implant RVTN.
Filler gap of size 163 at implant RVTN.
Filler gap of size 3 at implant RVTN.
Filler gap of size 2 at implant RVTN.
Filler gap of size 20 at implant RVTN.
Filler gap of size 6 at implant RVTN.
Filler gap of size 2 at implant RVTN.
Filler gap of size 10 at implant RVTN.
Filler gap of size 16 at implant RVTN.
Filler gap of size 6 at implant RVTN.
Filler gap of size 4 at implant RVTN.
Filler gap of size 3 at implant RVTN.
Filler gap of size 24 at implant RVTN.
Filler gap of size 8 at implant RVTN.
Filler gap of size 44 at implant RVTN.
Filler gap of size 11 at implant RVTN.
Filler gap of size 9 at implant RVTN.
Filler gap of size 5 at implant RVTN.
Filler gap of size 3 at implant RVTN.
Filler gap of size 14 at implant RVTN.
Filler gap of size 11 at implant RVTN.
Filler gap of size 10 at implant RVTN.
Filler gap of size 6 at implant RVTN.
Filler gap of size 270 at implant RVTN.
Filler gap of size 123 at implant RVTN.
Filler gap of size 1 at implant RVTN.
Filler gap of size 2 at implant RVTN.
Filler gap of size 2 at implant RVTN.
Filler gap of size 1 at implant RVTN.
Filler gap of size 12 at implant RVTN.
Filler gap of size 2 at implant RVTN.
Filler gap of size 6 at implant RVTN.
Filler gap of size 4 at implant RVTN.
Filler gap of size 8 at implant RVTN.
Filler gap of size 1 at implant RVTN.
Filler gap of size 179 at implant RVTN.
Filler gap of size 12 at implant RVTN.
Filler gap of size 14 at implant RVTN.
Filler gap of size 12 at implant RVTN.
Filler gap of size 12 at implant RVTN.
Filler gap of size 9 at implant RVTN.
Filler gap of size 7 at implant RVTN.
Filler gap of size 45 at implant RVTN.
Filler gap of size 10 at implant RVTN.
Filler gap of size 7 at implant RVTN.
Filler gap of size 20 at implant RVTN.
Filler gap of size 5 at implant RVTN.
Filler gap of size 2 at implant RVTN.
Filler gap of size 7 at implant RVTN.
Filler gap of size 2 at implant RVTN.
Filler gap of size 8 at implant RVTN.
Filler gap of size 5 at implant RVTN.
Filler gap of size 5 at implant RVTN.
Filler gap of size 1 at implant RVTN.
Filler gap of size 5 at implant RVTN.
Filler gap of size 3 at implant RVTN.
Filler gap of size 7 at implant RVTN.
Filler gap of size 14 at implant RVTN.
Filler gap of size 262 at implant RVTN.
Filler gap of size 127 at implant RVTN.
Filler gap of size 4 at implant RVTN.
Filler gap of size 3 at implant RVTN.
Filler gap of size 7 at implant RVTN.
Filler gap of size 3 at implant RVTN.
Filler gap of size 8 at implant RVTN.
Filler gap of size 4 at implant RVTN.
Filler gap of size 5 at implant RVTN.
Filler gap of size 11 at implant RVTN.
Filler gap of size 10 at implant RVTN.
Filler gap of size 198 at implant RVTN.
Filler gap of size 36 at implant RVTN.
Filler gap of size 46 at implant RVTN.
Filler gap of size 24 at implant RVTN.
Filler gap of size 3 at implant RVTN.
Filler gap of size 2 at implant RVTN.
Filler gap of size 26 at implant RVTN.
Filler gap of size 3 at implant RVTN.
Filler gap of size 1 at implant RVTN.
Filler gap of size 16 at implant RVTN.
Filler gap of size 4 at implant RVTN.
Filler gap of size 12 at implant RVTN.
Filler gap of size 1 at implant RVTN.
Filler gap of size 11 at implant RVTN.
Filler gap of size 6 at implant RVTN.
Filler gap of size 10 at implant RVTN.
Filler gap of size 2 at implant RVTN.
Filler gap of size 7 at implant RVTN.
Filler gap of size 4 at implant RVTN.
Filler gap of size 3 at implant RVTN.
Filler gap of size 5 at implant RVTN.
Filler gap of size 2 at implant RVTN.
Filler gap of size 2 at implant RVTN.
Filler gap of size 279 at implant RVTN.
Filler gap of size 139 at implant RVTN.
Filler gap of size 6 at implant RVTN.
Filler gap of size 3 at implant RVTN.
Filler gap of size 4 at implant RVTN.
Filler gap of size 4 at implant RVTN.
Filler gap of size 1 at implant RVTN.
Filler gap of size 1 at implant RVTN.
Filler gap of size 2 at implant RVTN.
Filler gap of size 1 at implant RVTN.
Filler gap of size 231 at implant RVTN.
Filler gap of size 35 at implant RVTN.
Filler gap of size 66 at implant RVTN.
Filler gap of size 23 at implant RVTN.
Filler gap of size 27 at implant RVTN.
Filler gap of size 14 at implant RVTN.
Filler gap of size 5 at implant RVTN.
Filler gap of size 11 at implant RVTN.
Filler gap of size 12 at implant RVTN.
Filler gap of size 9 at implant RVTN.
Filler gap of size 4 at implant RVTN.
Filler gap of size 1 at implant RVTN.
Filler gap of size 5 at implant RVTN.
Filler gap of size 16 at implant RVTN.
Filler gap of size 17 at implant RVTN.
Filler gap of size 262 at implant RVTN.
Filler gap of size 132 at implant RVTN.
Filler gap of size 7 at implant RVTN.
Filler gap of size 1 at implant RVTN.
Filler gap of size 8 at implant RVTN.
Filler gap of size 5 at implant RVTN.
Filler gap of size 1 at implant RVTN.
Filler gap of size 3 at implant RVTN.
Filler gap of size 1 at implant RVTN.
Filler gap of size 6 at implant RVTN.
Filler gap of size 192 at implant RVTN.
Filler gap of size 84 at implant RVTN.
Filler gap of size 29 at implant RVTN.
Filler gap of size 23 at implant RVTN.
Filler gap of size 16 at implant RVTN.
Filler gap of size 25 at implant RVTN.
Filler gap of size 8 at implant RVTN.
Filler gap of size 7 at implant RVTN.
Filler gap of size 5 at implant RVTN.
Filler gap of size 7 at implant RVTN.
Filler gap of size 6 at implant RVTN.
Filler gap of size 8 at implant RVTN.
Filler gap of size 1 at implant RVTN.
Filler gap of size 1 at implant RVTN.
Filler gap of size 4 at implant RVTN.
Filler gap of size 19 at implant RVTN.
Filler gap of size 9 at implant RVTN.
Filler gap of size 278 at implant RVTN.
Filler gap of size 134 at implant RVTN.
Filler gap of size 7 at implant RVTN.
Filler gap of size 6 at implant RVTN.
Filler gap of size 9 at implant RVTN.
Filler gap of size 11 at implant RVTN.
Filler gap of size 3 at implant RVTN.
Filler gap of size 359 at implant RVTN.
Filler gap of size 16 at implant RVTN.
Filler gap of size 3 at implant RVTN.
Filler gap of size 22 at implant RVTN.
Filler gap of size 19 at implant RVTN.
Filler gap of size 5 at implant RVTN.
Filler gap of size 1 at implant RVTN.
Filler gap of size 5 at implant RVTN.
Filler gap of size 5 at implant RVTN.
Filler gap of size 9 at implant RVTN.
Filler gap of size 4 at implant RVTN.
Filler gap of size 2 at implant RVTN.
Filler gap of size 7 at implant RVTN.
Filler gap of size 2 at implant RVTN.
Filler gap of size 18 at implant RVTN.
Filler gap of size 262 at implant RVTN.
Filler gap of size 178 at implant RVTN.
Filler gap of size 9 at implant RVTN.
Filler gap of size 1 at implant RVTN.
Filler gap of size 252 at implant RVTN.
Filler gap of size 71 at implant RVTN.
Filler gap of size 8 at implant RVTN.
Filler gap of size 15 at implant RVTN.
Filler gap of size 1 at implant RVTN.
Filler gap of size 16 at implant RVTN.
Filler gap of size 21 at implant RVTN.
Filler gap of size 19 at implant RVTN.
Filler gap of size 4 at implant RVTN.
Filler gap of size 1 at implant RVTN.
Filler gap of size 2 at implant RVTN.
Filler gap of size 9 at implant RVTN.
Filler gap of size 2 at implant RVTN.
Filler gap of size 6 at implant RVTN.
Filler gap of size 10 at implant RVTN.
Filler gap of size 4 at implant RVTN.
Filler gap of size 5 at implant RVTN.
Filler gap of size 284 at implant RVTN.
Filler gap of size 527 at implant RVTN.
Filler gap of size 12 at implant RVTN.
Filler gap of size 1 at implant RVTN.
Filler gap of size 17 at implant RVTN.
Filler gap of size 8 at implant RVTN.
Filler gap of size 8 at implant RVTN.
Filler gap of size 23 at implant RVTN.
Filler gap of size 2 at implant RVTN.
Filler gap of size 1 at implant RVTN.
Filler gap of size 5 at implant RVTN.
Filler gap of size 1 at implant RVTN.
Filler gap of size 4 at implant RVTN.
Filler gap of size 1 at implant RVTN.
Filler gap of size 5 at implant RVTN.
Filler gap of size 9 at implant RVTN.
Filler gap of size 8 at implant RVTN.
Filler gap of size 16 at implant RVTN.
Filler gap of size 5 at implant RVTN.
Filler gap of size 4 at implant RVTN.
Filler gap of size 22 at implant RVTN.
Filler gap of size 262 at implant RVTN.
Filler gap of size 460 at implant RVTN.
Filler gap of size 70 at implant RVTN.
Filler gap of size 2 at implant RVTN.
Filler gap of size 9 at implant RVTN.
Filler gap of size 12 at implant RVTN.
Filler gap of size 3 at implant RVTN.
Filler gap of size 31 at implant RVTN.
Filler gap of size 2 at implant RVTN.
Filler gap of size 22 at implant RVTN.
Filler gap of size 4 at implant RVTN.
Filler gap of size 2 at implant RVTN.
Filler gap of size 5 at implant RVTN.
Filler gap of size 2 at implant RVTN.
Filler gap of size 6 at implant RVTN.
Filler gap of size 22 at implant RVTN.
Filler gap of size 7 at implant RVTN.
Filler gap of size 4 at implant RVTN.
Filler gap of size 3 at implant RVTN.
Filler gap of size 296 at implant RVTN.
Filler gap of size 545 at implant RVTN.
Filler gap of size 37 at implant RVTN.
Filler gap of size 3 at implant RVTN.
Filler gap of size 2 at implant RVTN.
Filler gap of size 12 at implant RVTN.
Filler gap of size 11 at implant RVTN.
Filler gap of size 6 at implant RVTN.
Filler gap of size 8 at implant RVTN.
Filler gap of size 4 at implant RVTN.
Filler gap of size 3 at implant RVTN.
Filler gap of size 1 at implant RVTN.
Filler gap of size 6 at implant RVTN.
Filler gap of size 4 at implant RVTN.
Filler gap of size 2 at implant RVTN.
Filler gap of size 28 at implant RVTN.
Filler gap of size 262 at implant RVTN.
Filler gap of size 282 at implant RVTN.
Filler gap of size 175 at implant RVTN.
Filler gap of size 85 at implant RVTN.
Filler gap of size 28 at implant RVTN.
Filler gap of size 16 at implant RVTN.
Filler gap of size 60 at implant RVTN.
Filler gap of size 4 at implant RVTN.
Filler gap of size 2 at implant RVTN.
Filler gap of size 7 at implant RVTN.
Filler gap of size 1 at implant RVTN.
Filler gap of size 4 at implant RVTN.
Filler gap of size 9 at implant RVTN.
Filler gap of size 2 at implant RVTN.
Filler gap of size 4 at implant RVTN.
Filler gap of size 4 at implant RVTN.
Filler gap of size 1 at implant RVTN.
Filler gap of size 6 at implant RVTN.
Filler gap of size 298 at implant RVTN.
Filler gap of size 507 at implant RVTN.
Filler gap of size 25 at implant RVTN.
Filler gap of size 33 at implant RVTN.
Filler gap of size 52 at implant RVTN.
Filler gap of size 15 at implant RVTN.
Filler gap of size 15 at implant RVTN.
Filler gap of size 2 at implant RVTN.
Filler gap of size 4 at implant RVTN.
Filler gap of size 8 at implant RVTN.
Filler gap of size 14 at implant RVTN.
Filler gap of size 3 at implant RVTN.
Filler gap of size 1 at implant RVTN.
Filler gap of size 1 at implant RVTN.
Filler gap of size 8 at implant RVTN.
Filler gap of size 6 at implant RVTN.
Filler gap of size 2 at implant RVTN.
Filler gap of size 2 at implant RVTN.
Filler gap of size 1 at implant RVTN.
Filler gap of size 4 at implant RVTN.
Filler gap of size 37 at implant RVTN.
Filler gap of size 262 at implant RVTN.
Filler gap of size 460 at implant RVTN.
Filler gap of size 62 at implant RVTN.
Filler gap of size 9 at implant RVTN.
Filler gap of size 34 at implant RVTN.
Filler gap of size 32 at implant RVTN.
Filler gap of size 9 at implant RVTN.
Filler gap of size 5 at implant RVTN.
Filler gap of size 15 at implant RVTN.
Filler gap of size 9 at implant RVTN.
Filler gap of size 51 at implant RVTN.
Filler gap of size 26 at implant RVTN.
Filler gap of size 2 at implant RVTN.
Filler gap of size 3 at implant RVTN.
Filler gap of size 11 at implant RVTN.
Filler gap of size 1 at implant RVTN.
Filler gap of size 6 at implant RVTN.
Filler gap of size 5 at implant RVTN.
Filler gap of size 317 at implant RVTN.
Filler gap of size 306 at implant RVTN.
Filler gap of size 212 at implant RVTN.
Filler gap of size 41 at implant RVTN.
Filler gap of size 42 at implant RVTN.
Filler gap of size 3 at implant RVTN.
Filler gap of size 9 at implant RVTN.
Filler gap of size 1 at implant RVTN.
Filler gap of size 66 at implant RVTN.
Filler gap of size 1 at implant RVTN.
Filler gap of size 21 at implant RVTN.
Filler gap of size 59 at implant RVTN.
Filler gap of size 99 at implant RVTN.
Filler gap of size 262 at implant RVTN.
Filler gap of size 325 at implant RVTN.
Filler gap of size 132 at implant RVTN.
Filler gap of size 61 at implant RVTN.
Filler gap of size 44 at implant RVTN.
Filler gap of size 33 at implant RVTN.
Filler gap of size 1 at implant RVTN.
Filler gap of size 1 at implant RVTN.
Filler gap of size 21 at implant RVTN.
Filler gap of size 4 at implant RVTN.
Filler gap of size 38 at implant RVTN.
Filler gap of size 32 at implant RVTN.
Filler gap of size 1 at implant RVTN.
Filler gap of size 4 at implant RVTN.
Filler gap of size 5 at implant RVTN.
Filler gap of size 19 at implant RVTN.
Filler gap of size 9 at implant RVTN.
Filler gap of size 371 at implant RVTN.
Filler gap of size 332 at implant RVTN.
Filler gap of size 15 at implant RVTN.
Filler gap of size 61 at implant RVTN.
Filler gap of size 11 at implant RVTN.
Filler gap of size 11 at implant RVTN.
Filler gap of size 13 at implant RVTN.
Filler gap of size 22 at implant RVTN.
Filler gap of size 27 at implant RVTN.
Filler gap of size 39 at implant RVTN.
Filler gap of size 13 at implant RVTN.
Filler gap of size 1 at implant RVTN.
Filler gap of size 5 at implant RVTN.
Filler gap of size 3 at implant RVTN.
Filler gap of size 10 at implant RVTN.
Filler gap of size 5 at implant RVTN.
Filler gap of size 12 at implant RVTN.
Filler gap of size 1 at implant RVTN.
Filler gap of size 8 at implant RVTN.
Filler gap of size 17 at implant RVTN.
Filler gap of size 3 at implant RVTN.
Filler gap of size 4 at implant RVTN.
Filler gap of size 6 at implant RVTN.
Filler gap of size 14 at implant RVTN.
Filler gap of size 5 at implant RVTN.
Filler gap of size 109 at implant RVTN.
Filler gap of size 262 at implant RVTN.
Filler gap of size 460 at implant RVTN.
Filler gap of size 297 at implant RVTN.
Filler gap of size 158 at implant RVTN.
Filler gap of size 262 at implant RVTN.
[INFO DPL-0001] Placed 20635 filler instances.
write_db ./results/asap7/aes-mbff/modified_alpha_256-beta_0.1/5_3_fillcell.odb
Elapsed time: 0:00.96[h:]min:sec. CPU time: user 0.91 sys 0.05 (100%). Peak memory: 269796KB.
Log                        Elapsed/s Peak Memory/MB  sha1sum .odb [0:20)
5_3_fillcell                       0            263 44163e1ecbd457ebc501
