
==========================================================================
global route report_tns
--------------------------------------------------------------------------
tns max -1710.42

==========================================================================
global route report_wns
--------------------------------------------------------------------------
wns max -91.77

==========================================================================
global route report_worst_slack
--------------------------------------------------------------------------
worst slack max -91.77

==========================================================================
global route report_clock_min_period
--------------------------------------------------------------------------
mrx_clk_pad_i period_min = 391.77 fmax = 2552.52
mtx_clk_pad_i period_min = 309.79 fmax = 3227.96
wb_clk_i period_min = 730.43 fmax = 1369.05

==========================================================================
global route report_clock_skew
--------------------------------------------------------------------------
Clock mrx_clk_pad_i
  75.87 source latency rxethmac1.RxEndFrm$_DFF_PP0_/CLK ^
 -67.06 target latency rxethmac1.rxaddrcheck1.MulticastOK$_DFFE_PP0P_/CLK ^
  -0.69 CRPR
--------------
   8.12 setup skew

Clock mtx_clk_pad_i
  71.72 source latency txethmac1.txcounters1.ByteCnt[2]$_DFFE_PP0P_/CLK ^
 -63.17 target latency txethmac1.MTxErr$_DFF_PP0_/CLK ^
  -1.76 CRPR
--------------
   6.79 setup skew

Clock wb_clk_i
 170.54 source latency _tray_size4_20348/CLK ^
-149.19 target latency wishbone.TxLength[11]$_DFFE_PP0P_/CLK ^
  -1.54 CRPR
--------------
  19.82 setup skew


==========================================================================
global route report_checks -path_delay min
--------------------------------------------------------------------------
Startpoint: wb_rst_i (input port clocked by mrx_clk_pad_i)
Endpoint: maccontrol1.receivecontrol1.SlotTimer[0]$_DFFE_PP0P_
          (removal check against rising-edge clock mrx_clk_pad_i)
Path Group: asynchronous
Path Type: min

Fanout     Cap    Slew   Delay    Time   Description
-----------------------------------------------------------------------------
                          0.00    0.00   clock mrx_clk_pad_i (rise edge)
                          0.00    0.00   clock network delay (propagated)
                         60.00   60.00 v input external delay
     1    2.51    0.00    0.00   60.00 v wb_rst_i (in)
                                         wb_rst_i (net)
                  0.86    0.27   60.27 v input1332/A (BUFx2_ASAP7_75t_R)
     2   13.22   40.64   22.83   83.10 v input1332/Y (BUFx2_ASAP7_75t_R)
                                         net1331 (net)
                 44.90    6.88   89.97 v _058948_/A (CKINVDCx20_ASAP7_75t_R)
     9    9.60   13.81   11.69  101.66 ^ _058948_/Y (CKINVDCx20_ASAP7_75t_R)
                                         _000240_ (net)
                 16.52    3.15  104.81 ^ place18264/A (BUFx3_ASAP7_75t_R)
     6    5.04   13.83   18.53  123.34 ^ place18264/Y (BUFx3_ASAP7_75t_R)
                                         net18261 (net)
                 13.88    0.45  123.79 ^ maccontrol1.receivecontrol1.SlotTimer[0]$_DFFE_PP0P_/RESETN (DFFASRHQNx1_ASAP7_75t_R)
                                123.79   data arrival time

                          0.00    0.00   clock mrx_clk_pad_i (rise edge)
                          0.00    0.00   clock source latency
     1    7.65    0.00    0.00    0.00 ^ mrx_clk_pad_i (in)
                                         mrx_clk_pad_i (net)
                  6.94    2.19    2.19 ^ clkbuf_0_mrx_clk_pad_i/A (BUFx24_ASAP7_75t_R)
     2    9.43    9.58   17.58   19.76 ^ clkbuf_0_mrx_clk_pad_i/Y (BUFx24_ASAP7_75t_R)
                                         clknet_0_mrx_clk_pad_i (net)
                 10.93    1.77   21.53 ^ clkbuf_1_0__f_mrx_clk_pad_i/A (BUFx24_ASAP7_75t_R)
     7   27.22   18.33   21.14   42.68 ^ clkbuf_1_0__f_mrx_clk_pad_i/Y (BUFx24_ASAP7_75t_R)
                                         clknet_1_0__leaf_mrx_clk_pad_i (net)
                 21.49    3.97   46.64 ^ clkbuf_leaf_11_mrx_clk_pad_i/A (BUFx24_ASAP7_75t_R)
    26   19.27   14.41   23.33   69.97 ^ clkbuf_leaf_11_mrx_clk_pad_i/Y (BUFx24_ASAP7_75t_R)
                                         clknet_leaf_11_mrx_clk_pad_i (net)
                 15.46    1.98   71.95 ^ maccontrol1.receivecontrol1.SlotTimer[0]$_DFFE_PP0P_/CLK (DFFASRHQNx1_ASAP7_75t_R)
                          0.00   71.95   clock reconvergence pessimism
                         22.97   94.92   library removal time
                                 94.92   data required time
-----------------------------------------------------------------------------
                                 94.92   data required time
                               -123.79   data arrival time
-----------------------------------------------------------------------------
                                 28.87   slack (MET)


Startpoint: mrxdv_pad_i (input port clocked by mrx_clk_pad_i)
Endpoint: RxEnSync$_DFFE_PP0N_
          (rising edge-triggered flip-flop clocked by mrx_clk_pad_i)
Path Group: mrx_clk_pad_i
Path Type: min

Fanout     Cap    Slew   Delay    Time   Description
-----------------------------------------------------------------------------
                          0.00    0.00   clock mrx_clk_pad_i (rise edge)
                          0.00    0.00   clock network delay (propagated)
                         60.00   60.00 ^ input external delay
     1    1.17    0.00    0.00   60.00 ^ mrxdv_pad_i (in)
                                         mrxdv_pad_i (net)
                  0.22    0.07   60.07 ^ input1287/A (BUFx2_ASAP7_75t_R)
     1    0.72    5.45   10.20   70.26 ^ input1287/Y (BUFx2_ASAP7_75t_R)
                                         net1286 (net)
                  5.45    0.05   70.32 ^ _056058_/A (INVx1_ASAP7_75t_R)
     2    1.33    8.44    6.20   76.52 v _056058_/Y (INVx1_ASAP7_75t_R)
                                         _021344_ (net)
                  8.45    0.13   76.65 v _056060_/A2 (AO21x1_ASAP7_75t_R)
     1    0.66    6.33   14.29   90.94 v _056060_/Y (AO21x1_ASAP7_75t_R)
                                         _012860_ (net)
                  6.33    0.04   90.98 v RxEnSync$_DFFE_PP0N_/D (DFFASRHQNx1_ASAP7_75t_R)
                                 90.98   data arrival time

                          0.00    0.00   clock mrx_clk_pad_i (rise edge)
                          0.00    0.00   clock source latency
     1    7.65    0.00    0.00    0.00 ^ mrx_clk_pad_i (in)
                                         mrx_clk_pad_i (net)
                  6.94    2.19    2.19 ^ clkbuf_0_mrx_clk_pad_i/A (BUFx24_ASAP7_75t_R)
     2    9.43    9.58   17.58   19.76 ^ clkbuf_0_mrx_clk_pad_i/Y (BUFx24_ASAP7_75t_R)
                                         clknet_0_mrx_clk_pad_i (net)
                 10.93    1.77   21.53 ^ clkbuf_1_0__f_mrx_clk_pad_i/A (BUFx24_ASAP7_75t_R)
     7   27.22   18.33   21.14   42.68 ^ clkbuf_1_0__f_mrx_clk_pad_i/Y (BUFx24_ASAP7_75t_R)
                                         clknet_1_0__leaf_mrx_clk_pad_i (net)
                 20.64    3.39   46.06 ^ clkbuf_leaf_12_mrx_clk_pad_i/A (BUFx24_ASAP7_75t_R)
     6   15.50   12.43   22.84   68.90 ^ clkbuf_leaf_12_mrx_clk_pad_i/Y (BUFx24_ASAP7_75t_R)
                                         clknet_leaf_12_mrx_clk_pad_i (net)
                 12.75    1.02   69.92 ^ RxEnSync$_DFFE_PP0N_/CLK (DFFASRHQNx1_ASAP7_75t_R)
                          0.00   69.92   clock reconvergence pessimism
                         12.43   82.35   library hold time
                                 82.35   data required time
-----------------------------------------------------------------------------
                                 82.35   data required time
                                -90.98   data arrival time
-----------------------------------------------------------------------------
                                  8.63   slack (MET)


Startpoint: txethmac1.random1.x[8]$_DFF_PP0_
            (rising edge-triggered flip-flop clocked by mtx_clk_pad_i)
Endpoint: txethmac1.random1.x[9]$_DFF_PP0_
          (rising edge-triggered flip-flop clocked by mtx_clk_pad_i)
Path Group: mtx_clk_pad_i
Path Type: min

Fanout     Cap    Slew   Delay    Time   Description
-----------------------------------------------------------------------------
                          0.00    0.00   clock mtx_clk_pad_i (rise edge)
                          0.00    0.00   clock source latency
     1    8.53    0.00    0.00    0.00 ^ mtx_clk_pad_i (in)
                                         mtx_clk_pad_i (net)
                  8.94    2.82    2.82 ^ clkbuf_0_mtx_clk_pad_i/A (BUFx24_ASAP7_75t_R)
     2    6.34    8.40   17.76   20.58 ^ clkbuf_0_mtx_clk_pad_i/Y (BUFx24_ASAP7_75t_R)
                                         clknet_0_mtx_clk_pad_i (net)
                  8.89    1.08   21.66 ^ clkbuf_1_1__f_mtx_clk_pad_i/A (BUFx24_ASAP7_75t_R)
     6   16.46   12.92   19.25   40.90 ^ clkbuf_1_1__f_mtx_clk_pad_i/Y (BUFx24_ASAP7_75t_R)
                                         clknet_1_1__leaf_mtx_clk_pad_i (net)
                 14.24    2.09   42.99 ^ clkbuf_leaf_5_mtx_clk_pad_i/A (BUFx24_ASAP7_75t_R)
    24   14.86   12.17   20.57   63.56 ^ clkbuf_leaf_5_mtx_clk_pad_i/Y (BUFx24_ASAP7_75t_R)
                                         clknet_leaf_5_mtx_clk_pad_i (net)
                 12.86    1.39   64.96 ^ txethmac1.random1.x[8]$_DFF_PP0_/CLK (DFFASRHQNx1_ASAP7_75t_R)
     1    0.78   13.52   39.51  104.46 ^ txethmac1.random1.x[8]$_DFF_PP0_/QN (DFFASRHQNx1_ASAP7_75t_R)
                                         _004657_ (net)
                 13.52    0.09  104.55 ^ _067981_/A (INVx1_ASAP7_75t_R)
     2    1.35   10.17    8.40  112.95 v _067981_/Y (INVx1_ASAP7_75t_R)
                                         txethmac1.random1.x[8] (net)
                 10.17    0.08  113.03 v txethmac1.random1.x[9]$_DFF_PP0_/D (DFFASRHQNx1_ASAP7_75t_R)
                                113.03   data arrival time

                          0.00    0.00   clock mtx_clk_pad_i (rise edge)
                          0.00    0.00   clock source latency
     1    9.13    0.00    0.00    0.00 ^ mtx_clk_pad_i (in)
                                         mtx_clk_pad_i (net)
                 10.02    3.16    3.16 ^ clkbuf_0_mtx_clk_pad_i/A (BUFx24_ASAP7_75t_R)
     2    7.54    8.82   18.26   21.42 ^ clkbuf_0_mtx_clk_pad_i/Y (BUFx24_ASAP7_75t_R)
                                         clknet_0_mtx_clk_pad_i (net)
                  9.61    1.31   22.72 ^ clkbuf_1_1__f_mtx_clk_pad_i/A (BUFx24_ASAP7_75t_R)
     6   20.07   14.67   19.94   42.67 ^ clkbuf_1_1__f_mtx_clk_pad_i/Y (BUFx24_ASAP7_75t_R)
                                         clknet_1_1__leaf_mtx_clk_pad_i (net)
                 17.45    3.33   46.00 ^ clkbuf_leaf_7_mtx_clk_pad_i/A (BUFx24_ASAP7_75t_R)
    23   17.55   13.48   21.69   67.68 ^ clkbuf_leaf_7_mtx_clk_pad_i/Y (BUFx24_ASAP7_75t_R)
                                         clknet_leaf_7_mtx_clk_pad_i (net)
                 16.46    3.21   70.90 ^ txethmac1.random1.x[9]$_DFF_PP0_/CLK (DFFASRHQNx1_ASAP7_75t_R)
                         -1.76   69.14   clock reconvergence pessimism
                         12.90   82.04   library hold time
                                 82.04   data required time
-----------------------------------------------------------------------------
                                 82.04   data required time
                               -113.03   data arrival time
-----------------------------------------------------------------------------
                                 31.00   slack (MET)


Startpoint: miim1.WCtrlData_q1$_DFF_PP0_
            (rising edge-triggered flip-flop clocked by wb_clk_i)
Endpoint: miim1.WCtrlData_q2$_DFF_PP0_
          (rising edge-triggered flip-flop clocked by wb_clk_i)
Path Group: wb_clk_i
Path Type: min

Fanout     Cap    Slew   Delay    Time   Description
-----------------------------------------------------------------------------
                          0.00    0.00   clock wb_clk_i (rise edge)
                          0.00    0.00   clock source latency
     1   20.97    0.00    0.00    0.00 ^ wb_clk_i (in)
                                         wb_clk_i (net)
                 54.15   17.08   17.08 ^ clkbuf_0_wb_clk_i/A (BUFx24_ASAP7_75t_R)
     4   18.93   15.09   29.64   46.72 ^ clkbuf_0_wb_clk_i/Y (BUFx24_ASAP7_75t_R)
                                         clknet_0_wb_clk_i (net)
                 22.26    5.39   52.12 ^ clkbuf_2_0_0_wb_clk_i/A (BUFx24_ASAP7_75t_R)
     4   17.52   11.58   22.01   74.13 ^ clkbuf_2_0_0_wb_clk_i/Y (BUFx24_ASAP7_75t_R)
                                         clknet_2_0_0_wb_clk_i (net)
                 29.87    8.57   82.70 ^ clkbuf_4_0_0_wb_clk_i/A (BUFx24_ASAP7_75t_R)
     2    7.66    9.26   23.54  106.23 ^ clkbuf_4_0_0_wb_clk_i/Y (BUFx24_ASAP7_75t_R)
                                         clknet_4_0_0_wb_clk_i (net)
                 12.03    2.66  108.90 ^ clkbuf_5_0__f_wb_clk_i/A (BUFx24_ASAP7_75t_R)
     6   19.14   14.38   20.26  129.16 ^ clkbuf_5_0__f_wb_clk_i/Y (BUFx24_ASAP7_75t_R)
                                         clknet_5_0__leaf_wb_clk_i (net)
                 17.78    3.61  132.77 ^ clkbuf_leaf_172_wb_clk_i/A (BUFx24_ASAP7_75t_R)
    21   12.90   11.21   21.52  154.29 ^ clkbuf_leaf_172_wb_clk_i/Y (BUFx24_ASAP7_75t_R)
                                         clknet_leaf_172_wb_clk_i (net)
                 11.46    0.77  155.06 ^ miim1.WCtrlData_q1$_DFF_PP0_/CLK (DFFASRHQNx1_ASAP7_75t_R)
     1    0.72   13.07   38.82  193.88 ^ miim1.WCtrlData_q1$_DFF_PP0_/QN (DFFASRHQNx1_ASAP7_75t_R)
                                         _001642_ (net)
                 13.08    0.07  193.96 ^ _056055_/A (INVx1_ASAP7_75t_R)
     1    0.76    7.29    6.50  200.45 v _056055_/Y (INVx1_ASAP7_75t_R)
                                         miim1.WCtrlData_q1 (net)
                  7.29    0.06  200.51 v miim1.WCtrlData_q2$_DFF_PP0_/D (DFFASRHQNx1_ASAP7_75t_R)
                                200.51   data arrival time

                          0.00    0.00   clock wb_clk_i (rise edge)
                          0.00    0.00   clock source latency
     1   21.57    0.00    0.00    0.00 ^ wb_clk_i (in)
                                         wb_clk_i (net)
                 57.01   17.98   17.98 ^ clkbuf_0_wb_clk_i/A (BUFx24_ASAP7_75t_R)
     4   21.33   16.35   30.28   48.26 ^ clkbuf_0_wb_clk_i/Y (BUFx24_ASAP7_75t_R)
                                         clknet_0_wb_clk_i (net)
                 24.92    6.13   54.39 ^ clkbuf_2_0_0_wb_clk_i/A (BUFx24_ASAP7_75t_R)
     4   19.92   12.56   22.73   77.12 ^ clkbuf_2_0_0_wb_clk_i/Y (BUFx24_ASAP7_75t_R)
                                         clknet_2_0_0_wb_clk_i (net)
                 34.21    9.93   87.05 ^ clkbuf_4_0_0_wb_clk_i/A (BUFx24_ASAP7_75t_R)
     2    8.87    9.77   24.72  111.77 ^ clkbuf_4_0_0_wb_clk_i/Y (BUFx24_ASAP7_75t_R)
                                         clknet_4_0_0_wb_clk_i (net)
                 13.44    3.11  114.88 ^ clkbuf_5_0__f_wb_clk_i/A (BUFx24_ASAP7_75t_R)
     6   22.74   16.21   21.04  135.92 ^ clkbuf_5_0__f_wb_clk_i/Y (BUFx24_ASAP7_75t_R)
                                         clknet_5_0__leaf_wb_clk_i (net)
                 20.57    4.35  140.27 ^ clkbuf_leaf_170_wb_clk_i/A (BUFx24_ASAP7_75t_R)
    24   16.90   13.22   22.73  163.00 ^ clkbuf_leaf_170_wb_clk_i/Y (BUFx24_ASAP7_75t_R)
                                         clknet_leaf_170_wb_clk_i (net)
                 14.68    2.21  165.21 ^ miim1.WCtrlData_q2$_DFF_PP0_/CLK (DFFASRHQNx1_ASAP7_75t_R)
                         -6.76  158.45   clock reconvergence pessimism
                         12.79  171.24   library hold time
                                171.24   data required time
-----------------------------------------------------------------------------
                                171.24   data required time
                               -200.51   data arrival time
-----------------------------------------------------------------------------
                                 29.27   slack (MET)



==========================================================================
global route report_checks -path_delay max
--------------------------------------------------------------------------
Startpoint: wb_rst_i (input port clocked by mrx_clk_pad_i)
Endpoint: wishbone.RxDataLatched2[19]$_DFFE_PP0P_
          (recovery check against rising-edge clock mrx_clk_pad_i)
Path Group: asynchronous
Path Type: max

Fanout     Cap    Slew   Delay    Time   Description
-----------------------------------------------------------------------------
                          0.00    0.00   clock mrx_clk_pad_i (rise edge)
                          0.00    0.00   clock network delay (propagated)
                         60.00   60.00 v input external delay
     1    2.65    0.00    0.00   60.00 v wb_rst_i (in)
                                         wb_rst_i (net)
                  0.94    0.30   60.30 v input1332/A (BUFx2_ASAP7_75t_R)
     2   17.94   54.60   26.24   86.53 v input1332/Y (BUFx2_ASAP7_75t_R)
                                         net1331 (net)
                 60.95    9.73   96.26 v _058948_/A (CKINVDCx20_ASAP7_75t_R)
     9   10.92   16.74   13.54  109.80 ^ _058948_/Y (CKINVDCx20_ASAP7_75t_R)
                                         _000240_ (net)
                 19.80    3.70  113.50 ^ place18262/A (BUFx3_ASAP7_75t_R)
     9   12.42   30.16   25.00  138.49 ^ place18262/Y (BUFx3_ASAP7_75t_R)
                                         net18259 (net)
                 32.51    4.47  142.96 ^ place18261/A (BUFx3_ASAP7_75t_R)
     8    9.37   24.75   24.14  167.10 ^ place18261/Y (BUFx3_ASAP7_75t_R)
                                         net18258 (net)
                 25.00    1.49  168.59 ^ place18258/A (BUFx3_ASAP7_75t_R)
     9    9.02   22.26   23.92  192.51 ^ place18258/Y (BUFx3_ASAP7_75t_R)
                                         net18255 (net)
                 22.40    1.00  193.51 ^ place18257/A (BUFx3_ASAP7_75t_R)
     7    7.10   18.11   21.75  215.27 ^ place18257/Y (BUFx3_ASAP7_75t_R)
                                         net18254 (net)
                 18.22    0.77  216.04 ^ wishbone.RxDataLatched2[19]$_DFFE_PP0P_/RESETN (DFFASRHQNx1_ASAP7_75t_R)
                                216.04   data arrival time

                        300.00  300.00   clock mrx_clk_pad_i (rise edge)
                          0.00  300.00   clock source latency
     1    7.04    0.00    0.00  300.00 ^ mrx_clk_pad_i (in)
                                         mrx_clk_pad_i (net)
                  6.08    1.92  301.92 ^ clkbuf_0_mrx_clk_pad_i/A (BUFx24_ASAP7_75t_R)
     2    8.23    9.07   17.15  319.07 ^ clkbuf_0_mrx_clk_pad_i/Y (BUFx24_ASAP7_75t_R)
                                         clknet_0_mrx_clk_pad_i (net)
                 10.05    1.47  320.54 ^ clkbuf_1_1__f_mrx_clk_pad_i/A (BUFx24_ASAP7_75t_R)
     7   21.75   15.60   19.61  340.16 ^ clkbuf_1_1__f_mrx_clk_pad_i/Y (BUFx24_ASAP7_75t_R)
                                         clknet_1_1__leaf_mrx_clk_pad_i (net)
                 19.82    4.10  344.26 ^ clkbuf_leaf_8_mrx_clk_pad_i/A (BUFx24_ASAP7_75t_R)
    22   16.43   12.99   22.15  366.41 ^ clkbuf_leaf_8_mrx_clk_pad_i/Y (BUFx24_ASAP7_75t_R)
                                         clknet_leaf_8_mrx_clk_pad_i (net)
                 17.28    3.86  370.27 ^ wishbone.RxDataLatched2[19]$_DFFE_PP0P_/CLK (DFFASRHQNx1_ASAP7_75t_R)
                          0.00  370.27   clock reconvergence pessimism
                         16.00  386.27   library recovery time
                                386.27   data required time
-----------------------------------------------------------------------------
                                386.27   data required time
                               -216.04   data arrival time
-----------------------------------------------------------------------------
                                170.23   slack (MET)


Startpoint: rxethmac1.rxcounters1.ByteCnt[3]$_DFFE_PP0P_
            (rising edge-triggered flip-flop clocked by mrx_clk_pad_i)
Endpoint: maccontrol1.receivecontrol1.PauseTimer[12]$_DFFE_PP0P_
          (rising edge-triggered flip-flop clocked by mrx_clk_pad_i)
Path Group: mrx_clk_pad_i
Path Type: max

Fanout     Cap    Slew   Delay    Time   Description
-----------------------------------------------------------------------------
                          0.00    0.00   clock mrx_clk_pad_i (rise edge)
                          0.00    0.00   clock source latency
     1    7.65    0.00    0.00    0.00 ^ mrx_clk_pad_i (in)
                                         mrx_clk_pad_i (net)
                  6.94    2.19    2.19 ^ clkbuf_0_mrx_clk_pad_i/A (BUFx24_ASAP7_75t_R)
     2    9.43    9.58   17.58   19.76 ^ clkbuf_0_mrx_clk_pad_i/Y (BUFx24_ASAP7_75t_R)
                                         clknet_0_mrx_clk_pad_i (net)
                 10.93    1.77   21.53 ^ clkbuf_1_0__f_mrx_clk_pad_i/A (BUFx24_ASAP7_75t_R)
     7   27.22   18.33   21.14   42.68 ^ clkbuf_1_0__f_mrx_clk_pad_i/Y (BUFx24_ASAP7_75t_R)
                                         clknet_1_0__leaf_mrx_clk_pad_i (net)
                 20.15    3.02   45.69 ^ clkbuf_leaf_2_mrx_clk_pad_i/A (BUFx24_ASAP7_75t_R)
    26   19.39   14.51   22.90   68.59 ^ clkbuf_leaf_2_mrx_clk_pad_i/Y (BUFx24_ASAP7_75t_R)
                                         clknet_leaf_2_mrx_clk_pad_i (net)
                 16.03    2.39   70.99 ^ rxethmac1.rxcounters1.ByteCnt[3]$_DFFE_PP0P_/CLK (DFFASRHQNx1_ASAP7_75t_R)
     3    2.89   27.72   49.35  120.34 ^ rxethmac1.rxcounters1.ByteCnt[3]$_DFFE_PP0P_/QN (DFFASRHQNx1_ASAP7_75t_R)
                                         _010615_ (net)
                 27.73    0.32  120.66 ^ rebuffer18434/A (BUFx3_ASAP7_75t_R)
     1    1.53    7.10   17.28  137.94 ^ rebuffer18434/Y (BUFx3_ASAP7_75t_R)
                                         net18431 (net)
                  7.11    0.13  138.07 ^ _066693_/A (INVx2_ASAP7_75t_R)
     2    1.93    6.76    5.54  143.60 v _066693_/Y (INVx2_ASAP7_75t_R)
                                         rxethmac1.rxcounters1.ByteCnt[3] (net)
                  6.76    0.09  143.69 v _101208_/B (HAxp5_ASAP7_75t_R)
     2    2.24   28.66   15.64  159.33 ^ _101208_/CON (HAxp5_ASAP7_75t_R)
                                         _010620_ (net)
                 28.68    0.31  159.63 ^ _066706_/A (NOR2x1_ASAP7_75t_R)
     4    3.51   41.31   20.47  180.10 v _066706_/Y (NOR2x1_ASAP7_75t_R)
                                         _031793_ (net)
                 41.31    0.31  180.42 v rebuffer18429/A (BUFx3_ASAP7_75t_R)
     2    2.03    8.12   22.33  202.75 v rebuffer18429/Y (BUFx3_ASAP7_75t_R)
                                         net18426 (net)
                  8.14    0.16  202.90 v _069911_/A (NAND2x1_ASAP7_75t_R)
     1    1.16   12.15    9.96  212.87 ^ _069911_/Y (NAND2x1_ASAP7_75t_R)
                                         _034226_ (net)
                 12.15    0.13  213.00 ^ _069912_/A (XOR2x2_ASAP7_75t_R)
     3    3.13   14.14   28.40  241.40 ^ _069912_/Y (XOR2x2_ASAP7_75t_R)
                                         RxByteCnt[6] (net)
                 14.16    0.29  241.68 ^ _101308_/B (HAxp5_ASAP7_75t_R)
     1    1.39   31.35   14.34  256.02 v _101308_/CON (HAxp5_ASAP7_75t_R)
                                         _010861_ (net)
     1    1.43   32.21   14.67  270.69 ^ _101308_/SN (HAxp5_ASAP7_75t_R)
                                         _010862_ (net)
                 32.21    0.19  270.88 ^ _066735_/B (NOR2x1_ASAP7_75t_R)
     2    1.53   18.84   13.56  284.44 v _066735_/Y (NOR2x1_ASAP7_75t_R)
                                         _031817_ (net)
                 18.84    0.14  284.58 v _066739_/A (AND3x1_ASAP7_75t_R)
     2    1.71   11.21   16.58  301.17 v _066739_/Y (AND3x1_ASAP7_75t_R)
                                         _031821_ (net)
                 11.21    0.14  301.30 v _066748_/B1 (AO221x1_ASAP7_75t_R)
     1    1.22   11.25   22.24  323.55 v _066748_/Y (AO221x1_ASAP7_75t_R)
                                         _031830_ (net)
                 11.26    0.08  323.63 v _066749_/B (NAND2x1_ASAP7_75t_R)
     1    1.01   13.01    8.92  332.54 ^ _066749_/Y (NAND2x1_ASAP7_75t_R)
                                         _031831_ (net)
                 13.02    0.13  332.68 ^ _066753_/B (AND3x2_ASAP7_75t_R)
     2    2.84   14.89   24.64  357.32 ^ _066753_/Y (AND3x2_ASAP7_75t_R)
                                         _031835_ (net)
                 14.99    0.65  357.97 ^ _067465_/A2 (AOI21x1_ASAP7_75t_R)
     2    4.38   26.12   14.83  372.81 v _067465_/Y (AOI21x1_ASAP7_75t_R)
                                         _032468_ (net)
                 26.41    1.52  374.32 v place12844/A (BUFx3_ASAP7_75t_R)
     2    2.57    8.30   19.59  393.91 v place12844/Y (BUFx3_ASAP7_75t_R)
                                         net12841 (net)
                  8.30    0.11  394.02 v _067505_/A2 (AOI21x1_ASAP7_75t_R)
     2    2.46   24.60   12.79  406.81 ^ _067505_/Y (AOI21x1_ASAP7_75t_R)
                                         _032508_ (net)
                 24.61    0.24  407.05 ^ place12837/A (BUFx6f_ASAP7_75t_R)
     9   11.69   17.10   19.32  426.36 ^ place12837/Y (BUFx6f_ASAP7_75t_R)
                                         net12834 (net)
                 19.77    3.53  429.90 ^ _068961_/B (NAND2x1_ASAP7_75t_R)
     1    1.42   12.68    9.79  439.68 v _068961_/Y (NAND2x1_ASAP7_75t_R)
                                         _033630_ (net)
                 12.69    0.20  439.88 v _068969_/A (NAND2x1_ASAP7_75t_R)
     1    1.01   12.23   11.00  450.88 ^ _068969_/Y (NAND2x1_ASAP7_75t_R)
                                         _019607_ (net)
                 12.23    0.13  451.02 ^ maccontrol1.receivecontrol1.PauseTimer[12]$_DFFE_PP0P_/D (DFFASRHQNx1_ASAP7_75t_R)
                                451.02   data arrival time

                        300.00  300.00   clock mrx_clk_pad_i (rise edge)
                          0.00  300.00   clock source latency
     1    7.04    0.00    0.00  300.00 ^ mrx_clk_pad_i (in)
                                         mrx_clk_pad_i (net)
                  6.08    1.92  301.92 ^ clkbuf_0_mrx_clk_pad_i/A (BUFx24_ASAP7_75t_R)
     2    8.23    9.07   17.15  319.07 ^ clkbuf_0_mrx_clk_pad_i/Y (BUFx24_ASAP7_75t_R)
                                         clknet_0_mrx_clk_pad_i (net)
                 10.05    1.47  320.54 ^ clkbuf_1_1__f_mrx_clk_pad_i/A (BUFx24_ASAP7_75t_R)
     7   21.75   15.60   19.61  340.16 ^ clkbuf_1_1__f_mrx_clk_pad_i/Y (BUFx24_ASAP7_75t_R)
                                         clknet_1_1__leaf_mrx_clk_pad_i (net)
                 22.29    5.27  345.43 ^ clkbuf_leaf_9_mrx_clk_pad_i/A (BUFx24_ASAP7_75t_R)
    29   16.61   13.09   23.32  368.75 ^ clkbuf_leaf_9_mrx_clk_pad_i/Y (BUFx24_ASAP7_75t_R)
                                         clknet_leaf_9_mrx_clk_pad_i (net)
                 13.71    1.44  370.19 ^ maccontrol1.receivecontrol1.PauseTimer[12]$_DFFE_PP0P_/CLK (DFFASRHQNx1_ASAP7_75t_R)
                          0.69  370.88   clock reconvergence pessimism
                        -11.63  359.25   library setup time
                                359.25   data required time
-----------------------------------------------------------------------------
                                359.25   data required time
                               -451.02   data arrival time
-----------------------------------------------------------------------------
                                -91.77   slack (VIOLATED)


Startpoint: txethmac1.txcounters1.NibCnt[15]$_DFFE_PP0P_
            (rising edge-triggered flip-flop clocked by mtx_clk_pad_i)
Endpoint: txethmac1.txcounters1.NibCnt[5]$_DFFE_PP0P_
          (rising edge-triggered flip-flop clocked by mtx_clk_pad_i)
Path Group: mtx_clk_pad_i
Path Type: max

Fanout     Cap    Slew   Delay    Time   Description
-----------------------------------------------------------------------------
                          0.00    0.00   clock mtx_clk_pad_i (rise edge)
                          0.00    0.00   clock source latency
     1    9.13    0.00    0.00    0.00 ^ mtx_clk_pad_i (in)
                                         mtx_clk_pad_i (net)
                 10.02    3.16    3.16 ^ clkbuf_0_mtx_clk_pad_i/A (BUFx24_ASAP7_75t_R)
     2    7.54    8.82   18.26   21.42 ^ clkbuf_0_mtx_clk_pad_i/Y (BUFx24_ASAP7_75t_R)
                                         clknet_0_mtx_clk_pad_i (net)
                  9.61    1.31   22.72 ^ clkbuf_1_1__f_mtx_clk_pad_i/A (BUFx24_ASAP7_75t_R)
     6   20.07   14.67   19.94   42.67 ^ clkbuf_1_1__f_mtx_clk_pad_i/Y (BUFx24_ASAP7_75t_R)
                                         clknet_1_1__leaf_mtx_clk_pad_i (net)
                 16.34    2.53   45.20 ^ clkbuf_leaf_5_mtx_clk_pad_i/A (BUFx24_ASAP7_75t_R)
    24   17.83   13.63   21.57   66.77 ^ clkbuf_leaf_5_mtx_clk_pad_i/Y (BUFx24_ASAP7_75t_R)
                                         clknet_leaf_5_mtx_clk_pad_i (net)
                 15.81    2.78   69.56 ^ txethmac1.txcounters1.NibCnt[15]$_DFFE_PP0P_/CLK (DFFASRHQNx1_ASAP7_75t_R)
     2    1.73   20.89   44.81  114.37 v txethmac1.txcounters1.NibCnt[15]$_DFFE_PP0P_/QN (DFFASRHQNx1_ASAP7_75t_R)
                                         _000226_ (net)
                 20.90    0.14  114.51 v _067310_/A (INVx1_ASAP7_75t_R)
     1    1.40   13.94   11.49  126.00 ^ _067310_/Y (INVx1_ASAP7_75t_R)
                                         txethmac1.NibCnt[15] (net)
                 13.95    0.18  126.17 ^ _101254_/A (HAxp5_ASAP7_75t_R)
     2    2.38   43.63   39.60  165.77 v _101254_/SN (HAxp5_ASAP7_75t_R)
                                         _010717_ (net)
                 43.63    0.31  166.08 v _057774_/A (NOR2x1_ASAP7_75t_R)
     2    1.76   18.97   16.12  182.20 ^ _057774_/Y (NOR2x1_ASAP7_75t_R)
                                         _023032_ (net)
                 18.97    0.09  182.30 ^ _057777_/B (AND3x1_ASAP7_75t_R)
     1    1.01   10.85   20.39  202.68 ^ _057777_/Y (AND3x1_ASAP7_75t_R)
                                         _023035_ (net)
                 10.86    0.12  202.81 ^ _057778_/A (INVx1_ASAP7_75t_R)
     2    1.45    9.95    8.13  210.94 v _057778_/Y (INVx1_ASAP7_75t_R)
                                         _023036_ (net)
                  9.96    0.07  211.01 v _057779_/A (OR5x1_ASAP7_75t_R)
     1    0.71   11.25   25.78  236.79 v _057779_/Y (OR5x1_ASAP7_75t_R)
                                         _023037_ (net)
                 11.25    0.04  236.82 v _057780_/B (AO21x1_ASAP7_75t_R)
     1    1.42   10.58   18.41  255.23 v _057780_/Y (AO21x1_ASAP7_75t_R)
                                         _023038_ (net)
                 10.59    0.15  255.38 v _057798_/A1 (AOI21x1_ASAP7_75t_R)
     2    2.93   25.05   13.90  269.29 ^ _057798_/Y (AOI21x1_ASAP7_75t_R)
                                         _023056_ (net)
                 25.10    0.66  269.94 ^ _057876_/A2 (AOI21x1_ASAP7_75t_R)
     3    3.56   27.14   15.40  285.34 v _057876_/Y (AOI21x1_ASAP7_75t_R)
                                         _023133_ (net)
                 27.15    0.14  285.48 v _057879_/A2 (OAI21x1_ASAP7_75t_R)
     2    2.79   24.28   17.75  303.22 ^ _057879_/Y (OAI21x1_ASAP7_75t_R)
                                         _023136_ (net)
                 24.29    0.36  303.59 ^ _067345_/A2 (AOI21x1_ASAP7_75t_R)
     2    3.38   26.55   14.81  318.39 v _067345_/Y (AOI21x1_ASAP7_75t_R)
                                         _032374_ (net)
                 26.57    0.43  318.82 v _067346_/B (NAND2x2_ASAP7_75t_R)
     4    4.89   22.28   17.54  336.37 ^ _067346_/Y (NAND2x2_ASAP7_75t_R)
                                         _032375_ (net)
                 22.29    0.22  336.59 ^ place12829/A (BUFx6f_ASAP7_75t_R)
     6   18.68   24.54   22.35  358.94 ^ place12829/Y (BUFx6f_ASAP7_75t_R)
                                         net12826 (net)
                 25.77    2.96  361.90 ^ _068763_/A (NOR3x2_ASAP7_75t_R)
     1    1.10   12.80   10.33  372.23 v _068763_/Y (NOR3x2_ASAP7_75t_R)
                                         _019912_ (net)
                 12.80    0.16  372.39 v txethmac1.txcounters1.NibCnt[5]$_DFFE_PP0P_/D (DFFASRHQNx1_ASAP7_75t_R)
                                372.39   data arrival time

                        300.00  300.00   clock mtx_clk_pad_i (rise edge)
                          0.00  300.00   clock source latency
     1    8.53    0.00    0.00  300.00 ^ mtx_clk_pad_i (in)
                                         mtx_clk_pad_i (net)
                  8.94    2.82  302.82 ^ clkbuf_0_mtx_clk_pad_i/A (BUFx24_ASAP7_75t_R)
     2    6.34    8.40   17.76  320.58 ^ clkbuf_0_mtx_clk_pad_i/Y (BUFx24_ASAP7_75t_R)
                                         clknet_0_mtx_clk_pad_i (net)
                  8.89    1.08  321.66 ^ clkbuf_1_1__f_mtx_clk_pad_i/A (BUFx24_ASAP7_75t_R)
     6   16.46   12.92   19.25  340.90 ^ clkbuf_1_1__f_mtx_clk_pad_i/Y (BUFx24_ASAP7_75t_R)
                                         clknet_1_1__leaf_mtx_clk_pad_i (net)
                 13.91    1.79  342.69 ^ clkbuf_leaf_2_mtx_clk_pad_i/A (BUFx24_ASAP7_75t_R)
    25   14.79   12.20   20.37  363.06 ^ clkbuf_leaf_2_mtx_clk_pad_i/Y (BUFx24_ASAP7_75t_R)
                                         clknet_leaf_2_mtx_clk_pad_i (net)
                 12.70    1.19  364.25 ^ txethmac1.txcounters1.NibCnt[5]$_DFFE_PP0P_/CLK (DFFASRHQNx1_ASAP7_75t_R)
                          1.76  366.02   clock reconvergence pessimism
                         -3.42  362.60   library setup time
                                362.60   data required time
-----------------------------------------------------------------------------
                                362.60   data required time
                               -372.39   data arrival time
-----------------------------------------------------------------------------
                                 -9.79   slack (VIOLATED)


Startpoint: _tray_size4_20045
            (rising edge-triggered flip-flop clocked by wb_clk_i)
Endpoint: wishbone.TxBDReady$_DFFE_PP0P_
          (rising edge-triggered flip-flop clocked by wb_clk_i)
Path Group: wb_clk_i
Path Type: max

Fanout     Cap    Slew   Delay    Time   Description
-----------------------------------------------------------------------------
                          0.00    0.00   clock wb_clk_i (rise edge)
                          0.00    0.00   clock source latency
     1   21.57    0.00    0.00    0.00 ^ wb_clk_i (in)
                                         wb_clk_i (net)
                 57.01   17.98   17.98 ^ clkbuf_0_wb_clk_i/A (BUFx24_ASAP7_75t_R)
     4   21.33   16.35   30.28   48.26 ^ clkbuf_0_wb_clk_i/Y (BUFx24_ASAP7_75t_R)
                                         clknet_0_wb_clk_i (net)
                 24.73    6.05   54.31 ^ clkbuf_2_2_0_wb_clk_i/A (BUFx24_ASAP7_75t_R)
     4   20.40   11.54   22.59   76.90 ^ clkbuf_2_2_0_wb_clk_i/Y (BUFx24_ASAP7_75t_R)
                                         clknet_2_2_0_wb_clk_i (net)
                 32.12    9.02   85.92 ^ clkbuf_4_9_0_wb_clk_i/A (BUFx24_ASAP7_75t_R)
     2    7.94    9.59   24.23  110.15 ^ clkbuf_4_9_0_wb_clk_i/Y (BUFx24_ASAP7_75t_R)
                                         clknet_4_9_0_wb_clk_i (net)
                 11.23    2.07  112.22 ^ clkbuf_5_18__f_wb_clk_i/A (BUFx24_ASAP7_75t_R)
     6   24.83   17.16   20.23  132.45 ^ clkbuf_5_18__f_wb_clk_i/Y (BUFx24_ASAP7_75t_R)
                                         clknet_5_18__leaf_wb_clk_i (net)
                 20.13    3.59  136.04 ^ clkbuf_leaf_61_wb_clk_i/A (BUFx24_ASAP7_75t_R)
    14   14.14   11.96   22.14  158.18 ^ clkbuf_leaf_61_wb_clk_i/Y (BUFx24_ASAP7_75t_R)
                                         clknet_leaf_61_wb_clk_i (net)
                 13.04    1.76  159.94 ^ _tray_size4_20045/CLK (DFFHQNH2V2Xx1_ASAP7_75t_R)
     8   23.52  228.34  140.54  300.49 ^ _tray_size4_20045/QN0 (DFFHQNH2V2Xx1_ASAP7_75t_R)
                                         _010538_ (net)
                229.28    8.53  309.02 ^ _056186_/A (INVx3_ASAP7_75t_R)
    10   16.08   83.57   41.23  350.25 v _056186_/Y (INVx3_ASAP7_75t_R)
                                         _021454_ (net)
                 83.58    0.67  350.91 v place16457/A (BUFx3_ASAP7_75t_R)
     9   15.75   34.18   39.38  390.30 v place16457/Y (BUFx3_ASAP7_75t_R)
                                         net16454 (net)
                 34.28    1.18  391.47 v place16406/A (BUFx3_ASAP7_75t_R)
     8    8.23   19.24   25.81  417.28 v place16406/Y (BUFx3_ASAP7_75t_R)
                                         net16403 (net)
                 20.21    2.33  419.61 v place16405/A (BUFx3_ASAP7_75t_R)
     8   15.33   33.05   24.44  444.05 v place16405/Y (BUFx3_ASAP7_75t_R)
                                         net16402 (net)
                 37.12    5.97  450.02 v place16388/A (BUFx3_ASAP7_75t_R)
     9   10.03   22.24   28.16  478.18 v place16388/Y (BUFx3_ASAP7_75t_R)
                                         net16385 (net)
                 22.27    0.47  478.65 v place16379/A (BUFx3_ASAP7_75t_R)
     7    8.67   19.70   23.11  501.76 v place16379/Y (BUFx3_ASAP7_75t_R)
                                         net16376 (net)
                 21.17    2.87  504.63 v place16378/A (BUFx3_ASAP7_75t_R)
     7    8.98   19.90   23.37  528.00 v place16378/Y (BUFx3_ASAP7_75t_R)
                                         net16375 (net)
                 20.70    2.15  530.16 v place16377/A (BUFx3_ASAP7_75t_R)
     7    6.87   16.40   21.32  551.48 v place16377/Y (BUFx3_ASAP7_75t_R)
                                         net16374 (net)
                 16.49    0.74  552.22 v place16376/A (BUFx3_ASAP7_75t_R)
     9    9.65   20.99   22.54  574.76 v place16376/Y (BUFx3_ASAP7_75t_R)
                                         net16373 (net)
                 21.22    1.25  576.01 v place16375/A (BUFx3_ASAP7_75t_R)
     7    6.94   16.08   21.90  597.91 v place16375/Y (BUFx3_ASAP7_75t_R)
                                         net16372 (net)
                 16.27    0.99  598.90 v _056671_/B (AO21x1_ASAP7_75t_R)
     1    0.96    8.89   18.12  617.02 v _056671_/Y (AO21x1_ASAP7_75t_R)
                                         _021939_ (net)
                  8.89    0.12  617.14 v _056672_/B (AO21x1_ASAP7_75t_R)
     1    0.86    8.34   16.26  633.40 v _056672_/Y (AO21x1_ASAP7_75t_R)
                                         _021940_ (net)
                  8.35    0.09  633.49 v _056673_/A2 (AO21x1_ASAP7_75t_R)
     1    0.62    6.86   14.13  647.62 v _056673_/Y (AO21x1_ASAP7_75t_R)
                                         _021941_ (net)
                  6.87    0.03  647.65 v _056674_/B (AND2x2_ASAP7_75t_R)
     1    3.15   11.90   16.89  664.54 v _056674_/Y (AND2x2_ASAP7_75t_R)
                                         _021942_ (net)
                 12.05    0.73  665.26 v _056738_/A1 (OAI21x1_ASAP7_75t_R)
     1    3.42   26.25   16.51  681.77 ^ _056738_/Y (OAI21x1_ASAP7_75t_R)
                                         _022006_ (net)
                 26.34    0.86  682.63 ^ _056817_/A (NAND2x1_ASAP7_75t_R)
     1    1.48   17.41   10.18  692.81 v _056817_/Y (NAND2x1_ASAP7_75t_R)
                                         _022085_ (net)
                 17.41    0.13  692.94 v _056959_/A1 (AOI21x1_ASAP7_75t_R)
     1    4.05   49.40   17.95  710.89 ^ _056959_/Y (AOI21x1_ASAP7_75t_R)
                                         _022227_ (net)
                 49.66    1.97  712.86 ^ _056960_/B (NAND2x1_ASAP7_75t_R)
     1    2.14   21.62   15.34  728.20 v _056960_/Y (NAND2x1_ASAP7_75t_R)
                                         _022228_ (net)
                 21.67    0.58  728.78 v place12863/A (BUFx3_ASAP7_75t_R)
     6   26.94   52.11   22.27  751.05 v place12863/Y (BUFx3_ASAP7_75t_R)
                                         net12860 (net)
                141.07   43.23  794.28 v _063932_/A (NAND2x1_ASAP7_75t_R)
     1    1.31   34.97   33.83  828.11 ^ _063932_/Y (NAND2x1_ASAP7_75t_R)
                                         _029141_ (net)
                 34.97    0.15  828.26 ^ _064845_/A (NOR2x1_ASAP7_75t_R)
     1    1.35   16.83   15.52  843.79 v _064845_/Y (NOR2x1_ASAP7_75t_R)
                                         _030054_ (net)
                 16.83    0.17  843.95 v _064846_/B (NAND2x1_ASAP7_75t_R)
     1    1.18   13.63   10.97  854.92 ^ _064846_/Y (NAND2x1_ASAP7_75t_R)
                                         _030055_ (net)
                 13.63    0.07  854.99 ^ _065320_/A2 (OAI21x1_ASAP7_75t_R)
     1    1.18   16.08    8.56  863.55 v _065320_/Y (OAI21x1_ASAP7_75t_R)
                                         _030529_ (net)
                 16.08    0.07  863.61 v _065321_/B (NAND2x1_ASAP7_75t_R)
     1    0.77   10.84    9.32  872.93 ^ _065321_/Y (NAND2x1_ASAP7_75t_R)
                                         _012244_ (net)
                 10.84    0.07  873.00 ^ wishbone.TxBDReady$_DFFE_PP0P_/D (DFFASRHQNx1_ASAP7_75t_R)
                                873.00   data arrival time

                       1000.00 1000.00   clock wb_clk_i (rise edge)
                          0.00 1000.00   clock source latency
     1   20.97    0.00    0.00 1000.00 ^ wb_clk_i (in)
                                         wb_clk_i (net)
                 54.15   17.08 1017.08 ^ clkbuf_0_wb_clk_i/A (BUFx24_ASAP7_75t_R)
     4   18.93   15.09   29.64 1046.72 ^ clkbuf_0_wb_clk_i/Y (BUFx24_ASAP7_75t_R)
                                         clknet_0_wb_clk_i (net)
                 21.74    5.16 1051.88 ^ clkbuf_2_1_0_wb_clk_i/A (BUFx24_ASAP7_75t_R)
     4   16.87   11.77   21.90 1073.78 ^ clkbuf_2_1_0_wb_clk_i/Y (BUFx24_ASAP7_75t_R)
                                         clknet_2_1_0_wb_clk_i (net)
                 27.11    7.61 1081.39 ^ clkbuf_4_4_0_wb_clk_i/A (BUFx24_ASAP7_75t_R)
     2    7.13    9.08   22.89 1104.28 ^ clkbuf_4_4_0_wb_clk_i/Y (BUFx24_ASAP7_75t_R)
                                         clknet_4_4_0_wb_clk_i (net)
                  9.98    1.49 1105.77 ^ clkbuf_5_9__f_wb_clk_i/A (BUFx24_ASAP7_75t_R)
     6   19.12   14.30   19.89 1125.66 ^ clkbuf_5_9__f_wb_clk_i/Y (BUFx24_ASAP7_75t_R)
                                         clknet_5_9__leaf_wb_clk_i (net)
                 15.79    2.36 1128.02 ^ clkbuf_leaf_147_wb_clk_i/A (BUFx24_ASAP7_75t_R)
    20   14.66   12.10   20.78 1148.81 ^ clkbuf_leaf_147_wb_clk_i/Y (BUFx24_ASAP7_75t_R)
                                         clknet_leaf_147_wb_clk_i (net)
                 15.51    3.29 1152.10 ^ wishbone.TxBDReady$_DFFE_PP0P_/CLK (DFFASRHQNx1_ASAP7_75t_R)
                          1.54 1153.64   clock reconvergence pessimism
                        -11.07 1142.57   library setup time
                               1142.57   data required time
-----------------------------------------------------------------------------
                               1142.57   data required time
                               -873.00   data arrival time
-----------------------------------------------------------------------------
                                269.57   slack (MET)



==========================================================================
global route report_checks -unconstrained
--------------------------------------------------------------------------
Startpoint: wb_rst_i (input port clocked by mrx_clk_pad_i)
Endpoint: wishbone.RxDataLatched2[19]$_DFFE_PP0P_
          (recovery check against rising-edge clock mrx_clk_pad_i)
Path Group: asynchronous
Path Type: max

Fanout     Cap    Slew   Delay    Time   Description
-----------------------------------------------------------------------------
                          0.00    0.00   clock mrx_clk_pad_i (rise edge)
                          0.00    0.00   clock network delay (propagated)
                         60.00   60.00 v input external delay
     1    2.65    0.00    0.00   60.00 v wb_rst_i (in)
                                         wb_rst_i (net)
                  0.94    0.30   60.30 v input1332/A (BUFx2_ASAP7_75t_R)
     2   17.94   54.60   26.24   86.53 v input1332/Y (BUFx2_ASAP7_75t_R)
                                         net1331 (net)
                 60.95    9.73   96.26 v _058948_/A (CKINVDCx20_ASAP7_75t_R)
     9   10.92   16.74   13.54  109.80 ^ _058948_/Y (CKINVDCx20_ASAP7_75t_R)
                                         _000240_ (net)
                 19.80    3.70  113.50 ^ place18262/A (BUFx3_ASAP7_75t_R)
     9   12.42   30.16   25.00  138.49 ^ place18262/Y (BUFx3_ASAP7_75t_R)
                                         net18259 (net)
                 32.51    4.47  142.96 ^ place18261/A (BUFx3_ASAP7_75t_R)
     8    9.37   24.75   24.14  167.10 ^ place18261/Y (BUFx3_ASAP7_75t_R)
                                         net18258 (net)
                 25.00    1.49  168.59 ^ place18258/A (BUFx3_ASAP7_75t_R)
     9    9.02   22.26   23.92  192.51 ^ place18258/Y (BUFx3_ASAP7_75t_R)
                                         net18255 (net)
                 22.40    1.00  193.51 ^ place18257/A (BUFx3_ASAP7_75t_R)
     7    7.10   18.11   21.75  215.27 ^ place18257/Y (BUFx3_ASAP7_75t_R)
                                         net18254 (net)
                 18.22    0.77  216.04 ^ wishbone.RxDataLatched2[19]$_DFFE_PP0P_/RESETN (DFFASRHQNx1_ASAP7_75t_R)
                                216.04   data arrival time

                        300.00  300.00   clock mrx_clk_pad_i (rise edge)
                          0.00  300.00   clock source latency
     1    7.04    0.00    0.00  300.00 ^ mrx_clk_pad_i (in)
                                         mrx_clk_pad_i (net)
                  6.08    1.92  301.92 ^ clkbuf_0_mrx_clk_pad_i/A (BUFx24_ASAP7_75t_R)
     2    8.23    9.07   17.15  319.07 ^ clkbuf_0_mrx_clk_pad_i/Y (BUFx24_ASAP7_75t_R)
                                         clknet_0_mrx_clk_pad_i (net)
                 10.05    1.47  320.54 ^ clkbuf_1_1__f_mrx_clk_pad_i/A (BUFx24_ASAP7_75t_R)
     7   21.75   15.60   19.61  340.16 ^ clkbuf_1_1__f_mrx_clk_pad_i/Y (BUFx24_ASAP7_75t_R)
                                         clknet_1_1__leaf_mrx_clk_pad_i (net)
                 19.82    4.10  344.26 ^ clkbuf_leaf_8_mrx_clk_pad_i/A (BUFx24_ASAP7_75t_R)
    22   16.43   12.99   22.15  366.41 ^ clkbuf_leaf_8_mrx_clk_pad_i/Y (BUFx24_ASAP7_75t_R)
                                         clknet_leaf_8_mrx_clk_pad_i (net)
                 17.28    3.86  370.27 ^ wishbone.RxDataLatched2[19]$_DFFE_PP0P_/CLK (DFFASRHQNx1_ASAP7_75t_R)
                          0.00  370.27   clock reconvergence pessimism
                         16.00  386.27   library recovery time
                                386.27   data required time
-----------------------------------------------------------------------------
                                386.27   data required time
                               -216.04   data arrival time
-----------------------------------------------------------------------------
                                170.23   slack (MET)


Startpoint: rxethmac1.rxcounters1.ByteCnt[3]$_DFFE_PP0P_
            (rising edge-triggered flip-flop clocked by mrx_clk_pad_i)
Endpoint: maccontrol1.receivecontrol1.PauseTimer[12]$_DFFE_PP0P_
          (rising edge-triggered flip-flop clocked by mrx_clk_pad_i)
Path Group: mrx_clk_pad_i
Path Type: max

Fanout     Cap    Slew   Delay    Time   Description
-----------------------------------------------------------------------------
                          0.00    0.00   clock mrx_clk_pad_i (rise edge)
                          0.00    0.00   clock source latency
     1    7.65    0.00    0.00    0.00 ^ mrx_clk_pad_i (in)
                                         mrx_clk_pad_i (net)
                  6.94    2.19    2.19 ^ clkbuf_0_mrx_clk_pad_i/A (BUFx24_ASAP7_75t_R)
     2    9.43    9.58   17.58   19.76 ^ clkbuf_0_mrx_clk_pad_i/Y (BUFx24_ASAP7_75t_R)
                                         clknet_0_mrx_clk_pad_i (net)
                 10.93    1.77   21.53 ^ clkbuf_1_0__f_mrx_clk_pad_i/A (BUFx24_ASAP7_75t_R)
     7   27.22   18.33   21.14   42.68 ^ clkbuf_1_0__f_mrx_clk_pad_i/Y (BUFx24_ASAP7_75t_R)
                                         clknet_1_0__leaf_mrx_clk_pad_i (net)
                 20.15    3.02   45.69 ^ clkbuf_leaf_2_mrx_clk_pad_i/A (BUFx24_ASAP7_75t_R)
    26   19.39   14.51   22.90   68.59 ^ clkbuf_leaf_2_mrx_clk_pad_i/Y (BUFx24_ASAP7_75t_R)
                                         clknet_leaf_2_mrx_clk_pad_i (net)
                 16.03    2.39   70.99 ^ rxethmac1.rxcounters1.ByteCnt[3]$_DFFE_PP0P_/CLK (DFFASRHQNx1_ASAP7_75t_R)
     3    2.89   27.72   49.35  120.34 ^ rxethmac1.rxcounters1.ByteCnt[3]$_DFFE_PP0P_/QN (DFFASRHQNx1_ASAP7_75t_R)
                                         _010615_ (net)
                 27.73    0.32  120.66 ^ rebuffer18434/A (BUFx3_ASAP7_75t_R)
     1    1.53    7.10   17.28  137.94 ^ rebuffer18434/Y (BUFx3_ASAP7_75t_R)
                                         net18431 (net)
                  7.11    0.13  138.07 ^ _066693_/A (INVx2_ASAP7_75t_R)
     2    1.93    6.76    5.54  143.60 v _066693_/Y (INVx2_ASAP7_75t_R)
                                         rxethmac1.rxcounters1.ByteCnt[3] (net)
                  6.76    0.09  143.69 v _101208_/B (HAxp5_ASAP7_75t_R)
     2    2.24   28.66   15.64  159.33 ^ _101208_/CON (HAxp5_ASAP7_75t_R)
                                         _010620_ (net)
                 28.68    0.31  159.63 ^ _066706_/A (NOR2x1_ASAP7_75t_R)
     4    3.51   41.31   20.47  180.10 v _066706_/Y (NOR2x1_ASAP7_75t_R)
                                         _031793_ (net)
                 41.31    0.31  180.42 v rebuffer18429/A (BUFx3_ASAP7_75t_R)
     2    2.03    8.12   22.33  202.75 v rebuffer18429/Y (BUFx3_ASAP7_75t_R)
                                         net18426 (net)
                  8.14    0.16  202.90 v _069911_/A (NAND2x1_ASAP7_75t_R)
     1    1.16   12.15    9.96  212.87 ^ _069911_/Y (NAND2x1_ASAP7_75t_R)
                                         _034226_ (net)
                 12.15    0.13  213.00 ^ _069912_/A (XOR2x2_ASAP7_75t_R)
     3    3.13   14.14   28.40  241.40 ^ _069912_/Y (XOR2x2_ASAP7_75t_R)
                                         RxByteCnt[6] (net)
                 14.16    0.29  241.68 ^ _101308_/B (HAxp5_ASAP7_75t_R)
     1    1.39   31.35   14.34  256.02 v _101308_/CON (HAxp5_ASAP7_75t_R)
                                         _010861_ (net)
     1    1.43   32.21   14.67  270.69 ^ _101308_/SN (HAxp5_ASAP7_75t_R)
                                         _010862_ (net)
                 32.21    0.19  270.88 ^ _066735_/B (NOR2x1_ASAP7_75t_R)
     2    1.53   18.84   13.56  284.44 v _066735_/Y (NOR2x1_ASAP7_75t_R)
                                         _031817_ (net)
                 18.84    0.14  284.58 v _066739_/A (AND3x1_ASAP7_75t_R)
     2    1.71   11.21   16.58  301.17 v _066739_/Y (AND3x1_ASAP7_75t_R)
                                         _031821_ (net)
                 11.21    0.14  301.30 v _066748_/B1 (AO221x1_ASAP7_75t_R)
     1    1.22   11.25   22.24  323.55 v _066748_/Y (AO221x1_ASAP7_75t_R)
                                         _031830_ (net)
                 11.26    0.08  323.63 v _066749_/B (NAND2x1_ASAP7_75t_R)
     1    1.01   13.01    8.92  332.54 ^ _066749_/Y (NAND2x1_ASAP7_75t_R)
                                         _031831_ (net)
                 13.02    0.13  332.68 ^ _066753_/B (AND3x2_ASAP7_75t_R)
     2    2.84   14.89   24.64  357.32 ^ _066753_/Y (AND3x2_ASAP7_75t_R)
                                         _031835_ (net)
                 14.99    0.65  357.97 ^ _067465_/A2 (AOI21x1_ASAP7_75t_R)
     2    4.38   26.12   14.83  372.81 v _067465_/Y (AOI21x1_ASAP7_75t_R)
                                         _032468_ (net)
                 26.41    1.52  374.32 v place12844/A (BUFx3_ASAP7_75t_R)
     2    2.57    8.30   19.59  393.91 v place12844/Y (BUFx3_ASAP7_75t_R)
                                         net12841 (net)
                  8.30    0.11  394.02 v _067505_/A2 (AOI21x1_ASAP7_75t_R)
     2    2.46   24.60   12.79  406.81 ^ _067505_/Y (AOI21x1_ASAP7_75t_R)
                                         _032508_ (net)
                 24.61    0.24  407.05 ^ place12837/A (BUFx6f_ASAP7_75t_R)
     9   11.69   17.10   19.32  426.36 ^ place12837/Y (BUFx6f_ASAP7_75t_R)
                                         net12834 (net)
                 19.77    3.53  429.90 ^ _068961_/B (NAND2x1_ASAP7_75t_R)
     1    1.42   12.68    9.79  439.68 v _068961_/Y (NAND2x1_ASAP7_75t_R)
                                         _033630_ (net)
                 12.69    0.20  439.88 v _068969_/A (NAND2x1_ASAP7_75t_R)
     1    1.01   12.23   11.00  450.88 ^ _068969_/Y (NAND2x1_ASAP7_75t_R)
                                         _019607_ (net)
                 12.23    0.13  451.02 ^ maccontrol1.receivecontrol1.PauseTimer[12]$_DFFE_PP0P_/D (DFFASRHQNx1_ASAP7_75t_R)
                                451.02   data arrival time

                        300.00  300.00   clock mrx_clk_pad_i (rise edge)
                          0.00  300.00   clock source latency
     1    7.04    0.00    0.00  300.00 ^ mrx_clk_pad_i (in)
                                         mrx_clk_pad_i (net)
                  6.08    1.92  301.92 ^ clkbuf_0_mrx_clk_pad_i/A (BUFx24_ASAP7_75t_R)
     2    8.23    9.07   17.15  319.07 ^ clkbuf_0_mrx_clk_pad_i/Y (BUFx24_ASAP7_75t_R)
                                         clknet_0_mrx_clk_pad_i (net)
                 10.05    1.47  320.54 ^ clkbuf_1_1__f_mrx_clk_pad_i/A (BUFx24_ASAP7_75t_R)
     7   21.75   15.60   19.61  340.16 ^ clkbuf_1_1__f_mrx_clk_pad_i/Y (BUFx24_ASAP7_75t_R)
                                         clknet_1_1__leaf_mrx_clk_pad_i (net)
                 22.29    5.27  345.43 ^ clkbuf_leaf_9_mrx_clk_pad_i/A (BUFx24_ASAP7_75t_R)
    29   16.61   13.09   23.32  368.75 ^ clkbuf_leaf_9_mrx_clk_pad_i/Y (BUFx24_ASAP7_75t_R)
                                         clknet_leaf_9_mrx_clk_pad_i (net)
                 13.71    1.44  370.19 ^ maccontrol1.receivecontrol1.PauseTimer[12]$_DFFE_PP0P_/CLK (DFFASRHQNx1_ASAP7_75t_R)
                          0.69  370.88   clock reconvergence pessimism
                        -11.63  359.25   library setup time
                                359.25   data required time
-----------------------------------------------------------------------------
                                359.25   data required time
                               -451.02   data arrival time
-----------------------------------------------------------------------------
                                -91.77   slack (VIOLATED)


Startpoint: txethmac1.txcounters1.NibCnt[15]$_DFFE_PP0P_
            (rising edge-triggered flip-flop clocked by mtx_clk_pad_i)
Endpoint: txethmac1.txcounters1.NibCnt[5]$_DFFE_PP0P_
          (rising edge-triggered flip-flop clocked by mtx_clk_pad_i)
Path Group: mtx_clk_pad_i
Path Type: max

Fanout     Cap    Slew   Delay    Time   Description
-----------------------------------------------------------------------------
                          0.00    0.00   clock mtx_clk_pad_i (rise edge)
                          0.00    0.00   clock source latency
     1    9.13    0.00    0.00    0.00 ^ mtx_clk_pad_i (in)
                                         mtx_clk_pad_i (net)
                 10.02    3.16    3.16 ^ clkbuf_0_mtx_clk_pad_i/A (BUFx24_ASAP7_75t_R)
     2    7.54    8.82   18.26   21.42 ^ clkbuf_0_mtx_clk_pad_i/Y (BUFx24_ASAP7_75t_R)
                                         clknet_0_mtx_clk_pad_i (net)
                  9.61    1.31   22.72 ^ clkbuf_1_1__f_mtx_clk_pad_i/A (BUFx24_ASAP7_75t_R)
     6   20.07   14.67   19.94   42.67 ^ clkbuf_1_1__f_mtx_clk_pad_i/Y (BUFx24_ASAP7_75t_R)
                                         clknet_1_1__leaf_mtx_clk_pad_i (net)
                 16.34    2.53   45.20 ^ clkbuf_leaf_5_mtx_clk_pad_i/A (BUFx24_ASAP7_75t_R)
    24   17.83   13.63   21.57   66.77 ^ clkbuf_leaf_5_mtx_clk_pad_i/Y (BUFx24_ASAP7_75t_R)
                                         clknet_leaf_5_mtx_clk_pad_i (net)
                 15.81    2.78   69.56 ^ txethmac1.txcounters1.NibCnt[15]$_DFFE_PP0P_/CLK (DFFASRHQNx1_ASAP7_75t_R)
     2    1.73   20.89   44.81  114.37 v txethmac1.txcounters1.NibCnt[15]$_DFFE_PP0P_/QN (DFFASRHQNx1_ASAP7_75t_R)
                                         _000226_ (net)
                 20.90    0.14  114.51 v _067310_/A (INVx1_ASAP7_75t_R)
     1    1.40   13.94   11.49  126.00 ^ _067310_/Y (INVx1_ASAP7_75t_R)
                                         txethmac1.NibCnt[15] (net)
                 13.95    0.18  126.17 ^ _101254_/A (HAxp5_ASAP7_75t_R)
     2    2.38   43.63   39.60  165.77 v _101254_/SN (HAxp5_ASAP7_75t_R)
                                         _010717_ (net)
                 43.63    0.31  166.08 v _057774_/A (NOR2x1_ASAP7_75t_R)
     2    1.76   18.97   16.12  182.20 ^ _057774_/Y (NOR2x1_ASAP7_75t_R)
                                         _023032_ (net)
                 18.97    0.09  182.30 ^ _057777_/B (AND3x1_ASAP7_75t_R)
     1    1.01   10.85   20.39  202.68 ^ _057777_/Y (AND3x1_ASAP7_75t_R)
                                         _023035_ (net)
                 10.86    0.12  202.81 ^ _057778_/A (INVx1_ASAP7_75t_R)
     2    1.45    9.95    8.13  210.94 v _057778_/Y (INVx1_ASAP7_75t_R)
                                         _023036_ (net)
                  9.96    0.07  211.01 v _057779_/A (OR5x1_ASAP7_75t_R)
     1    0.71   11.25   25.78  236.79 v _057779_/Y (OR5x1_ASAP7_75t_R)
                                         _023037_ (net)
                 11.25    0.04  236.82 v _057780_/B (AO21x1_ASAP7_75t_R)
     1    1.42   10.58   18.41  255.23 v _057780_/Y (AO21x1_ASAP7_75t_R)
                                         _023038_ (net)
                 10.59    0.15  255.38 v _057798_/A1 (AOI21x1_ASAP7_75t_R)
     2    2.93   25.05   13.90  269.29 ^ _057798_/Y (AOI21x1_ASAP7_75t_R)
                                         _023056_ (net)
                 25.10    0.66  269.94 ^ _057876_/A2 (AOI21x1_ASAP7_75t_R)
     3    3.56   27.14   15.40  285.34 v _057876_/Y (AOI21x1_ASAP7_75t_R)
                                         _023133_ (net)
                 27.15    0.14  285.48 v _057879_/A2 (OAI21x1_ASAP7_75t_R)
     2    2.79   24.28   17.75  303.22 ^ _057879_/Y (OAI21x1_ASAP7_75t_R)
                                         _023136_ (net)
                 24.29    0.36  303.59 ^ _067345_/A2 (AOI21x1_ASAP7_75t_R)
     2    3.38   26.55   14.81  318.39 v _067345_/Y (AOI21x1_ASAP7_75t_R)
                                         _032374_ (net)
                 26.57    0.43  318.82 v _067346_/B (NAND2x2_ASAP7_75t_R)
     4    4.89   22.28   17.54  336.37 ^ _067346_/Y (NAND2x2_ASAP7_75t_R)
                                         _032375_ (net)
                 22.29    0.22  336.59 ^ place12829/A (BUFx6f_ASAP7_75t_R)
     6   18.68   24.54   22.35  358.94 ^ place12829/Y (BUFx6f_ASAP7_75t_R)
                                         net12826 (net)
                 25.77    2.96  361.90 ^ _068763_/A (NOR3x2_ASAP7_75t_R)
     1    1.10   12.80   10.33  372.23 v _068763_/Y (NOR3x2_ASAP7_75t_R)
                                         _019912_ (net)
                 12.80    0.16  372.39 v txethmac1.txcounters1.NibCnt[5]$_DFFE_PP0P_/D (DFFASRHQNx1_ASAP7_75t_R)
                                372.39   data arrival time

                        300.00  300.00   clock mtx_clk_pad_i (rise edge)
                          0.00  300.00   clock source latency
     1    8.53    0.00    0.00  300.00 ^ mtx_clk_pad_i (in)
                                         mtx_clk_pad_i (net)
                  8.94    2.82  302.82 ^ clkbuf_0_mtx_clk_pad_i/A (BUFx24_ASAP7_75t_R)
     2    6.34    8.40   17.76  320.58 ^ clkbuf_0_mtx_clk_pad_i/Y (BUFx24_ASAP7_75t_R)
                                         clknet_0_mtx_clk_pad_i (net)
                  8.89    1.08  321.66 ^ clkbuf_1_1__f_mtx_clk_pad_i/A (BUFx24_ASAP7_75t_R)
     6   16.46   12.92   19.25  340.90 ^ clkbuf_1_1__f_mtx_clk_pad_i/Y (BUFx24_ASAP7_75t_R)
                                         clknet_1_1__leaf_mtx_clk_pad_i (net)
                 13.91    1.79  342.69 ^ clkbuf_leaf_2_mtx_clk_pad_i/A (BUFx24_ASAP7_75t_R)
    25   14.79   12.20   20.37  363.06 ^ clkbuf_leaf_2_mtx_clk_pad_i/Y (BUFx24_ASAP7_75t_R)
                                         clknet_leaf_2_mtx_clk_pad_i (net)
                 12.70    1.19  364.25 ^ txethmac1.txcounters1.NibCnt[5]$_DFFE_PP0P_/CLK (DFFASRHQNx1_ASAP7_75t_R)
                          1.76  366.02   clock reconvergence pessimism
                         -3.42  362.60   library setup time
                                362.60   data required time
-----------------------------------------------------------------------------
                                362.60   data required time
                               -372.39   data arrival time
-----------------------------------------------------------------------------
                                 -9.79   slack (VIOLATED)


Startpoint: _tray_size4_20045
            (rising edge-triggered flip-flop clocked by wb_clk_i)
Endpoint: wishbone.TxBDReady$_DFFE_PP0P_
          (rising edge-triggered flip-flop clocked by wb_clk_i)
Path Group: wb_clk_i
Path Type: max

Fanout     Cap    Slew   Delay    Time   Description
-----------------------------------------------------------------------------
                          0.00    0.00   clock wb_clk_i (rise edge)
                          0.00    0.00   clock source latency
     1   21.57    0.00    0.00    0.00 ^ wb_clk_i (in)
                                         wb_clk_i (net)
                 57.01   17.98   17.98 ^ clkbuf_0_wb_clk_i/A (BUFx24_ASAP7_75t_R)
     4   21.33   16.35   30.28   48.26 ^ clkbuf_0_wb_clk_i/Y (BUFx24_ASAP7_75t_R)
                                         clknet_0_wb_clk_i (net)
                 24.73    6.05   54.31 ^ clkbuf_2_2_0_wb_clk_i/A (BUFx24_ASAP7_75t_R)
     4   20.40   11.54   22.59   76.90 ^ clkbuf_2_2_0_wb_clk_i/Y (BUFx24_ASAP7_75t_R)
                                         clknet_2_2_0_wb_clk_i (net)
                 32.12    9.02   85.92 ^ clkbuf_4_9_0_wb_clk_i/A (BUFx24_ASAP7_75t_R)
     2    7.94    9.59   24.23  110.15 ^ clkbuf_4_9_0_wb_clk_i/Y (BUFx24_ASAP7_75t_R)
                                         clknet_4_9_0_wb_clk_i (net)
                 11.23    2.07  112.22 ^ clkbuf_5_18__f_wb_clk_i/A (BUFx24_ASAP7_75t_R)
     6   24.83   17.16   20.23  132.45 ^ clkbuf_5_18__f_wb_clk_i/Y (BUFx24_ASAP7_75t_R)
                                         clknet_5_18__leaf_wb_clk_i (net)
                 20.13    3.59  136.04 ^ clkbuf_leaf_61_wb_clk_i/A (BUFx24_ASAP7_75t_R)
    14   14.14   11.96   22.14  158.18 ^ clkbuf_leaf_61_wb_clk_i/Y (BUFx24_ASAP7_75t_R)
                                         clknet_leaf_61_wb_clk_i (net)
                 13.04    1.76  159.94 ^ _tray_size4_20045/CLK (DFFHQNH2V2Xx1_ASAP7_75t_R)
     8   23.52  228.34  140.54  300.49 ^ _tray_size4_20045/QN0 (DFFHQNH2V2Xx1_ASAP7_75t_R)
                                         _010538_ (net)
                229.28    8.53  309.02 ^ _056186_/A (INVx3_ASAP7_75t_R)
    10   16.08   83.57   41.23  350.25 v _056186_/Y (INVx3_ASAP7_75t_R)
                                         _021454_ (net)
                 83.58    0.67  350.91 v place16457/A (BUFx3_ASAP7_75t_R)
     9   15.75   34.18   39.38  390.30 v place16457/Y (BUFx3_ASAP7_75t_R)
                                         net16454 (net)
                 34.28    1.18  391.47 v place16406/A (BUFx3_ASAP7_75t_R)
     8    8.23   19.24   25.81  417.28 v place16406/Y (BUFx3_ASAP7_75t_R)
                                         net16403 (net)
                 20.21    2.33  419.61 v place16405/A (BUFx3_ASAP7_75t_R)
     8   15.33   33.05   24.44  444.05 v place16405/Y (BUFx3_ASAP7_75t_R)
                                         net16402 (net)
                 37.12    5.97  450.02 v place16388/A (BUFx3_ASAP7_75t_R)
     9   10.03   22.24   28.16  478.18 v place16388/Y (BUFx3_ASAP7_75t_R)
                                         net16385 (net)
                 22.27    0.47  478.65 v place16379/A (BUFx3_ASAP7_75t_R)
     7    8.67   19.70   23.11  501.76 v place16379/Y (BUFx3_ASAP7_75t_R)
                                         net16376 (net)
                 21.17    2.87  504.63 v place16378/A (BUFx3_ASAP7_75t_R)
     7    8.98   19.90   23.37  528.00 v place16378/Y (BUFx3_ASAP7_75t_R)
                                         net16375 (net)
                 20.70    2.15  530.16 v place16377/A (BUFx3_ASAP7_75t_R)
     7    6.87   16.40   21.32  551.48 v place16377/Y (BUFx3_ASAP7_75t_R)
                                         net16374 (net)
                 16.49    0.74  552.22 v place16376/A (BUFx3_ASAP7_75t_R)
     9    9.65   20.99   22.54  574.76 v place16376/Y (BUFx3_ASAP7_75t_R)
                                         net16373 (net)
                 21.22    1.25  576.01 v place16375/A (BUFx3_ASAP7_75t_R)
     7    6.94   16.08   21.90  597.91 v place16375/Y (BUFx3_ASAP7_75t_R)
                                         net16372 (net)
                 16.27    0.99  598.90 v _056671_/B (AO21x1_ASAP7_75t_R)
     1    0.96    8.89   18.12  617.02 v _056671_/Y (AO21x1_ASAP7_75t_R)
                                         _021939_ (net)
                  8.89    0.12  617.14 v _056672_/B (AO21x1_ASAP7_75t_R)
     1    0.86    8.34   16.26  633.40 v _056672_/Y (AO21x1_ASAP7_75t_R)
                                         _021940_ (net)
                  8.35    0.09  633.49 v _056673_/A2 (AO21x1_ASAP7_75t_R)
     1    0.62    6.86   14.13  647.62 v _056673_/Y (AO21x1_ASAP7_75t_R)
                                         _021941_ (net)
                  6.87    0.03  647.65 v _056674_/B (AND2x2_ASAP7_75t_R)
     1    3.15   11.90   16.89  664.54 v _056674_/Y (AND2x2_ASAP7_75t_R)
                                         _021942_ (net)
                 12.05    0.73  665.26 v _056738_/A1 (OAI21x1_ASAP7_75t_R)
     1    3.42   26.25   16.51  681.77 ^ _056738_/Y (OAI21x1_ASAP7_75t_R)
                                         _022006_ (net)
                 26.34    0.86  682.63 ^ _056817_/A (NAND2x1_ASAP7_75t_R)
     1    1.48   17.41   10.18  692.81 v _056817_/Y (NAND2x1_ASAP7_75t_R)
                                         _022085_ (net)
                 17.41    0.13  692.94 v _056959_/A1 (AOI21x1_ASAP7_75t_R)
     1    4.05   49.40   17.95  710.89 ^ _056959_/Y (AOI21x1_ASAP7_75t_R)
                                         _022227_ (net)
                 49.66    1.97  712.86 ^ _056960_/B (NAND2x1_ASAP7_75t_R)
     1    2.14   21.62   15.34  728.20 v _056960_/Y (NAND2x1_ASAP7_75t_R)
                                         _022228_ (net)
                 21.67    0.58  728.78 v place12863/A (BUFx3_ASAP7_75t_R)
     6   26.94   52.11   22.27  751.05 v place12863/Y (BUFx3_ASAP7_75t_R)
                                         net12860 (net)
                141.07   43.23  794.28 v _063932_/A (NAND2x1_ASAP7_75t_R)
     1    1.31   34.97   33.83  828.11 ^ _063932_/Y (NAND2x1_ASAP7_75t_R)
                                         _029141_ (net)
                 34.97    0.15  828.26 ^ _064845_/A (NOR2x1_ASAP7_75t_R)
     1    1.35   16.83   15.52  843.79 v _064845_/Y (NOR2x1_ASAP7_75t_R)
                                         _030054_ (net)
                 16.83    0.17  843.95 v _064846_/B (NAND2x1_ASAP7_75t_R)
     1    1.18   13.63   10.97  854.92 ^ _064846_/Y (NAND2x1_ASAP7_75t_R)
                                         _030055_ (net)
                 13.63    0.07  854.99 ^ _065320_/A2 (OAI21x1_ASAP7_75t_R)
     1    1.18   16.08    8.56  863.55 v _065320_/Y (OAI21x1_ASAP7_75t_R)
                                         _030529_ (net)
                 16.08    0.07  863.61 v _065321_/B (NAND2x1_ASAP7_75t_R)
     1    0.77   10.84    9.32  872.93 ^ _065321_/Y (NAND2x1_ASAP7_75t_R)
                                         _012244_ (net)
                 10.84    0.07  873.00 ^ wishbone.TxBDReady$_DFFE_PP0P_/D (DFFASRHQNx1_ASAP7_75t_R)
                                873.00   data arrival time

                       1000.00 1000.00   clock wb_clk_i (rise edge)
                          0.00 1000.00   clock source latency
     1   20.97    0.00    0.00 1000.00 ^ wb_clk_i (in)
                                         wb_clk_i (net)
                 54.15   17.08 1017.08 ^ clkbuf_0_wb_clk_i/A (BUFx24_ASAP7_75t_R)
     4   18.93   15.09   29.64 1046.72 ^ clkbuf_0_wb_clk_i/Y (BUFx24_ASAP7_75t_R)
                                         clknet_0_wb_clk_i (net)
                 21.74    5.16 1051.88 ^ clkbuf_2_1_0_wb_clk_i/A (BUFx24_ASAP7_75t_R)
     4   16.87   11.77   21.90 1073.78 ^ clkbuf_2_1_0_wb_clk_i/Y (BUFx24_ASAP7_75t_R)
                                         clknet_2_1_0_wb_clk_i (net)
                 27.11    7.61 1081.39 ^ clkbuf_4_4_0_wb_clk_i/A (BUFx24_ASAP7_75t_R)
     2    7.13    9.08   22.89 1104.28 ^ clkbuf_4_4_0_wb_clk_i/Y (BUFx24_ASAP7_75t_R)
                                         clknet_4_4_0_wb_clk_i (net)
                  9.98    1.49 1105.77 ^ clkbuf_5_9__f_wb_clk_i/A (BUFx24_ASAP7_75t_R)
     6   19.12   14.30   19.89 1125.66 ^ clkbuf_5_9__f_wb_clk_i/Y (BUFx24_ASAP7_75t_R)
                                         clknet_5_9__leaf_wb_clk_i (net)
                 15.79    2.36 1128.02 ^ clkbuf_leaf_147_wb_clk_i/A (BUFx24_ASAP7_75t_R)
    20   14.66   12.10   20.78 1148.81 ^ clkbuf_leaf_147_wb_clk_i/Y (BUFx24_ASAP7_75t_R)
                                         clknet_leaf_147_wb_clk_i (net)
                 15.51    3.29 1152.10 ^ wishbone.TxBDReady$_DFFE_PP0P_/CLK (DFFASRHQNx1_ASAP7_75t_R)
                          1.54 1153.64   clock reconvergence pessimism
                        -11.07 1142.57   library setup time
                               1142.57   data required time
-----------------------------------------------------------------------------
                               1142.57   data required time
                               -873.00   data arrival time
-----------------------------------------------------------------------------
                                269.57   slack (MET)



==========================================================================
global route report_check_types -max_slew -max_cap -max_fanout -violators
--------------------------------------------------------------------------
max fanout

Pin                                   Limit Fanout  Slack
---------------------------------------------------------
clkbuf_leaf_9_mrx_clk_pad_i/Y            10     29    -19 (VIOLATED)
clkbuf_leaf_10_mrx_clk_pad_i/Y           10     27    -17 (VIOLATED)
clkbuf_leaf_1_mtx_clk_pad_i/Y            10     27    -17 (VIOLATED)
clkbuf_leaf_0_mtx_clk_pad_i/Y            10     26    -16 (VIOLATED)
clkbuf_leaf_11_mrx_clk_pad_i/Y           10     26    -16 (VIOLATED)
clkbuf_leaf_134_wb_clk_i/Y               10     26    -16 (VIOLATED)
clkbuf_leaf_1_mrx_clk_pad_i/Y            10     26    -16 (VIOLATED)
clkbuf_leaf_2_mrx_clk_pad_i/Y            10     26    -16 (VIOLATED)
clkbuf_leaf_3_mtx_clk_pad_i/Y            10     26    -16 (VIOLATED)
clkbuf_leaf_6_mrx_clk_pad_i/Y            10     26    -16 (VIOLATED)
clkbuf_leaf_7_mrx_clk_pad_i/Y            10     26    -16 (VIOLATED)
clkbuf_leaf_164_wb_clk_i/Y               10     25    -15 (VIOLATED)
clkbuf_leaf_165_wb_clk_i/Y               10     25    -15 (VIOLATED)
clkbuf_leaf_2_mtx_clk_pad_i/Y            10     25    -15 (VIOLATED)
clkbuf_leaf_6_mtx_clk_pad_i/Y            10     25    -15 (VIOLATED)
clkbuf_leaf_139_wb_clk_i/Y               10     24    -14 (VIOLATED)
clkbuf_leaf_140_wb_clk_i/Y               10     24    -14 (VIOLATED)
clkbuf_leaf_146_wb_clk_i/Y               10     24    -14 (VIOLATED)
clkbuf_leaf_166_wb_clk_i/Y               10     24    -14 (VIOLATED)
clkbuf_leaf_169_wb_clk_i/Y               10     24    -14 (VIOLATED)
clkbuf_leaf_170_wb_clk_i/Y               10     24    -14 (VIOLATED)
clkbuf_leaf_5_mtx_clk_pad_i/Y            10     24    -14 (VIOLATED)
clkbuf_leaf_3_mrx_clk_pad_i/Y            10     23    -13 (VIOLATED)
clkbuf_leaf_4_mtx_clk_pad_i/Y            10     23    -13 (VIOLATED)
clkbuf_leaf_7_mtx_clk_pad_i/Y            10     23    -13 (VIOLATED)
clkbuf_leaf_0_mrx_clk_pad_i/Y            10     22    -12 (VIOLATED)
clkbuf_leaf_128_wb_clk_i/Y               10     22    -12 (VIOLATED)
clkbuf_leaf_138_wb_clk_i/Y               10     22    -12 (VIOLATED)
clkbuf_leaf_141_wb_clk_i/Y               10     22    -12 (VIOLATED)
clkbuf_leaf_160_wb_clk_i/Y               10     22    -12 (VIOLATED)
clkbuf_leaf_161_wb_clk_i/Y               10     22    -12 (VIOLATED)
clkbuf_leaf_4_mrx_clk_pad_i/Y            10     22    -12 (VIOLATED)
clkbuf_leaf_8_mrx_clk_pad_i/Y            10     22    -12 (VIOLATED)
clkbuf_leaf_133_wb_clk_i/Y               10     21    -11 (VIOLATED)
clkbuf_leaf_143_wb_clk_i/Y               10     21    -11 (VIOLATED)
clkbuf_leaf_145_wb_clk_i/Y               10     21    -11 (VIOLATED)
clkbuf_leaf_148_wb_clk_i/Y               10     21    -11 (VIOLATED)
clkbuf_leaf_162_wb_clk_i/Y               10     21    -11 (VIOLATED)
clkbuf_leaf_163_wb_clk_i/Y               10     21    -11 (VIOLATED)
clkbuf_leaf_172_wb_clk_i/Y               10     21    -11 (VIOLATED)
clkbuf_leaf_5_mrx_clk_pad_i/Y            10     21    -11 (VIOLATED)
clkbuf_leaf_7_wb_clk_i/Y                 10     21    -11 (VIOLATED)
clkbuf_leaf_103_wb_clk_i/Y               10     20    -10 (VIOLATED)
clkbuf_leaf_129_wb_clk_i/Y               10     20    -10 (VIOLATED)
clkbuf_leaf_131_wb_clk_i/Y               10     20    -10 (VIOLATED)
clkbuf_leaf_132_wb_clk_i/Y               10     20    -10 (VIOLATED)
clkbuf_leaf_13_wb_clk_i/Y                10     20    -10 (VIOLATED)
clkbuf_leaf_142_wb_clk_i/Y               10     20    -10 (VIOLATED)
clkbuf_leaf_147_wb_clk_i/Y               10     20    -10 (VIOLATED)
clkbuf_leaf_150_wb_clk_i/Y               10     20    -10 (VIOLATED)
clkbuf_leaf_167_wb_clk_i/Y               10     20    -10 (VIOLATED)
clkbuf_leaf_102_wb_clk_i/Y               10     19     -9 (VIOLATED)
clkbuf_leaf_105_wb_clk_i/Y               10     19     -9 (VIOLATED)
clkbuf_leaf_111_wb_clk_i/Y               10     19     -9 (VIOLATED)
clkbuf_leaf_114_wb_clk_i/Y               10     19     -9 (VIOLATED)
clkbuf_leaf_118_wb_clk_i/Y               10     19     -9 (VIOLATED)
clkbuf_leaf_125_wb_clk_i/Y               10     19     -9 (VIOLATED)
clkbuf_leaf_127_wb_clk_i/Y               10     19     -9 (VIOLATED)
clkbuf_leaf_136_wb_clk_i/Y               10     19     -9 (VIOLATED)
clkbuf_leaf_144_wb_clk_i/Y               10     19     -9 (VIOLATED)
clkbuf_leaf_154_wb_clk_i/Y               10     19     -9 (VIOLATED)
clkbuf_leaf_156_wb_clk_i/Y               10     19     -9 (VIOLATED)
clkbuf_leaf_159_wb_clk_i/Y               10     19     -9 (VIOLATED)
clkbuf_leaf_15_wb_clk_i/Y                10     19     -9 (VIOLATED)
clkbuf_leaf_16_wb_clk_i/Y                10     19     -9 (VIOLATED)
clkbuf_leaf_171_wb_clk_i/Y               10     19     -9 (VIOLATED)
clkbuf_leaf_176_wb_clk_i/Y               10     19     -9 (VIOLATED)
clkbuf_leaf_179_wb_clk_i/Y               10     19     -9 (VIOLATED)
clkbuf_leaf_1_wb_clk_i/Y                 10     19     -9 (VIOLATED)
clkbuf_leaf_20_wb_clk_i/Y                10     19     -9 (VIOLATED)
clkbuf_leaf_22_wb_clk_i/Y                10     19     -9 (VIOLATED)
clkbuf_leaf_24_wb_clk_i/Y                10     19     -9 (VIOLATED)
clkbuf_leaf_32_wb_clk_i/Y                10     19     -9 (VIOLATED)
clkbuf_leaf_35_wb_clk_i/Y                10     19     -9 (VIOLATED)
clkbuf_leaf_36_wb_clk_i/Y                10     19     -9 (VIOLATED)
clkbuf_leaf_45_wb_clk_i/Y                10     19     -9 (VIOLATED)
clkbuf_leaf_57_wb_clk_i/Y                10     19     -9 (VIOLATED)
clkbuf_leaf_60_wb_clk_i/Y                10     19     -9 (VIOLATED)
clkbuf_leaf_63_wb_clk_i/Y                10     19     -9 (VIOLATED)
clkbuf_leaf_66_wb_clk_i/Y                10     19     -9 (VIOLATED)
clkbuf_leaf_6_wb_clk_i/Y                 10     19     -9 (VIOLATED)
clkbuf_leaf_78_wb_clk_i/Y                10     19     -9 (VIOLATED)
clkbuf_leaf_8_wb_clk_i/Y                 10     19     -9 (VIOLATED)
clkbuf_leaf_92_wb_clk_i/Y                10     19     -9 (VIOLATED)
clkbuf_leaf_93_wb_clk_i/Y                10     19     -9 (VIOLATED)
clkbuf_leaf_98_wb_clk_i/Y                10     19     -9 (VIOLATED)
clkbuf_leaf_99_wb_clk_i/Y                10     19     -9 (VIOLATED)
clkbuf_leaf_9_mtx_clk_pad_i/Y            10     19     -9 (VIOLATED)
clkbuf_leaf_100_wb_clk_i/Y               10     18     -8 (VIOLATED)
clkbuf_leaf_106_wb_clk_i/Y               10     18     -8 (VIOLATED)
clkbuf_leaf_108_wb_clk_i/Y               10     18     -8 (VIOLATED)
clkbuf_leaf_110_wb_clk_i/Y               10     18     -8 (VIOLATED)
clkbuf_leaf_113_wb_clk_i/Y               10     18     -8 (VIOLATED)
clkbuf_leaf_117_wb_clk_i/Y               10     18     -8 (VIOLATED)
clkbuf_leaf_122_wb_clk_i/Y               10     18     -8 (VIOLATED)
clkbuf_leaf_124_wb_clk_i/Y               10     18     -8 (VIOLATED)
clkbuf_leaf_151_wb_clk_i/Y               10     18     -8 (VIOLATED)
clkbuf_leaf_152_wb_clk_i/Y               10     18     -8 (VIOLATED)
clkbuf_leaf_155_wb_clk_i/Y               10     18     -8 (VIOLATED)
clkbuf_leaf_157_wb_clk_i/Y               10     18     -8 (VIOLATED)
clkbuf_leaf_158_wb_clk_i/Y               10     18     -8 (VIOLATED)
clkbuf_leaf_177_wb_clk_i/Y               10     18     -8 (VIOLATED)
clkbuf_leaf_18_wb_clk_i/Y                10     18     -8 (VIOLATED)
clkbuf_leaf_19_wb_clk_i/Y                10     18     -8 (VIOLATED)
clkbuf_leaf_23_wb_clk_i/Y                10     18     -8 (VIOLATED)
clkbuf_leaf_25_wb_clk_i/Y                10     18     -8 (VIOLATED)
clkbuf_leaf_26_wb_clk_i/Y                10     18     -8 (VIOLATED)
clkbuf_leaf_27_wb_clk_i/Y                10     18     -8 (VIOLATED)
clkbuf_leaf_28_wb_clk_i/Y                10     18     -8 (VIOLATED)
clkbuf_leaf_29_wb_clk_i/Y                10     18     -8 (VIOLATED)
clkbuf_leaf_2_wb_clk_i/Y                 10     18     -8 (VIOLATED)
clkbuf_leaf_30_wb_clk_i/Y                10     18     -8 (VIOLATED)
clkbuf_leaf_31_wb_clk_i/Y                10     18     -8 (VIOLATED)
clkbuf_leaf_34_wb_clk_i/Y                10     18     -8 (VIOLATED)
clkbuf_leaf_38_wb_clk_i/Y                10     18     -8 (VIOLATED)
clkbuf_leaf_39_wb_clk_i/Y                10     18     -8 (VIOLATED)
clkbuf_leaf_41_wb_clk_i/Y                10     18     -8 (VIOLATED)
clkbuf_leaf_43_wb_clk_i/Y                10     18     -8 (VIOLATED)
clkbuf_leaf_47_wb_clk_i/Y                10     18     -8 (VIOLATED)
clkbuf_leaf_48_wb_clk_i/Y                10     18     -8 (VIOLATED)
clkbuf_leaf_4_wb_clk_i/Y                 10     18     -8 (VIOLATED)
clkbuf_leaf_54_wb_clk_i/Y                10     18     -8 (VIOLATED)
clkbuf_leaf_55_wb_clk_i/Y                10     18     -8 (VIOLATED)
clkbuf_leaf_58_wb_clk_i/Y                10     18     -8 (VIOLATED)
clkbuf_leaf_59_wb_clk_i/Y                10     18     -8 (VIOLATED)
clkbuf_leaf_62_wb_clk_i/Y                10     18     -8 (VIOLATED)
clkbuf_leaf_68_wb_clk_i/Y                10     18     -8 (VIOLATED)
clkbuf_leaf_70_wb_clk_i/Y                10     18     -8 (VIOLATED)
clkbuf_leaf_71_wb_clk_i/Y                10     18     -8 (VIOLATED)
clkbuf_leaf_72_wb_clk_i/Y                10     18     -8 (VIOLATED)
clkbuf_leaf_74_wb_clk_i/Y                10     18     -8 (VIOLATED)
clkbuf_leaf_76_wb_clk_i/Y                10     18     -8 (VIOLATED)
clkbuf_leaf_80_wb_clk_i/Y                10     18     -8 (VIOLATED)
clkbuf_leaf_85_wb_clk_i/Y                10     18     -8 (VIOLATED)
clkbuf_leaf_87_wb_clk_i/Y                10     18     -8 (VIOLATED)
clkbuf_leaf_89_wb_clk_i/Y                10     18     -8 (VIOLATED)
clkbuf_leaf_96_wb_clk_i/Y                10     18     -8 (VIOLATED)
clkbuf_leaf_97_wb_clk_i/Y                10     18     -8 (VIOLATED)
clkbuf_leaf_9_wb_clk_i/Y                 10     18     -8 (VIOLATED)
clkbuf_leaf_104_wb_clk_i/Y               10     17     -7 (VIOLATED)
clkbuf_leaf_109_wb_clk_i/Y               10     17     -7 (VIOLATED)
clkbuf_leaf_10_wb_clk_i/Y                10     17     -7 (VIOLATED)
clkbuf_leaf_112_wb_clk_i/Y               10     17     -7 (VIOLATED)
clkbuf_leaf_115_wb_clk_i/Y               10     17     -7 (VIOLATED)
clkbuf_leaf_119_wb_clk_i/Y               10     17     -7 (VIOLATED)
clkbuf_leaf_11_wb_clk_i/Y                10     17     -7 (VIOLATED)
clkbuf_leaf_120_wb_clk_i/Y               10     17     -7 (VIOLATED)
clkbuf_leaf_121_wb_clk_i/Y               10     17     -7 (VIOLATED)
clkbuf_leaf_123_wb_clk_i/Y               10     17     -7 (VIOLATED)
clkbuf_leaf_12_wb_clk_i/Y                10     17     -7 (VIOLATED)
clkbuf_leaf_130_wb_clk_i/Y               10     17     -7 (VIOLATED)
clkbuf_leaf_135_wb_clk_i/Y               10     17     -7 (VIOLATED)
clkbuf_leaf_149_wb_clk_i/Y               10     17     -7 (VIOLATED)
clkbuf_leaf_14_wb_clk_i/Y                10     17     -7 (VIOLATED)
clkbuf_leaf_168_wb_clk_i/Y               10     17     -7 (VIOLATED)
clkbuf_leaf_174_wb_clk_i/Y               10     17     -7 (VIOLATED)
clkbuf_leaf_175_wb_clk_i/Y               10     17     -7 (VIOLATED)
clkbuf_leaf_17_wb_clk_i/Y                10     17     -7 (VIOLATED)
clkbuf_leaf_21_wb_clk_i/Y                10     17     -7 (VIOLATED)
clkbuf_leaf_33_wb_clk_i/Y                10     17     -7 (VIOLATED)
clkbuf_leaf_37_wb_clk_i/Y                10     17     -7 (VIOLATED)
clkbuf_leaf_3_wb_clk_i/Y                 10     17     -7 (VIOLATED)
clkbuf_leaf_40_wb_clk_i/Y                10     17     -7 (VIOLATED)
clkbuf_leaf_42_wb_clk_i/Y                10     17     -7 (VIOLATED)
clkbuf_leaf_44_wb_clk_i/Y                10     17     -7 (VIOLATED)
clkbuf_leaf_46_wb_clk_i/Y                10     17     -7 (VIOLATED)
clkbuf_leaf_49_wb_clk_i/Y                10     17     -7 (VIOLATED)
clkbuf_leaf_50_wb_clk_i/Y                10     17     -7 (VIOLATED)
clkbuf_leaf_51_wb_clk_i/Y                10     17     -7 (VIOLATED)
clkbuf_leaf_53_wb_clk_i/Y                10     17     -7 (VIOLATED)
clkbuf_leaf_5_wb_clk_i/Y                 10     17     -7 (VIOLATED)
clkbuf_leaf_65_wb_clk_i/Y                10     17     -7 (VIOLATED)
clkbuf_leaf_67_wb_clk_i/Y                10     17     -7 (VIOLATED)
clkbuf_leaf_69_wb_clk_i/Y                10     17     -7 (VIOLATED)
clkbuf_leaf_77_wb_clk_i/Y                10     17     -7 (VIOLATED)
clkbuf_leaf_79_wb_clk_i/Y                10     17     -7 (VIOLATED)
clkbuf_leaf_81_wb_clk_i/Y                10     17     -7 (VIOLATED)
clkbuf_leaf_82_wb_clk_i/Y                10     17     -7 (VIOLATED)
clkbuf_leaf_90_wb_clk_i/Y                10     17     -7 (VIOLATED)
clkbuf_leaf_91_wb_clk_i/Y                10     17     -7 (VIOLATED)
clkbuf_leaf_94_wb_clk_i/Y                10     17     -7 (VIOLATED)
clkbuf_leaf_0_wb_clk_i/Y                 10     16     -6 (VIOLATED)
clkbuf_leaf_101_wb_clk_i/Y               10     16     -6 (VIOLATED)
clkbuf_leaf_107_wb_clk_i/Y               10     16     -6 (VIOLATED)
clkbuf_leaf_116_wb_clk_i/Y               10     16     -6 (VIOLATED)
clkbuf_leaf_126_wb_clk_i/Y               10     16     -6 (VIOLATED)
clkbuf_leaf_137_wb_clk_i/Y               10     16     -6 (VIOLATED)
clkbuf_leaf_153_wb_clk_i/Y               10     16     -6 (VIOLATED)
clkbuf_leaf_178_wb_clk_i/Y               10     16     -6 (VIOLATED)
clkbuf_leaf_180_wb_clk_i/Y               10     16     -6 (VIOLATED)
clkbuf_leaf_52_wb_clk_i/Y                10     16     -6 (VIOLATED)
clkbuf_leaf_75_wb_clk_i/Y                10     16     -6 (VIOLATED)
clkbuf_leaf_83_wb_clk_i/Y                10     16     -6 (VIOLATED)
clkbuf_leaf_84_wb_clk_i/Y                10     16     -6 (VIOLATED)
clkbuf_leaf_86_wb_clk_i/Y                10     16     -6 (VIOLATED)
clkbuf_leaf_88_wb_clk_i/Y                10     16     -6 (VIOLATED)
clkbuf_leaf_173_wb_clk_i/Y               10     15     -5 (VIOLATED)
clkbuf_leaf_56_wb_clk_i/Y                10     15     -5 (VIOLATED)
clkbuf_leaf_64_wb_clk_i/Y                10     15     -5 (VIOLATED)
clkbuf_leaf_73_wb_clk_i/Y                10     15     -5 (VIOLATED)
clkbuf_leaf_95_wb_clk_i/Y                10     15     -5 (VIOLATED)
clkbuf_leaf_61_wb_clk_i/Y                10     14     -4 (VIOLATED)
clkbuf_leaf_8_mtx_clk_pad_i/Y            10     12     -2 (VIOLATED)


==========================================================================
global route max_slew_check_slack
--------------------------------------------------------------------------
54.89356231689453

==========================================================================
global route max_slew_check_limit
--------------------------------------------------------------------------
320.0

==========================================================================
global route max_slew_check_slack_limit
--------------------------------------------------------------------------
0.1715

==========================================================================
global route max_fanout_check_slack
--------------------------------------------------------------------------
-19.0

==========================================================================
global route max_fanout_check_limit
--------------------------------------------------------------------------
10.0

==========================================================================
global route max_fanout_check_slack_limit
--------------------------------------------------------------------------
-1.9000

==========================================================================
global route max_capacitance_check_slack
--------------------------------------------------------------------------
6.523597240447998

==========================================================================
global route max_capacitance_check_limit
--------------------------------------------------------------------------
23.040000915527344

==========================================================================
global route max_capacitance_check_slack_limit
--------------------------------------------------------------------------
0.2831

==========================================================================
global route max_slew_violation_count
--------------------------------------------------------------------------
max slew violation count 0

==========================================================================
global route max_fanout_violation_count
--------------------------------------------------------------------------
max fanout violation count 203

==========================================================================
global route max_cap_violation_count
--------------------------------------------------------------------------
max cap violation count 0

==========================================================================
global route setup_violation_count
--------------------------------------------------------------------------
setup violation count 51

==========================================================================
global route hold_violation_count
--------------------------------------------------------------------------
hold violation count 0

==========================================================================
global route report_checks -path_delay max reg to reg
--------------------------------------------------------------------------
Startpoint: rxethmac1.rxcounters1.ByteCnt[3]$_DFFE_PP0P_
            (rising edge-triggered flip-flop clocked by mrx_clk_pad_i)
Endpoint: maccontrol1.receivecontrol1.PauseTimer[12]$_DFFE_PP0P_
          (rising edge-triggered flip-flop clocked by mrx_clk_pad_i)
Path Group: mrx_clk_pad_i
Path Type: max

  Delay    Time   Description
---------------------------------------------------------
   0.00    0.00   clock mrx_clk_pad_i (rise edge)
   0.00    0.00   clock source latency
   0.00    0.00 ^ mrx_clk_pad_i (in)
  19.76   19.76 ^ clkbuf_0_mrx_clk_pad_i/Y (BUFx24_ASAP7_75t_R)
  22.91   42.68 ^ clkbuf_1_0__f_mrx_clk_pad_i/Y (BUFx24_ASAP7_75t_R)
  25.92   68.59 ^ clkbuf_leaf_2_mrx_clk_pad_i/Y (BUFx24_ASAP7_75t_R)
   2.39   70.99 ^ rxethmac1.rxcounters1.ByteCnt[3]$_DFFE_PP0P_/CLK (DFFASRHQNx1_ASAP7_75t_R)
  49.35  120.34 ^ rxethmac1.rxcounters1.ByteCnt[3]$_DFFE_PP0P_/QN (DFFASRHQNx1_ASAP7_75t_R)
  17.60  137.94 ^ rebuffer18434/Y (BUFx3_ASAP7_75t_R)
   5.66  143.60 v _066693_/Y (INVx2_ASAP7_75t_R)
  15.73  159.33 ^ _101208_/CON (HAxp5_ASAP7_75t_R)
  20.78  180.10 v _066706_/Y (NOR2x1_ASAP7_75t_R)
  22.64  202.75 v rebuffer18429/Y (BUFx3_ASAP7_75t_R)
  10.12  212.87 ^ _069911_/Y (NAND2x1_ASAP7_75t_R)
  28.53  241.40 ^ _069912_/Y (XOR2x2_ASAP7_75t_R)
  14.63  256.02 v _101308_/CON (HAxp5_ASAP7_75t_R)
  14.67  270.69 ^ _101308_/SN (HAxp5_ASAP7_75t_R)
  13.75  284.44 v _066735_/Y (NOR2x1_ASAP7_75t_R)
  16.73  301.17 v _066739_/Y (AND3x1_ASAP7_75t_R)
  22.38  323.55 v _066748_/Y (AO221x1_ASAP7_75t_R)
   9.00  332.54 ^ _066749_/Y (NAND2x1_ASAP7_75t_R)
  24.77  357.32 ^ _066753_/Y (AND3x2_ASAP7_75t_R)
  15.49  372.81 v _067465_/Y (AOI21x1_ASAP7_75t_R)
  21.11  393.91 v place12844/Y (BUFx3_ASAP7_75t_R)
  12.90  406.81 ^ _067505_/Y (AOI21x1_ASAP7_75t_R)
  19.55  426.36 ^ place12837/Y (BUFx6f_ASAP7_75t_R)
  13.32  439.68 v _068961_/Y (NAND2x1_ASAP7_75t_R)
  11.20  450.88 ^ _068969_/Y (NAND2x1_ASAP7_75t_R)
   0.13  451.02 ^ maccontrol1.receivecontrol1.PauseTimer[12]$_DFFE_PP0P_/D (DFFASRHQNx1_ASAP7_75t_R)
         451.02   data arrival time

 300.00  300.00   clock mrx_clk_pad_i (rise edge)
   0.00  300.00   clock source latency
   0.00  300.00 ^ mrx_clk_pad_i (in)
  19.07  319.07 ^ clkbuf_0_mrx_clk_pad_i/Y (BUFx24_ASAP7_75t_R)
  21.09  340.16 ^ clkbuf_1_1__f_mrx_clk_pad_i/Y (BUFx24_ASAP7_75t_R)
  28.59  368.75 ^ clkbuf_leaf_9_mrx_clk_pad_i/Y (BUFx24_ASAP7_75t_R)
   1.44  370.19 ^ maccontrol1.receivecontrol1.PauseTimer[12]$_DFFE_PP0P_/CLK (DFFASRHQNx1_ASAP7_75t_R)
   0.69  370.88   clock reconvergence pessimism
 -11.63  359.25   library setup time
         359.25   data required time
---------------------------------------------------------
         359.25   data required time
        -451.02   data arrival time
---------------------------------------------------------
         -91.77   slack (VIOLATED)


Startpoint: txethmac1.txcounters1.NibCnt[15]$_DFFE_PP0P_
            (rising edge-triggered flip-flop clocked by mtx_clk_pad_i)
Endpoint: txethmac1.txcounters1.NibCnt[5]$_DFFE_PP0P_
          (rising edge-triggered flip-flop clocked by mtx_clk_pad_i)
Path Group: mtx_clk_pad_i
Path Type: max

  Delay    Time   Description
---------------------------------------------------------
   0.00    0.00   clock mtx_clk_pad_i (rise edge)
   0.00    0.00   clock source latency
   0.00    0.00 ^ mtx_clk_pad_i (in)
  21.42   21.42 ^ clkbuf_0_mtx_clk_pad_i/Y (BUFx24_ASAP7_75t_R)
  21.25   42.67 ^ clkbuf_1_1__f_mtx_clk_pad_i/Y (BUFx24_ASAP7_75t_R)
  24.11   66.77 ^ clkbuf_leaf_5_mtx_clk_pad_i/Y (BUFx24_ASAP7_75t_R)
   2.78   69.56 ^ txethmac1.txcounters1.NibCnt[15]$_DFFE_PP0P_/CLK (DFFASRHQNx1_ASAP7_75t_R)
  44.81  114.37 v txethmac1.txcounters1.NibCnt[15]$_DFFE_PP0P_/QN (DFFASRHQNx1_ASAP7_75t_R)
  11.63  126.00 ^ _067310_/Y (INVx1_ASAP7_75t_R)
  39.77  165.77 v _101254_/SN (HAxp5_ASAP7_75t_R)
  16.43  182.20 ^ _057774_/Y (NOR2x1_ASAP7_75t_R)
  20.48  202.68 ^ _057777_/Y (AND3x1_ASAP7_75t_R)
   8.26  210.94 v _057778_/Y (INVx1_ASAP7_75t_R)
  25.85  236.79 v _057779_/Y (OR5x1_ASAP7_75t_R)
  18.45  255.23 v _057780_/Y (AO21x1_ASAP7_75t_R)
  14.05  269.29 ^ _057798_/Y (AOI21x1_ASAP7_75t_R)
  16.05  285.34 v _057876_/Y (AOI21x1_ASAP7_75t_R)
  17.88  303.22 ^ _057879_/Y (OAI21x1_ASAP7_75t_R)
  15.17  318.39 v _067345_/Y (AOI21x1_ASAP7_75t_R)
  17.97  336.37 ^ _067346_/Y (NAND2x2_ASAP7_75t_R)
  22.57  358.94 ^ place12829/Y (BUFx6f_ASAP7_75t_R)
  13.29  372.23 v _068763_/Y (NOR3x2_ASAP7_75t_R)
   0.16  372.39 v txethmac1.txcounters1.NibCnt[5]$_DFFE_PP0P_/D (DFFASRHQNx1_ASAP7_75t_R)
         372.39   data arrival time

 300.00  300.00   clock mtx_clk_pad_i (rise edge)
   0.00  300.00   clock source latency
   0.00  300.00 ^ mtx_clk_pad_i (in)
  20.58  320.58 ^ clkbuf_0_mtx_clk_pad_i/Y (BUFx24_ASAP7_75t_R)
  20.33  340.90 ^ clkbuf_1_1__f_mtx_clk_pad_i/Y (BUFx24_ASAP7_75t_R)
  22.16  363.06 ^ clkbuf_leaf_2_mtx_clk_pad_i/Y (BUFx24_ASAP7_75t_R)
   1.19  364.25 ^ txethmac1.txcounters1.NibCnt[5]$_DFFE_PP0P_/CLK (DFFASRHQNx1_ASAP7_75t_R)
   1.76  366.02   clock reconvergence pessimism
  -3.42  362.60   library setup time
         362.60   data required time
---------------------------------------------------------
         362.60   data required time
        -372.39   data arrival time
---------------------------------------------------------
          -9.79   slack (VIOLATED)


Startpoint: _tray_size4_20045
            (rising edge-triggered flip-flop clocked by wb_clk_i)
Endpoint: wishbone.TxBDReady$_DFFE_PP0P_
          (rising edge-triggered flip-flop clocked by wb_clk_i)
Path Group: wb_clk_i
Path Type: max

  Delay    Time   Description
---------------------------------------------------------
   0.00    0.00   clock wb_clk_i (rise edge)
   0.00    0.00   clock source latency
   0.00    0.00 ^ wb_clk_i (in)
  48.26   48.26 ^ clkbuf_0_wb_clk_i/Y (BUFx24_ASAP7_75t_R)
  28.64   76.90 ^ clkbuf_2_2_0_wb_clk_i/Y (BUFx24_ASAP7_75t_R)
  33.25  110.15 ^ clkbuf_4_9_0_wb_clk_i/Y (BUFx24_ASAP7_75t_R)
  22.30  132.45 ^ clkbuf_5_18__f_wb_clk_i/Y (BUFx24_ASAP7_75t_R)
  25.73  158.18 ^ clkbuf_leaf_61_wb_clk_i/Y (BUFx24_ASAP7_75t_R)
   1.76  159.94 ^ _tray_size4_20045/CLK (DFFHQNH2V2Xx1_ASAP7_75t_R)
 140.54  300.49 ^ _tray_size4_20045/QN0 (DFFHQNH2V2Xx1_ASAP7_75t_R)
  49.76  350.25 v _056186_/Y (INVx3_ASAP7_75t_R)
  40.05  390.30 v place16457/Y (BUFx3_ASAP7_75t_R)
  26.98  417.28 v place16406/Y (BUFx3_ASAP7_75t_R)
  26.77  444.05 v place16405/Y (BUFx3_ASAP7_75t_R)
  34.14  478.18 v place16388/Y (BUFx3_ASAP7_75t_R)
  23.58  501.76 v place16379/Y (BUFx3_ASAP7_75t_R)
  26.24  528.00 v place16378/Y (BUFx3_ASAP7_75t_R)
  23.47  551.48 v place16377/Y (BUFx3_ASAP7_75t_R)
  23.28  574.76 v place16376/Y (BUFx3_ASAP7_75t_R)
  23.16  597.91 v place16375/Y (BUFx3_ASAP7_75t_R)
  19.11  617.02 v _056671_/Y (AO21x1_ASAP7_75t_R)
  16.38  633.40 v _056672_/Y (AO21x1_ASAP7_75t_R)
  14.22  647.62 v _056673_/Y (AO21x1_ASAP7_75t_R)
  16.92  664.54 v _056674_/Y (AND2x2_ASAP7_75t_R)
  17.23  681.77 ^ _056738_/Y (OAI21x1_ASAP7_75t_R)
  11.04  692.81 v _056817_/Y (NAND2x1_ASAP7_75t_R)
  18.08  710.89 ^ _056959_/Y (AOI21x1_ASAP7_75t_R)
  17.31  728.20 v _056960_/Y (NAND2x1_ASAP7_75t_R)
  22.85  751.05 v place12863/Y (BUFx3_ASAP7_75t_R)
  77.06  828.11 ^ _063932_/Y (NAND2x1_ASAP7_75t_R)
  15.68  843.79 v _064845_/Y (NOR2x1_ASAP7_75t_R)
  11.13  854.92 ^ _064846_/Y (NAND2x1_ASAP7_75t_R)
   8.63  863.55 v _065320_/Y (OAI21x1_ASAP7_75t_R)
   9.39  872.93 ^ _065321_/Y (NAND2x1_ASAP7_75t_R)
   0.07  873.00 ^ wishbone.TxBDReady$_DFFE_PP0P_/D (DFFASRHQNx1_ASAP7_75t_R)
         873.00   data arrival time

1000.00 1000.00   clock wb_clk_i (rise edge)
   0.00 1000.00   clock source latency
   0.00 1000.00 ^ wb_clk_i (in)
  46.72 1046.72 ^ clkbuf_0_wb_clk_i/Y (BUFx24_ASAP7_75t_R)
  27.06 1073.78 ^ clkbuf_2_1_0_wb_clk_i/Y (BUFx24_ASAP7_75t_R)
  30.50 1104.28 ^ clkbuf_4_4_0_wb_clk_i/Y (BUFx24_ASAP7_75t_R)
  21.38 1125.66 ^ clkbuf_5_9__f_wb_clk_i/Y (BUFx24_ASAP7_75t_R)
  23.15 1148.81 ^ clkbuf_leaf_147_wb_clk_i/Y (BUFx24_ASAP7_75t_R)
   3.29 1152.10 ^ wishbone.TxBDReady$_DFFE_PP0P_/CLK (DFFASRHQNx1_ASAP7_75t_R)
   1.54 1153.64   clock reconvergence pessimism
 -11.07 1142.57   library setup time
        1142.57   data required time
---------------------------------------------------------
        1142.57   data required time
        -873.00   data arrival time
---------------------------------------------------------
         269.57   slack (MET)



==========================================================================
global route report_checks -path_delay min reg to reg
--------------------------------------------------------------------------
Startpoint: rxethmac1.RxData_d[7]$_DFFE_PP0P_
            (rising edge-triggered flip-flop clocked by mrx_clk_pad_i)
Endpoint: rxethmac1.RxData[7]$_DFF_PP0_
          (rising edge-triggered flip-flop clocked by mrx_clk_pad_i)
Path Group: mrx_clk_pad_i
Path Type: min

  Delay    Time   Description
---------------------------------------------------------
   0.00    0.00   clock mrx_clk_pad_i (rise edge)
   0.00    0.00   clock source latency
   0.00    0.00 ^ mrx_clk_pad_i (in)
  19.07   19.07 ^ clkbuf_0_mrx_clk_pad_i/Y (BUFx24_ASAP7_75t_R)
  21.92   40.99 ^ clkbuf_1_0__f_mrx_clk_pad_i/Y (BUFx24_ASAP7_75t_R)
  24.37   65.35 ^ clkbuf_leaf_12_mrx_clk_pad_i/Y (BUFx24_ASAP7_75t_R)
   0.64   65.99 ^ rxethmac1.RxData_d[7]$_DFFE_PP0P_/CLK (DFFASRHQNx1_ASAP7_75t_R)
  38.12  104.11 ^ rxethmac1.RxData_d[7]$_DFFE_PP0P_/QN (DFFASRHQNx1_ASAP7_75t_R)
   8.23  112.34 v _066874_/Y (INVx1_ASAP7_75t_R)
   0.05  112.39 v rxethmac1.RxData[7]$_DFF_PP0_/D (DFFASRHQNx1_ASAP7_75t_R)
         112.39   data arrival time

   0.00    0.00   clock mrx_clk_pad_i (rise edge)
   0.00    0.00   clock source latency
   0.00    0.00 ^ mrx_clk_pad_i (in)
  19.76   19.76 ^ clkbuf_0_mrx_clk_pad_i/Y (BUFx24_ASAP7_75t_R)
  22.91   42.68 ^ clkbuf_1_0__f_mrx_clk_pad_i/Y (BUFx24_ASAP7_75t_R)
  27.30   69.97 ^ clkbuf_leaf_11_mrx_clk_pad_i/Y (BUFx24_ASAP7_75t_R)
   1.60   71.57 ^ rxethmac1.RxData[7]$_DFF_PP0_/CLK (DFFASRHQNx1_ASAP7_75t_R)
  -1.69   69.88   clock reconvergence pessimism
  12.59   82.47   library hold time
          82.47   data required time
---------------------------------------------------------
          82.47   data required time
        -112.39   data arrival time
---------------------------------------------------------
          29.92   slack (MET)


Startpoint: txethmac1.random1.x[8]$_DFF_PP0_
            (rising edge-triggered flip-flop clocked by mtx_clk_pad_i)
Endpoint: txethmac1.random1.x[9]$_DFF_PP0_
          (rising edge-triggered flip-flop clocked by mtx_clk_pad_i)
Path Group: mtx_clk_pad_i
Path Type: min

  Delay    Time   Description
---------------------------------------------------------
   0.00    0.00   clock mtx_clk_pad_i (rise edge)
   0.00    0.00   clock source latency
   0.00    0.00 ^ mtx_clk_pad_i (in)
  20.58   20.58 ^ clkbuf_0_mtx_clk_pad_i/Y (BUFx24_ASAP7_75t_R)
  20.33   40.90 ^ clkbuf_1_1__f_mtx_clk_pad_i/Y (BUFx24_ASAP7_75t_R)
  22.66   63.56 ^ clkbuf_leaf_5_mtx_clk_pad_i/Y (BUFx24_ASAP7_75t_R)
   1.39   64.96 ^ txethmac1.random1.x[8]$_DFF_PP0_/CLK (DFFASRHQNx1_ASAP7_75t_R)
  39.51  104.46 ^ txethmac1.random1.x[8]$_DFF_PP0_/QN (DFFASRHQNx1_ASAP7_75t_R)
   8.49  112.95 v _067981_/Y (INVx1_ASAP7_75t_R)
   0.08  113.03 v txethmac1.random1.x[9]$_DFF_PP0_/D (DFFASRHQNx1_ASAP7_75t_R)
         113.03   data arrival time

   0.00    0.00   clock mtx_clk_pad_i (rise edge)
   0.00    0.00   clock source latency
   0.00    0.00 ^ mtx_clk_pad_i (in)
  21.42   21.42 ^ clkbuf_0_mtx_clk_pad_i/Y (BUFx24_ASAP7_75t_R)
  21.25   42.67 ^ clkbuf_1_1__f_mtx_clk_pad_i/Y (BUFx24_ASAP7_75t_R)
  25.02   67.68 ^ clkbuf_leaf_7_mtx_clk_pad_i/Y (BUFx24_ASAP7_75t_R)
   3.21   70.90 ^ txethmac1.random1.x[9]$_DFF_PP0_/CLK (DFFASRHQNx1_ASAP7_75t_R)
  -1.76   69.14   clock reconvergence pessimism
  12.90   82.04   library hold time
          82.04   data required time
---------------------------------------------------------
          82.04   data required time
        -113.03   data arrival time
---------------------------------------------------------
          31.00   slack (MET)


Startpoint: miim1.WCtrlData_q1$_DFF_PP0_
            (rising edge-triggered flip-flop clocked by wb_clk_i)
Endpoint: miim1.WCtrlData_q2$_DFF_PP0_
          (rising edge-triggered flip-flop clocked by wb_clk_i)
Path Group: wb_clk_i
Path Type: min

  Delay    Time   Description
---------------------------------------------------------
   0.00    0.00   clock wb_clk_i (rise edge)
   0.00    0.00   clock source latency
   0.00    0.00 ^ wb_clk_i (in)
  46.72   46.72 ^ clkbuf_0_wb_clk_i/Y (BUFx24_ASAP7_75t_R)
  27.41   74.13 ^ clkbuf_2_0_0_wb_clk_i/Y (BUFx24_ASAP7_75t_R)
  32.10  106.23 ^ clkbuf_4_0_0_wb_clk_i/Y (BUFx24_ASAP7_75t_R)
  22.93  129.16 ^ clkbuf_5_0__f_wb_clk_i/Y (BUFx24_ASAP7_75t_R)
  25.13  154.29 ^ clkbuf_leaf_172_wb_clk_i/Y (BUFx24_ASAP7_75t_R)
   0.77  155.06 ^ miim1.WCtrlData_q1$_DFF_PP0_/CLK (DFFASRHQNx1_ASAP7_75t_R)
  38.82  193.88 ^ miim1.WCtrlData_q1$_DFF_PP0_/QN (DFFASRHQNx1_ASAP7_75t_R)
   6.57  200.45 v _056055_/Y (INVx1_ASAP7_75t_R)
   0.06  200.51 v miim1.WCtrlData_q2$_DFF_PP0_/D (DFFASRHQNx1_ASAP7_75t_R)
         200.51   data arrival time

   0.00    0.00   clock wb_clk_i (rise edge)
   0.00    0.00   clock source latency
   0.00    0.00 ^ wb_clk_i (in)
  48.26   48.26 ^ clkbuf_0_wb_clk_i/Y (BUFx24_ASAP7_75t_R)
  28.85   77.12 ^ clkbuf_2_0_0_wb_clk_i/Y (BUFx24_ASAP7_75t_R)
  34.65  111.77 ^ clkbuf_4_0_0_wb_clk_i/Y (BUFx24_ASAP7_75t_R)
  24.15  135.92 ^ clkbuf_5_0__f_wb_clk_i/Y (BUFx24_ASAP7_75t_R)
  27.08  163.00 ^ clkbuf_leaf_170_wb_clk_i/Y (BUFx24_ASAP7_75t_R)
   2.21  165.21 ^ miim1.WCtrlData_q2$_DFF_PP0_/CLK (DFFASRHQNx1_ASAP7_75t_R)
  -6.76  158.45   clock reconvergence pessimism
  12.79  171.24   library hold time
         171.24   data required time
---------------------------------------------------------
         171.24   data required time
        -200.51   data arrival time
---------------------------------------------------------
          29.27   slack (MET)



==========================================================================
global route critical path target clock latency max path
--------------------------------------------------------------------------
70.2700

==========================================================================
global route critical path target clock latency min path
--------------------------------------------------------------------------
71.9519

==========================================================================
global route critical path source clock latency min path
--------------------------------------------------------------------------
0.0000

==========================================================================
global route critical path delay
--------------------------------------------------------------------------
451.0175

==========================================================================
global route critical path slack
--------------------------------------------------------------------------
-91.7703

==========================================================================
global route slack div critical path delay
--------------------------------------------------------------------------
-20.347392

==========================================================================
global route report_power
--------------------------------------------------------------------------
Group                  Internal  Switching    Leakage      Total
                          Power      Power      Power      Power (Watts)
----------------------------------------------------------------
Sequential             3.67e-02   1.94e-04   1.25e-06   3.69e-02  53.4%
Combinational          3.94e-03   5.92e-03   3.78e-06   9.86e-03  14.3%
Clock                  1.37e-02   8.62e-03   1.44e-07   2.23e-02  32.3%
Macro                  0.00e+00   0.00e+00   0.00e+00   0.00e+00   0.0%
Pad                    0.00e+00   0.00e+00   0.00e+00   0.00e+00   0.0%
----------------------------------------------------------------
Total                  5.43e-02   1.47e-02   5.18e-06   6.91e-02 100.0%
                          78.7%      21.3%       0.0%
