OpenROAD fe1aa0f9d0254fac87b82c886c04ee1544e46885 
Features included (+) or not (-): +GPU +GUI +Python
This program is licensed under the BSD-3 license. See the LICENSE file for details.
Components of this program may be licensed under more restrictive licenses which must be honored.
[INFO ORD-0030] Using 32 thread(s).
source /home/lucast/workspace/OR-flow-TCC/flow/platforms/asap7/liberty_suppressions.tcl
read_liberty /home/lucast/workspace/OR-flow-TCC/flow/platforms/asap7/lib/NLDM/asap7sc7p5t_AO_RVT_FF_nldm_211120.lib.gz
read_liberty /home/lucast/workspace/OR-flow-TCC/flow/platforms/asap7/lib/NLDM/asap7sc7p5t_INVBUF_RVT_FF_nldm_220122.lib.gz
read_liberty /home/lucast/workspace/OR-flow-TCC/flow/platforms/asap7/lib/NLDM/asap7sc7p5t_OA_RVT_FF_nldm_211120.lib.gz
read_liberty /home/lucast/workspace/OR-flow-TCC/flow/platforms/asap7/lib/NLDM/asap7sc7p5t_SIMPLE_RVT_FF_nldm_211120.lib.gz
read_liberty /home/lucast/workspace/OR-flow-TCC/flow/platforms/asap7/lib/NLDM/asap7sc7p5t_SEQ_RVT_FF_nldm_220123.lib
read_liberty /home/lucast/workspace/OR-flow-TCC/flow/platforms/asap7/lib/NLDM/asap7sc7p5t_DFFHQNH2V2X_RVT_TT_nldm_FAKE.lib
read_liberty /home/lucast/workspace/OR-flow-TCC/flow/platforms/asap7/lib/NLDM/asap7sc7p5t_DFFHQNV2X_RVT_TT_nldm_FAKE.lib
read_db -hier ./results/asap7/mock-alu/baseline_alpha_16-beta_0.1/3_place.odb
[WARNING ORD-0012] Hierarchical flow (-hier) is currently in development and may cause multiple issues. Do not use in production environments.
source /home/lucast/workspace/OR-flow-TCC/flow/platforms/asap7/setRC.tcl
clock_tree_synthesis -sink_clustering_enable -repair_clock_nets
[INFO CTS-0050] Root buffer is BUFx16f_ASAP7_75t_R.
[INFO CTS-0051] Sink buffer is BUFx24_ASAP7_75t_R.
[INFO CTS-0052] The following clock buffers will be used for CTS:
                    BUFx16f_ASAP7_75t_R
                    BUFx24_ASAP7_75t_R
[INFO CTS-0049] Characterization buffer is BUFx24_ASAP7_75t_R.
[INFO CTS-0007] Net "clock" found for clock "clock".
[INFO CTS-0010]  Clock net "clock" has 371 sinks.
[INFO CTS-0008] TritonCTS found 1 clock nets.
[INFO CTS-0097] Characterization used 2 buffer(s) types.
[INFO CTS-0201] 0 blockages from hard placement blockages and placed macros will be used.
[INFO CTS-0027] Generating H-Tree topology for net clock.
[INFO CTS-0028]  Total number of sinks: 371.
[INFO CTS-0090]  Sinks will be clustered based on buffer max cap.
[INFO CTS-0030]  Number of static layers: 0.
[INFO CTS-0020]  Wire segment unit: 1350  dbu (1 um).
[INFO CTS-0206] Best clustering solution was found from clustering size of 20 and clustering diameter of 50.
[INFO CTS-0019]  Total number of sinks after clustering: 24.
[INFO CTS-0024]  Normalized sink region: [(6.58342, 4.78637), (37.5453, 37.3997)].
[INFO CTS-0025]     Width:  30.9619.
[INFO CTS-0026]     Height: 32.6133.
 Level 1
    Direction: Vertical
    Sinks per sub-region: 12
    Sub-region size: 30.9619 X 16.3067
[INFO CTS-0034]     Segment length (rounded): 8.
[INFO CTS-0032]  Stop criterion found. Max number of sinks is 15.
[INFO CTS-0035]  Number of sinks covered: 24.
[INFO CTS-0018]     Created 27 clock buffers.
[INFO CTS-0012]     Minimum number of buffers in the clock path: 3.
[INFO CTS-0013]     Maximum number of buffers in the clock path: 3.
[INFO CTS-0015]     Created 27 clock nets.
[INFO CTS-0016]     Fanout distribution for the current clock = 8:1, 9:1, 11:1, 12:1, 13:2, 14:1, 15:4, 16:6, 17:4, 18:4, 19:1..
[INFO CTS-0017]     Max level of the clock tree: 1.
[INFO CTS-0098] Clock net "clock"
[INFO CTS-0099]  Sinks 394
[INFO CTS-0100]  Leaf buffers 24
[INFO CTS-0101]  Average sink wire length 85.61 um
[INFO CTS-0102]  Path depth 2 - 3
[INFO CTS-0207]  Dummy loads inserted 23
estimate_parasitics -placement
[INFO DPL-0005] Max displacement: +/- 500 sites horizontally, +/- 100 rows vertically.
Movements Summary
---------------------------------------
Total cells:                   11546
Diamond Move Success:          11546 (100.00%)
Diamond Move Failure:              0
Rip-up and replace Success:        0 (  0.00% of diamond failures)
Rip-up and replace Failure:        0
Total Placement Failures:          0
---------------------------------------
Placement Analysis
---------------------------------
total displacement        141.2 u
average displacement        0.0 u
max displacement            1.6 u
original HPWL           38394.6 u
legalized HPWL          39099.9 u
delta HPWL                    2 %

estimate_parasitics -placement
repair_timing -setup_margin 0 -hold_margin 0 -repair_tns 100 -verbose
[INFO RSZ-0100] Repair move sequence: UnbufferMove SizeUpMove SwapPinsMove BufferMove CloneMove SplitLoadMove 
[INFO RSZ-0094] Found 813 endpoints with setup violations.
[INFO RSZ-0099] Repairing 813 out of 813 (100.00%) violating endpoints...
   Iter   | Removed | Resized | Inserted | Cloned |  Pin  |   Area   |    WNS   |   TNS      |  Viol  | Worst
          | Buffers |  Gates  | Buffers  |  Gates | Swaps |          |          |            | Endpts | Endpt
--------------------------------------------------------------------------------------------------------------
        0 |       0 |       0 |        0 |      0 |     0 |    +0.0% | -345.077 |   -35260.0 |    813 | _tray_size4_2486/D0
       10 |       0 |       0 |       11 |      0 |     4 |    +0.1% | -338.516 |   -35088.2 |    813 | _tray_size4_2486/D0
       20 |       0 |       1 |       18 |      0 |     8 |    +0.1% | -332.013 |   -34907.9 |    813 | _tray_size4_2486/D0
       30 |       0 |       6 |       19 |      0 |    12 |    +0.1% | -318.554 |   -34752.2 |    813 | _tray_size4_2486/D0
       40 |       0 |      11 |       19 |      1 |    16 |    +0.1% | -315.056 |   -34704.7 |    813 | _tray_size4_2486/D0
       50 |       0 |      13 |       23 |      1 |    20 |    +0.2% | -314.241 |   -34723.9 |    813 | _tray_size4_2486/D0
       60 |       0 |      14 |       28 |      1 |    25 |    +0.2% | -318.866 |   -34758.6 |    813 | _tray_size4_2486/D0
       70 |       0 |      17 |       28 |      1 |    32 |    +0.2% | -313.120 |   -34707.7 |    813 | _tray_size4_2486/D0
       80 |       0 |      19 |       29 |      1 |    39 |    +0.2% | -310.645 |   -34682.6 |    813 | _tray_size4_2486/D0
       90 |       0 |      20 |       30 |      1 |    47 |    +0.2% | -312.180 |   -34681.5 |    813 | _tray_size4_2486/D0
       90 |       0 |      20 |       29 |      1 |    41 |    +0.2% | -310.167 |   -34678.4 |    813 | _tray_size4_2486/D0
      100 |       0 |      21 |       33 |      1 |    46 |    +0.3% | -310.167 |   -34680.1 |    813 | _tray_size4_2486/D0
      110 |       0 |      24 |       35 |      1 |    51 |    +0.3% | -310.379 |   -34674.0 |    813 | _tray_size4_2486/D0
      115 |       0 |      20 |       29 |      1 |    43 |    +0.2% | -310.167 |   -34676.0 |    813 | _tray_size4_2486/D0
      120 |       0 |      20 |       31 |      1 |    45 |    +0.2% | -310.167 |   -34139.0 |    813 | _tray_size4_2486/D0
      130 |       1 |      22 |       32 |      1 |    51 |    +0.2% | -310.206 |   -34128.5 |    813 | _tray_size4_2486/D0
      137 |       1 |      21 |       32 |      1 |    49 |    +0.2% | -310.166 |   -34126.6 |    813 | _tray_size4_2486/D0
      140 |       1 |      21 |       34 |      1 |    49 |    +0.3% | -310.102 |   -34140.1 |    813 | _tray_size4_2486/D0
      150 |       1 |      22 |       39 |      1 |    53 |    +0.3% | -310.102 |   -34134.2 |    813 | _tray_size4_2486/D0
      160 |       1 |      24 |       45 |      1 |    56 |    +0.3% | -310.102 |   -34145.7 |    813 | _tray_size4_2486/D0
      170 |       1 |      28 |       47 |      2 |    60 |    +0.4% | -310.102 |   -34141.5 |    813 | _tray_size4_2486/D0
      180 |       6 |      29 |       51 |      2 |    60 |    +0.4% | -310.102 |   -34129.7 |    813 | _tray_size4_2486/D0
      190 |      11 |      29 |       56 |      2 |    60 |    +0.4% | -310.102 |   -34129.7 |    813 | _tray_size4_2486/D0
      197 |       1 |      21 |       37 |      1 |    53 |    +0.3% | -310.102 |   -34129.5 |    813 | _tray_size4_2486/D0
      200 |       1 |      21 |       38 |      1 |    54 |    +0.3% | -310.102 |   -34118.6 |    813 | _tray_size4_2486/D0
      210 |       1 |      23 |       40 |      1 |    60 |    +0.3% | -310.102 |   -34142.1 |    813 | _tray_size4_2486/D0
      218 |       1 |      23 |       38 |      1 |    58 |    +0.3% | -310.102 |   -34116.0 |    813 | _tray_size4_2486/D0
      220 |       1 |      23 |       38 |      1 |    59 |    +0.3% | -310.102 |   -34115.0 |    813 | _tray_size4_2486/D0
      227 |       2 |      23 |       38 |      1 |    63 |    +0.3% | -310.102 |   -34095.6 |    813 | _tray_size4_2486/D0
      229 |       3 |      23 |       38 |      1 |    63 |    +0.3% | -310.102 |   -34084.6 |    813 | _tray_size4_2486/D0
      230 |       3 |      23 |       38 |      1 |    63 |    +0.3% | -310.102 |   -34084.6 |    813 | _tray_size4_2486/D0
      236 |       3 |      23 |       38 |      1 |    64 |    +0.3% | -310.102 |   -34078.2 |    813 | _tray_size4_2486/D0
      240 |       3 |      23 |       39 |      1 |    66 |    +0.3% | -310.102 |   -34075.7 |    813 | _tray_size4_2486/D0
      244 |       3 |      23 |       39 |      1 |    66 |    +0.3% | -310.102 |   -34075.7 |    813 | _tray_size4_2486/D0
      250 |       3 |      24 |       43 |      1 |    67 |    +0.3% | -310.102 |   -34066.6 |    813 | _tray_size4_2486/D0
      258 |       3 |      25 |       43 |      1 |    68 |    +0.3% | -310.102 |   -34046.4 |    813 | _tray_size4_2486/D0
      260 |       3 |      25 |       43 |      1 |    69 |    +0.3% | -310.102 |   -34048.7 |    813 | _tray_size4_2486/D0
      264 |       3 |      25 |       43 |      1 |    68 |    +0.3% | -310.102 |   -34046.4 |    813 | _tray_size4_2486/D0
      270 |       3 |      29 |       43 |      1 |    69 |    +0.3% | -310.102 |   -33123.3 |    813 | _tray_size4_2486/D0
      280 |       3 |      33 |       45 |      1 |    73 |    +0.3% | -310.101 |   -32693.7 |    813 | _tray_size4_2486/D0
      289 |       3 |      38 |       45 |      1 |    75 |    +0.3% | -310.101 |   -32692.8 |    813 | _tray_size4_2486/D0
      290 |       3 |      38 |       45 |      1 |    75 |    +0.3% | -310.101 |   -32692.8 |    813 | _tray_size4_2486/D0
      300 |       3 |      47 |       46 |      1 |    75 |    +0.4% | -310.101 |   -31352.0 |    813 | _tray_size4_2486/D0
      310 |       3 |      54 |       48 |      2 |    75 |    +0.4% | -310.101 |   -31357.7 |    813 | _tray_size4_2486/D0
      320 |       3 |      60 |       52 |      2 |    77 |    +0.4% | -310.101 |   -31215.0 |    813 | _tray_size4_2486/D0
      330 |       3 |      69 |       52 |      3 |    77 |    +0.5% | -310.101 |   -31208.4 |    813 | _tray_size4_2486/D0
      340 |       3 |      78 |       52 |      4 |    77 |    +0.5% | -310.101 |   -30945.6 |    813 | _tray_size4_2486/D0
      350 |       3 |      83 |       53 |      4 |    81 |    +0.5% | -310.101 |   -30948.7 |    813 | _tray_size4_2486/D0
      360 |       3 |      88 |       55 |      6 |    82 |    +0.6% | -310.101 |   -30952.7 |    813 | _tray_size4_2486/D0
      370 |       3 |      95 |       56 |      8 |    82 |    +0.6% | -310.101 |   -30929.3 |    813 | _tray_size4_2486/D0
      380 |       3 |      98 |       59 |      8 |    87 |    +0.6% | -310.101 |   -30899.5 |    813 | _tray_size4_2486/D0
      390 |       3 |     104 |       61 |      8 |    89 |    +0.7% | -310.101 |   -30765.6 |    813 | _tray_size4_2486/D0
      400 |       3 |     109 |       64 |     10 |    89 |    +0.7% | -310.101 |   -30673.9 |    813 | _tray_size4_2486/D0
      410 |       3 |     114 |       67 |     12 |    89 |    +0.7% | -310.101 |   -30642.5 |    813 | _tray_size4_2486/D0
      416 |       3 |     117 |       69 |     12 |    89 |    +0.8% | -310.101 |   -30848.2 |    813 | _tray_size4_2486/D0
      418 |       3 |     117 |       69 |     12 |    90 |    +0.8% | -310.101 |   -30847.3 |    813 | _tray_size4_2486/D0
      420 |       3 |     118 |       69 |     12 |    90 |    +0.8% | -310.101 |   -30844.1 |    813 | _tray_size4_2486/D0
      430 |       3 |     125 |       71 |     12 |    91 |    +0.8% | -310.101 |   -30842.4 |    813 | _tray_size4_2486/D0
      438 |       3 |     127 |       71 |     12 |    92 |    +0.8% | -310.101 |   -30840.7 |    813 | _tray_size4_2486/D0
      440 |       3 |     127 |       71 |     12 |    93 |    +0.8% | -310.101 |   -30839.9 |    813 | _tray_size4_2486/D0
      444 |       3 |     127 |       71 |     12 |    94 |    +0.8% | -310.101 |   -30836.9 |    813 | _tray_size4_2486/D0
      450 |       3 |     129 |       72 |     12 |    96 |    +0.8% | -311.388 |   -30847.3 |    813 | _tray_size4_2486/D0
      453 |       3 |     127 |       71 |     12 |    94 |    +0.8% | -310.101 |   -30836.9 |    813 | _tray_size4_2486/D0
      460 |       3 |     130 |       71 |     12 |    97 |    +0.8% | -311.388 |   -30822.3 |    813 | _tray_size4_2486/D0
      461 |       3 |     127 |       71 |     12 |    94 |    +0.8% | -310.101 |   -30836.9 |    813 | _tray_size4_2486/D0
      465 |       3 |     127 |       71 |     12 |    94 |    +0.8% | -310.101 |   -30836.9 |    813 | _tray_size4_2486/D0
      470 |       3 |     129 |       71 |     12 |    96 |    +0.8% | -311.388 |   -30838.4 |    813 | _tray_size4_2486/D0
      474 |       3 |     127 |       71 |     12 |    94 |    +0.8% | -310.101 |   -30836.9 |    813 | _tray_size4_2486/D0
      479 |       3 |     127 |       71 |     12 |    94 |    +0.8% | -310.101 |   -30836.9 |    813 | _tray_size4_2486/D0
      480 |       3 |     127 |       71 |     12 |    94 |    +0.8% | -310.101 |   -30836.9 |    813 | _tray_size4_2486/D0
      490 |       3 |     130 |       74 |     13 |    97 |    +0.8% | -310.310 |   -30809.4 |    813 | _tray_size4_2486/D0
      496 |       3 |     129 |       74 |     12 |    94 |    +0.8% | -310.101 |   -30836.9 |    813 | _tray_size4_2486/D0
      500 |       3 |     129 |       74 |     13 |    96 |    +0.8% | -310.101 |   -30855.4 |    813 | _tray_size4_2486/D0
      501 |       3 |     130 |       74 |     13 |    96 |    +0.8% | -310.101 |   -30831.4 |    813 | _tray_size4_2486/D0
      506 |       3 |     131 |       74 |     13 |    97 |    +0.8% | -310.101 |   -30828.3 |    813 | _tray_size4_2486/D0
      510 |       3 |     132 |       75 |     13 |    98 |    +0.8% | -310.737 |   -30835.0 |    813 | _tray_size4_2486/D0
      514 |       3 |     131 |       74 |     13 |    98 |    +0.8% | -310.101 |   -30825.3 |    813 | _tray_size4_2486/D0
      516 |       3 |     131 |       74 |     13 |    98 |    +0.8% | -310.101 |   -30825.3 |    813 | _tray_size4_2486/D0
      518 |       3 |     131 |       74 |     13 |    98 |    +0.8% | -310.101 |   -30825.3 |    813 | _tray_size4_2486/D0
      520 |       3 |     131 |       74 |     13 |    99 |    +0.8% | -310.101 |   -30824.9 |    813 | _tray_size4_2486/D0
      521 |       3 |     131 |       74 |     13 |   100 |    +0.8% | -310.101 |   -30824.1 |    813 | _tray_size4_2486/D0
      530 |       3 |     137 |       74 |     13 |   102 |    +0.9% | -310.310 |   -30781.9 |    813 | _tray_size4_2486/D0
      538 |       3 |     133 |       74 |     13 |   100 |    +0.8% | -310.101 |   -30816.2 |    813 | _tray_size4_2486/D0
      540 |       3 |     133 |       74 |     13 |   101 |    +0.8% | -310.101 |   -30808.0 |    813 | _tray_size4_2486/D0
      542 |       3 |     133 |       74 |     13 |   103 |    +0.8% | -310.101 |   -30806.6 |    813 | _tray_size4_2486/D0
      550 |       3 |     136 |       75 |     13 |   106 |    +0.9% | -310.737 |   -30800.3 |    813 | _tray_size4_2486/D0
      555 |       3 |     133 |       74 |     13 |   103 |    +0.8% | -310.101 |   -30806.6 |    813 | _tray_size4_2486/D0
      560 |       3 |     134 |       74 |     13 |   106 |    +0.8% | -310.101 |   -30805.4 |    813 | _tray_size4_2486/D0
      570 |       4 |     141 |       76 |     13 |   107 |    +0.9% | -310.101 |   -30799.8 |    813 | _tray_size4_2486/D0
      580 |       4 |     148 |       78 |     14 |   107 |    +0.9% | -310.101 |   -30804.7 |    813 | _tray_size4_2486/D0
      589 |       4 |     150 |       79 |     15 |   109 |    +0.9% | -310.101 |   -30850.0 |    813 | _tray_size4_2486/D0
      590 |       4 |     150 |       79 |     15 |   109 |    +0.9% | -310.101 |   -30850.0 |    813 | _tray_size4_2486/D0
      600 |       4 |     156 |       79 |     16 |   112 |    +0.9% | -310.101 |   -30839.9 |    813 | _tray_size4_2486/D0
      604 |       4 |     156 |       79 |     15 |   110 |    +0.9% | -310.101 |   -30831.5 |    813 | _tray_size4_2486/D0
      610 |       4 |     158 |       79 |     15 |   113 |    +0.9% | -310.101 |   -30816.8 |    813 | _tray_size4_2486/D0
      613 |       4 |     159 |       79 |     16 |   114 |    +1.0% | -310.101 |   -30816.1 |    813 | _tray_size4_2486/D0
      620 |       4 |     161 |       82 |     16 |   116 |    +1.0% | -310.101 |   -30831.8 |    813 | _tray_size4_2486/D0
      628 |       4 |     162 |       82 |     18 |   117 |    +1.0% | -310.101 |   -30831.8 |    813 | _tray_size4_2486/D0
      630 |       4 |     162 |       83 |     18 |   117 |    +1.0% | -310.101 |   -30849.5 |    813 | _tray_size4_2486/D0
      636 |       4 |     162 |       83 |     18 |   118 |    +1.0% | -310.101 |   -30848.2 |    813 | _tray_size4_2486/D0
      640 |       5 |     162 |       84 |     18 |   119 |    +1.0% | -310.101 |   -30841.0 |    813 | _tray_size4_2486/D0
      640 |       5 |     162 |       84 |     18 |   119 |    +1.0% | -310.101 |   -30841.0 |    813 | _tray_size4_2486/D0
      643 |       5 |     162 |       84 |     18 |   119 |    +1.0% | -310.101 |   -30841.0 |    813 | _tray_size4_2486/D0
      646 |       5 |     162 |       84 |     18 |   119 |    +1.0% | -310.101 |   -30841.0 |    813 | _tray_size4_2486/D0
      650 |       5 |     164 |       86 |     18 |   119 |    +1.0% | -311.388 |   -30840.9 |    813 | _tray_size4_2486/D0
      654 |       5 |     162 |       84 |     18 |   119 |    +1.0% | -310.101 |   -30841.0 |    813 | _tray_size4_2486/D0
      656 |       5 |     162 |       84 |     18 |   120 |    +1.0% | -310.101 |   -30840.3 |    813 | _tray_size4_2486/D0
      659 |       5 |     162 |       84 |     18 |   122 |    +1.0% | -310.101 |   -30832.0 |    813 | _tray_size4_2486/D0
      660 |       5 |     162 |       84 |     18 |   122 |    +1.0% | -310.101 |   -30832.0 |    813 | _tray_size4_2486/D0
      662 |       5 |     162 |       84 |     18 |   124 |    +1.0% | -310.101 |   -30826.2 |    813 | _tray_size4_2486/D0
      665 |       5 |     162 |       84 |     18 |   125 |    +1.0% | -310.101 |   -30825.4 |    813 | _tray_size4_2486/D0
      668 |       5 |     162 |       84 |     18 |   125 |    +1.0% | -310.101 |   -30825.4 |    813 | _tray_size4_2486/D0
      670 |       5 |     162 |       84 |     18 |   126 |    +1.0% | -310.101 |   -30824.6 |    813 | _tray_size4_2486/D0
      671 |       5 |     162 |       84 |     18 |   127 |    +1.0% | -310.101 |   -30820.3 |    813 | _tray_size4_2486/D0
      678 |       5 |     165 |       84 |     18 |   130 |    +1.0% | -310.101 |   -30817.3 |    813 | _tray_size4_2486/D0
      680 |       5 |     165 |       85 |     18 |   130 |    +1.0% | -310.101 |   -30816.9 |    813 | _tray_size4_2486/D0
      686 |       5 |     165 |       85 |     18 |   130 |    +1.0% | -310.101 |   -30816.9 |    813 | _tray_size4_2486/D0
      690 |       5 |     166 |       85 |     18 |   132 |    +1.0% | -310.101 |   -30809.3 |    813 | _tray_size4_2486/D0
      695 |       5 |     169 |       85 |     18 |   134 |    +1.0% | -310.101 |   -30804.9 |    813 | _tray_size4_2486/D0
      700 |       5 |     169 |       85 |     18 |   138 |    +1.0% | -310.101 |   -30808.7 |    813 | _tray_size4_2486/D0
      703 |       5 |     169 |       85 |     18 |   135 |    +1.0% | -310.101 |   -30804.0 |    813 | _tray_size4_2486/D0
      710 |       5 |     173 |       87 |     18 |   136 |    +1.0% | -311.388 |   -30783.7 |    813 | _tray_size4_2486/D0
      713 |       5 |     169 |       85 |     18 |   135 |    +1.0% | -310.101 |   -30804.0 |    813 | _tray_size4_2486/D0
      715 |       5 |     169 |       85 |     18 |   136 |    +1.0% | -310.101 |   -30803.2 |    813 | _tray_size4_2486/D0
      720 |       5 |     171 |       86 |     19 |   136 |    +1.0% | -310.101 |   -30815.3 |    813 | _tray_size4_2486/D0
      730 |       5 |     176 |       89 |     19 |   138 |    +1.1% | -310.101 |   -30842.2 |    813 | _tray_size4_2486/D0
      736 |       5 |     174 |       86 |     19 |   137 |    +1.1% | -310.101 |   -30801.4 |    813 | _tray_size4_2486/D0
      740 |       5 |     176 |       87 |     19 |   137 |    +1.1% | -310.147 |   -30804.9 |    813 | _tray_size4_2486/D0
      740 |       5 |     174 |       86 |     19 |   137 |    +1.1% | -310.101 |   -30801.4 |    813 | _tray_size4_2486/D0
      744 |       5 |     175 |       86 |     19 |   138 |    +1.1% | -310.101 |   -30800.5 |    813 | _tray_size4_2486/D0
      745 |       5 |     175 |       86 |     19 |   138 |    +1.1% | -310.101 |   -30800.5 |    813 | _tray_size4_2486/D0
      750 |       5 |     179 |       86 |     19 |   138 |    +1.1% | -311.388 |   -30782.9 |    813 | _tray_size4_2486/D0
      751 |       5 |     175 |       86 |     19 |   138 |    +1.1% | -310.101 |   -30800.5 |    813 | _tray_size4_2486/D0
      755 |       5 |     175 |       86 |     19 |   141 |    +1.1% | -310.101 |   -30799.7 |    813 | _tray_size4_2486/D0
      760 |       5 |     177 |       88 |     19 |   142 |    +1.1% | -311.388 |   -30800.4 |    813 | _tray_size4_2486/D0
      762 |       5 |     175 |       86 |     19 |   141 |    +1.1% | -310.101 |   -30799.7 |    813 | _tray_size4_2486/D0
      770 |       5 |     178 |       87 |     19 |   144 |    +1.1% | -310.101 |   -30813.4 |    813 | _tray_size4_2486/D0
      770 |       5 |     178 |       87 |     19 |   144 |    +1.1% | -310.101 |   -30813.4 |    813 | _tray_size4_2486/D0
      773 |       5 |     178 |       87 |     19 |   146 |    +1.1% | -310.101 |   -30812.0 |    813 | _tray_size4_2486/D0
      778 |       5 |     179 |       87 |     19 |   146 |    +1.1% | -310.101 |   -30809.1 |    813 | _tray_size4_2486/D0
      780 |       5 |     179 |       87 |     19 |   147 |    +1.1% | -310.101 |   -30808.6 |    813 | _tray_size4_2486/D0
      782 |       5 |     179 |       87 |     19 |   149 |    +1.1% | -310.101 |   -30808.5 |    813 | _tray_size4_2486/D0
      785 |       5 |     179 |       87 |     19 |   151 |    +1.1% | -310.101 |   -30799.8 |    813 | _tray_size4_2486/D0
      790 |       5 |     179 |       87 |     19 |   155 |    +1.1% | -310.101 |   -30800.8 |    813 | _tray_size4_2486/D0
      795 |       5 |     179 |       87 |     19 |   153 |    +1.1% | -310.101 |   -30798.4 |    813 | _tray_size4_2486/D0
      800 |       5 |     179 |       87 |     19 |   157 |    +1.1% | -310.101 |   -30809.6 |    813 | _tray_size4_2486/D0
      803 |       5 |     179 |       87 |     19 |   153 |    +1.1% | -310.101 |   -30798.4 |    813 | _tray_size4_2486/D0
      810 |       5 |     179 |       87 |     19 |   159 |    +1.1% | -310.101 |   -30806.3 |    813 | _tray_size4_2486/D0
      812 |       5 |     180 |       87 |     19 |   159 |    +1.1% | -310.101 |   -30796.1 |    813 | _tray_size4_2486/D0
      820 |       5 |     180 |       87 |     19 |   166 |    +1.1% | -310.101 |   -30809.5 |    813 | _tray_size4_2486/D0
      820 |       5 |     180 |       87 |     19 |   160 |    +1.1% | -310.101 |   -30794.1 |    813 | _tray_size4_2486/D0
      828 |       5 |     180 |       87 |     19 |   161 |    +1.1% | -310.101 |   -30794.0 |    813 | _tray_size4_2486/D0
      830 |       5 |     180 |       87 |     19 |   162 |    +1.1% | -310.101 |   -30790.5 |    813 | _tray_size4_2486/D0
      837 |       5 |     180 |       87 |     19 |   162 |    +1.1% | -310.101 |   -30790.5 |    813 | _tray_size4_2486/D0
      840 |       5 |     180 |       87 |     19 |   164 |    +1.1% | -310.101 |   -30788.9 |    813 | _tray_size4_2486/D0
      846 |       5 |     180 |       87 |     19 |   165 |    +1.1% | -310.101 |   -30784.0 |    813 | _tray_size4_2486/D0
      850 |       5 |     180 |       87 |     19 |   168 |    +1.1% | -310.101 |   -30796.4 |    813 | _tray_size4_2486/D0
      855 |       5 |     180 |       87 |     19 |   165 |    +1.1% | -310.101 |   -30784.0 |    813 | _tray_size4_2486/D0
      860 |       5 |     180 |       87 |     19 |   169 |    +1.1% | -310.101 |   -30780.9 |    813 | _tray_size4_2486/D0
      863 |       5 |     180 |       87 |     19 |   169 |    +1.1% | -310.101 |   -30780.9 |    813 | _tray_size4_2486/D0
      870 |       5 |     180 |       87 |     19 |   175 |    +1.1% | -310.101 |   -30789.1 |    813 | _tray_size4_2486/D0
      871 |       5 |     180 |       87 |     19 |   169 |    +1.1% | -310.101 |   -30780.9 |    813 | _tray_size4_2486/D0
      880 |       5 |     181 |       87 |     19 |   176 |    +1.1% | -310.101 |   -30774.7 |    813 | _tray_size4_2486/D0
      881 |       5 |     181 |       87 |     19 |   177 |    +1.1% | -310.101 |   -30774.5 |    813 | _tray_size4_2486/D0
      889 |       5 |     181 |       87 |     19 |   177 |    +1.1% | -310.101 |   -30774.5 |    813 | _tray_size4_2486/D0
      890 |       5 |     181 |       87 |     19 |   177 |    +1.1% | -310.101 |   -30774.5 |    813 | _tray_size4_2486/D0
      897 |       5 |     181 |       87 |     19 |   179 |    +1.1% | -310.101 |   -30767.0 |    813 | _tray_size4_2486/D0
      900 |       5 |     181 |       87 |     19 |   181 |    +1.1% | -310.101 |   -30773.6 |    813 | _tray_size4_2486/D0
      905 |       5 |     181 |       87 |     19 |   179 |    +1.1% | -310.101 |   -30767.0 |    813 | _tray_size4_2486/D0
      906 |       5 |     181 |       87 |     19 |   179 |    +1.1% | -310.101 |   -30767.0 |    813 | _tray_size4_2486/D0
      910 |       5 |     181 |       87 |     19 |   182 |    +1.1% | -310.101 |   -30768.1 |    813 | _tray_size4_2486/D0
      914 |       5 |     181 |       87 |     19 |   179 |    +1.1% | -310.101 |   -30767.0 |    813 | _tray_size4_2486/D0
      920 |       5 |     181 |       87 |     19 |   184 |    +1.1% | -310.101 |   -30780.4 |    813 | _tray_size4_2486/D0
      922 |       5 |     181 |       87 |     19 |   179 |    +1.1% | -310.101 |   -30767.0 |    813 | _tray_size4_2486/D0
      924 |       5 |     181 |       87 |     19 |   180 |    +1.1% | -310.101 |   -30763.3 |    813 | _tray_size4_2486/D0
      930 |       5 |     181 |       87 |     19 |   185 |    +1.1% | -310.101 |   -30778.0 |    813 | _tray_size4_2486/D0
      932 |       5 |     181 |       87 |     19 |   182 |    +1.1% | -310.101 |   -30759.8 |    813 | _tray_size4_2486/D0
      940 |       5 |     181 |       87 |     19 |   189 |    +1.1% | -310.101 |   -30761.4 |    813 | _tray_size4_2486/D0
      941 |       5 |     181 |       87 |     19 |   182 |    +1.1% | -310.101 |   -30759.8 |    813 | _tray_size4_2486/D0
      947 |       5 |     181 |       87 |     19 |   187 |    +1.1% | -310.101 |   -30757.3 |    813 | _tray_size4_2486/D0
      948 |       5 |     181 |       87 |     19 |   187 |    +1.1% | -310.101 |   -30757.3 |    813 | _tray_size4_2486/D0
      949 |       5 |     181 |       87 |     19 |   187 |    +1.1% | -310.101 |   -30757.3 |    813 | _tray_size4_2486/D0
      950 |       5 |     181 |       87 |     19 |   187 |    +1.1% | -310.101 |   -30757.3 |    813 | _tray_size4_2486/D0
      950 |       5 |     181 |       87 |     19 |   187 |    +1.1% | -310.101 |   -30757.3 |    813 | _tray_size4_2486/D0
      951 |       5 |     181 |       87 |     19 |   187 |    +1.1% | -310.101 |   -30757.3 |    813 | _tray_size4_2486/D0
      952 |       5 |     181 |       87 |     19 |   187 |    +1.1% | -310.101 |   -30757.3 |    813 | _tray_size4_2486/D0
      960 |       5 |     181 |       87 |     19 |   194 |    +1.1% | -310.101 |   -30768.4 |    813 | _tray_size4_2486/D0
      960 |       5 |     181 |       87 |     19 |   188 |    +1.1% | -310.101 |   -30755.7 |    813 | _tray_size4_2486/D0
      961 |       5 |     181 |       87 |     19 |   188 |    +1.1% | -310.101 |   -30755.7 |    813 | _tray_size4_2486/D0
      965 |       5 |     182 |       87 |     19 |   190 |    +1.1% | -310.101 |   -30750.9 |    813 | _tray_size4_2486/D0
      966 |       5 |     182 |       87 |     19 |   190 |    +1.1% | -310.101 |   -30750.9 |    813 | _tray_size4_2486/D0
      968 |       5 |     182 |       87 |     19 |   191 |    +1.1% | -310.101 |   -30750.2 |    813 | _tray_size4_2486/D0
      969 |       5 |     182 |       87 |     19 |   191 |    +1.1% | -310.101 |   -30750.2 |    813 | _tray_size4_2486/D0
      970 |       5 |     182 |       87 |     19 |   191 |    +1.1% | -310.101 |   -30750.2 |    813 | _tray_size4_2486/D0
      970 |       5 |     182 |       87 |     19 |   191 |    +1.1% | -310.101 |   -30750.2 |    813 | _tray_size4_2486/D0
      972 |       5 |     182 |       87 |     19 |   192 |    +1.1% | -310.101 |   -30749.1 |    813 | _tray_size4_2486/D0
      973 |       5 |     182 |       87 |     19 |   192 |    +1.1% | -310.101 |   -30749.1 |    813 | _tray_size4_2486/D0
      974 |       5 |     182 |       87 |     19 |   192 |    +1.1% | -310.101 |   -30749.1 |    813 | _tray_size4_2486/D0
      975 |       5 |     182 |       87 |     19 |   192 |    +1.1% | -310.101 |   -30749.1 |    813 | _tray_size4_2486/D0
      976 |       5 |     182 |       87 |     19 |   192 |    +1.1% | -310.101 |   -30749.1 |    813 | _tray_size4_2486/D0
      977 |       5 |     182 |       87 |     19 |   192 |    +1.1% | -310.101 |   -30749.1 |    813 | _tray_size4_2486/D0
      978 |       5 |     182 |       87 |     19 |   192 |    +1.1% | -310.101 |   -30749.1 |    813 | _tray_size4_2486/D0
      980 |       5 |     182 |       87 |     19 |   193 |    +1.1% | -310.101 |   -30749.1 |    813 | _tray_size4_2486/D0
      980 |       5 |     182 |       87 |     19 |   193 |    +1.1% | -310.101 |   -30749.1 |    813 | _tray_size4_2486/D0
      983 |       5 |     182 |       87 |     19 |   194 |    +1.1% | -310.101 |   -30748.3 |    813 | _tray_size4_2486/D0
      984 |       5 |     182 |       87 |     19 |   194 |    +1.1% | -310.101 |   -30748.3 |    813 | _tray_size4_2486/D0
      985 |       5 |     182 |       87 |     19 |   194 |    +1.1% | -310.101 |   -30748.3 |    813 | _tray_size4_2486/D0
      986 |       5 |     182 |       87 |     19 |   194 |    +1.1% | -310.101 |   -30748.3 |    813 | _tray_size4_2486/D0
      987 |       5 |     182 |       87 |     19 |   194 |    +1.1% | -310.101 |   -30748.3 |    813 | _tray_size4_2486/D0
      990 |       5 |     182 |       87 |     19 |   196 |    +1.1% | -310.101 |   -30746.4 |    813 | _tray_size4_2486/D0
      991 |       5 |     182 |       87 |     19 |   196 |    +1.1% | -310.101 |   -30746.4 |    813 | _tray_size4_2486/D0
     1000 |       5 |     190 |       87 |     19 |   196 |    +1.1% | -310.101 |   -28318.4 |    813 | _tray_size4_2486/D0
     1010 |       5 |     197 |       89 |     20 |   197 |    +1.1% | -310.101 |   -26493.8 |    813 | _tray_size4_2486/D0
     1017 |       5 |     201 |       91 |     21 |   197 |    +1.2% | -310.101 |   -25552.5 |    811 | _tray_size4_2486/D0
     1018 |       5 |     201 |       91 |     21 |   197 |    +1.2% | -310.101 |   -25552.5 |    810 | _tray_size4_2486/D0
     1019 |       5 |     201 |       91 |     21 |   197 |    +1.2% | -310.101 |   -25552.5 |    809 | _tray_size4_2486/D0
     1020 |       5 |     201 |       91 |     21 |   197 |    +1.2% | -310.101 |   -25552.5 |    809 | _tray_size4_2486/D0
     1020 |       5 |     201 |       91 |     21 |   197 |    +1.2% | -310.101 |   -25552.5 |    808 | _tray_size4_2486/D0
     1022 |       5 |     202 |       91 |     21 |   197 |    +1.2% | -310.101 |   -25541.8 |    806 | _tray_size4_2486/D0
     1025 |       5 |     204 |       91 |     21 |   197 |    +1.2% | -310.101 |   -25508.7 |    804 | _tray_size4_2486/D0
     1026 |       5 |     204 |       91 |     21 |   197 |    +1.2% | -310.101 |   -25508.7 |    803 | _tray_size4_2486/D0
     1027 |       5 |     204 |       91 |     21 |   197 |    +1.2% | -310.101 |   -25508.7 |    802 | _tray_size4_2486/D0
     1030 |       5 |     206 |       91 |     21 |   197 |    +1.2% | -310.101 |   -25434.7 |    802 | _tray_size4_2486/D0
     1031 |       5 |     206 |       91 |     21 |   198 |    +1.2% | -310.101 |   -25433.1 |    800 | _tray_size4_2486/D0
     1038 |       5 |     206 |       91 |     21 |   198 |    +1.2% | -310.101 |   -25433.1 |    800 | _tray_size4_2486/D0
     1039 |       5 |     206 |       91 |     21 |   198 |    +1.2% | -310.101 |   -25433.1 |    799 | _tray_size4_2486/D0
     1040 |       5 |     206 |       91 |     21 |   198 |    +1.2% | -310.101 |   -25433.1 |    799 | _tray_size4_2486/D0
     1040 |       5 |     206 |       91 |     21 |   198 |    +1.2% | -310.101 |   -25433.1 |    798 | _tray_size4_2486/D0
     1041 |       5 |     206 |       91 |     21 |   198 |    +1.2% | -310.101 |   -25433.1 |    797 | _tray_size4_2486/D0
     1042 |       5 |     206 |       91 |     21 |   198 |    +1.2% | -310.101 |   -25433.1 |    796 | _tray_size4_2486/D0
     1049 |       5 |     206 |       91 |     21 |   198 |    +1.2% | -310.101 |   -25433.1 |    796 | _tray_size4_2486/D0
     1050 |       5 |     206 |       91 |     21 |   198 |    +1.2% | -310.101 |   -25433.1 |    796 | _tray_size4_2486/D0
     1050 |       5 |     206 |       91 |     21 |   198 |    +1.2% | -310.101 |   -25433.1 |    795 | _tray_size4_2486/D0
     1060 |       5 |     208 |       94 |     23 |   200 |    +1.2% | -310.101 |   -24250.5 |    794 | _tray_size4_2486/D0
     1060 |       5 |     208 |       94 |     23 |   200 |    +1.2% | -310.101 |   -24250.5 |    793 | _tray_size4_2486/D0
     1067 |       5 |     208 |       94 |     23 |   201 |    +1.2% | -310.101 |   -24249.0 |    793 | _tray_size4_2486/D0
     1068 |       5 |     208 |       94 |     23 |   201 |    +1.2% | -310.101 |   -24249.0 |    792 | _tray_size4_2486/D0
     1069 |       5 |     208 |       94 |     23 |   201 |    +1.2% | -310.101 |   -24249.0 |    791 | _tray_size4_2486/D0
     1070 |       5 |     208 |       94 |     23 |   201 |    +1.2% | -310.101 |   -24249.0 |    791 | _tray_size4_2486/D0
     1070 |       5 |     208 |       94 |     23 |   201 |    +1.2% | -310.101 |   -24249.0 |    790 | _tray_size4_2486/D0
     1071 |       5 |     208 |       94 |     23 |   201 |    +1.2% | -310.101 |   -24249.0 |    789 | _tray_size4_2486/D0
     1072 |       5 |     208 |       94 |     23 |   201 |    +1.2% | -310.101 |   -24249.0 |    788 | _tray_size4_2486/D0
     1073 |       5 |     208 |       94 |     23 |   201 |    +1.2% | -310.101 |   -24249.0 |    787 | _tray_size4_2486/D0
     1074 |       5 |     208 |       94 |     23 |   201 |    +1.2% | -310.101 |   -24249.0 |    786 | _tray_size4_2486/D0
     1075 |       5 |     208 |       94 |     23 |   201 |    +1.2% | -310.101 |   -24249.0 |    785 | _tray_size4_2486/D0
     1076 |       5 |     208 |       94 |     23 |   201 |    +1.2% | -310.101 |   -24249.0 |    784 | _tray_size4_2486/D0
     1077 |       5 |     208 |       94 |     23 |   201 |    +1.2% | -310.101 |   -24249.0 |    783 | _tray_size4_2486/D0
     1078 |       5 |     208 |       94 |     23 |   201 |    +1.2% | -310.101 |   -24249.0 |    782 | _tray_size4_2486/D0
     1079 |       5 |     208 |       94 |     23 |   201 |    +1.2% | -310.101 |   -24249.0 |    781 | _tray_size4_2486/D0
     1080 |       5 |     208 |       94 |     23 |   201 |    +1.2% | -310.101 |   -24249.0 |    781 | _tray_size4_2486/D0
     1080 |       5 |     208 |       94 |     23 |   201 |    +1.2% | -310.101 |   -24249.0 |    780 | _tray_size4_2486/D0
     1081 |       5 |     208 |       94 |     23 |   201 |    +1.2% | -310.101 |   -24249.0 |    779 | _tray_size4_2486/D0
     1082 |       5 |     208 |       94 |     23 |   201 |    +1.2% | -310.101 |   -24249.0 |    778 | _tray_size4_2486/D0
     1083 |       5 |     208 |       94 |     23 |   201 |    +1.2% | -310.101 |   -24249.0 |    777 | _tray_size4_2486/D0
     1084 |       5 |     208 |       94 |     23 |   201 |    +1.2% | -310.101 |   -24249.0 |    776 | _tray_size4_2486/D0
     1085 |       5 |     208 |       94 |     23 |   201 |    +1.2% | -310.101 |   -24249.0 |    775 | _tray_size4_2486/D0
     1086 |       5 |     208 |       94 |     23 |   201 |    +1.2% | -310.101 |   -24249.0 |    774 | _tray_size4_2486/D0
     1087 |       5 |     208 |       94 |     23 |   201 |    +1.2% | -310.101 |   -24249.0 |    773 | _tray_size4_2486/D0
     1088 |       5 |     208 |       94 |     23 |   201 |    +1.2% | -310.101 |   -24249.0 |    772 | _tray_size4_2486/D0
     1089 |       5 |     208 |       94 |     23 |   201 |    +1.2% | -310.101 |   -24249.0 |    771 | _tray_size4_2486/D0
     1090 |       5 |     208 |       94 |     23 |   201 |    +1.2% | -310.101 |   -24249.0 |    771 | _tray_size4_2486/D0
     1090 |       5 |     208 |       94 |     23 |   201 |    +1.2% | -310.101 |   -24249.0 |    770 | _tray_size4_2486/D0
     1091 |       5 |     208 |       94 |     23 |   201 |    +1.2% | -310.101 |   -24249.0 |    769 | _tray_size4_2486/D0
     1092 |       5 |     208 |       94 |     23 |   201 |    +1.2% | -310.101 |   -24249.0 |    768 | _tray_size4_2486/D0
     1093 |       5 |     208 |       94 |     23 |   201 |    +1.2% | -310.101 |   -24249.0 |    767 | _tray_size4_2486/D0
     1094 |       5 |     208 |       94 |     23 |   201 |    +1.2% | -310.101 |   -24249.0 |    766 | _tray_size4_2486/D0
     1095 |       5 |     208 |       94 |     23 |   201 |    +1.2% | -310.101 |   -24249.0 |    765 | _tray_size4_2486/D0
     1096 |       5 |     208 |       94 |     23 |   201 |    +1.2% | -310.101 |   -24249.0 |    764 | _tray_size4_2486/D0
     1097 |       5 |     208 |       94 |     23 |   201 |    +1.2% | -310.101 |   -24249.0 |    763 | _tray_size4_2486/D0
     1098 |       5 |     208 |       94 |     23 |   201 |    +1.2% | -310.101 |   -24249.0 |    762 | _tray_size4_2486/D0
     1099 |       5 |     208 |       94 |     23 |   201 |    +1.2% | -310.101 |   -24249.0 |    761 | _tray_size4_2486/D0
     1100 |       5 |     208 |       94 |     23 |   201 |    +1.2% | -310.101 |   -24249.0 |    761 | _tray_size4_2486/D0
     1100 |       5 |     208 |       94 |     23 |   201 |    +1.2% | -310.101 |   -24249.0 |    760 | _tray_size4_2486/D0
     1101 |       5 |     208 |       94 |     23 |   201 |    +1.2% | -310.101 |   -24249.0 |    759 | _tray_size4_2486/D0
     1102 |       5 |     208 |       94 |     23 |   201 |    +1.2% | -310.101 |   -24249.0 |    758 | _tray_size4_2486/D0
     1103 |       5 |     208 |       94 |     23 |   201 |    +1.2% | -310.101 |   -24249.0 |    757 | _tray_size4_2486/D0
     1104 |       5 |     208 |       94 |     23 |   201 |    +1.2% | -310.101 |   -24249.0 |    756 | _tray_size4_2486/D0
     1105 |       5 |     208 |       94 |     23 |   201 |    +1.2% | -310.101 |   -24249.0 |    755 | _tray_size4_2486/D0
     1106 |       5 |     208 |       94 |     23 |   201 |    +1.2% | -310.101 |   -24249.0 |    754 | _tray_size4_2486/D0
     1107 |       5 |     208 |       94 |     23 |   201 |    +1.2% | -310.101 |   -24249.0 |    753 | _tray_size4_2486/D0
     1108 |       5 |     208 |       94 |     23 |   201 |    +1.2% | -310.101 |   -24249.0 |    752 | _tray_size4_2486/D0
     1109 |       5 |     208 |       94 |     23 |   201 |    +1.2% | -310.101 |   -24249.0 |    751 | _tray_size4_2486/D0
     1110 |       5 |     208 |       94 |     23 |   201 |    +1.2% | -310.101 |   -24249.0 |    751 | _tray_size4_2486/D0
     1110 |       5 |     208 |       94 |     23 |   201 |    +1.2% | -310.101 |   -24249.0 |    750 | _tray_size4_2486/D0
     1111 |       5 |     208 |       94 |     23 |   201 |    +1.2% | -310.101 |   -24249.0 |    749 | _tray_size4_2486/D0
     1112 |       5 |     208 |       94 |     23 |   201 |    +1.2% | -310.101 |   -24249.0 |    748 | _tray_size4_2486/D0
     1113 |       5 |     208 |       94 |     23 |   201 |    +1.2% | -310.101 |   -24249.0 |    747 | _tray_size4_2486/D0
     1114 |       5 |     208 |       94 |     23 |   201 |    +1.2% | -310.101 |   -24249.0 |    746 | _tray_size4_2486/D0
     1115 |       5 |     208 |       94 |     23 |   201 |    +1.2% | -310.101 |   -24249.0 |    745 | _tray_size4_2486/D0
     1116 |       5 |     208 |       94 |     23 |   201 |    +1.2% | -310.101 |   -24249.0 |    744 | _tray_size4_2486/D0
     1117 |       5 |     208 |       94 |     23 |   201 |    +1.2% | -310.101 |   -24249.0 |    743 | _tray_size4_2486/D0
     1118 |       5 |     208 |       94 |     23 |   201 |    +1.2% | -310.101 |   -24249.0 |    742 | _tray_size4_2486/D0
     1119 |       5 |     208 |       94 |     23 |   201 |    +1.2% | -310.101 |   -24249.0 |    741 | _tray_size4_2486/D0
     1120 |       5 |     208 |       94 |     23 |   201 |    +1.2% | -310.101 |   -24249.0 |    741 | _tray_size4_2486/D0
     1120 |       5 |     208 |       94 |     23 |   201 |    +1.2% | -310.101 |   -24249.0 |    740 | _tray_size4_2486/D0
     1121 |       5 |     208 |       94 |     23 |   201 |    +1.2% | -310.101 |   -24249.0 |    739 | _tray_size4_2486/D0
     1122 |       5 |     208 |       94 |     23 |   201 |    +1.2% | -310.101 |   -24249.0 |    738 | _tray_size4_2486/D0
     1123 |       5 |     208 |       94 |     23 |   201 |    +1.2% | -310.101 |   -24249.0 |    737 | _tray_size4_2486/D0
     1125 |       5 |     209 |       94 |     23 |   201 |    +1.2% | -310.101 |   -24248.8 |    735 | _tray_size4_2486/D0
     1126 |       5 |     209 |       94 |     23 |   201 |    +1.2% | -310.101 |   -24248.8 |    734 | _tray_size4_2486/D0
     1127 |       5 |     209 |       94 |     23 |   201 |    +1.2% | -310.101 |   -24248.8 |    733 | _tray_size4_2486/D0
     1128 |       5 |     209 |       94 |     23 |   201 |    +1.2% | -310.101 |   -24248.8 |    732 | _tray_size4_2486/D0
     1129 |       5 |     209 |       94 |     23 |   201 |    +1.2% | -310.101 |   -24248.8 |    731 | _tray_size4_2486/D0
     1130 |       5 |     209 |       94 |     23 |   201 |    +1.2% | -310.101 |   -24248.8 |    731 | _tray_size4_2486/D0
     1130 |       5 |     209 |       94 |     23 |   201 |    +1.2% | -310.101 |   -24248.8 |    730 | _tray_size4_2486/D0
     1131 |       5 |     209 |       94 |     23 |   201 |    +1.2% | -310.101 |   -24248.8 |    729 | _tray_size4_2486/D0
     1132 |       5 |     209 |       94 |     23 |   201 |    +1.2% | -310.101 |   -24248.8 |    728 | _tray_size4_2486/D0
     1133 |       5 |     209 |       94 |     23 |   201 |    +1.2% | -310.101 |   -24248.8 |    727 | _tray_size4_2486/D0
     1134 |       5 |     209 |       94 |     23 |   201 |    +1.2% | -310.101 |   -24248.8 |    726 | _tray_size4_2486/D0
     1135 |       5 |     209 |       94 |     23 |   201 |    +1.2% | -310.101 |   -24248.8 |    725 | _tray_size4_2486/D0
     1136 |       5 |     209 |       94 |     23 |   201 |    +1.2% | -310.101 |   -24248.8 |    724 | _tray_size4_2486/D0
     1137 |       5 |     209 |       94 |     23 |   201 |    +1.2% | -310.101 |   -24248.8 |    723 | _tray_size4_2486/D0
     1138 |       5 |     209 |       94 |     23 |   201 |    +1.2% | -310.101 |   -24248.8 |    722 | _tray_size4_2486/D0
     1139 |       5 |     209 |       94 |     23 |   201 |    +1.2% | -310.101 |   -24248.8 |    721 | _tray_size4_2486/D0
     1140 |       5 |     209 |       94 |     23 |   201 |    +1.2% | -310.101 |   -24248.8 |    721 | _tray_size4_2486/D0
     1140 |       5 |     209 |       94 |     23 |   201 |    +1.2% | -310.101 |   -24248.8 |    720 | _tray_size4_2486/D0
     1141 |       5 |     209 |       94 |     23 |   201 |    +1.2% | -310.101 |   -24248.8 |    719 | _tray_size4_2486/D0
     1142 |       5 |     209 |       94 |     23 |   201 |    +1.2% | -310.101 |   -24248.8 |    718 | _tray_size4_2486/D0
     1143 |       5 |     209 |       94 |     23 |   201 |    +1.2% | -310.101 |   -24248.8 |    717 | _tray_size4_2486/D0
     1144 |       5 |     209 |       94 |     23 |   201 |    +1.2% | -310.101 |   -24248.8 |    716 | _tray_size4_2486/D0
     1145 |       5 |     209 |       94 |     23 |   201 |    +1.2% | -310.101 |   -24248.8 |    715 | _tray_size4_2486/D0
     1146 |       5 |     209 |       94 |     23 |   201 |    +1.2% | -310.101 |   -24248.8 |    714 | _tray_size4_2486/D0
     1150 |       5 |     209 |       94 |     23 |   204 |    +1.2% | -310.101 |   -24256.6 |    714 | _tray_size4_2486/D0
     1154 |       5 |     209 |       94 |     23 |   201 |    +1.2% | -310.101 |   -24248.8 |    714 | _tray_size4_2486/D0
     1155 |       5 |     209 |       94 |     23 |   201 |    +1.2% | -310.101 |   -24248.8 |    713 | _tray_size4_2486/D0
     1156 |       5 |     209 |       94 |     23 |   201 |    +1.2% | -310.101 |   -24248.8 |    712 | _tray_size4_2486/D0
     1160 |       5 |     212 |       94 |     23 |   201 |    +1.2% | -310.101 |   -24115.2 |    711 | _tray_size4_2486/D0
     1160 |       5 |     212 |       94 |     23 |   201 |    +1.2% | -310.101 |   -24115.2 |    710 | _tray_size4_2486/D0
     1161 |       5 |     212 |       94 |     23 |   201 |    +1.2% | -310.101 |   -24115.2 |    709 | _tray_size4_2486/D0
     1162 |       5 |     212 |       94 |     23 |   201 |    +1.2% | -310.101 |   -24115.2 |    708 | _tray_size4_2486/D0
     1163 |       5 |     212 |       94 |     23 |   201 |    +1.2% | -310.101 |   -24115.2 |    707 | _tray_size4_2486/D0
     1165 |       5 |     213 |       94 |     23 |   201 |    +1.2% | -310.101 |   -24049.3 |    705 | _tray_size4_2486/D0
     1166 |       5 |     213 |       94 |     23 |   201 |    +1.2% | -310.101 |   -24049.3 |    704 | _tray_size4_2486/D0
     1167 |       5 |     213 |       94 |     23 |   201 |    +1.2% | -310.101 |   -24049.3 |    703 | _tray_size4_2486/D0
     1168 |       5 |     213 |       94 |     23 |   201 |    +1.2% | -310.101 |   -24049.3 |    702 | _tray_size4_2486/D0
     1169 |       5 |     213 |       94 |     23 |   201 |    +1.2% | -310.101 |   -24049.3 |    701 | _tray_size4_2486/D0
     1170 |       5 |     213 |       94 |     23 |   201 |    +1.2% | -310.101 |   -24049.3 |    701 | _tray_size4_2486/D0
     1171 |       5 |     213 |       95 |     23 |   201 |    +1.2% | -310.101 |   -24042.9 |    699 | _tray_size4_2486/D0
     1172 |       5 |     213 |       95 |     23 |   201 |    +1.2% | -310.101 |   -24042.9 |    698 | _tray_size4_2486/D0
     1180 |       5 |     220 |       95 |     23 |   201 |    +1.2% | -310.101 |   -22963.4 |    698 | _tray_size4_2486/D0
     1185 |       5 |     223 |       96 |     24 |   201 |    +1.2% | -310.101 |   -22649.3 |    696 | _tray_size4_2486/D0
     1186 |       5 |     223 |       96 |     24 |   201 |    +1.2% | -310.101 |   -22649.3 |    695 | _tray_size4_2486/D0
     1190 |       5 |     223 |       96 |     24 |   204 |    +1.2% | -310.101 |   -22651.5 |    695 | _tray_size4_2486/D0
     1193 |       5 |     223 |       96 |     24 |   201 |    +1.2% | -310.101 |   -22649.3 |    695 | _tray_size4_2486/D0
     1194 |       5 |     223 |       96 |     24 |   201 |    +1.2% | -310.101 |   -22649.3 |    694 | _tray_size4_2486/D0
     1200 |       5 |     226 |       99 |     24 |   202 |    +1.3% | -310.101 |   -21387.8 |    694 | _tray_size4_2486/D0
     1206 |       5 |     230 |      100 |     25 |   202 |    +1.3% | -310.101 |   -20927.7 |    692 | _tray_size4_2486/D0
     1207 |       5 |     230 |      100 |     25 |   202 |    +1.3% | -310.101 |   -20927.7 |    691 | _tray_size4_2486/D0
     1208 |       5 |     230 |      100 |     25 |   202 |    +1.3% | -310.101 |   -20927.7 |    690 | _tray_size4_2486/D0
     1210 |       5 |     231 |      100 |     25 |   202 |    +1.3% | -310.101 |   -20720.1 |    689 | _tray_size4_2486/D0
     1210 |       5 |     231 |      100 |     25 |   202 |    +1.3% | -310.101 |   -20720.1 |    688 | _tray_size4_2486/D0
     1211 |       5 |     231 |      100 |     25 |   202 |    +1.3% | -310.101 |   -20720.1 |    687 | _tray_size4_2486/D0
     1212 |       5 |     231 |      100 |     25 |   202 |    +1.3% | -310.101 |   -20720.1 |    687 | _tray_size4_2486/D0
     1213 |       5 |     231 |      100 |     25 |   202 |    +1.3% | -310.101 |   -20720.1 |    686 | _tray_size4_2486/D0
     1215 |       5 |     231 |      100 |     25 |   203 |    +1.3% | -310.101 |   -20719.3 |    686 | _tray_size4_2486/D0
     1220 |       5 |     231 |      100 |     25 |   207 |    +1.3% | -310.101 |   -20724.3 |    686 | _tray_size4_2486/D0
     1222 |       5 |     231 |      100 |     25 |   203 |    +1.3% | -310.101 |   -20719.3 |    686 | _tray_size4_2486/D0
     1223 |       5 |     231 |      100 |     25 |   203 |    +1.3% | -310.101 |   -20719.3 |    685 | _tray_size4_2486/D0
     1224 |       5 |     231 |      100 |     25 |   203 |    +1.3% | -310.101 |   -20719.3 |    684 | _tray_size4_2486/D0
     1226 |       5 |     232 |      100 |     25 |   203 |    +1.3% | -310.101 |   -20723.2 |    682 | _tray_size4_2486/D0
     1230 |       5 |     235 |      100 |     25 |   203 |    +1.3% | -310.101 |   -20135.2 |    682 | _tray_size4_2486/D0
     1235 |       5 |     236 |      100 |     25 |   203 |    +1.3% | -310.101 |   -19504.1 |    681 | _tray_size4_2486/D0
     1237 |       5 |     237 |      100 |     25 |   203 |    +1.3% | -310.101 |   -19465.5 |    679 | _tray_size4_2486/D0
     1238 |       5 |     237 |      100 |     25 |   203 |    +1.3% | -310.101 |   -19465.5 |    678 | _tray_size4_2486/D0
     1239 |       5 |     237 |      100 |     25 |   203 |    +1.3% | -310.101 |   -19465.5 |    677 | _tray_size4_2486/D0
     1240 |       5 |     237 |      100 |     25 |   203 |    +1.3% | -310.101 |   -19465.5 |    677 | _tray_size4_2486/D0
     1248 |       5 |     243 |      101 |     25 |   204 |    +1.3% | -310.101 |   -19308.1 |    675 | _tray_size4_2486/D0
     1250 |       5 |     244 |      101 |     25 |   204 |    +1.3% | -310.104 |   -19292.7 |    675 | _tray_size4_2486/D0
     1253 |       5 |     243 |      101 |     25 |   204 |    +1.3% | -310.101 |   -19308.1 |    674 | _tray_size4_2486/D0
     1254 |       5 |     243 |      101 |     25 |   204 |    +1.3% | -310.101 |   -19308.1 |    673 | _tray_size4_2486/D0
     1260 |       5 |     243 |      101 |     25 |   209 |    +1.3% | -310.101 |   -19320.8 |    673 | _tray_size4_2486/D0
     1261 |       5 |     243 |      101 |     25 |   204 |    +1.3% | -310.101 |   -19308.1 |    673 | _tray_size4_2486/D0
     1263 |       5 |     244 |      101 |     25 |   204 |    +1.3% | -310.101 |   -18987.4 |    671 | _tray_size4_2486/D0
     1264 |       5 |     244 |      101 |     25 |   204 |    +1.3% | -310.101 |   -18987.4 |    670 | _tray_size4_2486/D0
     1265 |       5 |     244 |      101 |     25 |   204 |    +1.3% | -310.101 |   -18987.4 |    669 | _tray_size4_2486/D0
     1266 |       5 |     244 |      101 |     25 |   204 |    +1.3% | -310.101 |   -18987.4 |    668 | _tray_size4_2486/D0
     1267 |       5 |     244 |      101 |     25 |   204 |    +1.3% | -310.101 |   -18987.4 |    667 | _tray_size4_2486/D0
     1268 |       5 |     244 |      101 |     25 |   204 |    +1.3% | -310.101 |   -18987.4 |    666 | _tray_size4_2486/D0
     1269 |       5 |     244 |      101 |     25 |   204 |    +1.3% | -310.101 |   -18987.4 |    665 | _tray_size4_2486/D0
     1270 |       5 |     244 |      101 |     25 |   204 |    +1.3% | -310.101 |   -18987.4 |    665 | _tray_size4_2486/D0
     1270 |       5 |     244 |      101 |     25 |   204 |    +1.3% | -310.101 |   -18987.4 |    664 | _tray_size4_2486/D0
     1275 |       5 |     244 |      101 |     25 |   204 |    +1.3% | -310.101 |   -18987.4 |    663 | _tray_size4_2486/D0
     1280 |       5 |     248 |      101 |     25 |   204 |    +1.3% | -310.104 |   -18656.4 |    663 | _tray_size4_2486/D0
     1280 |       5 |     244 |      101 |     25 |   204 |    +1.3% | -310.101 |   -18987.4 |    662 | _tray_size4_2486/D0
     1286 |       5 |     249 |      101 |     25 |   204 |    +1.3% | -310.101 |   -18763.4 |    660 | _tray_size4_2486/D0
     1290 |       5 |     249 |      101 |     25 |   207 |    +1.3% | -310.101 |   -18764.9 |    660 | _tray_size4_2486/D0
     1293 |       5 |     249 |      101 |     25 |   204 |    +1.3% | -310.101 |   -18763.4 |    660 | _tray_size4_2486/D0
     1294 |       5 |     249 |      101 |     25 |   204 |    +1.3% | -310.101 |   -18763.4 |    659 | _tray_size4_2486/D0
     1295 |       5 |     249 |      101 |     25 |   204 |    +1.3% | -310.101 |   -18763.4 |    658 | _tray_size4_2486/D0
     1296 |       5 |     249 |      101 |     25 |   204 |    +1.3% | -310.101 |   -18763.4 |    657 | _tray_size4_2486/D0
     1297 |       5 |     249 |      101 |     25 |   204 |    +1.3% | -310.101 |   -18763.4 |    656 | _tray_size4_2486/D0
     1298 |       5 |     249 |      101 |     25 |   204 |    +1.3% | -310.101 |   -18763.4 |    655 | _tray_size4_2486/D0
     1300 |       5 |     250 |      101 |     25 |   204 |    +1.3% | -310.104 |   -18747.3 |    655 | _tray_size4_2486/D0
     1303 |       5 |     249 |      101 |     25 |   204 |    +1.3% | -310.101 |   -18763.4 |    654 | _tray_size4_2486/D0
     1304 |       5 |     249 |      101 |     25 |   204 |    +1.3% | -310.101 |   -18763.4 |    653 | _tray_size4_2486/D0
     1305 |       5 |     249 |      101 |     25 |   204 |    +1.3% | -310.101 |   -18763.4 |    652 | _tray_size4_2486/D0
     1306 |       5 |     249 |      101 |     25 |   204 |    +1.3% | -310.101 |   -18763.4 |    651 | _tray_size4_2486/D0
     1307 |       5 |     249 |      101 |     25 |   204 |    +1.3% | -310.101 |   -18763.4 |    650 | _tray_size4_2486/D0
     1308 |       5 |     249 |      101 |     25 |   204 |    +1.3% | -310.101 |   -18763.4 |    649 | _tray_size4_2486/D0
     1309 |       5 |     249 |      101 |     25 |   204 |    +1.3% | -310.101 |   -18763.4 |    648 | _tray_size4_2486/D0
     1310 |       5 |     249 |      101 |     25 |   204 |    +1.3% | -310.101 |   -18763.4 |    648 | _tray_size4_2486/D0
     1314 |       5 |     249 |      101 |     25 |   204 |    +1.3% | -310.101 |   -18763.4 |    647 | _tray_size4_2486/D0
     1319 |       5 |     249 |      101 |     25 |   204 |    +1.3% | -310.101 |   -18763.4 |    646 | _tray_size4_2486/D0
     1320 |       5 |     249 |      101 |     25 |   204 |    +1.3% | -310.101 |   -18763.4 |    646 | _tray_size4_2486/D0
     1320 |       5 |     249 |      101 |     25 |   204 |    +1.3% | -310.101 |   -18763.4 |    645 | _tray_size4_2486/D0
     1321 |       5 |     249 |      101 |     25 |   204 |    +1.3% | -310.101 |   -18763.4 |    644 | _tray_size4_2486/D0
     1322 |       5 |     249 |      101 |     25 |   204 |    +1.3% | -310.101 |   -18763.4 |    643 | _tray_size4_2486/D0
     1329 |       5 |     249 |      101 |     25 |   204 |    +1.3% | -310.101 |   -18763.4 |    643 | _tray_size4_2486/D0
     1330 |       5 |     249 |      101 |     25 |   204 |    +1.3% | -310.101 |   -18763.4 |    643 | _tray_size4_2486/D0
     1330 |       5 |     249 |      101 |     25 |   204 |    +1.3% | -310.101 |   -18763.4 |    642 | _tray_size4_2486/D0
     1331 |       5 |     249 |      101 |     25 |   204 |    +1.3% | -310.101 |   -18763.4 |    641 | _tray_size4_2486/D0
     1332 |       5 |     249 |      101 |     25 |   204 |    +1.3% | -310.101 |   -18763.4 |    640 | _tray_size4_2486/D0
     1333 |       5 |     249 |      101 |     25 |   204 |    +1.3% | -310.101 |   -18763.4 |    639 | _tray_size4_2486/D0
     1338 |       5 |     249 |      101 |     25 |   204 |    +1.3% | -310.101 |   -18763.4 |    638 | _tray_size4_2486/D0
     1340 |       5 |     250 |      101 |     25 |   204 |    +1.3% | -310.104 |   -18747.3 |    638 | _tray_size4_2486/D0
     1343 |       5 |     249 |      101 |     25 |   204 |    +1.3% | -310.101 |   -18763.4 |    637 | _tray_size4_2486/D0
     1344 |       5 |     249 |      101 |     25 |   204 |    +1.3% | -310.101 |   -18763.4 |    636 | _tray_size4_2486/D0
     1350 |       5 |     254 |      101 |     25 |   204 |    +1.3% | -310.104 |   -18422.4 |    636 | _tray_size4_2486/D0
     1350 |       5 |     249 |      101 |     25 |   204 |    +1.3% | -310.101 |   -18763.4 |    635 | _tray_size4_2486/D0
     1351 |       5 |     249 |      101 |     25 |   204 |    +1.3% | -310.101 |   -18763.4 |    634 | _tray_size4_2486/D0
     1352 |       5 |     249 |      101 |     25 |   204 |    +1.3% | -310.101 |   -18763.4 |    633 | _tray_size4_2486/D0
     1353 |       5 |     249 |      101 |     25 |   204 |    +1.3% | -310.101 |   -18763.4 |    632 | _tray_size4_2486/D0
     1354 |       5 |     249 |      101 |     25 |   204 |    +1.3% | -310.101 |   -18763.4 |    631 | _tray_size4_2486/D0
     1355 |       5 |     249 |      101 |     25 |   204 |    +1.3% | -310.101 |   -18763.4 |    630 | _tray_size4_2486/D0
     1360 |       5 |     249 |      101 |     25 |   208 |    +1.3% | -310.101 |   -18771.8 |    630 | _tray_size4_2486/D0
     1362 |       5 |     249 |      101 |     25 |   205 |    +1.3% | -310.101 |   -18762.1 |    630 | _tray_size4_2486/D0
     1363 |       5 |     249 |      101 |     25 |   205 |    +1.3% | -310.101 |   -18762.1 |    629 | _tray_size4_2486/D0
     1364 |       5 |     249 |      101 |     25 |   205 |    +1.3% | -310.101 |   -18762.1 |    628 | _tray_size4_2486/D0
     1365 |       5 |     249 |      101 |     25 |   205 |    +1.3% | -310.101 |   -18762.1 |    627 | _tray_size4_2486/D0
     1370 |       5 |     253 |      101 |     25 |   205 |    +1.3% | -310.104 |   -18423.1 |    627 | _tray_size4_2486/D0
     1370 |       5 |     249 |      101 |     25 |   205 |    +1.3% | -310.101 |   -18762.1 |    626 | _tray_size4_2486/D0
     1371 |       5 |     249 |      101 |     25 |   205 |    +1.3% | -310.101 |   -18762.1 |    625 | _tray_size4_2486/D0
     1372 |       5 |     249 |      101 |     25 |   205 |    +1.3% | -310.101 |   -18762.1 |    624 | _tray_size4_2486/D0
     1373 |       5 |     249 |      101 |     25 |   205 |    +1.3% | -310.101 |   -18762.1 |    623 | _tray_size4_2486/D0
     1378 |       5 |     249 |      101 |     25 |   205 |    +1.3% | -310.101 |   -18762.1 |    622 | _tray_size4_2486/D0
     1380 |       5 |     250 |      101 |     25 |   205 |    +1.3% | -310.104 |   -18746.0 |    622 | _tray_size4_2486/D0
     1383 |       5 |     249 |      101 |     25 |   205 |    +1.3% | -310.101 |   -18762.1 |    621 | _tray_size4_2486/D0
     1384 |       5 |     249 |      101 |     25 |   205 |    +1.3% | -310.101 |   -18762.1 |    620 | _tray_size4_2486/D0
     1385 |       5 |     249 |      101 |     25 |   205 |    +1.3% | -310.101 |   -18762.1 |    619 | _tray_size4_2486/D0
     1390 |       5 |     249 |      101 |     25 |   209 |    +1.3% | -310.101 |   -18771.6 |    619 | _tray_size4_2486/D0
     1392 |       5 |     249 |      101 |     25 |   206 |    +1.3% | -310.101 |   -18761.0 |    619 | _tray_size4_2486/D0
     1397 |       5 |     249 |      101 |     25 |   206 |    +1.3% | -310.101 |   -18761.0 |    618 | _tray_size4_2486/D0
     1398 |       5 |     249 |      101 |     25 |   206 |    +1.3% | -310.101 |   -18761.0 |    617 | _tray_size4_2486/D0
     1399 |       5 |     249 |      101 |     25 |   206 |    +1.3% | -310.101 |   -18761.0 |    616 | _tray_size4_2486/D0
     1400 |       5 |     249 |      101 |     25 |   206 |    +1.3% | -310.101 |   -18761.0 |    616 | _tray_size4_2486/D0
     1400 |       5 |     249 |      101 |     25 |   206 |    +1.3% | -310.101 |   -18761.0 |    616 | _tray_size4_2486/D0
     1401 |       5 |     249 |      101 |     25 |   206 |    +1.3% | -310.101 |   -18761.0 |    615 | _tray_size4_2486/D0
     1402 |       5 |     249 |      101 |     25 |   206 |    +1.3% | -310.101 |   -18761.0 |    614 | _tray_size4_2486/D0
     1403 |       5 |     249 |      101 |     25 |   206 |    +1.3% | -310.101 |   -18761.0 |    613 | _tray_size4_2486/D0
     1404 |       5 |     249 |      101 |     25 |   206 |    +1.3% | -310.101 |   -18761.0 |    612 | _tray_size4_2486/D0
     1405 |       5 |     249 |      101 |     25 |   206 |    +1.3% | -310.101 |   -18761.0 |    611 | _tray_size4_2486/D0
     1406 |       5 |     249 |      101 |     25 |   206 |    +1.3% | -310.101 |   -18761.0 |    610 | _tray_size4_2486/D0
     1410 |       5 |     252 |      101 |     25 |   206 |    +1.3% | -310.104 |   -18554.9 |    610 | _tray_size4_2486/D0
     1411 |       5 |     249 |      101 |     25 |   206 |    +1.3% | -310.101 |   -18761.0 |    609 | _tray_size4_2486/D0
     1412 |       5 |     249 |      101 |     25 |   206 |    +1.3% | -310.101 |   -18761.0 |    608 | _tray_size4_2486/D0
     1413 |       5 |     249 |      101 |     25 |   206 |    +1.3% | -310.101 |   -18761.0 |    607 | _tray_size4_2486/D0
     1414 |       5 |     249 |      101 |     25 |   206 |    +1.3% | -310.101 |   -18761.0 |    606 | _tray_size4_2486/D0
     1417 |       5 |     250 |      102 |     25 |   206 |    +1.3% | -310.101 |   -18728.2 |    604 | _tray_size4_2486/D0
     1419 |       5 |     251 |      102 |     25 |   206 |    +1.3% | -310.101 |   -18734.3 |    602 | _tray_size4_2486/D0
     1420 |       5 |     251 |      102 |     25 |   206 |    +1.3% | -310.101 |   -18734.3 |    602 | _tray_size4_2486/D0
     1420 |       5 |     251 |      102 |     25 |   206 |    +1.3% | -310.101 |   -18734.3 |    601 | _tray_size4_2486/D0
     1421 |       5 |     251 |      102 |     25 |   206 |    +1.3% | -310.101 |   -18734.3 |    600 | _tray_size4_2486/D0
     1429 |       5 |     257 |      102 |     25 |   207 |    +1.3% | -310.101 |   -17479.7 |    598 | _tray_size4_2486/D0
     1430 |       5 |     257 |      102 |     25 |   207 |    +1.3% | -310.101 |   -17479.7 |    598 | _tray_size4_2486/D0
     1430 |       5 |     257 |      102 |     25 |   207 |    +1.3% | -310.101 |   -17479.7 |    597 | _tray_size4_2486/D0
     1432 |       5 |     257 |      102 |     25 |   208 |    +1.3% | -310.101 |   -17453.1 |    595 | _tray_size4_2486/D0
     1434 |       5 |     258 |      102 |     25 |   208 |    +1.3% | -310.101 |   -17452.8 |    593 | _tray_size4_2486/D0
     1439 |       5 |     258 |      102 |     25 |   208 |    +1.3% | -310.101 |   -17452.8 |    592 | _tray_size4_2486/D0
     1440 |       5 |     258 |      102 |     25 |   208 |    +1.3% | -310.101 |   -17452.8 |    592 | _tray_size4_2486/D0
     1440 |       5 |     258 |      102 |     25 |   208 |    +1.3% | -310.101 |   -17452.8 |    591 | _tray_size4_2486/D0
     1441 |       5 |     258 |      102 |     25 |   208 |    +1.3% | -310.101 |   -17452.8 |    590 | _tray_size4_2486/D0
     1442 |       5 |     258 |      102 |     25 |   208 |    +1.3% | -310.101 |   -17452.8 |    589 | _tray_size4_2486/D0
     1444 |       5 |     259 |      102 |     25 |   208 |    +1.3% | -310.101 |   -17452.3 |    587 | _tray_size4_2486/D0
     1445 |       5 |     259 |      102 |     25 |   208 |    +1.3% | -310.101 |   -17452.3 |    586 | _tray_size4_2486/D0
     1446 |       5 |     259 |      102 |     25 |   208 |    +1.3% | -310.101 |   -17452.3 |    585 | _tray_size4_2486/D0
     1447 |       5 |     259 |      102 |     25 |   208 |    +1.3% | -310.101 |   -17452.3 |    584 | _tray_size4_2486/D0
     1449 |       5 |     260 |      102 |     25 |   208 |    +1.4% | -310.101 |   -17452.1 |    582 | _tray_size4_2486/D0
     1450 |       5 |     260 |      102 |     25 |   208 |    +1.4% | -310.101 |   -17452.1 |    582 | _tray_size4_2486/D0
     1450 |       5 |     260 |      102 |     25 |   208 |    +1.4% | -310.101 |   -17452.1 |    582 | _tray_size4_2486/D0
     1451 |       5 |     260 |      102 |     25 |   208 |    +1.4% | -310.101 |   -17452.1 |    581 | _tray_size4_2486/D0
     1453 |       5 |     261 |      102 |     25 |   208 |    +1.4% | -310.101 |   -17452.2 |    579 | _tray_size4_2486/D0
     1454 |       5 |     261 |      102 |     25 |   208 |    +1.4% | -310.101 |   -17452.2 |    578 | _tray_size4_2486/D0
     1455 |       5 |     261 |      102 |     25 |   208 |    +1.4% | -310.101 |   -17452.2 |    577 | _tray_size4_2486/D0
     1460 |       5 |     265 |      102 |     25 |   208 |    +1.4% | -310.104 |   -17122.7 |    577 | _tray_size4_2486/D0
     1460 |       5 |     261 |      102 |     25 |   208 |    +1.4% | -310.101 |   -17452.2 |    576 | _tray_size4_2486/D0
     1461 |       5 |     261 |      102 |     25 |   208 |    +1.4% | -310.101 |   -17452.2 |    575 | _tray_size4_2486/D0
     1463 |       5 |     262 |      102 |     25 |   208 |    +1.4% | -310.101 |   -17453.9 |    573 | _tray_size4_2486/D0
     1464 |       5 |     262 |      102 |     25 |   208 |    +1.4% | -310.101 |   -17453.9 |    572 | _tray_size4_2486/D0
     1465 |       5 |     262 |      102 |     25 |   208 |    +1.4% | -310.101 |   -17453.9 |    571 | _tray_size4_2486/D0
     1467 |       5 |     263 |      102 |     25 |   208 |    +1.4% | -310.101 |   -17454.4 |    569 | _tray_size4_2486/D0
     1469 |       5 |     264 |      102 |     25 |   208 |    +1.4% | -310.101 |   -17454.6 |    567 | _tray_size4_2486/D0
     1470 |       5 |     264 |      102 |     25 |   208 |    +1.4% | -310.101 |   -17454.6 |    567 | _tray_size4_2486/D0
     1470 |       5 |     264 |      102 |     25 |   208 |    +1.4% | -310.101 |   -17454.6 |    566 | _tray_size4_2486/D0
     1471 |       5 |     264 |      102 |     25 |   208 |    +1.4% | -310.101 |   -17454.6 |    565 | _tray_size4_2486/D0
     1472 |       5 |     264 |      102 |     25 |   208 |    +1.4% | -310.101 |   -17454.6 |    564 | _tray_size4_2486/D0
     1473 |       5 |     264 |      102 |     25 |   208 |    +1.4% | -310.101 |   -17454.6 |    563 | _tray_size4_2486/D0
     1474 |       5 |     264 |      102 |     25 |   208 |    +1.4% | -310.101 |   -17454.6 |    562 | _tray_size4_2486/D0
     1475 |       5 |     264 |      102 |     25 |   208 |    +1.4% | -310.101 |   -17454.6 |    561 | _tray_size4_2486/D0
     1476 |       5 |     264 |      102 |     25 |   208 |    +1.4% | -310.101 |   -17454.6 |    560 | _tray_size4_2486/D0
     1477 |       5 |     264 |      102 |     25 |   208 |    +1.4% | -310.101 |   -17454.6 |    559 | _tray_size4_2486/D0
     1479 |       5 |     265 |      102 |     25 |   208 |    +1.4% | -310.101 |   -17454.4 |    557 | _tray_size4_2486/D0
     1480 |       5 |     265 |      102 |     25 |   208 |    +1.4% | -310.101 |   -17454.4 |    557 | _tray_size4_2486/D0
     1484 |       5 |     265 |      102 |     25 |   208 |    +1.4% | -310.101 |   -17454.4 |    556 | _tray_size4_2486/D0
     1485 |       5 |     265 |      102 |     25 |   208 |    +1.4% | -310.101 |   -17454.4 |    555 | _tray_size4_2486/D0
     1486 |       5 |     265 |      102 |     25 |   208 |    +1.4% | -310.101 |   -17454.4 |    554 | _tray_size4_2486/D0
     1487 |       5 |     265 |      102 |     25 |   208 |    +1.4% | -310.101 |   -17454.4 |    553 | _tray_size4_2486/D0
     1490 |       5 |     267 |      102 |     25 |   208 |    +1.4% | -310.104 |   -17273.6 |    553 | _tray_size4_2486/D0
     1492 |       5 |     265 |      102 |     25 |   208 |    +1.4% | -310.101 |   -17454.4 |    552 | _tray_size4_2486/D0
     1497 |       5 |     265 |      102 |     25 |   208 |    +1.4% | -310.101 |   -17454.4 |    551 | _tray_size4_2486/D0
     1499 |       5 |     266 |      102 |     25 |   208 |    +1.4% | -310.101 |   -17454.3 |    549 | _tray_size4_2486/D0
     1500 |       5 |     266 |      102 |     25 |   208 |    +1.4% | -310.101 |   -17454.3 |    549 | _tray_size4_2486/D0
     1500 |       5 |     266 |      102 |     25 |   208 |    +1.4% | -310.101 |   -17454.3 |    548 | _tray_size4_2486/D0
     1503 |       5 |     268 |      102 |     25 |   208 |    +1.4% | -310.101 |   -17158.4 |    546 | _tray_size4_2486/D0
     1508 |       5 |     268 |      102 |     25 |   208 |    +1.4% | -310.101 |   -17158.4 |    545 | _tray_size4_2486/D0
     1510 |       5 |     269 |      102 |     25 |   208 |    +1.4% | -310.104 |   -17142.1 |    545 | _tray_size4_2486/D0
     1513 |       5 |     268 |      102 |     25 |   208 |    +1.4% | -310.101 |   -17158.4 |    544 | _tray_size4_2486/D0
     1518 |       5 |     268 |      102 |     25 |   208 |    +1.4% | -310.101 |   -17158.4 |    543 | _tray_size4_2486/D0
     1519 |       5 |     268 |      102 |     25 |   208 |    +1.4% | -310.101 |   -17158.4 |    542 | _tray_size4_2486/D0
     1520 |       5 |     268 |      102 |     25 |   208 |    +1.4% | -310.101 |   -17158.4 |    542 | _tray_size4_2486/D0
     1524 |       5 |     268 |      102 |     25 |   208 |    +1.4% | -310.101 |   -17158.4 |    541 | _tray_size4_2486/D0
     1525 |       5 |     268 |      102 |     25 |   208 |    +1.4% | -310.101 |   -17158.4 |    540 | _tray_size4_2486/D0
     1530 |       5 |     272 |      102 |     25 |   208 |    +1.4% | -310.104 |   -16828.8 |    540 | _tray_size4_2486/D0
     1530 |       5 |     268 |      102 |     25 |   208 |    +1.4% | -310.101 |   -17158.4 |    539 | _tray_size4_2486/D0
     1531 |       5 |     268 |      102 |     25 |   208 |    +1.4% | -310.101 |   -17158.4 |    538 | _tray_size4_2486/D0
     1532 |       5 |     268 |      102 |     25 |   208 |    +1.4% | -310.101 |   -17158.4 |    537 | _tray_size4_2486/D0
     1533 |       5 |     268 |      102 |     25 |   208 |    +1.4% | -310.101 |   -17158.4 |    536 | _tray_size4_2486/D0
     1538 |       5 |     268 |      102 |     25 |   208 |    +1.4% | -310.101 |   -17158.4 |    535 | _tray_size4_2486/D0
     1540 |       5 |     269 |      102 |     25 |   208 |    +1.4% | -310.104 |   -17142.1 |    535 | _tray_size4_2486/D0
     1543 |       5 |     268 |      102 |     25 |   208 |    +1.4% | -310.101 |   -17158.4 |    534 | _tray_size4_2486/D0
     1548 |       5 |     268 |      102 |     25 |   208 |    +1.4% | -310.101 |   -17158.4 |    533 | _tray_size4_2486/D0
     1549 |       5 |     268 |      102 |     25 |   208 |    +1.4% | -310.101 |   -17158.4 |    532 | _tray_size4_2486/D0
     1550 |       5 |     268 |      102 |     25 |   208 |    +1.4% | -310.101 |   -17158.4 |    532 | _tray_size4_2486/D0
     1554 |       5 |     268 |      102 |     25 |   208 |    +1.4% | -310.101 |   -17158.4 |    531 | _tray_size4_2486/D0
     1559 |       5 |     268 |      102 |     25 |   208 |    +1.4% | -310.101 |   -17158.4 |    530 | _tray_size4_2486/D0
     1560 |       5 |     268 |      102 |     25 |   208 |    +1.4% | -310.101 |   -17158.4 |    530 | _tray_size4_2486/D0
     1560 |       5 |     268 |      102 |     25 |   208 |    +1.4% | -310.101 |   -17158.4 |    529 | _tray_size4_2486/D0
     1565 |       5 |     269 |      106 |     25 |   209 |    +1.4% | -310.101 |   -16467.4 |    527 | _tray_size4_2486/D0
     1570 |       5 |     273 |      106 |     25 |   209 |    +1.4% | -310.104 |   -16137.6 |    527 | _tray_size4_2486/D0
     1570 |       5 |     269 |      106 |     25 |   209 |    +1.4% | -310.101 |   -16467.4 |    526 | _tray_size4_2486/D0
     1571 |       5 |     269 |      106 |     25 |   209 |    +1.4% | -310.101 |   -16467.4 |    525 | _tray_size4_2486/D0
     1572 |       5 |     269 |      106 |     25 |   209 |    +1.4% | -310.101 |   -16467.4 |    524 | _tray_size4_2486/D0
     1574 |       5 |     270 |      106 |     25 |   209 |    +1.4% | -310.101 |   -16445.1 |    522 | _tray_size4_2486/D0
     1579 |       5 |     270 |      106 |     25 |   209 |    +1.4% | -310.101 |   -16445.1 |    521 | _tray_size4_2486/D0
     1580 |       5 |     270 |      106 |     25 |   209 |    +1.4% | -310.101 |   -16445.1 |    521 | _tray_size4_2486/D0
     1580 |       5 |     270 |      106 |     25 |   209 |    +1.4% | -310.101 |   -16445.1 |    520 | _tray_size4_2486/D0
     1581 |       5 |     270 |      106 |     25 |   209 |    +1.4% | -310.101 |   -16445.1 |    519 | _tray_size4_2486/D0
     1586 |       5 |     270 |      106 |     25 |   209 |    +1.4% | -310.101 |   -16445.1 |    518 | _tray_size4_2486/D0
     1587 |       5 |     270 |      106 |     25 |   209 |    +1.4% | -310.101 |   -16445.1 |    517 | _tray_size4_2486/D0
     1588 |       5 |     270 |      106 |     25 |   209 |    +1.4% | -310.101 |   -16445.1 |    516 | _tray_size4_2486/D0
     1589 |       5 |     270 |      106 |     25 |   209 |    +1.4% | -310.101 |   -16445.1 |    515 | _tray_size4_2486/D0
     1590 |       5 |     270 |      106 |     25 |   209 |    +1.4% | -310.101 |   -16445.1 |    515 | _tray_size4_2486/D0
     1590 |       5 |     270 |      106 |     25 |   209 |    +1.4% | -310.101 |   -16445.1 |    514 | _tray_size4_2486/D0
     1591 |       5 |     270 |      106 |     25 |   209 |    +1.4% | -310.101 |   -16445.1 |    513 | _tray_size4_2486/D0
     1592 |       5 |     270 |      106 |     25 |   209 |    +1.4% | -310.101 |   -16445.1 |    512 | _tray_size4_2486/D0
     1593 |       5 |     270 |      106 |     25 |   209 |    +1.4% | -310.101 |   -16445.1 |    511 | _tray_size4_2486/D0
     1594 |       5 |     270 |      106 |     25 |   209 |    +1.4% | -310.101 |   -16445.1 |    510 | _tray_size4_2486/D0
     1595 |       5 |     270 |      106 |     25 |   209 |    +1.4% | -310.101 |   -16445.1 |    509 | _tray_size4_2486/D0
     1596 |       5 |     270 |      106 |     25 |   209 |    +1.4% | -310.101 |   -16445.1 |    508 | _tray_size4_2486/D0
     1597 |       5 |     270 |      106 |     25 |   209 |    +1.4% | -310.101 |   -16445.1 |    507 | _tray_size4_2486/D0
     1598 |       5 |     270 |      106 |     25 |   209 |    +1.4% | -310.101 |   -16445.1 |    506 | _tray_size4_2486/D0
     1599 |       5 |     270 |      106 |     25 |   209 |    +1.4% | -310.101 |   -16445.1 |    505 | _tray_size4_2486/D0
     1600 |       5 |     270 |      106 |     25 |   209 |    +1.4% | -310.101 |   -16445.1 |    505 | _tray_size4_2486/D0
     1600 |       5 |     270 |      106 |     25 |   209 |    +1.4% | -310.101 |   -16445.1 |    504 | _tray_size4_2486/D0
     1601 |       5 |     270 |      106 |     25 |   209 |    +1.4% | -310.101 |   -16445.1 |    503 | _tray_size4_2486/D0
     1606 |       5 |     270 |      106 |     25 |   209 |    +1.4% | -310.101 |   -16445.1 |    502 | _tray_size4_2486/D0
     1610 |       5 |     273 |      106 |     25 |   209 |    +1.4% | -310.104 |   -16255.0 |    502 | _tray_size4_2486/D0
     1611 |       5 |     270 |      106 |     25 |   209 |    +1.4% | -310.101 |   -16445.1 |    501 | _tray_size4_2486/D0
     1612 |       5 |     270 |      106 |     25 |   209 |    +1.4% | -310.101 |   -16445.1 |    500 | _tray_size4_2486/D0
     1613 |       5 |     270 |      106 |     25 |   209 |    +1.4% | -310.101 |   -16445.1 |    499 | _tray_size4_2486/D0
     1615 |       5 |     270 |      108 |     25 |   209 |    +1.4% | -310.101 |   -16444.6 |    497 | _tray_size4_2486/D0
     1616 |       5 |     270 |      108 |     25 |   209 |    +1.4% | -310.101 |   -16444.6 |    496 | _tray_size4_2486/D0
     1620 |       5 |     273 |      108 |     25 |   209 |    +1.4% | -310.104 |   -16255.0 |    496 | _tray_size4_2486/D0
     1621 |       5 |     270 |      108 |     25 |   209 |    +1.4% | -310.101 |   -16444.6 |    495 | _tray_size4_2486/D0
     1622 |       5 |     270 |      108 |     25 |   209 |    +1.4% | -310.101 |   -16444.6 |    494 | _tray_size4_2486/D0
     1624 |       5 |     271 |      108 |     25 |   209 |    +1.4% | -310.101 |   -16446.6 |    492 | _tray_size4_2486/D0
     1625 |       5 |     271 |      108 |     25 |   209 |    +1.4% | -310.101 |   -16446.6 |    491 | _tray_size4_2486/D0
     1629 |       5 |     274 |      108 |     25 |   209 |    +1.4% | -310.101 |   -16428.8 |    489 | _tray_size4_2486/D0
     1630 |       5 |     274 |      108 |     25 |   209 |    +1.4% | -310.101 |   -16428.8 |    489 | _tray_size4_2486/D0
     1632 |       5 |     274 |      108 |     25 |   209 |    +1.4% | -310.101 |   -16428.8 |    488 | _tray_size4_2486/D0
     1633 |       5 |     274 |      108 |     25 |   209 |    +1.4% | -310.101 |   -16428.8 |    487 | _tray_size4_2486/D0
     1634 |       5 |     274 |      108 |     25 |   209 |    +1.4% | -310.101 |   -16428.8 |    486 | _tray_size4_2486/D0
     1640 |       5 |     274 |      108 |     25 |   214 |    +1.4% | -310.101 |   -16442.1 |    486 | _tray_size4_2486/D0
     1641 |       5 |     274 |      108 |     25 |   209 |    +1.4% | -310.101 |   -16428.8 |    486 | _tray_size4_2486/D0
     1642 |       5 |     274 |      108 |     25 |   209 |    +1.4% | -310.101 |   -16428.8 |    486 | _tray_size4_2486/D0
     1645 |       5 |     274 |      109 |     25 |   210 |    +1.4% | -310.101 |   -16358.3 |    484 | _tray_size4_2486/D0
     1648 |       5 |     274 |      109 |     25 |   210 |    +1.4% | -310.101 |   -16358.3 |    483 | _tray_size4_2486/D0
     1649 |       5 |     274 |      109 |     25 |   210 |    +1.4% | -310.101 |   -16358.3 |    482 | _tray_size4_2486/D0
     1650 |       5 |     274 |      109 |     25 |   210 |    +1.4% | -310.101 |   -16358.3 |    482 | _tray_size4_2486/D0
     1650 |       5 |     274 |      109 |     25 |   210 |    +1.4% | -310.101 |   -16358.3 |    481 | _tray_size4_2486/D0
     1651 |       5 |     274 |      109 |     25 |   210 |    +1.4% | -310.101 |   -16358.3 |    480 | _tray_size4_2486/D0
     1652 |       5 |     274 |      109 |     25 |   210 |    +1.4% | -310.101 |   -16358.3 |    479 | _tray_size4_2486/D0
     1653 |       5 |     274 |      109 |     25 |   210 |    +1.4% | -310.101 |   -16358.3 |    478 | _tray_size4_2486/D0
     1656 |       5 |     274 |      109 |     25 |   210 |    +1.4% | -310.101 |   -16358.3 |    477 | _tray_size4_2486/D0
     1657 |       5 |     274 |      109 |     25 |   210 |    +1.4% | -310.101 |   -16358.3 |    476 | _tray_size4_2486/D0
     1658 |       5 |     274 |      109 |     25 |   210 |    +1.4% | -310.101 |   -16358.3 |    475 | _tray_size4_2486/D0
     1659 |       5 |     274 |      109 |     25 |   210 |    +1.4% | -310.101 |   -16358.3 |    474 | _tray_size4_2486/D0
     1660 |       5 |     274 |      109 |     25 |   210 |    +1.4% | -310.101 |   -16358.3 |    474 | _tray_size4_2486/D0
     1660 |       5 |     274 |      109 |     25 |   210 |    +1.4% | -310.101 |   -16358.3 |    473 | _tray_size4_2486/D0
     1661 |       5 |     274 |      109 |     25 |   210 |    +1.4% | -310.101 |   -16358.3 |    472 | _tray_size4_2486/D0
     1662 |       5 |     274 |      109 |     25 |   210 |    +1.4% | -310.101 |   -16358.3 |    471 | _tray_size4_2486/D0
     1663 |       5 |     274 |      109 |     25 |   210 |    +1.4% | -310.101 |   -16358.3 |    470 | _tray_size4_2486/D0
     1664 |       5 |     274 |      109 |     25 |   210 |    +1.4% | -310.101 |   -16358.3 |    469 | _tray_size4_2486/D0
     1665 |       5 |     274 |      109 |     25 |   210 |    +1.4% | -310.101 |   -16358.3 |    468 | _tray_size4_2486/D0
     1666 |       5 |     274 |      109 |     25 |   210 |    +1.4% | -310.101 |   -16358.3 |    467 | _tray_size4_2486/D0
     1667 |       5 |     274 |      109 |     25 |   210 |    +1.4% | -310.101 |   -16358.3 |    466 | _tray_size4_2486/D0
     1668 |       5 |     274 |      109 |     25 |   210 |    +1.4% | -310.101 |   -16358.3 |    465 | _tray_size4_2486/D0
     1670 |       5 |     275 |      109 |     25 |   210 |    +1.4% | -310.104 |   -16341.7 |    465 | _tray_size4_2486/D0
     1671 |       5 |     274 |      109 |     25 |   210 |    +1.4% | -310.101 |   -16358.3 |    464 | _tray_size4_2486/D0
     1672 |       5 |     274 |      109 |     25 |   210 |    +1.4% | -310.101 |   -16358.3 |    463 | _tray_size4_2486/D0
     1673 |       5 |     274 |      109 |     25 |   210 |    +1.4% | -310.101 |   -16358.3 |    462 | _tray_size4_2486/D0
     1674 |       5 |     274 |      109 |     25 |   210 |    +1.4% | -310.101 |   -16358.3 |    461 | _tray_size4_2486/D0
     1675 |       5 |     274 |      109 |     25 |   210 |    +1.4% | -310.101 |   -16358.3 |    460 | _tray_size4_2486/D0
     1676 |       5 |     274 |      109 |     25 |   210 |    +1.4% | -310.101 |   -16358.3 |    459 | _tray_size4_2486/D0
     1677 |       5 |     274 |      109 |     25 |   210 |    +1.4% | -310.101 |   -16358.3 |    458 | _tray_size4_2486/D0
     1678 |       5 |     274 |      109 |     25 |   210 |    +1.4% | -310.101 |   -16358.3 |    457 | _tray_size4_2486/D0
     1679 |       5 |     274 |      109 |     25 |   210 |    +1.4% | -310.101 |   -16358.3 |    456 | _tray_size4_2486/D0
     1680 |       5 |     274 |      109 |     25 |   210 |    +1.4% | -310.101 |   -16358.3 |    456 | _tray_size4_2486/D0
     1680 |       5 |     274 |      109 |     25 |   210 |    +1.4% | -310.101 |   -16358.3 |    455 | _tray_size4_2486/D0
     1681 |       5 |     274 |      109 |     25 |   210 |    +1.4% | -310.101 |   -16358.3 |    454 | _tray_size4_2486/D0
     1682 |       5 |     274 |      109 |     25 |   210 |    +1.4% | -310.101 |   -16358.3 |    453 | _tray_size4_2486/D0
     1683 |       5 |     274 |      109 |     25 |   210 |    +1.4% | -310.101 |   -16358.3 |    452 | _tray_size4_2486/D0
     1686 |       5 |     274 |      109 |     25 |   210 |    +1.4% | -310.101 |   -16358.3 |    451 | _tray_size4_2486/D0
     1687 |       5 |     274 |      109 |     25 |   210 |    +1.4% | -310.101 |   -16358.3 |    450 | _tray_size4_2486/D0
     1688 |       5 |     274 |      109 |     25 |   210 |    +1.4% | -310.101 |   -16358.3 |    449 | _tray_size4_2486/D0
     1689 |       5 |     274 |      109 |     25 |   210 |    +1.4% | -310.101 |   -16358.3 |    448 | _tray_size4_2486/D0
     1690 |       5 |     274 |      109 |     25 |   210 |    +1.4% | -310.101 |   -16358.3 |    448 | _tray_size4_2486/D0
     1690 |       5 |     274 |      109 |     25 |   210 |    +1.4% | -310.101 |   -16358.3 |    447 | _tray_size4_2486/D0
     1691 |       5 |     274 |      109 |     25 |   210 |    +1.4% | -310.101 |   -16358.3 |    446 | _tray_size4_2486/D0
     1692 |       5 |     274 |      109 |     25 |   210 |    +1.4% | -310.101 |   -16358.3 |    445 | _tray_size4_2486/D0
     1693 |       5 |     274 |      109 |     25 |   210 |    +1.4% | -310.101 |   -16358.3 |    444 | _tray_size4_2486/D0
     1694 |       5 |     274 |      109 |     25 |   210 |    +1.4% | -310.101 |   -16358.3 |    443 | _tray_size4_2486/D0
     1695 |       5 |     274 |      109 |     25 |   210 |    +1.4% | -310.101 |   -16358.3 |    442 | _tray_size4_2486/D0
     1698 |       5 |     274 |      109 |     25 |   210 |    +1.4% | -310.101 |   -16358.3 |    441 | _tray_size4_2486/D0
     1699 |       5 |     274 |      109 |     25 |   210 |    +1.4% | -310.101 |   -16358.3 |    440 | _tray_size4_2486/D0
     1700 |       5 |     274 |      109 |     25 |   210 |    +1.4% | -310.101 |   -16358.3 |    440 | _tray_size4_2486/D0
     1700 |       5 |     274 |      109 |     25 |   210 |    +1.4% | -310.101 |   -16358.3 |    439 | _tray_size4_2486/D0
     1703 |       5 |     274 |      109 |     25 |   210 |    +1.4% | -310.101 |   -16358.3 |    438 | _tray_size4_2486/D0
     1706 |       5 |     274 |      109 |     25 |   210 |    +1.4% | -310.101 |   -16358.3 |    437 | _tray_size4_2486/D0
     1707 |       5 |     274 |      109 |     25 |   210 |    +1.4% | -310.101 |   -16358.3 |    436 | _tray_size4_2486/D0
     1708 |       5 |     274 |      109 |     25 |   210 |    +1.4% | -310.101 |   -16358.3 |    435 | _tray_size4_2486/D0
     1710 |       5 |     275 |      109 |     25 |   210 |    +1.4% | -310.104 |   -16341.7 |    435 | _tray_size4_2486/D0
     1711 |       5 |     274 |      109 |     25 |   210 |    +1.4% | -310.101 |   -16358.3 |    434 | _tray_size4_2486/D0
     1712 |       5 |     274 |      109 |     25 |   210 |    +1.4% | -310.101 |   -16358.3 |    433 | _tray_size4_2486/D0
     1713 |       5 |     274 |      109 |     25 |   210 |    +1.4% | -310.101 |   -16358.3 |    432 | _tray_size4_2486/D0
     1714 |       5 |     274 |      109 |     25 |   210 |    +1.4% | -310.101 |   -16358.3 |    431 | _tray_size4_2486/D0
     1715 |       5 |     274 |      109 |     25 |   210 |    +1.4% | -310.101 |   -16358.3 |    430 | _tray_size4_2486/D0
     1716 |       5 |     274 |      109 |     25 |   210 |    +1.4% | -310.101 |   -16358.3 |    429 | _tray_size4_2486/D0
     1717 |       5 |     274 |      109 |     25 |   210 |    +1.4% | -310.101 |   -16358.3 |    428 | _tray_size4_2486/D0
     1720 |       5 |     276 |      109 |     25 |   210 |    +1.4% | -310.104 |   -16185.1 |    428 | _tray_size4_2486/D0
     1720 |       5 |     274 |      109 |     25 |   210 |    +1.4% | -310.101 |   -16358.3 |    427 | _tray_size4_2486/D0
     1721 |       5 |     274 |      109 |     25 |   210 |    +1.4% | -310.101 |   -16358.3 |    426 | _tray_size4_2486/D0
     1724 |       5 |     274 |      109 |     25 |   210 |    +1.4% | -310.101 |   -16358.3 |    425 | _tray_size4_2486/D0
     1725 |       5 |     274 |      109 |     25 |   210 |    +1.4% | -310.101 |   -16358.3 |    424 | _tray_size4_2486/D0
     1726 |       5 |     274 |      109 |     25 |   210 |    +1.4% | -310.101 |   -16358.3 |    424 | _tray_size4_2486/D0
     1728 |       5 |     274 |      109 |     25 |   210 |    +1.4% | -310.101 |   -16358.3 |    423 | _tray_size4_2486/D0
     1729 |       5 |     274 |      109 |     25 |   210 |    +1.4% | -310.101 |   -16358.3 |    422 | _tray_size4_2486/D0
     1730 |       5 |     274 |      109 |     25 |   210 |    +1.4% | -310.101 |   -16358.3 |    422 | _tray_size4_2486/D0
     1730 |       5 |     274 |      109 |     25 |   210 |    +1.4% | -310.101 |   -16358.3 |    421 | _tray_size4_2486/D0
     1731 |       5 |     274 |      109 |     25 |   210 |    +1.4% | -310.101 |   -16358.3 |    420 | _tray_size4_2486/D0
     1732 |       5 |     274 |      109 |     25 |   210 |    +1.4% | -310.101 |   -16358.3 |    419 | _tray_size4_2486/D0
     1733 |       5 |     274 |      109 |     25 |   210 |    +1.4% | -310.101 |   -16358.3 |    418 | _tray_size4_2486/D0
     1734 |       5 |     274 |      109 |     25 |   210 |    +1.4% | -310.101 |   -16358.3 |    417 | _tray_size4_2486/D0
     1740 |       5 |     274 |      109 |     25 |   215 |    +1.4% | -310.101 |   -16364.5 |    417 | _tray_size4_2486/D0
     1741 |       5 |     274 |      109 |     25 |   210 |    +1.4% | -310.101 |   -16358.3 |    417 | _tray_size4_2486/D0
     1742 |       5 |     274 |      109 |     25 |   210 |    +1.4% | -310.101 |   -16358.3 |    417 | _tray_size4_2486/D0
     1743 |       5 |     274 |      109 |     25 |   210 |    +1.4% | -310.101 |   -16358.3 |    416 | _tray_size4_2486/D0
     1744 |       5 |     274 |      109 |     25 |   210 |    +1.4% | -310.101 |   -16358.3 |    415 | _tray_size4_2486/D0
     1745 |       5 |     274 |      109 |     25 |   210 |    +1.4% | -310.101 |   -16358.3 |    414 | _tray_size4_2486/D0
     1746 |       5 |     274 |      109 |     25 |   210 |    +1.4% | -310.101 |   -16358.3 |    413 | _tray_size4_2486/D0
     1747 |       5 |     274 |      109 |     25 |   210 |    +1.4% | -310.101 |   -16358.3 |    412 | _tray_size4_2486/D0
     1748 |       5 |     274 |      109 |     25 |   210 |    +1.4% | -310.101 |   -16358.3 |    411 | _tray_size4_2486/D0
     1750 |       5 |     275 |      109 |     25 |   210 |    +1.4% | -310.101 |   -16306.9 |    411 | _tray_size4_2486/D0
     1754 |       5 |     278 |      109 |     25 |   211 |    +1.4% | -310.101 |   -16252.4 |    409 | _tray_size4_2486/D0
     1755 |       5 |     278 |      109 |     25 |   211 |    +1.4% | -310.101 |   -16252.4 |    408 | _tray_size4_2486/D0
     1756 |       5 |     278 |      109 |     25 |   211 |    +1.4% | -310.101 |   -16252.4 |    407 | _tray_size4_2486/D0
     1757 |       5 |     278 |      109 |     25 |   211 |    +1.4% | -310.101 |   -16252.4 |    406 | _tray_size4_2486/D0
     1758 |       5 |     278 |      109 |     25 |   211 |    +1.4% | -310.101 |   -16252.4 |    405 | _tray_size4_2486/D0
     1760 |       5 |     279 |      109 |     25 |   211 |    +1.4% | -310.101 |   -16250.7 |    405 | _tray_size4_2486/D0
     1767 |       5 |     284 |      110 |     26 |   211 |    +1.5% | -310.101 |   -16293.7 |    403 | _tray_size4_2486/D0
     1768 |       5 |     284 |      110 |     26 |   211 |    +1.5% | -310.101 |   -16293.7 |    402 | _tray_size4_2486/D0
     1769 |       5 |     284 |      110 |     26 |   211 |    +1.5% | -310.101 |   -16293.7 |    401 | _tray_size4_2486/D0
     1770 |       5 |     284 |      110 |     26 |   211 |    +1.5% | -310.101 |   -16293.7 |    401 | _tray_size4_2486/D0
     1771 |       5 |     285 |      110 |     26 |   211 |    +1.5% | -310.101 |   -16292.8 |    399 | _tray_size4_2486/D0
     1773 |       5 |     286 |      110 |     26 |   211 |    +1.5% | -310.101 |   -16292.6 |    397 | _tray_size4_2486/D0
     1774 |       5 |     286 |      110 |     26 |   211 |    +1.5% | -310.101 |   -16292.6 |    396 | _tray_size4_2486/D0
     1775 |       5 |     286 |      110 |     26 |   211 |    +1.5% | -310.101 |   -16292.6 |    395 | _tray_size4_2486/D0
     1777 |       5 |     287 |      110 |     26 |   211 |    +1.5% | -310.101 |   -16289.3 |    393 | _tray_size4_2486/D0
     1778 |       5 |     287 |      110 |     26 |   211 |    +1.5% | -310.101 |   -16289.3 |    392 | _tray_size4_2486/D0
     1779 |       5 |     287 |      110 |     26 |   211 |    +1.5% | -310.101 |   -16289.3 |    391 | _tray_size4_2486/D0
     1780 |       5 |     287 |      110 |     26 |   211 |    +1.5% | -310.101 |   -16289.3 |    391 | _tray_size4_2486/D0
     1782 |       5 |     289 |      110 |     26 |   211 |    +1.5% | -310.101 |   -16257.2 |    389 | _tray_size4_2486/D0
     1783 |       5 |     289 |      110 |     26 |   211 |    +1.5% | -310.101 |   -16257.2 |    388 | _tray_size4_2486/D0
     1784 |       5 |     289 |      110 |     26 |   211 |    +1.5% | -310.101 |   -16257.2 |    387 | _tray_size4_2486/D0
     1785 |       5 |     289 |      110 |     26 |   211 |    +1.5% | -310.101 |   -16257.2 |    386 | _tray_size4_2486/D0
     1786 |       5 |     289 |      110 |     26 |   211 |    +1.5% | -310.101 |   -16257.2 |    385 | _tray_size4_2486/D0
     1787 |       5 |     289 |      110 |     26 |   211 |    +1.5% | -310.101 |   -16257.2 |    384 | _tray_size4_2486/D0
     1788 |       5 |     289 |      110 |     26 |   211 |    +1.5% | -310.101 |   -16257.2 |    383 | _tray_size4_2486/D0
     1790 |       5 |     290 |      110 |     26 |   211 |    +1.5% | -310.101 |   -16255.4 |    382 | _tray_size4_2486/D0
     1790 |       5 |     290 |      110 |     26 |   211 |    +1.5% | -310.101 |   -16255.4 |    381 | _tray_size4_2486/D0
     1791 |       5 |     290 |      110 |     26 |   211 |    +1.5% | -310.101 |   -16255.4 |    380 | _tray_size4_2486/D0
     1792 |       5 |     290 |      110 |     26 |   211 |    +1.5% | -310.101 |   -16255.4 |    379 | _tray_size4_2486/D0
     1794 |       5 |     291 |      110 |     26 |   211 |    +1.5% | -310.101 |   -16254.0 |    377 | _tray_size4_2486/D0
     1795 |       5 |     291 |      110 |     26 |   211 |    +1.5% | -310.101 |   -16254.0 |    376 | _tray_size4_2486/D0
     1796 |       5 |     291 |      110 |     26 |   211 |    +1.5% | -310.101 |   -16254.0 |    375 | _tray_size4_2486/D0
     1797 |       5 |     291 |      110 |     26 |   211 |    +1.5% | -310.101 |   -16254.0 |    374 | _tray_size4_2486/D0
     1798 |       5 |     291 |      110 |     26 |   211 |    +1.5% | -310.101 |   -16254.0 |    373 | _tray_size4_2486/D0
     1799 |       5 |     291 |      110 |     26 |   211 |    +1.5% | -310.101 |   -16254.0 |    372 | _tray_size4_2486/D0
     1800 |       5 |     291 |      110 |     26 |   211 |    +1.5% | -310.101 |   -16254.0 |    372 | _tray_size4_2486/D0
     1800 |       5 |     291 |      110 |     26 |   211 |    +1.5% | -310.101 |   -16254.0 |    371 | _tray_size4_2486/D0
     1801 |       5 |     291 |      110 |     26 |   211 |    +1.5% | -310.101 |   -16254.0 |    370 | _tray_size4_2486/D0
     1802 |       5 |     291 |      110 |     26 |   211 |    +1.5% | -310.101 |   -16254.0 |    369 | _tray_size4_2486/D0
     1803 |       5 |     291 |      110 |     26 |   211 |    +1.5% | -310.101 |   -16254.0 |    368 | _tray_size4_2486/D0
     1804 |       5 |     291 |      110 |     26 |   211 |    +1.5% | -310.101 |   -16254.0 |    367 | _tray_size4_2486/D0
     1805 |       5 |     291 |      110 |     26 |   211 |    +1.5% | -310.101 |   -16254.0 |    366 | _tray_size4_2486/D0
     1806 |       5 |     291 |      110 |     26 |   211 |    +1.5% | -310.101 |   -16254.0 |    365 | _tray_size4_2486/D0
     1807 |       5 |     291 |      110 |     26 |   211 |    +1.5% | -310.101 |   -16254.0 |    364 | _tray_size4_2486/D0
     1808 |       5 |     291 |      110 |     26 |   211 |    +1.5% | -310.101 |   -16254.0 |    363 | _tray_size4_2486/D0
     1809 |       5 |     291 |      110 |     26 |   211 |    +1.5% | -310.101 |   -16254.0 |    362 | _tray_size4_2486/D0
     1810 |       5 |     291 |      110 |     26 |   211 |    +1.5% | -310.101 |   -16254.0 |    362 | _tray_size4_2486/D0
     1810 |       5 |     291 |      110 |     26 |   211 |    +1.5% | -310.101 |   -16254.0 |    361 | _tray_size4_2486/D0
     1811 |       5 |     291 |      110 |     26 |   211 |    +1.5% | -310.101 |   -16254.0 |    360 | _tray_size4_2486/D0
     1813 |       5 |     292 |      110 |     26 |   211 |    +1.5% | -310.101 |   -16253.7 |    358 | _tray_size4_2486/D0
     1814 |       5 |     292 |      110 |     26 |   211 |    +1.5% | -310.101 |   -16253.7 |    357 | _tray_size4_2486/D0
     1815 |       5 |     292 |      110 |     26 |   211 |    +1.5% | -310.101 |   -16253.7 |    356 | _tray_size4_2486/D0
     1816 |       5 |     292 |      110 |     26 |   211 |    +1.5% | -310.101 |   -16253.7 |    355 | _tray_size4_2486/D0
     1817 |       5 |     292 |      110 |     26 |   211 |    +1.5% | -310.101 |   -16253.7 |    354 | _tray_size4_2486/D0
     1818 |       5 |     292 |      110 |     26 |   211 |    +1.5% | -310.101 |   -16253.7 |    353 | _tray_size4_2486/D0
     1819 |       5 |     292 |      110 |     26 |   211 |    +1.5% | -310.101 |   -16253.7 |    352 | _tray_size4_2486/D0
     1820 |       5 |     292 |      110 |     26 |   211 |    +1.5% | -310.101 |   -16253.7 |    352 | _tray_size4_2486/D0
     1820 |       5 |     292 |      110 |     26 |   211 |    +1.5% | -310.101 |   -16253.7 |    351 | _tray_size4_2486/D0
     1821 |       5 |     292 |      110 |     26 |   211 |    +1.5% | -310.101 |   -16253.7 |    350 | _tray_size4_2486/D0
     1822 |       5 |     292 |      110 |     26 |   211 |    +1.5% | -310.101 |   -16253.7 |    349 | _tray_size4_2486/D0
     1823 |       5 |     292 |      110 |     26 |   211 |    +1.5% | -310.101 |   -16253.7 |    348 | _tray_size4_2486/D0
     1824 |       5 |     292 |      110 |     26 |   211 |    +1.5% | -310.101 |   -16253.7 |    347 | _tray_size4_2486/D0
     1825 |       5 |     292 |      110 |     26 |   211 |    +1.5% | -310.101 |   -16253.7 |    346 | _tray_size4_2486/D0
     1826 |       5 |     292 |      110 |     26 |   211 |    +1.5% | -310.101 |   -16253.7 |    345 | _tray_size4_2486/D0
     1827 |       5 |     292 |      110 |     26 |   211 |    +1.5% | -310.101 |   -16253.7 |    344 | _tray_size4_2486/D0
     1828 |       5 |     292 |      110 |     26 |   211 |    +1.5% | -310.101 |   -16253.7 |    343 | _tray_size4_2486/D0
     1829 |       5 |     292 |      110 |     26 |   211 |    +1.5% | -310.101 |   -16253.7 |    342 | _tray_size4_2486/D0
     1830 |       5 |     292 |      110 |     26 |   211 |    +1.5% | -310.101 |   -16253.7 |    342 | _tray_size4_2486/D0
     1830 |       5 |     292 |      110 |     26 |   211 |    +1.5% | -310.101 |   -16253.7 |    341 | _tray_size4_2486/D0
     1831 |       5 |     292 |      110 |     26 |   211 |    +1.5% | -310.101 |   -16253.7 |    340 | _tray_size4_2486/D0
     1832 |       5 |     292 |      110 |     26 |   211 |    +1.5% | -310.101 |   -16253.7 |    339 | _tray_size4_2486/D0
     1833 |       5 |     292 |      110 |     26 |   211 |    +1.5% | -310.101 |   -16253.7 |    338 | _tray_size4_2486/D0
     1834 |       5 |     292 |      110 |     26 |   211 |    +1.5% | -310.101 |   -16253.7 |    337 | _tray_size4_2486/D0
     1835 |       5 |     292 |      110 |     26 |   211 |    +1.5% | -310.101 |   -16253.7 |    336 | _tray_size4_2486/D0
     1836 |       5 |     292 |      110 |     26 |   211 |    +1.5% | -310.101 |   -16253.7 |    335 | _tray_size4_2486/D0
     1837 |       5 |     292 |      110 |     26 |   211 |    +1.5% | -310.101 |   -16253.7 |    334 | _tray_size4_2486/D0
     1838 |       5 |     292 |      110 |     26 |   211 |    +1.5% | -310.101 |   -16253.7 |    333 | _tray_size4_2486/D0
     1839 |       5 |     292 |      110 |     26 |   211 |    +1.5% | -310.101 |   -16253.7 |    333 | _tray_size4_2486/D0
     1840 |       5 |     292 |      110 |     26 |   211 |    +1.5% | -310.101 |   -16253.7 |    333 | _tray_size4_2486/D0
     1840 |       5 |     292 |      110 |     26 |   211 |    +1.5% | -310.101 |   -16253.7 |    332 | _tray_size4_2486/D0
     1841 |       5 |     292 |      110 |     26 |   211 |    +1.5% | -310.101 |   -16253.7 |    331 | _tray_size4_2486/D0
     1842 |       5 |     292 |      110 |     26 |   211 |    +1.5% | -310.101 |   -16253.7 |    330 | _tray_size4_2486/D0
     1843 |       5 |     292 |      110 |     26 |   211 |    +1.5% | -310.101 |   -16253.7 |    329 | _tray_size4_2486/D0
     1844 |       5 |     292 |      110 |     26 |   211 |    +1.5% | -310.101 |   -16253.7 |    328 | _tray_size4_2486/D0
     1845 |       5 |     292 |      110 |     26 |   211 |    +1.5% | -310.101 |   -16253.7 |    327 | _tray_size4_2486/D0
     1846 |       5 |     292 |      110 |     26 |   211 |    +1.5% | -310.101 |   -16253.7 |    326 | _tray_size4_2486/D0
     1847 |       5 |     292 |      110 |     26 |   211 |    +1.5% | -310.101 |   -16253.7 |    325 | _tray_size4_2486/D0
     1848 |       5 |     292 |      110 |     26 |   211 |    +1.5% | -310.101 |   -16253.7 |    324 | _tray_size4_2486/D0
     1849 |       5 |     292 |      110 |     26 |   211 |    +1.5% | -310.101 |   -16253.7 |    323 | _tray_size4_2486/D0
     1850 |       5 |     292 |      110 |     26 |   211 |    +1.5% | -310.101 |   -16253.7 |    323 | _tray_size4_2486/D0
     1850 |       5 |     292 |      110 |     26 |   211 |    +1.5% | -310.101 |   -16253.7 |    322 | _tray_size4_2486/D0
     1851 |       5 |     292 |      110 |     26 |   211 |    +1.5% | -310.101 |   -16253.7 |    321 | _tray_size4_2486/D0
     1852 |       5 |     292 |      110 |     26 |   211 |    +1.5% | -310.101 |   -16253.7 |    320 | _tray_size4_2486/D0
     1856 |       5 |     295 |      110 |     26 |   211 |    +1.5% | -310.101 |   -15994.6 |    318 | _tray_size4_2486/D0
     1857 |       5 |     295 |      110 |     26 |   211 |    +1.5% | -310.101 |   -15994.6 |    317 | _tray_size4_2486/D0
     1858 |       5 |     295 |      110 |     26 |   211 |    +1.5% | -310.101 |   -15994.6 |    316 | _tray_size4_2486/D0
     1859 |       5 |     295 |      110 |     26 |   211 |    +1.5% | -310.101 |   -15994.6 |    315 | _tray_size4_2486/D0
     1860 |       5 |     295 |      110 |     26 |   211 |    +1.5% | -310.101 |   -15994.6 |    315 | _tray_size4_2486/D0
     1860 |       5 |     295 |      110 |     26 |   211 |    +1.5% | -310.101 |   -15994.6 |    314 | _tray_size4_2486/D0
     1861 |       5 |     295 |      110 |     26 |   211 |    +1.5% | -310.101 |   -15994.6 |    313 | _tray_size4_2486/D0
     1862 |       5 |     295 |      110 |     26 |   211 |    +1.5% | -310.101 |   -15994.6 |    312 | _tray_size4_2486/D0
     1863 |       5 |     295 |      110 |     26 |   211 |    +1.5% | -310.101 |   -15994.6 |    311 | _tray_size4_2486/D0
     1865 |       5 |     296 |      110 |     26 |   211 |    +1.5% | -310.101 |   -16014.5 |    309 | _tray_size4_2486/D0
     1866 |       5 |     296 |      110 |     26 |   211 |    +1.5% | -310.101 |   -16014.5 |    309 | _tray_size4_2486/D0
     1867 |       5 |     296 |      110 |     26 |   211 |    +1.5% | -310.101 |   -16014.5 |    308 | _tray_size4_2486/D0
     1868 |       5 |     296 |      110 |     26 |   211 |    +1.5% | -310.101 |   -16014.5 |    307 | _tray_size4_2486/D0
     1869 |       5 |     296 |      110 |     26 |   211 |    +1.5% | -310.101 |   -16014.5 |    306 | _tray_size4_2486/D0
     1870 |       5 |     296 |      110 |     26 |   211 |    +1.5% | -310.101 |   -16014.5 |    306 | _tray_size4_2486/D0
     1870 |       5 |     296 |      110 |     26 |   211 |    +1.5% | -310.101 |   -16014.5 |    305 | _tray_size4_2486/D0
     1871 |       5 |     296 |      110 |     26 |   211 |    +1.5% | -310.101 |   -16014.5 |    304 | _tray_size4_2486/D0
     1872 |       5 |     296 |      110 |     26 |   211 |    +1.5% | -310.101 |   -16014.5 |    303 | _tray_size4_2486/D0
     1873 |       5 |     296 |      110 |     26 |   211 |    +1.5% | -310.101 |   -16014.5 |    302 | _tray_size4_2486/D0
     1874 |       5 |     296 |      110 |     26 |   211 |    +1.5% | -310.101 |   -16014.5 |    301 | _tray_size4_2486/D0
     1875 |       5 |     296 |      110 |     26 |   211 |    +1.5% | -310.101 |   -16014.5 |    300 | _tray_size4_2486/D0
     1876 |       5 |     296 |      110 |     26 |   211 |    +1.5% | -310.101 |   -16014.5 |    299 | _tray_size4_2486/D0
     1877 |       5 |     296 |      110 |     26 |   211 |    +1.5% | -310.101 |   -16014.5 |    298 | _tray_size4_2486/D0
     1878 |       5 |     296 |      110 |     26 |   211 |    +1.5% | -310.101 |   -16014.5 |    297 | _tray_size4_2486/D0
     1879 |       5 |     296 |      110 |     26 |   211 |    +1.5% | -310.101 |   -16014.5 |    296 | _tray_size4_2486/D0
     1880 |       5 |     296 |      110 |     26 |   211 |    +1.5% | -310.101 |   -16014.5 |    296 | _tray_size4_2486/D0
     1880 |       5 |     296 |      110 |     26 |   211 |    +1.5% | -310.101 |   -16014.5 |    295 | _tray_size4_2486/D0
     1881 |       5 |     296 |      110 |     26 |   211 |    +1.5% | -310.101 |   -16014.5 |    294 | _tray_size4_2486/D0
     1882 |       5 |     296 |      110 |     26 |   211 |    +1.5% | -310.101 |   -16014.5 |    293 | _tray_size4_2486/D0
     1883 |       5 |     296 |      110 |     26 |   211 |    +1.5% | -310.101 |   -16014.5 |    293 | _tray_size4_2486/D0
     1884 |       5 |     296 |      110 |     26 |   211 |    +1.5% | -310.101 |   -16014.5 |    292 | _tray_size4_2486/D0
     1885 |       5 |     296 |      110 |     26 |   211 |    +1.5% | -310.101 |   -16014.5 |    291 | _tray_size4_2486/D0
     1886 |       5 |     296 |      110 |     26 |   211 |    +1.5% | -310.101 |   -16014.5 |    291 | _tray_size4_2486/D0
     1887 |       5 |     296 |      110 |     26 |   211 |    +1.5% | -310.101 |   -16014.5 |    290 | _tray_size4_2486/D0
     1888 |       5 |     296 |      110 |     26 |   211 |    +1.5% | -310.101 |   -16014.5 |    289 | _tray_size4_2486/D0
     1889 |       5 |     296 |      110 |     26 |   211 |    +1.5% | -310.101 |   -16014.5 |    288 | _tray_size4_2486/D0
     1890 |       5 |     296 |      110 |     26 |   211 |    +1.5% | -310.101 |   -16014.5 |    288 | _tray_size4_2486/D0
     1890 |       5 |     296 |      110 |     26 |   211 |    +1.5% | -310.101 |   -16014.5 |    287 | _tray_size4_2486/D0
     1891 |       5 |     296 |      110 |     26 |   211 |    +1.5% | -310.101 |   -16014.5 |    286 | _tray_size4_2486/D0
     1892 |       5 |     296 |      110 |     26 |   211 |    +1.5% | -310.101 |   -16014.5 |    285 | _tray_size4_2486/D0
     1893 |       5 |     296 |      110 |     26 |   211 |    +1.5% | -310.101 |   -16014.5 |    284 | _tray_size4_2486/D0
     1894 |       5 |     296 |      110 |     26 |   211 |    +1.5% | -310.101 |   -16014.5 |    283 | _tray_size4_2486/D0
     1895 |       5 |     296 |      110 |     26 |   211 |    +1.5% | -310.101 |   -16014.5 |    283 | _tray_size4_2486/D0
     1896 |       5 |     296 |      110 |     26 |   211 |    +1.5% | -310.101 |   -16014.5 |    282 | _tray_size4_2486/D0
     1897 |       5 |     296 |      110 |     26 |   211 |    +1.5% | -310.101 |   -16014.5 |    281 | _tray_size4_2486/D0
     1898 |       5 |     296 |      110 |     26 |   211 |    +1.5% | -310.101 |   -16014.5 |    280 | _tray_size4_2486/D0
     1899 |       5 |     296 |      110 |     26 |   211 |    +1.5% | -310.101 |   -16014.5 |    279 | _tray_size4_2486/D0
     1900 |       5 |     296 |      110 |     26 |   211 |    +1.5% | -310.101 |   -16014.5 |    279 | _tray_size4_2486/D0
     1900 |       5 |     296 |      110 |     26 |   211 |    +1.5% | -310.101 |   -16014.5 |    278 | _tray_size4_2486/D0
     1901 |       5 |     296 |      110 |     26 |   211 |    +1.5% | -310.101 |   -16014.5 |    277 | _tray_size4_2486/D0
     1902 |       5 |     296 |      110 |     26 |   211 |    +1.5% | -310.101 |   -16014.5 |    276 | _tray_size4_2486/D0
     1903 |       5 |     296 |      110 |     26 |   211 |    +1.5% | -310.101 |   -16014.5 |    275 | _tray_size4_2486/D0
     1904 |       5 |     296 |      110 |     26 |   211 |    +1.5% | -310.101 |   -16014.5 |    274 | _tray_size4_2486/D0
     1905 |       5 |     296 |      110 |     26 |   211 |    +1.5% | -310.101 |   -16014.5 |    273 | _tray_size4_2486/D0
     1906 |       5 |     296 |      110 |     26 |   211 |    +1.5% | -310.101 |   -16014.5 |    272 | _tray_size4_2486/D0
     1907 |       5 |     296 |      110 |     26 |   211 |    +1.5% | -310.101 |   -16014.5 |    271 | _tray_size4_2486/D0
     1910 |       5 |     296 |      110 |     27 |   212 |    +1.5% | -310.101 |   -16027.7 |    271 | _tray_size4_2486/D0
     1911 |       5 |     296 |      112 |     27 |   212 |    +1.5% | -310.101 |   -16020.6 |    269 | _tray_size4_2486/D0
     1912 |       5 |     296 |      112 |     27 |   212 |    +1.5% | -310.101 |   -16020.6 |    268 | _tray_size4_2486/D0
     1913 |       5 |     296 |      112 |     27 |   212 |    +1.5% | -310.101 |   -16020.6 |    267 | _tray_size4_2486/D0
     1914 |       5 |     296 |      112 |     27 |   212 |    +1.5% | -310.101 |   -16020.6 |    266 | _tray_size4_2486/D0
     1915 |       5 |     296 |      112 |     27 |   212 |    +1.5% | -310.101 |   -16020.6 |    265 | _tray_size4_2486/D0
     1916 |       5 |     296 |      112 |     27 |   212 |    +1.5% | -310.101 |   -16020.6 |    264 | _tray_size4_2486/D0
     1917 |       5 |     296 |      112 |     27 |   212 |    +1.5% | -310.101 |   -16020.6 |    263 | _tray_size4_2486/D0
     1918 |       5 |     296 |      112 |     27 |   212 |    +1.5% | -310.101 |   -16020.6 |    262 | _tray_size4_2486/D0
     1919 |       5 |     296 |      112 |     27 |   212 |    +1.5% | -310.101 |   -16020.6 |    261 | _tray_size4_2486/D0
     1920 |       5 |     296 |      112 |     27 |   212 |    +1.5% | -310.101 |   -16020.6 |    261 | _tray_size4_2486/D0
     1920 |       5 |     296 |      112 |     27 |   212 |    +1.5% | -310.101 |   -16020.6 |    260 | _tray_size4_2486/D0
     1921 |       5 |     296 |      112 |     27 |   212 |    +1.5% | -310.101 |   -16020.6 |    259 | _tray_size4_2486/D0
     1922 |       5 |     296 |      112 |     27 |   212 |    +1.5% | -310.101 |   -16020.6 |    258 | _tray_size4_2486/D0
     1923 |       5 |     296 |      112 |     27 |   212 |    +1.5% | -310.101 |   -16020.6 |    257 | _tray_size4_2486/D0
     1924 |       5 |     296 |      112 |     27 |   212 |    +1.5% | -310.101 |   -16020.6 |    256 | _tray_size4_2486/D0
     1925 |       5 |     296 |      112 |     27 |   212 |    +1.5% | -310.101 |   -16020.6 |    255 | _tray_size4_2486/D0
     1926 |       5 |     296 |      112 |     27 |   212 |    +1.5% | -310.101 |   -16020.6 |    254 | _tray_size4_2486/D0
     1927 |       5 |     296 |      112 |     27 |   212 |    +1.5% | -310.101 |   -16020.6 |    253 | _tray_size4_2486/D0
     1928 |       5 |     296 |      112 |     27 |   212 |    +1.5% | -310.101 |   -16020.6 |    252 | _tray_size4_2486/D0
     1929 |       5 |     296 |      112 |     27 |   212 |    +1.5% | -310.101 |   -16020.6 |    251 | _tray_size4_2486/D0
     1930 |       5 |     296 |      112 |     27 |   212 |    +1.5% | -310.101 |   -16020.6 |    251 | _tray_size4_2486/D0
     1930 |       5 |     296 |      112 |     27 |   212 |    +1.5% | -310.101 |   -16020.6 |    250 | _tray_size4_2486/D0
     1931 |       5 |     296 |      112 |     27 |   212 |    +1.5% | -310.101 |   -16020.6 |    249 | _tray_size4_2486/D0
     1932 |       5 |     296 |      112 |     27 |   212 |    +1.5% | -310.101 |   -16020.6 |    248 | _tray_size4_2486/D0
     1933 |       5 |     296 |      112 |     27 |   212 |    +1.5% | -310.101 |   -16020.6 |    247 | _tray_size4_2486/D0
     1934 |       5 |     296 |      112 |     27 |   212 |    +1.5% | -310.101 |   -16020.6 |    246 | _tray_size4_2486/D0
     1935 |       5 |     296 |      112 |     27 |   212 |    +1.5% | -310.101 |   -16020.6 |    245 | _tray_size4_2486/D0
     1936 |       5 |     296 |      112 |     27 |   212 |    +1.5% | -310.101 |   -16020.6 |    244 | _tray_size4_2486/D0
     1938 |       5 |     296 |      113 |     27 |   212 |    +1.5% | -310.101 |   -15969.5 |    242 | _tray_size4_2486/D0
     1939 |       5 |     296 |      113 |     27 |   212 |    +1.5% | -310.101 |   -15969.5 |    241 | _tray_size4_2486/D0
     1940 |       5 |     296 |      113 |     27 |   212 |    +1.5% | -310.101 |   -15969.5 |    241 | _tray_size4_2486/D0
     1940 |       5 |     296 |      113 |     27 |   212 |    +1.5% | -310.101 |   -15969.5 |    240 | _tray_size4_2486/D0
     1941 |       5 |     296 |      113 |     27 |   212 |    +1.5% | -310.101 |   -15969.5 |    239 | _tray_size4_2486/D0
     1942 |       5 |     296 |      113 |     27 |   212 |    +1.5% | -310.101 |   -15969.5 |    238 | _tray_size4_2486/D0
     1943 |       5 |     296 |      113 |     27 |   212 |    +1.5% | -310.101 |   -15969.5 |    238 | _tray_size4_2486/D0
     1944 |       5 |     296 |      113 |     27 |   212 |    +1.5% | -310.101 |   -15969.5 |    237 | _tray_size4_2486/D0
     1945 |       5 |     296 |      113 |     27 |   212 |    +1.5% | -310.101 |   -15969.5 |    236 | _tray_size4_2486/D0
     1946 |       5 |     296 |      113 |     27 |   212 |    +1.5% | -310.101 |   -15969.5 |    235 | _tray_size4_2486/D0
     1947 |       5 |     296 |      113 |     27 |   212 |    +1.5% | -310.101 |   -15969.5 |    234 | _tray_size4_2486/D0
     1948 |       5 |     296 |      113 |     27 |   212 |    +1.5% | -310.101 |   -15969.5 |    233 | _tray_size4_2486/D0
     1949 |       5 |     296 |      113 |     27 |   212 |    +1.5% | -310.101 |   -15969.5 |    232 | _tray_size4_2486/D0
     1950 |       5 |     296 |      113 |     27 |   212 |    +1.5% | -310.101 |   -15969.5 |    232 | _tray_size4_2486/D0
     1950 |       5 |     296 |      113 |     27 |   212 |    +1.5% | -310.101 |   -15969.5 |    231 | _tray_size4_2486/D0
     1951 |       5 |     296 |      113 |     27 |   212 |    +1.5% | -310.101 |   -15969.5 |    230 | _tray_size4_2486/D0
     1952 |       5 |     296 |      113 |     27 |   212 |    +1.5% | -310.101 |   -15969.5 |    229 | _tray_size4_2486/D0
     1953 |       5 |     296 |      113 |     27 |   212 |    +1.5% | -310.101 |   -15969.5 |    228 | _tray_size4_2486/D0
     1954 |       5 |     296 |      113 |     27 |   212 |    +1.5% | -310.101 |   -15969.5 |    227 | _tray_size4_2486/D0
     1955 |       5 |     296 |      113 |     27 |   212 |    +1.5% | -310.101 |   -15969.5 |    226 | _tray_size4_2486/D0
     1956 |       5 |     296 |      113 |     27 |   212 |    +1.5% | -310.101 |   -15969.5 |    225 | _tray_size4_2486/D0
     1957 |       5 |     296 |      113 |     27 |   212 |    +1.5% | -310.101 |   -15969.5 |    224 | _tray_size4_2486/D0
     1958 |       5 |     296 |      113 |     27 |   212 |    +1.5% | -310.101 |   -15969.5 |    223 | _tray_size4_2486/D0
     1959 |       5 |     296 |      113 |     27 |   212 |    +1.5% | -310.101 |   -15969.5 |    222 | _tray_size4_2486/D0
     1960 |       5 |     296 |      113 |     27 |   212 |    +1.5% | -310.101 |   -15969.5 |    222 | _tray_size4_2486/D0
     1960 |       5 |     296 |      113 |     27 |   212 |    +1.5% | -310.101 |   -15969.5 |    221 | _tray_size4_2486/D0
     1961 |       5 |     296 |      113 |     27 |   212 |    +1.5% | -310.101 |   -15969.5 |    220 | _tray_size4_2486/D0
     1962 |       5 |     296 |      113 |     27 |   212 |    +1.5% | -310.101 |   -15969.5 |    219 | _tray_size4_2486/D0
     1963 |       5 |     296 |      113 |     27 |   212 |    +1.5% | -310.101 |   -15969.5 |    218 | _tray_size4_2486/D0
     1964 |       5 |     296 |      113 |     27 |   212 |    +1.5% | -310.101 |   -15969.5 |    217 | _tray_size4_2486/D0
     1965 |       5 |     296 |      113 |     27 |   212 |    +1.5% | -310.101 |   -15969.5 |    216 | _tray_size4_2486/D0
     1966 |       5 |     296 |      113 |     27 |   212 |    +1.5% | -310.101 |   -15969.5 |    215 | _tray_size4_2486/D0
     1967 |       5 |     296 |      113 |     27 |   212 |    +1.5% | -310.101 |   -15969.5 |    214 | _tray_size4_2486/D0
     1968 |       5 |     296 |      113 |     27 |   212 |    +1.5% | -310.101 |   -15969.5 |    213 | _tray_size4_2486/D0
     1969 |       5 |     296 |      113 |     27 |   212 |    +1.5% | -310.101 |   -15969.5 |    212 | _tray_size4_2486/D0
     1970 |       5 |     296 |      113 |     27 |   212 |    +1.5% | -310.101 |   -15969.5 |    212 | _tray_size4_2486/D0
     1970 |       5 |     296 |      113 |     27 |   212 |    +1.5% | -310.101 |   -15969.5 |    211 | _tray_size4_2486/D0
     1971 |       5 |     296 |      113 |     27 |   212 |    +1.5% | -310.101 |   -15969.5 |    210 | _tray_size4_2486/D0
     1972 |       5 |     296 |      113 |     27 |   212 |    +1.5% | -310.101 |   -15969.5 |    209 | _tray_size4_2486/D0
     1973 |       5 |     296 |      113 |     27 |   212 |    +1.5% | -310.101 |   -15969.5 |    208 | _tray_size4_2486/D0
     1974 |       5 |     296 |      113 |     27 |   212 |    +1.5% | -310.101 |   -15969.5 |    207 | _tray_size4_2486/D0
     1975 |       5 |     296 |      113 |     27 |   212 |    +1.5% | -310.101 |   -15969.5 |    206 | _tray_size4_2486/D0
     1976 |       5 |     296 |      113 |     27 |   212 |    +1.5% | -310.101 |   -15969.5 |    205 | _tray_size4_2486/D0
     1977 |       5 |     296 |      113 |     27 |   212 |    +1.5% | -310.101 |   -15969.5 |    204 | _tray_size4_2486/D0
     1978 |       5 |     296 |      113 |     27 |   212 |    +1.5% | -310.101 |   -15969.5 |    203 | _tray_size4_2486/D0
     1979 |       5 |     296 |      113 |     27 |   212 |    +1.5% | -310.101 |   -15969.5 |    202 | _tray_size4_2486/D0
     1980 |       5 |     296 |      113 |     27 |   212 |    +1.5% | -310.101 |   -15969.5 |    202 | _tray_size4_2486/D0
     1980 |       5 |     296 |      113 |     27 |   212 |    +1.5% | -310.101 |   -15969.5 |    201 | _tray_size4_2486/D0
     1981 |       5 |     296 |      113 |     27 |   212 |    +1.5% | -310.101 |   -15969.5 |    200 | _tray_size4_2486/D0
     1982 |       5 |     296 |      113 |     27 |   212 |    +1.5% | -310.101 |   -15969.5 |    199 | _tray_size4_2486/D0
     1983 |       5 |     296 |      113 |     27 |   212 |    +1.5% | -310.101 |   -15969.5 |    198 | _tray_size4_2486/D0
     1984 |       5 |     296 |      113 |     27 |   212 |    +1.5% | -310.101 |   -15969.5 |    197 | _tray_size4_2486/D0
     1985 |       5 |     296 |      113 |     27 |   212 |    +1.5% | -310.101 |   -15969.5 |    196 | _tray_size4_2486/D0
     1986 |       5 |     296 |      113 |     27 |   212 |    +1.5% | -310.101 |   -15969.5 |    195 | _tray_size4_2486/D0
     1987 |       5 |     296 |      113 |     27 |   212 |    +1.5% | -310.101 |   -15969.5 |    194 | _tray_size4_2486/D0
     1988 |       5 |     296 |      113 |     27 |   212 |    +1.5% | -310.101 |   -15969.5 |    193 | _tray_size4_2486/D0
     1989 |       5 |     296 |      113 |     27 |   212 |    +1.5% | -310.101 |   -15969.5 |    192 | _tray_size4_2486/D0
     1990 |       5 |     296 |      113 |     27 |   212 |    +1.5% | -310.101 |   -15969.5 |    192 | _tray_size4_2486/D0
     1990 |       5 |     296 |      113 |     27 |   212 |    +1.5% | -310.101 |   -15969.5 |    191 | _tray_size4_2486/D0
     1991 |       5 |     296 |      113 |     27 |   212 |    +1.5% | -310.101 |   -15969.5 |    190 | _tray_size4_2486/D0
     1992 |       5 |     296 |      113 |     27 |   212 |    +1.5% | -310.101 |   -15969.5 |    189 | _tray_size4_2486/D0
     1993 |       5 |     296 |      113 |     27 |   212 |    +1.5% | -310.101 |   -15969.5 |    188 | _tray_size4_2486/D0
     1994 |       5 |     296 |      113 |     27 |   212 |    +1.5% | -310.101 |   -15969.5 |    187 | _tray_size4_2486/D0
     1995 |       5 |     296 |      113 |     27 |   212 |    +1.5% | -310.101 |   -15969.5 |    186 | _tray_size4_2486/D0
     1996 |       5 |     296 |      113 |     27 |   212 |    +1.5% | -310.101 |   -15969.5 |    185 | _tray_size4_2486/D0
     1997 |       5 |     296 |      113 |     27 |   212 |    +1.5% | -310.101 |   -15969.5 |    184 | _tray_size4_2486/D0
     1998 |       5 |     296 |      113 |     27 |   212 |    +1.5% | -310.101 |   -15969.5 |    183 | _tray_size4_2486/D0
     1999 |       5 |     296 |      113 |     27 |   212 |    +1.5% | -310.101 |   -15969.5 |    182 | _tray_size4_2486/D0
     2000 |       5 |     296 |      113 |     27 |   212 |    +1.5% | -310.101 |   -15969.5 |    182 | _tray_size4_2486/D0
     2000 |       5 |     296 |      113 |     27 |   212 |    +1.5% | -310.101 |   -15969.5 |    181 | _tray_size4_2486/D0
     2001 |       5 |     296 |      113 |     27 |   212 |    +1.5% | -310.101 |   -15969.5 |    180 | _tray_size4_2486/D0
     2002 |       5 |     296 |      113 |     27 |   212 |    +1.5% | -310.101 |   -15969.5 |    179 | _tray_size4_2486/D0
     2003 |       5 |     296 |      113 |     27 |   212 |    +1.5% | -310.101 |   -15969.5 |    178 | _tray_size4_2486/D0
     2004 |       5 |     296 |      113 |     27 |   212 |    +1.5% | -310.101 |   -15969.5 |    177 | _tray_size4_2486/D0
     2005 |       5 |     296 |      113 |     27 |   212 |    +1.5% | -310.101 |   -15969.5 |    176 | _tray_size4_2486/D0
     2006 |       5 |     296 |      113 |     27 |   212 |    +1.5% | -310.101 |   -15969.5 |    175 | _tray_size4_2486/D0
     2007 |       5 |     296 |      113 |     27 |   212 |    +1.5% | -310.101 |   -15969.5 |    174 | _tray_size4_2486/D0
     2008 |       5 |     296 |      113 |     27 |   212 |    +1.5% | -310.101 |   -15969.5 |    173 | _tray_size4_2486/D0
     2009 |       5 |     296 |      113 |     27 |   212 |    +1.5% | -310.101 |   -15969.5 |    172 | _tray_size4_2486/D0
     2010 |       5 |     296 |      113 |     27 |   212 |    +1.5% | -310.101 |   -15969.5 |    172 | _tray_size4_2486/D0
     2010 |       5 |     296 |      113 |     27 |   212 |    +1.5% | -310.101 |   -15969.5 |    171 | _tray_size4_2486/D0
     2011 |       5 |     296 |      113 |     27 |   212 |    +1.5% | -310.101 |   -15969.5 |    171 | _tray_size4_2486/D0
     2012 |       5 |     296 |      113 |     27 |   212 |    +1.5% | -310.101 |   -15969.5 |    170 | _tray_size4_2486/D0
     2013 |       5 |     296 |      113 |     27 |   212 |    +1.5% | -310.101 |   -15969.5 |    169 | _tray_size4_2486/D0
     2014 |       5 |     296 |      113 |     27 |   212 |    +1.5% | -310.101 |   -15969.5 |    168 | _tray_size4_2486/D0
     2015 |       5 |     296 |      113 |     27 |   212 |    +1.5% | -310.101 |   -15969.5 |    167 | _tray_size4_2486/D0
     2016 |       5 |     296 |      113 |     27 |   212 |    +1.5% | -310.101 |   -15969.5 |    166 | _tray_size4_2486/D0
     2017 |       5 |     296 |      113 |     27 |   212 |    +1.5% | -310.101 |   -15969.5 |    165 | _tray_size4_2486/D0
     2018 |       5 |     296 |      113 |     27 |   212 |    +1.5% | -310.101 |   -15969.5 |    164 | _tray_size4_2486/D0
     2019 |       5 |     296 |      113 |     27 |   212 |    +1.5% | -310.101 |   -15969.5 |    163 | _tray_size4_2486/D0
     2020 |       5 |     296 |      113 |     27 |   212 |    +1.5% | -310.101 |   -15969.5 |    163 | _tray_size4_2486/D0
     2020 |       5 |     296 |      113 |     27 |   212 |    +1.5% | -310.101 |   -15969.5 |    162 | _tray_size4_2486/D0
     2021 |       5 |     296 |      113 |     27 |   212 |    +1.5% | -310.101 |   -15969.5 |    161 | _tray_size4_2486/D0
     2022 |       5 |     296 |      113 |     27 |   212 |    +1.5% | -310.101 |   -15969.5 |    160 | _tray_size4_2486/D0
     2023 |       5 |     296 |      113 |     27 |   212 |    +1.5% | -310.101 |   -15969.5 |    159 | _tray_size4_2486/D0
     2024 |       5 |     296 |      113 |     27 |   212 |    +1.5% | -310.101 |   -15969.5 |    158 | _tray_size4_2486/D0
     2025 |       5 |     296 |      113 |     27 |   212 |    +1.5% | -310.101 |   -15969.5 |    157 | _tray_size4_2486/D0
     2026 |       5 |     296 |      113 |     27 |   212 |    +1.5% | -310.101 |   -15969.5 |    156 | _tray_size4_2486/D0
     2027 |       5 |     296 |      113 |     27 |   212 |    +1.5% | -310.101 |   -15969.5 |    155 | _tray_size4_2486/D0
     2028 |       5 |     296 |      113 |     27 |   212 |    +1.5% | -310.101 |   -15969.5 |    154 | _tray_size4_2486/D0
     2029 |       5 |     296 |      113 |     27 |   212 |    +1.5% | -310.101 |   -15969.5 |    153 | _tray_size4_2486/D0
     2030 |       5 |     296 |      113 |     27 |   212 |    +1.5% | -310.101 |   -15969.5 |    153 | _tray_size4_2486/D0
     2030 |       5 |     296 |      113 |     27 |   212 |    +1.5% | -310.101 |   -15969.5 |    152 | _tray_size4_2486/D0
     2031 |       5 |     296 |      113 |     27 |   212 |    +1.5% | -310.101 |   -15969.5 |    151 | _tray_size4_2486/D0
     2032 |       5 |     296 |      113 |     27 |   212 |    +1.5% | -310.101 |   -15969.5 |    150 | _tray_size4_2486/D0
     2033 |       5 |     296 |      113 |     27 |   212 |    +1.5% | -310.101 |   -15969.5 |    149 | _tray_size4_2486/D0
     2034 |       5 |     296 |      113 |     27 |   212 |    +1.5% | -310.101 |   -15969.5 |    148 | _tray_size4_2486/D0
     2035 |       5 |     296 |      113 |     27 |   212 |    +1.5% | -310.101 |   -15969.5 |    147 | _tray_size4_2486/D0
     2036 |       5 |     296 |      113 |     27 |   212 |    +1.5% | -310.101 |   -15969.5 |    146 | _tray_size4_2486/D0
     2037 |       5 |     296 |      113 |     27 |   212 |    +1.5% | -310.101 |   -15969.5 |    145 | _tray_size4_2486/D0
     2038 |       5 |     296 |      113 |     27 |   212 |    +1.5% | -310.101 |   -15969.5 |    144 | _tray_size4_2486/D0
     2039 |       5 |     296 |      113 |     27 |   212 |    +1.5% | -310.101 |   -15969.5 |    143 | _tray_size4_2486/D0
     2040 |       5 |     296 |      113 |     27 |   212 |    +1.5% | -310.101 |   -15969.5 |    143 | _tray_size4_2486/D0
     2040 |       5 |     296 |      113 |     27 |   212 |    +1.5% | -310.101 |   -15969.5 |    142 | _tray_size4_2486/D0
     2041 |       5 |     296 |      113 |     27 |   212 |    +1.5% | -310.101 |   -15969.5 |    141 | _tray_size4_2486/D0
     2042 |       5 |     296 |      113 |     27 |   212 |    +1.5% | -310.101 |   -15969.5 |    140 | _tray_size4_2486/D0
     2043 |       5 |     296 |      113 |     27 |   212 |    +1.5% | -310.101 |   -15969.5 |    139 | _tray_size4_2486/D0
     2044 |       5 |     296 |      113 |     27 |   212 |    +1.5% | -310.101 |   -15969.5 |    138 | _tray_size4_2486/D0
     2045 |       5 |     296 |      113 |     27 |   212 |    +1.5% | -310.101 |   -15969.5 |    137 | _tray_size4_2486/D0
     2046 |       5 |     296 |      113 |     27 |   212 |    +1.5% | -310.101 |   -15969.5 |    136 | _tray_size4_2486/D0
     2047 |       5 |     296 |      113 |     27 |   212 |    +1.5% | -310.101 |   -15969.5 |    135 | _tray_size4_2486/D0
     2048 |       5 |     296 |      113 |     27 |   212 |    +1.5% | -310.101 |   -15969.5 |    134 | _tray_size4_2486/D0
     2049 |       5 |     296 |      113 |     27 |   212 |    +1.5% | -310.101 |   -15969.5 |    133 | _tray_size4_2486/D0
     2050 |       5 |     296 |      113 |     27 |   212 |    +1.5% | -310.101 |   -15969.5 |    133 | _tray_size4_2486/D0
     2050 |       5 |     296 |      113 |     27 |   212 |    +1.5% | -310.101 |   -15969.5 |    132 | _tray_size4_2486/D0
     2051 |       5 |     296 |      113 |     27 |   212 |    +1.5% | -310.101 |   -15969.5 |    131 | _tray_size4_2486/D0
     2052 |       5 |     296 |      113 |     27 |   212 |    +1.5% | -310.101 |   -15969.5 |    130 | _tray_size4_2486/D0
     2053 |       5 |     296 |      113 |     27 |   212 |    +1.5% | -310.101 |   -15969.5 |    129 | _tray_size4_2486/D0
     2054 |       5 |     296 |      113 |     27 |   212 |    +1.5% | -310.101 |   -15969.5 |    128 | _tray_size4_2486/D0
     2055 |       5 |     296 |      113 |     27 |   212 |    +1.5% | -310.101 |   -15969.5 |    127 | _tray_size4_2486/D0
     2056 |       5 |     296 |      113 |     27 |   212 |    +1.5% | -310.101 |   -15969.5 |    126 | _tray_size4_2486/D0
     2057 |       5 |     296 |      113 |     27 |   212 |    +1.5% | -310.101 |   -15969.5 |    125 | _tray_size4_2486/D0
     2058 |       5 |     296 |      113 |     27 |   212 |    +1.5% | -310.101 |   -15969.5 |    124 | _tray_size4_2486/D0
     2059 |       5 |     296 |      113 |     27 |   212 |    +1.5% | -310.101 |   -15969.5 |    123 | _tray_size4_2486/D0
     2060 |       5 |     296 |      113 |     27 |   212 |    +1.5% | -310.101 |   -15969.5 |    123 | _tray_size4_2486/D0
     2060 |       5 |     296 |      113 |     27 |   212 |    +1.5% | -310.101 |   -15969.5 |    122 | _tray_size4_2486/D0
     2061 |       5 |     296 |      113 |     27 |   212 |    +1.5% | -310.101 |   -15969.5 |    121 | _tray_size4_2486/D0
     2062 |       5 |     296 |      113 |     27 |   212 |    +1.5% | -310.101 |   -15969.5 |    120 | _tray_size4_2486/D0
     2063 |       5 |     296 |      113 |     27 |   212 |    +1.5% | -310.101 |   -15969.5 |    119 | _tray_size4_2486/D0
     2064 |       5 |     296 |      113 |     27 |   212 |    +1.5% | -310.101 |   -15969.5 |    118 | _tray_size4_2486/D0
     2065 |       5 |     296 |      113 |     27 |   212 |    +1.5% | -310.101 |   -15969.5 |    117 | _tray_size4_2486/D0
     2066 |       5 |     296 |      113 |     27 |   212 |    +1.5% | -310.101 |   -15969.5 |    116 | _tray_size4_2486/D0
     2067 |       5 |     296 |      113 |     27 |   212 |    +1.5% | -310.101 |   -15969.5 |    115 | _tray_size4_2486/D0
     2068 |       5 |     296 |      113 |     27 |   212 |    +1.5% | -310.101 |   -15969.5 |    114 | _tray_size4_2486/D0
     2069 |       5 |     296 |      113 |     27 |   212 |    +1.5% | -310.101 |   -15969.5 |    113 | _tray_size4_2486/D0
     2070 |       5 |     296 |      113 |     27 |   212 |    +1.5% | -310.101 |   -15969.5 |    113 | _tray_size4_2486/D0
     2070 |       5 |     296 |      113 |     27 |   212 |    +1.5% | -310.101 |   -15969.5 |    112 | _tray_size4_2486/D0
     2071 |       5 |     296 |      113 |     27 |   212 |    +1.5% | -310.101 |   -15969.5 |    111 | _tray_size4_2486/D0
     2072 |       5 |     296 |      113 |     27 |   212 |    +1.5% | -310.101 |   -15969.5 |    110 | _tray_size4_2486/D0
     2073 |       5 |     296 |      113 |     27 |   212 |    +1.5% | -310.101 |   -15969.5 |    109 | _tray_size4_2486/D0
     2074 |       5 |     296 |      113 |     27 |   212 |    +1.5% | -310.101 |   -15969.5 |    108 | _tray_size4_2486/D0
     2075 |       5 |     296 |      113 |     27 |   212 |    +1.5% | -310.101 |   -15969.5 |    107 | _tray_size4_2486/D0
     2076 |       5 |     296 |      113 |     27 |   212 |    +1.5% | -310.101 |   -15969.5 |    106 | _tray_size4_2486/D0
     2077 |       5 |     296 |      113 |     27 |   212 |    +1.5% | -310.101 |   -15969.5 |    105 | _tray_size4_2486/D0
     2079 |       5 |     297 |      113 |     27 |   212 |    +1.5% | -310.101 |   -15951.7 |    103 | _tray_size4_2486/D0
     2080 |       5 |     297 |      113 |     27 |   212 |    +1.5% | -310.101 |   -15951.7 |    103 | _tray_size4_2486/D0
     2080 |       5 |     297 |      113 |     27 |   212 |    +1.5% | -310.101 |   -15951.7 |    102 | _tray_size4_2486/D0
     2081 |       5 |     297 |      113 |     27 |   212 |    +1.5% | -310.101 |   -15951.7 |    101 | _tray_size4_2486/D0
     2082 |       5 |     297 |      113 |     27 |   212 |    +1.5% | -310.101 |   -15951.7 |    100 | _tray_size4_2486/D0
     2083 |       5 |     297 |      113 |     27 |   212 |    +1.5% | -310.101 |   -15951.7 |     99 | _tray_size4_2486/D0
     2090 |       5 |     297 |      113 |     27 |   218 |    +1.5% | -310.101 |   -15957.0 |     99 | _tray_size4_2486/D0
     2090 |       5 |     297 |      113 |     27 |   212 |    +1.5% | -310.101 |   -15951.7 |     99 | _tray_size4_2486/D0
     2091 |       5 |     297 |      113 |     27 |   212 |    +1.5% | -310.101 |   -15951.7 |     98 | _tray_size4_2486/D0
     2092 |       5 |     297 |      113 |     27 |   212 |    +1.5% | -310.101 |   -15951.7 |     97 | _tray_size4_2486/D0
     2093 |       5 |     297 |      113 |     27 |   212 |    +1.5% | -310.101 |   -15951.7 |     96 | _tray_size4_2486/D0
     2094 |       5 |     297 |      113 |     27 |   212 |    +1.5% | -310.101 |   -15951.7 |     95 | _tray_size4_2486/D0
     2095 |       5 |     297 |      113 |     27 |   212 |    +1.5% | -310.101 |   -15951.7 |     94 | _tray_size4_2486/D0
     2096 |       5 |     297 |      113 |     27 |   212 |    +1.5% | -310.101 |   -15951.7 |     93 | _tray_size4_2486/D0
     2097 |       5 |     297 |      113 |     27 |   212 |    +1.5% | -310.101 |   -15951.7 |     92 | _tray_size4_2486/D0
     2098 |       5 |     297 |      113 |     27 |   212 |    +1.5% | -310.101 |   -15951.7 |     91 | _tray_size4_2486/D0
     2099 |       5 |     297 |      113 |     27 |   212 |    +1.5% | -310.101 |   -15951.7 |     90 | _tray_size4_2486/D0
     2100 |       5 |     297 |      113 |     27 |   212 |    +1.5% | -310.101 |   -15951.7 |     90 | _tray_size4_2486/D0
     2100 |       5 |     297 |      113 |     27 |   212 |    +1.5% | -310.101 |   -15951.7 |     89 | _tray_size4_2486/D0
     2101 |       5 |     297 |      113 |     27 |   212 |    +1.5% | -310.101 |   -15951.7 |     88 | _tray_size4_2486/D0
    2102* |       5 |     297 |      113 |     27 |   212 |    +1.5% | -310.101 |   -15951.7 |    195 | _tray_size4_2486/D0
    2107* |       5 |     301 |      113 |     27 |   212 |    +1.5% | -310.101 |   -15948.8 |    195 | _tray_size4_2486/D0
    2108* |       5 |     301 |      113 |     27 |   212 |    +1.5% | -310.101 |   -15948.8 |    195 | _tray_size4_2486/D0
    2109* |       5 |     301 |      113 |     27 |   212 |    +1.5% | -310.101 |   -15948.8 |    195 | _tray_size4_2486/D0
    2110* |       5 |     301 |      113 |     27 |   212 |    +1.5% | -310.101 |   -15948.8 |    195 | _tray_size4_2486/D0
    2110* |       5 |     301 |      113 |     27 |   212 |    +1.5% | -310.101 |   -15948.8 |    195 | _tray_size4_2486/D0
    2111* |       5 |     301 |      113 |     27 |   212 |    +1.5% | -310.101 |   -15948.8 |    195 | _tray_size4_2486/D0
    2112* |       5 |     301 |      113 |     27 |   212 |    +1.5% | -310.101 |   -15948.8 |    195 | _tray_size4_2486/D0
    2114* |       5 |     301 |      113 |     27 |   213 |    +1.5% | -310.101 |   -15947.8 |    195 | _tray_size4_2486/D0
    2115* |       5 |     301 |      113 |     27 |   213 |    +1.5% | -310.101 |   -15947.8 |    195 | _tray_size4_2486/D0
    2116* |       5 |     301 |      113 |     27 |   213 |    +1.5% | -310.101 |   -15947.8 |    195 | _tray_size4_2486/D0
    2117* |       5 |     301 |      113 |     27 |   213 |    +1.5% | -310.101 |   -15947.8 |    195 | _tray_size4_2486/D0
    2118* |       5 |     301 |      113 |     27 |   213 |    +1.5% | -310.101 |   -15947.8 |    195 | _tray_size4_2486/D0
    2119* |       5 |     301 |      113 |     27 |   213 |    +1.5% | -310.101 |   -15947.8 |    195 | _tray_size4_2486/D0
    2120* |       5 |     301 |      113 |     27 |   213 |    +1.5% | -310.101 |   -15947.8 |    195 | _tray_size4_2486/D0
    2120* |       5 |     301 |      113 |     27 |   213 |    +1.5% | -310.101 |   -15947.8 |    195 | _tray_size4_2486/D0
    2121* |       5 |     301 |      113 |     27 |   213 |    +1.5% | -310.101 |   -15947.8 |    195 | _tray_size4_2486/D0
    2122* |       5 |     301 |      113 |     27 |   213 |    +1.5% | -310.101 |   -15947.8 |    195 | _tray_size4_2486/D0
    2123* |       5 |     301 |      113 |     27 |   213 |    +1.5% | -310.101 |   -15947.8 |    195 | _tray_size4_2486/D0
    2124* |       5 |     301 |      113 |     27 |   213 |    +1.5% | -310.101 |   -15947.8 |    195 | _tray_size4_2486/D0
    2125* |       5 |     301 |      113 |     27 |   213 |    +1.5% | -310.101 |   -15947.8 |    195 | _tray_size4_2486/D0
    2126* |       5 |     301 |      113 |     27 |   213 |    +1.5% | -310.101 |   -15947.8 |    195 | _tray_size4_2486/D0
    2127* |       5 |     301 |      113 |     27 |   213 |    +1.5% | -310.101 |   -15947.8 |    195 | _tray_size4_2486/D0
    2128* |       5 |     301 |      113 |     27 |   213 |    +1.5% | -310.101 |   -15947.8 |    195 | _tray_size4_2486/D0
    2129* |       5 |     301 |      113 |     27 |   213 |    +1.5% | -310.101 |   -15947.8 |    195 | _tray_size4_2486/D0
    2130* |       5 |     301 |      113 |     27 |   213 |    +1.5% | -310.101 |   -15947.8 |    195 | _tray_size4_2486/D0
    2130* |       5 |     301 |      113 |     27 |   213 |    +1.5% | -310.101 |   -15947.8 |    195 | _tray_size4_2486/D0
    2131* |       5 |     301 |      113 |     27 |   213 |    +1.5% | -310.101 |   -15947.8 |    195 | _tray_size4_2486/D0
    2132* |       5 |     301 |      113 |     27 |   213 |    +1.5% | -310.101 |   -15947.8 |    195 | _tray_size4_2486/D0
    2133* |       5 |     301 |      113 |     27 |   213 |    +1.5% | -310.101 |   -15947.8 |    195 | _tray_size4_2486/D0
    2134* |       5 |     301 |      113 |     27 |   213 |    +1.5% | -310.101 |   -15947.8 |    195 | _tray_size4_2486/D0
    2135* |       5 |     301 |      113 |     27 |   213 |    +1.5% | -310.101 |   -15947.8 |    195 | _tray_size4_2486/D0
    2136* |       5 |     301 |      113 |     27 |   213 |    +1.5% | -310.101 |   -15947.8 |    195 | _tray_size4_2486/D0
    2137* |       5 |     301 |      113 |     27 |   213 |    +1.5% | -310.101 |   -15947.8 |    195 | _tray_size4_2486/D0
    2138* |       5 |     301 |      113 |     27 |   213 |    +1.5% | -310.101 |   -15947.8 |    195 | _tray_size4_2486/D0
    2139* |       5 |     301 |      113 |     27 |   213 |    +1.5% | -310.101 |   -15947.8 |    195 | _tray_size4_2486/D0
    2140* |       5 |     301 |      113 |     27 |   213 |    +1.5% | -310.101 |   -15947.8 |    195 | _tray_size4_2486/D0
    2140* |       5 |     301 |      113 |     27 |   213 |    +1.5% | -310.101 |   -15947.8 |    195 | _tray_size4_2486/D0
    2141* |       5 |     301 |      113 |     27 |   213 |    +1.5% | -310.101 |   -15947.8 |    195 | _tray_size4_2486/D0
    2142* |       5 |     301 |      113 |     27 |   213 |    +1.5% | -310.101 |   -15947.8 |    195 | _tray_size4_2486/D0
    2143* |       5 |     301 |      113 |     27 |   213 |    +1.5% | -310.101 |   -15947.8 |    195 | _tray_size4_2486/D0
    2144* |       5 |     301 |      113 |     27 |   213 |    +1.5% | -310.101 |   -15947.8 |    195 | _tray_size4_2486/D0
    2145* |       5 |     301 |      113 |     27 |   213 |    +1.5% | -310.101 |   -15947.8 |    195 | _tray_size4_2486/D0
    2146* |       5 |     301 |      113 |     27 |   213 |    +1.5% | -310.101 |   -15947.8 |    195 | _tray_size4_2486/D0
    2147* |       5 |     301 |      113 |     27 |   213 |    +1.5% | -310.101 |   -15947.8 |    195 | _tray_size4_2486/D0
    2148* |       5 |     301 |      113 |     27 |   213 |    +1.5% | -310.101 |   -15947.8 |    195 | _tray_size4_2486/D0
    2149* |       5 |     301 |      113 |     27 |   213 |    +1.5% | -310.101 |   -15947.8 |    195 | _tray_size4_2486/D0
    2150* |       5 |     301 |      113 |     27 |   213 |    +1.5% | -310.101 |   -15947.8 |    195 | _tray_size4_2486/D0
    2150* |       5 |     301 |      113 |     27 |   213 |    +1.5% | -310.101 |   -15947.8 |    195 | _tray_size4_2486/D0
    2151* |       5 |     301 |      113 |     27 |   213 |    +1.5% | -310.101 |   -15947.8 |    195 | _tray_size4_2486/D0
    2152* |       5 |     301 |      113 |     27 |   213 |    +1.5% | -310.101 |   -15947.8 |    195 | _tray_size4_2486/D0
    2153* |       5 |     301 |      113 |     27 |   213 |    +1.5% | -310.101 |   -15947.8 |    195 | _tray_size4_2486/D0
    2154* |       5 |     301 |      113 |     27 |   213 |    +1.5% | -310.101 |   -15947.8 |    195 | _tray_size4_2486/D0
    2155* |       5 |     301 |      113 |     27 |   213 |    +1.5% | -310.101 |   -15947.8 |    195 | _tray_size4_2486/D0
    2156* |       5 |     301 |      113 |     27 |   213 |    +1.5% | -310.101 |   -15947.8 |    195 | _tray_size4_2486/D0
    2157* |       5 |     301 |      113 |     27 |   213 |    +1.5% | -310.101 |   -15947.8 |    195 | _tray_size4_2486/D0
    2158* |       5 |     301 |      113 |     27 |   213 |    +1.5% | -310.101 |   -15947.8 |    195 | _tray_size4_2486/D0
    2160* |       5 |     302 |      113 |     27 |   213 |    +1.5% | -310.101 |   -15945.4 |    195 | _tray_size4_2486/D0
    2165* |       5 |     306 |      113 |     27 |   214 |    +1.5% | -310.101 |   -15932.8 |    195 | _tray_size4_2486/D0
    2166* |       5 |     306 |      113 |     27 |   214 |    +1.5% | -310.101 |   -15932.8 |    195 | _tray_size4_2486/D0
    2167* |       5 |     306 |      113 |     27 |   214 |    +1.5% | -310.101 |   -15932.8 |    195 | _tray_size4_2486/D0
    2169* |       5 |     307 |      113 |     27 |   214 |    +1.5% | -310.101 |   -15929.3 |    195 | _tray_size4_2486/D0
    2170* |       5 |     307 |      113 |     27 |   214 |    +1.5% | -310.101 |   -15929.3 |    195 | _tray_size4_2486/D0
    2172* |       5 |     309 |      113 |     27 |   214 |    +1.5% | -310.101 |   -15924.3 |    195 | _tray_size4_2486/D0
    2173* |       5 |     309 |      113 |     27 |   214 |    +1.5% | -310.101 |   -15924.3 |    195 | _tray_size4_2486/D0
    2174* |       5 |     309 |      113 |     27 |   214 |    +1.5% | -310.101 |   -15924.3 |    195 | _tray_size4_2486/D0
    2180* |       5 |     312 |      113 |     27 |   216 |    +1.5% | -310.101 |   -15915.7 |    195 | _tray_size4_2486/D0
    2181* |       5 |     313 |      113 |     27 |   216 |    +1.5% | -310.101 |   -15915.5 |    195 | _tray_size4_2486/D0
    2182* |       5 |     313 |      113 |     27 |   216 |    +1.5% | -310.101 |   -15915.5 |    195 | _tray_size4_2486/D0
    2185* |       5 |     315 |      113 |     27 |   216 |    +1.6% | -310.101 |   -15914.3 |    195 | _tray_size4_2486/D0
    2186* |       5 |     315 |      113 |     27 |   216 |    +1.6% | -310.101 |   -15914.3 |    195 | _tray_size4_2486/D0
    2187* |       5 |     315 |      113 |     27 |   216 |    +1.6% | -310.101 |   -15914.3 |    195 | _tray_size4_2486/D0
    2190* |       5 |     317 |      113 |     27 |   216 |    +1.6% | -310.101 |   -15913.6 |    195 | _tray_size4_2486/D0
    2190* |       5 |     317 |      113 |     27 |   216 |    +1.6% | -310.101 |   -15913.6 |    195 | _tray_size4_2486/D0
    2198* |       5 |     323 |      113 |     27 |   217 |    +1.6% | -310.101 |   -15909.3 |    195 | _tray_size4_2486/D0
    2199* |       5 |     323 |      113 |     27 |   217 |    +1.6% | -310.101 |   -15909.3 |    195 | _tray_size4_2486/D0
    2200* |       5 |     323 |      113 |     27 |   217 |    +1.6% | -310.101 |   -15909.3 |    195 | _tray_size4_2486/D0
    2201* |       5 |     323 |      113 |     27 |   217 |    +1.6% | -310.101 |   -15909.3 |    195 | _tray_size4_2486/D0
    2202* |       5 |     323 |      113 |     27 |   217 |    +1.6% | -310.101 |   -15909.3 |    195 | _tray_size4_2486/D0
    2203* |       5 |     323 |      113 |     27 |   217 |    +1.6% | -310.101 |   -15909.3 |    195 | _tray_size4_2486/D0
    2204* |       5 |     323 |      113 |     27 |   217 |    +1.6% | -310.101 |   -15909.3 |    195 | _tray_size4_2486/D0
    2205* |       5 |     323 |      113 |     27 |   217 |    +1.6% | -310.101 |   -15909.3 |    195 | _tray_size4_2486/D0
    2206* |       5 |     323 |      113 |     27 |   217 |    +1.6% | -310.101 |   -15909.3 |    195 | _tray_size4_2486/D0
    2207* |       5 |     323 |      113 |     27 |   217 |    +1.6% | -310.101 |   -15909.3 |    195 | _tray_size4_2486/D0
    2208* |       5 |     323 |      113 |     27 |   217 |    +1.6% | -310.101 |   -15909.3 |    195 | _tray_size4_2486/D0
    2209* |       5 |     323 |      113 |     27 |   217 |    +1.6% | -310.101 |   -15909.3 |    195 | _tray_size4_2486/D0
    2210* |       5 |     323 |      113 |     27 |   217 |    +1.6% | -310.101 |   -15909.3 |    195 | _tray_size4_2486/D0
    2210* |       5 |     323 |      113 |     27 |   217 |    +1.6% | -310.101 |   -15909.3 |    195 | _tray_size4_2486/D0
    2211* |       5 |     323 |      113 |     27 |   217 |    +1.6% | -310.101 |   -15909.3 |    195 | _tray_size4_2486/D0
    2212* |       5 |     323 |      113 |     27 |   217 |    +1.6% | -310.101 |   -15909.3 |    195 | _tray_size4_2486/D0
    2213* |       5 |     323 |      113 |     27 |   217 |    +1.6% | -310.101 |   -15909.3 |    195 | _tray_size4_2486/D0
    2214* |       5 |     323 |      113 |     27 |   217 |    +1.6% | -310.101 |   -15909.3 |    195 | _tray_size4_2486/D0
    2215* |       5 |     323 |      113 |     27 |   217 |    +1.6% | -310.101 |   -15909.3 |    195 | _tray_size4_2486/D0
    2216* |       5 |     323 |      113 |     27 |   217 |    +1.6% | -310.101 |   -15909.3 |    195 | _tray_size4_2486/D0
    2217* |       5 |     323 |      113 |     27 |   217 |    +1.6% | -310.101 |   -15909.3 |    195 | _tray_size4_2486/D0
    2218* |       5 |     323 |      113 |     27 |   217 |    +1.6% | -310.101 |   -15909.3 |    195 | _tray_size4_2486/D0
    2219* |       5 |     323 |      113 |     27 |   217 |    +1.6% | -310.101 |   -15909.3 |    195 | _tray_size4_2486/D0
    2220* |       5 |     323 |      113 |     27 |   217 |    +1.6% | -310.101 |   -15909.3 |    195 | _tray_size4_2486/D0
    2220* |       5 |     323 |      113 |     27 |   217 |    +1.6% | -310.101 |   -15909.3 |    195 | _tray_size4_2486/D0
    2221* |       5 |     323 |      113 |     27 |   217 |    +1.6% | -310.101 |   -15909.3 |    195 | _tray_size4_2486/D0
    2222* |       5 |     323 |      113 |     27 |   217 |    +1.6% | -310.101 |   -15909.3 |    195 | _tray_size4_2486/D0
    2223* |       5 |     323 |      113 |     27 |   217 |    +1.6% | -310.101 |   -15909.3 |    195 | _tray_size4_2486/D0
    2224* |       5 |     323 |      113 |     27 |   217 |    +1.6% | -310.101 |   -15909.3 |    195 | _tray_size4_2486/D0
    2225* |       5 |     323 |      113 |     27 |   217 |    +1.6% | -310.101 |   -15909.3 |    195 | _tray_size4_2486/D0
    2226* |       5 |     323 |      113 |     27 |   217 |    +1.6% | -310.101 |   -15909.3 |    195 | _tray_size4_2486/D0
    2227* |       5 |     323 |      113 |     27 |   217 |    +1.6% | -310.101 |   -15909.3 |    195 | _tray_size4_2486/D0
    2228* |       5 |     323 |      113 |     27 |   217 |    +1.6% | -310.101 |   -15909.3 |    195 | _tray_size4_2486/D0
    2229* |       5 |     323 |      113 |     27 |   217 |    +1.6% | -310.101 |   -15909.3 |    195 | _tray_size4_2486/D0
    2230* |       5 |     323 |      113 |     27 |   217 |    +1.6% | -310.101 |   -15909.3 |    195 | _tray_size4_2486/D0
    2230* |       5 |     323 |      113 |     27 |   217 |    +1.6% | -310.101 |   -15909.3 |    195 | _tray_size4_2486/D0
    2231* |       5 |     323 |      113 |     27 |   217 |    +1.6% | -310.101 |   -15909.3 |    195 | _tray_size4_2486/D0
    2232* |       5 |     323 |      113 |     27 |   217 |    +1.6% | -310.101 |   -15909.3 |    195 | _tray_size4_2486/D0
    2233* |       5 |     323 |      113 |     27 |   217 |    +1.6% | -310.101 |   -15909.3 |    195 | _tray_size4_2486/D0
    2234* |       5 |     323 |      113 |     27 |   217 |    +1.6% | -310.101 |   -15909.3 |    195 | _tray_size4_2486/D0
    2235* |       5 |     323 |      113 |     27 |   217 |    +1.6% | -310.101 |   -15909.3 |    195 | _tray_size4_2486/D0
    2236* |       5 |     323 |      113 |     27 |   217 |    +1.6% | -310.101 |   -15909.3 |    195 | _tray_size4_2486/D0
    2237* |       5 |     323 |      113 |     27 |   217 |    +1.6% | -310.101 |   -15909.3 |    195 | _tray_size4_2486/D0
    2238* |       5 |     323 |      113 |     27 |   217 |    +1.6% | -310.101 |   -15909.3 |    195 | _tray_size4_2486/D0
    2239* |       5 |     323 |      113 |     27 |   217 |    +1.6% | -310.101 |   -15909.3 |    195 | _tray_size4_2486/D0
    2240* |       5 |     323 |      113 |     27 |   217 |    +1.6% | -310.101 |   -15909.3 |    195 | _tray_size4_2486/D0
    2240* |       5 |     323 |      113 |     27 |   217 |    +1.6% | -310.101 |   -15909.3 |    195 | _tray_size4_2486/D0
    2241* |       5 |     323 |      113 |     27 |   217 |    +1.6% | -310.101 |   -15909.3 |    195 | _tray_size4_2486/D0
    2242* |       5 |     323 |      113 |     27 |   217 |    +1.6% | -310.101 |   -15909.3 |    195 | _tray_size4_2486/D0
    2243* |       5 |     323 |      113 |     27 |   217 |    +1.6% | -310.101 |   -15909.3 |    195 | _tray_size4_2486/D0
    2244* |       5 |     323 |      113 |     27 |   217 |    +1.6% | -310.101 |   -15909.3 |    195 | _tray_size4_2486/D0
    2245* |       5 |     323 |      113 |     27 |   217 |    +1.6% | -310.101 |   -15909.3 |    195 | _tray_size4_2486/D0
    2246* |       5 |     323 |      113 |     27 |   217 |    +1.6% | -310.101 |   -15909.3 |    195 | _tray_size4_2486/D0
    2247* |       5 |     323 |      113 |     27 |   217 |    +1.6% | -310.101 |   -15909.3 |    195 | _tray_size4_2486/D0
    2248* |       5 |     323 |      113 |     27 |   217 |    +1.6% | -310.101 |   -15909.3 |    195 | _tray_size4_2486/D0
    2249* |       5 |     323 |      113 |     27 |   217 |    +1.6% | -310.101 |   -15909.3 |    195 | _tray_size4_2486/D0
    2250* |       5 |     323 |      113 |     27 |   217 |    +1.6% | -310.101 |   -15909.3 |    195 | _tray_size4_2486/D0
    2250* |       5 |     323 |      113 |     27 |   217 |    +1.6% | -310.101 |   -15909.3 |    195 | _tray_size4_2486/D0
    2251* |       5 |     323 |      113 |     27 |   217 |    +1.6% | -310.101 |   -15909.3 |    195 | _tray_size4_2486/D0
    2252* |       5 |     323 |      113 |     27 |   217 |    +1.6% | -310.101 |   -15909.3 |    195 | _tray_size4_2486/D0
    2253* |       5 |     323 |      113 |     27 |   217 |    +1.6% | -310.101 |   -15909.3 |    195 | _tray_size4_2486/D0
    2254* |       5 |     323 |      113 |     27 |   217 |    +1.6% | -310.101 |   -15909.3 |    195 | _tray_size4_2486/D0
    2255* |       5 |     323 |      113 |     27 |   217 |    +1.6% | -310.101 |   -15909.3 |    195 | _tray_size4_2486/D0
    2256* |       5 |     323 |      113 |     27 |   217 |    +1.6% | -310.101 |   -15909.3 |    195 | _tray_size4_2486/D0
    2257* |       5 |     323 |      113 |     27 |   217 |    +1.6% | -310.101 |   -15909.3 |    195 | _tray_size4_2486/D0
    2258* |       5 |     323 |      113 |     27 |   217 |    +1.6% | -310.101 |   -15909.3 |    195 | _tray_size4_2486/D0
    2259* |       5 |     323 |      113 |     27 |   217 |    +1.6% | -310.101 |   -15909.3 |    195 | _tray_size4_2486/D0
    2260* |       5 |     323 |      113 |     27 |   217 |    +1.6% | -310.101 |   -15909.3 |    195 | _tray_size4_2486/D0
    2260* |       5 |     323 |      113 |     27 |   217 |    +1.6% | -310.101 |   -15909.3 |    195 | _tray_size4_2486/D0
    2261* |       5 |     323 |      113 |     27 |   217 |    +1.6% | -310.101 |   -15909.3 |    195 | _tray_size4_2486/D0
    2262* |       5 |     323 |      113 |     27 |   217 |    +1.6% | -310.101 |   -15909.3 |    195 | _tray_size4_2486/D0
    2263* |       5 |     323 |      113 |     27 |   217 |    +1.6% | -310.101 |   -15909.3 |    195 | _tray_size4_2486/D0
    2264* |       5 |     323 |      113 |     27 |   217 |    +1.6% | -310.101 |   -15909.3 |    195 | _tray_size4_2486/D0
    2265* |       5 |     323 |      113 |     27 |   217 |    +1.6% | -310.101 |   -15909.3 |    195 | _tray_size4_2486/D0
    2266* |       5 |     323 |      113 |     27 |   217 |    +1.6% | -310.101 |   -15909.3 |    195 | _tray_size4_2486/D0
    2267* |       5 |     323 |      113 |     27 |   217 |    +1.6% | -310.101 |   -15909.3 |    195 | _tray_size4_2486/D0
    2268* |       5 |     323 |      113 |     27 |   217 |    +1.6% | -310.101 |   -15909.3 |    195 | _tray_size4_2486/D0
    2269* |       5 |     323 |      113 |     27 |   217 |    +1.6% | -310.101 |   -15909.3 |    195 | _tray_size4_2486/D0
    2270* |       5 |     323 |      113 |     27 |   217 |    +1.6% | -310.101 |   -15909.3 |    195 | _tray_size4_2486/D0
    2270* |       5 |     323 |      113 |     27 |   217 |    +1.6% | -310.101 |   -15909.3 |    195 | _tray_size4_2486/D0
    2271* |       5 |     323 |      113 |     27 |   217 |    +1.6% | -310.101 |   -15909.3 |    195 | _tray_size4_2486/D0
    2272* |       5 |     323 |      113 |     27 |   217 |    +1.6% | -310.101 |   -15909.3 |    195 | _tray_size4_2486/D0
    2273* |       5 |     323 |      113 |     27 |   217 |    +1.6% | -310.101 |   -15909.3 |    195 | _tray_size4_2486/D0
    2274* |       5 |     323 |      113 |     27 |   217 |    +1.6% | -310.101 |   -15909.3 |    195 | _tray_size4_2486/D0
    2275* |       5 |     323 |      113 |     27 |   217 |    +1.6% | -310.101 |   -15909.3 |    195 | _tray_size4_2486/D0
    2276* |       5 |     323 |      113 |     27 |   217 |    +1.6% | -310.101 |   -15909.3 |    195 | _tray_size4_2486/D0
    2277* |       5 |     323 |      113 |     27 |   217 |    +1.6% | -310.101 |   -15909.3 |    195 | _tray_size4_2486/D0
    2278* |       5 |     323 |      113 |     27 |   217 |    +1.6% | -310.101 |   -15909.3 |    195 | _tray_size4_2486/D0
    2279* |       5 |     323 |      113 |     27 |   217 |    +1.6% | -310.101 |   -15909.3 |    195 | _tray_size4_2486/D0
    2280* |       5 |     323 |      113 |     27 |   217 |    +1.6% | -310.101 |   -15909.3 |    195 | _tray_size4_2486/D0
    2280* |       5 |     323 |      113 |     27 |   217 |    +1.6% | -310.101 |   -15909.3 |    195 | _tray_size4_2486/D0
    2281* |       5 |     323 |      113 |     27 |   217 |    +1.6% | -310.101 |   -15909.3 |    195 | _tray_size4_2486/D0
    2282* |       5 |     323 |      113 |     27 |   217 |    +1.6% | -310.101 |   -15909.3 |    195 | _tray_size4_2486/D0
    2283* |       5 |     323 |      113 |     27 |   217 |    +1.6% | -310.101 |   -15909.3 |    195 | _tray_size4_2486/D0
    2284* |       5 |     323 |      113 |     27 |   217 |    +1.6% | -310.101 |   -15909.3 |    195 | _tray_size4_2486/D0
    2285* |       5 |     323 |      113 |     27 |   217 |    +1.6% | -310.101 |   -15909.3 |    195 | _tray_size4_2486/D0
    2286* |       5 |     323 |      113 |     27 |   217 |    +1.6% | -310.101 |   -15909.3 |    195 | _tray_size4_2486/D0
    2287* |       5 |     323 |      113 |     27 |   217 |    +1.6% | -310.101 |   -15909.3 |    195 | _tray_size4_2486/D0
    2288* |       5 |     323 |      113 |     27 |   217 |    +1.6% | -310.101 |   -15909.3 |    195 | _tray_size4_2486/D0
    2289* |       5 |     323 |      113 |     27 |   217 |    +1.6% | -310.101 |   -15909.3 |    195 | _tray_size4_2486/D0
    2290* |       5 |     323 |      113 |     27 |   217 |    +1.6% | -310.101 |   -15909.3 |    195 | _tray_size4_2486/D0
    2290* |       5 |     323 |      113 |     27 |   217 |    +1.6% | -310.101 |   -15909.3 |    195 | _tray_size4_2486/D0
    2291* |       5 |     323 |      113 |     27 |   217 |    +1.6% | -310.101 |   -15909.3 |    195 | _tray_size4_2486/D0
    2292* |       5 |     323 |      113 |     27 |   217 |    +1.6% | -310.101 |   -15909.3 |    195 | _tray_size4_2486/D0
    2293* |       5 |     323 |      113 |     27 |   217 |    +1.6% | -310.101 |   -15909.3 |    195 | _tray_size4_2486/D0
    2294* |       5 |     323 |      113 |     27 |   217 |    +1.6% | -310.101 |   -15909.3 |    195 | _tray_size4_2486/D0
    2295* |       5 |     323 |      113 |     27 |   217 |    +1.6% | -310.101 |   -15909.3 |    195 | _tray_size4_2486/D0
    2296* |       5 |     323 |      113 |     27 |   217 |    +1.6% | -310.101 |   -15909.3 |    195 | _tray_size4_2486/D0
    2297* |       5 |     323 |      113 |     27 |   217 |    +1.6% | -310.101 |   -15909.3 |    195 | _tray_size4_2486/D0
    2298* |       5 |     323 |      113 |     27 |   217 |    +1.6% | -310.101 |   -15909.3 |    195 | _tray_size4_2486/D0
    2299* |       5 |     323 |      113 |     27 |   217 |    +1.6% | -310.101 |   -15909.3 |    195 | _tray_size4_2486/D0
    2300* |       5 |     323 |      113 |     27 |   217 |    +1.6% | -310.101 |   -15909.3 |    195 | _tray_size4_2486/D0
    final |       5 |     323 |      113 |     27 |   217 |    +1.6% | -310.101 |   -15909.3 |    195 | _tray_size4_2486/D0
--------------------------------------------------------------------------------------------------------------
[INFO RSZ-0059] Removed 5 buffers.
[INFO RSZ-0045] Inserted 113 buffers, 2 to split loads.
[INFO RSZ-0051] Resized 323 instances: 323 up, 0 up match, 0 down, 0 VT
[INFO RSZ-0043] Swapped pins on 217 instances.
[INFO RSZ-0049] Cloned 27 instances.
[WARNING RSZ-0062] Unable to repair all setup violations.
[INFO RSZ-0033] No hold violations found.
Took 24 seconds: repair_timing -setup_margin 0 -hold_margin 0 -repair_tns 100 -verbose
[INFO DPL-0005] Max displacement: +/- 500 sites horizontally, +/- 100 rows vertically.
Movements Summary
---------------------------------------
Total cells:                   11681
Diamond Move Success:          11681 (100.00%)
Diamond Move Failure:              0
Rip-up and replace Success:        0 (  0.00% of diamond failures)
Rip-up and replace Failure:        0
Total Placement Failures:          0
---------------------------------------
Placement Analysis
---------------------------------
total displacement        290.2 u
average displacement        0.0 u
max displacement            1.9 u
original HPWL           40020.5 u
legalized HPWL          40241.3 u
delta HPWL                    1 %

Report metrics stage 4, cts final...

==========================================================================
cts final report_design_area
--------------------------------------------------------------------------
Design area 1597 um^2 56% utilization.
write_db ./results/asap7/mock-alu/baseline_alpha_16-beta_0.1/4_1_cts.odb
write_sdc -no_timestamp ./results/asap7/mock-alu/baseline_alpha_16-beta_0.1/4_cts.sdc
Elapsed time: 0:28.45[h:]min:sec. CPU time: user 91.81 sys 43.59 (475%). Peak memory: 295184KB.
Log                        Elapsed/s Peak Memory/MB  sha1sum .odb [0:20)
4_1_cts                           28            288 72b7bd329f21a11b6d16
