OpenROAD fe1aa0f9d0254fac87b82c886c04ee1544e46885 
Features included (+) or not (-): +GPU +GUI +Python
This program is licensed under the BSD-3 license. See the LICENSE file for details.
Components of this program may be licensed under more restrictive licenses which must be honored.
[INFO ORD-0030] Using 32 thread(s).
source /home/lucast/workspace/OR-flow-TCC/flow/platforms/asap7/liberty_suppressions.tcl
read_liberty /home/lucast/workspace/OR-flow-TCC/flow/platforms/asap7/lib/NLDM/asap7sc7p5t_AO_RVT_FF_nldm_211120.lib.gz
read_liberty /home/lucast/workspace/OR-flow-TCC/flow/platforms/asap7/lib/NLDM/asap7sc7p5t_INVBUF_RVT_FF_nldm_220122.lib.gz
read_liberty /home/lucast/workspace/OR-flow-TCC/flow/platforms/asap7/lib/NLDM/asap7sc7p5t_OA_RVT_FF_nldm_211120.lib.gz
read_liberty /home/lucast/workspace/OR-flow-TCC/flow/platforms/asap7/lib/NLDM/asap7sc7p5t_SIMPLE_RVT_FF_nldm_211120.lib.gz
read_liberty /home/lucast/workspace/OR-flow-TCC/flow/platforms/asap7/lib/NLDM/asap7sc7p5t_SEQ_RVT_FF_nldm_220123.lib
read_liberty /home/lucast/workspace/OR-flow-TCC/flow/platforms/asap7/lib/NLDM/asap7sc7p5t_DFFHQNH2V2X_RVT_TT_nldm_FAKE.lib
read_liberty /home/lucast/workspace/OR-flow-TCC/flow/platforms/asap7/lib/NLDM/asap7sc7p5t_DFFHQNV2X_RVT_TT_nldm_FAKE.lib
read_db -hier ./results/asap7/mock-alu/baseline_alpha_16-beta_0.1/4_cts.odb
[WARNING ORD-0012] Hierarchical flow (-hier) is currently in development and may cause multiple issues. Do not use in production environments.
source /home/lucast/workspace/OR-flow-TCC/flow/platforms/asap7/setRC.tcl
pin_access
[INFO DRT-0149] Reading tech and libs.

Units:                1000
Number of layers:     21
Number of macros:     230
Number of vias:       14
Number of viarulegen: 11

[INFO DRT-0150] Reading design.

Design:                   MockAlu
Die area:                 ( 0 0 ) ( 57354 57354 )
Number of track patterns: 32
Number of DEF vias:       0
Number of components:     12274
Number of terminals:      202
Number of snets:          2
Number of nets:           14118

[INFO DRT-0167] List of default vias:
  Layer V2
    default via: VIA23
  Layer V3
    default via: VIA34
  Layer V4
    default via: VIA45
  Layer V5
    default via: VIA56
  Layer V6
    default via: VIA67
  Layer V7
    default via: VIA78
  Layer V8
    default via: VIA89
  Layer V9
    default via: VIA9Pad
[INFO DRT-0162] Library cell analysis.
[INFO DRT-0163] Instance analysis.
[INFO DRT-0164] Number of unique instances = 219.
[INFO DRT-0168] Init region query.
[INFO DRT-0024]   Complete Active.
[INFO DRT-0024]   Complete V0.
[INFO DRT-0024]   Complete M1.
[INFO DRT-0024]   Complete V1.
[INFO DRT-0024]   Complete M2.
[INFO DRT-0024]   Complete V2.
[INFO DRT-0024]   Complete M3.
[INFO DRT-0024]   Complete V3.
[INFO DRT-0024]   Complete M4.
[INFO DRT-0024]   Complete V4.
[INFO DRT-0024]   Complete M5.
[INFO DRT-0024]   Complete V5.
[INFO DRT-0024]   Complete M6.
[INFO DRT-0024]   Complete V6.
[INFO DRT-0024]   Complete M7.
[INFO DRT-0024]   Complete V7.
[INFO DRT-0024]   Complete M8.
[INFO DRT-0024]   Complete V8.
[INFO DRT-0024]   Complete M9.
[INFO DRT-0024]   Complete V9.
[INFO DRT-0024]   Complete Pad.
[INFO DRT-0033] Active shape region query size = 0.
[INFO DRT-0033] V0 shape region query size = 0.
[INFO DRT-0033] M1 shape region query size = 240131.
[INFO DRT-0033] V1 shape region query size = 322302.
[INFO DRT-0033] M2 shape region query size = 13447.
[INFO DRT-0033] V2 shape region query size = 6640.
[INFO DRT-0033] M3 shape region query size = 6290.
[INFO DRT-0033] V3 shape region query size = 3960.
[INFO DRT-0033] M4 shape region query size = 4088.
[INFO DRT-0033] V4 shape region query size = 3960.
[INFO DRT-0033] M5 shape region query size = 2272.
[INFO DRT-0033] V5 shape region query size = 400.
[INFO DRT-0033] M6 shape region query size = 240.
[INFO DRT-0033] V6 shape region query size = 0.
[INFO DRT-0033] M7 shape region query size = 0.
[INFO DRT-0033] V7 shape region query size = 0.
[INFO DRT-0033] M8 shape region query size = 0.
[INFO DRT-0033] V8 shape region query size = 0.
[INFO DRT-0033] M9 shape region query size = 0.
[INFO DRT-0033] V9 shape region query size = 0.
[INFO DRT-0033] Pad shape region query size = 0.
[INFO DRT-0165] Start pin access.
[INFO DRT-0076]   Complete 1000 pins.
[INFO DRT-0078]   Complete 1274 pins.
[INFO DRT-0079]   Complete 100 unique inst patterns.
[INFO DRT-0079]   Complete 200 unique inst patterns.
[INFO DRT-0081]   Complete 219 unique inst patterns.
[INFO DRT-0084]   Complete 5941 groups.
#scanned instances     = 12274
#unique  instances     = 219
#stdCellGenAp          = 7399
#stdCellValidPlanarAp  = 77
#stdCellValidViaAp     = 5691
#stdCellPinNoAp        = 0
#stdCellPinCnt         = 38641
#instTermValidViaApCnt = 0
#macroGenAp            = 0
#macroValidPlanarAp    = 0
#macroValidViaAp       = 0
#macroNoAp             = 0
[INFO DRT-0166] Complete pin access.
[INFO DRT-0267] cpu time = 00:11:31, elapsed time = 00:00:25, memory = 291.10 (MB), peak = 286.00 (MB)
Took 26 seconds: pin_access
global_route -congestion_report_file ./reports/asap7/mock-alu/baseline_alpha_16-beta_0.1/congestion.rpt -congestion_iterations 30 -congestion_report_iter_step 5 -verbose
[INFO GRT-0020] Min routing layer: M2
[INFO GRT-0021] Max routing layer: M7
[INFO GRT-0022] Global adjustment: 0%
[INFO GRT-0023] Grid origin: (0, 0)
[INFO GRT-0088] Layer M1      Track-Pitch = 0.0360  line-2-Via Pitch: 0.0360
[INFO GRT-0088] Layer M2      Track-Pitch = 0.0390  line-2-Via Pitch: 0.0360
[INFO GRT-0088] Layer M3      Track-Pitch = 0.0360  line-2-Via Pitch: 0.0360
[INFO GRT-0088] Layer M4      Track-Pitch = 0.0480  line-2-Via Pitch: 0.0480
[INFO GRT-0088] Layer M5      Track-Pitch = 0.0480  line-2-Via Pitch: 0.0480
[INFO GRT-0088] Layer M6      Track-Pitch = 0.0640  line-2-Via Pitch: 0.0640
[INFO GRT-0088] Layer M7      Track-Pitch = 0.0640  line-2-Via Pitch: 0.0640
[INFO GRT-0003] Macros: 0
[INFO GRT-0004] Blockages: 4239
[INFO GRT-0019] Found 28 clock nets.
[INFO GRT-0001] Minimum degree: 2
[INFO GRT-0002] Maximum degree: 73

[INFO GRT-0053] Routing resources analysis:
          Routing      Original      Derated      Resource
Layer     Direction    Resources     Resources    Reduction (%)
---------------------------------------------------------------
M1         Vertical            0             0          0.00%
M2         Horizontal     114772         82494          28.12%
M3         Vertical       151537        112484          25.77%
M4         Horizontal     116225         86339          25.71%
M5         Vertical       112477         83511          25.75%
M6         Horizontal      78928         53592          32.10%
M7         Vertical        88704         59796          32.59%
---------------------------------------------------------------

[INFO GRT-0197] Via related to pin nodes: 72460
[INFO GRT-0198] Via related Steiner nodes: 1839
[INFO GRT-0199] Via filling finished.
[INFO GRT-0111] Final number of vias: 95872
[INFO GRT-0112] Final usage 3D: 372415

[INFO GRT-0096] Final congestion report:
Layer         Resource        Demand        Usage (%)    Max H / Max V / Total Overflow
---------------------------------------------------------------------------------------
M1                   0             0            0.00%             0 /  0 /  0
M2               82494         28494           34.54%             0 /  0 /  0
M3              112484         39326           34.96%             0 /  0 /  0
M4               86339         10877           12.60%             0 /  0 /  0
M5               83511          6032            7.22%             0 /  0 /  0
M6               53592            39            0.07%             0 /  0 /  0
M7               59796            31            0.05%             0 /  0 /  0
---------------------------------------------------------------------------------------
Total           478216         84799           17.73%             0 /  0 /  0

[INFO GRT-0018] Total wirelength: 66990 um
[INFO GRT-0014] Routed nets: 14021
[INFO GRT-0303] Global routing runtime = 00:00:00
estimate_parasitics -global_routing
Perform buffer insertion and gate resizing...
repair_design -verbose
Iteration |   Area    | Resized | Buffers | Nets repaired | Remaining
---------------------------------------------------------------------
        0 |     +0.0% |       0 |       0 |             0 |     14141
[WARNING RSZ-0104] Net multResult_mult.con$7727 only has one pin. Check if it is intended to be dangling.
[WARNING RSZ-0104] Net multResult_mult.con$7120 only has one pin. Check if it is intended to be dangling.
[WARNING RSZ-0104] Net multResult_mult.con$6259 only has one pin. Check if it is intended to be dangling.
     1000 |     +0.0% |       0 |       0 |             0 |     13141
[WARNING RSZ-0104] Net multResult_mult.con$6254 only has one pin. Check if it is intended to be dangling.
[WARNING RSZ-0104] Net multResult_mult.con$4955 only has one pin. Check if it is intended to be dangling.
     2000 |     +0.0% |       0 |       0 |             0 |     12141
[WARNING RSZ-0104] Net multResult_mult.con$4960 only has one pin. Check if it is intended to be dangling.
[WARNING RSZ-0104] Net multResult_mult.con$4950 only has one pin. Check if it is intended to be dangling.
[WARNING RSZ-0104] Net _1388_ only has one pin. Check if it is intended to be dangling.
[WARNING RSZ-0104] Net _1384_ only has one pin. Check if it is intended to be dangling.
     3000 |     +0.0% |       0 |       0 |             0 |     11141
[WARNING RSZ-0104] Net multResult_mult.con$3418 only has one pin. Check if it is intended to be dangling.
[WARNING RSZ-0104] Net multResult_mult.con$3413 only has one pin. Check if it is intended to be dangling.
[WARNING RSZ-0104] Net multResult_mult.con$3408 only has one pin. Check if it is intended to be dangling.
     4000 |     +0.0% |       0 |       0 |             0 |     10141
[WARNING RSZ-0104] Net multResult_mult.con$1795 only has one pin. Check if it is intended to be dangling.
     5000 |     +0.0% |       0 |       0 |             0 |      9141
[WARNING RSZ-0104] Net multResult_mult.con$3403 only has one pin. Check if it is intended to be dangling.
     6000 |     +0.0% |       0 |       0 |             0 |      8141
[WARNING RSZ-0104] Net multResult_mult.con$1785 only has one pin. Check if it is intended to be dangling.
[WARNING RSZ-0104] Net multResult_mult.con$1780 only has one pin. Check if it is intended to be dangling.
[WARNING RSZ-0104] Net _1392_ only has one pin. Check if it is intended to be dangling.
     7000 |     +0.0% |       0 |       0 |             0 |      7141
[WARNING RSZ-0104] Net multResult_mult.con$542 only has one pin. Check if it is intended to be dangling.
[WARNING RSZ-0104] Net _1404_ only has one pin. Check if it is intended to be dangling.
[WARNING RSZ-0104] Net _1396_ only has one pin. Check if it is intended to be dangling.
[WARNING RSZ-0104] Net multResult_mult.con$1790 only has one pin. Check if it is intended to be dangling.
[WARNING RSZ-0104] Net multResult_mult.con$1770 only has one pin. Check if it is intended to be dangling.
     8000 |     +0.0% |       0 |       0 |             0 |      6141
[WARNING RSZ-0104] Net multResult_mult.con$547 only has one pin. Check if it is intended to be dangling.
[WARNING RSZ-0104] Net _1504_ only has one pin. Check if it is intended to be dangling.
[WARNING RSZ-0104] Net _1500_ only has one pin. Check if it is intended to be dangling.
[WARNING RSZ-0104] Net _1492_ only has one pin. Check if it is intended to be dangling.
[WARNING RSZ-0104] Net _1484_ only has one pin. Check if it is intended to be dangling.
[WARNING RSZ-0104] Net _1456_ only has one pin. Check if it is intended to be dangling.
[WARNING RSZ-0104] Net _1448_ only has one pin. Check if it is intended to be dangling.
[WARNING RSZ-0104] Net _1444_ only has one pin. Check if it is intended to be dangling.
[WARNING RSZ-0104] Net _1436_ only has one pin. Check if it is intended to be dangling.
[WARNING RSZ-0104] Net _1432_ only has one pin. Check if it is intended to be dangling.
[WARNING RSZ-0104] Net _1428_ only has one pin. Check if it is intended to be dangling.
[WARNING RSZ-0104] Net _1416_ only has one pin. Check if it is intended to be dangling.
[WARNING RSZ-0104] Net _1412_ only has one pin. Check if it is intended to be dangling.
[WARNING RSZ-0104] Net _1408_ only has one pin. Check if it is intended to be dangling.
[WARNING RSZ-0104] Net _1400_ only has one pin. Check if it is intended to be dangling.
[WARNING RSZ-0104] Net _1288_ only has one pin. Check if it is intended to be dangling.
[WARNING RSZ-0104] Net multResult_mult.con$1775 only has one pin. Check if it is intended to be dangling.
[WARNING RSZ-0104] Net multResult_mult.con$537 only has one pin. Check if it is intended to be dangling.
[WARNING RSZ-0104] Net _1540_ only has one pin. Check if it is intended to be dangling.
[WARNING RSZ-0104] Net _1536_ only has one pin. Check if it is intended to be dangling.
[WARNING RSZ-0104] Net _1532_ only has one pin. Check if it is intended to be dangling.
[WARNING RSZ-0104] Net _1528_ only has one pin. Check if it is intended to be dangling.
[WARNING RSZ-0104] Net _1524_ only has one pin. Check if it is intended to be dangling.
[WARNING RSZ-0104] Net _1520_ only has one pin. Check if it is intended to be dangling.
[WARNING RSZ-0104] Net _1516_ only has one pin. Check if it is intended to be dangling.
[WARNING RSZ-0104] Net _1512_ only has one pin. Check if it is intended to be dangling.
[WARNING RSZ-0104] Net _1508_ only has one pin. Check if it is intended to be dangling.
[WARNING RSZ-0104] Net _1496_ only has one pin. Check if it is intended to be dangling.
[WARNING RSZ-0104] Net _1488_ only has one pin. Check if it is intended to be dangling.
[WARNING RSZ-0104] Net _1480_ only has one pin. Check if it is intended to be dangling.
[WARNING RSZ-0104] Net _1476_ only has one pin. Check if it is intended to be dangling.
[WARNING RSZ-0104] Net _1472_ only has one pin. Check if it is intended to be dangling.
[WARNING RSZ-0104] Net _1468_ only has one pin. Check if it is intended to be dangling.
[WARNING RSZ-0104] Net _1464_ only has one pin. Check if it is intended to be dangling.
[WARNING RSZ-0104] Net _1460_ only has one pin. Check if it is intended to be dangling.
[WARNING RSZ-0104] Net _1452_ only has one pin. Check if it is intended to be dangling.
[WARNING RSZ-0104] Net _1440_ only has one pin. Check if it is intended to be dangling.
[WARNING RSZ-0104] Net _1424_ only has one pin. Check if it is intended to be dangling.
[WARNING RSZ-0104] Net _1420_ only has one pin. Check if it is intended to be dangling.
[WARNING RSZ-0104] Net _1380_ only has one pin. Check if it is intended to be dangling.
[WARNING RSZ-0104] Net _1376_ only has one pin. Check if it is intended to be dangling.
[WARNING RSZ-0104] Net _1372_ only has one pin. Check if it is intended to be dangling.
[WARNING RSZ-0104] Net _1368_ only has one pin. Check if it is intended to be dangling.
[WARNING RSZ-0104] Net _1364_ only has one pin. Check if it is intended to be dangling.
[WARNING RSZ-0104] Net _1360_ only has one pin. Check if it is intended to be dangling.
[WARNING RSZ-0104] Net _1356_ only has one pin. Check if it is intended to be dangling.
[WARNING RSZ-0104] Net _1352_ only has one pin. Check if it is intended to be dangling.
[WARNING RSZ-0104] Net _1348_ only has one pin. Check if it is intended to be dangling.
[WARNING RSZ-0104] Net _1344_ only has one pin. Check if it is intended to be dangling.
[WARNING RSZ-0104] Net _1340_ only has one pin. Check if it is intended to be dangling.
[WARNING RSZ-0104] Net _1336_ only has one pin. Check if it is intended to be dangling.
[WARNING RSZ-0104] Net _1332_ only has one pin. Check if it is intended to be dangling.
[WARNING RSZ-0104] Net _1328_ only has one pin. Check if it is intended to be dangling.
[WARNING RSZ-0104] Net _1324_ only has one pin. Check if it is intended to be dangling.
[WARNING RSZ-0104] Net _1320_ only has one pin. Check if it is intended to be dangling.
[WARNING RSZ-0104] Net _1316_ only has one pin. Check if it is intended to be dangling.
[WARNING RSZ-0104] Net _1312_ only has one pin. Check if it is intended to be dangling.
[WARNING RSZ-0104] Net _1308_ only has one pin. Check if it is intended to be dangling.
[WARNING RSZ-0104] Net _1304_ only has one pin. Check if it is intended to be dangling.
[WARNING RSZ-0104] Net _1300_ only has one pin. Check if it is intended to be dangling.
[WARNING RSZ-0104] Net _1296_ only has one pin. Check if it is intended to be dangling.
[WARNING RSZ-0104] Net _1292_ only has one pin. Check if it is intended to be dangling.
     9000 |     +0.0% |       0 |       0 |             0 |      5141
    10000 |     +0.0% |       0 |       0 |             0 |      4141
[WARNING RSZ-0104] Net multResult_mult.final_adder.con$252 only has one pin. Check if it is intended to be dangling.
[WARNING RSZ-0104] Net multResult_mult.con$57 only has one pin. Check if it is intended to be dangling.
[WARNING RSZ-0104] Net multResult_mult.con$535 only has one pin. Check if it is intended to be dangling.
[WARNING RSZ-0104] Net multResult_mult.con$533 only has one pin. Check if it is intended to be dangling.
[WARNING RSZ-0104] Net multResult_mult.con$531 only has one pin. Check if it is intended to be dangling.
[WARNING RSZ-0104] Net multResult_mult.con$529 only has one pin. Check if it is intended to be dangling.
[WARNING RSZ-0104] Net multResult_mult.con$527 only has one pin. Check if it is intended to be dangling.
[WARNING RSZ-0104] Net multResult_mult.con$525 only has one pin. Check if it is intended to be dangling.
[WARNING RSZ-0104] Net multResult_mult.con$55 only has one pin. Check if it is intended to be dangling.
[WARNING RSZ-0104] Net multResult_mult.con$53 only has one pin. Check if it is intended to be dangling.
[WARNING RSZ-0104] Net multResult_mult.con$51 only has one pin. Check if it is intended to be dangling.
[WARNING RSZ-0104] Net multResult_mult.con$49 only has one pin. Check if it is intended to be dangling.
    11000 |     +0.0% |       0 |       0 |             0 |      3141
    12000 |     +0.0% |       0 |       0 |             0 |      2141
    13000 |     +0.0% |       0 |       0 |             0 |      1141
[WARNING RSZ-0104] Net reset only has one pin. Check if it is intended to be dangling.
    14000 |     +0.0% |       0 |       0 |             0 |       141
    final |     +0.0% |       0 |       0 |             0 |         0
---------------------------------------------------------------------
global_route -start_incremental
detailed_placement
[INFO DPL-0005] Max displacement: +/- 500 sites horizontally, +/- 100 rows vertically.
Movements Summary
---------------------------------------
Total cells:                   11681
Diamond Move Success:          11681 (100.00%)
Diamond Move Failure:              0
Rip-up and replace Success:        0 (  0.00% of diamond failures)
Rip-up and replace Failure:        0
Total Placement Failures:          0
---------------------------------------
Placement Analysis
---------------------------------
total displacement          0.0 u
average displacement        0.0 u
max displacement            0.0 u
original HPWL           40241.3 u
legalized HPWL          40241.3 u
delta HPWL                    0 %

global_route -end_incremental -congestion_report_file ./reports/asap7/mock-alu/baseline_alpha_16-beta_0.1/congestion_post_repair_design.rpt
Repair setup and hold violations...
estimate_parasitics -global_routing
repair_timing -setup_margin 0 -hold_margin 0 -repair_tns 100 -verbose
[INFO RSZ-0100] Repair move sequence: UnbufferMove SizeUpMove SwapPinsMove BufferMove CloneMove SplitLoadMove 
[INFO RSZ-0094] Found 563 endpoints with setup violations.
[INFO RSZ-0099] Repairing 563 out of 563 (100.00%) violating endpoints...
   Iter   | Removed | Resized | Inserted | Cloned |  Pin  |   Area   |    WNS   |   TNS      |  Viol  | Worst
          | Buffers |  Gates  | Buffers  |  Gates | Swaps |          |          |            | Endpts | Endpt
--------------------------------------------------------------------------------------------------------------
        0 |       0 |       0 |        0 |      0 |     0 |    +0.0% | -335.045 |   -21508.9 |    563 | _tray_size4_2486/D0
       10 |       0 |       0 |        1 |      0 |     8 |    +0.0% | -327.943 |   -21434.6 |    563 | _tray_size4_2486/D0
       20 |       0 |       0 |        5 |      0 |    14 |    +0.0% | -330.032 |   -21576.8 |    563 | _tray_size4_2486/D0
       20 |       0 |       0 |        1 |      0 |     6 |    +0.0% | -326.794 |   -21429.5 |    563 | _tray_size4_2486/D0
       22 |       0 |       0 |        2 |      0 |     6 |    +0.0% | -326.420 |   -21412.0 |    563 | _tray_size4_2486/D0
       30 |       0 |       1 |        4 |      0 |    10 |    +0.0% | -326.420 |   -21422.1 |    563 | _tray_size4_2486/D0
       40 |       1 |       4 |        5 |      0 |    15 |    +0.0% | -326.420 |   -21396.1 |    563 | _tray_size4_2486/D0
       41 |       0 |       0 |        2 |      0 |     7 |    +0.0% | -326.420 |   -21409.6 |    563 | _tray_size4_2486/D0
       50 |       0 |       0 |        2 |      0 |    15 |    +0.0% | -326.497 |   -21419.2 |    563 | _tray_size4_2486/D0
       50 |       0 |       0 |        2 |      0 |     9 |    +0.0% | -326.420 |   -21406.4 |    563 | _tray_size4_2486/D0
       60 |       0 |       1 |        3 |      0 |    16 |    +0.0% | -326.420 |   -21407.6 |    563 | _tray_size4_2486/D0
       69 |       1 |       2 |        5 |      0 |    21 |    +0.0% | -326.420 |   -21384.7 |    563 | _tray_size4_2486/D0
       70 |       1 |       2 |        5 |      0 |    21 |    +0.0% | -326.420 |   -21384.7 |    563 | _tray_size4_2486/D0
       78 |       1 |       2 |        6 |      0 |    23 |    +0.0% | -326.181 |   -21380.8 |    563 | _tray_size4_2486/D0
       80 |       1 |       2 |        6 |      0 |    24 |    +0.0% | -326.181 |   -21387.6 |    563 | _tray_size4_2486/D0
       90 |       1 |       4 |        8 |      0 |    30 |    +0.0% | -326.246 |   -21423.7 |    563 | _tray_size4_2486/D0
       92 |       1 |       2 |        6 |      0 |    23 |    +0.0% | -326.181 |   -21380.8 |    563 | _tray_size4_2486/D0
      100 |       1 |       2 |        7 |      0 |    29 |    +0.0% | -326.181 |   -21395.5 |    563 | _tray_size4_2486/D0
      104 |       1 |       2 |        7 |      0 |    24 |    +0.0% | -326.181 |   -21391.8 |    563 | _tray_size4_2486/D0
      110 |       1 |       2 |        7 |      0 |    29 |    +0.0% | -328.151 |   -21410.4 |    563 | _tray_size4_2486/D0
      115 |       1 |       2 |        7 |      0 |    27 |    +0.0% | -326.181 |   -21378.2 |    563 | _tray_size4_2486/D0
      117 |       1 |       2 |        7 |      0 |    27 |    +0.0% | -326.181 |   -21378.2 |    563 | _tray_size4_2486/D0
      119 |       1 |       2 |        7 |      0 |    27 |    +0.0% | -326.181 |   -21378.2 |    563 | _tray_size4_2486/D0
      120 |       1 |       2 |        7 |      0 |    27 |    +0.0% | -326.181 |   -21378.2 |    563 | _tray_size4_2486/D0
      125 |       1 |       2 |        7 |      0 |    27 |    +0.0% | -326.181 |   -21378.2 |    563 | _tray_size4_2486/D0
      130 |       1 |       2 |        7 |      0 |    31 |    +0.0% | -326.181 |   -21381.8 |    563 | _tray_size4_2486/D0
      132 |       1 |       2 |        7 |      0 |    27 |    +0.0% | -326.181 |   -21378.2 |    563 | _tray_size4_2486/D0
      135 |       1 |       2 |        7 |      0 |    27 |    +0.0% | -326.181 |   -21378.2 |    563 | _tray_size4_2486/D0
      140 |       1 |       3 |        7 |      0 |    30 |    +0.0% | -326.181 |   -21356.7 |    563 | _tray_size4_2486/D0
      143 |       1 |       3 |        7 |      0 |    32 |    +0.0% | -326.181 |   -21354.9 |    563 | _tray_size4_2486/D0
      149 |       1 |       3 |        7 |      0 |    32 |    +0.0% | -326.181 |   -21354.9 |    563 | _tray_size4_2486/D0
      150 |       1 |       3 |        7 |      0 |    32 |    +0.0% | -326.181 |   -21354.9 |    563 | _tray_size4_2486/D0
      153 |       1 |       3 |        7 |      0 |    32 |    +0.0% | -326.181 |   -21354.9 |    563 | _tray_size4_2486/D0
      155 |       1 |       3 |        7 |      0 |    32 |    +0.0% | -326.181 |   -21354.9 |    563 | _tray_size4_2486/D0
      157 |       1 |       3 |        7 |      0 |    32 |    +0.0% | -326.181 |   -21354.9 |    563 | _tray_size4_2486/D0
      160 |       1 |       3 |        7 |      0 |    34 |    +0.0% | -326.181 |   -21363.8 |    563 | _tray_size4_2486/D0
      162 |       1 |       3 |        7 |      0 |    32 |    +0.0% | -326.181 |   -21354.9 |    563 | _tray_size4_2486/D0
      165 |       1 |       3 |        7 |      0 |    32 |    +0.0% | -326.181 |   -21354.9 |    563 | _tray_size4_2486/D0
      170 |       1 |       3 |        9 |      0 |    34 |    +0.1% | -326.181 |   -21353.8 |    563 | _tray_size4_2486/D0
      170 |       1 |       3 |        7 |      0 |    33 |    +0.0% | -326.181 |   -21352.5 |    563 | _tray_size4_2486/D0
      173 |       1 |       3 |        7 |      0 |    35 |    +0.0% | -326.181 |   -21349.7 |    563 | _tray_size4_2486/D0
      179 |       1 |       4 |        7 |      0 |    38 |    +0.0% | -326.181 |   -21336.5 |    563 | _tray_size4_2486/D0
      180 |       1 |       4 |        7 |      0 |    38 |    +0.0% | -326.181 |   -21336.5 |    563 | _tray_size4_2486/D0
      184 |       1 |       4 |        8 |      0 |    40 |    +0.0% | -326.181 |   -21384.9 |    563 | _tray_size4_2486/D0
      185 |       1 |       4 |        8 |      0 |    40 |    +0.0% | -326.181 |   -21384.9 |    563 | _tray_size4_2486/D0
      188 |       1 |       4 |        8 |      0 |    40 |    +0.0% | -326.181 |   -21384.9 |    563 | _tray_size4_2486/D0
      190 |       1 |       4 |        9 |      0 |    40 |    +0.1% | -326.181 |   -21396.5 |    563 | _tray_size4_2486/D0
      192 |       1 |       4 |        8 |      0 |    40 |    +0.0% | -326.181 |   -21384.9 |    563 | _tray_size4_2486/D0
      195 |       1 |       4 |        8 |      0 |    42 |    +0.0% | -326.181 |   -21383.5 |    563 | _tray_size4_2486/D0
      199 |       1 |       5 |        8 |      0 |    44 |    +0.1% | -326.181 |   -21379.1 |    563 | _tray_size4_2486/D0
      200 |       1 |       5 |        8 |      0 |    44 |    +0.1% | -326.181 |   -21379.1 |    563 | _tray_size4_2486/D0
      210 |       1 |       8 |       11 |      0 |    48 |    +0.1% | -326.181 |   -21768.2 |    563 | _tray_size4_2486/D0
      220 |       1 |      12 |       14 |      1 |    51 |    +0.1% | -326.181 |   -21933.1 |    563 | _tray_size4_2486/D0
      230 |       2 |      16 |       16 |      1 |    54 |    +0.1% | -326.181 |   -21932.1 |    563 | _tray_size4_2486/D0
      240 |       2 |      23 |       18 |      1 |    55 |    +0.2% | -326.181 |   -21932.1 |    563 | _tray_size4_2486/D0
      244 |       2 |      21 |       17 |      1 |    54 |    +0.1% | -326.181 |   -21928.6 |    563 | _tray_size4_2486/D0
      249 |       2 |      21 |       17 |      1 |    54 |    +0.1% | -326.181 |   -21928.6 |    563 | _tray_size4_2486/D0
      250 |       2 |      21 |       17 |      1 |    54 |    +0.1% | -326.181 |   -21928.6 |    563 | _tray_size4_2486/D0
      254 |       2 |      21 |       17 |      1 |    54 |    +0.1% | -326.181 |   -21928.6 |    563 | _tray_size4_2486/D0
      259 |       2 |      21 |       17 |      1 |    54 |    +0.1% | -326.181 |   -21928.6 |    563 | _tray_size4_2486/D0
      260 |       2 |      21 |       17 |      1 |    54 |    +0.1% | -326.181 |   -21928.6 |    563 | _tray_size4_2486/D0
      270 |       2 |      24 |       18 |      1 |    60 |    +0.2% | -326.181 |   -21945.0 |    563 | _tray_size4_2486/D0
      270 |       2 |      21 |       18 |      1 |    56 |    +0.1% | -326.181 |   -21948.9 |    563 | _tray_size4_2486/D0
      273 |       2 |      21 |       18 |      1 |    58 |    +0.1% | -326.181 |   -21948.2 |    563 | _tray_size4_2486/D0
      280 |       2 |      22 |       18 |      1 |    63 |    +0.1% | -326.181 |   -21950.9 |    563 | _tray_size4_2486/D0
      280 |       2 |      21 |       18 |      1 |    60 |    +0.1% | -326.181 |   -21946.6 |    563 | _tray_size4_2486/D0
      287 |       2 |      22 |       18 |      1 |    63 |    +0.1% | -326.181 |   -21935.5 |    563 | _tray_size4_2486/D0
      290 |       2 |      23 |       19 |      1 |    63 |    +0.1% | -326.181 |   -21935.7 |    563 | _tray_size4_2486/D0
      300 |       2 |      24 |       25 |      2 |    67 |    +0.2% | -326.181 |   -21936.2 |    563 | _tray_size4_2486/D0
      307 |       2 |      24 |       24 |      2 |    64 |    +0.2% | -326.181 |   -21934.2 |    563 | _tray_size4_2486/D0
      310 |       3 |      24 |       25 |      2 |    64 |    +0.2% | -326.181 |   -21932.6 |    563 | _tray_size4_2486/D0
      310 |       3 |      24 |       25 |      2 |    64 |    +0.2% | -326.181 |   -21932.6 |    563 | _tray_size4_2486/D0
      314 |       3 |      24 |       25 |      2 |    67 |    +0.2% | -326.181 |   -21927.2 |    563 | _tray_size4_2486/D0
      317 |       3 |      24 |       25 |      2 |    68 |    +0.2% | -326.181 |   -21922.8 |    563 | _tray_size4_2486/D0
      319 |       3 |      24 |       25 |      2 |    68 |    +0.2% | -326.181 |   -21922.8 |    563 | _tray_size4_2486/D0
      320 |       3 |      24 |       25 |      2 |    68 |    +0.2% | -326.181 |   -21922.8 |    563 | _tray_size4_2486/D0
      330 |       4 |      28 |       27 |      2 |    71 |    +0.2% | -326.181 |   -21816.5 |    563 | _tray_size4_2486/D0
      337 |       4 |      29 |       29 |      2 |    72 |    +0.2% | -326.181 |   -22047.7 |    563 | _tray_size4_2486/D0
      338 |       4 |      29 |       29 |      2 |    72 |    +0.2% | -326.181 |   -22047.7 |    563 | _tray_size4_2486/D0
      340 |       4 |      29 |       29 |      3 |    72 |    +0.2% | -326.181 |   -22047.2 |    563 | _tray_size4_2486/D0
      350 |       4 |      33 |       29 |      3 |    78 |    +0.2% | -326.181 |   -22044.5 |    563 | _tray_size4_2486/D0
      352 |       4 |      33 |       29 |      3 |    78 |    +0.2% | -326.181 |   -22044.5 |    563 | _tray_size4_2486/D0
      353 |       4 |      33 |       29 |      3 |    78 |    +0.2% | -326.181 |   -22044.5 |    563 | _tray_size4_2486/D0
      358 |       4 |      33 |       29 |      3 |    79 |    +0.2% | -326.181 |   -22038.0 |    563 | _tray_size4_2486/D0
      360 |       4 |      33 |       29 |      3 |    80 |    +0.2% | -326.181 |   -22037.4 |    563 | _tray_size4_2486/D0
      363 |       5 |      33 |       30 |      3 |    81 |    +0.2% | -326.181 |   -22036.4 |    563 | _tray_size4_2486/D0
      367 |       5 |      33 |       30 |      3 |    81 |    +0.2% | -326.181 |   -22036.4 |    563 | _tray_size4_2486/D0
      370 |       5 |      33 |       30 |      3 |    83 |    +0.2% | -326.181 |   -22037.4 |    563 | _tray_size4_2486/D0
      372 |       5 |      33 |       30 |      3 |    81 |    +0.2% | -326.181 |   -22036.4 |    563 | _tray_size4_2486/D0
      380 |       5 |      35 |       31 |      3 |    85 |    +0.2% | -326.181 |   -22034.6 |    563 | _tray_size4_2486/D0
      389 |       6 |      37 |       31 |      3 |    86 |    +0.2% | -326.181 |   -22029.8 |    563 | _tray_size4_2486/D0
      390 |       6 |      37 |       31 |      3 |    86 |    +0.2% | -326.181 |   -22029.8 |    563 | _tray_size4_2486/D0
      392 |       6 |      37 |       31 |      3 |    86 |    +0.2% | -326.181 |   -22029.8 |    563 | _tray_size4_2486/D0
      400 |       6 |      43 |       31 |      3 |    87 |    +0.2% | -326.181 |   -22026.3 |    563 | _tray_size4_2486/D0
      404 |       6 |      45 |       31 |      3 |    87 |    +0.3% | -326.181 |   -22025.4 |    563 | _tray_size4_2486/D0
      407 |       7 |      45 |       32 |      3 |    87 |    +0.3% | -326.181 |   -22024.4 |    563 | _tray_size4_2486/D0
      410 |       7 |      45 |       32 |      3 |    89 |    +0.3% | -329.223 |   -22047.5 |    563 | _tray_size4_2486/D0
      411 |       7 |      45 |       32 |      3 |    87 |    +0.3% | -326.181 |   -22024.3 |    563 | _tray_size4_2486/D0
      414 |       7 |      46 |       32 |      3 |    88 |    +0.3% | -326.181 |   -22019.8 |    563 | _tray_size4_2486/D0
      420 |       7 |      47 |       32 |      3 |    92 |    +0.3% | -326.181 |   -22019.5 |    563 | _tray_size4_2486/D0
      426 |       7 |      49 |       33 |      3 |    93 |    +0.3% | -326.181 |   -22018.3 |    563 | _tray_size4_2486/D0
      428 |       7 |      49 |       33 |      3 |    93 |    +0.3% | -326.181 |   -22018.3 |    563 | _tray_size4_2486/D0
      430 |       7 |      49 |       33 |      3 |    94 |    +0.3% | -326.181 |   -22017.6 |    563 | _tray_size4_2486/D0
      431 |       7 |      49 |       33 |      3 |    94 |    +0.3% | -326.181 |   -22017.6 |    563 | _tray_size4_2486/D0
      440 |       7 |      53 |       35 |      3 |    96 |    +0.3% | -326.181 |   -22319.1 |    563 | _tray_size4_2486/D0
      450 |       7 |      55 |       38 |      5 |   100 |    +0.3% | -326.181 |   -22495.4 |    563 | _tray_size4_2486/D0
      455 |       7 |      57 |       38 |      6 |   100 |    +0.4% | -326.181 |   -22497.7 |    563 | _tray_size4_2486/D0
      460 |       8 |      57 |       38 |      6 |   103 |    +0.3% | -326.181 |   -22493.1 |    563 | _tray_size4_2486/D0
      462 |       7 |      57 |       38 |      6 |   100 |    +0.4% | -326.181 |   -22497.7 |    563 | _tray_size4_2486/D0
      470 |       8 |      61 |       41 |      6 |   100 |    +0.4% | -326.181 |   -22490.2 |    563 | _tray_size4_2486/D0
      480 |       8 |      66 |       42 |      7 |   103 |    +0.4% | -326.181 |   -22518.9 |    563 | _tray_size4_2486/D0
      482 |       8 |      63 |       41 |      6 |   100 |    +0.4% | -326.181 |   -22492.5 |    563 | _tray_size4_2486/D0
      485 |       8 |      63 |       41 |      6 |   100 |    +0.4% | -326.181 |   -22492.5 |    563 | _tray_size4_2486/D0
      490 |       8 |      63 |       41 |      6 |   104 |    +0.4% | -326.181 |   -22495.6 |    563 | _tray_size4_2486/D0
      493 |       8 |      63 |       41 |      6 |   100 |    +0.4% | -326.181 |   -22492.5 |    563 | _tray_size4_2486/D0
      500 |       8 |      63 |       41 |      6 |   106 |    +0.4% | -326.181 |   -22503.1 |    563 | _tray_size4_2486/D0
      501 |       8 |      63 |       41 |      6 |   101 |    +0.4% | -326.181 |   -22490.0 |    563 | _tray_size4_2486/D0
      508 |       8 |      63 |       41 |      6 |   104 |    +0.4% | -326.181 |   -22486.8 |    563 | _tray_size4_2486/D0
      510 |       8 |      63 |       41 |      6 |   105 |    +0.4% | -326.181 |   -22491.0 |    563 | _tray_size4_2486/D0
      518 |       8 |      63 |       41 |      6 |   104 |    +0.4% | -326.181 |   -22486.8 |    563 | _tray_size4_2486/D0
      520 |       8 |      63 |       41 |      6 |   105 |    +0.4% | -326.181 |   -22485.1 |    563 | _tray_size4_2486/D0
      528 |       8 |      63 |       41 |      6 |   105 |    +0.4% | -326.181 |   -22485.0 |    563 | _tray_size4_2486/D0
      530 |       8 |      63 |       41 |      6 |   106 |    +0.4% | -326.181 |   -22480.8 |    563 | _tray_size4_2486/D0
      536 |       8 |      63 |       41 |      6 |   106 |    +0.4% | -326.181 |   -22480.8 |    563 | _tray_size4_2486/D0
      540 |       8 |      63 |       41 |      6 |   109 |    +0.4% | -326.181 |   -22485.2 |    563 | _tray_size4_2486/D0
      545 |       8 |      63 |       41 |      6 |   107 |    +0.4% | -326.181 |   -22479.7 |    563 | _tray_size4_2486/D0
      550 |       8 |      63 |       41 |      6 |   111 |    +0.4% | -326.181 |   -22485.1 |    563 | _tray_size4_2486/D0
      555 |       8 |      63 |       41 |      6 |   107 |    +0.4% | -326.181 |   -22479.7 |    563 | _tray_size4_2486/D0
      560 |       8 |      63 |       41 |      6 |   111 |    +0.4% | -326.181 |   -22489.3 |    563 | _tray_size4_2486/D0
      564 |       8 |      63 |       41 |      6 |   107 |    +0.4% | -326.181 |   -22479.7 |    563 | _tray_size4_2486/D0
      570 |       8 |      63 |       41 |      6 |   112 |    +0.4% | -326.181 |   -22480.6 |    563 | _tray_size4_2486/D0
      574 |       8 |      63 |       41 |      6 |   107 |    +0.4% | -326.181 |   -22479.7 |    563 | _tray_size4_2486/D0
      580 |       8 |      63 |       41 |      6 |   112 |    +0.4% | -326.181 |   -22491.1 |    563 | _tray_size4_2486/D0
      582 |       8 |      63 |       41 |      6 |   107 |    +0.4% | -326.181 |   -22479.7 |    563 | _tray_size4_2486/D0
      590 |       8 |      63 |       41 |      6 |   114 |    +0.4% | -326.181 |   -22515.3 |    563 | _tray_size4_2486/D0
      590 |       8 |      63 |       41 |      6 |   107 |    +0.4% | -326.181 |   -22479.7 |    563 | _tray_size4_2486/D0
      599 |       8 |      63 |       41 |      6 |   107 |    +0.4% | -326.181 |   -22479.7 |    563 | _tray_size4_2486/D0
      600 |       8 |      63 |       41 |      6 |   107 |    +0.4% | -326.181 |   -22479.7 |    563 | _tray_size4_2486/D0
      608 |       8 |      63 |       41 |      6 |   107 |    +0.4% | -326.181 |   -22479.7 |    563 | _tray_size4_2486/D0
      610 |       8 |      63 |       41 |      6 |   108 |    +0.4% | -326.181 |   -22481.4 |    563 | _tray_size4_2486/D0
      616 |       8 |      63 |       41 |      6 |   114 |    +0.4% | -326.181 |   -22474.5 |    563 | _tray_size4_2486/D0
      617 |       8 |      63 |       41 |      6 |   114 |    +0.4% | -326.181 |   -22474.5 |    563 | _tray_size4_2486/D0
      620 |       8 |      63 |       41 |      6 |   116 |    +0.4% | -326.181 |   -22481.9 |    563 | _tray_size4_2486/D0
      625 |       8 |      63 |       41 |      6 |   114 |    +0.4% | -326.181 |   -22474.5 |    563 | _tray_size4_2486/D0
      626 |       8 |      63 |       41 |      6 |   114 |    +0.4% | -326.181 |   -22474.5 |    563 | _tray_size4_2486/D0
      630 |       8 |      63 |       41 |      6 |   117 |    +0.4% | -326.181 |   -22481.7 |    563 | _tray_size4_2486/D0
      634 |       8 |      63 |       41 |      6 |   114 |    +0.4% | -326.181 |   -22474.5 |    563 | _tray_size4_2486/D0
      635 |       8 |      63 |       41 |      6 |   114 |    +0.4% | -326.181 |   -22474.5 |    563 | _tray_size4_2486/D0
      636 |       8 |      63 |       41 |      6 |   114 |    +0.4% | -326.181 |   -22474.5 |    563 | _tray_size4_2486/D0
      640 |       8 |      63 |       41 |      6 |   117 |    +0.4% | -326.181 |   -22471.2 |    563 | _tray_size4_2486/D0
      648 |       8 |      63 |       41 |      6 |   122 |    +0.4% | -326.181 |   -22460.0 |    563 | _tray_size4_2486/D0
      649 |       8 |      63 |       41 |      6 |   122 |    +0.4% | -326.181 |   -22460.0 |    563 | _tray_size4_2486/D0
      650 |       8 |      63 |       41 |      6 |   122 |    +0.4% | -326.181 |   -22460.0 |    563 | _tray_size4_2486/D0
      657 |       8 |      63 |       41 |      6 |   124 |    +0.4% | -326.181 |   -22456.5 |    563 | _tray_size4_2486/D0
      658 |       8 |      63 |       41 |      6 |   124 |    +0.4% | -326.181 |   -22456.5 |    563 | _tray_size4_2486/D0
      660 |       8 |      63 |       41 |      6 |   125 |    +0.4% | -326.181 |   -22460.2 |    563 | _tray_size4_2486/D0
      660 |       8 |      63 |       41 |      6 |   124 |    +0.4% | -326.181 |   -22456.5 |    563 | _tray_size4_2486/D0
      662 |       8 |      64 |       41 |      6 |   124 |    +0.4% | -326.181 |   -22452.7 |    563 | _tray_size4_2486/D0
      670 |       8 |      64 |       41 |      6 |   131 |    +0.4% | -326.181 |   -22464.1 |    563 | _tray_size4_2486/D0
      670 |       8 |      64 |       41 |      6 |   124 |    +0.4% | -326.181 |   -22452.7 |    563 | _tray_size4_2486/D0
      671 |       8 |      64 |       41 |      6 |   124 |    +0.4% | -326.181 |   -22452.7 |    563 | _tray_size4_2486/D0
      679 |       8 |      64 |       41 |      6 |   124 |    +0.4% | -326.181 |   -22452.7 |    563 | _tray_size4_2486/D0
      680 |       8 |      64 |       41 |      6 |   124 |    +0.4% | -326.181 |   -22452.7 |    563 | _tray_size4_2486/D0
      680 |       8 |      64 |       41 |      6 |   124 |    +0.4% | -326.181 |   -22452.7 |    563 | _tray_size4_2486/D0
      681 |       8 |      64 |       41 |      6 |   124 |    +0.4% | -326.181 |   -22452.7 |    563 | _tray_size4_2486/D0
      684 |       8 |      64 |       41 |      6 |   125 |    +0.4% | -326.181 |   -22448.3 |    563 | _tray_size4_2486/D0
      685 |       8 |      64 |       41 |      6 |   125 |    +0.4% | -326.181 |   -22448.3 |    563 | _tray_size4_2486/D0
      686 |       8 |      64 |       41 |      6 |   125 |    +0.4% | -326.181 |   -22448.3 |    563 | _tray_size4_2486/D0
      688 |       8 |      64 |       41 |      6 |   125 |    +0.4% | -326.181 |   -22448.3 |    563 | _tray_size4_2486/D0
      689 |       8 |      64 |       41 |      6 |   125 |    +0.4% | -326.181 |   -22448.3 |    563 | _tray_size4_2486/D0
      690 |       8 |      64 |       41 |      6 |   125 |    +0.4% | -326.181 |   -22448.3 |    563 | _tray_size4_2486/D0
      690 |       8 |      64 |       41 |      6 |   125 |    +0.4% | -326.181 |   -22448.3 |    563 | _tray_size4_2486/D0
      691 |       8 |      64 |       41 |      6 |   125 |    +0.4% | -326.181 |   -22448.3 |    563 | _tray_size4_2486/D0
      692 |       8 |      64 |       41 |      6 |   125 |    +0.4% | -326.181 |   -22448.3 |    563 | _tray_size4_2486/D0
      695 |       8 |      64 |       41 |      6 |   125 |    +0.4% | -326.181 |   -22448.3 |    563 | _tray_size4_2486/D0
      696 |       8 |      64 |       41 |      6 |   125 |    +0.4% | -326.181 |   -22448.3 |    563 | _tray_size4_2486/D0
      697 |       8 |      64 |       41 |      6 |   125 |    +0.4% | -326.181 |   -22448.3 |    563 | _tray_size4_2486/D0
      700 |       8 |      64 |       41 |      6 |   127 |    +0.4% | -326.181 |   -22446.8 |    563 | _tray_size4_2486/D0
      702 |       8 |      64 |       41 |      6 |   129 |    +0.4% | -326.181 |   -22446.1 |    563 | _tray_size4_2486/D0
      703 |       8 |      64 |       41 |      6 |   129 |    +0.4% | -326.181 |   -22446.1 |    563 | _tray_size4_2486/D0
      704 |       8 |      64 |       41 |      6 |   129 |    +0.4% | -326.181 |   -22446.1 |    563 | _tray_size4_2486/D0
      705 |       8 |      64 |       41 |      6 |   129 |    +0.4% | -326.181 |   -22446.1 |    563 | _tray_size4_2486/D0
      710 |       8 |      64 |       41 |      6 |   133 |    +0.4% | -326.181 |   -22453.1 |    563 | _tray_size4_2486/D0
      712 |       8 |      64 |       41 |      6 |   129 |    +0.4% | -326.181 |   -22446.1 |    563 | _tray_size4_2486/D0
      719 |       8 |      64 |       41 |      6 |   133 |    +0.4% | -326.181 |   -22443.5 |    563 | _tray_size4_2486/D0
      720 |       8 |      64 |       41 |      6 |   133 |    +0.4% | -326.181 |   -22443.5 |    563 | _tray_size4_2486/D0
      726 |       8 |      64 |       41 |      6 |   133 |    +0.4% | -326.181 |   -22443.5 |    563 | _tray_size4_2486/D0
      730 |       8 |      64 |       41 |      6 |   136 |    +0.4% | -326.181 |   -22449.2 |    563 | _tray_size4_2486/D0
      733 |       8 |      64 |       41 |      6 |   133 |    +0.4% | -326.181 |   -22443.5 |    563 | _tray_size4_2486/D0
      740 |       8 |      64 |       41 |      6 |   139 |    +0.4% | -326.181 |   -22448.8 |    563 | _tray_size4_2486/D0
      740 |       8 |      64 |       41 |      6 |   133 |    +0.4% | -326.181 |   -22443.5 |    563 | _tray_size4_2486/D0
      747 |       8 |      64 |       41 |      6 |   134 |    +0.4% | -326.181 |   -22442.4 |    563 | _tray_size4_2486/D0
      750 |       8 |      64 |       41 |      6 |   136 |    +0.4% | -326.181 |   -22446.8 |    563 | _tray_size4_2486/D0
      754 |       8 |      64 |       41 |      6 |   134 |    +0.4% | -326.181 |   -22442.4 |    563 | _tray_size4_2486/D0
      760 |       8 |      64 |       41 |      6 |   139 |    +0.4% | -326.181 |   -22448.7 |    563 | _tray_size4_2486/D0
      761 |       8 |      64 |       41 |      6 |   134 |    +0.4% | -326.181 |   -22442.4 |    563 | _tray_size4_2486/D0
      762 |       8 |      64 |       41 |      6 |   134 |    +0.4% | -326.181 |   -22442.4 |    563 | _tray_size4_2486/D0
      769 |       8 |      64 |       41 |      6 |   134 |    +0.4% | -326.181 |   -22442.4 |    563 | _tray_size4_2486/D0
      770 |       8 |      64 |       41 |      6 |   134 |    +0.4% | -326.181 |   -22442.4 |    563 | _tray_size4_2486/D0
      770 |       8 |      64 |       41 |      6 |   134 |    +0.4% | -326.181 |   -22442.4 |    563 | _tray_size4_2486/D0
      777 |       8 |      64 |       41 |      6 |   139 |    +0.4% | -326.181 |   -22438.7 |    563 | _tray_size4_2486/D0
      780 |       8 |      64 |       41 |      6 |   141 |    +0.4% | -326.181 |   -22441.4 |    563 | _tray_size4_2486/D0
      784 |       8 |      64 |       41 |      6 |   140 |    +0.4% | -326.181 |   -22437.0 |    563 | _tray_size4_2486/D0
      790 |       8 |      64 |       41 |      6 |   145 |    +0.4% | -326.181 |   -22444.5 |    563 | _tray_size4_2486/D0
      791 |       8 |      64 |       41 |      6 |   140 |    +0.4% | -326.181 |   -22437.0 |    563 | _tray_size4_2486/D0
      792 |       8 |      64 |       41 |      6 |   140 |    +0.4% | -326.181 |   -22437.0 |    563 | _tray_size4_2486/D0
      793 |       8 |      64 |       41 |      6 |   140 |    +0.4% | -326.181 |   -22437.0 |    563 | _tray_size4_2486/D0
      794 |       8 |      64 |       41 |      6 |   140 |    +0.4% | -326.181 |   -22437.0 |    563 | _tray_size4_2486/D0
      800 |       8 |      64 |       41 |      6 |   145 |    +0.4% | -326.181 |   -22452.9 |    563 | _tray_size4_2486/D0
      801 |       8 |      64 |       41 |      6 |   140 |    +0.4% | -326.181 |   -22437.0 |    563 | _tray_size4_2486/D0
      810 |       8 |      69 |       43 |      6 |   141 |    +0.4% | -326.181 |   -22134.4 |    563 | _tray_size4_2486/D0
      815 |       8 |      70 |       44 |      7 |   143 |    +0.4% | -326.181 |   -21983.6 |    561 | _tray_size4_2486/D0
      816 |       8 |      70 |       44 |      7 |   143 |    +0.4% | -326.181 |   -21983.6 |    561 | _tray_size4_2486/D0
      817 |       8 |      70 |       44 |      7 |   143 |    +0.4% | -326.181 |   -21983.6 |    560 | _tray_size4_2486/D0
      818 |       8 |      70 |       44 |      7 |   143 |    +0.4% | -326.181 |   -21983.6 |    560 | _tray_size4_2486/D0
      819 |       8 |      70 |       44 |      7 |   143 |    +0.4% | -326.181 |   -21983.6 |    559 | _tray_size4_2486/D0
      820 |       8 |      70 |       44 |      7 |   143 |    +0.4% | -326.181 |   -21983.6 |    559 | _tray_size4_2486/D0
      820 |       8 |      70 |       44 |      7 |   143 |    +0.4% | -326.181 |   -21983.6 |    558 | _tray_size4_2486/D0
      821 |       8 |      70 |       44 |      7 |   143 |    +0.4% | -326.181 |   -21983.6 |    558 | _tray_size4_2486/D0
      822 |       8 |      70 |       44 |      7 |   143 |    +0.4% | -326.181 |   -21983.6 |    557 | _tray_size4_2486/D0
      823 |       8 |      70 |       44 |      7 |   143 |    +0.4% | -326.181 |   -21983.6 |    556 | _tray_size4_2486/D0
      824 |       8 |      70 |       44 |      7 |   143 |    +0.4% | -326.181 |   -21983.6 |    555 | _tray_size4_2486/D0
      825 |       8 |      70 |       44 |      7 |   143 |    +0.4% | -326.181 |   -21983.6 |    554 | _tray_size4_2486/D0
      826 |       8 |      70 |       44 |      7 |   143 |    +0.4% | -326.181 |   -21983.6 |    554 | _tray_size4_2486/D0
      827 |       8 |      70 |       44 |      7 |   143 |    +0.4% | -326.181 |   -21983.6 |    554 | _tray_size4_2486/D0
      828 |       8 |      70 |       44 |      7 |   143 |    +0.4% | -326.181 |   -21983.6 |    553 | _tray_size4_2486/D0
      829 |       8 |      70 |       44 |      7 |   143 |    +0.4% | -326.181 |   -21983.6 |    552 | _tray_size4_2486/D0
      830 |       8 |      70 |       44 |      7 |   143 |    +0.4% | -326.181 |   -21983.6 |    552 | _tray_size4_2486/D0
      830 |       8 |      70 |       44 |      7 |   143 |    +0.4% | -326.181 |   -21983.6 |    552 | _tray_size4_2486/D0
      831 |       8 |      70 |       44 |      7 |   143 |    +0.4% | -326.181 |   -21983.6 |    551 | _tray_size4_2486/D0
      832 |       8 |      70 |       44 |      7 |   143 |    +0.4% | -326.181 |   -21983.6 |    550 | _tray_size4_2486/D0
      833 |       8 |      70 |       44 |      7 |   143 |    +0.4% | -326.181 |   -21983.6 |    549 | _tray_size4_2486/D0
      840 |       8 |      73 |       47 |      9 |   143 |    +0.5% | -326.181 |   -21670.4 |    548 | _tray_size4_2486/D0
      840 |       8 |      73 |       47 |      9 |   143 |    +0.5% | -326.181 |   -21670.4 |    547 | _tray_size4_2486/D0
      841 |       8 |      73 |       47 |      9 |   143 |    +0.5% | -326.181 |   -21670.4 |    547 | _tray_size4_2486/D0
      842 |       8 |      73 |       47 |      9 |   143 |    +0.5% | -326.181 |   -21670.4 |    547 | _tray_size4_2486/D0
      843 |       8 |      73 |       47 |      9 |   143 |    +0.5% | -326.181 |   -21670.4 |    546 | _tray_size4_2486/D0
      844 |       8 |      73 |       47 |      9 |   143 |    +0.5% | -326.181 |   -21670.4 |    545 | _tray_size4_2486/D0
      850 |       8 |      78 |       47 |      9 |   143 |    +0.5% | -326.178 |   -21120.2 |    545 | _tray_size4_2486/D0
      852 |       8 |      80 |       47 |      9 |   143 |    +0.5% | -326.178 |   -21102.3 |    543 | _tray_size4_2486/D0
      860 |       8 |      86 |       47 |      9 |   144 |    +0.5% | -326.178 |   -20862.4 |    543 | _tray_size4_2486/D0
      870 |       8 |      91 |       51 |      9 |   145 |    +0.5% | -326.178 |   -24963.6 |    543 | _tray_size4_2486/D0
      880 |       8 |      96 |       56 |      9 |   145 |    +0.6% | -326.178 |   -31004.2 |    543 | _tray_size4_2486/D0
      890 |       8 |     101 |       61 |      9 |   145 |    +0.6% | -326.178 |   -37067.1 |    543 | _tray_size4_2486/D0
      900 |       8 |     105 |       65 |     11 |   145 |    +0.7% | -326.178 |   -40895.6 |    543 | _tray_size4_2486/D0
      910 |       9 |     112 |       67 |     11 |   145 |    +0.7% | -326.178 |   -40803.7 |    543 | _tray_size4_2486/D0
      910 |       8 |      86 |       47 |      9 |   144 |    +0.5% | -326.178 |   -20861.1 |    543 | _tray_size4_2486/D0
      913 |       8 |      87 |       47 |      9 |   145 |    +0.5% | -326.178 |   -20859.6 |    541 | _tray_size4_2486/D0
      914 |       8 |      87 |       47 |      9 |   145 |    +0.5% | -326.178 |   -20859.6 |    540 | _tray_size4_2486/D0
      918 |       8 |      89 |       47 |     10 |   145 |    +0.5% | -326.178 |   -20856.8 |    538 | _tray_size4_2486/D0
      919 |       8 |      89 |       47 |     10 |   145 |    +0.5% | -326.178 |   -20856.8 |    537 | _tray_size4_2486/D0
      920 |       8 |      89 |       47 |     10 |   145 |    +0.5% | -326.178 |   -20856.8 |    537 | _tray_size4_2486/D0
      921 |       8 |      90 |       47 |     10 |   145 |    +0.5% | -326.178 |   -20856.9 |    535 | _tray_size4_2486/D0
      929 |       8 |      96 |       47 |     10 |   146 |    +0.5% | -326.178 |   -20682.2 |    533 | _tray_size4_2486/D0
      930 |       8 |      96 |       47 |     10 |   146 |    +0.5% | -326.178 |   -20682.2 |    533 | _tray_size4_2486/D0
      930 |       8 |      96 |       47 |     10 |   146 |    +0.5% | -326.178 |   -20682.2 |    532 | _tray_size4_2486/D0
      931 |       8 |      96 |       47 |     10 |   146 |    +0.5% | -326.178 |   -20682.2 |    531 | _tray_size4_2486/D0
      940 |       8 |     101 |       50 |     11 |   147 |    +0.6% | -326.178 |   -20266.8 |    531 | _tray_size4_2486/D0
      943 |       8 |     104 |       50 |     11 |   147 |    +0.6% | -326.178 |   -20117.0 |    529 | _tray_size4_2486/D0
      944 |       8 |     104 |       50 |     11 |   147 |    +0.6% | -326.178 |   -20117.0 |    528 | _tray_size4_2486/D0
      945 |       8 |     104 |       50 |     11 |   147 |    +0.6% | -326.178 |   -20117.0 |    527 | _tray_size4_2486/D0
      946 |       8 |     104 |       50 |     11 |   147 |    +0.6% | -326.178 |   -20117.0 |    526 | _tray_size4_2486/D0
      949 |       8 |     105 |       50 |     11 |   148 |    +0.6% | -326.178 |   -19974.3 |    524 | _tray_size4_2486/D0
      950 |       8 |     105 |       50 |     11 |   148 |    +0.6% | -326.178 |   -19974.3 |    524 | _tray_size4_2486/D0
      950 |       8 |     105 |       50 |     11 |   148 |    +0.6% | -326.178 |   -19974.3 |    523 | _tray_size4_2486/D0
      951 |       8 |     105 |       50 |     11 |   148 |    +0.6% | -326.178 |   -19974.3 |    522 | _tray_size4_2486/D0
      952 |       8 |     105 |       50 |     11 |   148 |    +0.6% | -326.178 |   -19974.3 |    521 | _tray_size4_2486/D0
      953 |       8 |     105 |       50 |     11 |   148 |    +0.6% | -326.178 |   -19974.3 |    520 | _tray_size4_2486/D0
      954 |       8 |     105 |       50 |     11 |   148 |    +0.6% | -326.178 |   -19974.3 |    519 | _tray_size4_2486/D0
      955 |       8 |     105 |       50 |     11 |   148 |    +0.6% | -326.178 |   -19974.3 |    518 | _tray_size4_2486/D0
      959 |       9 |     106 |       50 |     11 |   149 |    +0.6% | -326.178 |   -19651.5 |    516 | _tray_size4_2486/D0
      960 |       9 |     106 |       50 |     11 |   149 |    +0.6% | -326.178 |   -19651.5 |    516 | _tray_size4_2486/D0
      960 |       9 |     106 |       50 |     11 |   149 |    +0.6% | -326.178 |   -19651.5 |    515 | _tray_size4_2486/D0
      961 |       9 |     106 |       50 |     11 |   149 |    +0.6% | -326.178 |   -19651.5 |    514 | _tray_size4_2486/D0
      962 |       9 |     106 |       50 |     11 |   149 |    +0.6% | -326.178 |   -19651.5 |    513 | _tray_size4_2486/D0
      963 |       9 |     106 |       50 |     11 |   149 |    +0.6% | -326.178 |   -19651.5 |    512 | _tray_size4_2486/D0
      964 |       9 |     106 |       50 |     11 |   149 |    +0.6% | -326.178 |   -19651.5 |    511 | _tray_size4_2486/D0
      965 |       9 |     106 |       50 |     11 |   149 |    +0.6% | -326.178 |   -19651.5 |    510 | _tray_size4_2486/D0
      966 |       9 |     106 |       50 |     11 |   149 |    +0.6% | -326.178 |   -19651.5 |    509 | _tray_size4_2486/D0
      967 |       9 |     106 |       50 |     11 |   149 |    +0.6% | -326.178 |   -19651.5 |    508 | _tray_size4_2486/D0
      968 |       9 |     106 |       50 |     11 |   149 |    +0.6% | -326.178 |   -19651.5 |    507 | _tray_size4_2486/D0
      969 |       9 |     106 |       50 |     11 |   149 |    +0.6% | -326.178 |   -19651.5 |    506 | _tray_size4_2486/D0
      970 |       9 |     106 |       50 |     11 |   149 |    +0.6% | -326.178 |   -19651.5 |    506 | _tray_size4_2486/D0
      970 |       9 |     106 |       50 |     11 |   149 |    +0.6% | -326.178 |   -19651.5 |    505 | _tray_size4_2486/D0
      971 |       9 |     106 |       50 |     11 |   149 |    +0.6% | -326.178 |   -19651.5 |    504 | _tray_size4_2486/D0
      980 |       9 |     110 |       50 |     13 |   151 |    +0.6% | -326.178 |   -19615.3 |    504 | _tray_size4_2486/D0
      981 |       9 |     110 |       50 |     14 |   151 |    +0.6% | -326.178 |   -19571.6 |    502 | _tray_size4_2486/D0
      983 |       9 |     111 |       50 |     14 |   151 |    +0.6% | -326.178 |   -19587.6 |    500 | _tray_size4_2486/D0
      984 |       9 |     111 |       50 |     14 |   151 |    +0.6% | -326.178 |   -19587.6 |    499 | _tray_size4_2486/D0
      985 |       9 |     111 |       50 |     14 |   151 |    +0.6% | -326.178 |   -19587.6 |    498 | _tray_size4_2486/D0
      990 |       9 |     113 |       51 |     14 |   152 |    +0.6% | -326.178 |   -20115.2 |    498 | _tray_size4_2486/D0
     1000 |       9 |     118 |       56 |     14 |   152 |    +0.7% | -326.178 |   -25909.2 |    498 | _tray_size4_2486/D0
     1010 |       9 |     123 |       61 |     14 |   152 |    +0.7% | -326.178 |   -31952.2 |    498 | _tray_size4_2486/D0
     1020 |       9 |     128 |       66 |     14 |   152 |    +0.8% | -326.178 |   -38092.9 |    498 | _tray_size4_2486/D0
     1030 |      10 |     133 |       69 |     15 |   152 |    +0.8% | -326.178 |   -39342.0 |    498 | _tray_size4_2486/D0
     1037 |       9 |     111 |       50 |     14 |   152 |    +0.6% | -326.178 |   -19586.0 |    498 | _tray_size4_2486/D0
     1038 |       9 |     111 |       50 |     14 |   152 |    +0.6% | -326.178 |   -19586.0 |    497 | _tray_size4_2486/D0
     1039 |       9 |     111 |       50 |     14 |   152 |    +0.6% | -326.178 |   -19586.0 |    496 | _tray_size4_2486/D0
     1040 |       9 |     111 |       50 |     14 |   152 |    +0.6% | -326.178 |   -19586.0 |    496 | _tray_size4_2486/D0
     1050 |       9 |     120 |       50 |     14 |   153 |    +0.6% | -326.178 |   -19179.4 |    496 | _tray_size4_2486/D0
     1060 |       9 |     129 |       51 |     14 |   153 |    +0.7% | -326.178 |   -19026.3 |    496 | _tray_size4_2486/D0
     1062 |       9 |     130 |       51 |     15 |   153 |    +0.7% | -326.178 |   -19103.7 |    494 | _tray_size4_2486/D0
     1063 |       9 |     130 |       51 |     15 |   153 |    +0.7% | -326.178 |   -19103.7 |    493 | _tray_size4_2486/D0
     1064 |       9 |     130 |       51 |     15 |   153 |    +0.7% | -326.178 |   -19103.7 |    492 | _tray_size4_2486/D0
     1066 |       9 |     131 |       51 |     15 |   153 |    +0.7% | -326.178 |   -19108.7 |    490 | _tray_size4_2486/D0
     1067 |       9 |     131 |       51 |     15 |   153 |    +0.7% | -326.178 |   -19108.7 |    489 | _tray_size4_2486/D0
     1068 |       9 |     131 |       51 |     15 |   153 |    +0.7% | -326.178 |   -19108.7 |    488 | _tray_size4_2486/D0
     1069 |       9 |     131 |       51 |     15 |   153 |    +0.7% | -326.178 |   -19108.7 |    487 | _tray_size4_2486/D0
     1070 |       9 |     131 |       51 |     15 |   153 |    +0.7% | -326.178 |   -19108.7 |    487 | _tray_size4_2486/D0
     1070 |       9 |     131 |       51 |     15 |   153 |    +0.7% | -326.178 |   -19108.7 |    486 | _tray_size4_2486/D0
     1071 |       9 |     131 |       51 |     15 |   153 |    +0.7% | -326.178 |   -19108.7 |    485 | _tray_size4_2486/D0
     1072 |       9 |     131 |       51 |     15 |   153 |    +0.7% | -326.178 |   -19108.7 |    484 | _tray_size4_2486/D0
     1073 |       9 |     131 |       51 |     15 |   153 |    +0.7% | -326.178 |   -19108.7 |    483 | _tray_size4_2486/D0
     1074 |       9 |     131 |       51 |     15 |   153 |    +0.7% | -326.178 |   -19108.7 |    482 | _tray_size4_2486/D0
     1075 |       9 |     131 |       51 |     15 |   153 |    +0.7% | -326.178 |   -19108.7 |    481 | _tray_size4_2486/D0
     1076 |       9 |     131 |       51 |     15 |   153 |    +0.7% | -326.178 |   -19108.7 |    480 | _tray_size4_2486/D0
     1077 |       9 |     131 |       51 |     15 |   153 |    +0.7% | -326.178 |   -19108.7 |    479 | _tray_size4_2486/D0
     1078 |       9 |     131 |       51 |     15 |   153 |    +0.7% | -326.178 |   -19108.7 |    478 | _tray_size4_2486/D0
     1079 |       9 |     131 |       51 |     15 |   153 |    +0.7% | -326.178 |   -19108.7 |    477 | _tray_size4_2486/D0
     1080 |       9 |     131 |       51 |     15 |   153 |    +0.7% | -326.178 |   -19108.7 |    477 | _tray_size4_2486/D0
     1081 |       9 |     132 |       51 |     15 |   153 |    +0.7% | -326.178 |   -19060.6 |    475 | _tray_size4_2486/D0
     1090 |      10 |     138 |       51 |     15 |   154 |    +0.7% | -326.178 |   -18685.1 |    475 | _tray_size4_2486/D0
     1100 |      10 |     146 |       57 |     15 |   154 |    +0.7% | -326.178 |   -19052.8 |    475 | _tray_size4_2486/D0
     1110 |      10 |     153 |       63 |     16 |   154 |    +0.8% | -326.178 |   -18642.4 |    475 | _tray_size4_2486/D0
     1114 |      10 |     155 |       63 |     18 |   154 |    +0.8% | -326.178 |   -18802.4 |    473 | _tray_size4_2486/D0
     1115 |      10 |     155 |       63 |     18 |   154 |    +0.8% | -326.178 |   -18802.4 |    472 | _tray_size4_2486/D0
     1120 |      10 |     155 |       63 |     18 |   158 |    +0.8% | -326.178 |   -18803.7 |    472 | _tray_size4_2486/D0
     1121 |      10 |     155 |       63 |     18 |   159 |    +0.8% | -326.178 |   -18799.8 |    472 | _tray_size4_2486/D0
     1130 |      11 |     159 |       64 |     19 |   160 |    +0.8% | -326.178 |   -18539.0 |    471 | _tray_size4_2486/D0
     1130 |      11 |     159 |       64 |     19 |   160 |    +0.8% | -326.178 |   -18539.0 |    470 | _tray_size4_2486/D0
     1131 |      11 |     159 |       64 |     19 |   160 |    +0.8% | -326.178 |   -18539.0 |    469 | _tray_size4_2486/D0
     1132 |      11 |     159 |       64 |     19 |   160 |    +0.8% | -326.178 |   -18539.0 |    468 | _tray_size4_2486/D0
     1133 |      11 |     159 |       64 |     19 |   160 |    +0.8% | -326.178 |   -18539.0 |    467 | _tray_size4_2486/D0
     1134 |      11 |     159 |       64 |     19 |   160 |    +0.8% | -326.178 |   -18539.0 |    466 | _tray_size4_2486/D0
     1135 |      11 |     159 |       64 |     19 |   160 |    +0.8% | -326.178 |   -18539.0 |    465 | _tray_size4_2486/D0
     1136 |      11 |     159 |       64 |     19 |   160 |    +0.8% | -326.178 |   -18539.0 |    464 | _tray_size4_2486/D0
     1137 |      11 |     159 |       64 |     19 |   160 |    +0.8% | -326.178 |   -18539.0 |    463 | _tray_size4_2486/D0
     1138 |      11 |     159 |       64 |     19 |   160 |    +0.8% | -326.178 |   -18539.0 |    462 | _tray_size4_2486/D0
     1140 |      11 |     159 |       64 |     19 |   161 |    +0.8% | -326.178 |   -18542.2 |    462 | _tray_size4_2486/D0
     1145 |      11 |     159 |       64 |     19 |   160 |    +0.8% | -326.178 |   -18539.0 |    462 | _tray_size4_2486/D0
     1150 |      11 |     163 |       64 |     19 |   160 |    +0.8% | -326.178 |   -18249.3 |    462 | _tray_size4_2486/D0
     1152 |      11 |     165 |       64 |     19 |   160 |    +0.8% | -326.178 |   -18248.6 |    460 | _tray_size4_2486/D0
     1153 |      11 |     165 |       64 |     19 |   160 |    +0.8% | -326.178 |   -18248.6 |    459 | _tray_size4_2486/D0
     1160 |      11 |     167 |       66 |     19 |   162 |    +0.8% | -326.178 |   -18600.6 |    459 | _tray_size4_2486/D0
     1170 |      11 |     173 |       67 |     21 |   163 |    +0.9% | -326.178 |   -18366.0 |    459 | _tray_size4_2486/D0
     1172 |      11 |     173 |       68 |     22 |   163 |    +0.9% | -326.178 |   -18405.5 |    457 | _tray_size4_2486/D0
     1173 |      11 |     173 |       68 |     22 |   163 |    +0.9% | -326.178 |   -18405.5 |    456 | _tray_size4_2486/D0
     1174 |      11 |     173 |       68 |     22 |   163 |    +0.9% | -326.178 |   -18405.5 |    455 | _tray_size4_2486/D0
     1175 |      11 |     173 |       68 |     22 |   163 |    +0.9% | -326.178 |   -18405.5 |    454 | _tray_size4_2486/D0
     1176 |      11 |     173 |       68 |     22 |   163 |    +0.9% | -326.178 |   -18405.5 |    453 | _tray_size4_2486/D0
     1177 |      11 |     173 |       68 |     22 |   163 |    +0.9% | -326.178 |   -18405.5 |    452 | _tray_size4_2486/D0
     1178 |      11 |     173 |       68 |     22 |   163 |    +0.9% | -326.178 |   -18405.5 |    451 | _tray_size4_2486/D0
     1179 |      11 |     173 |       68 |     22 |   163 |    +0.9% | -326.178 |   -18405.5 |    450 | _tray_size4_2486/D0
     1180 |      11 |     173 |       68 |     22 |   163 |    +0.9% | -326.178 |   -18405.5 |    450 | _tray_size4_2486/D0
     1180 |      11 |     173 |       68 |     22 |   163 |    +0.9% | -326.178 |   -18405.5 |    449 | _tray_size4_2486/D0
     1183 |      11 |     175 |       68 |     22 |   163 |    +0.9% | -326.178 |   -18267.7 |    447 | _tray_size4_2486/D0
     1184 |      11 |     175 |       68 |     22 |   163 |    +0.9% | -326.178 |   -18267.7 |    446 | _tray_size4_2486/D0
     1185 |      11 |     175 |       68 |     22 |   163 |    +0.9% | -326.178 |   -18267.7 |    445 | _tray_size4_2486/D0
     1186 |      11 |     175 |       68 |     22 |   163 |    +0.9% | -326.178 |   -18267.7 |    444 | _tray_size4_2486/D0
     1187 |      11 |     175 |       68 |     22 |   163 |    +0.9% | -326.178 |   -18267.7 |    443 | _tray_size4_2486/D0
     1188 |      11 |     175 |       68 |     22 |   163 |    +0.9% | -326.178 |   -18267.7 |    442 | _tray_size4_2486/D0
     1189 |      11 |     175 |       68 |     22 |   163 |    +0.9% | -326.178 |   -18267.7 |    441 | _tray_size4_2486/D0
     1190 |      11 |     175 |       68 |     22 |   163 |    +0.9% | -326.178 |   -18267.7 |    441 | _tray_size4_2486/D0
     1190 |      11 |     175 |       68 |     22 |   163 |    +0.9% | -326.178 |   -18267.7 |    440 | _tray_size4_2486/D0
     1194 |      11 |     178 |       68 |     22 |   163 |    +0.9% | -326.178 |   -18217.5 |    438 | _tray_size4_2486/D0
     1195 |      11 |     178 |       68 |     22 |   163 |    +0.9% | -326.178 |   -18217.5 |    437 | _tray_size4_2486/D0
     1196 |      11 |     178 |       68 |     22 |   163 |    +0.9% | -326.178 |   -18217.5 |    436 | _tray_size4_2486/D0
     1197 |      11 |     178 |       68 |     22 |   163 |    +0.9% | -326.178 |   -18217.5 |    435 | _tray_size4_2486/D0
     1198 |      11 |     178 |       68 |     22 |   163 |    +0.9% | -326.178 |   -18217.5 |    434 | _tray_size4_2486/D0
     1199 |      11 |     178 |       68 |     22 |   163 |    +0.9% | -326.178 |   -18217.5 |    433 | _tray_size4_2486/D0
     1200 |      11 |     178 |       68 |     22 |   163 |    +0.9% | -326.178 |   -18217.5 |    433 | _tray_size4_2486/D0
     1200 |      11 |     178 |       68 |     22 |   163 |    +0.9% | -326.178 |   -18217.5 |    432 | _tray_size4_2486/D0
     1201 |      11 |     178 |       68 |     22 |   163 |    +0.9% | -326.178 |   -18217.5 |    431 | _tray_size4_2486/D0
     1203 |      11 |     178 |       69 |     22 |   163 |    +0.9% | -326.178 |   -18060.6 |    429 | _tray_size4_2486/D0
     1204 |      11 |     178 |       69 |     22 |   163 |    +0.9% | -326.178 |   -18060.6 |    428 | _tray_size4_2486/D0
     1205 |      11 |     178 |       69 |     22 |   163 |    +0.9% | -326.178 |   -18060.6 |    427 | _tray_size4_2486/D0
     1206 |      11 |     178 |       69 |     22 |   163 |    +0.9% | -326.178 |   -18060.6 |    426 | _tray_size4_2486/D0
     1207 |      11 |     178 |       69 |     22 |   163 |    +0.9% | -326.178 |   -18060.6 |    425 | _tray_size4_2486/D0
     1208 |      11 |     178 |       69 |     22 |   163 |    +0.9% | -326.178 |   -18060.6 |    424 | _tray_size4_2486/D0
     1209 |      11 |     178 |       69 |     22 |   163 |    +0.9% | -326.178 |   -18060.6 |    423 | _tray_size4_2486/D0
     1210 |      11 |     178 |       69 |     22 |   163 |    +0.9% | -326.178 |   -18060.6 |    423 | _tray_size4_2486/D0
     1210 |      11 |     178 |       69 |     22 |   163 |    +0.9% | -326.178 |   -18060.6 |    422 | _tray_size4_2486/D0
     1211 |      11 |     178 |       69 |     22 |   163 |    +0.9% | -326.178 |   -18060.6 |    421 | _tray_size4_2486/D0
     1212 |      11 |     178 |       69 |     22 |   163 |    +0.9% | -326.178 |   -18060.6 |    420 | _tray_size4_2486/D0
     1213 |      11 |     178 |       69 |     22 |   163 |    +0.9% | -326.178 |   -18060.6 |    419 | _tray_size4_2486/D0
     1220 |      11 |     181 |       71 |     22 |   164 |    +0.9% | -326.178 |   -19612.3 |    419 | _tray_size4_2486/D0
     1230 |      11 |     186 |       76 |     22 |   164 |    +1.0% | -326.178 |   -25607.5 |    419 | _tray_size4_2486/D0
     1240 |      11 |     191 |       81 |     22 |   164 |    +1.0% | -326.178 |   -31661.2 |    419 | _tray_size4_2486/D0
     1250 |      11 |     196 |       86 |     22 |   164 |    +1.1% | -326.178 |   -37840.0 |    419 | _tray_size4_2486/D0
     1260 |      11 |     201 |       87 |     25 |   165 |    +1.1% | -326.178 |   -39160.0 |    419 | _tray_size4_2486/D0
     1266 |      11 |     179 |       69 |     22 |   164 |    +0.9% | -326.178 |   -18059.5 |    419 | _tray_size4_2486/D0
     1267 |      11 |     179 |       69 |     22 |   164 |    +0.9% | -326.178 |   -18059.5 |    418 | _tray_size4_2486/D0
     1268 |      11 |     179 |       69 |     22 |   164 |    +0.9% | -326.178 |   -18059.5 |    417 | _tray_size4_2486/D0
     1269 |      11 |     179 |       69 |     22 |   164 |    +0.9% | -326.178 |   -18059.5 |    416 | _tray_size4_2486/D0
     1270 |      11 |     179 |       69 |     22 |   164 |    +0.9% | -326.178 |   -18059.5 |    416 | _tray_size4_2486/D0
     1270 |      11 |     179 |       69 |     22 |   164 |    +0.9% | -326.178 |   -18059.5 |    415 | _tray_size4_2486/D0
     1271 |      11 |     179 |       69 |     22 |   164 |    +0.9% | -326.178 |   -18059.5 |    414 | _tray_size4_2486/D0
     1272 |      11 |     179 |       69 |     22 |   164 |    +0.9% | -326.178 |   -18059.5 |    413 | _tray_size4_2486/D0
     1273 |      11 |     179 |       69 |     22 |   164 |    +0.9% | -326.178 |   -18059.5 |    412 | _tray_size4_2486/D0
     1274 |      11 |     179 |       69 |     22 |   164 |    +0.9% | -326.178 |   -18059.5 |    411 | _tray_size4_2486/D0
     1275 |      11 |     179 |       69 |     22 |   164 |    +0.9% | -326.178 |   -18059.5 |    410 | _tray_size4_2486/D0
     1278 |      11 |     181 |       69 |     22 |   164 |    +0.9% | -326.178 |   -18058.7 |    408 | _tray_size4_2486/D0
     1279 |      11 |     181 |       69 |     22 |   164 |    +0.9% | -326.178 |   -18058.7 |    407 | _tray_size4_2486/D0
     1280 |      11 |     181 |       69 |     22 |   164 |    +0.9% | -326.178 |   -18058.7 |    407 | _tray_size4_2486/D0
     1280 |      11 |     181 |       69 |     22 |   164 |    +0.9% | -326.178 |   -18058.7 |    406 | _tray_size4_2486/D0
     1281 |      11 |     181 |       69 |     22 |   164 |    +0.9% | -326.178 |   -18058.7 |    405 | _tray_size4_2486/D0
     1283 |      11 |     182 |       69 |     22 |   164 |    +0.9% | -326.178 |   -18051.7 |    403 | _tray_size4_2486/D0
     1284 |      11 |     182 |       69 |     22 |   164 |    +0.9% | -326.178 |   -18051.7 |    402 | _tray_size4_2486/D0
     1285 |      11 |     182 |       69 |     22 |   164 |    +0.9% | -326.178 |   -18051.7 |    401 | _tray_size4_2486/D0
     1286 |      11 |     182 |       69 |     22 |   164 |    +0.9% | -326.178 |   -18051.7 |    400 | _tray_size4_2486/D0
     1287 |      11 |     182 |       69 |     22 |   164 |    +0.9% | -326.178 |   -18051.7 |    399 | _tray_size4_2486/D0
     1290 |      11 |     183 |       69 |     22 |   165 |    +0.9% | -326.178 |   -18051.1 |    399 | _tray_size4_2486/D0
     1300 |      11 |     189 |       73 |     22 |   165 |    +1.0% | -326.178 |   -21938.2 |    399 | _tray_size4_2486/D0
     1300 |      11 |     183 |       69 |     22 |   165 |    +0.9% | -326.178 |   -18051.1 |    399 | _tray_size4_2486/D0
     1301 |      11 |     183 |       69 |     22 |   165 |    +0.9% | -326.178 |   -18051.1 |    398 | _tray_size4_2486/D0
     1302 |      11 |     183 |       69 |     22 |   165 |    +0.9% | -326.178 |   -18051.1 |    397 | _tray_size4_2486/D0
     1303 |      11 |     183 |       69 |     22 |   165 |    +0.9% | -326.178 |   -18051.1 |    396 | _tray_size4_2486/D0
     1304 |      11 |     183 |       69 |     22 |   165 |    +0.9% | -326.178 |   -18051.1 |    395 | _tray_size4_2486/D0
     1305 |      11 |     183 |       69 |     22 |   165 |    +0.9% | -326.178 |   -18051.1 |    394 | _tray_size4_2486/D0
     1306 |      11 |     183 |       69 |     22 |   165 |    +0.9% | -326.178 |   -18051.1 |    393 | _tray_size4_2486/D0
     1307 |      11 |     183 |       69 |     22 |   165 |    +0.9% | -326.178 |   -18051.1 |    392 | _tray_size4_2486/D0
     1308 |      11 |     183 |       69 |     22 |   165 |    +0.9% | -326.178 |   -18051.1 |    391 | _tray_size4_2486/D0
     1309 |      11 |     183 |       69 |     22 |   165 |    +0.9% | -326.178 |   -18051.1 |    390 | _tray_size4_2486/D0
     1310 |      11 |     183 |       69 |     22 |   165 |    +0.9% | -326.178 |   -18051.1 |    390 | _tray_size4_2486/D0
     1320 |      11 |     188 |       73 |     22 |   166 |    +1.0% | -326.178 |   -21955.2 |    390 | _tray_size4_2486/D0
     1330 |      11 |     193 |       78 |     22 |   166 |    +1.0% | -326.178 |   -27993.9 |    390 | _tray_size4_2486/D0
     1340 |      11 |     198 |       83 |     22 |   166 |    +1.1% | -326.178 |   -34076.5 |    390 | _tray_size4_2486/D0
     1350 |      11 |     204 |       87 |     22 |   166 |    +1.1% | -326.178 |   -38983.5 |    390 | _tray_size4_2486/D0
     1360 |      11 |     206 |       92 |     26 |   166 |    +1.2% | -326.178 |   -37382.2 |    390 | _tray_size4_2486/D0
     1361 |      11 |     183 |       69 |     22 |   166 |    +0.9% | -326.178 |   -18050.1 |    390 | _tray_size4_2486/D0
     1362 |      11 |     183 |       69 |     22 |   166 |    +0.9% | -326.178 |   -18050.1 |    389 | _tray_size4_2486/D0
     1368 |      11 |     183 |       69 |     22 |   166 |    +0.9% | -326.178 |   -18050.1 |    389 | _tray_size4_2486/D0
     1369 |      11 |     183 |       69 |     22 |   166 |    +0.9% | -326.178 |   -18050.1 |    388 | _tray_size4_2486/D0
     1370 |      11 |     183 |       69 |     22 |   166 |    +0.9% | -326.178 |   -18050.1 |    388 | _tray_size4_2486/D0
     1378 |      11 |     187 |       70 |     24 |   167 |    +1.0% | -326.178 |   -18120.6 |    386 | _tray_size4_2486/D0
     1379 |      11 |     187 |       70 |     24 |   167 |    +1.0% | -326.178 |   -18120.6 |    385 | _tray_size4_2486/D0
     1380 |      11 |     187 |       70 |     24 |   167 |    +1.0% | -326.178 |   -18120.6 |    385 | _tray_size4_2486/D0
     1380 |      11 |     187 |       70 |     24 |   167 |    +1.0% | -326.178 |   -18120.6 |    384 | _tray_size4_2486/D0
     1381 |      11 |     187 |       70 |     24 |   167 |    +1.0% | -326.178 |   -18120.6 |    383 | _tray_size4_2486/D0
     1382 |      11 |     187 |       70 |     24 |   167 |    +1.0% | -326.178 |   -18120.6 |    382 | _tray_size4_2486/D0
     1383 |      11 |     187 |       70 |     24 |   167 |    +1.0% | -326.178 |   -18120.6 |    381 | _tray_size4_2486/D0
     1390 |      11 |     191 |       71 |     24 |   168 |    +1.0% | -326.178 |   -18630.7 |    381 | _tray_size4_2486/D0
     1400 |      11 |     196 |       76 |     24 |   168 |    +1.0% | -326.178 |   -24424.2 |    381 | _tray_size4_2486/D0
     1400 |      11 |     188 |       70 |     24 |   168 |    +1.0% | -326.178 |   -18119.3 |    381 | _tray_size4_2486/D0
    1400* |      11 |     188 |       70 |     24 |   168 |    +1.0% | -326.178 |   -18119.3 |    297 | _tray_size4_2486/D0
    1401* |      11 |     188 |       70 |     24 |   168 |    +1.0% | -326.178 |   -18119.3 |    297 | _tray_size4_2486/D0
    1402* |      11 |     188 |       70 |     24 |   168 |    +1.0% | -326.178 |   -18119.3 |    297 | _tray_size4_2486/D0
    1404* |      11 |     189 |       70 |     24 |   168 |    +1.0% | -326.178 |   -18118.0 |    297 | _tray_size4_2486/D0
    1405* |      11 |     189 |       70 |     24 |   168 |    +1.0% | -326.178 |   -18118.0 |    297 | _tray_size4_2486/D0
    1406* |      11 |     189 |       70 |     24 |   168 |    +1.0% | -326.178 |   -18118.0 |    297 | _tray_size4_2486/D0
    1407* |      11 |     189 |       70 |     24 |   168 |    +1.0% | -326.178 |   -18118.0 |    297 | _tray_size4_2486/D0
    1408* |      11 |     189 |       70 |     24 |   168 |    +1.0% | -326.178 |   -18118.0 |    297 | _tray_size4_2486/D0
    1409* |      11 |     189 |       70 |     24 |   168 |    +1.0% | -326.178 |   -18118.0 |    297 | _tray_size4_2486/D0
    1410* |      11 |     189 |       70 |     24 |   168 |    +1.0% | -326.178 |   -18118.0 |    297 | _tray_size4_2486/D0
    1410* |      11 |     189 |       70 |     24 |   168 |    +1.0% | -326.178 |   -18118.0 |    297 | _tray_size4_2486/D0
    1411* |      11 |     189 |       70 |     24 |   168 |    +1.0% | -326.178 |   -18118.0 |    297 | _tray_size4_2486/D0
    1412* |      11 |     189 |       70 |     24 |   168 |    +1.0% | -326.178 |   -18118.0 |    297 | _tray_size4_2486/D0
    1413* |      11 |     189 |       70 |     24 |   168 |    +1.0% | -326.178 |   -18118.0 |    297 | _tray_size4_2486/D0
    1414* |      11 |     189 |       70 |     24 |   168 |    +1.0% | -326.178 |   -18118.0 |    297 | _tray_size4_2486/D0
    1415* |      11 |     189 |       70 |     24 |   168 |    +1.0% | -326.178 |   -18118.0 |    297 | _tray_size4_2486/D0
    1416* |      11 |     189 |       70 |     24 |   168 |    +1.0% | -326.178 |   -18118.0 |    297 | _tray_size4_2486/D0
    1418* |      11 |     190 |       70 |     24 |   168 |    +1.0% | -326.178 |   -18117.3 |    297 | _tray_size4_2486/D0
    1419* |      11 |     190 |       70 |     24 |   168 |    +1.0% | -326.178 |   -18117.3 |    297 | _tray_size4_2486/D0
    1420* |      11 |     190 |       70 |     24 |   168 |    +1.0% | -326.178 |   -18117.3 |    297 | _tray_size4_2486/D0
    1420* |      11 |     190 |       70 |     24 |   168 |    +1.0% | -326.178 |   -18117.3 |    297 | _tray_size4_2486/D0
    1421* |      11 |     190 |       70 |     24 |   168 |    +1.0% | -326.178 |   -18117.3 |    297 | _tray_size4_2486/D0
    1422* |      11 |     190 |       70 |     24 |   168 |    +1.0% | -326.178 |   -18117.3 |    297 | _tray_size4_2486/D0
    1423* |      11 |     190 |       70 |     24 |   168 |    +1.0% | -326.178 |   -18117.3 |    297 | _tray_size4_2486/D0
    1424* |      11 |     190 |       70 |     24 |   168 |    +1.0% | -326.178 |   -18117.3 |    297 | _tray_size4_2486/D0
    1425* |      11 |     190 |       70 |     24 |   168 |    +1.0% | -326.178 |   -18117.3 |    297 | _tray_size4_2486/D0
    1426* |      11 |     190 |       70 |     24 |   168 |    +1.0% | -326.178 |   -18117.3 |    297 | _tray_size4_2486/D0
    1427* |      11 |     190 |       70 |     24 |   168 |    +1.0% | -326.178 |   -18117.3 |    297 | _tray_size4_2486/D0
    1428* |      11 |     190 |       70 |     24 |   168 |    +1.0% | -326.178 |   -18117.3 |    297 | _tray_size4_2486/D0
    1429* |      11 |     190 |       70 |     24 |   168 |    +1.0% | -326.178 |   -18117.3 |    297 | _tray_size4_2486/D0
    1430* |      11 |     190 |       70 |     24 |   168 |    +1.0% | -326.178 |   -18117.3 |    297 | _tray_size4_2486/D0
    1430* |      11 |     190 |       70 |     24 |   168 |    +1.0% | -326.178 |   -18117.3 |    297 | _tray_size4_2486/D0
    1431* |      11 |     190 |       70 |     24 |   168 |    +1.0% | -326.178 |   -18117.3 |    297 | _tray_size4_2486/D0
    1432* |      11 |     190 |       70 |     24 |   168 |    +1.0% | -326.178 |   -18117.3 |    297 | _tray_size4_2486/D0
    1433* |      11 |     190 |       70 |     24 |   168 |    +1.0% | -326.178 |   -18117.3 |    297 | _tray_size4_2486/D0
    1434* |      11 |     190 |       70 |     24 |   168 |    +1.0% | -326.178 |   -18117.3 |    297 | _tray_size4_2486/D0
    1435* |      11 |     190 |       70 |     24 |   168 |    +1.0% | -326.178 |   -18117.3 |    297 | _tray_size4_2486/D0
    1436* |      11 |     190 |       70 |     24 |   168 |    +1.0% | -326.178 |   -18117.3 |    297 | _tray_size4_2486/D0
    1437* |      11 |     190 |       70 |     24 |   168 |    +1.0% | -326.178 |   -18117.3 |    297 | _tray_size4_2486/D0
    1438* |      11 |     190 |       70 |     24 |   168 |    +1.0% | -326.178 |   -18117.3 |    297 | _tray_size4_2486/D0
    1439* |      11 |     190 |       70 |     24 |   168 |    +1.0% | -326.178 |   -18117.3 |    297 | _tray_size4_2486/D0
    1440* |      11 |     190 |       70 |     24 |   168 |    +1.0% | -326.178 |   -18117.3 |    297 | _tray_size4_2486/D0
    1440* |      11 |     190 |       70 |     24 |   168 |    +1.0% | -326.178 |   -18117.3 |    297 | _tray_size4_2486/D0
    1441* |      11 |     190 |       70 |     24 |   168 |    +1.0% | -326.178 |   -18117.3 |    297 | _tray_size4_2486/D0
    1442* |      11 |     190 |       70 |     24 |   168 |    +1.0% | -326.178 |   -18117.3 |    297 | _tray_size4_2486/D0
    1443* |      11 |     190 |       70 |     24 |   168 |    +1.0% | -326.178 |   -18117.3 |    297 | _tray_size4_2486/D0
    1444* |      11 |     190 |       70 |     24 |   168 |    +1.0% | -326.178 |   -18117.3 |    297 | _tray_size4_2486/D0
    1445* |      11 |     190 |       70 |     24 |   168 |    +1.0% | -326.178 |   -18117.3 |    297 | _tray_size4_2486/D0
    1446* |      11 |     190 |       70 |     24 |   168 |    +1.0% | -326.178 |   -18117.3 |    297 | _tray_size4_2486/D0
    1447* |      11 |     190 |       70 |     24 |   168 |    +1.0% | -326.178 |   -18117.3 |    297 | _tray_size4_2486/D0
    1448* |      11 |     190 |       70 |     24 |   168 |    +1.0% | -326.178 |   -18117.3 |    297 | _tray_size4_2486/D0
    1449* |      11 |     190 |       70 |     24 |   168 |    +1.0% | -326.178 |   -18117.3 |    297 | _tray_size4_2486/D0
    1450* |      11 |     190 |       70 |     24 |   168 |    +1.0% | -326.178 |   -18117.3 |    297 | _tray_size4_2486/D0
    1450* |      11 |     190 |       70 |     24 |   168 |    +1.0% | -326.178 |   -18117.3 |    297 | _tray_size4_2486/D0
    1451* |      11 |     190 |       70 |     24 |   168 |    +1.0% | -326.178 |   -18117.3 |    297 | _tray_size4_2486/D0
    1452* |      11 |     190 |       70 |     24 |   168 |    +1.0% | -326.178 |   -18117.3 |    297 | _tray_size4_2486/D0
    1453* |      11 |     190 |       70 |     24 |   168 |    +1.0% | -326.178 |   -18117.3 |    297 | _tray_size4_2486/D0
    1456* |      11 |     192 |       70 |     24 |   168 |    +1.0% | -326.178 |   -18111.5 |    297 | _tray_size4_2486/D0
    1457* |      11 |     192 |       70 |     24 |   168 |    +1.0% | -326.178 |   -18111.5 |    297 | _tray_size4_2486/D0
    1458* |      11 |     192 |       70 |     24 |   168 |    +1.0% | -326.178 |   -18111.5 |    297 | _tray_size4_2486/D0
    1459* |      11 |     192 |       70 |     24 |   168 |    +1.0% | -326.178 |   -18111.5 |    297 | _tray_size4_2486/D0
    1460* |      11 |     192 |       70 |     24 |   168 |    +1.0% | -326.178 |   -18111.5 |    297 | _tray_size4_2486/D0
    1460* |      11 |     192 |       70 |     24 |   168 |    +1.0% | -326.178 |   -18111.5 |    297 | _tray_size4_2486/D0
    1461* |      11 |     192 |       70 |     24 |   168 |    +1.0% | -326.178 |   -18111.5 |    297 | _tray_size4_2486/D0
    1462* |      11 |     192 |       70 |     24 |   168 |    +1.0% | -326.178 |   -18111.5 |    297 | _tray_size4_2486/D0
    1467* |      11 |     193 |       70 |     24 |   171 |    +1.0% | -326.178 |   -18108.7 |    297 | _tray_size4_2486/D0
    1470* |      11 |     193 |       70 |     24 |   173 |    +1.0% | -326.178 |   -18108.0 |    297 | _tray_size4_2486/D0
    1470* |      11 |     193 |       70 |     24 |   173 |    +1.0% | -326.178 |   -18108.0 |    297 | _tray_size4_2486/D0
    1471* |      11 |     193 |       70 |     24 |   173 |    +1.0% | -326.178 |   -18108.0 |    297 | _tray_size4_2486/D0
    1473* |      11 |     194 |       70 |     24 |   173 |    +1.0% | -326.178 |   -18106.2 |    297 | _tray_size4_2486/D0
    1475* |      11 |     195 |       70 |     24 |   173 |    +1.0% | -326.178 |   -18105.7 |    297 | _tray_size4_2486/D0
    1477* |      11 |     195 |       70 |     24 |   174 |    +1.0% | -326.178 |   -18105.5 |    297 | _tray_size4_2486/D0
    1478* |      11 |     195 |       70 |     24 |   174 |    +1.0% | -326.178 |   -18105.5 |    297 | _tray_size4_2486/D0
    1479* |      11 |     195 |       70 |     24 |   174 |    +1.0% | -326.178 |   -18105.5 |    297 | _tray_size4_2486/D0
    1480* |      11 |     195 |       70 |     24 |   174 |    +1.0% | -326.178 |   -18105.5 |    297 | _tray_size4_2486/D0
    1480* |      11 |     195 |       70 |     24 |   174 |    +1.0% | -326.178 |   -18105.5 |    297 | _tray_size4_2486/D0
    1481* |      11 |     195 |       70 |     24 |   174 |    +1.0% | -326.178 |   -18105.5 |    297 | _tray_size4_2486/D0
    1482* |      11 |     195 |       70 |     24 |   174 |    +1.0% | -326.178 |   -18105.5 |    297 | _tray_size4_2486/D0
    1483* |      11 |     195 |       70 |     24 |   174 |    +1.0% | -326.178 |   -18105.5 |    297 | _tray_size4_2486/D0
    1484* |      11 |     195 |       70 |     24 |   174 |    +1.0% | -326.178 |   -18105.5 |    297 | _tray_size4_2486/D0
    1485* |      11 |     195 |       70 |     24 |   174 |    +1.0% | -326.178 |   -18105.5 |    297 | _tray_size4_2486/D0
    1486* |      11 |     195 |       70 |     24 |   174 |    +1.0% | -326.178 |   -18105.5 |    297 | _tray_size4_2486/D0
    1487* |      11 |     195 |       70 |     24 |   174 |    +1.0% | -326.178 |   -18105.5 |    297 | _tray_size4_2486/D0
    1488* |      11 |     195 |       70 |     24 |   174 |    +1.0% | -326.178 |   -18105.5 |    297 | _tray_size4_2486/D0
    1489* |      11 |     195 |       70 |     24 |   174 |    +1.0% | -326.178 |   -18105.5 |    297 | _tray_size4_2486/D0
    1490* |      11 |     195 |       70 |     24 |   174 |    +1.0% | -326.178 |   -18105.5 |    297 | _tray_size4_2486/D0
    1490* |      11 |     195 |       70 |     24 |   174 |    +1.0% | -326.178 |   -18105.5 |    297 | _tray_size4_2486/D0
    1491* |      11 |     195 |       70 |     24 |   174 |    +1.0% | -326.178 |   -18105.5 |    297 | _tray_size4_2486/D0
    1492* |      11 |     195 |       70 |     24 |   174 |    +1.0% | -326.178 |   -18105.5 |    297 | _tray_size4_2486/D0
    1493* |      11 |     195 |       70 |     24 |   174 |    +1.0% | -326.178 |   -18105.5 |    297 | _tray_size4_2486/D0
    1494* |      11 |     195 |       70 |     24 |   174 |    +1.0% | -326.178 |   -18105.5 |    297 | _tray_size4_2486/D0
    1495* |      11 |     195 |       70 |     24 |   174 |    +1.0% | -326.178 |   -18105.5 |    297 | _tray_size4_2486/D0
    1496* |      11 |     195 |       70 |     24 |   174 |    +1.0% | -326.178 |   -18105.5 |    297 | _tray_size4_2486/D0
    1497* |      11 |     195 |       70 |     24 |   174 |    +1.0% | -326.178 |   -18105.5 |    297 | _tray_size4_2486/D0
    1498* |      11 |     195 |       70 |     24 |   174 |    +1.0% | -326.178 |   -18105.5 |    297 | _tray_size4_2486/D0
    1499* |      11 |     195 |       70 |     24 |   174 |    +1.0% | -326.178 |   -18105.5 |    297 | _tray_size4_2486/D0
    1500* |      11 |     195 |       70 |     24 |   174 |    +1.0% | -326.178 |   -18105.5 |    297 | _tray_size4_2486/D0
    1501* |      11 |     195 |       70 |     24 |   174 |    +1.0% | -326.178 |   -18105.5 |    297 | _tray_size4_2486/D0
    1502* |      11 |     195 |       70 |     24 |   174 |    +1.0% | -326.178 |   -18105.5 |    297 | _tray_size4_2486/D0
    1503* |      11 |     195 |       70 |     24 |   174 |    +1.0% | -326.178 |   -18105.5 |    297 | _tray_size4_2486/D0
    1504* |      11 |     195 |       70 |     24 |   174 |    +1.0% | -326.178 |   -18105.5 |    297 | _tray_size4_2486/D0
    1505* |      11 |     195 |       70 |     24 |   174 |    +1.0% | -326.178 |   -18105.5 |    297 | _tray_size4_2486/D0
    1506* |      11 |     195 |       70 |     24 |   174 |    +1.0% | -326.178 |   -18105.5 |    297 | _tray_size4_2486/D0
    1507* |      11 |     195 |       70 |     24 |   174 |    +1.0% | -326.178 |   -18105.5 |    297 | _tray_size4_2486/D0
    1508* |      11 |     195 |       70 |     24 |   174 |    +1.0% | -326.178 |   -18105.5 |    297 | _tray_size4_2486/D0
    1509* |      11 |     195 |       70 |     24 |   174 |    +1.0% | -326.178 |   -18105.5 |    297 | _tray_size4_2486/D0
    1510* |      11 |     195 |       70 |     24 |   174 |    +1.0% | -326.178 |   -18105.5 |    297 | _tray_size4_2486/D0
    1510* |      11 |     195 |       70 |     24 |   174 |    +1.0% | -326.178 |   -18105.5 |    297 | _tray_size4_2486/D0
    1511* |      11 |     195 |       70 |     24 |   174 |    +1.0% | -326.178 |   -18105.5 |    297 | _tray_size4_2486/D0
    1512* |      11 |     195 |       70 |     24 |   174 |    +1.0% | -326.178 |   -18105.5 |    297 | _tray_size4_2486/D0
    1513* |      11 |     195 |       70 |     24 |   174 |    +1.0% | -326.178 |   -18105.5 |    297 | _tray_size4_2486/D0
    1514* |      11 |     195 |       70 |     24 |   174 |    +1.0% | -326.178 |   -18105.5 |    297 | _tray_size4_2486/D0
    1515* |      11 |     195 |       70 |     24 |   174 |    +1.0% | -326.178 |   -18105.5 |    297 | _tray_size4_2486/D0
    1516* |      11 |     195 |       70 |     24 |   174 |    +1.0% | -326.178 |   -18105.5 |    297 | _tray_size4_2486/D0
    1517* |      11 |     195 |       70 |     24 |   174 |    +1.0% | -326.178 |   -18105.5 |    297 | _tray_size4_2486/D0
    1518* |      11 |     195 |       70 |     24 |   174 |    +1.0% | -326.178 |   -18105.5 |    297 | _tray_size4_2486/D0
    1519* |      11 |     195 |       70 |     24 |   174 |    +1.0% | -326.178 |   -18105.5 |    297 | _tray_size4_2486/D0
    1520* |      11 |     195 |       70 |     24 |   174 |    +1.0% | -326.178 |   -18105.5 |    297 | _tray_size4_2486/D0
    1520* |      11 |     195 |       70 |     24 |   174 |    +1.0% | -326.178 |   -18105.5 |    297 | _tray_size4_2486/D0
    1521* |      11 |     195 |       70 |     24 |   174 |    +1.0% | -326.178 |   -18105.5 |    297 | _tray_size4_2486/D0
    1522* |      11 |     195 |       70 |     24 |   174 |    +1.0% | -326.178 |   -18105.5 |    297 | _tray_size4_2486/D0
    1523* |      11 |     195 |       70 |     24 |   174 |    +1.0% | -326.178 |   -18105.5 |    297 | _tray_size4_2486/D0
    1524* |      11 |     195 |       70 |     24 |   174 |    +1.0% | -326.178 |   -18105.5 |    297 | _tray_size4_2486/D0
    1525* |      11 |     195 |       70 |     24 |   174 |    +1.0% | -326.178 |   -18105.5 |    297 | _tray_size4_2486/D0
    1526* |      11 |     195 |       70 |     24 |   174 |    +1.0% | -326.178 |   -18105.5 |    297 | _tray_size4_2486/D0
    1527* |      11 |     195 |       70 |     24 |   174 |    +1.0% | -326.178 |   -18105.5 |    297 | _tray_size4_2486/D0
    1528* |      11 |     195 |       70 |     24 |   174 |    +1.0% | -326.178 |   -18105.5 |    297 | _tray_size4_2486/D0
    1529* |      11 |     195 |       70 |     24 |   174 |    +1.0% | -326.178 |   -18105.5 |    297 | _tray_size4_2486/D0
    1530* |      11 |     195 |       70 |     24 |   174 |    +1.0% | -326.178 |   -18105.5 |    297 | _tray_size4_2486/D0
    1530* |      11 |     195 |       70 |     24 |   174 |    +1.0% | -326.178 |   -18105.5 |    297 | _tray_size4_2486/D0
    1531* |      11 |     195 |       70 |     24 |   174 |    +1.0% | -326.178 |   -18105.5 |    297 | _tray_size4_2486/D0
    1532* |      11 |     195 |       70 |     24 |   174 |    +1.0% | -326.178 |   -18105.5 |    297 | _tray_size4_2486/D0
    1533* |      11 |     195 |       70 |     24 |   174 |    +1.0% | -326.178 |   -18105.5 |    297 | _tray_size4_2486/D0
    1534* |      11 |     195 |       70 |     24 |   174 |    +1.0% | -326.178 |   -18105.5 |    297 | _tray_size4_2486/D0
    1535* |      11 |     195 |       70 |     24 |   174 |    +1.0% | -326.178 |   -18105.5 |    297 | _tray_size4_2486/D0
    1536* |      11 |     195 |       70 |     24 |   174 |    +1.0% | -326.178 |   -18105.5 |    297 | _tray_size4_2486/D0
    1537* |      11 |     195 |       70 |     24 |   174 |    +1.0% | -326.178 |   -18105.5 |    297 | _tray_size4_2486/D0
    1538* |      11 |     195 |       70 |     24 |   174 |    +1.0% | -326.178 |   -18105.5 |    297 | _tray_size4_2486/D0
    1539* |      11 |     195 |       70 |     24 |   174 |    +1.0% | -326.178 |   -18105.5 |    297 | _tray_size4_2486/D0
    1540* |      11 |     195 |       70 |     24 |   174 |    +1.0% | -326.178 |   -18105.5 |    297 | _tray_size4_2486/D0
    1540* |      11 |     195 |       70 |     24 |   174 |    +1.0% | -326.178 |   -18105.5 |    297 | _tray_size4_2486/D0
    1541* |      11 |     195 |       70 |     24 |   174 |    +1.0% | -326.178 |   -18105.5 |    297 | _tray_size4_2486/D0
    1542* |      11 |     195 |       70 |     24 |   174 |    +1.0% | -326.178 |   -18105.5 |    297 | _tray_size4_2486/D0
    1543* |      11 |     195 |       70 |     24 |   174 |    +1.0% | -326.178 |   -18105.5 |    297 | _tray_size4_2486/D0
    1544* |      11 |     195 |       70 |     24 |   174 |    +1.0% | -326.178 |   -18105.5 |    297 | _tray_size4_2486/D0
    1545* |      11 |     195 |       70 |     24 |   174 |    +1.0% | -326.178 |   -18105.5 |    297 | _tray_size4_2486/D0
    1546* |      11 |     195 |       70 |     24 |   174 |    +1.0% | -326.178 |   -18105.5 |    297 | _tray_size4_2486/D0
    1547* |      11 |     195 |       70 |     24 |   174 |    +1.0% | -326.178 |   -18105.5 |    297 | _tray_size4_2486/D0
    1548* |      11 |     195 |       70 |     24 |   174 |    +1.0% | -326.178 |   -18105.5 |    297 | _tray_size4_2486/D0
    1549* |      11 |     195 |       70 |     24 |   174 |    +1.0% | -326.178 |   -18105.5 |    297 | _tray_size4_2486/D0
    1550* |      11 |     195 |       70 |     24 |   174 |    +1.0% | -326.178 |   -18105.5 |    297 | _tray_size4_2486/D0
    1550* |      11 |     195 |       70 |     24 |   174 |    +1.0% | -326.178 |   -18105.5 |    297 | _tray_size4_2486/D0
    1556* |      11 |     200 |       70 |     24 |   174 |    +1.0% | -326.178 |   -17888.1 |    295 | _tray_size4_2486/D0
    1558* |      11 |     201 |       70 |     24 |   174 |    +1.0% | -326.178 |   -17886.3 |    293 | _tray_size4_2486/D0
    1560* |      11 |     202 |       70 |     24 |   174 |    +1.0% | -326.178 |   -17884.2 |    293 | _tray_size4_2486/D0
    1561* |      11 |     203 |       70 |     24 |   174 |    +1.0% | -326.178 |   -17865.0 |    291 | _tray_size4_2486/D0
    1563* |      11 |     204 |       70 |     24 |   174 |    +1.0% | -326.178 |   -17863.2 |    289 | _tray_size4_2486/D0
    1565* |      11 |     205 |       70 |     24 |   174 |    +1.0% | -326.178 |   -17861.8 |    289 | _tray_size4_2486/D0
    1567* |      11 |     206 |       70 |     24 |   174 |    +1.0% | -326.178 |   -17860.5 |    289 | _tray_size4_2486/D0
    1568* |      11 |     206 |       70 |     24 |   174 |    +1.0% | -326.178 |   -17860.5 |    288 | _tray_size4_2486/D0
    1569* |      11 |     206 |       70 |     24 |   174 |    +1.0% | -326.178 |   -17860.5 |    288 | _tray_size4_2486/D0
    1570* |      11 |     206 |       70 |     24 |   174 |    +1.0% | -326.178 |   -17860.5 |    288 | _tray_size4_2486/D0
    1571* |      11 |     207 |       70 |     24 |   174 |    +1.0% | -326.178 |   -17858.7 |    288 | _tray_size4_2486/D0
    1572* |      11 |     207 |       70 |     24 |   174 |    +1.0% | -326.178 |   -17858.7 |    287 | _tray_size4_2486/D0
    1573* |      11 |     207 |       70 |     24 |   174 |    +1.0% | -326.178 |   -17858.7 |    287 | _tray_size4_2486/D0
    1574* |      11 |     207 |       70 |     24 |   174 |    +1.0% | -326.178 |   -17858.7 |    286 | _tray_size4_2486/D0
    1576* |      11 |     208 |       70 |     24 |   174 |    +1.0% | -326.178 |   -17857.5 |    286 | _tray_size4_2486/D0
    1577* |      11 |     208 |       70 |     24 |   174 |    +1.0% | -326.178 |   -17857.5 |    285 | _tray_size4_2486/D0
    1578* |      11 |     208 |       70 |     24 |   174 |    +1.0% | -326.178 |   -17857.5 |    284 | _tray_size4_2486/D0
    1580* |      11 |     209 |       70 |     24 |   174 |    +1.0% | -326.178 |   -17856.0 |    284 | _tray_size4_2486/D0
    1580* |      11 |     209 |       70 |     24 |   174 |    +1.0% | -326.178 |   -17856.0 |    284 | _tray_size4_2486/D0
    1581* |      11 |     209 |       70 |     24 |   174 |    +1.0% | -326.178 |   -17856.0 |    283 | _tray_size4_2486/D0
    1583* |      11 |     210 |       70 |     24 |   174 |    +1.0% | -326.178 |   -17854.4 |    283 | _tray_size4_2486/D0
    1585* |      11 |     211 |       70 |     24 |   174 |    +1.0% | -326.178 |   -17853.0 |    283 | _tray_size4_2486/D0
    1586* |      11 |     211 |       70 |     24 |   174 |    +1.0% | -326.178 |   -17853.0 |    282 | _tray_size4_2486/D0
    1587* |      11 |     211 |       70 |     24 |   174 |    +1.0% | -326.178 |   -17853.0 |    281 | _tray_size4_2486/D0
    1588* |      11 |     211 |       70 |     24 |   174 |    +1.0% | -326.178 |   -17853.0 |    280 | _tray_size4_2486/D0
    1589* |      11 |     211 |       70 |     24 |   174 |    +1.0% | -326.178 |   -17853.0 |    279 | _tray_size4_2486/D0
    1590* |      11 |     211 |       70 |     24 |   174 |    +1.0% | -326.178 |   -17853.0 |    279 | _tray_size4_2486/D0
    1591* |      11 |     212 |       70 |     24 |   174 |    +1.0% | -326.178 |   -17852.2 |    279 | _tray_size4_2486/D0
    1595* |      11 |     215 |       70 |     24 |   174 |    +1.0% | -326.178 |   -17691.3 |    279 | _tray_size4_2486/D0
    1596* |      11 |     215 |       70 |     24 |   174 |    +1.0% | -326.178 |   -17691.3 |    279 | _tray_size4_2486/D0
    1597* |      11 |     215 |       70 |     24 |   174 |    +1.0% | -326.178 |   -17691.3 |    278 | _tray_size4_2486/D0
    1600* |      11 |     217 |       70 |     24 |   174 |    +1.0% | -326.178 |   -17684.8 |    277 | _tray_size4_2486/D0
    final |      11 |     217 |       70 |     24 |   174 |    +1.0% | -326.178 |   -17684.8 |    277 | _tray_size4_2486/D0
--------------------------------------------------------------------------------------------------------------
[INFO RSZ-0059] Removed 11 buffers.
[INFO RSZ-0045] Inserted 70 buffers, 2 to split loads.
[INFO RSZ-0051] Resized 217 instances: 217 up, 0 up match, 0 down, 0 VT
[INFO RSZ-0043] Swapped pins on 174 instances.
[INFO RSZ-0049] Cloned 24 instances.
[WARNING RSZ-0062] Unable to repair all setup violations.
[INFO RSZ-0033] No hold violations found.
Took 33 seconds: repair_timing -setup_margin 0 -hold_margin 0 -repair_tns 100 -verbose
global_route -start_incremental
detailed_placement
[INFO DPL-0005] Max displacement: +/- 500 sites horizontally, +/- 100 rows vertically.
Movements Summary
---------------------------------------
Total cells:                   11764
Diamond Move Success:          11764 (100.00%)
Diamond Move Failure:              0
Rip-up and replace Success:        0 (  0.00% of diamond failures)
Rip-up and replace Failure:        0
Total Placement Failures:          0
---------------------------------------
Placement Analysis
---------------------------------
total displacement        229.9 u
average displacement        0.0 u
max displacement            1.5 u
original HPWL           41224.3 u
legalized HPWL          41403.1 u
delta HPWL                    0 %

global_route -end_incremental -congestion_report_file ./reports/asap7/mock-alu/baseline_alpha_16-beta_0.1/congestion_post_repair_timing.rpt
global_route -start_incremental
global_route -end_incremental -congestion_report_file ./reports/asap7/mock-alu/baseline_alpha_16-beta_0.1/congestion_post_recover_power.rpt
Repair antennas...
[WARNING GRT-0246] No diode with LEF class CORE ANTENNACELL found.
[INFO ANT-0002] Found 0 net violations.
[INFO ANT-0001] Found 0 pin violations.
Estimate parasitics...
estimate_parasitics -global_routing
Report metrics stage 5, global route...

==========================================================================
global route report_design_area
--------------------------------------------------------------------------
Design area 1613 um^2 57% utilization.
[INFO FLW-0007] clock clock period 300.000000
[INFO FLW-0008] Clock clock period 595.542
[INFO FLW-0009] Clock clock slack -326.887
[INFO FLW-0011] Path endpoint path count 1598
write_db ./results/asap7/mock-alu/baseline_alpha_16-beta_0.1/5_1_grt.odb
write_sdc -no_timestamp ./results/asap7/mock-alu/baseline_alpha_16-beta_0.1/5_1_grt.sdc
Elapsed time: 1:07.16[h:]min:sec. CPU time: user 1212.96 sys 14.74 (1828%). Peak memory: 565568KB.
Log                        Elapsed/s Peak Memory/MB  sha1sum .odb [0:20)
5_1_grt                           67            552 dad597406ce1d39f93fb
