OpenROAD 1447ce3293b9688b91b8c635d3811ac25a1ea20f 
Features included (+) or not (-): +GPU +GUI +Python
This program is licensed under the BSD-3 license. See the LICENSE file for details.
Components of this program may be licensed under more restrictive licenses which must be honored.
[INFO ORD-0030] Using 32 thread(s).
source /home/lucast/workspace/OR-flow-TCC/flow/platforms/asap7/liberty_suppressions.tcl
read_liberty /home/lucast/workspace/OR-flow-TCC/flow/platforms/asap7/lib/NLDM/asap7sc7p5t_AO_RVT_FF_nldm_211120.lib.gz
read_liberty /home/lucast/workspace/OR-flow-TCC/flow/platforms/asap7/lib/NLDM/asap7sc7p5t_INVBUF_RVT_FF_nldm_220122.lib.gz
read_liberty /home/lucast/workspace/OR-flow-TCC/flow/platforms/asap7/lib/NLDM/asap7sc7p5t_OA_RVT_FF_nldm_211120.lib.gz
read_liberty /home/lucast/workspace/OR-flow-TCC/flow/platforms/asap7/lib/NLDM/asap7sc7p5t_SIMPLE_RVT_FF_nldm_211120.lib.gz
read_liberty /home/lucast/workspace/OR-flow-TCC/flow/platforms/asap7/lib/NLDM/asap7sc7p5t_SEQ_RVT_FF_nldm_220123.lib
read_liberty /home/lucast/workspace/OR-flow-TCC/flow/platforms/asap7/lib/NLDM/fakeram7_256x32.lib
read_liberty /home/lucast/workspace/OR-flow-TCC/flow/platforms/asap7/lib/NLDM/asap7sc7p5t_DFFHQNH2V2X_RVT_TT_nldm_FAKE.lib
read_liberty /home/lucast/workspace/OR-flow-TCC/flow/platforms/asap7/lib/NLDM/asap7sc7p5t_DFFHQNV2X_RVT_TT_nldm_FAKE.lib
read_db -hier ./results/asap7/riscv32i/modified_mcf_alpha_8-beta_0.1-run1/4_cts.odb
[WARNING ORD-0012] Hierarchical flow (-hier) is currently in development and may cause multiple issues. Do not use in production environments.
source /home/lucast/workspace/OR-flow-TCC/flow/platforms/asap7/setRC.tcl
pin_access
[INFO DRT-0149] Reading tech and libs.

Units:                1000
Number of layers:     21
Number of macros:     231
Number of vias:       15
Number of viarulegen: 11

[INFO DRT-0150] Reading design.
[WARNING DRT-0120] Large net net2406 has 106 pins which may impact routing performance. Consider optimization.

Design:                   riscv_top
Die area:                 ( 0 0 ) ( 73373 73373 )
Number of track patterns: 32
Number of DEF vias:       0
Number of components:     10007
Number of terminals:      137
Number of snets:          2
Number of nets:           10554

[INFO DRT-0167] List of default vias:
  Layer V2
    default via: VIA23
  Layer V3
    default via: VIA34
  Layer V4
    default via: VIA45
  Layer V5
    default via: VIA56
  Layer V6
    default via: VIA67
  Layer V7
    default via: VIA78
  Layer V8
    default via: VIA89
  Layer V9
    default via: VIA9Pad
[INFO DRT-0162] Library cell analysis.
[INFO DRT-0163] Instance analysis.
[INFO DRT-0164] Number of unique instances = 253.
[INFO DRT-0168] Init region query.
[INFO DRT-0024]   Complete Active.
[INFO DRT-0024]   Complete V0.
[INFO DRT-0024]   Complete M1.
[INFO DRT-0024]   Complete V1.
[INFO DRT-0024]   Complete M2.
[INFO DRT-0024]   Complete V2.
[INFO DRT-0024]   Complete M3.
[INFO DRT-0024]   Complete V3.
[INFO DRT-0024]   Complete M4.
[INFO DRT-0024]   Complete V4.
[INFO DRT-0024]   Complete M5.
[INFO DRT-0024]   Complete V5.
[INFO DRT-0024]   Complete M6.
[INFO DRT-0024]   Complete V6.
[INFO DRT-0024]   Complete M7.
[INFO DRT-0024]   Complete V7.
[INFO DRT-0024]   Complete M8.
[INFO DRT-0024]   Complete V8.
[INFO DRT-0024]   Complete M9.
[INFO DRT-0024]   Complete V9.
[INFO DRT-0024]   Complete Pad.
[INFO DRT-0033] Active shape region query size = 0.
[INFO DRT-0033] V0 shape region query size = 0.
[INFO DRT-0033] M1 shape region query size = 176932.
[INFO DRT-0033] V1 shape region query size = 189697.
[INFO DRT-0033] M2 shape region query size = 5732.
[INFO DRT-0033] V2 shape region query size = 4347.
[INFO DRT-0033] M3 shape region query size = 4099.
[INFO DRT-0033] V3 shape region query size = 2562.
[INFO DRT-0033] M4 shape region query size = 4021.
[INFO DRT-0033] V4 shape region query size = 3937.
[INFO DRT-0033] M5 shape region query size = 2443.
[INFO DRT-0033] V5 shape region query size = 576.
[INFO DRT-0033] M6 shape region query size = 336.
[INFO DRT-0033] V6 shape region query size = 0.
[INFO DRT-0033] M7 shape region query size = 0.
[INFO DRT-0033] V7 shape region query size = 0.
[INFO DRT-0033] M8 shape region query size = 0.
[INFO DRT-0033] V8 shape region query size = 0.
[INFO DRT-0033] M9 shape region query size = 0.
[INFO DRT-0033] V9 shape region query size = 0.
[INFO DRT-0033] Pad shape region query size = 0.
[INFO DRT-0165] Start pin access.
[INFO DRT-0076]   Complete 1000 pins.
[INFO DRT-0078]   Complete 1744 pins.
[INFO DRT-0079]   Complete 100 unique inst patterns.
[INFO DRT-0079]   Complete 200 unique inst patterns.
[INFO DRT-0081]   Complete 250 unique inst patterns.
[INFO DRT-0084]   Complete 5437 groups.
#scanned instances     = 10007
#unique  instances     = 253
#stdCellGenAp          = 8107
#stdCellValidPlanarAp  = 70
#stdCellValidViaAp     = 6405
#stdCellPinNoAp        = 0
#stdCellPinCnt         = 35097
#instTermValidViaApCnt = 0
#macroGenAp            = 225
#macroValidPlanarAp    = 225
#macroValidViaAp       = 0
#macroNoAp             = 0
[INFO DRT-0166] Complete pin access.
[INFO DRT-0267] cpu time = 00:06:17, elapsed time = 00:00:16, memory = 270.15 (MB), peak = 265.36 (MB)
Took 16 seconds: pin_access
global_route -congestion_report_file ./reports/asap7/riscv32i/modified_mcf_alpha_8-beta_0.1-run1/congestion.rpt -congestion_iterations 30 -congestion_report_iter_step 5 -verbose
[INFO GRT-0020] Min routing layer: M2
[INFO GRT-0021] Max routing layer: M7
[INFO GRT-0022] Global adjustment: 0%
[INFO GRT-0023] Grid origin: (0, 0)
[INFO GRT-0088] Layer M1      Track-Pitch = 0.0360  line-2-Via Pitch: 0.0360
[INFO GRT-0088] Layer M2      Track-Pitch = 0.0390  line-2-Via Pitch: 0.0360
[INFO GRT-0088] Layer M3      Track-Pitch = 0.0360  line-2-Via Pitch: 0.0360
[INFO GRT-0088] Layer M4      Track-Pitch = 0.0480  line-2-Via Pitch: 0.0480
[INFO GRT-0088] Layer M5      Track-Pitch = 0.0480  line-2-Via Pitch: 0.0480
[INFO GRT-0088] Layer M6      Track-Pitch = 0.0640  line-2-Via Pitch: 0.0640
[INFO GRT-0088] Layer M7      Track-Pitch = 0.0640  line-2-Via Pitch: 0.0640
[INFO GRT-0003] Macros: 4
[INFO GRT-0004] Blockages: 3276
[INFO GRT-0019] Found 44 clock nets.
[INFO GRT-0001] Minimum degree: 2
[INFO GRT-0002] Maximum degree: 106

[INFO GRT-0053] Routing resources analysis:
          Routing      Original      Derated      Resource
Layer     Direction    Resources     Resources    Reduction (%)
---------------------------------------------------------------
M1         Vertical            0             0          0.00%
M2         Horizontal     159090        115062          27.67%
M3         Vertical       183790        136632          25.66%
M4         Horizontal     140478        104792          25.40%
M5         Vertical       159929        116848          26.94%
M6         Horizontal     131556         89180          32.21%
M7         Vertical       145542         98171          32.55%
---------------------------------------------------------------

[INFO GRT-0101] Running extra iterations to remove overflow.
[INFO GRT-0102] Start extra iteration 1/30
[INFO GRT-0102] Start extra iteration 2/30
[INFO GRT-0102] Start extra iteration 3/30
[INFO GRT-0102] Start extra iteration 4/30
[INFO GRT-0197] Via related to pin nodes: 66631
[INFO GRT-0198] Via related Steiner nodes: 2344
[INFO GRT-0199] Via filling finished.
[INFO GRT-0111] Final number of vias: 87733
[INFO GRT-0112] Final usage 3D: 361173

[INFO GRT-0096] Final congestion report:
Layer         Resource        Demand        Usage (%)    Max H / Max V / Total Overflow
---------------------------------------------------------------------------------------
M1                   0             0            0.00%             0 /  0 /  0
M2              115062         29622           25.74%             0 /  0 /  0
M3              136632         35828           26.22%             0 /  0 /  0
M4              104792         14716           14.04%             0 /  0 /  0
M5              116848         10243            8.77%             0 /  0 /  0
M6               89180          7077            7.94%             0 /  0 /  0
M7               98171           488            0.50%             0 /  0 /  0
---------------------------------------------------------------------------------------
Total           660685         97974           14.83%             0 /  0 /  0

[INFO GRT-0018] Total wirelength: 73671 um
[INFO GRT-0014] Routed nets: 10513
[INFO GRT-0303] Global routing runtime = 00:00:01
estimate_parasitics -global_routing
Perform buffer insertion and gate resizing...
repair_design -verbose
Iteration |   Area    | Resized | Buffers | Nets repaired | Remaining
---------------------------------------------------------------------
        0 |     +0.0% |       0 |       0 |             0 |     10577
     1000 |     +0.0% |       0 |       0 |             0 |      9577
     2000 |     +0.0% |       0 |       0 |             0 |      8577
[WARNING RSZ-0104] Net _01127_ only has one pin. Check if it is intended to be dangling.
[WARNING RSZ-0104] Net _01155_ only has one pin. Check if it is intended to be dangling.
[WARNING RSZ-0104] Net _01147_ only has one pin. Check if it is intended to be dangling.
[WARNING RSZ-0104] Net _01123_ only has one pin. Check if it is intended to be dangling.
[WARNING RSZ-0104] Net _01199_ only has one pin. Check if it is intended to be dangling.
[WARNING RSZ-0104] Net _01187_ only has one pin. Check if it is intended to be dangling.
[WARNING RSZ-0104] Net _01183_ only has one pin. Check if it is intended to be dangling.
[WARNING RSZ-0104] Net _01171_ only has one pin. Check if it is intended to be dangling.
[WARNING RSZ-0104] Net _01167_ only has one pin. Check if it is intended to be dangling.
[WARNING RSZ-0104] Net _01163_ only has one pin. Check if it is intended to be dangling.
[WARNING RSZ-0104] Net _01159_ only has one pin. Check if it is intended to be dangling.
[WARNING RSZ-0104] Net _01143_ only has one pin. Check if it is intended to be dangling.
[WARNING RSZ-0104] Net _01139_ only has one pin. Check if it is intended to be dangling.
[WARNING RSZ-0104] Net _01135_ only has one pin. Check if it is intended to be dangling.
[WARNING RSZ-0104] Net _01119_ only has one pin. Check if it is intended to be dangling.
[WARNING RSZ-0104] Net _01107_ only has one pin. Check if it is intended to be dangling.
[WARNING RSZ-0104] Net _01103_ only has one pin. Check if it is intended to be dangling.
[WARNING RSZ-0104] Net _01099_ only has one pin. Check if it is intended to be dangling.
[WARNING RSZ-0104] Net _01095_ only has one pin. Check if it is intended to be dangling.
[WARNING RSZ-0104] Net _01091_ only has one pin. Check if it is intended to be dangling.
[WARNING RSZ-0104] Net _01087_ only has one pin. Check if it is intended to be dangling.
[WARNING RSZ-0104] Net _01083_ only has one pin. Check if it is intended to be dangling.
[WARNING RSZ-0104] Net _01079_ only has one pin. Check if it is intended to be dangling.
[WARNING RSZ-0104] Net _01075_ only has one pin. Check if it is intended to be dangling.
     3000 |     +0.0% |       0 |       0 |             0 |      7577
[WARNING RSZ-0104] Net _01195_ only has one pin. Check if it is intended to be dangling.
[WARNING RSZ-0104] Net _01191_ only has one pin. Check if it is intended to be dangling.
[WARNING RSZ-0104] Net _01179_ only has one pin. Check if it is intended to be dangling.
[WARNING RSZ-0104] Net _01175_ only has one pin. Check if it is intended to be dangling.
[WARNING RSZ-0104] Net _01151_ only has one pin. Check if it is intended to be dangling.
[WARNING RSZ-0104] Net _01131_ only has one pin. Check if it is intended to be dangling.
[WARNING RSZ-0104] Net _01115_ only has one pin. Check if it is intended to be dangling.
[WARNING RSZ-0104] Net _01111_ only has one pin. Check if it is intended to be dangling.
     4000 |     +0.0% |       0 |       0 |             0 |      6577
[WARNING RSZ-0104] Net _01063_ only has one pin. Check if it is intended to be dangling.
[WARNING RSZ-0104] Net _01059_ only has one pin. Check if it is intended to be dangling.
[WARNING RSZ-0104] Net _01057_ only has one pin. Check if it is intended to be dangling.
[WARNING RSZ-0104] Net _01061_ only has one pin. Check if it is intended to be dangling.
     5000 |     +0.0% |       0 |       0 |             0 |      5577
     6000 |     +0.0% |       0 |       0 |             0 |      4577
[WARNING RSZ-0104] Net _01071_ only has one pin. Check if it is intended to be dangling.
[WARNING RSZ-0104] Net _01069_ only has one pin. Check if it is intended to be dangling.
     7000 |     +0.0% |       0 |       0 |             0 |      3577
[WARNING RSZ-0104] Net _01067_ only has one pin. Check if it is intended to be dangling.
[WARNING RSZ-0104] Net _01065_ only has one pin. Check if it is intended to be dangling.
     8000 |     +0.0% |       0 |       0 |             0 |      2577
     9000 |     +0.0% |       0 |       0 |             0 |      1577
    10000 |     +0.0% |       0 |       0 |             0 |       577
[WARNING RSZ-0104] Net valid_reg only has one pin. Check if it is intended to be dangling.
    final |     +0.0% |       0 |       0 |             0 |         0
---------------------------------------------------------------------
global_route -start_incremental
detailed_placement
[INFO DPL-0005] Max displacement: +/- 500 sites horizontally, +/- 100 rows vertically.
Movements Summary
---------------------------------------
Total cells:                    9470
Diamond Move Success:           9470 (100.00%)
Diamond Move Failure:              0
Rip-up and replace Success:        0 (  0.00% of diamond failures)
Rip-up and replace Failure:        0
Total Placement Failures:          0
---------------------------------------
Placement Analysis
---------------------------------
total displacement          0.0 u
average displacement        0.0 u
max displacement            0.0 u
original HPWL           47410.0 u
legalized HPWL          47410.0 u
delta HPWL                    0 %

global_route -end_incremental -congestion_report_file ./reports/asap7/riscv32i/modified_mcf_alpha_8-beta_0.1-run1/congestion_post_repair_design.rpt
Repair setup and hold violations...
estimate_parasitics -global_routing
repair_timing -setup_margin 0 -hold_margin 0 -repair_tns 100 -verbose
[INFO RSZ-0100] Repair move sequence: UnbufferMove SizeUpMove SwapPinsMove BufferMove CloneMove SplitLoadMove 
[INFO RSZ-0094] Found 725 endpoints with setup violations.
[INFO RSZ-0099] Repairing 725 out of 725 (100.00%) violating endpoints...
   Iter   | Removed | Resized | Inserted | Cloned |  Pin  |   Area   |    WNS   |   TNS      |  Viol  | Worst
          | Buffers |  Gates  | Buffers  |  Gates | Swaps |          |          |            | Endpts | Endpt
--------------------------------------------------------------------------------------------------------------
        0 |       0 |       0 |        0 |      0 |     0 |    +0.0% |  -33.983 |   -10104.2 |    725 | _tray_size4_1902/D1
       10 |       0 |       6 |        1 |      0 |     2 |    +0.0% |  -27.522 |    -8391.3 |    725 | _tray_size4_1902/D1
       20 |       0 |      10 |        8 |      0 |     5 |    +0.0% |  -25.074 |    -6715.9 |    725 | _tray_size4_1902/D1
       30 |       0 |      14 |       10 |      0 |     9 |    +0.1% |  -18.381 |    -3525.3 |    725 | _tray_size4_1902/D1
       40 |       0 |      20 |       10 |      0 |    13 |    +0.1% |  -16.960 |    -3018.8 |    725 | _tray_size4_1902/D1
       50 |       0 |      25 |       12 |      0 |    17 |    +0.1% |  -19.269 |    -3965.5 |    725 | _tray_size4_1902/D1
       60 |       0 |      30 |       14 |      1 |    19 |    +0.1% |  -12.372 |    -1839.6 |    725 | _tray_size4_1902/D1
       70 |       0 |      32 |       16 |      2 |    25 |    +0.1% |  -12.683 |    -1438.2 |    725 | _tray_size4_1882/D1
       80 |       0 |      36 |       17 |      4 |    28 |    +0.1% |  -11.955 |     -889.3 |    725 | _tray_size4_1995/D3
       90 |       0 |      43 |       17 |      5 |    30 |    +0.1% |  -10.670 |     -874.2 |    725 | _tray_size4_1995/D3
      100 |       0 |      47 |       18 |      5 |    35 |    +0.2% |   -8.966 |     -618.1 |    725 | _tray_size4_1995/D3
      110 |       0 |      53 |       19 |      5 |    38 |    +0.2% |   -8.214 |     -524.1 |    725 | _tray_size4_1995/D3
      120 |       0 |      57 |       21 |      5 |    42 |    +0.2% |  -12.205 |     -944.5 |    725 | _tray_size4_1995/D3
      130 |       0 |      60 |       24 |      5 |    46 |    +0.2% |   -8.782 |     -726.7 |    725 | _tray_size4_1995/D3
      140 |       0 |      64 |       26 |      7 |    48 |    +0.2% |   -6.197 |     -246.0 |    725 | _tray_size4_1995/D3
      150 |       0 |      69 |       31 |      7 |    50 |    +0.3% |   -5.270 |     -136.3 |    725 | _tray_size4_1995/D3
      160 |       0 |      75 |       31 |      8 |    53 |    +0.3% |   -4.075 |      -82.1 |    725 | _tray_size4_1995/D3
      170 |       0 |      80 |       35 |      8 |    56 |    +0.3% |   -3.025 |      -39.1 |    725 | _tray_size4_1995/D3
      180 |       0 |      85 |       36 |      9 |    59 |    +0.3% |   -3.294 |      -49.2 |    725 | _tray_size4_1995/D3
      190 |       0 |      89 |       41 |      9 |    63 |    +0.3% |   -1.312 |       -8.6 |    724 | _tray_size4_1995/D3
      190 |       0 |      89 |       41 |      9 |    63 |    +0.3% |   -1.312 |       -8.6 |    723 | _tray_size4_1995/D3
      191 |       0 |      89 |       41 |      9 |    63 |    +0.3% |   -1.312 |       -8.6 |    722 | _tray_size4_1995/D3
      192 |       0 |      89 |       41 |      9 |    63 |    +0.3% |   -1.312 |       -8.6 |    721 | _tray_size4_1995/D3
      193 |       0 |      89 |       41 |      9 |    63 |    +0.3% |   -1.312 |       -8.6 |    720 | _tray_size4_1995/D3
      194 |       0 |      89 |       41 |      9 |    63 |    +0.3% |   -1.312 |       -8.6 |    719 | _tray_size4_1995/D3
      195 |       0 |      89 |       41 |      9 |    63 |    +0.3% |   -1.312 |       -8.6 |    718 | _tray_size4_1995/D3
      196 |       0 |      89 |       41 |      9 |    63 |    +0.3% |   -1.312 |       -8.6 |    717 | _tray_size4_1995/D3
      197 |       0 |      89 |       41 |      9 |    63 |    +0.3% |   -1.312 |       -8.6 |    716 | _tray_size4_1995/D3
      198 |       0 |      89 |       41 |      9 |    63 |    +0.3% |   -1.312 |       -8.6 |    715 | _tray_size4_1995/D3
      200 |       0 |      90 |       41 |      9 |    63 |    +0.3% |   -2.052 |      -10.5 |    715 | _tray_size4_1995/D3
      200 |       0 |      89 |       41 |      9 |    63 |    +0.3% |   -1.312 |       -8.6 |    714 | _tray_size4_1995/D3
      201 |       0 |      89 |       41 |      9 |    63 |    +0.3% |   -1.312 |       -8.6 |    713 | _tray_size4_1995/D3
      203 |       0 |      89 |       41 |      9 |    63 |    +0.3% |   -1.312 |       -8.6 |    712 | _tray_size4_1995/D3
      204 |       0 |      89 |       41 |      9 |    63 |    +0.3% |   -1.312 |       -8.6 |    711 | _tray_size4_1995/D3
      205 |       0 |      89 |       41 |      9 |    63 |    +0.3% |   -1.312 |       -8.6 |    710 | _tray_size4_1995/D3
      207 |       0 |      89 |       41 |      9 |    63 |    +0.3% |   -1.312 |       -8.6 |    709 | _tray_size4_1995/D3
      208 |       0 |      89 |       41 |      9 |    63 |    +0.3% |   -1.312 |       -8.6 |    708 | _tray_size4_1995/D3
      209 |       0 |      89 |       41 |      9 |    63 |    +0.3% |   -1.312 |       -8.6 |    707 | _tray_size4_1995/D3
      210 |       0 |      89 |       41 |      9 |    63 |    +0.3% |   -1.312 |       -8.6 |    707 | _tray_size4_1995/D3
      210 |       0 |      89 |       41 |      9 |    63 |    +0.3% |   -1.312 |       -8.6 |    706 | _tray_size4_1995/D3
      211 |       0 |      89 |       41 |      9 |    63 |    +0.3% |   -1.312 |       -8.6 |    705 | _tray_size4_1995/D3
      212 |       0 |      89 |       41 |      9 |    63 |    +0.3% |   -1.312 |       -8.6 |    704 | _tray_size4_1995/D3
      213 |       0 |      89 |       41 |      9 |    63 |    +0.3% |   -1.312 |       -8.6 |    703 | _tray_size4_1995/D3
      215 |       0 |      90 |       41 |      9 |    63 |    +0.3% |   -1.312 |      -10.3 |    701 | _tray_size4_1995/D3
      216 |       0 |      90 |       41 |      9 |    63 |    +0.3% |   -1.312 |      -10.3 |    700 | _tray_size4_1995/D3
      217 |       0 |      90 |       41 |      9 |    63 |    +0.3% |   -1.312 |      -10.3 |    699 | _tray_size4_1995/D3
      218 |       0 |      90 |       41 |      9 |    63 |    +0.3% |   -1.312 |      -10.3 |    698 | _tray_size4_1995/D3
      219 |       0 |      90 |       41 |      9 |    63 |    +0.3% |   -1.312 |      -10.3 |    697 | _tray_size4_1995/D3
      220 |       0 |      90 |       41 |      9 |    63 |    +0.3% |   -1.312 |      -10.3 |    697 | _tray_size4_1995/D3
      220 |       0 |      90 |       41 |      9 |    63 |    +0.3% |   -1.312 |      -10.3 |    696 | _tray_size4_1995/D3
      221 |       0 |      90 |       41 |      9 |    63 |    +0.3% |   -1.312 |      -10.3 |    695 | _tray_size4_1995/D3
      222 |       0 |      90 |       41 |      9 |    63 |    +0.3% |   -1.312 |      -10.3 |    694 | _tray_size4_1995/D3
      223 |       0 |      90 |       41 |      9 |    63 |    +0.3% |   -1.312 |      -10.3 |    693 | _tray_size4_1995/D3
      224 |       0 |      90 |       41 |      9 |    63 |    +0.3% |   -1.312 |      -10.3 |    692 | _tray_size4_1995/D3
      230 |       1 |      90 |       44 |      9 |    64 |    +0.3% |   -1.054 |       -7.1 |    692 | _tray_size4_1875/D0
      235 |       1 |      92 |       47 |      9 |    66 |    +0.4% |   -0.004 |       -0.0 |    690 | _tray_size4_1875/D0
      236 |       1 |      92 |       47 |      9 |    66 |    +0.4% |   -0.004 |       -0.0 |    689 | _tray_size4_1875/D0
      237 |       1 |      92 |       47 |      9 |    66 |    +0.4% |   -0.004 |       -0.0 |    688 | _tray_size4_1875/D0
      238 |       1 |      92 |       47 |      9 |    66 |    +0.4% |   -0.004 |       -0.0 |    687 | _tray_size4_1875/D0
      239 |       1 |      92 |       47 |      9 |    66 |    +0.4% |   -0.004 |       -0.0 |    686 | _tray_size4_1875/D0
      240 |       1 |      92 |       47 |      9 |    66 |    +0.4% |   -0.004 |       -0.0 |    686 | _tray_size4_1875/D0
      240 |       1 |      92 |       47 |      9 |    66 |    +0.4% |   -0.004 |       -0.0 |    685 | _tray_size4_1875/D0
      241 |       1 |      92 |       47 |      9 |    66 |    +0.4% |   -0.004 |       -0.0 |    684 | _tray_size4_1875/D0
      242 |       1 |      92 |       47 |      9 |    66 |    +0.4% |   -0.004 |       -0.0 |    683 | _tray_size4_1875/D0
      243 |       1 |      92 |       47 |      9 |    66 |    +0.4% |   -0.004 |       -0.0 |    682 | _tray_size4_1875/D0
      244 |       1 |      92 |       47 |      9 |    66 |    +0.4% |   -0.004 |       -0.0 |    681 | _tray_size4_1875/D0
      245 |       1 |      92 |       47 |      9 |    66 |    +0.4% |   -0.004 |       -0.0 |    680 | _tray_size4_1875/D0
      246 |       1 |      92 |       47 |      9 |    66 |    +0.4% |   -0.004 |       -0.0 |    679 | _tray_size4_1875/D0
      247 |       1 |      92 |       47 |      9 |    66 |    +0.4% |   -0.004 |       -0.0 |    678 | _tray_size4_1875/D0
      248 |       1 |      92 |       47 |      9 |    66 |    +0.4% |   -0.004 |       -0.0 |    677 | _tray_size4_1875/D0
      249 |       1 |      92 |       47 |      9 |    66 |    +0.4% |   -0.004 |       -0.0 |    676 | _tray_size4_1875/D0
      250 |       1 |      92 |       47 |      9 |    66 |    +0.4% |   -0.004 |       -0.0 |    676 | _tray_size4_1875/D0
      250 |       1 |      92 |       47 |      9 |    66 |    +0.4% |   -0.004 |       -0.0 |    675 | _tray_size4_1875/D0
      251 |       1 |      92 |       47 |      9 |    66 |    +0.4% |   -0.004 |       -0.0 |    674 | _tray_size4_1875/D0
      252 |       1 |      92 |       47 |      9 |    66 |    +0.4% |   -0.004 |       -0.0 |    673 | _tray_size4_1875/D0
      253 |       1 |      92 |       47 |      9 |    66 |    +0.4% |   -0.004 |       -0.0 |    672 | _tray_size4_1875/D0
      254 |       1 |      92 |       47 |      9 |    66 |    +0.4% |   -0.004 |       -0.0 |    671 | _tray_size4_1875/D0
      255 |       1 |      92 |       47 |      9 |    66 |    +0.4% |   -0.004 |       -0.0 |    670 | _tray_size4_1875/D0
      256 |       1 |      92 |       47 |      9 |    66 |    +0.4% |   -0.004 |       -0.0 |    669 | _tray_size4_1875/D0
      257 |       1 |      92 |       47 |      9 |    66 |    +0.4% |   -0.004 |       -0.0 |    668 | _tray_size4_1875/D0
      259 |       1 |      93 |       47 |      9 |    66 |    +0.4% |    0.080 |        0.0 |    666 | _tray_size4_1992/D0
      260 |       1 |      93 |       47 |      9 |    66 |    +0.4% |    0.080 |        0.0 |    666 | _tray_size4_1992/D0
      260 |       1 |      93 |       47 |      9 |    66 |    +0.4% |    0.080 |        0.0 |    665 | _tray_size4_1992/D0
      261 |       1 |      93 |       47 |      9 |    66 |    +0.4% |    0.080 |        0.0 |    664 | _tray_size4_1992/D0
      262 |       1 |      93 |       47 |      9 |    66 |    +0.4% |    0.080 |        0.0 |    663 | _tray_size4_1992/D0
      263 |       1 |      93 |       47 |      9 |    66 |    +0.4% |    0.080 |        0.0 |    662 | _tray_size4_1992/D0
      264 |       1 |      93 |       47 |      9 |    66 |    +0.4% |    0.080 |        0.0 |    661 | _tray_size4_1992/D0
      265 |       1 |      93 |       47 |      9 |    66 |    +0.4% |    0.080 |        0.0 |    660 | _tray_size4_1992/D0
      266 |       1 |      93 |       47 |      9 |    66 |    +0.4% |    0.080 |        0.0 |    659 | _tray_size4_1992/D0
      267 |       1 |      93 |       47 |      9 |    66 |    +0.4% |    0.080 |        0.0 |    658 | _tray_size4_1992/D0
      268 |       1 |      93 |       47 |      9 |    66 |    +0.4% |    0.080 |        0.0 |    657 | _tray_size4_1992/D0
      269 |       1 |      93 |       47 |      9 |    66 |    +0.4% |    0.080 |        0.0 |    656 | _tray_size4_1992/D0
      270 |       1 |      93 |       47 |      9 |    66 |    +0.4% |    0.080 |        0.0 |    656 | _tray_size4_1992/D0
      270 |       1 |      93 |       47 |      9 |    66 |    +0.4% |    0.080 |        0.0 |    655 | _tray_size4_1992/D0
      271 |       1 |      93 |       47 |      9 |    66 |    +0.4% |    0.080 |        0.0 |    654 | _tray_size4_1992/D0
      272 |       1 |      93 |       47 |      9 |    66 |    +0.4% |    0.080 |        0.0 |    653 | _tray_size4_1992/D0
      273 |       1 |      93 |       47 |      9 |    66 |    +0.4% |    0.080 |        0.0 |    652 | _tray_size4_1992/D0
      274 |       1 |      93 |       47 |      9 |    66 |    +0.4% |    0.080 |        0.0 |    651 | _tray_size4_1992/D0
      275 |       1 |      93 |       47 |      9 |    66 |    +0.4% |    0.080 |        0.0 |    650 | _tray_size4_1992/D0
      276 |       1 |      93 |       47 |      9 |    66 |    +0.4% |    0.080 |        0.0 |    649 | _tray_size4_1992/D0
      277 |       1 |      93 |       47 |      9 |    66 |    +0.4% |    0.080 |        0.0 |    648 | _tray_size4_1992/D0
      278 |       1 |      93 |       47 |      9 |    66 |    +0.4% |    0.080 |        0.0 |    647 | _tray_size4_1992/D0
      279 |       1 |      93 |       47 |      9 |    66 |    +0.4% |    0.080 |        0.0 |    646 | _tray_size4_1992/D0
      280 |       1 |      93 |       47 |      9 |    66 |    +0.4% |    0.080 |        0.0 |    646 | _tray_size4_1992/D0
      280 |       1 |      93 |       47 |      9 |    66 |    +0.4% |    0.080 |        0.0 |    645 | _tray_size4_1992/D0
      281 |       1 |      93 |       47 |      9 |    66 |    +0.4% |    0.080 |        0.0 |    644 | _tray_size4_1992/D0
      282 |       1 |      93 |       47 |      9 |    66 |    +0.4% |    0.080 |        0.0 |    643 | _tray_size4_1992/D0
      283 |       1 |      93 |       47 |      9 |    66 |    +0.4% |    0.080 |        0.0 |    642 | _tray_size4_1992/D0
      284 |       1 |      93 |       47 |      9 |    66 |    +0.4% |    0.080 |        0.0 |    641 | _tray_size4_1992/D0
      285 |       1 |      93 |       47 |      9 |    66 |    +0.4% |    0.080 |        0.0 |    640 | _tray_size4_1992/D0
      286 |       1 |      93 |       47 |      9 |    66 |    +0.4% |    0.080 |        0.0 |    639 | _tray_size4_1992/D0
      287 |       1 |      93 |       47 |      9 |    66 |    +0.4% |    0.080 |        0.0 |    638 | _tray_size4_1992/D0
      288 |       1 |      93 |       47 |      9 |    66 |    +0.4% |    0.080 |        0.0 |    637 | _tray_size4_1992/D0
      289 |       1 |      93 |       47 |      9 |    66 |    +0.4% |    0.080 |        0.0 |    636 | _tray_size4_1992/D0
      290 |       1 |      93 |       47 |      9 |    66 |    +0.4% |    0.080 |        0.0 |    636 | _tray_size4_1992/D0
      290 |       1 |      93 |       47 |      9 |    66 |    +0.4% |    0.080 |        0.0 |    635 | _tray_size4_1992/D0
      291 |       1 |      93 |       47 |      9 |    66 |    +0.4% |    0.080 |        0.0 |    634 | _tray_size4_1992/D0
      292 |       1 |      93 |       47 |      9 |    66 |    +0.4% |    0.080 |        0.0 |    633 | _tray_size4_1992/D0
      293 |       1 |      93 |       47 |      9 |    66 |    +0.4% |    0.080 |        0.0 |    632 | _tray_size4_1992/D0
      294 |       1 |      93 |       47 |      9 |    66 |    +0.4% |    0.080 |        0.0 |    631 | _tray_size4_1992/D0
      295 |       1 |      93 |       47 |      9 |    66 |    +0.4% |    0.080 |        0.0 |    630 | _tray_size4_1992/D0
      296 |       1 |      93 |       47 |      9 |    66 |    +0.4% |    0.080 |        0.0 |    629 | _tray_size4_1992/D0
      297 |       1 |      93 |       47 |      9 |    66 |    +0.4% |    0.080 |        0.0 |    628 | _tray_size4_1992/D0
      298 |       1 |      93 |       47 |      9 |    66 |    +0.4% |    0.080 |        0.0 |    627 | _tray_size4_1992/D0
      299 |       1 |      93 |       47 |      9 |    66 |    +0.4% |    0.080 |        0.0 |    626 | _tray_size4_1992/D0
      300 |       1 |      93 |       47 |      9 |    66 |    +0.4% |    0.080 |        0.0 |    626 | _tray_size4_1992/D0
      300 |       1 |      93 |       47 |      9 |    66 |    +0.4% |    0.080 |        0.0 |    625 | _tray_size4_1992/D0
      301 |       1 |      93 |       47 |      9 |    66 |    +0.4% |    0.080 |        0.0 |    624 | _tray_size4_1992/D0
      302 |       1 |      93 |       47 |      9 |    66 |    +0.4% |    0.080 |        0.0 |    623 | _tray_size4_1992/D0
      303 |       1 |      93 |       47 |      9 |    66 |    +0.4% |    0.080 |        0.0 |    622 | _tray_size4_1992/D0
      304 |       1 |      93 |       47 |      9 |    66 |    +0.4% |    0.080 |        0.0 |    621 | _tray_size4_1992/D0
      305 |       1 |      93 |       47 |      9 |    66 |    +0.4% |    0.080 |        0.0 |    620 | _tray_size4_1992/D0
      306 |       1 |      93 |       47 |      9 |    66 |    +0.4% |    0.080 |        0.0 |    619 | _tray_size4_1992/D0
      307 |       1 |      93 |       47 |      9 |    66 |    +0.4% |    0.080 |        0.0 |    618 | _tray_size4_1992/D0
      308 |       1 |      93 |       47 |      9 |    66 |    +0.4% |    0.080 |        0.0 |    617 | _tray_size4_1992/D0
      309 |       1 |      93 |       47 |      9 |    66 |    +0.4% |    0.080 |        0.0 |    616 | _tray_size4_1992/D0
      310 |       1 |      93 |       47 |      9 |    66 |    +0.4% |    0.080 |        0.0 |    616 | _tray_size4_1992/D0
      310 |       1 |      93 |       47 |      9 |    66 |    +0.4% |    0.080 |        0.0 |    615 | _tray_size4_1992/D0
      311 |       1 |      93 |       47 |      9 |    66 |    +0.4% |    0.080 |        0.0 |    614 | _tray_size4_1992/D0
      312 |       1 |      93 |       47 |      9 |    66 |    +0.4% |    0.080 |        0.0 |    613 | _tray_size4_1992/D0
      313 |       1 |      93 |       47 |      9 |    66 |    +0.4% |    0.080 |        0.0 |    612 | _tray_size4_1992/D0
      314 |       1 |      93 |       47 |      9 |    66 |    +0.4% |    0.080 |        0.0 |    611 | _tray_size4_1992/D0
      315 |       1 |      93 |       47 |      9 |    66 |    +0.4% |    0.080 |        0.0 |    610 | _tray_size4_1992/D0
      316 |       1 |      93 |       47 |      9 |    66 |    +0.4% |    0.080 |        0.0 |    609 | _tray_size4_1992/D0
      317 |       1 |      93 |       47 |      9 |    66 |    +0.4% |    0.080 |        0.0 |    608 | _tray_size4_1992/D0
      318 |       1 |      93 |       47 |      9 |    66 |    +0.4% |    0.080 |        0.0 |    607 | _tray_size4_1992/D0
      319 |       1 |      93 |       47 |      9 |    66 |    +0.4% |    0.080 |        0.0 |    606 | _tray_size4_1992/D0
      320 |       1 |      93 |       47 |      9 |    66 |    +0.4% |    0.080 |        0.0 |    606 | _tray_size4_1992/D0
      320 |       1 |      93 |       47 |      9 |    66 |    +0.4% |    0.080 |        0.0 |    605 | _tray_size4_1992/D0
      321 |       1 |      93 |       47 |      9 |    66 |    +0.4% |    0.080 |        0.0 |    604 | _tray_size4_1992/D0
      322 |       1 |      93 |       47 |      9 |    66 |    +0.4% |    0.080 |        0.0 |    603 | _tray_size4_1992/D0
      323 |       1 |      93 |       47 |      9 |    66 |    +0.4% |    0.080 |        0.0 |    602 | _tray_size4_1992/D0
      324 |       1 |      93 |       47 |      9 |    66 |    +0.4% |    0.080 |        0.0 |    601 | _tray_size4_1992/D0
      325 |       1 |      93 |       47 |      9 |    66 |    +0.4% |    0.080 |        0.0 |    600 | _tray_size4_1992/D0
      326 |       1 |      93 |       47 |      9 |    66 |    +0.4% |    0.080 |        0.0 |    599 | _tray_size4_1992/D0
      327 |       1 |      93 |       47 |      9 |    66 |    +0.4% |    0.080 |        0.0 |    598 | _tray_size4_1992/D0
      328 |       1 |      93 |       47 |      9 |    66 |    +0.4% |    0.080 |        0.0 |    597 | _tray_size4_1992/D0
      329 |       1 |      93 |       47 |      9 |    66 |    +0.4% |    0.080 |        0.0 |    596 | _tray_size4_1992/D0
      330 |       1 |      93 |       47 |      9 |    66 |    +0.4% |    0.080 |        0.0 |    596 | _tray_size4_1992/D0
      330 |       1 |      93 |       47 |      9 |    66 |    +0.4% |    0.080 |        0.0 |    595 | _tray_size4_1992/D0
      331 |       1 |      93 |       47 |      9 |    66 |    +0.4% |    0.080 |        0.0 |    594 | _tray_size4_1992/D0
      332 |       1 |      93 |       47 |      9 |    66 |    +0.4% |    0.080 |        0.0 |    593 | _tray_size4_1992/D0
      333 |       1 |      93 |       47 |      9 |    66 |    +0.4% |    0.080 |        0.0 |    592 | _tray_size4_1992/D0
      334 |       1 |      93 |       47 |      9 |    66 |    +0.4% |    0.080 |        0.0 |    591 | _tray_size4_1992/D0
      335 |       1 |      93 |       47 |      9 |    66 |    +0.4% |    0.080 |        0.0 |    590 | _tray_size4_1992/D0
      336 |       1 |      93 |       47 |      9 |    66 |    +0.4% |    0.080 |        0.0 |    589 | _tray_size4_1992/D0
      337 |       1 |      93 |       47 |      9 |    66 |    +0.4% |    0.080 |        0.0 |    588 | _tray_size4_1992/D0
      338 |       1 |      93 |       47 |      9 |    66 |    +0.4% |    0.080 |        0.0 |    587 | _tray_size4_1992/D0
      339 |       1 |      93 |       47 |      9 |    66 |    +0.4% |    0.080 |        0.0 |    586 | _tray_size4_1992/D0
      340 |       1 |      93 |       47 |      9 |    66 |    +0.4% |    0.080 |        0.0 |    586 | _tray_size4_1992/D0
      340 |       1 |      93 |       47 |      9 |    66 |    +0.4% |    0.080 |        0.0 |    585 | _tray_size4_1992/D0
      341 |       1 |      93 |       47 |      9 |    66 |    +0.4% |    0.080 |        0.0 |    584 | _tray_size4_1992/D0
      342 |       1 |      93 |       47 |      9 |    66 |    +0.4% |    0.080 |        0.0 |    583 | _tray_size4_1992/D0
      343 |       1 |      93 |       47 |      9 |    66 |    +0.4% |    0.080 |        0.0 |    582 | _tray_size4_1992/D0
      344 |       1 |      93 |       47 |      9 |    66 |    +0.4% |    0.080 |        0.0 |    581 | _tray_size4_1992/D0
      345 |       1 |      93 |       47 |      9 |    66 |    +0.4% |    0.080 |        0.0 |    580 | _tray_size4_1992/D0
      346 |       1 |      93 |       47 |      9 |    66 |    +0.4% |    0.080 |        0.0 |    579 | _tray_size4_1992/D0
      347 |       1 |      93 |       47 |      9 |    66 |    +0.4% |    0.080 |        0.0 |    578 | _tray_size4_1992/D0
      348 |       1 |      93 |       47 |      9 |    66 |    +0.4% |    0.080 |        0.0 |    577 | _tray_size4_1992/D0
      349 |       1 |      93 |       47 |      9 |    66 |    +0.4% |    0.080 |        0.0 |    576 | _tray_size4_1992/D0
      350 |       1 |      93 |       47 |      9 |    66 |    +0.4% |    0.080 |        0.0 |    576 | _tray_size4_1992/D0
      350 |       1 |      93 |       47 |      9 |    66 |    +0.4% |    0.080 |        0.0 |    575 | _tray_size4_1992/D0
      351 |       1 |      93 |       47 |      9 |    66 |    +0.4% |    0.080 |        0.0 |    574 | _tray_size4_1992/D0
      352 |       1 |      93 |       47 |      9 |    66 |    +0.4% |    0.080 |        0.0 |    573 | _tray_size4_1992/D0
      353 |       1 |      93 |       47 |      9 |    66 |    +0.4% |    0.080 |        0.0 |    572 | _tray_size4_1992/D0
      354 |       1 |      93 |       47 |      9 |    66 |    +0.4% |    0.080 |        0.0 |    571 | _tray_size4_1992/D0
      355 |       1 |      93 |       47 |      9 |    66 |    +0.4% |    0.080 |        0.0 |    570 | _tray_size4_1992/D0
      356 |       1 |      93 |       47 |      9 |    66 |    +0.4% |    0.080 |        0.0 |    569 | _tray_size4_1992/D0
      357 |       1 |      93 |       47 |      9 |    66 |    +0.4% |    0.080 |        0.0 |    568 | _tray_size4_1992/D0
      358 |       1 |      93 |       47 |      9 |    66 |    +0.4% |    0.080 |        0.0 |    567 | _tray_size4_1992/D0
      359 |       1 |      93 |       47 |      9 |    66 |    +0.4% |    0.080 |        0.0 |    566 | _tray_size4_1992/D0
      360 |       1 |      93 |       47 |      9 |    66 |    +0.4% |    0.080 |        0.0 |    566 | _tray_size4_1992/D0
      360 |       1 |      93 |       47 |      9 |    66 |    +0.4% |    0.080 |        0.0 |    565 | _tray_size4_1992/D0
      361 |       1 |      93 |       47 |      9 |    66 |    +0.4% |    0.080 |        0.0 |    564 | _tray_size4_1992/D0
      362 |       1 |      93 |       47 |      9 |    66 |    +0.4% |    0.080 |        0.0 |    563 | _tray_size4_1992/D0
      363 |       1 |      93 |       47 |      9 |    66 |    +0.4% |    0.080 |        0.0 |    562 | _tray_size4_1992/D0
      364 |       1 |      93 |       47 |      9 |    66 |    +0.4% |    0.080 |        0.0 |    561 | _tray_size4_1992/D0
      365 |       1 |      93 |       47 |      9 |    66 |    +0.4% |    0.080 |        0.0 |    560 | _tray_size4_1992/D0
      366 |       1 |      93 |       47 |      9 |    66 |    +0.4% |    0.080 |        0.0 |    559 | _tray_size4_1992/D0
      367 |       1 |      93 |       47 |      9 |    66 |    +0.4% |    0.080 |        0.0 |    558 | _tray_size4_1992/D0
      368 |       1 |      93 |       47 |      9 |    66 |    +0.4% |    0.080 |        0.0 |    557 | _tray_size4_1992/D0
      369 |       1 |      93 |       47 |      9 |    66 |    +0.4% |    0.080 |        0.0 |    556 | _tray_size4_1992/D0
      370 |       1 |      93 |       47 |      9 |    66 |    +0.4% |    0.080 |        0.0 |    556 | _tray_size4_1992/D0
      370 |       1 |      93 |       47 |      9 |    66 |    +0.4% |    0.080 |        0.0 |    555 | _tray_size4_1992/D0
      371 |       1 |      93 |       47 |      9 |    66 |    +0.4% |    0.080 |        0.0 |    554 | _tray_size4_1992/D0
      372 |       1 |      93 |       47 |      9 |    66 |    +0.4% |    0.080 |        0.0 |    553 | _tray_size4_1992/D0
      373 |       1 |      93 |       47 |      9 |    66 |    +0.4% |    0.080 |        0.0 |    552 | _tray_size4_1992/D0
      374 |       1 |      93 |       47 |      9 |    66 |    +0.4% |    0.080 |        0.0 |    551 | _tray_size4_1992/D0
      375 |       1 |      93 |       47 |      9 |    66 |    +0.4% |    0.080 |        0.0 |    550 | _tray_size4_1992/D0
      376 |       1 |      93 |       47 |      9 |    66 |    +0.4% |    0.080 |        0.0 |    549 | _tray_size4_1992/D0
      377 |       1 |      93 |       47 |      9 |    66 |    +0.4% |    0.080 |        0.0 |    548 | _tray_size4_1992/D0
      378 |       1 |      93 |       47 |      9 |    66 |    +0.4% |    0.080 |        0.0 |    547 | _tray_size4_1992/D0
      379 |       1 |      93 |       47 |      9 |    66 |    +0.4% |    0.080 |        0.0 |    546 | _tray_size4_1992/D0
      380 |       1 |      93 |       47 |      9 |    66 |    +0.4% |    0.080 |        0.0 |    546 | _tray_size4_1992/D0
      380 |       1 |      93 |       47 |      9 |    66 |    +0.4% |    0.080 |        0.0 |    545 | _tray_size4_1992/D0
      381 |       1 |      93 |       47 |      9 |    66 |    +0.4% |    0.080 |        0.0 |    544 | _tray_size4_1992/D0
      382 |       1 |      93 |       47 |      9 |    66 |    +0.4% |    0.080 |        0.0 |    543 | _tray_size4_1992/D0
      383 |       1 |      93 |       47 |      9 |    66 |    +0.4% |    0.080 |        0.0 |    542 | _tray_size4_1992/D0
      384 |       1 |      93 |       47 |      9 |    66 |    +0.4% |    0.080 |        0.0 |    541 | _tray_size4_1992/D0
      385 |       1 |      93 |       47 |      9 |    66 |    +0.4% |    0.080 |        0.0 |    540 | _tray_size4_1992/D0
      386 |       1 |      93 |       47 |      9 |    66 |    +0.4% |    0.080 |        0.0 |    539 | _tray_size4_1992/D0
      387 |       1 |      93 |       47 |      9 |    66 |    +0.4% |    0.080 |        0.0 |    538 | _tray_size4_1992/D0
      388 |       1 |      93 |       47 |      9 |    66 |    +0.4% |    0.080 |        0.0 |    537 | _tray_size4_1992/D0
      389 |       1 |      93 |       47 |      9 |    66 |    +0.4% |    0.080 |        0.0 |    536 | _tray_size4_1992/D0
      390 |       1 |      93 |       47 |      9 |    66 |    +0.4% |    0.080 |        0.0 |    536 | _tray_size4_1992/D0
      390 |       1 |      93 |       47 |      9 |    66 |    +0.4% |    0.080 |        0.0 |    535 | _tray_size4_1992/D0
      391 |       1 |      93 |       47 |      9 |    66 |    +0.4% |    0.080 |        0.0 |    534 | _tray_size4_1992/D0
      392 |       1 |      93 |       47 |      9 |    66 |    +0.4% |    0.080 |        0.0 |    533 | _tray_size4_1992/D0
      393 |       1 |      93 |       47 |      9 |    66 |    +0.4% |    0.080 |        0.0 |    532 | _tray_size4_1992/D0
      394 |       1 |      93 |       47 |      9 |    66 |    +0.4% |    0.080 |        0.0 |    531 | _tray_size4_1992/D0
      395 |       1 |      93 |       47 |      9 |    66 |    +0.4% |    0.080 |        0.0 |    530 | _tray_size4_1992/D0
      396 |       1 |      93 |       47 |      9 |    66 |    +0.4% |    0.080 |        0.0 |    529 | _tray_size4_1992/D0
      397 |       1 |      93 |       47 |      9 |    66 |    +0.4% |    0.080 |        0.0 |    528 | _tray_size4_1992/D0
      398 |       1 |      93 |       47 |      9 |    66 |    +0.4% |    0.080 |        0.0 |    527 | _tray_size4_1992/D0
      399 |       1 |      93 |       47 |      9 |    66 |    +0.4% |    0.080 |        0.0 |    526 | _tray_size4_1992/D0
      400 |       1 |      93 |       47 |      9 |    66 |    +0.4% |    0.080 |        0.0 |    526 | _tray_size4_1992/D0
      400 |       1 |      93 |       47 |      9 |    66 |    +0.4% |    0.080 |        0.0 |    525 | _tray_size4_1992/D0
      401 |       1 |      93 |       47 |      9 |    66 |    +0.4% |    0.080 |        0.0 |    524 | _tray_size4_1992/D0
      402 |       1 |      93 |       47 |      9 |    66 |    +0.4% |    0.080 |        0.0 |    523 | _tray_size4_1992/D0
      403 |       1 |      93 |       47 |      9 |    66 |    +0.4% |    0.080 |        0.0 |    522 | _tray_size4_1992/D0
      404 |       1 |      93 |       47 |      9 |    66 |    +0.4% |    0.080 |        0.0 |    521 | _tray_size4_1992/D0
      405 |       1 |      93 |       47 |      9 |    66 |    +0.4% |    0.080 |        0.0 |    520 | _tray_size4_1992/D0
      406 |       1 |      93 |       47 |      9 |    66 |    +0.4% |    0.080 |        0.0 |    519 | _tray_size4_1992/D0
      407 |       1 |      93 |       47 |      9 |    66 |    +0.4% |    0.080 |        0.0 |    518 | _tray_size4_1992/D0
      408 |       1 |      93 |       47 |      9 |    66 |    +0.4% |    0.080 |        0.0 |    517 | _tray_size4_1992/D0
      409 |       1 |      93 |       47 |      9 |    66 |    +0.4% |    0.080 |        0.0 |    516 | _tray_size4_1992/D0
      410 |       1 |      93 |       47 |      9 |    66 |    +0.4% |    0.080 |        0.0 |    516 | _tray_size4_1992/D0
      410 |       1 |      93 |       47 |      9 |    66 |    +0.4% |    0.080 |        0.0 |    515 | _tray_size4_1992/D0
      411 |       1 |      93 |       47 |      9 |    66 |    +0.4% |    0.080 |        0.0 |    514 | _tray_size4_1992/D0
      412 |       1 |      93 |       47 |      9 |    66 |    +0.4% |    0.080 |        0.0 |    513 | _tray_size4_1992/D0
      413 |       1 |      93 |       47 |      9 |    66 |    +0.4% |    0.080 |        0.0 |    512 | _tray_size4_1992/D0
      414 |       1 |      93 |       47 |      9 |    66 |    +0.4% |    0.080 |        0.0 |    511 | _tray_size4_1992/D0
      415 |       1 |      93 |       47 |      9 |    66 |    +0.4% |    0.080 |        0.0 |    510 | _tray_size4_1992/D0
      416 |       1 |      93 |       47 |      9 |    66 |    +0.4% |    0.080 |        0.0 |    509 | _tray_size4_1992/D0
      417 |       1 |      93 |       47 |      9 |    66 |    +0.4% |    0.080 |        0.0 |    508 | _tray_size4_1992/D0
      418 |       1 |      93 |       47 |      9 |    66 |    +0.4% |    0.080 |        0.0 |    507 | _tray_size4_1992/D0
      419 |       1 |      93 |       47 |      9 |    66 |    +0.4% |    0.080 |        0.0 |    506 | _tray_size4_1992/D0
      420 |       1 |      93 |       47 |      9 |    66 |    +0.4% |    0.080 |        0.0 |    506 | _tray_size4_1992/D0
      420 |       1 |      93 |       47 |      9 |    66 |    +0.4% |    0.080 |        0.0 |    505 | _tray_size4_1992/D0
      421 |       1 |      93 |       47 |      9 |    66 |    +0.4% |    0.080 |        0.0 |    504 | _tray_size4_1992/D0
      422 |       1 |      93 |       47 |      9 |    66 |    +0.4% |    0.080 |        0.0 |    503 | _tray_size4_1992/D0
      423 |       1 |      93 |       47 |      9 |    66 |    +0.4% |    0.080 |        0.0 |    502 | _tray_size4_1992/D0
      424 |       1 |      93 |       47 |      9 |    66 |    +0.4% |    0.080 |        0.0 |    501 | _tray_size4_1992/D0
      425 |       1 |      93 |       47 |      9 |    66 |    +0.4% |    0.080 |        0.0 |    500 | _tray_size4_1992/D0
      426 |       1 |      93 |       47 |      9 |    66 |    +0.4% |    0.080 |        0.0 |    499 | _tray_size4_1992/D0
      427 |       1 |      93 |       47 |      9 |    66 |    +0.4% |    0.080 |        0.0 |    498 | _tray_size4_1992/D0
      428 |       1 |      93 |       47 |      9 |    66 |    +0.4% |    0.080 |        0.0 |    497 | _tray_size4_1992/D0
      429 |       1 |      93 |       47 |      9 |    66 |    +0.4% |    0.080 |        0.0 |    496 | _tray_size4_1992/D0
      430 |       1 |      93 |       47 |      9 |    66 |    +0.4% |    0.080 |        0.0 |    496 | _tray_size4_1992/D0
      430 |       1 |      93 |       47 |      9 |    66 |    +0.4% |    0.080 |        0.0 |    495 | _tray_size4_1992/D0
      431 |       1 |      93 |       47 |      9 |    66 |    +0.4% |    0.080 |        0.0 |    494 | _tray_size4_1992/D0
      432 |       1 |      93 |       47 |      9 |    66 |    +0.4% |    0.080 |        0.0 |    493 | _tray_size4_1992/D0
      433 |       1 |      93 |       47 |      9 |    66 |    +0.4% |    0.080 |        0.0 |    492 | _tray_size4_1992/D0
      434 |       1 |      93 |       47 |      9 |    66 |    +0.4% |    0.080 |        0.0 |    491 | _tray_size4_1992/D0
      435 |       1 |      93 |       47 |      9 |    66 |    +0.4% |    0.080 |        0.0 |    490 | _tray_size4_1992/D0
      436 |       1 |      93 |       47 |      9 |    66 |    +0.4% |    0.080 |        0.0 |    489 | _tray_size4_1992/D0
      437 |       1 |      93 |       47 |      9 |    66 |    +0.4% |    0.080 |        0.0 |    488 | _tray_size4_1992/D0
      438 |       1 |      93 |       47 |      9 |    66 |    +0.4% |    0.080 |        0.0 |    487 | _tray_size4_1992/D0
      439 |       1 |      93 |       47 |      9 |    66 |    +0.4% |    0.080 |        0.0 |    486 | _tray_size4_1992/D0
      440 |       1 |      93 |       47 |      9 |    66 |    +0.4% |    0.080 |        0.0 |    486 | _tray_size4_1992/D0
      440 |       1 |      93 |       47 |      9 |    66 |    +0.4% |    0.080 |        0.0 |    485 | _tray_size4_1992/D0
      441 |       1 |      93 |       47 |      9 |    66 |    +0.4% |    0.080 |        0.0 |    484 | _tray_size4_1992/D0
      442 |       1 |      93 |       47 |      9 |    66 |    +0.4% |    0.080 |        0.0 |    483 | _tray_size4_1992/D0
      443 |       1 |      93 |       47 |      9 |    66 |    +0.4% |    0.080 |        0.0 |    482 | _tray_size4_1992/D0
      444 |       1 |      93 |       47 |      9 |    66 |    +0.4% |    0.080 |        0.0 |    481 | _tray_size4_1992/D0
      445 |       1 |      93 |       47 |      9 |    66 |    +0.4% |    0.080 |        0.0 |    480 | _tray_size4_1992/D0
      446 |       1 |      93 |       47 |      9 |    66 |    +0.4% |    0.080 |        0.0 |    479 | _tray_size4_1992/D0
      447 |       1 |      93 |       47 |      9 |    66 |    +0.4% |    0.080 |        0.0 |    478 | _tray_size4_1992/D0
      448 |       1 |      93 |       47 |      9 |    66 |    +0.4% |    0.080 |        0.0 |    477 | _tray_size4_1992/D0
      449 |       1 |      93 |       47 |      9 |    66 |    +0.4% |    0.080 |        0.0 |    476 | _tray_size4_1992/D0
      450 |       1 |      93 |       47 |      9 |    66 |    +0.4% |    0.080 |        0.0 |    476 | _tray_size4_1992/D0
      450 |       1 |      93 |       47 |      9 |    66 |    +0.4% |    0.080 |        0.0 |    475 | _tray_size4_1992/D0
      451 |       1 |      93 |       47 |      9 |    66 |    +0.4% |    0.080 |        0.0 |    474 | _tray_size4_1992/D0
      452 |       1 |      93 |       47 |      9 |    66 |    +0.4% |    0.080 |        0.0 |    473 | _tray_size4_1992/D0
      453 |       1 |      93 |       47 |      9 |    66 |    +0.4% |    0.080 |        0.0 |    472 | _tray_size4_1992/D0
      454 |       1 |      93 |       47 |      9 |    66 |    +0.4% |    0.080 |        0.0 |    471 | _tray_size4_1992/D0
      455 |       1 |      93 |       47 |      9 |    66 |    +0.4% |    0.080 |        0.0 |    470 | _tray_size4_1992/D0
      456 |       1 |      93 |       47 |      9 |    66 |    +0.4% |    0.080 |        0.0 |    469 | _tray_size4_1992/D0
      457 |       1 |      93 |       47 |      9 |    66 |    +0.4% |    0.080 |        0.0 |    468 | _tray_size4_1992/D0
      458 |       1 |      93 |       47 |      9 |    66 |    +0.4% |    0.080 |        0.0 |    467 | _tray_size4_1992/D0
      459 |       1 |      93 |       47 |      9 |    66 |    +0.4% |    0.080 |        0.0 |    466 | _tray_size4_1992/D0
      460 |       1 |      93 |       47 |      9 |    66 |    +0.4% |    0.080 |        0.0 |    466 | _tray_size4_1992/D0
      460 |       1 |      93 |       47 |      9 |    66 |    +0.4% |    0.080 |        0.0 |    465 | _tray_size4_1992/D0
      461 |       1 |      93 |       47 |      9 |    66 |    +0.4% |    0.080 |        0.0 |    464 | _tray_size4_1992/D0
      462 |       1 |      93 |       47 |      9 |    66 |    +0.4% |    0.080 |        0.0 |    463 | _tray_size4_1992/D0
      463 |       1 |      93 |       47 |      9 |    66 |    +0.4% |    0.080 |        0.0 |    462 | _tray_size4_1992/D0
      464 |       1 |      93 |       47 |      9 |    66 |    +0.4% |    0.080 |        0.0 |    461 | _tray_size4_1992/D0
      465 |       1 |      93 |       47 |      9 |    66 |    +0.4% |    0.080 |        0.0 |    460 | _tray_size4_1992/D0
      466 |       1 |      93 |       47 |      9 |    66 |    +0.4% |    0.080 |        0.0 |    459 | _tray_size4_1992/D0
      467 |       1 |      93 |       47 |      9 |    66 |    +0.4% |    0.080 |        0.0 |    458 | _tray_size4_1992/D0
      468 |       1 |      93 |       47 |      9 |    66 |    +0.4% |    0.080 |        0.0 |    457 | _tray_size4_1992/D0
      469 |       1 |      93 |       47 |      9 |    66 |    +0.4% |    0.080 |        0.0 |    456 | _tray_size4_1992/D0
      470 |       1 |      93 |       47 |      9 |    66 |    +0.4% |    0.080 |        0.0 |    456 | _tray_size4_1992/D0
      470 |       1 |      93 |       47 |      9 |    66 |    +0.4% |    0.080 |        0.0 |    455 | _tray_size4_1992/D0
      471 |       1 |      93 |       47 |      9 |    66 |    +0.4% |    0.080 |        0.0 |    454 | _tray_size4_1992/D0
      472 |       1 |      93 |       47 |      9 |    66 |    +0.4% |    0.080 |        0.0 |    453 | _tray_size4_1992/D0
      473 |       1 |      93 |       47 |      9 |    66 |    +0.4% |    0.080 |        0.0 |    452 | _tray_size4_1992/D0
      474 |       1 |      93 |       47 |      9 |    66 |    +0.4% |    0.080 |        0.0 |    451 | _tray_size4_1992/D0
      475 |       1 |      93 |       47 |      9 |    66 |    +0.4% |    0.080 |        0.0 |    450 | _tray_size4_1992/D0
      476 |       1 |      93 |       47 |      9 |    66 |    +0.4% |    0.080 |        0.0 |    449 | _tray_size4_1992/D0
      477 |       1 |      93 |       47 |      9 |    66 |    +0.4% |    0.080 |        0.0 |    448 | _tray_size4_1992/D0
      478 |       1 |      93 |       47 |      9 |    66 |    +0.4% |    0.080 |        0.0 |    447 | _tray_size4_1992/D0
      479 |       1 |      93 |       47 |      9 |    66 |    +0.4% |    0.080 |        0.0 |    446 | _tray_size4_1992/D0
      480 |       1 |      93 |       47 |      9 |    66 |    +0.4% |    0.080 |        0.0 |    446 | _tray_size4_1992/D0
      480 |       1 |      93 |       47 |      9 |    66 |    +0.4% |    0.080 |        0.0 |    445 | _tray_size4_1992/D0
      481 |       1 |      93 |       47 |      9 |    66 |    +0.4% |    0.080 |        0.0 |    444 | _tray_size4_1992/D0
      482 |       1 |      93 |       47 |      9 |    66 |    +0.4% |    0.080 |        0.0 |    443 | _tray_size4_1992/D0
      483 |       1 |      93 |       47 |      9 |    66 |    +0.4% |    0.080 |        0.0 |    442 | _tray_size4_1992/D0
      484 |       1 |      93 |       47 |      9 |    66 |    +0.4% |    0.080 |        0.0 |    441 | _tray_size4_1992/D0
      485 |       1 |      93 |       47 |      9 |    66 |    +0.4% |    0.080 |        0.0 |    440 | _tray_size4_1992/D0
      486 |       1 |      93 |       47 |      9 |    66 |    +0.4% |    0.080 |        0.0 |    439 | _tray_size4_1992/D0
      487 |       1 |      93 |       47 |      9 |    66 |    +0.4% |    0.080 |        0.0 |    438 | _tray_size4_1992/D0
      488 |       1 |      93 |       47 |      9 |    66 |    +0.4% |    0.080 |        0.0 |    437 | _tray_size4_1992/D0
      489 |       1 |      93 |       47 |      9 |    66 |    +0.4% |    0.080 |        0.0 |    436 | _tray_size4_1992/D0
      490 |       1 |      93 |       47 |      9 |    66 |    +0.4% |    0.080 |        0.0 |    436 | _tray_size4_1992/D0
      490 |       1 |      93 |       47 |      9 |    66 |    +0.4% |    0.080 |        0.0 |    435 | _tray_size4_1992/D0
      491 |       1 |      93 |       47 |      9 |    66 |    +0.4% |    0.080 |        0.0 |    434 | _tray_size4_1992/D0
      492 |       1 |      93 |       47 |      9 |    66 |    +0.4% |    0.080 |        0.0 |    433 | _tray_size4_1992/D0
      493 |       1 |      93 |       47 |      9 |    66 |    +0.4% |    0.080 |        0.0 |    432 | _tray_size4_1992/D0
      494 |       1 |      93 |       47 |      9 |    66 |    +0.4% |    0.080 |        0.0 |    431 | _tray_size4_1992/D0
      495 |       1 |      93 |       47 |      9 |    66 |    +0.4% |    0.080 |        0.0 |    430 | _tray_size4_1992/D0
      496 |       1 |      93 |       47 |      9 |    66 |    +0.4% |    0.080 |        0.0 |    429 | _tray_size4_1992/D0
      497 |       1 |      93 |       47 |      9 |    66 |    +0.4% |    0.080 |        0.0 |    428 | _tray_size4_1992/D0
      498 |       1 |      93 |       47 |      9 |    66 |    +0.4% |    0.080 |        0.0 |    427 | _tray_size4_1992/D0
      499 |       1 |      93 |       47 |      9 |    66 |    +0.4% |    0.080 |        0.0 |    426 | _tray_size4_1992/D0
      500 |       1 |      93 |       47 |      9 |    66 |    +0.4% |    0.080 |        0.0 |    426 | _tray_size4_1992/D0
      500 |       1 |      93 |       47 |      9 |    66 |    +0.4% |    0.080 |        0.0 |    425 | _tray_size4_1992/D0
      501 |       1 |      93 |       47 |      9 |    66 |    +0.4% |    0.080 |        0.0 |    424 | _tray_size4_1992/D0
      502 |       1 |      93 |       47 |      9 |    66 |    +0.4% |    0.080 |        0.0 |    423 | _tray_size4_1992/D0
      503 |       1 |      93 |       47 |      9 |    66 |    +0.4% |    0.080 |        0.0 |    422 | _tray_size4_1992/D0
      504 |       1 |      93 |       47 |      9 |    66 |    +0.4% |    0.080 |        0.0 |    421 | _tray_size4_1992/D0
      505 |       1 |      93 |       47 |      9 |    66 |    +0.4% |    0.080 |        0.0 |    420 | _tray_size4_1992/D0
      506 |       1 |      93 |       47 |      9 |    66 |    +0.4% |    0.080 |        0.0 |    419 | _tray_size4_1992/D0
      507 |       1 |      93 |       47 |      9 |    66 |    +0.4% |    0.080 |        0.0 |    418 | _tray_size4_1992/D0
      508 |       1 |      93 |       47 |      9 |    66 |    +0.4% |    0.080 |        0.0 |    417 | _tray_size4_1992/D0
      509 |       1 |      93 |       47 |      9 |    66 |    +0.4% |    0.080 |        0.0 |    416 | _tray_size4_1992/D0
      510 |       1 |      93 |       47 |      9 |    66 |    +0.4% |    0.080 |        0.0 |    416 | _tray_size4_1992/D0
      510 |       1 |      93 |       47 |      9 |    66 |    +0.4% |    0.080 |        0.0 |    415 | _tray_size4_1992/D0
      511 |       1 |      93 |       47 |      9 |    66 |    +0.4% |    0.080 |        0.0 |    414 | _tray_size4_1992/D0
      512 |       1 |      93 |       47 |      9 |    66 |    +0.4% |    0.080 |        0.0 |    413 | _tray_size4_1992/D0
      513 |       1 |      93 |       47 |      9 |    66 |    +0.4% |    0.080 |        0.0 |    412 | _tray_size4_1992/D0
      514 |       1 |      93 |       47 |      9 |    66 |    +0.4% |    0.080 |        0.0 |    411 | _tray_size4_1992/D0
      515 |       1 |      93 |       47 |      9 |    66 |    +0.4% |    0.080 |        0.0 |    410 | _tray_size4_1992/D0
      516 |       1 |      93 |       47 |      9 |    66 |    +0.4% |    0.080 |        0.0 |    409 | _tray_size4_1992/D0
      517 |       1 |      93 |       47 |      9 |    66 |    +0.4% |    0.080 |        0.0 |    408 | _tray_size4_1992/D0
      518 |       1 |      93 |       47 |      9 |    66 |    +0.4% |    0.080 |        0.0 |    407 | _tray_size4_1992/D0
      519 |       1 |      93 |       47 |      9 |    66 |    +0.4% |    0.080 |        0.0 |    406 | _tray_size4_1992/D0
      520 |       1 |      93 |       47 |      9 |    66 |    +0.4% |    0.080 |        0.0 |    406 | _tray_size4_1992/D0
      520 |       1 |      93 |       47 |      9 |    66 |    +0.4% |    0.080 |        0.0 |    405 | _tray_size4_1992/D0
      521 |       1 |      93 |       47 |      9 |    66 |    +0.4% |    0.080 |        0.0 |    404 | _tray_size4_1992/D0
      522 |       1 |      93 |       47 |      9 |    66 |    +0.4% |    0.080 |        0.0 |    403 | _tray_size4_1992/D0
      523 |       1 |      93 |       47 |      9 |    66 |    +0.4% |    0.080 |        0.0 |    402 | _tray_size4_1992/D0
      524 |       1 |      93 |       47 |      9 |    66 |    +0.4% |    0.080 |        0.0 |    401 | _tray_size4_1992/D0
      525 |       1 |      93 |       47 |      9 |    66 |    +0.4% |    0.080 |        0.0 |    400 | _tray_size4_1992/D0
      526 |       1 |      93 |       47 |      9 |    66 |    +0.4% |    0.080 |        0.0 |    399 | _tray_size4_1992/D0
      527 |       1 |      93 |       47 |      9 |    66 |    +0.4% |    0.080 |        0.0 |    398 | _tray_size4_1992/D0
      528 |       1 |      93 |       47 |      9 |    66 |    +0.4% |    0.080 |        0.0 |    397 | _tray_size4_1992/D0
      529 |       1 |      93 |       47 |      9 |    66 |    +0.4% |    0.080 |        0.0 |    396 | _tray_size4_1992/D0
      530 |       1 |      93 |       47 |      9 |    66 |    +0.4% |    0.080 |        0.0 |    396 | _tray_size4_1992/D0
      530 |       1 |      93 |       47 |      9 |    66 |    +0.4% |    0.080 |        0.0 |    395 | _tray_size4_1992/D0
      531 |       1 |      93 |       47 |      9 |    66 |    +0.4% |    0.080 |        0.0 |    394 | _tray_size4_1992/D0
      532 |       1 |      93 |       47 |      9 |    66 |    +0.4% |    0.080 |        0.0 |    393 | _tray_size4_1992/D0
      533 |       1 |      93 |       47 |      9 |    66 |    +0.4% |    0.080 |        0.0 |    392 | _tray_size4_1992/D0
      534 |       1 |      93 |       47 |      9 |    66 |    +0.4% |    0.080 |        0.0 |    391 | _tray_size4_1992/D0
      535 |       1 |      93 |       47 |      9 |    66 |    +0.4% |    0.080 |        0.0 |    390 | _tray_size4_1992/D0
      536 |       1 |      93 |       47 |      9 |    66 |    +0.4% |    0.080 |        0.0 |    389 | _tray_size4_1992/D0
      537 |       1 |      93 |       47 |      9 |    66 |    +0.4% |    0.080 |        0.0 |    388 | _tray_size4_1992/D0
      538 |       1 |      93 |       47 |      9 |    66 |    +0.4% |    0.080 |        0.0 |    387 | _tray_size4_1992/D0
      539 |       1 |      93 |       47 |      9 |    66 |    +0.4% |    0.080 |        0.0 |    386 | _tray_size4_1992/D0
      540 |       1 |      93 |       47 |      9 |    66 |    +0.4% |    0.080 |        0.0 |    386 | _tray_size4_1992/D0
      540 |       1 |      93 |       47 |      9 |    66 |    +0.4% |    0.080 |        0.0 |    385 | _tray_size4_1992/D0
      541 |       1 |      93 |       47 |      9 |    66 |    +0.4% |    0.080 |        0.0 |    384 | _tray_size4_1992/D0
      542 |       1 |      93 |       47 |      9 |    66 |    +0.4% |    0.080 |        0.0 |    383 | _tray_size4_1992/D0
      543 |       1 |      93 |       47 |      9 |    66 |    +0.4% |    0.080 |        0.0 |    382 | _tray_size4_1992/D0
      544 |       1 |      93 |       47 |      9 |    66 |    +0.4% |    0.080 |        0.0 |    381 | _tray_size4_1992/D0
      545 |       1 |      93 |       47 |      9 |    66 |    +0.4% |    0.080 |        0.0 |    380 | _tray_size4_1992/D0
      546 |       1 |      93 |       47 |      9 |    66 |    +0.4% |    0.080 |        0.0 |    379 | _tray_size4_1992/D0
      547 |       1 |      93 |       47 |      9 |    66 |    +0.4% |    0.080 |        0.0 |    378 | _tray_size4_1992/D0
      548 |       1 |      93 |       47 |      9 |    66 |    +0.4% |    0.080 |        0.0 |    377 | _tray_size4_1992/D0
      549 |       1 |      93 |       47 |      9 |    66 |    +0.4% |    0.080 |        0.0 |    376 | _tray_size4_1992/D0
      550 |       1 |      93 |       47 |      9 |    66 |    +0.4% |    0.080 |        0.0 |    376 | _tray_size4_1992/D0
      550 |       1 |      93 |       47 |      9 |    66 |    +0.4% |    0.080 |        0.0 |    375 | _tray_size4_1992/D0
      551 |       1 |      93 |       47 |      9 |    66 |    +0.4% |    0.080 |        0.0 |    374 | _tray_size4_1992/D0
      552 |       1 |      93 |       47 |      9 |    66 |    +0.4% |    0.080 |        0.0 |    373 | _tray_size4_1992/D0
      553 |       1 |      93 |       47 |      9 |    66 |    +0.4% |    0.080 |        0.0 |    372 | _tray_size4_1992/D0
      554 |       1 |      93 |       47 |      9 |    66 |    +0.4% |    0.080 |        0.0 |    371 | _tray_size4_1992/D0
      555 |       1 |      93 |       47 |      9 |    66 |    +0.4% |    0.080 |        0.0 |    370 | _tray_size4_1992/D0
      556 |       1 |      93 |       47 |      9 |    66 |    +0.4% |    0.080 |        0.0 |    369 | _tray_size4_1992/D0
      557 |       1 |      93 |       47 |      9 |    66 |    +0.4% |    0.080 |        0.0 |    368 | _tray_size4_1992/D0
      558 |       1 |      93 |       47 |      9 |    66 |    +0.4% |    0.080 |        0.0 |    367 | _tray_size4_1992/D0
      559 |       1 |      93 |       47 |      9 |    66 |    +0.4% |    0.080 |        0.0 |    366 | _tray_size4_1992/D0
      560 |       1 |      93 |       47 |      9 |    66 |    +0.4% |    0.080 |        0.0 |    366 | _tray_size4_1992/D0
      560 |       1 |      93 |       47 |      9 |    66 |    +0.4% |    0.080 |        0.0 |    365 | _tray_size4_1992/D0
      561 |       1 |      93 |       47 |      9 |    66 |    +0.4% |    0.080 |        0.0 |    364 | _tray_size4_1992/D0
      562 |       1 |      93 |       47 |      9 |    66 |    +0.4% |    0.080 |        0.0 |    363 | _tray_size4_1992/D0
      563 |       1 |      93 |       47 |      9 |    66 |    +0.4% |    0.080 |        0.0 |    362 | _tray_size4_1992/D0
      564 |       1 |      93 |       47 |      9 |    66 |    +0.4% |    0.080 |        0.0 |    361 | _tray_size4_1992/D0
      565 |       1 |      93 |       47 |      9 |    66 |    +0.4% |    0.080 |        0.0 |    360 | _tray_size4_1992/D0
      566 |       1 |      93 |       47 |      9 |    66 |    +0.4% |    0.080 |        0.0 |    359 | _tray_size4_1992/D0
      567 |       1 |      93 |       47 |      9 |    66 |    +0.4% |    0.080 |        0.0 |    358 | _tray_size4_1992/D0
      568 |       1 |      93 |       47 |      9 |    66 |    +0.4% |    0.080 |        0.0 |    357 | _tray_size4_1992/D0
      569 |       1 |      93 |       47 |      9 |    66 |    +0.4% |    0.080 |        0.0 |    356 | _tray_size4_1992/D0
      570 |       1 |      93 |       47 |      9 |    66 |    +0.4% |    0.080 |        0.0 |    356 | _tray_size4_1992/D0
      570 |       1 |      93 |       47 |      9 |    66 |    +0.4% |    0.080 |        0.0 |    355 | _tray_size4_1992/D0
      571 |       1 |      93 |       47 |      9 |    66 |    +0.4% |    0.080 |        0.0 |    354 | _tray_size4_1992/D0
      572 |       1 |      93 |       47 |      9 |    66 |    +0.4% |    0.080 |        0.0 |    353 | _tray_size4_1992/D0
      573 |       1 |      93 |       47 |      9 |    66 |    +0.4% |    0.080 |        0.0 |    352 | _tray_size4_1992/D0
      574 |       1 |      93 |       47 |      9 |    66 |    +0.4% |    0.080 |        0.0 |    351 | _tray_size4_1992/D0
      575 |       1 |      93 |       47 |      9 |    66 |    +0.4% |    0.080 |        0.0 |    350 | _tray_size4_1992/D0
      576 |       1 |      93 |       47 |      9 |    66 |    +0.4% |    0.080 |        0.0 |    349 | _tray_size4_1992/D0
      577 |       1 |      93 |       47 |      9 |    66 |    +0.4% |    0.080 |        0.0 |    348 | _tray_size4_1992/D0
      578 |       1 |      93 |       47 |      9 |    66 |    +0.4% |    0.080 |        0.0 |    347 | _tray_size4_1992/D0
      579 |       1 |      93 |       47 |      9 |    66 |    +0.4% |    0.080 |        0.0 |    346 | _tray_size4_1992/D0
      580 |       1 |      93 |       47 |      9 |    66 |    +0.4% |    0.080 |        0.0 |    346 | _tray_size4_1992/D0
      580 |       1 |      93 |       47 |      9 |    66 |    +0.4% |    0.080 |        0.0 |    345 | _tray_size4_1992/D0
      581 |       1 |      93 |       47 |      9 |    66 |    +0.4% |    0.080 |        0.0 |    344 | _tray_size4_1992/D0
      582 |       1 |      93 |       47 |      9 |    66 |    +0.4% |    0.080 |        0.0 |    343 | _tray_size4_1992/D0
      583 |       1 |      93 |       47 |      9 |    66 |    +0.4% |    0.080 |        0.0 |    342 | _tray_size4_1992/D0
      584 |       1 |      93 |       47 |      9 |    66 |    +0.4% |    0.080 |        0.0 |    341 | _tray_size4_1992/D0
      585 |       1 |      93 |       47 |      9 |    66 |    +0.4% |    0.080 |        0.0 |    340 | _tray_size4_1992/D0
      586 |       1 |      93 |       47 |      9 |    66 |    +0.4% |    0.080 |        0.0 |    339 | _tray_size4_1992/D0
      587 |       1 |      93 |       47 |      9 |    66 |    +0.4% |    0.080 |        0.0 |    338 | _tray_size4_1992/D0
      588 |       1 |      93 |       47 |      9 |    66 |    +0.4% |    0.080 |        0.0 |    337 | _tray_size4_1992/D0
      589 |       1 |      93 |       47 |      9 |    66 |    +0.4% |    0.080 |        0.0 |    336 | _tray_size4_1992/D0
      590 |       1 |      93 |       47 |      9 |    66 |    +0.4% |    0.080 |        0.0 |    336 | _tray_size4_1992/D0
      590 |       1 |      93 |       47 |      9 |    66 |    +0.4% |    0.080 |        0.0 |    335 | _tray_size4_1992/D0
      591 |       1 |      93 |       47 |      9 |    66 |    +0.4% |    0.080 |        0.0 |    334 | _tray_size4_1992/D0
      592 |       1 |      93 |       47 |      9 |    66 |    +0.4% |    0.080 |        0.0 |    333 | _tray_size4_1992/D0
      593 |       1 |      93 |       47 |      9 |    66 |    +0.4% |    0.080 |        0.0 |    332 | _tray_size4_1992/D0
      594 |       1 |      93 |       47 |      9 |    66 |    +0.4% |    0.080 |        0.0 |    331 | _tray_size4_1992/D0
      595 |       1 |      93 |       47 |      9 |    66 |    +0.4% |    0.080 |        0.0 |    330 | _tray_size4_1992/D0
      596 |       1 |      93 |       47 |      9 |    66 |    +0.4% |    0.080 |        0.0 |    329 | _tray_size4_1992/D0
      597 |       1 |      93 |       47 |      9 |    66 |    +0.4% |    0.080 |        0.0 |    328 | _tray_size4_1992/D0
      598 |       1 |      93 |       47 |      9 |    66 |    +0.4% |    0.080 |        0.0 |    327 | _tray_size4_1992/D0
      599 |       1 |      93 |       47 |      9 |    66 |    +0.4% |    0.080 |        0.0 |    326 | _tray_size4_1992/D0
      600 |       1 |      93 |       47 |      9 |    66 |    +0.4% |    0.080 |        0.0 |    326 | _tray_size4_1992/D0
      600 |       1 |      93 |       47 |      9 |    66 |    +0.4% |    0.080 |        0.0 |    325 | _tray_size4_1992/D0
      601 |       1 |      93 |       47 |      9 |    66 |    +0.4% |    0.080 |        0.0 |    324 | _tray_size4_1992/D0
      602 |       1 |      93 |       47 |      9 |    66 |    +0.4% |    0.080 |        0.0 |    323 | _tray_size4_1992/D0
      603 |       1 |      93 |       47 |      9 |    66 |    +0.4% |    0.080 |        0.0 |    322 | _tray_size4_1992/D0
      604 |       1 |      93 |       47 |      9 |    66 |    +0.4% |    0.080 |        0.0 |    321 | _tray_size4_1992/D0
      605 |       1 |      93 |       47 |      9 |    66 |    +0.4% |    0.080 |        0.0 |    320 | _tray_size4_1992/D0
      606 |       1 |      93 |       47 |      9 |    66 |    +0.4% |    0.080 |        0.0 |    319 | _tray_size4_1992/D0
      607 |       1 |      93 |       47 |      9 |    66 |    +0.4% |    0.080 |        0.0 |    318 | _tray_size4_1992/D0
      608 |       1 |      93 |       47 |      9 |    66 |    +0.4% |    0.080 |        0.0 |    317 | _tray_size4_1992/D0
      609 |       1 |      93 |       47 |      9 |    66 |    +0.4% |    0.080 |        0.0 |    316 | _tray_size4_1992/D0
      610 |       1 |      93 |       47 |      9 |    66 |    +0.4% |    0.080 |        0.0 |    316 | _tray_size4_1992/D0
      610 |       1 |      93 |       47 |      9 |    66 |    +0.4% |    0.080 |        0.0 |    315 | _tray_size4_1992/D0
      611 |       1 |      93 |       47 |      9 |    66 |    +0.4% |    0.080 |        0.0 |    314 | _tray_size4_1992/D0
      612 |       1 |      93 |       47 |      9 |    66 |    +0.4% |    0.080 |        0.0 |    313 | _tray_size4_1992/D0
      613 |       1 |      93 |       47 |      9 |    66 |    +0.4% |    0.080 |        0.0 |    312 | _tray_size4_1992/D0
      614 |       1 |      93 |       47 |      9 |    66 |    +0.4% |    0.080 |        0.0 |    311 | _tray_size4_1992/D0
      615 |       1 |      93 |       47 |      9 |    66 |    +0.4% |    0.080 |        0.0 |    310 | _tray_size4_1992/D0
      616 |       1 |      93 |       47 |      9 |    66 |    +0.4% |    0.080 |        0.0 |    309 | _tray_size4_1992/D0
      617 |       1 |      93 |       47 |      9 |    66 |    +0.4% |    0.080 |        0.0 |    308 | _tray_size4_1992/D0
      618 |       1 |      93 |       47 |      9 |    66 |    +0.4% |    0.080 |        0.0 |    307 | _tray_size4_1992/D0
      619 |       1 |      93 |       47 |      9 |    66 |    +0.4% |    0.080 |        0.0 |    306 | _tray_size4_1992/D0
      620 |       1 |      93 |       47 |      9 |    66 |    +0.4% |    0.080 |        0.0 |    306 | _tray_size4_1992/D0
      620 |       1 |      93 |       47 |      9 |    66 |    +0.4% |    0.080 |        0.0 |    305 | _tray_size4_1992/D0
      621 |       1 |      93 |       47 |      9 |    66 |    +0.4% |    0.080 |        0.0 |    304 | _tray_size4_1992/D0
      622 |       1 |      93 |       47 |      9 |    66 |    +0.4% |    0.080 |        0.0 |    303 | _tray_size4_1992/D0
      623 |       1 |      93 |       47 |      9 |    66 |    +0.4% |    0.080 |        0.0 |    302 | _tray_size4_1992/D0
      624 |       1 |      93 |       47 |      9 |    66 |    +0.4% |    0.080 |        0.0 |    301 | _tray_size4_1992/D0
      625 |       1 |      93 |       47 |      9 |    66 |    +0.4% |    0.080 |        0.0 |    300 | _tray_size4_1992/D0
      626 |       1 |      93 |       47 |      9 |    66 |    +0.4% |    0.080 |        0.0 |    299 | _tray_size4_1992/D0
      627 |       1 |      93 |       47 |      9 |    66 |    +0.4% |    0.080 |        0.0 |    298 | _tray_size4_1992/D0
      628 |       1 |      93 |       47 |      9 |    66 |    +0.4% |    0.080 |        0.0 |    297 | _tray_size4_1992/D0
      629 |       1 |      93 |       47 |      9 |    66 |    +0.4% |    0.080 |        0.0 |    296 | _tray_size4_1992/D0
      630 |       1 |      93 |       47 |      9 |    66 |    +0.4% |    0.080 |        0.0 |    296 | _tray_size4_1992/D0
      630 |       1 |      93 |       47 |      9 |    66 |    +0.4% |    0.080 |        0.0 |    295 | _tray_size4_1992/D0
      631 |       1 |      93 |       47 |      9 |    66 |    +0.4% |    0.080 |        0.0 |    294 | _tray_size4_1992/D0
      632 |       1 |      93 |       47 |      9 |    66 |    +0.4% |    0.080 |        0.0 |    293 | _tray_size4_1992/D0
      633 |       1 |      93 |       47 |      9 |    66 |    +0.4% |    0.080 |        0.0 |    292 | _tray_size4_1992/D0
      634 |       1 |      93 |       47 |      9 |    66 |    +0.4% |    0.080 |        0.0 |    291 | _tray_size4_1992/D0
      635 |       1 |      93 |       47 |      9 |    66 |    +0.4% |    0.080 |        0.0 |    290 | _tray_size4_1992/D0
      636 |       1 |      93 |       47 |      9 |    66 |    +0.4% |    0.080 |        0.0 |    289 | _tray_size4_1992/D0
      637 |       1 |      93 |       47 |      9 |    66 |    +0.4% |    0.080 |        0.0 |    288 | _tray_size4_1992/D0
      638 |       1 |      93 |       47 |      9 |    66 |    +0.4% |    0.080 |        0.0 |    287 | _tray_size4_1992/D0
      639 |       1 |      93 |       47 |      9 |    66 |    +0.4% |    0.080 |        0.0 |    286 | _tray_size4_1992/D0
      640 |       1 |      93 |       47 |      9 |    66 |    +0.4% |    0.080 |        0.0 |    286 | _tray_size4_1992/D0
      640 |       1 |      93 |       47 |      9 |    66 |    +0.4% |    0.080 |        0.0 |    285 | _tray_size4_1992/D0
      641 |       1 |      93 |       47 |      9 |    66 |    +0.4% |    0.080 |        0.0 |    284 | _tray_size4_1992/D0
      642 |       1 |      93 |       47 |      9 |    66 |    +0.4% |    0.080 |        0.0 |    283 | _tray_size4_1992/D0
      643 |       1 |      93 |       47 |      9 |    66 |    +0.4% |    0.080 |        0.0 |    282 | _tray_size4_1992/D0
      644 |       1 |      93 |       47 |      9 |    66 |    +0.4% |    0.080 |        0.0 |    281 | _tray_size4_1992/D0
      645 |       1 |      93 |       47 |      9 |    66 |    +0.4% |    0.080 |        0.0 |    280 | _tray_size4_1992/D0
      646 |       1 |      93 |       47 |      9 |    66 |    +0.4% |    0.080 |        0.0 |    279 | _tray_size4_1992/D0
      647 |       1 |      93 |       47 |      9 |    66 |    +0.4% |    0.080 |        0.0 |    278 | _tray_size4_1992/D0
      648 |       1 |      93 |       47 |      9 |    66 |    +0.4% |    0.080 |        0.0 |    277 | _tray_size4_1992/D0
      649 |       1 |      93 |       47 |      9 |    66 |    +0.4% |    0.080 |        0.0 |    276 | _tray_size4_1992/D0
      650 |       1 |      93 |       47 |      9 |    66 |    +0.4% |    0.080 |        0.0 |    276 | _tray_size4_1992/D0
      650 |       1 |      93 |       47 |      9 |    66 |    +0.4% |    0.080 |        0.0 |    275 | _tray_size4_1992/D0
      651 |       1 |      93 |       47 |      9 |    66 |    +0.4% |    0.080 |        0.0 |    274 | _tray_size4_1992/D0
      652 |       1 |      93 |       47 |      9 |    66 |    +0.4% |    0.080 |        0.0 |    273 | _tray_size4_1992/D0
      653 |       1 |      93 |       47 |      9 |    66 |    +0.4% |    0.080 |        0.0 |    272 | _tray_size4_1992/D0
      654 |       1 |      93 |       47 |      9 |    66 |    +0.4% |    0.080 |        0.0 |    271 | _tray_size4_1992/D0
      655 |       1 |      93 |       47 |      9 |    66 |    +0.4% |    0.080 |        0.0 |    270 | _tray_size4_1992/D0
      656 |       1 |      93 |       47 |      9 |    66 |    +0.4% |    0.080 |        0.0 |    269 | _tray_size4_1992/D0
      657 |       1 |      93 |       47 |      9 |    66 |    +0.4% |    0.080 |        0.0 |    268 | _tray_size4_1992/D0
      658 |       1 |      93 |       47 |      9 |    66 |    +0.4% |    0.080 |        0.0 |    267 | _tray_size4_1992/D0
      659 |       1 |      93 |       47 |      9 |    66 |    +0.4% |    0.080 |        0.0 |    266 | _tray_size4_1992/D0
      660 |       1 |      93 |       47 |      9 |    66 |    +0.4% |    0.080 |        0.0 |    266 | _tray_size4_1992/D0
      660 |       1 |      93 |       47 |      9 |    66 |    +0.4% |    0.080 |        0.0 |    265 | _tray_size4_1992/D0
      661 |       1 |      93 |       47 |      9 |    66 |    +0.4% |    0.080 |        0.0 |    264 | _tray_size4_1992/D0
      662 |       1 |      93 |       47 |      9 |    66 |    +0.4% |    0.080 |        0.0 |    263 | _tray_size4_1992/D0
      663 |       1 |      93 |       47 |      9 |    66 |    +0.4% |    0.080 |        0.0 |    262 | _tray_size4_1992/D0
      664 |       1 |      93 |       47 |      9 |    66 |    +0.4% |    0.080 |        0.0 |    261 | _tray_size4_1992/D0
      665 |       1 |      93 |       47 |      9 |    66 |    +0.4% |    0.080 |        0.0 |    260 | _tray_size4_1992/D0
      666 |       1 |      93 |       47 |      9 |    66 |    +0.4% |    0.080 |        0.0 |    259 | _tray_size4_1992/D0
      667 |       1 |      93 |       47 |      9 |    66 |    +0.4% |    0.080 |        0.0 |    258 | _tray_size4_1992/D0
      668 |       1 |      93 |       47 |      9 |    66 |    +0.4% |    0.080 |        0.0 |    257 | _tray_size4_1992/D0
      669 |       1 |      93 |       47 |      9 |    66 |    +0.4% |    0.080 |        0.0 |    256 | _tray_size4_1992/D0
      670 |       1 |      93 |       47 |      9 |    66 |    +0.4% |    0.080 |        0.0 |    256 | _tray_size4_1992/D0
      670 |       1 |      93 |       47 |      9 |    66 |    +0.4% |    0.080 |        0.0 |    255 | _tray_size4_1992/D0
      671 |       1 |      93 |       47 |      9 |    66 |    +0.4% |    0.080 |        0.0 |    254 | _tray_size4_1992/D0
      672 |       1 |      93 |       47 |      9 |    66 |    +0.4% |    0.080 |        0.0 |    253 | _tray_size4_1992/D0
      673 |       1 |      93 |       47 |      9 |    66 |    +0.4% |    0.080 |        0.0 |    252 | _tray_size4_1992/D0
      674 |       1 |      93 |       47 |      9 |    66 |    +0.4% |    0.080 |        0.0 |    251 | _tray_size4_1992/D0
      675 |       1 |      93 |       47 |      9 |    66 |    +0.4% |    0.080 |        0.0 |    250 | _tray_size4_1992/D0
      676 |       1 |      93 |       47 |      9 |    66 |    +0.4% |    0.080 |        0.0 |    249 | _tray_size4_1992/D0
      677 |       1 |      93 |       47 |      9 |    66 |    +0.4% |    0.080 |        0.0 |    248 | _tray_size4_1992/D0
      678 |       1 |      93 |       47 |      9 |    66 |    +0.4% |    0.080 |        0.0 |    247 | _tray_size4_1992/D0
      679 |       1 |      93 |       47 |      9 |    66 |    +0.4% |    0.080 |        0.0 |    246 | _tray_size4_1992/D0
      680 |       1 |      93 |       47 |      9 |    66 |    +0.4% |    0.080 |        0.0 |    246 | _tray_size4_1992/D0
      680 |       1 |      93 |       47 |      9 |    66 |    +0.4% |    0.080 |        0.0 |    245 | _tray_size4_1992/D0
      681 |       1 |      93 |       47 |      9 |    66 |    +0.4% |    0.080 |        0.0 |    244 | _tray_size4_1992/D0
      682 |       1 |      93 |       47 |      9 |    66 |    +0.4% |    0.080 |        0.0 |    243 | _tray_size4_1992/D0
      683 |       1 |      93 |       47 |      9 |    66 |    +0.4% |    0.080 |        0.0 |    242 | _tray_size4_1992/D0
      684 |       1 |      93 |       47 |      9 |    66 |    +0.4% |    0.080 |        0.0 |    241 | _tray_size4_1992/D0
      685 |       1 |      93 |       47 |      9 |    66 |    +0.4% |    0.080 |        0.0 |    240 | _tray_size4_1992/D0
      686 |       1 |      93 |       47 |      9 |    66 |    +0.4% |    0.080 |        0.0 |    239 | _tray_size4_1992/D0
      687 |       1 |      93 |       47 |      9 |    66 |    +0.4% |    0.080 |        0.0 |    238 | _tray_size4_1992/D0
      688 |       1 |      93 |       47 |      9 |    66 |    +0.4% |    0.080 |        0.0 |    237 | _tray_size4_1992/D0
      689 |       1 |      93 |       47 |      9 |    66 |    +0.4% |    0.080 |        0.0 |    236 | _tray_size4_1992/D0
      690 |       1 |      93 |       47 |      9 |    66 |    +0.4% |    0.080 |        0.0 |    236 | _tray_size4_1992/D0
      690 |       1 |      93 |       47 |      9 |    66 |    +0.4% |    0.080 |        0.0 |    235 | _tray_size4_1992/D0
      691 |       1 |      93 |       47 |      9 |    66 |    +0.4% |    0.080 |        0.0 |    234 | _tray_size4_1992/D0
      692 |       1 |      93 |       47 |      9 |    66 |    +0.4% |    0.080 |        0.0 |    233 | _tray_size4_1992/D0
      693 |       1 |      93 |       47 |      9 |    66 |    +0.4% |    0.080 |        0.0 |    232 | _tray_size4_1992/D0
      694 |       1 |      93 |       47 |      9 |    66 |    +0.4% |    0.080 |        0.0 |    231 | _tray_size4_1992/D0
      695 |       1 |      93 |       47 |      9 |    66 |    +0.4% |    0.080 |        0.0 |    230 | _tray_size4_1992/D0
      696 |       1 |      93 |       47 |      9 |    66 |    +0.4% |    0.080 |        0.0 |    229 | _tray_size4_1992/D0
      697 |       1 |      93 |       47 |      9 |    66 |    +0.4% |    0.080 |        0.0 |    228 | _tray_size4_1992/D0
      698 |       1 |      93 |       47 |      9 |    66 |    +0.4% |    0.080 |        0.0 |    227 | _tray_size4_1992/D0
      699 |       1 |      93 |       47 |      9 |    66 |    +0.4% |    0.080 |        0.0 |    226 | _tray_size4_1992/D0
      700 |       1 |      93 |       47 |      9 |    66 |    +0.4% |    0.080 |        0.0 |    226 | _tray_size4_1992/D0
      700 |       1 |      93 |       47 |      9 |    66 |    +0.4% |    0.080 |        0.0 |    225 | _tray_size4_1992/D0
      701 |       1 |      93 |       47 |      9 |    66 |    +0.4% |    0.080 |        0.0 |    224 | _tray_size4_1992/D0
      702 |       1 |      93 |       47 |      9 |    66 |    +0.4% |    0.080 |        0.0 |    223 | _tray_size4_1992/D0
      703 |       1 |      93 |       47 |      9 |    66 |    +0.4% |    0.080 |        0.0 |    222 | _tray_size4_1992/D0
      704 |       1 |      93 |       47 |      9 |    66 |    +0.4% |    0.080 |        0.0 |    221 | _tray_size4_1992/D0
      705 |       1 |      93 |       47 |      9 |    66 |    +0.4% |    0.080 |        0.0 |    220 | _tray_size4_1992/D0
      706 |       1 |      93 |       47 |      9 |    66 |    +0.4% |    0.080 |        0.0 |    219 | _tray_size4_1992/D0
      707 |       1 |      93 |       47 |      9 |    66 |    +0.4% |    0.080 |        0.0 |    218 | _tray_size4_1992/D0
      708 |       1 |      93 |       47 |      9 |    66 |    +0.4% |    0.080 |        0.0 |    217 | _tray_size4_1992/D0
      709 |       1 |      93 |       47 |      9 |    66 |    +0.4% |    0.080 |        0.0 |    216 | _tray_size4_1992/D0
      710 |       1 |      93 |       47 |      9 |    66 |    +0.4% |    0.080 |        0.0 |    216 | _tray_size4_1992/D0
      710 |       1 |      93 |       47 |      9 |    66 |    +0.4% |    0.080 |        0.0 |    215 | _tray_size4_1992/D0
      711 |       1 |      93 |       47 |      9 |    66 |    +0.4% |    0.080 |        0.0 |    214 | _tray_size4_1992/D0
      712 |       1 |      93 |       47 |      9 |    66 |    +0.4% |    0.080 |        0.0 |    213 | _tray_size4_1992/D0
      713 |       1 |      93 |       47 |      9 |    66 |    +0.4% |    0.080 |        0.0 |    212 | _tray_size4_1992/D0
      714 |       1 |      93 |       47 |      9 |    66 |    +0.4% |    0.080 |        0.0 |    211 | _tray_size4_1992/D0
      715 |       1 |      93 |       47 |      9 |    66 |    +0.4% |    0.080 |        0.0 |    210 | _tray_size4_1992/D0
      716 |       1 |      93 |       47 |      9 |    66 |    +0.4% |    0.080 |        0.0 |    209 | _tray_size4_1992/D0
      717 |       1 |      93 |       47 |      9 |    66 |    +0.4% |    0.080 |        0.0 |    208 | _tray_size4_1992/D0
      718 |       1 |      93 |       47 |      9 |    66 |    +0.4% |    0.080 |        0.0 |    207 | _tray_size4_1992/D0
      719 |       1 |      93 |       47 |      9 |    66 |    +0.4% |    0.080 |        0.0 |    206 | _tray_size4_1992/D0
      720 |       1 |      93 |       47 |      9 |    66 |    +0.4% |    0.080 |        0.0 |    206 | _tray_size4_1992/D0
      720 |       1 |      93 |       47 |      9 |    66 |    +0.4% |    0.080 |        0.0 |    205 | _tray_size4_1992/D0
      721 |       1 |      93 |       47 |      9 |    66 |    +0.4% |    0.080 |        0.0 |    204 | _tray_size4_1992/D0
      722 |       1 |      93 |       47 |      9 |    66 |    +0.4% |    0.080 |        0.0 |    203 | _tray_size4_1992/D0
      723 |       1 |      93 |       47 |      9 |    66 |    +0.4% |    0.080 |        0.0 |    202 | _tray_size4_1992/D0
      724 |       1 |      93 |       47 |      9 |    66 |    +0.4% |    0.080 |        0.0 |    201 | _tray_size4_1992/D0
      725 |       1 |      93 |       47 |      9 |    66 |    +0.4% |    0.080 |        0.0 |    200 | _tray_size4_1992/D0
      726 |       1 |      93 |       47 |      9 |    66 |    +0.4% |    0.080 |        0.0 |    199 | _tray_size4_1992/D0
      727 |       1 |      93 |       47 |      9 |    66 |    +0.4% |    0.080 |        0.0 |    198 | _tray_size4_1992/D0
      728 |       1 |      93 |       47 |      9 |    66 |    +0.4% |    0.080 |        0.0 |    197 | _tray_size4_1992/D0
      729 |       1 |      93 |       47 |      9 |    66 |    +0.4% |    0.080 |        0.0 |    196 | _tray_size4_1992/D0
      730 |       1 |      93 |       47 |      9 |    66 |    +0.4% |    0.080 |        0.0 |    196 | _tray_size4_1992/D0
      730 |       1 |      93 |       47 |      9 |    66 |    +0.4% |    0.080 |        0.0 |    195 | _tray_size4_1992/D0
      731 |       1 |      93 |       47 |      9 |    66 |    +0.4% |    0.080 |        0.0 |    194 | _tray_size4_1992/D0
      732 |       1 |      93 |       47 |      9 |    66 |    +0.4% |    0.080 |        0.0 |    193 | _tray_size4_1992/D0
      733 |       1 |      93 |       47 |      9 |    66 |    +0.4% |    0.080 |        0.0 |    192 | _tray_size4_1992/D0
      734 |       1 |      93 |       47 |      9 |    66 |    +0.4% |    0.080 |        0.0 |    191 | _tray_size4_1992/D0
      735 |       1 |      93 |       47 |      9 |    66 |    +0.4% |    0.080 |        0.0 |    190 | _tray_size4_1992/D0
      736 |       1 |      93 |       47 |      9 |    66 |    +0.4% |    0.080 |        0.0 |    189 | _tray_size4_1992/D0
      737 |       1 |      93 |       47 |      9 |    66 |    +0.4% |    0.080 |        0.0 |    188 | _tray_size4_1992/D0
      738 |       1 |      93 |       47 |      9 |    66 |    +0.4% |    0.080 |        0.0 |    187 | _tray_size4_1992/D0
      739 |       1 |      93 |       47 |      9 |    66 |    +0.4% |    0.080 |        0.0 |    186 | _tray_size4_1992/D0
      740 |       1 |      93 |       47 |      9 |    66 |    +0.4% |    0.080 |        0.0 |    186 | _tray_size4_1992/D0
      740 |       1 |      93 |       47 |      9 |    66 |    +0.4% |    0.080 |        0.0 |    185 | _tray_size4_1992/D0
      741 |       1 |      93 |       47 |      9 |    66 |    +0.4% |    0.080 |        0.0 |    184 | _tray_size4_1992/D0
      742 |       1 |      93 |       47 |      9 |    66 |    +0.4% |    0.080 |        0.0 |    183 | _tray_size4_1992/D0
      743 |       1 |      93 |       47 |      9 |    66 |    +0.4% |    0.080 |        0.0 |    182 | _tray_size4_1992/D0
      744 |       1 |      93 |       47 |      9 |    66 |    +0.4% |    0.080 |        0.0 |    181 | _tray_size4_1992/D0
      745 |       1 |      93 |       47 |      9 |    66 |    +0.4% |    0.080 |        0.0 |    180 | _tray_size4_1992/D0
      746 |       1 |      93 |       47 |      9 |    66 |    +0.4% |    0.080 |        0.0 |    179 | _tray_size4_1992/D0
      747 |       1 |      93 |       47 |      9 |    66 |    +0.4% |    0.080 |        0.0 |    178 | _tray_size4_1992/D0
      748 |       1 |      93 |       47 |      9 |    66 |    +0.4% |    0.080 |        0.0 |    177 | _tray_size4_1992/D0
      749 |       1 |      93 |       47 |      9 |    66 |    +0.4% |    0.080 |        0.0 |    176 | _tray_size4_1992/D0
      750 |       1 |      93 |       47 |      9 |    66 |    +0.4% |    0.080 |        0.0 |    176 | _tray_size4_1992/D0
      750 |       1 |      93 |       47 |      9 |    66 |    +0.4% |    0.080 |        0.0 |    175 | _tray_size4_1992/D0
      751 |       1 |      93 |       47 |      9 |    66 |    +0.4% |    0.080 |        0.0 |    174 | _tray_size4_1992/D0
      752 |       1 |      93 |       47 |      9 |    66 |    +0.4% |    0.080 |        0.0 |    173 | _tray_size4_1992/D0
      753 |       1 |      93 |       47 |      9 |    66 |    +0.4% |    0.080 |        0.0 |    172 | _tray_size4_1992/D0
      754 |       1 |      93 |       47 |      9 |    66 |    +0.4% |    0.080 |        0.0 |    171 | _tray_size4_1992/D0
      755 |       1 |      93 |       47 |      9 |    66 |    +0.4% |    0.080 |        0.0 |    170 | _tray_size4_1992/D0
      756 |       1 |      93 |       47 |      9 |    66 |    +0.4% |    0.080 |        0.0 |    169 | _tray_size4_1992/D0
      757 |       1 |      93 |       47 |      9 |    66 |    +0.4% |    0.080 |        0.0 |    168 | _tray_size4_1992/D0
      758 |       1 |      93 |       47 |      9 |    66 |    +0.4% |    0.080 |        0.0 |    167 | _tray_size4_1992/D0
      759 |       1 |      93 |       47 |      9 |    66 |    +0.4% |    0.080 |        0.0 |    166 | _tray_size4_1992/D0
      760 |       1 |      93 |       47 |      9 |    66 |    +0.4% |    0.080 |        0.0 |    166 | _tray_size4_1992/D0
      760 |       1 |      93 |       47 |      9 |    66 |    +0.4% |    0.080 |        0.0 |    165 | _tray_size4_1992/D0
      761 |       1 |      93 |       47 |      9 |    66 |    +0.4% |    0.080 |        0.0 |    164 | _tray_size4_1992/D0
      762 |       1 |      93 |       47 |      9 |    66 |    +0.4% |    0.080 |        0.0 |    163 | _tray_size4_1992/D0
      763 |       1 |      93 |       47 |      9 |    66 |    +0.4% |    0.080 |        0.0 |    162 | _tray_size4_1992/D0
      764 |       1 |      93 |       47 |      9 |    66 |    +0.4% |    0.080 |        0.0 |    161 | _tray_size4_1992/D0
      765 |       1 |      93 |       47 |      9 |    66 |    +0.4% |    0.080 |        0.0 |    160 | _tray_size4_1992/D0
      766 |       1 |      93 |       47 |      9 |    66 |    +0.4% |    0.080 |        0.0 |    159 | _tray_size4_1992/D0
      767 |       1 |      93 |       47 |      9 |    66 |    +0.4% |    0.080 |        0.0 |    158 | _tray_size4_1992/D0
      768 |       1 |      93 |       47 |      9 |    66 |    +0.4% |    0.080 |        0.0 |    157 | _tray_size4_1992/D0
      769 |       1 |      93 |       47 |      9 |    66 |    +0.4% |    0.080 |        0.0 |    156 | _tray_size4_1992/D0
      770 |       1 |      93 |       47 |      9 |    66 |    +0.4% |    0.080 |        0.0 |    156 | _tray_size4_1992/D0
      770 |       1 |      93 |       47 |      9 |    66 |    +0.4% |    0.080 |        0.0 |    155 | _tray_size4_1992/D0
      771 |       1 |      93 |       47 |      9 |    66 |    +0.4% |    0.080 |        0.0 |    154 | _tray_size4_1992/D0
      772 |       1 |      93 |       47 |      9 |    66 |    +0.4% |    0.080 |        0.0 |    153 | _tray_size4_1992/D0
      773 |       1 |      93 |       47 |      9 |    66 |    +0.4% |    0.080 |        0.0 |    152 | _tray_size4_1992/D0
      774 |       1 |      93 |       47 |      9 |    66 |    +0.4% |    0.080 |        0.0 |    151 | _tray_size4_1992/D0
      775 |       1 |      93 |       47 |      9 |    66 |    +0.4% |    0.080 |        0.0 |    150 | _tray_size4_1992/D0
      776 |       1 |      93 |       47 |      9 |    66 |    +0.4% |    0.080 |        0.0 |    149 | _tray_size4_1992/D0
      777 |       1 |      93 |       47 |      9 |    66 |    +0.4% |    0.080 |        0.0 |    148 | _tray_size4_1992/D0
      778 |       1 |      93 |       47 |      9 |    66 |    +0.4% |    0.080 |        0.0 |    147 | _tray_size4_1992/D0
      779 |       1 |      93 |       47 |      9 |    66 |    +0.4% |    0.080 |        0.0 |    146 | _tray_size4_1992/D0
      780 |       1 |      93 |       47 |      9 |    66 |    +0.4% |    0.080 |        0.0 |    146 | _tray_size4_1992/D0
      780 |       1 |      93 |       47 |      9 |    66 |    +0.4% |    0.080 |        0.0 |    145 | _tray_size4_1992/D0
      781 |       1 |      93 |       47 |      9 |    66 |    +0.4% |    0.080 |        0.0 |    144 | _tray_size4_1992/D0
      782 |       1 |      93 |       47 |      9 |    66 |    +0.4% |    0.080 |        0.0 |    143 | _tray_size4_1992/D0
      783 |       1 |      93 |       47 |      9 |    66 |    +0.4% |    0.080 |        0.0 |    142 | _tray_size4_1992/D0
      784 |       1 |      93 |       47 |      9 |    66 |    +0.4% |    0.080 |        0.0 |    141 | _tray_size4_1992/D0
      785 |       1 |      93 |       47 |      9 |    66 |    +0.4% |    0.080 |        0.0 |    140 | _tray_size4_1992/D0
      786 |       1 |      93 |       47 |      9 |    66 |    +0.4% |    0.080 |        0.0 |    139 | _tray_size4_1992/D0
      787 |       1 |      93 |       47 |      9 |    66 |    +0.4% |    0.080 |        0.0 |    138 | _tray_size4_1992/D0
      788 |       1 |      93 |       47 |      9 |    66 |    +0.4% |    0.080 |        0.0 |    137 | _tray_size4_1992/D0
      789 |       1 |      93 |       47 |      9 |    66 |    +0.4% |    0.080 |        0.0 |    136 | _tray_size4_1992/D0
      790 |       1 |      93 |       47 |      9 |    66 |    +0.4% |    0.080 |        0.0 |    136 | _tray_size4_1992/D0
      790 |       1 |      93 |       47 |      9 |    66 |    +0.4% |    0.080 |        0.0 |    135 | _tray_size4_1992/D0
      791 |       1 |      93 |       47 |      9 |    66 |    +0.4% |    0.080 |        0.0 |    134 | _tray_size4_1992/D0
      792 |       1 |      93 |       47 |      9 |    66 |    +0.4% |    0.080 |        0.0 |    133 | _tray_size4_1992/D0
      793 |       1 |      93 |       47 |      9 |    66 |    +0.4% |    0.080 |        0.0 |    132 | _tray_size4_1992/D0
      794 |       1 |      93 |       47 |      9 |    66 |    +0.4% |    0.080 |        0.0 |    131 | _tray_size4_1992/D0
      795 |       1 |      93 |       47 |      9 |    66 |    +0.4% |    0.080 |        0.0 |    130 | _tray_size4_1992/D0
      796 |       1 |      93 |       47 |      9 |    66 |    +0.4% |    0.080 |        0.0 |    129 | _tray_size4_1992/D0
      797 |       1 |      93 |       47 |      9 |    66 |    +0.4% |    0.080 |        0.0 |    128 | _tray_size4_1992/D0
      798 |       1 |      93 |       47 |      9 |    66 |    +0.4% |    0.080 |        0.0 |    127 | _tray_size4_1992/D0
      799 |       1 |      93 |       47 |      9 |    66 |    +0.4% |    0.080 |        0.0 |    126 | _tray_size4_1992/D0
      800 |       1 |      93 |       47 |      9 |    66 |    +0.4% |    0.080 |        0.0 |    126 | _tray_size4_1992/D0
      800 |       1 |      93 |       47 |      9 |    66 |    +0.4% |    0.080 |        0.0 |    125 | _tray_size4_1992/D0
      801 |       1 |      93 |       47 |      9 |    66 |    +0.4% |    0.080 |        0.0 |    124 | _tray_size4_1992/D0
      802 |       1 |      93 |       47 |      9 |    66 |    +0.4% |    0.080 |        0.0 |    123 | _tray_size4_1992/D0
      803 |       1 |      93 |       47 |      9 |    66 |    +0.4% |    0.080 |        0.0 |    122 | _tray_size4_1992/D0
      804 |       1 |      93 |       47 |      9 |    66 |    +0.4% |    0.080 |        0.0 |    121 | _tray_size4_1992/D0
      805 |       1 |      93 |       47 |      9 |    66 |    +0.4% |    0.080 |        0.0 |    120 | _tray_size4_1992/D0
      806 |       1 |      93 |       47 |      9 |    66 |    +0.4% |    0.080 |        0.0 |    119 | _tray_size4_1992/D0
      807 |       1 |      93 |       47 |      9 |    66 |    +0.4% |    0.080 |        0.0 |    118 | _tray_size4_1992/D0
      808 |       1 |      93 |       47 |      9 |    66 |    +0.4% |    0.080 |        0.0 |    117 | _tray_size4_1992/D0
      809 |       1 |      93 |       47 |      9 |    66 |    +0.4% |    0.080 |        0.0 |    116 | _tray_size4_1992/D0
      810 |       1 |      93 |       47 |      9 |    66 |    +0.4% |    0.080 |        0.0 |    116 | _tray_size4_1992/D0
      810 |       1 |      93 |       47 |      9 |    66 |    +0.4% |    0.080 |        0.0 |    115 | _tray_size4_1992/D0
      811 |       1 |      93 |       47 |      9 |    66 |    +0.4% |    0.080 |        0.0 |    114 | _tray_size4_1992/D0
      812 |       1 |      93 |       47 |      9 |    66 |    +0.4% |    0.080 |        0.0 |    113 | _tray_size4_1992/D0
      813 |       1 |      93 |       47 |      9 |    66 |    +0.4% |    0.080 |        0.0 |    112 | _tray_size4_1992/D0
      814 |       1 |      93 |       47 |      9 |    66 |    +0.4% |    0.080 |        0.0 |    111 | _tray_size4_1992/D0
      815 |       1 |      93 |       47 |      9 |    66 |    +0.4% |    0.080 |        0.0 |    110 | _tray_size4_1992/D0
      816 |       1 |      93 |       47 |      9 |    66 |    +0.4% |    0.080 |        0.0 |    109 | _tray_size4_1992/D0
      817 |       1 |      93 |       47 |      9 |    66 |    +0.4% |    0.080 |        0.0 |    108 | _tray_size4_1992/D0
      818 |       1 |      93 |       47 |      9 |    66 |    +0.4% |    0.080 |        0.0 |    107 | _tray_size4_1992/D0
      819 |       1 |      93 |       47 |      9 |    66 |    +0.4% |    0.080 |        0.0 |    106 | _tray_size4_1992/D0
      820 |       1 |      93 |       47 |      9 |    66 |    +0.4% |    0.080 |        0.0 |    106 | _tray_size4_1992/D0
      820 |       1 |      93 |       47 |      9 |    66 |    +0.4% |    0.080 |        0.0 |    105 | _tray_size4_1992/D0
      821 |       1 |      93 |       47 |      9 |    66 |    +0.4% |    0.080 |        0.0 |    104 | _tray_size4_1992/D0
      822 |       1 |      93 |       47 |      9 |    66 |    +0.4% |    0.080 |        0.0 |    103 | _tray_size4_1992/D0
      823 |       1 |      93 |       47 |      9 |    66 |    +0.4% |    0.080 |        0.0 |    102 | _tray_size4_1992/D0
      824 |       1 |      93 |       47 |      9 |    66 |    +0.4% |    0.080 |        0.0 |    101 | _tray_size4_1992/D0
      825 |       1 |      93 |       47 |      9 |    66 |    +0.4% |    0.080 |        0.0 |    100 | _tray_size4_1992/D0
      826 |       1 |      93 |       47 |      9 |    66 |    +0.4% |    0.080 |        0.0 |     99 | _tray_size4_1992/D0
      827 |       1 |      93 |       47 |      9 |    66 |    +0.4% |    0.080 |        0.0 |     98 | _tray_size4_1992/D0
      828 |       1 |      93 |       47 |      9 |    66 |    +0.4% |    0.080 |        0.0 |     97 | _tray_size4_1992/D0
      829 |       1 |      93 |       47 |      9 |    66 |    +0.4% |    0.080 |        0.0 |     96 | _tray_size4_1992/D0
      830 |       1 |      93 |       47 |      9 |    66 |    +0.4% |    0.080 |        0.0 |     96 | _tray_size4_1992/D0
      830 |       1 |      93 |       47 |      9 |    66 |    +0.4% |    0.080 |        0.0 |     95 | _tray_size4_1992/D0
      831 |       1 |      93 |       47 |      9 |    66 |    +0.4% |    0.080 |        0.0 |     94 | _tray_size4_1992/D0
      832 |       1 |      93 |       47 |      9 |    66 |    +0.4% |    0.080 |        0.0 |     93 | _tray_size4_1992/D0
      833 |       1 |      93 |       47 |      9 |    66 |    +0.4% |    0.080 |        0.0 |     92 | _tray_size4_1992/D0
      834 |       1 |      93 |       47 |      9 |    66 |    +0.4% |    0.080 |        0.0 |     91 | _tray_size4_1992/D0
      835 |       1 |      93 |       47 |      9 |    66 |    +0.4% |    0.080 |        0.0 |     90 | _tray_size4_1992/D0
      836 |       1 |      93 |       47 |      9 |    66 |    +0.4% |    0.080 |        0.0 |     89 | _tray_size4_1992/D0
      837 |       1 |      93 |       47 |      9 |    66 |    +0.4% |    0.080 |        0.0 |     88 | _tray_size4_1992/D0
      838 |       1 |      93 |       47 |      9 |    66 |    +0.4% |    0.080 |        0.0 |     87 | _tray_size4_1992/D0
      839 |       1 |      93 |       47 |      9 |    66 |    +0.4% |    0.080 |        0.0 |     86 | _tray_size4_1992/D0
      840 |       1 |      93 |       47 |      9 |    66 |    +0.4% |    0.080 |        0.0 |     86 | _tray_size4_1992/D0
      840 |       1 |      93 |       47 |      9 |    66 |    +0.4% |    0.080 |        0.0 |     85 | _tray_size4_1992/D0
      841 |       1 |      93 |       47 |      9 |    66 |    +0.4% |    0.080 |        0.0 |     84 | _tray_size4_1992/D0
      842 |       1 |      93 |       47 |      9 |    66 |    +0.4% |    0.080 |        0.0 |     83 | _tray_size4_1992/D0
      843 |       1 |      93 |       47 |      9 |    66 |    +0.4% |    0.080 |        0.0 |     82 | _tray_size4_1992/D0
      844 |       1 |      93 |       47 |      9 |    66 |    +0.4% |    0.080 |        0.0 |     81 | _tray_size4_1992/D0
      845 |       1 |      93 |       47 |      9 |    66 |    +0.4% |    0.080 |        0.0 |     80 | _tray_size4_1992/D0
      846 |       1 |      93 |       47 |      9 |    66 |    +0.4% |    0.080 |        0.0 |     79 | _tray_size4_1992/D0
      847 |       1 |      93 |       47 |      9 |    66 |    +0.4% |    0.080 |        0.0 |     78 | _tray_size4_1992/D0
      848 |       1 |      93 |       47 |      9 |    66 |    +0.4% |    0.080 |        0.0 |     77 | _tray_size4_1992/D0
      849 |       1 |      93 |       47 |      9 |    66 |    +0.4% |    0.080 |        0.0 |     76 | _tray_size4_1992/D0
      850 |       1 |      93 |       47 |      9 |    66 |    +0.4% |    0.080 |        0.0 |     76 | _tray_size4_1992/D0
      850 |       1 |      93 |       47 |      9 |    66 |    +0.4% |    0.080 |        0.0 |     75 | _tray_size4_1992/D0
      851 |       1 |      93 |       47 |      9 |    66 |    +0.4% |    0.080 |        0.0 |     74 | _tray_size4_1992/D0
      852 |       1 |      93 |       47 |      9 |    66 |    +0.4% |    0.080 |        0.0 |     73 | _tray_size4_1992/D0
      853 |       1 |      93 |       47 |      9 |    66 |    +0.4% |    0.080 |        0.0 |     72 | _tray_size4_1992/D0
      854 |       1 |      93 |       47 |      9 |    66 |    +0.4% |    0.080 |        0.0 |     71 | _tray_size4_1992/D0
      855 |       1 |      93 |       47 |      9 |    66 |    +0.4% |    0.080 |        0.0 |     70 | _tray_size4_1992/D0
      856 |       1 |      93 |       47 |      9 |    66 |    +0.4% |    0.080 |        0.0 |     69 | _tray_size4_1992/D0
      857 |       1 |      93 |       47 |      9 |    66 |    +0.4% |    0.080 |        0.0 |     68 | _tray_size4_1992/D0
      858 |       1 |      93 |       47 |      9 |    66 |    +0.4% |    0.080 |        0.0 |     67 | _tray_size4_1992/D0
      859 |       1 |      93 |       47 |      9 |    66 |    +0.4% |    0.080 |        0.0 |     66 | _tray_size4_1992/D0
      860 |       1 |      93 |       47 |      9 |    66 |    +0.4% |    0.080 |        0.0 |     66 | _tray_size4_1992/D0
      860 |       1 |      93 |       47 |      9 |    66 |    +0.4% |    0.080 |        0.0 |     65 | _tray_size4_1992/D0
      861 |       1 |      93 |       47 |      9 |    66 |    +0.4% |    0.080 |        0.0 |     64 | _tray_size4_1992/D0
      862 |       1 |      93 |       47 |      9 |    66 |    +0.4% |    0.080 |        0.0 |     63 | _tray_size4_1992/D0
      863 |       1 |      93 |       47 |      9 |    66 |    +0.4% |    0.080 |        0.0 |     62 | _tray_size4_1992/D0
      864 |       1 |      93 |       47 |      9 |    66 |    +0.4% |    0.080 |        0.0 |     61 | _tray_size4_1992/D0
      865 |       1 |      93 |       47 |      9 |    66 |    +0.4% |    0.080 |        0.0 |     60 | _tray_size4_1992/D0
      866 |       1 |      93 |       47 |      9 |    66 |    +0.4% |    0.080 |        0.0 |     59 | _tray_size4_1992/D0
      867 |       1 |      93 |       47 |      9 |    66 |    +0.4% |    0.080 |        0.0 |     58 | _tray_size4_1992/D0
      868 |       1 |      93 |       47 |      9 |    66 |    +0.4% |    0.080 |        0.0 |     57 | _tray_size4_1992/D0
      869 |       1 |      93 |       47 |      9 |    66 |    +0.4% |    0.080 |        0.0 |     56 | _tray_size4_1992/D0
      870 |       1 |      93 |       47 |      9 |    66 |    +0.4% |    0.080 |        0.0 |     56 | _tray_size4_1992/D0
      870 |       1 |      93 |       47 |      9 |    66 |    +0.4% |    0.080 |        0.0 |     55 | _tray_size4_1992/D0
      871 |       1 |      93 |       47 |      9 |    66 |    +0.4% |    0.080 |        0.0 |     54 | _tray_size4_1992/D0
      872 |       1 |      93 |       47 |      9 |    66 |    +0.4% |    0.080 |        0.0 |     53 | _tray_size4_1992/D0
      873 |       1 |      93 |       47 |      9 |    66 |    +0.4% |    0.080 |        0.0 |     52 | _tray_size4_1992/D0
      874 |       1 |      93 |       47 |      9 |    66 |    +0.4% |    0.080 |        0.0 |     51 | _tray_size4_1992/D0
      875 |       1 |      93 |       47 |      9 |    66 |    +0.4% |    0.080 |        0.0 |     50 | _tray_size4_1992/D0
      876 |       1 |      93 |       47 |      9 |    66 |    +0.4% |    0.080 |        0.0 |     49 | _tray_size4_1992/D0
      877 |       1 |      93 |       47 |      9 |    66 |    +0.4% |    0.080 |        0.0 |     48 | _tray_size4_1992/D0
      878 |       1 |      93 |       47 |      9 |    66 |    +0.4% |    0.080 |        0.0 |     47 | _tray_size4_1992/D0
      879 |       1 |      93 |       47 |      9 |    66 |    +0.4% |    0.080 |        0.0 |     46 | _tray_size4_1992/D0
      880 |       1 |      93 |       47 |      9 |    66 |    +0.4% |    0.080 |        0.0 |     46 | _tray_size4_1992/D0
      880 |       1 |      93 |       47 |      9 |    66 |    +0.4% |    0.080 |        0.0 |     45 | _tray_size4_1992/D0
      881 |       1 |      93 |       47 |      9 |    66 |    +0.4% |    0.080 |        0.0 |     44 | _tray_size4_1992/D0
      882 |       1 |      93 |       47 |      9 |    66 |    +0.4% |    0.080 |        0.0 |     43 | _tray_size4_1992/D0
      883 |       1 |      93 |       47 |      9 |    66 |    +0.4% |    0.080 |        0.0 |     42 | _tray_size4_1992/D0
      884 |       1 |      93 |       47 |      9 |    66 |    +0.4% |    0.080 |        0.0 |     41 | _tray_size4_1992/D0
      885 |       1 |      93 |       47 |      9 |    66 |    +0.4% |    0.080 |        0.0 |     40 | _tray_size4_1992/D0
      886 |       1 |      93 |       47 |      9 |    66 |    +0.4% |    0.080 |        0.0 |     39 | _tray_size4_1992/D0
      887 |       1 |      93 |       47 |      9 |    66 |    +0.4% |    0.080 |        0.0 |     38 | _tray_size4_1992/D0
      888 |       1 |      93 |       47 |      9 |    66 |    +0.4% |    0.080 |        0.0 |     37 | _tray_size4_1992/D0
      889 |       1 |      93 |       47 |      9 |    66 |    +0.4% |    0.080 |        0.0 |     36 | _tray_size4_1992/D0
      890 |       1 |      93 |       47 |      9 |    66 |    +0.4% |    0.080 |        0.0 |     36 | _tray_size4_1992/D0
      890 |       1 |      93 |       47 |      9 |    66 |    +0.4% |    0.080 |        0.0 |     35 | _tray_size4_1992/D0
      891 |       1 |      93 |       47 |      9 |    66 |    +0.4% |    0.080 |        0.0 |     34 | _tray_size4_1992/D0
      892 |       1 |      93 |       47 |      9 |    66 |    +0.4% |    0.080 |        0.0 |     33 | _tray_size4_1992/D0
      893 |       1 |      93 |       47 |      9 |    66 |    +0.4% |    0.080 |        0.0 |     32 | _tray_size4_1992/D0
      894 |       1 |      93 |       47 |      9 |    66 |    +0.4% |    0.080 |        0.0 |     31 | _tray_size4_1992/D0
      895 |       1 |      93 |       47 |      9 |    66 |    +0.4% |    0.080 |        0.0 |     30 | _tray_size4_1992/D0
      896 |       1 |      93 |       47 |      9 |    66 |    +0.4% |    0.080 |        0.0 |     29 | _tray_size4_1992/D0
      897 |       1 |      93 |       47 |      9 |    66 |    +0.4% |    0.080 |        0.0 |     28 | _tray_size4_1992/D0
      898 |       1 |      93 |       47 |      9 |    66 |    +0.4% |    0.080 |        0.0 |     27 | _tray_size4_1992/D0
      899 |       1 |      93 |       47 |      9 |    66 |    +0.4% |    0.080 |        0.0 |     26 | _tray_size4_1992/D0
      900 |       1 |      93 |       47 |      9 |    66 |    +0.4% |    0.080 |        0.0 |     26 | _tray_size4_1992/D0
      900 |       1 |      93 |       47 |      9 |    66 |    +0.4% |    0.080 |        0.0 |     25 | _tray_size4_1992/D0
      901 |       1 |      93 |       47 |      9 |    66 |    +0.4% |    0.080 |        0.0 |     24 | _tray_size4_1992/D0
      902 |       1 |      93 |       47 |      9 |    66 |    +0.4% |    0.080 |        0.0 |     23 | _tray_size4_1992/D0
      903 |       1 |      93 |       47 |      9 |    66 |    +0.4% |    0.080 |        0.0 |     22 | _tray_size4_1992/D0
      904 |       1 |      93 |       47 |      9 |    66 |    +0.4% |    0.080 |        0.0 |     21 | _tray_size4_1992/D0
      905 |       1 |      93 |       47 |      9 |    66 |    +0.4% |    0.080 |        0.0 |     20 | _tray_size4_1992/D0
      906 |       1 |      93 |       47 |      9 |    66 |    +0.4% |    0.080 |        0.0 |     19 | _tray_size4_1992/D0
      907 |       1 |      93 |       47 |      9 |    66 |    +0.4% |    0.080 |        0.0 |     18 | _tray_size4_1992/D0
      908 |       1 |      93 |       47 |      9 |    66 |    +0.4% |    0.080 |        0.0 |     17 | _tray_size4_1992/D0
      909 |       1 |      93 |       47 |      9 |    66 |    +0.4% |    0.080 |        0.0 |     16 | _tray_size4_1992/D0
      910 |       1 |      93 |       47 |      9 |    66 |    +0.4% |    0.080 |        0.0 |     16 | _tray_size4_1992/D0
      910 |       1 |      93 |       47 |      9 |    66 |    +0.4% |    0.080 |        0.0 |     15 | _tray_size4_1992/D0
      911 |       1 |      93 |       47 |      9 |    66 |    +0.4% |    0.080 |        0.0 |     14 | _tray_size4_1992/D0
      912 |       1 |      93 |       47 |      9 |    66 |    +0.4% |    0.080 |        0.0 |     13 | _tray_size4_1992/D0
      913 |       1 |      93 |       47 |      9 |    66 |    +0.4% |    0.080 |        0.0 |     12 | _tray_size4_1992/D0
      914 |       1 |      93 |       47 |      9 |    66 |    +0.4% |    0.080 |        0.0 |     11 | _tray_size4_1992/D0
      915 |       1 |      93 |       47 |      9 |    66 |    +0.4% |    0.080 |        0.0 |     10 | _tray_size4_1992/D0
      916 |       1 |      93 |       47 |      9 |    66 |    +0.4% |    0.080 |        0.0 |      9 | _tray_size4_1992/D0
      917 |       1 |      93 |       47 |      9 |    66 |    +0.4% |    0.080 |        0.0 |      8 | _tray_size4_1992/D0
      918 |       1 |      93 |       47 |      9 |    66 |    +0.4% |    0.080 |        0.0 |      7 | _tray_size4_1992/D0
      919 |       1 |      93 |       47 |      9 |    66 |    +0.4% |    0.080 |        0.0 |      6 | _tray_size4_1992/D0
      920 |       1 |      93 |       47 |      9 |    66 |    +0.4% |    0.080 |        0.0 |      6 | _tray_size4_1992/D0
      920 |       1 |      93 |       47 |      9 |    66 |    +0.4% |    0.080 |        0.0 |      5 | _tray_size4_1992/D0
      921 |       1 |      93 |       47 |      9 |    66 |    +0.4% |    0.080 |        0.0 |      4 | _tray_size4_1992/D0
      922 |       1 |      93 |       47 |      9 |    66 |    +0.4% |    0.080 |        0.0 |      3 | _tray_size4_1992/D0
      923 |       1 |      93 |       47 |      9 |    66 |    +0.4% |    0.080 |        0.0 |      2 | _tray_size4_1992/D0
      924 |       1 |      93 |       47 |      9 |    66 |    +0.4% |    0.080 |        0.0 |      1 | _tray_size4_1992/D0
      925 |       1 |      93 |       47 |      9 |    66 |    +0.4% |    0.080 |        0.0 |      0 | _tray_size4_1992/D0
      926 |       1 |      93 |       47 |      9 |    66 |    +0.4% |    0.080 |        0.0 |      0 | _tray_size4_1992/D0
      927 |       1 |      93 |       47 |      9 |    66 |    +0.4% |    0.080 |        0.0 |      0 | _tray_size4_1992/D0
      928 |       1 |      93 |       47 |      9 |    66 |    +0.4% |    0.080 |        0.0 |      0 | _tray_size4_1992/D0
      929 |       1 |      93 |       47 |      9 |    66 |    +0.4% |    0.080 |        0.0 |      0 | _tray_size4_1992/D0
    final |       1 |      93 |       47 |      9 |    66 |    +0.4% |    0.080 |        0.0 |      0 | _tray_size4_1992/D0
--------------------------------------------------------------------------------------------------------------
[INFO RSZ-0059] Removed 1 buffers.
[INFO RSZ-0040] Inserted 47 buffers.
[INFO RSZ-0051] Resized 93 instances: 93 up, 0 up match, 0 down, 0 VT
[INFO RSZ-0043] Swapped pins on 66 instances.
[INFO RSZ-0049] Cloned 9 instances.
[INFO RSZ-0033] No hold violations found.
Took 13 seconds: repair_timing -setup_margin 0 -hold_margin 0 -repair_tns 100 -verbose
global_route -start_incremental
detailed_placement
[INFO DPL-0005] Max displacement: +/- 500 sites horizontally, +/- 100 rows vertically.
Movements Summary
---------------------------------------
Total cells:                    9525
Diamond Move Success:           9525 (100.00%)
Diamond Move Failure:              0
Rip-up and replace Success:        0 (  0.00% of diamond failures)
Rip-up and replace Failure:        0
Total Placement Failures:          0
---------------------------------------
Placement Analysis
---------------------------------
total displacement        115.9 u
average displacement        0.0 u
max displacement            1.8 u
original HPWL           47722.4 u
legalized HPWL          47798.9 u
delta HPWL                    0 %

global_route -end_incremental -congestion_report_file ./reports/asap7/riscv32i/modified_mcf_alpha_8-beta_0.1-run1/congestion_post_repair_timing.rpt
global_route -start_incremental
global_route -end_incremental -congestion_report_file ./reports/asap7/riscv32i/modified_mcf_alpha_8-beta_0.1-run1/congestion_post_recover_power.rpt
Repair antennas...
[WARNING GRT-0246] No diode with LEF class CORE ANTENNACELL found.
[INFO ANT-0002] Found 0 net violations.
[INFO ANT-0001] Found 0 pin violations.
Estimate parasitics...
estimate_parasitics -global_routing
Report metrics stage 5, global route...

==========================================================================
global route report_design_area
--------------------------------------------------------------------------
Design area 2657 um^2 66% utilization.
[INFO FLW-0007] clock clk period 950.000000
[INFO FLW-0008] Clock clk period 924.621
[INFO FLW-0009] Clock clk slack -23.285
[INFO FLW-0011] Path endpoint path count 1461
write_db ./results/asap7/riscv32i/modified_mcf_alpha_8-beta_0.1-run1/5_1_grt.odb
write_sdc -no_timestamp ./results/asap7/riscv32i/modified_mcf_alpha_8-beta_0.1-run1/5_1_grt.sdc
Elapsed time: 0:37.60[h:]min:sec. CPU time: user 568.61 sys 18.57 (1561%). Peak memory: 563312KB.
Log                        Elapsed/s Peak Memory/MB  sha1sum .odb [0:20)
5_1_grt                           37            550 f8f82b14d9cd76a5b693
