
==========================================================================
cts final report_tns
--------------------------------------------------------------------------
tns max -1244.10

==========================================================================
cts final report_wns
--------------------------------------------------------------------------
wns max -73.41

==========================================================================
cts final report_worst_slack
--------------------------------------------------------------------------
worst slack max -73.41

==========================================================================
cts final report_clock_min_period
--------------------------------------------------------------------------
mrx_clk_pad_i period_min = 373.41 fmax = 2678.03
mtx_clk_pad_i period_min = 299.61 fmax = 3337.65
wb_clk_i period_min = 707.57 fmax = 1413.30

==========================================================================
cts final report_clock_skew
--------------------------------------------------------------------------
Clock mrx_clk_pad_i
  50.98 source latency rxethmac1.LatchedByte[7]$_DFF_PP0_/CLK ^
 -70.29 target latency rxethmac1.LatchedByte[3]$_DFF_PP0_/CLK ^
  -2.58 CRPR
--------------
 -21.89 setup skew

Clock mtx_clk_pad_i
  76.36 source latency wishbone.TxData[7]$_DFFE_PP0P_/CLK ^
 -68.82 target latency txethmac1.MTxD[3]$_DFF_PP0_/CLK ^
  -1.63 CRPR
--------------
   5.91 setup skew

Clock wb_clk_i
 228.49 source latency ethreg1.MAC_ADDR0_3.DataOut[1]$_DFFE_PP0P_/CLK ^
-191.93 target latency temp_wb_dat_o_reg[25]$_DFF_PP0_/CLK ^
  -3.11 CRPR
--------------
  33.45 setup skew


==========================================================================
cts final report_checks -path_delay min
--------------------------------------------------------------------------
Startpoint: wb_rst_i (input port clocked by mrx_clk_pad_i)
Endpoint: maccontrol1.receivecontrol1.SlotTimer[0]$_DFFE_PP0P_
          (removal check against rising-edge clock mrx_clk_pad_i)
Path Group: asynchronous
Path Type: min

Fanout     Cap    Slew   Delay    Time   Description
-----------------------------------------------------------------------------
                          0.00    0.00   clock mrx_clk_pad_i (rise edge)
                          0.00    0.00   clock network delay (propagated)
                         60.00   60.00 v input external delay
     1    2.31    0.00    0.00   60.00 v wb_rst_i (in)
                                         wb_rst_i (net)
                  1.13    0.36   60.36 v input1332/A (BUFx2_ASAP7_75t_R)
     2   12.72   39.11   22.63   82.99 v input1332/Y (BUFx2_ASAP7_75t_R)
                                         net1331 (net)
                 43.21    6.62   89.61 v _058948_/A (CKINVDCx20_ASAP7_75t_R)
     9    8.89   12.87   11.59  101.20 ^ _058948_/Y (CKINVDCx20_ASAP7_75t_R)
                                         _000240_ (net)
                 13.92    1.85  103.05 ^ place18264/A (BUFx3_ASAP7_75t_R)
     6    4.32   12.16   17.22  120.27 ^ place18264/Y (BUFx3_ASAP7_75t_R)
                                         net18261 (net)
                 12.17    0.19  120.46 ^ maccontrol1.receivecontrol1.SlotTimer[0]$_DFFE_PP0P_/RESETN (DFFASRHQNx1_ASAP7_75t_R)
                                120.46   data arrival time

                          0.00    0.00   clock mrx_clk_pad_i (rise edge)
                          0.00    0.00   clock source latency
     1    6.54    0.00    0.00    0.00 ^ mrx_clk_pad_i (in)
                                         mrx_clk_pad_i (net)
                 14.34    4.52    4.52 ^ clkbuf_0_mrx_clk_pad_i/A (BUFx24_ASAP7_75t_R)
     2    8.20    9.03   19.56   24.08 ^ clkbuf_0_mrx_clk_pad_i/Y (BUFx24_ASAP7_75t_R)
                                         clknet_0_mrx_clk_pad_i (net)
                 11.33    2.36   26.44 ^ clkbuf_1_0__f_mrx_clk_pad_i/A (BUFx24_ASAP7_75t_R)
     8   26.39   17.54   21.59   48.03 ^ clkbuf_1_0__f_mrx_clk_pad_i/Y (BUFx24_ASAP7_75t_R)
                                         clknet_1_0__leaf_mrx_clk_pad_i (net)
                 18.97    2.60   50.64 ^ clkbuf_leaf_12_mrx_clk_pad_i/A (BUFx24_ASAP7_75t_R)
    18   17.75   13.27   22.84   73.48 ^ clkbuf_leaf_12_mrx_clk_pad_i/Y (BUFx24_ASAP7_75t_R)
                                         clknet_leaf_12_mrx_clk_pad_i (net)
                 13.34    0.53   74.00 ^ maccontrol1.receivecontrol1.SlotTimer[0]$_DFFE_PP0P_/CLK (DFFASRHQNx1_ASAP7_75t_R)
                          0.00   74.00   clock reconvergence pessimism
                         22.18   96.19   library removal time
                                 96.19   data required time
-----------------------------------------------------------------------------
                                 96.19   data required time
                               -120.46   data arrival time
-----------------------------------------------------------------------------
                                 24.27   slack (MET)


Startpoint: mrxdv_pad_i (input port clocked by mrx_clk_pad_i)
Endpoint: RxEnSync$_DFFE_PP0N_
          (rising edge-triggered flip-flop clocked by mrx_clk_pad_i)
Path Group: mrx_clk_pad_i
Path Type: min

Fanout     Cap    Slew   Delay    Time   Description
-----------------------------------------------------------------------------
                          0.00    0.00   clock mrx_clk_pad_i (rise edge)
                          0.00    0.00   clock network delay (propagated)
                         60.00   60.00 ^ input external delay
     1    1.10    0.00    0.00   60.00 ^ mrxdv_pad_i (in)
                                         mrxdv_pad_i (net)
                  0.25    0.08   60.08 ^ input1287/A (BUFx2_ASAP7_75t_R)
     1    0.60    5.13   10.02   70.10 ^ input1287/Y (BUFx2_ASAP7_75t_R)
                                         net1286 (net)
                  5.13    0.02   70.12 ^ _056058_/A (INVx1_ASAP7_75t_R)
     2    1.28    8.09    6.02   76.14 v _056058_/Y (INVx1_ASAP7_75t_R)
                                         _021344_ (net)
                  8.09    0.07   76.21 v _056060_/A2 (AO21x1_ASAP7_75t_R)
     1    0.62    6.12   14.07   90.28 v _056060_/Y (AO21x1_ASAP7_75t_R)
                                         _012860_ (net)
                  6.12    0.02   90.31 v RxEnSync$_DFFE_PP0N_/D (DFFASRHQNx1_ASAP7_75t_R)
                                 90.31   data arrival time

                          0.00    0.00   clock mrx_clk_pad_i (rise edge)
                          0.00    0.00   clock source latency
     1    6.54    0.00    0.00    0.00 ^ mrx_clk_pad_i (in)
                                         mrx_clk_pad_i (net)
                 14.34    4.52    4.52 ^ clkbuf_0_mrx_clk_pad_i/A (BUFx24_ASAP7_75t_R)
     2    8.20    9.03   19.56   24.08 ^ clkbuf_0_mrx_clk_pad_i/Y (BUFx24_ASAP7_75t_R)
                                         clknet_0_mrx_clk_pad_i (net)
                 11.33    2.36   26.44 ^ clkbuf_1_0__f_mrx_clk_pad_i/A (BUFx24_ASAP7_75t_R)
     8   26.39   17.54   21.59   48.03 ^ clkbuf_1_0__f_mrx_clk_pad_i/Y (BUFx24_ASAP7_75t_R)
                                         clknet_1_0__leaf_mrx_clk_pad_i (net)
                 18.97    2.60   50.64 ^ clkbuf_leaf_12_mrx_clk_pad_i/A (BUFx24_ASAP7_75t_R)
    18   17.75   13.27   22.84   73.48 ^ clkbuf_leaf_12_mrx_clk_pad_i/Y (BUFx24_ASAP7_75t_R)
                                         clknet_leaf_12_mrx_clk_pad_i (net)
                 13.91    1.51   74.99 ^ RxEnSync$_DFFE_PP0N_/CLK (DFFASRHQNx1_ASAP7_75t_R)
                          0.00   74.99   clock reconvergence pessimism
                         12.74   87.72   library hold time
                                 87.72   data required time
-----------------------------------------------------------------------------
                                 87.72   data required time
                                -90.31   data arrival time
-----------------------------------------------------------------------------
                                  2.58   slack (MET)


Startpoint: txethmac1.random1.x[8]$_DFF_PP0_
            (rising edge-triggered flip-flop clocked by mtx_clk_pad_i)
Endpoint: txethmac1.random1.x[9]$_DFF_PP0_
          (rising edge-triggered flip-flop clocked by mtx_clk_pad_i)
Path Group: mtx_clk_pad_i
Path Type: min

Fanout     Cap    Slew   Delay    Time   Description
-----------------------------------------------------------------------------
                          0.00    0.00   clock mtx_clk_pad_i (rise edge)
                          0.00    0.00   clock source latency
     1    7.17    0.00    0.00    0.00 ^ mtx_clk_pad_i (in)
                                         mtx_clk_pad_i (net)
                 18.80    5.93    5.93 ^ clkbuf_0_mtx_clk_pad_i/A (BUFx24_ASAP7_75t_R)
     2    5.55    8.24   20.62   26.55 ^ clkbuf_0_mtx_clk_pad_i/Y (BUFx24_ASAP7_75t_R)
                                         clknet_0_mtx_clk_pad_i (net)
                  8.32    0.59   27.14 ^ clkbuf_1_1__f_mtx_clk_pad_i/A (BUFx24_ASAP7_75t_R)
     6   15.35   12.26   19.03   46.18 ^ clkbuf_1_1__f_mtx_clk_pad_i/Y (BUFx24_ASAP7_75t_R)
                                         clknet_1_1__leaf_mtx_clk_pad_i (net)
                 12.96    1.44   47.62 ^ clkbuf_leaf_5_mtx_clk_pad_i/A (BUFx24_ASAP7_75t_R)
    24   13.67   11.47   20.34   67.96 ^ clkbuf_leaf_5_mtx_clk_pad_i/Y (BUFx24_ASAP7_75t_R)
                                         clknet_leaf_5_mtx_clk_pad_i (net)
                 11.54    0.44   68.40 ^ txethmac1.random1.x[8]$_DFF_PP0_/CLK (DFFASRHQNx1_ASAP7_75t_R)
     1    0.53   11.75   37.92  106.32 ^ txethmac1.random1.x[8]$_DFF_PP0_/QN (DFFASRHQNx1_ASAP7_75t_R)
                                         _004657_ (net)
                 11.75    0.02  106.34 ^ _067981_/A (INVx1_ASAP7_75t_R)
     2    1.28    9.37    7.82  114.15 v _067981_/Y (INVx1_ASAP7_75t_R)
                                         txethmac1.random1.x[8] (net)
                  9.37    0.04  114.20 v txethmac1.random1.x[9]$_DFF_PP0_/D (DFFASRHQNx1_ASAP7_75t_R)
                                114.20   data arrival time

                          0.00    0.00   clock mtx_clk_pad_i (rise edge)
                          0.00    0.00   clock source latency
     1    7.78    0.00    0.00    0.00 ^ mtx_clk_pad_i (in)
                                         mtx_clk_pad_i (net)
                 21.26    6.71    6.71 ^ clkbuf_0_mtx_clk_pad_i/A (BUFx24_ASAP7_75t_R)
     2    6.75    8.76   21.47   28.18 ^ clkbuf_0_mtx_clk_pad_i/Y (BUFx24_ASAP7_75t_R)
                                         clknet_0_mtx_clk_pad_i (net)
                  8.94    0.74   28.92 ^ clkbuf_1_1__f_mtx_clk_pad_i/A (BUFx24_ASAP7_75t_R)
     6   18.95   13.96   19.74   48.66 ^ clkbuf_1_1__f_mtx_clk_pad_i/Y (BUFx24_ASAP7_75t_R)
                                         clknet_1_1__leaf_mtx_clk_pad_i (net)
                 15.75    2.57   51.23 ^ clkbuf_leaf_7_mtx_clk_pad_i/A (BUFx24_ASAP7_75t_R)
    23   16.15   12.61   21.54   72.78 ^ clkbuf_leaf_7_mtx_clk_pad_i/Y (BUFx24_ASAP7_75t_R)
                                         clknet_leaf_7_mtx_clk_pad_i (net)
                 13.07    1.23   74.00 ^ txethmac1.random1.x[9]$_DFF_PP0_/CLK (DFFASRHQNx1_ASAP7_75t_R)
                         -2.49   71.52   clock reconvergence pessimism
                         12.17   83.68   library hold time
                                 83.68   data required time
-----------------------------------------------------------------------------
                                 83.68   data required time
                               -114.20   data arrival time
-----------------------------------------------------------------------------
                                 30.51   slack (MET)


Startpoint: wishbone.TxE_IRQ$_DFF_PP0_
            (rising edge-triggered flip-flop clocked by wb_clk_i)
Endpoint: ethreg1.irq_txe$_DFFE_PP0P_
          (rising edge-triggered flip-flop clocked by wb_clk_i)
Path Group: wb_clk_i
Path Type: min

Fanout     Cap    Slew   Delay    Time   Description
-----------------------------------------------------------------------------
                          0.00    0.00   clock wb_clk_i (rise edge)
                          0.00    0.00   clock source latency
     1   17.02    0.00    0.00    0.00 ^ wb_clk_i (in)
                                         wb_clk_i (net)
                112.18   35.39   35.39 ^ clkbuf_0_wb_clk_i/A (BUFx24_ASAP7_75t_R)
     4   15.96   14.19   36.90   72.29 ^ clkbuf_0_wb_clk_i/Y (BUFx24_ASAP7_75t_R)
                                         clknet_0_wb_clk_i (net)
                 28.40    7.80   80.08 ^ clkbuf_2_0_0_wb_clk_i/A (BUFx24_ASAP7_75t_R)
     4   15.03    8.76   22.95  103.03 ^ clkbuf_2_0_0_wb_clk_i/Y (BUFx24_ASAP7_75t_R)
                                         clknet_2_0_0_wb_clk_i (net)
                 45.81   14.06  117.09 ^ clkbuf_4_3_0_wb_clk_i/A (BUFx24_ASAP7_75t_R)
     2    6.45    9.51   26.84  143.93 ^ clkbuf_4_3_0_wb_clk_i/Y (BUFx24_ASAP7_75t_R)
                                         clknet_4_3_0_wb_clk_i (net)
                 11.65    2.46  146.39 ^ clkbuf_5_7__f_wb_clk_i/A (BUFx24_ASAP7_75t_R)
     6   18.24   13.40   20.19  166.57 ^ clkbuf_5_7__f_wb_clk_i/Y (BUFx24_ASAP7_75t_R)
                                         clknet_5_7__leaf_wb_clk_i (net)
                 16.73    3.36  169.94 ^ clkbuf_leaf_158_wb_clk_i/A (BUFx24_ASAP7_75t_R)
    22   14.23   11.75   21.47  191.41 ^ clkbuf_leaf_158_wb_clk_i/Y (BUFx24_ASAP7_75t_R)
                                         clknet_leaf_158_wb_clk_i (net)
                 12.06    0.90  192.31 ^ wishbone.TxE_IRQ$_DFF_PP0_/CLK (DFFASRHQNx1_ASAP7_75t_R)
     1    3.47   31.66   50.04  242.34 ^ wishbone.TxE_IRQ$_DFF_PP0_/QN (DFFASRHQNx1_ASAP7_75t_R)
                                         _000678_ (net)
                 31.79    1.12  243.46 ^ _067676_/A (NAND2x1_ASAP7_75t_R)
     1    0.68    6.42    8.27  251.73 v _067676_/Y (NAND2x1_ASAP7_75t_R)
                                         _012100_ (net)
                  6.42    0.03  251.76 v ethreg1.irq_txe$_DFFE_PP0P_/D (DFFASRHQNx1_ASAP7_75t_R)
                                251.76   data arrival time

                          0.00    0.00   clock wb_clk_i (rise edge)
                          0.00    0.00   clock source latency
     1   17.62    0.00    0.00    0.00 ^ wb_clk_i (in)
                                         wb_clk_i (net)
                119.27   37.63   37.63 ^ clkbuf_0_wb_clk_i/A (BUFx24_ASAP7_75t_R)
     4   18.37   14.86   37.77   75.40 ^ clkbuf_0_wb_clk_i/Y (BUFx24_ASAP7_75t_R)
                                         clknet_0_wb_clk_i (net)
                 30.49    8.24   83.64 ^ clkbuf_2_2_0_wb_clk_i/A (BUFx24_ASAP7_75t_R)
     4   18.96    8.80   23.50  107.14 ^ clkbuf_2_2_0_wb_clk_i/Y (BUFx24_ASAP7_75t_R)
                                         clknet_2_2_0_wb_clk_i (net)
                 87.86   27.69  134.82 ^ clkbuf_4_8_0_wb_clk_i/A (BUFx24_ASAP7_75t_R)
     2    7.77   11.44   33.51  168.33 ^ clkbuf_4_8_0_wb_clk_i/Y (BUFx24_ASAP7_75t_R)
                                         clknet_4_8_0_wb_clk_i (net)
                 15.94    3.95  172.28 ^ clkbuf_5_16__f_wb_clk_i/A (BUFx24_ASAP7_75t_R)
     6   20.95   13.88   20.81  193.09 ^ clkbuf_5_16__f_wb_clk_i/Y (BUFx24_ASAP7_75t_R)
                                         clknet_5_16__leaf_wb_clk_i (net)
                 30.55    8.63  201.72 ^ clkbuf_leaf_138_wb_clk_i/A (BUFx24_ASAP7_75t_R)
    25   15.57   12.75   25.30  227.02 ^ clkbuf_leaf_138_wb_clk_i/Y (BUFx24_ASAP7_75t_R)
                                         clknet_leaf_138_wb_clk_i (net)
                 13.42    1.49  228.50 ^ ethreg1.irq_txe$_DFFE_PP0P_/CLK (DFFASRHQNx1_ASAP7_75t_R)
                         -3.11  225.39   clock reconvergence pessimism
                         12.59  237.98   library hold time
                                237.98   data required time
-----------------------------------------------------------------------------
                                237.98   data required time
                               -251.76   data arrival time
-----------------------------------------------------------------------------
                                 13.78   slack (MET)



==========================================================================
cts final report_checks -path_delay max
--------------------------------------------------------------------------
Startpoint: wb_rst_i (input port clocked by mrx_clk_pad_i)
Endpoint: wishbone.RxDataLatched2[19]$_DFFE_PP0P_
          (recovery check against rising-edge clock mrx_clk_pad_i)
Path Group: asynchronous
Path Type: max

Fanout     Cap    Slew   Delay    Time   Description
-----------------------------------------------------------------------------
                          0.00    0.00   clock mrx_clk_pad_i (rise edge)
                          0.00    0.00   clock network delay (propagated)
                         60.00   60.00 v input external delay
     1    2.44    0.00    0.00   60.00 v wb_rst_i (in)
                                         wb_rst_i (net)
                  1.24    0.39   60.39 v input1332/A (BUFx2_ASAP7_75t_R)
     2   17.44   53.06   26.07   86.47 v input1332/Y (BUFx2_ASAP7_75t_R)
                                         net1331 (net)
                 59.27    9.46   95.92 v _058948_/A (CKINVDCx20_ASAP7_75t_R)
     9   10.20   15.62   13.47  109.40 ^ _058948_/Y (CKINVDCx20_ASAP7_75t_R)
                                         _000240_ (net)
                 16.83    2.21  111.60 ^ place18262/A (BUFx3_ASAP7_75t_R)
     9   11.56   27.87   23.82  135.42 ^ place18262/Y (BUFx3_ASAP7_75t_R)
                                         net18259 (net)
                 29.67    3.76  139.18 ^ place18261/A (BUFx3_ASAP7_75t_R)
     8    8.64   22.46   23.75  162.94 ^ place18261/Y (BUFx3_ASAP7_75t_R)
                                         net18258 (net)
                 22.68    1.28  164.21 ^ place18258/A (BUFx3_ASAP7_75t_R)
     9    8.14   20.04   22.85  187.06 ^ place18258/Y (BUFx3_ASAP7_75t_R)
                                         net18255 (net)
                 20.08    0.48  187.54 ^ place18257/A (BUFx3_ASAP7_75t_R)
     7    6.51   16.60   20.93  208.47 ^ place18257/Y (BUFx3_ASAP7_75t_R)
                                         net18254 (net)
                 16.64    0.47  208.94 ^ wishbone.RxDataLatched2[19]$_DFFE_PP0P_/RESETN (DFFASRHQNx1_ASAP7_75t_R)
                                208.94   data arrival time

                        300.00  300.00   clock mrx_clk_pad_i (rise edge)
                          0.00  300.00   clock source latency
     1    5.94    0.00    0.00  300.00 ^ mrx_clk_pad_i (in)
                                         mrx_clk_pad_i (net)
                 12.45    3.93  303.93 ^ clkbuf_0_mrx_clk_pad_i/A (BUFx24_ASAP7_75t_R)
     2    6.99    8.63   18.86  322.79 ^ clkbuf_0_mrx_clk_pad_i/Y (BUFx24_ASAP7_75t_R)
                                         clknet_0_mrx_clk_pad_i (net)
                  9.75    1.63  324.42 ^ clkbuf_1_1__f_mrx_clk_pad_i/A (BUFx24_ASAP7_75t_R)
     7   19.84   12.84   19.30  343.72 ^ clkbuf_1_1__f_mrx_clk_pad_i/Y (BUFx24_ASAP7_75t_R)
                                         clknet_1_1__leaf_mrx_clk_pad_i (net)
                 15.45    2.51  346.22 ^ clkbuf_leaf_8_mrx_clk_pad_i/A (BUFx24_ASAP7_75t_R)
    22   12.87   11.16   20.89  367.11 ^ clkbuf_leaf_8_mrx_clk_pad_i/Y (BUFx24_ASAP7_75t_R)
                                         clknet_leaf_8_mrx_clk_pad_i (net)
                 11.59    1.07  368.17 ^ wishbone.RxDataLatched2[19]$_DFFE_PP0P_/CLK (DFFASRHQNx1_ASAP7_75t_R)
                          0.00  368.17   clock reconvergence pessimism
                         13.98  382.15   library recovery time
                                382.15   data required time
-----------------------------------------------------------------------------
                                382.15   data required time
                               -208.94   data arrival time
-----------------------------------------------------------------------------
                                173.22   slack (MET)


Startpoint: rxethmac1.rxcounters1.ByteCnt[8]$_DFFE_PP0P_
            (rising edge-triggered flip-flop clocked by mrx_clk_pad_i)
Endpoint: maccontrol1.receivecontrol1.PauseTimer[1]$_DFFE_PP0P_
          (rising edge-triggered flip-flop clocked by mrx_clk_pad_i)
Path Group: mrx_clk_pad_i
Path Type: max

Fanout     Cap    Slew   Delay    Time   Description
-----------------------------------------------------------------------------
                          0.00    0.00   clock mrx_clk_pad_i (rise edge)
                          0.00    0.00   clock source latency
     1    6.54    0.00    0.00    0.00 ^ mrx_clk_pad_i (in)
                                         mrx_clk_pad_i (net)
                 14.34    4.52    4.52 ^ clkbuf_0_mrx_clk_pad_i/A (BUFx24_ASAP7_75t_R)
     2    8.20    9.03   19.56   24.08 ^ clkbuf_0_mrx_clk_pad_i/Y (BUFx24_ASAP7_75t_R)
                                         clknet_0_mrx_clk_pad_i (net)
                 11.33    2.36   26.44 ^ clkbuf_1_0__f_mrx_clk_pad_i/A (BUFx24_ASAP7_75t_R)
     8   26.39   17.54   21.59   48.03 ^ clkbuf_1_0__f_mrx_clk_pad_i/Y (BUFx24_ASAP7_75t_R)
                                         clknet_1_0__leaf_mrx_clk_pad_i (net)
                 18.14    1.72   49.75 ^ clkbuf_leaf_4_mrx_clk_pad_i/A (BUFx24_ASAP7_75t_R)
    22   17.39   13.20   22.39   72.14 ^ clkbuf_leaf_4_mrx_clk_pad_i/Y (BUFx24_ASAP7_75t_R)
                                         clknet_leaf_4_mrx_clk_pad_i (net)
                 14.29    1.97   74.11 ^ rxethmac1.rxcounters1.ByteCnt[8]$_DFFE_PP0P_/CLK (DFFASRHQNx1_ASAP7_75t_R)
     2    1.86   21.68   44.98  119.09 v rxethmac1.rxcounters1.ByteCnt[8]$_DFFE_PP0P_/QN (DFFASRHQNx1_ASAP7_75t_R)
                                         _000170_ (net)
                 21.68    0.05  119.14 v _058290_/B (NOR2x1_ASAP7_75t_R)
     4    3.02   23.56   17.04  136.18 ^ _058290_/Y (NOR2x1_ASAP7_75t_R)
                                         _023508_ (net)
                 23.56    0.18  136.36 ^ _058292_/C (AND3x1_ASAP7_75t_R)
     2    1.56   14.15   22.28  158.64 ^ _058292_/Y (AND3x1_ASAP7_75t_R)
                                         _023510_ (net)
                 14.15    0.03  158.67 ^ place14730/A (BUFx3_ASAP7_75t_R)
     2    1.40    6.34   14.19  172.87 ^ place14730/Y (BUFx3_ASAP7_75t_R)
                                         net14727 (net)
                  6.35    0.05  172.92 ^ _069930_/B (AND3x1_ASAP7_75t_R)
     1    1.26   12.23   18.96  191.88 ^ _069930_/Y (AND3x1_ASAP7_75t_R)
                                         _034235_ (net)
                 12.24    0.07  191.95 ^ _069931_/B (XOR2x2_ASAP7_75t_R)
     2    1.74    9.85   26.58  218.53 ^ _069931_/Y (XOR2x2_ASAP7_75t_R)
                                         RxByteCnt[11] (net)
                  9.85    0.06  218.59 ^ _101303_/B (HAxp5_ASAP7_75t_R)
     2    2.01   39.05   34.70  253.29 v _101303_/SN (HAxp5_ASAP7_75t_R)
                                         _010847_ (net)
                 39.06    0.11  253.40 v _066725_/B (NOR2x1_ASAP7_75t_R)
     2    2.40   24.78   18.74  272.14 ^ _066725_/Y (NOR2x1_ASAP7_75t_R)
                                         _031807_ (net)
                 24.79    0.13  272.27 ^ _066727_/A (NAND2x1_ASAP7_75t_R)
     1    0.68    9.56    7.84  280.11 v _066727_/Y (NAND2x1_ASAP7_75t_R)
                                         _031809_ (net)
                  9.56    0.04  280.15 v _066728_/B (OA211x2_ASAP7_75t_R)
     1    0.80    9.50   25.72  305.87 v _066728_/Y (OA211x2_ASAP7_75t_R)
                                         _031810_ (net)
                  9.50    0.05  305.92 v _066729_/A (OR5x1_ASAP7_75t_R)
     1    0.86   12.27   26.33  332.25 v _066729_/Y (OR5x1_ASAP7_75t_R)
                                         _031811_ (net)
                 12.27    0.05  332.30 v _066753_/A (AND3x2_ASAP7_75t_R)
     2    2.89   10.48   16.26  348.56 v _066753_/Y (AND3x2_ASAP7_75t_R)
                                         _031835_ (net)
                 10.56    0.52  349.07 v _067465_/A2 (AOI21x1_ASAP7_75t_R)
     2    3.95   29.47   16.85  365.92 ^ _067465_/Y (AOI21x1_ASAP7_75t_R)
                                         _032468_ (net)
                 29.57    0.98  366.91 ^ _067466_/B (NAND2x1p5_ASAP7_75t_R)
     7    6.58   28.28   19.46  386.36 v _067466_/Y (NAND2x1p5_ASAP7_75t_R)
                                         _032469_ (net)
                 28.29    0.33  386.70 v place12840/A (BUFx6f_ASAP7_75t_R)
     8    5.77    8.99   19.88  406.58 v place12840/Y (BUFx6f_ASAP7_75t_R)
                                         net12837 (net)
                  9.00    0.12  406.70 v _068894_/A2 (OA21x2_ASAP7_75t_R)
     1    1.75    9.10   18.47  425.17 v _068894_/Y (OA21x2_ASAP7_75t_R)
                                         _033574_ (net)
                  9.12    0.21  425.38 v _068895_/B (NAND2x1_ASAP7_75t_R)
     1    0.79   10.41    7.71  433.09 ^ _068895_/Y (NAND2x1_ASAP7_75t_R)
                                         _019618_ (net)
                 10.41    0.04  433.13 ^ maccontrol1.receivecontrol1.PauseTimer[1]$_DFFE_PP0P_/D (DFFASRHQNx1_ASAP7_75t_R)
                                433.13   data arrival time

                        300.00  300.00   clock mrx_clk_pad_i (rise edge)
                          0.00  300.00   clock source latency
     1    5.94    0.00    0.00  300.00 ^ mrx_clk_pad_i (in)
                                         mrx_clk_pad_i (net)
                 12.45    3.93  303.93 ^ clkbuf_0_mrx_clk_pad_i/A (BUFx24_ASAP7_75t_R)
     2    6.99    8.63   18.86  322.79 ^ clkbuf_0_mrx_clk_pad_i/Y (BUFx24_ASAP7_75t_R)
                                         clknet_0_mrx_clk_pad_i (net)
                 10.24    1.98  324.78 ^ clkbuf_1_0__f_mrx_clk_pad_i/A (BUFx24_ASAP7_75t_R)
     8   22.17   15.51   20.67  345.45 ^ clkbuf_1_0__f_mrx_clk_pad_i/Y (BUFx24_ASAP7_75t_R)
                                         clknet_1_0__leaf_mrx_clk_pad_i (net)
                 16.36    1.87  347.32 ^ clkbuf_leaf_11_mrx_clk_pad_i/A (BUFx24_ASAP7_75t_R)
    26   13.96   11.64   21.34  368.67 ^ clkbuf_leaf_11_mrx_clk_pad_i/Y (BUFx24_ASAP7_75t_R)
                                         clknet_leaf_11_mrx_clk_pad_i (net)
                 11.71    0.44  369.11 ^ maccontrol1.receivecontrol1.PauseTimer[1]$_DFFE_PP0P_/CLK (DFFASRHQNx1_ASAP7_75t_R)
                          2.58  371.69   clock reconvergence pessimism
                        -11.97  359.72   library setup time
                                359.72   data required time
-----------------------------------------------------------------------------
                                359.72   data required time
                               -433.13   data arrival time
-----------------------------------------------------------------------------
                                -73.41   slack (VIOLATED)


Startpoint: txethmac1.txcounters1.NibCnt[15]$_DFFE_PP0P_
            (rising edge-triggered flip-flop clocked by mtx_clk_pad_i)
Endpoint: macstatus1.RetryCntLatched[1]$_DFFE_PP0P_
          (rising edge-triggered flip-flop clocked by mtx_clk_pad_i)
Path Group: mtx_clk_pad_i
Path Type: max

Fanout     Cap    Slew   Delay    Time   Description
-----------------------------------------------------------------------------
                          0.00    0.00   clock mtx_clk_pad_i (rise edge)
                          0.00    0.00   clock source latency
     1    7.78    0.00    0.00    0.00 ^ mtx_clk_pad_i (in)
                                         mtx_clk_pad_i (net)
                 21.26    6.71    6.71 ^ clkbuf_0_mtx_clk_pad_i/A (BUFx24_ASAP7_75t_R)
     2    6.75    8.76   21.47   28.18 ^ clkbuf_0_mtx_clk_pad_i/Y (BUFx24_ASAP7_75t_R)
                                         clknet_0_mtx_clk_pad_i (net)
                  8.94    0.74   28.92 ^ clkbuf_1_1__f_mtx_clk_pad_i/A (BUFx24_ASAP7_75t_R)
     6   18.95   13.96   19.74   48.66 ^ clkbuf_1_1__f_mtx_clk_pad_i/Y (BUFx24_ASAP7_75t_R)
                                         clknet_1_1__leaf_mtx_clk_pad_i (net)
                 14.86    1.78   50.44 ^ clkbuf_leaf_5_mtx_clk_pad_i/A (BUFx24_ASAP7_75t_R)
    24   16.65   12.79   21.40   71.84 ^ clkbuf_leaf_5_mtx_clk_pad_i/Y (BUFx24_ASAP7_75t_R)
                                         clknet_leaf_5_mtx_clk_pad_i (net)
                 13.11    1.04   72.88 ^ txethmac1.txcounters1.NibCnt[15]$_DFFE_PP0P_/CLK (DFFASRHQNx1_ASAP7_75t_R)
     2    1.61   20.08   43.58  116.46 v txethmac1.txcounters1.NibCnt[15]$_DFFE_PP0P_/QN (DFFASRHQNx1_ASAP7_75t_R)
                                         _000226_ (net)
                 20.08    0.05  116.51 v _067310_/A (INVx1_ASAP7_75t_R)
     1    1.09   12.01   10.15  126.66 ^ _067310_/Y (INVx1_ASAP7_75t_R)
                                         txethmac1.NibCnt[15] (net)
                 12.01    0.06  126.72 ^ _101254_/B (HAxp5_ASAP7_75t_R)
     2    1.92   35.61   34.45  161.16 v _101254_/SN (HAxp5_ASAP7_75t_R)
                                         _010717_ (net)
                 35.61    0.07  161.23 v _057774_/B (NOR2x1_ASAP7_75t_R)
     2    1.69   19.94   15.33  176.56 ^ _057774_/Y (NOR2x1_ASAP7_75t_R)
                                         _023032_ (net)
                 19.94    0.11  176.67 ^ _057777_/A (AND3x1_ASAP7_75t_R)
     1    1.14   11.63   21.31  197.98 ^ _057777_/Y (AND3x1_ASAP7_75t_R)
                                         _023035_ (net)
                 11.64    0.10  198.08 ^ _057778_/A (INVx1_ASAP7_75t_R)
     2    1.64   11.09    8.75  206.84 v _057778_/Y (INVx1_ASAP7_75t_R)
                                         _023036_ (net)
                 11.09    0.07  206.91 v _057779_/A (OR5x1_ASAP7_75t_R)
     1    0.79   11.62   26.41  233.32 v _057779_/Y (OR5x1_ASAP7_75t_R)
                                         _023037_ (net)
                 11.62    0.04  233.36 v _057780_/B (AO21x1_ASAP7_75t_R)
     1    1.14    9.20   17.71  251.07 v _057780_/Y (AO21x1_ASAP7_75t_R)
                                         _023038_ (net)
                  9.20    0.04  251.11 v _057798_/A2 (AOI21x1_ASAP7_75t_R)
     2    2.80   23.92   13.81  264.92 ^ _057798_/Y (AOI21x1_ASAP7_75t_R)
                                         _023056_ (net)
                 23.95    0.46  265.39 ^ _057876_/A2 (AOI21x1_ASAP7_75t_R)
     3    3.64   26.74   15.36  280.75 v _057876_/Y (AOI21x1_ASAP7_75t_R)
                                         _023133_ (net)
                 26.75    0.22  280.97 v _057879_/A2 (OAI21x1_ASAP7_75t_R)
     2    2.71   23.70   17.55  298.52 ^ _057879_/Y (OAI21x1_ASAP7_75t_R)
                                         _023136_ (net)
                 23.70    0.09  298.61 ^ place12836/A (BUFx6f_ASAP7_75t_R)
     4    3.81    7.70   16.42  315.03 ^ place12836/Y (BUFx6f_ASAP7_75t_R)
                                         net12833 (net)
                  7.71    0.17  315.20 ^ _057997_/A (AND2x2_ASAP7_75t_R)
     5    6.39   24.22   22.48  337.68 ^ _057997_/Y (AND2x2_ASAP7_75t_R)
                                         _023244_ (net)
                 24.36    1.03  338.71 ^ _069872_/A2 (OAI21x1_ASAP7_75t_R)
     1    1.47   19.64   10.69  349.41 v _069872_/Y (OAI21x1_ASAP7_75t_R)
                                         _034206_ (net)
                 19.64    0.06  349.47 v _069873_/B (OAI21x1_ASAP7_75t_R)
     1    0.81   15.38    7.66  357.13 ^ _069873_/Y (OAI21x1_ASAP7_75t_R)
                                         _019301_ (net)
                 15.38    0.04  357.17 ^ macstatus1.RetryCntLatched[1]$_DFFE_PP0P_/D (DFFASRHQNx1_ASAP7_75t_R)
                                357.17   data arrival time

                        300.00  300.00   clock mtx_clk_pad_i (rise edge)
                          0.00  300.00   clock source latency
     1    7.17    0.00    0.00  300.00 ^ mtx_clk_pad_i (in)
                                         mtx_clk_pad_i (net)
                 18.80    5.93  305.93 ^ clkbuf_0_mtx_clk_pad_i/A (BUFx24_ASAP7_75t_R)
     2    5.55    8.24   20.62  326.55 ^ clkbuf_0_mtx_clk_pad_i/Y (BUFx24_ASAP7_75t_R)
                                         clknet_0_mtx_clk_pad_i (net)
                  8.32    0.59  327.14 ^ clkbuf_1_1__f_mtx_clk_pad_i/A (BUFx24_ASAP7_75t_R)
     6   15.35   12.26   19.03  346.18 ^ clkbuf_1_1__f_mtx_clk_pad_i/Y (BUFx24_ASAP7_75t_R)
                                         clknet_1_1__leaf_mtx_clk_pad_i (net)
                 12.35    0.52  346.70 ^ clkbuf_leaf_6_mtx_clk_pad_i/A (BUFx24_ASAP7_75t_R)
    25   14.25   11.69   20.29  367.00 ^ clkbuf_leaf_6_mtx_clk_pad_i/Y (BUFx24_ASAP7_75t_R)
                                         clknet_leaf_6_mtx_clk_pad_i (net)
                 11.77    0.46  367.46 ^ macstatus1.RetryCntLatched[1]$_DFFE_PP0P_/CLK (DFFASRHQNx1_ASAP7_75t_R)
                          2.49  369.94   clock reconvergence pessimism
                        -12.38  357.56   library setup time
                                357.56   data required time
-----------------------------------------------------------------------------
                                357.56   data required time
                               -357.17   data arrival time
-----------------------------------------------------------------------------
                                  0.39   slack (MET)


Startpoint: _tray_size4_20039
            (rising edge-triggered flip-flop clocked by wb_clk_i)
Endpoint: wishbone.TxBDReady$_DFFE_PP0P_
          (rising edge-triggered flip-flop clocked by wb_clk_i)
Path Group: wb_clk_i
Path Type: max

Fanout     Cap    Slew   Delay    Time   Description
-----------------------------------------------------------------------------
                          0.00    0.00   clock wb_clk_i (rise edge)
                          0.00    0.00   clock source latency
     1   17.62    0.00    0.00    0.00 ^ wb_clk_i (in)
                                         wb_clk_i (net)
                119.27   37.63   37.63 ^ clkbuf_0_wb_clk_i/A (BUFx24_ASAP7_75t_R)
     4   18.37   14.86   37.77   75.40 ^ clkbuf_0_wb_clk_i/Y (BUFx24_ASAP7_75t_R)
                                         clknet_0_wb_clk_i (net)
                 32.82    9.11   84.51 ^ clkbuf_2_1_0_wb_clk_i/A (BUFx24_ASAP7_75t_R)
     4   17.12    9.02   24.06  108.56 ^ clkbuf_2_1_0_wb_clk_i/Y (BUFx24_ASAP7_75t_R)
                                         clknet_2_1_0_wb_clk_i (net)
                 52.78   16.26  124.82 ^ clkbuf_4_6_0_wb_clk_i/A (BUFx24_ASAP7_75t_R)
     2    7.59   10.01   28.07  152.90 ^ clkbuf_4_6_0_wb_clk_i/Y (BUFx24_ASAP7_75t_R)
                                         clknet_4_6_0_wb_clk_i (net)
                 14.10    3.46  156.35 ^ clkbuf_5_13__f_wb_clk_i/A (BUFx24_ASAP7_75t_R)
     6   21.26   14.77   21.19  177.54 ^ clkbuf_5_13__f_wb_clk_i/Y (BUFx24_ASAP7_75t_R)
                                         clknet_5_13__leaf_wb_clk_i (net)
                 22.14    5.49  183.03 ^ clkbuf_leaf_61_wb_clk_i/A (BUFx24_ASAP7_75t_R)
    18   13.69   11.62   22.93  205.96 ^ clkbuf_leaf_61_wb_clk_i/Y (BUFx24_ASAP7_75t_R)
                                         clknet_leaf_61_wb_clk_i (net)
                 11.87    0.80  206.75 ^ _tray_size4_20039/CLK (DFFHQNH2V2Xx1_ASAP7_75t_R)
     8   23.44  225.30  142.03  348.78 ^ _tray_size4_20039/QN0 (DFFHQNH2V2Xx1_ASAP7_75t_R)
                                         _010538_ (net)
                225.59    4.80  353.58 ^ _056186_/A (INVx3_ASAP7_75t_R)
    10   15.23   76.82   42.10  395.68 v _056186_/Y (INVx3_ASAP7_75t_R)
                                         _021454_ (net)
                 76.82    0.28  395.96 v place16457/A (BUFx3_ASAP7_75t_R)
     9   15.51   32.90   39.03  434.98 v place16457/Y (BUFx3_ASAP7_75t_R)
                                         net16454 (net)
                 32.94    0.72  435.71 v place16406/A (BUFx3_ASAP7_75t_R)
     8    7.77   17.76   25.57  461.28 v place16406/Y (BUFx3_ASAP7_75t_R)
                                         net16403 (net)
                 18.06    1.26  462.53 v place16405/A (BUFx3_ASAP7_75t_R)
     8   14.72   31.03   25.12  487.66 v place16405/Y (BUFx3_ASAP7_75t_R)
                                         net16402 (net)
                 32.55    3.73  491.38 v place16388/A (BUFx3_ASAP7_75t_R)
     9    9.25   20.44   26.61  517.99 v place16388/Y (BUFx3_ASAP7_75t_R)
                                         net16385 (net)
                 20.47    0.46  518.45 v place16379/A (BUFx3_ASAP7_75t_R)
     7    8.34   18.46   22.88  541.34 v place16379/Y (BUFx3_ASAP7_75t_R)
                                         net16376 (net)
                 19.06    1.80  543.14 v place16378/A (BUFx3_ASAP7_75t_R)
     7    8.69   18.84   22.93  566.07 v place16378/Y (BUFx3_ASAP7_75t_R)
                                         net16375 (net)
                 19.17    1.38  567.45 v place16377/A (BUFx3_ASAP7_75t_R)
     7    6.64   15.59   21.05  588.49 v place16377/Y (BUFx3_ASAP7_75t_R)
                                         net16374 (net)
                 15.66    0.60  589.09 v place16376/A (BUFx3_ASAP7_75t_R)
     9    9.17   19.59   22.29  611.38 v place16376/Y (BUFx3_ASAP7_75t_R)
                                         net16373 (net)
                 19.63    0.58  611.96 v place16375/A (BUFx3_ASAP7_75t_R)
     7    6.77   15.19   21.73  633.68 v place16375/Y (BUFx3_ASAP7_75t_R)
                                         net16372 (net)
                 15.20    0.28  633.97 v _056671_/B (AO21x1_ASAP7_75t_R)
     1    0.69    7.48   17.08  651.05 v _056671_/Y (AO21x1_ASAP7_75t_R)
                                         _021939_ (net)
                  7.48    0.02  651.07 v _056672_/B (AO21x1_ASAP7_75t_R)
     1    0.71    7.53   15.50  666.58 v _056672_/Y (AO21x1_ASAP7_75t_R)
                                         _021940_ (net)
                  7.53    0.03  666.60 v _056673_/A2 (AO21x1_ASAP7_75t_R)
     1    0.61    6.77   13.88  680.49 v _056673_/Y (AO21x1_ASAP7_75t_R)
                                         _021941_ (net)
                  6.77    0.02  680.50 v _056674_/B (AND2x2_ASAP7_75t_R)
     1    2.84   11.04   16.44  696.95 v _056674_/Y (AND2x2_ASAP7_75t_R)
                                         _021942_ (net)
                 11.18    0.66  697.61 v _056738_/A1 (OAI21x1_ASAP7_75t_R)
     1    3.14   24.54   15.54  713.15 ^ _056738_/Y (OAI21x1_ASAP7_75t_R)
                                         _022006_ (net)
                 24.64    0.86  714.01 ^ _056817_/A (NAND2x1_ASAP7_75t_R)
     1    1.30   16.07    9.58  723.59 v _056817_/Y (NAND2x1_ASAP7_75t_R)
                                         _022085_ (net)
                 16.07    0.05  723.64 v _056959_/A1 (AOI21x1_ASAP7_75t_R)
     1    4.20   47.60   18.17  741.81 ^ _056959_/Y (AOI21x1_ASAP7_75t_R)
                                         _022227_ (net)
                 47.78    1.60  743.41 ^ _056960_/B (NAND2x1_ASAP7_75t_R)
     1    2.07   20.84   14.99  758.40 v _056960_/Y (NAND2x1_ASAP7_75t_R)
                                         _022228_ (net)
                 20.85    0.39  758.79 v place12863/A (BUFx3_ASAP7_75t_R)
     6   26.61   44.57   24.79  783.58 v place12863/Y (BUFx3_ASAP7_75t_R)
                                         net12860 (net)
                141.43   42.81  826.39 v _063932_/A (NAND2x1_ASAP7_75t_R)
     1    1.27   34.59   33.59  859.97 ^ _063932_/Y (NAND2x1_ASAP7_75t_R)
                                         _029141_ (net)
                 34.59    0.08  860.05 ^ _064845_/A (NOR2x1_ASAP7_75t_R)
     1    1.30   16.43   15.27  875.32 v _064845_/Y (NOR2x1_ASAP7_75t_R)
                                         _030054_ (net)
                 16.44    0.08  875.40 v _064846_/B (NAND2x1_ASAP7_75t_R)
     1    1.16   13.34   10.79  886.19 ^ _064846_/Y (NAND2x1_ASAP7_75t_R)
                                         _030055_ (net)
                 13.34    0.05  886.24 ^ _065320_/A2 (OAI21x1_ASAP7_75t_R)
     1    1.16   15.66    8.48  894.72 v _065320_/Y (OAI21x1_ASAP7_75t_R)
                                         _030529_ (net)
                 15.66    0.05  894.77 v _065321_/B (NAND2x1_ASAP7_75t_R)
     1    0.81   10.86    9.36  904.13 ^ _065321_/Y (NAND2x1_ASAP7_75t_R)
                                         _012244_ (net)
                 10.86    0.04  904.18 ^ wishbone.TxBDReady$_DFFE_PP0P_/D (DFFASRHQNx1_ASAP7_75t_R)
                                904.18   data arrival time

                       1000.00 1000.00   clock wb_clk_i (rise edge)
                          0.00 1000.00   clock source latency
     1   17.02    0.00    0.00 1000.00 ^ wb_clk_i (in)
                                         wb_clk_i (net)
                112.18   35.39 1035.39 ^ clkbuf_0_wb_clk_i/A (BUFx24_ASAP7_75t_R)
     4   15.96   14.19   36.90 1072.29 ^ clkbuf_0_wb_clk_i/Y (BUFx24_ASAP7_75t_R)
                                         clknet_0_wb_clk_i (net)
                 26.46    7.07 1079.36 ^ clkbuf_2_2_0_wb_clk_i/A (BUFx24_ASAP7_75t_R)
     4   16.56    8.57   22.49 1101.84 ^ clkbuf_2_2_0_wb_clk_i/Y (BUFx24_ASAP7_75t_R)
                                         clknet_2_2_0_wb_clk_i (net)
                 74.74   23.52 1125.36 ^ clkbuf_4_9_0_wb_clk_i/A (BUFx24_ASAP7_75t_R)
     2    6.49   10.61   31.66 1157.03 ^ clkbuf_4_9_0_wb_clk_i/Y (BUFx24_ASAP7_75t_R)
                                         clknet_4_9_0_wb_clk_i (net)
                 13.25    2.93 1159.95 ^ clkbuf_5_19__f_wb_clk_i/A (BUFx24_ASAP7_75t_R)
     6   16.63   12.95   20.36 1180.31 ^ clkbuf_5_19__f_wb_clk_i/Y (BUFx24_ASAP7_75t_R)
                                         clknet_5_19__leaf_wb_clk_i (net)
                 16.60    3.54 1183.86 ^ clkbuf_leaf_144_wb_clk_i/A (BUFx24_ASAP7_75t_R)
    24   13.16   11.28   21.35 1205.20 ^ clkbuf_leaf_144_wb_clk_i/Y (BUFx24_ASAP7_75t_R)
                                         clknet_leaf_144_wb_clk_i (net)
                 11.35    0.40 1205.60 ^ wishbone.TxBDReady$_DFFE_PP0P_/CLK (DFFASRHQNx1_ASAP7_75t_R)
                          3.11 1208.71   clock reconvergence pessimism
                        -12.10 1196.61   library setup time
                               1196.61   data required time
-----------------------------------------------------------------------------
                               1196.61   data required time
                               -904.18   data arrival time
-----------------------------------------------------------------------------
                                292.43   slack (MET)



==========================================================================
cts final report_checks -unconstrained
--------------------------------------------------------------------------
Startpoint: wb_rst_i (input port clocked by mrx_clk_pad_i)
Endpoint: wishbone.RxDataLatched2[19]$_DFFE_PP0P_
          (recovery check against rising-edge clock mrx_clk_pad_i)
Path Group: asynchronous
Path Type: max

Fanout     Cap    Slew   Delay    Time   Description
-----------------------------------------------------------------------------
                          0.00    0.00   clock mrx_clk_pad_i (rise edge)
                          0.00    0.00   clock network delay (propagated)
                         60.00   60.00 v input external delay
     1    2.44    0.00    0.00   60.00 v wb_rst_i (in)
                                         wb_rst_i (net)
                  1.24    0.39   60.39 v input1332/A (BUFx2_ASAP7_75t_R)
     2   17.44   53.06   26.07   86.47 v input1332/Y (BUFx2_ASAP7_75t_R)
                                         net1331 (net)
                 59.27    9.46   95.92 v _058948_/A (CKINVDCx20_ASAP7_75t_R)
     9   10.20   15.62   13.47  109.40 ^ _058948_/Y (CKINVDCx20_ASAP7_75t_R)
                                         _000240_ (net)
                 16.83    2.21  111.60 ^ place18262/A (BUFx3_ASAP7_75t_R)
     9   11.56   27.87   23.82  135.42 ^ place18262/Y (BUFx3_ASAP7_75t_R)
                                         net18259 (net)
                 29.67    3.76  139.18 ^ place18261/A (BUFx3_ASAP7_75t_R)
     8    8.64   22.46   23.75  162.94 ^ place18261/Y (BUFx3_ASAP7_75t_R)
                                         net18258 (net)
                 22.68    1.28  164.21 ^ place18258/A (BUFx3_ASAP7_75t_R)
     9    8.14   20.04   22.85  187.06 ^ place18258/Y (BUFx3_ASAP7_75t_R)
                                         net18255 (net)
                 20.08    0.48  187.54 ^ place18257/A (BUFx3_ASAP7_75t_R)
     7    6.51   16.60   20.93  208.47 ^ place18257/Y (BUFx3_ASAP7_75t_R)
                                         net18254 (net)
                 16.64    0.47  208.94 ^ wishbone.RxDataLatched2[19]$_DFFE_PP0P_/RESETN (DFFASRHQNx1_ASAP7_75t_R)
                                208.94   data arrival time

                        300.00  300.00   clock mrx_clk_pad_i (rise edge)
                          0.00  300.00   clock source latency
     1    5.94    0.00    0.00  300.00 ^ mrx_clk_pad_i (in)
                                         mrx_clk_pad_i (net)
                 12.45    3.93  303.93 ^ clkbuf_0_mrx_clk_pad_i/A (BUFx24_ASAP7_75t_R)
     2    6.99    8.63   18.86  322.79 ^ clkbuf_0_mrx_clk_pad_i/Y (BUFx24_ASAP7_75t_R)
                                         clknet_0_mrx_clk_pad_i (net)
                  9.75    1.63  324.42 ^ clkbuf_1_1__f_mrx_clk_pad_i/A (BUFx24_ASAP7_75t_R)
     7   19.84   12.84   19.30  343.72 ^ clkbuf_1_1__f_mrx_clk_pad_i/Y (BUFx24_ASAP7_75t_R)
                                         clknet_1_1__leaf_mrx_clk_pad_i (net)
                 15.45    2.51  346.22 ^ clkbuf_leaf_8_mrx_clk_pad_i/A (BUFx24_ASAP7_75t_R)
    22   12.87   11.16   20.89  367.11 ^ clkbuf_leaf_8_mrx_clk_pad_i/Y (BUFx24_ASAP7_75t_R)
                                         clknet_leaf_8_mrx_clk_pad_i (net)
                 11.59    1.07  368.17 ^ wishbone.RxDataLatched2[19]$_DFFE_PP0P_/CLK (DFFASRHQNx1_ASAP7_75t_R)
                          0.00  368.17   clock reconvergence pessimism
                         13.98  382.15   library recovery time
                                382.15   data required time
-----------------------------------------------------------------------------
                                382.15   data required time
                               -208.94   data arrival time
-----------------------------------------------------------------------------
                                173.22   slack (MET)


Startpoint: rxethmac1.rxcounters1.ByteCnt[8]$_DFFE_PP0P_
            (rising edge-triggered flip-flop clocked by mrx_clk_pad_i)
Endpoint: maccontrol1.receivecontrol1.PauseTimer[1]$_DFFE_PP0P_
          (rising edge-triggered flip-flop clocked by mrx_clk_pad_i)
Path Group: mrx_clk_pad_i
Path Type: max

Fanout     Cap    Slew   Delay    Time   Description
-----------------------------------------------------------------------------
                          0.00    0.00   clock mrx_clk_pad_i (rise edge)
                          0.00    0.00   clock source latency
     1    6.54    0.00    0.00    0.00 ^ mrx_clk_pad_i (in)
                                         mrx_clk_pad_i (net)
                 14.34    4.52    4.52 ^ clkbuf_0_mrx_clk_pad_i/A (BUFx24_ASAP7_75t_R)
     2    8.20    9.03   19.56   24.08 ^ clkbuf_0_mrx_clk_pad_i/Y (BUFx24_ASAP7_75t_R)
                                         clknet_0_mrx_clk_pad_i (net)
                 11.33    2.36   26.44 ^ clkbuf_1_0__f_mrx_clk_pad_i/A (BUFx24_ASAP7_75t_R)
     8   26.39   17.54   21.59   48.03 ^ clkbuf_1_0__f_mrx_clk_pad_i/Y (BUFx24_ASAP7_75t_R)
                                         clknet_1_0__leaf_mrx_clk_pad_i (net)
                 18.14    1.72   49.75 ^ clkbuf_leaf_4_mrx_clk_pad_i/A (BUFx24_ASAP7_75t_R)
    22   17.39   13.20   22.39   72.14 ^ clkbuf_leaf_4_mrx_clk_pad_i/Y (BUFx24_ASAP7_75t_R)
                                         clknet_leaf_4_mrx_clk_pad_i (net)
                 14.29    1.97   74.11 ^ rxethmac1.rxcounters1.ByteCnt[8]$_DFFE_PP0P_/CLK (DFFASRHQNx1_ASAP7_75t_R)
     2    1.86   21.68   44.98  119.09 v rxethmac1.rxcounters1.ByteCnt[8]$_DFFE_PP0P_/QN (DFFASRHQNx1_ASAP7_75t_R)
                                         _000170_ (net)
                 21.68    0.05  119.14 v _058290_/B (NOR2x1_ASAP7_75t_R)
     4    3.02   23.56   17.04  136.18 ^ _058290_/Y (NOR2x1_ASAP7_75t_R)
                                         _023508_ (net)
                 23.56    0.18  136.36 ^ _058292_/C (AND3x1_ASAP7_75t_R)
     2    1.56   14.15   22.28  158.64 ^ _058292_/Y (AND3x1_ASAP7_75t_R)
                                         _023510_ (net)
                 14.15    0.03  158.67 ^ place14730/A (BUFx3_ASAP7_75t_R)
     2    1.40    6.34   14.19  172.87 ^ place14730/Y (BUFx3_ASAP7_75t_R)
                                         net14727 (net)
                  6.35    0.05  172.92 ^ _069930_/B (AND3x1_ASAP7_75t_R)
     1    1.26   12.23   18.96  191.88 ^ _069930_/Y (AND3x1_ASAP7_75t_R)
                                         _034235_ (net)
                 12.24    0.07  191.95 ^ _069931_/B (XOR2x2_ASAP7_75t_R)
     2    1.74    9.85   26.58  218.53 ^ _069931_/Y (XOR2x2_ASAP7_75t_R)
                                         RxByteCnt[11] (net)
                  9.85    0.06  218.59 ^ _101303_/B (HAxp5_ASAP7_75t_R)
     2    2.01   39.05   34.70  253.29 v _101303_/SN (HAxp5_ASAP7_75t_R)
                                         _010847_ (net)
                 39.06    0.11  253.40 v _066725_/B (NOR2x1_ASAP7_75t_R)
     2    2.40   24.78   18.74  272.14 ^ _066725_/Y (NOR2x1_ASAP7_75t_R)
                                         _031807_ (net)
                 24.79    0.13  272.27 ^ _066727_/A (NAND2x1_ASAP7_75t_R)
     1    0.68    9.56    7.84  280.11 v _066727_/Y (NAND2x1_ASAP7_75t_R)
                                         _031809_ (net)
                  9.56    0.04  280.15 v _066728_/B (OA211x2_ASAP7_75t_R)
     1    0.80    9.50   25.72  305.87 v _066728_/Y (OA211x2_ASAP7_75t_R)
                                         _031810_ (net)
                  9.50    0.05  305.92 v _066729_/A (OR5x1_ASAP7_75t_R)
     1    0.86   12.27   26.33  332.25 v _066729_/Y (OR5x1_ASAP7_75t_R)
                                         _031811_ (net)
                 12.27    0.05  332.30 v _066753_/A (AND3x2_ASAP7_75t_R)
     2    2.89   10.48   16.26  348.56 v _066753_/Y (AND3x2_ASAP7_75t_R)
                                         _031835_ (net)
                 10.56    0.52  349.07 v _067465_/A2 (AOI21x1_ASAP7_75t_R)
     2    3.95   29.47   16.85  365.92 ^ _067465_/Y (AOI21x1_ASAP7_75t_R)
                                         _032468_ (net)
                 29.57    0.98  366.91 ^ _067466_/B (NAND2x1p5_ASAP7_75t_R)
     7    6.58   28.28   19.46  386.36 v _067466_/Y (NAND2x1p5_ASAP7_75t_R)
                                         _032469_ (net)
                 28.29    0.33  386.70 v place12840/A (BUFx6f_ASAP7_75t_R)
     8    5.77    8.99   19.88  406.58 v place12840/Y (BUFx6f_ASAP7_75t_R)
                                         net12837 (net)
                  9.00    0.12  406.70 v _068894_/A2 (OA21x2_ASAP7_75t_R)
     1    1.75    9.10   18.47  425.17 v _068894_/Y (OA21x2_ASAP7_75t_R)
                                         _033574_ (net)
                  9.12    0.21  425.38 v _068895_/B (NAND2x1_ASAP7_75t_R)
     1    0.79   10.41    7.71  433.09 ^ _068895_/Y (NAND2x1_ASAP7_75t_R)
                                         _019618_ (net)
                 10.41    0.04  433.13 ^ maccontrol1.receivecontrol1.PauseTimer[1]$_DFFE_PP0P_/D (DFFASRHQNx1_ASAP7_75t_R)
                                433.13   data arrival time

                        300.00  300.00   clock mrx_clk_pad_i (rise edge)
                          0.00  300.00   clock source latency
     1    5.94    0.00    0.00  300.00 ^ mrx_clk_pad_i (in)
                                         mrx_clk_pad_i (net)
                 12.45    3.93  303.93 ^ clkbuf_0_mrx_clk_pad_i/A (BUFx24_ASAP7_75t_R)
     2    6.99    8.63   18.86  322.79 ^ clkbuf_0_mrx_clk_pad_i/Y (BUFx24_ASAP7_75t_R)
                                         clknet_0_mrx_clk_pad_i (net)
                 10.24    1.98  324.78 ^ clkbuf_1_0__f_mrx_clk_pad_i/A (BUFx24_ASAP7_75t_R)
     8   22.17   15.51   20.67  345.45 ^ clkbuf_1_0__f_mrx_clk_pad_i/Y (BUFx24_ASAP7_75t_R)
                                         clknet_1_0__leaf_mrx_clk_pad_i (net)
                 16.36    1.87  347.32 ^ clkbuf_leaf_11_mrx_clk_pad_i/A (BUFx24_ASAP7_75t_R)
    26   13.96   11.64   21.34  368.67 ^ clkbuf_leaf_11_mrx_clk_pad_i/Y (BUFx24_ASAP7_75t_R)
                                         clknet_leaf_11_mrx_clk_pad_i (net)
                 11.71    0.44  369.11 ^ maccontrol1.receivecontrol1.PauseTimer[1]$_DFFE_PP0P_/CLK (DFFASRHQNx1_ASAP7_75t_R)
                          2.58  371.69   clock reconvergence pessimism
                        -11.97  359.72   library setup time
                                359.72   data required time
-----------------------------------------------------------------------------
                                359.72   data required time
                               -433.13   data arrival time
-----------------------------------------------------------------------------
                                -73.41   slack (VIOLATED)


Startpoint: txethmac1.txcounters1.NibCnt[15]$_DFFE_PP0P_
            (rising edge-triggered flip-flop clocked by mtx_clk_pad_i)
Endpoint: macstatus1.RetryCntLatched[1]$_DFFE_PP0P_
          (rising edge-triggered flip-flop clocked by mtx_clk_pad_i)
Path Group: mtx_clk_pad_i
Path Type: max

Fanout     Cap    Slew   Delay    Time   Description
-----------------------------------------------------------------------------
                          0.00    0.00   clock mtx_clk_pad_i (rise edge)
                          0.00    0.00   clock source latency
     1    7.78    0.00    0.00    0.00 ^ mtx_clk_pad_i (in)
                                         mtx_clk_pad_i (net)
                 21.26    6.71    6.71 ^ clkbuf_0_mtx_clk_pad_i/A (BUFx24_ASAP7_75t_R)
     2    6.75    8.76   21.47   28.18 ^ clkbuf_0_mtx_clk_pad_i/Y (BUFx24_ASAP7_75t_R)
                                         clknet_0_mtx_clk_pad_i (net)
                  8.94    0.74   28.92 ^ clkbuf_1_1__f_mtx_clk_pad_i/A (BUFx24_ASAP7_75t_R)
     6   18.95   13.96   19.74   48.66 ^ clkbuf_1_1__f_mtx_clk_pad_i/Y (BUFx24_ASAP7_75t_R)
                                         clknet_1_1__leaf_mtx_clk_pad_i (net)
                 14.86    1.78   50.44 ^ clkbuf_leaf_5_mtx_clk_pad_i/A (BUFx24_ASAP7_75t_R)
    24   16.65   12.79   21.40   71.84 ^ clkbuf_leaf_5_mtx_clk_pad_i/Y (BUFx24_ASAP7_75t_R)
                                         clknet_leaf_5_mtx_clk_pad_i (net)
                 13.11    1.04   72.88 ^ txethmac1.txcounters1.NibCnt[15]$_DFFE_PP0P_/CLK (DFFASRHQNx1_ASAP7_75t_R)
     2    1.61   20.08   43.58  116.46 v txethmac1.txcounters1.NibCnt[15]$_DFFE_PP0P_/QN (DFFASRHQNx1_ASAP7_75t_R)
                                         _000226_ (net)
                 20.08    0.05  116.51 v _067310_/A (INVx1_ASAP7_75t_R)
     1    1.09   12.01   10.15  126.66 ^ _067310_/Y (INVx1_ASAP7_75t_R)
                                         txethmac1.NibCnt[15] (net)
                 12.01    0.06  126.72 ^ _101254_/B (HAxp5_ASAP7_75t_R)
     2    1.92   35.61   34.45  161.16 v _101254_/SN (HAxp5_ASAP7_75t_R)
                                         _010717_ (net)
                 35.61    0.07  161.23 v _057774_/B (NOR2x1_ASAP7_75t_R)
     2    1.69   19.94   15.33  176.56 ^ _057774_/Y (NOR2x1_ASAP7_75t_R)
                                         _023032_ (net)
                 19.94    0.11  176.67 ^ _057777_/A (AND3x1_ASAP7_75t_R)
     1    1.14   11.63   21.31  197.98 ^ _057777_/Y (AND3x1_ASAP7_75t_R)
                                         _023035_ (net)
                 11.64    0.10  198.08 ^ _057778_/A (INVx1_ASAP7_75t_R)
     2    1.64   11.09    8.75  206.84 v _057778_/Y (INVx1_ASAP7_75t_R)
                                         _023036_ (net)
                 11.09    0.07  206.91 v _057779_/A (OR5x1_ASAP7_75t_R)
     1    0.79   11.62   26.41  233.32 v _057779_/Y (OR5x1_ASAP7_75t_R)
                                         _023037_ (net)
                 11.62    0.04  233.36 v _057780_/B (AO21x1_ASAP7_75t_R)
     1    1.14    9.20   17.71  251.07 v _057780_/Y (AO21x1_ASAP7_75t_R)
                                         _023038_ (net)
                  9.20    0.04  251.11 v _057798_/A2 (AOI21x1_ASAP7_75t_R)
     2    2.80   23.92   13.81  264.92 ^ _057798_/Y (AOI21x1_ASAP7_75t_R)
                                         _023056_ (net)
                 23.95    0.46  265.39 ^ _057876_/A2 (AOI21x1_ASAP7_75t_R)
     3    3.64   26.74   15.36  280.75 v _057876_/Y (AOI21x1_ASAP7_75t_R)
                                         _023133_ (net)
                 26.75    0.22  280.97 v _057879_/A2 (OAI21x1_ASAP7_75t_R)
     2    2.71   23.70   17.55  298.52 ^ _057879_/Y (OAI21x1_ASAP7_75t_R)
                                         _023136_ (net)
                 23.70    0.09  298.61 ^ place12836/A (BUFx6f_ASAP7_75t_R)
     4    3.81    7.70   16.42  315.03 ^ place12836/Y (BUFx6f_ASAP7_75t_R)
                                         net12833 (net)
                  7.71    0.17  315.20 ^ _057997_/A (AND2x2_ASAP7_75t_R)
     5    6.39   24.22   22.48  337.68 ^ _057997_/Y (AND2x2_ASAP7_75t_R)
                                         _023244_ (net)
                 24.36    1.03  338.71 ^ _069872_/A2 (OAI21x1_ASAP7_75t_R)
     1    1.47   19.64   10.69  349.41 v _069872_/Y (OAI21x1_ASAP7_75t_R)
                                         _034206_ (net)
                 19.64    0.06  349.47 v _069873_/B (OAI21x1_ASAP7_75t_R)
     1    0.81   15.38    7.66  357.13 ^ _069873_/Y (OAI21x1_ASAP7_75t_R)
                                         _019301_ (net)
                 15.38    0.04  357.17 ^ macstatus1.RetryCntLatched[1]$_DFFE_PP0P_/D (DFFASRHQNx1_ASAP7_75t_R)
                                357.17   data arrival time

                        300.00  300.00   clock mtx_clk_pad_i (rise edge)
                          0.00  300.00   clock source latency
     1    7.17    0.00    0.00  300.00 ^ mtx_clk_pad_i (in)
                                         mtx_clk_pad_i (net)
                 18.80    5.93  305.93 ^ clkbuf_0_mtx_clk_pad_i/A (BUFx24_ASAP7_75t_R)
     2    5.55    8.24   20.62  326.55 ^ clkbuf_0_mtx_clk_pad_i/Y (BUFx24_ASAP7_75t_R)
                                         clknet_0_mtx_clk_pad_i (net)
                  8.32    0.59  327.14 ^ clkbuf_1_1__f_mtx_clk_pad_i/A (BUFx24_ASAP7_75t_R)
     6   15.35   12.26   19.03  346.18 ^ clkbuf_1_1__f_mtx_clk_pad_i/Y (BUFx24_ASAP7_75t_R)
                                         clknet_1_1__leaf_mtx_clk_pad_i (net)
                 12.35    0.52  346.70 ^ clkbuf_leaf_6_mtx_clk_pad_i/A (BUFx24_ASAP7_75t_R)
    25   14.25   11.69   20.29  367.00 ^ clkbuf_leaf_6_mtx_clk_pad_i/Y (BUFx24_ASAP7_75t_R)
                                         clknet_leaf_6_mtx_clk_pad_i (net)
                 11.77    0.46  367.46 ^ macstatus1.RetryCntLatched[1]$_DFFE_PP0P_/CLK (DFFASRHQNx1_ASAP7_75t_R)
                          2.49  369.94   clock reconvergence pessimism
                        -12.38  357.56   library setup time
                                357.56   data required time
-----------------------------------------------------------------------------
                                357.56   data required time
                               -357.17   data arrival time
-----------------------------------------------------------------------------
                                  0.39   slack (MET)


Startpoint: _tray_size4_20039
            (rising edge-triggered flip-flop clocked by wb_clk_i)
Endpoint: wishbone.TxBDReady$_DFFE_PP0P_
          (rising edge-triggered flip-flop clocked by wb_clk_i)
Path Group: wb_clk_i
Path Type: max

Fanout     Cap    Slew   Delay    Time   Description
-----------------------------------------------------------------------------
                          0.00    0.00   clock wb_clk_i (rise edge)
                          0.00    0.00   clock source latency
     1   17.62    0.00    0.00    0.00 ^ wb_clk_i (in)
                                         wb_clk_i (net)
                119.27   37.63   37.63 ^ clkbuf_0_wb_clk_i/A (BUFx24_ASAP7_75t_R)
     4   18.37   14.86   37.77   75.40 ^ clkbuf_0_wb_clk_i/Y (BUFx24_ASAP7_75t_R)
                                         clknet_0_wb_clk_i (net)
                 32.82    9.11   84.51 ^ clkbuf_2_1_0_wb_clk_i/A (BUFx24_ASAP7_75t_R)
     4   17.12    9.02   24.06  108.56 ^ clkbuf_2_1_0_wb_clk_i/Y (BUFx24_ASAP7_75t_R)
                                         clknet_2_1_0_wb_clk_i (net)
                 52.78   16.26  124.82 ^ clkbuf_4_6_0_wb_clk_i/A (BUFx24_ASAP7_75t_R)
     2    7.59   10.01   28.07  152.90 ^ clkbuf_4_6_0_wb_clk_i/Y (BUFx24_ASAP7_75t_R)
                                         clknet_4_6_0_wb_clk_i (net)
                 14.10    3.46  156.35 ^ clkbuf_5_13__f_wb_clk_i/A (BUFx24_ASAP7_75t_R)
     6   21.26   14.77   21.19  177.54 ^ clkbuf_5_13__f_wb_clk_i/Y (BUFx24_ASAP7_75t_R)
                                         clknet_5_13__leaf_wb_clk_i (net)
                 22.14    5.49  183.03 ^ clkbuf_leaf_61_wb_clk_i/A (BUFx24_ASAP7_75t_R)
    18   13.69   11.62   22.93  205.96 ^ clkbuf_leaf_61_wb_clk_i/Y (BUFx24_ASAP7_75t_R)
                                         clknet_leaf_61_wb_clk_i (net)
                 11.87    0.80  206.75 ^ _tray_size4_20039/CLK (DFFHQNH2V2Xx1_ASAP7_75t_R)
     8   23.44  225.30  142.03  348.78 ^ _tray_size4_20039/QN0 (DFFHQNH2V2Xx1_ASAP7_75t_R)
                                         _010538_ (net)
                225.59    4.80  353.58 ^ _056186_/A (INVx3_ASAP7_75t_R)
    10   15.23   76.82   42.10  395.68 v _056186_/Y (INVx3_ASAP7_75t_R)
                                         _021454_ (net)
                 76.82    0.28  395.96 v place16457/A (BUFx3_ASAP7_75t_R)
     9   15.51   32.90   39.03  434.98 v place16457/Y (BUFx3_ASAP7_75t_R)
                                         net16454 (net)
                 32.94    0.72  435.71 v place16406/A (BUFx3_ASAP7_75t_R)
     8    7.77   17.76   25.57  461.28 v place16406/Y (BUFx3_ASAP7_75t_R)
                                         net16403 (net)
                 18.06    1.26  462.53 v place16405/A (BUFx3_ASAP7_75t_R)
     8   14.72   31.03   25.12  487.66 v place16405/Y (BUFx3_ASAP7_75t_R)
                                         net16402 (net)
                 32.55    3.73  491.38 v place16388/A (BUFx3_ASAP7_75t_R)
     9    9.25   20.44   26.61  517.99 v place16388/Y (BUFx3_ASAP7_75t_R)
                                         net16385 (net)
                 20.47    0.46  518.45 v place16379/A (BUFx3_ASAP7_75t_R)
     7    8.34   18.46   22.88  541.34 v place16379/Y (BUFx3_ASAP7_75t_R)
                                         net16376 (net)
                 19.06    1.80  543.14 v place16378/A (BUFx3_ASAP7_75t_R)
     7    8.69   18.84   22.93  566.07 v place16378/Y (BUFx3_ASAP7_75t_R)
                                         net16375 (net)
                 19.17    1.38  567.45 v place16377/A (BUFx3_ASAP7_75t_R)
     7    6.64   15.59   21.05  588.49 v place16377/Y (BUFx3_ASAP7_75t_R)
                                         net16374 (net)
                 15.66    0.60  589.09 v place16376/A (BUFx3_ASAP7_75t_R)
     9    9.17   19.59   22.29  611.38 v place16376/Y (BUFx3_ASAP7_75t_R)
                                         net16373 (net)
                 19.63    0.58  611.96 v place16375/A (BUFx3_ASAP7_75t_R)
     7    6.77   15.19   21.73  633.68 v place16375/Y (BUFx3_ASAP7_75t_R)
                                         net16372 (net)
                 15.20    0.28  633.97 v _056671_/B (AO21x1_ASAP7_75t_R)
     1    0.69    7.48   17.08  651.05 v _056671_/Y (AO21x1_ASAP7_75t_R)
                                         _021939_ (net)
                  7.48    0.02  651.07 v _056672_/B (AO21x1_ASAP7_75t_R)
     1    0.71    7.53   15.50  666.58 v _056672_/Y (AO21x1_ASAP7_75t_R)
                                         _021940_ (net)
                  7.53    0.03  666.60 v _056673_/A2 (AO21x1_ASAP7_75t_R)
     1    0.61    6.77   13.88  680.49 v _056673_/Y (AO21x1_ASAP7_75t_R)
                                         _021941_ (net)
                  6.77    0.02  680.50 v _056674_/B (AND2x2_ASAP7_75t_R)
     1    2.84   11.04   16.44  696.95 v _056674_/Y (AND2x2_ASAP7_75t_R)
                                         _021942_ (net)
                 11.18    0.66  697.61 v _056738_/A1 (OAI21x1_ASAP7_75t_R)
     1    3.14   24.54   15.54  713.15 ^ _056738_/Y (OAI21x1_ASAP7_75t_R)
                                         _022006_ (net)
                 24.64    0.86  714.01 ^ _056817_/A (NAND2x1_ASAP7_75t_R)
     1    1.30   16.07    9.58  723.59 v _056817_/Y (NAND2x1_ASAP7_75t_R)
                                         _022085_ (net)
                 16.07    0.05  723.64 v _056959_/A1 (AOI21x1_ASAP7_75t_R)
     1    4.20   47.60   18.17  741.81 ^ _056959_/Y (AOI21x1_ASAP7_75t_R)
                                         _022227_ (net)
                 47.78    1.60  743.41 ^ _056960_/B (NAND2x1_ASAP7_75t_R)
     1    2.07   20.84   14.99  758.40 v _056960_/Y (NAND2x1_ASAP7_75t_R)
                                         _022228_ (net)
                 20.85    0.39  758.79 v place12863/A (BUFx3_ASAP7_75t_R)
     6   26.61   44.57   24.79  783.58 v place12863/Y (BUFx3_ASAP7_75t_R)
                                         net12860 (net)
                141.43   42.81  826.39 v _063932_/A (NAND2x1_ASAP7_75t_R)
     1    1.27   34.59   33.59  859.97 ^ _063932_/Y (NAND2x1_ASAP7_75t_R)
                                         _029141_ (net)
                 34.59    0.08  860.05 ^ _064845_/A (NOR2x1_ASAP7_75t_R)
     1    1.30   16.43   15.27  875.32 v _064845_/Y (NOR2x1_ASAP7_75t_R)
                                         _030054_ (net)
                 16.44    0.08  875.40 v _064846_/B (NAND2x1_ASAP7_75t_R)
     1    1.16   13.34   10.79  886.19 ^ _064846_/Y (NAND2x1_ASAP7_75t_R)
                                         _030055_ (net)
                 13.34    0.05  886.24 ^ _065320_/A2 (OAI21x1_ASAP7_75t_R)
     1    1.16   15.66    8.48  894.72 v _065320_/Y (OAI21x1_ASAP7_75t_R)
                                         _030529_ (net)
                 15.66    0.05  894.77 v _065321_/B (NAND2x1_ASAP7_75t_R)
     1    0.81   10.86    9.36  904.13 ^ _065321_/Y (NAND2x1_ASAP7_75t_R)
                                         _012244_ (net)
                 10.86    0.04  904.18 ^ wishbone.TxBDReady$_DFFE_PP0P_/D (DFFASRHQNx1_ASAP7_75t_R)
                                904.18   data arrival time

                       1000.00 1000.00   clock wb_clk_i (rise edge)
                          0.00 1000.00   clock source latency
     1   17.02    0.00    0.00 1000.00 ^ wb_clk_i (in)
                                         wb_clk_i (net)
                112.18   35.39 1035.39 ^ clkbuf_0_wb_clk_i/A (BUFx24_ASAP7_75t_R)
     4   15.96   14.19   36.90 1072.29 ^ clkbuf_0_wb_clk_i/Y (BUFx24_ASAP7_75t_R)
                                         clknet_0_wb_clk_i (net)
                 26.46    7.07 1079.36 ^ clkbuf_2_2_0_wb_clk_i/A (BUFx24_ASAP7_75t_R)
     4   16.56    8.57   22.49 1101.84 ^ clkbuf_2_2_0_wb_clk_i/Y (BUFx24_ASAP7_75t_R)
                                         clknet_2_2_0_wb_clk_i (net)
                 74.74   23.52 1125.36 ^ clkbuf_4_9_0_wb_clk_i/A (BUFx24_ASAP7_75t_R)
     2    6.49   10.61   31.66 1157.03 ^ clkbuf_4_9_0_wb_clk_i/Y (BUFx24_ASAP7_75t_R)
                                         clknet_4_9_0_wb_clk_i (net)
                 13.25    2.93 1159.95 ^ clkbuf_5_19__f_wb_clk_i/A (BUFx24_ASAP7_75t_R)
     6   16.63   12.95   20.36 1180.31 ^ clkbuf_5_19__f_wb_clk_i/Y (BUFx24_ASAP7_75t_R)
                                         clknet_5_19__leaf_wb_clk_i (net)
                 16.60    3.54 1183.86 ^ clkbuf_leaf_144_wb_clk_i/A (BUFx24_ASAP7_75t_R)
    24   13.16   11.28   21.35 1205.20 ^ clkbuf_leaf_144_wb_clk_i/Y (BUFx24_ASAP7_75t_R)
                                         clknet_leaf_144_wb_clk_i (net)
                 11.35    0.40 1205.60 ^ wishbone.TxBDReady$_DFFE_PP0P_/CLK (DFFASRHQNx1_ASAP7_75t_R)
                          3.11 1208.71   clock reconvergence pessimism
                        -12.10 1196.61   library setup time
                               1196.61   data required time
-----------------------------------------------------------------------------
                               1196.61   data required time
                               -904.18   data arrival time
-----------------------------------------------------------------------------
                                292.43   slack (MET)



==========================================================================
cts final report_check_types -max_slew -max_cap -max_fanout -violators
--------------------------------------------------------------------------
max fanout

Pin                                   Limit Fanout  Slack
---------------------------------------------------------
clkbuf_leaf_1_mtx_clk_pad_i/Y            10     27    -17 (VIOLATED)
clkbuf_leaf_2_mrx_clk_pad_i/Y            10     27    -17 (VIOLATED)
clkbuf_leaf_0_mtx_clk_pad_i/Y            10     26    -16 (VIOLATED)
clkbuf_leaf_11_mrx_clk_pad_i/Y           10     26    -16 (VIOLATED)
clkbuf_leaf_3_mtx_clk_pad_i/Y            10     26    -16 (VIOLATED)
clkbuf_leaf_136_wb_clk_i/Y               10     25    -15 (VIOLATED)
clkbuf_leaf_138_wb_clk_i/Y               10     25    -15 (VIOLATED)
clkbuf_leaf_161_wb_clk_i/Y               10     25    -15 (VIOLATED)
clkbuf_leaf_1_mrx_clk_pad_i/Y            10     25    -15 (VIOLATED)
clkbuf_leaf_2_mtx_clk_pad_i/Y            10     25    -15 (VIOLATED)
clkbuf_leaf_6_mrx_clk_pad_i/Y            10     25    -15 (VIOLATED)
clkbuf_leaf_6_mtx_clk_pad_i/Y            10     25    -15 (VIOLATED)
clkbuf_leaf_7_mrx_clk_pad_i/Y            10     25    -15 (VIOLATED)
clkbuf_leaf_10_mrx_clk_pad_i/Y           10     24    -14 (VIOLATED)
clkbuf_leaf_126_wb_clk_i/Y               10     24    -14 (VIOLATED)
clkbuf_leaf_130_wb_clk_i/Y               10     24    -14 (VIOLATED)
clkbuf_leaf_132_wb_clk_i/Y               10     24    -14 (VIOLATED)
clkbuf_leaf_141_wb_clk_i/Y               10     24    -14 (VIOLATED)
clkbuf_leaf_144_wb_clk_i/Y               10     24    -14 (VIOLATED)
clkbuf_leaf_162_wb_clk_i/Y               10     24    -14 (VIOLATED)
clkbuf_leaf_163_wb_clk_i/Y               10     24    -14 (VIOLATED)
clkbuf_leaf_166_wb_clk_i/Y               10     24    -14 (VIOLATED)
clkbuf_leaf_167_wb_clk_i/Y               10     24    -14 (VIOLATED)
clkbuf_leaf_3_mrx_clk_pad_i/Y            10     24    -14 (VIOLATED)
clkbuf_leaf_5_mtx_clk_pad_i/Y            10     24    -14 (VIOLATED)
clkbuf_leaf_137_wb_clk_i/Y               10     23    -13 (VIOLATED)
clkbuf_leaf_4_mtx_clk_pad_i/Y            10     23    -13 (VIOLATED)
clkbuf_leaf_7_mtx_clk_pad_i/Y            10     23    -13 (VIOLATED)
clkbuf_leaf_0_mrx_clk_pad_i/Y            10     22    -12 (VIOLATED)
clkbuf_leaf_135_wb_clk_i/Y               10     22    -12 (VIOLATED)
clkbuf_leaf_146_wb_clk_i/Y               10     22    -12 (VIOLATED)
clkbuf_leaf_158_wb_clk_i/Y               10     22    -12 (VIOLATED)
clkbuf_leaf_4_mrx_clk_pad_i/Y            10     22    -12 (VIOLATED)
clkbuf_leaf_8_mrx_clk_pad_i/Y            10     22    -12 (VIOLATED)
clkbuf_leaf_131_wb_clk_i/Y               10     21    -11 (VIOLATED)
clkbuf_leaf_145_wb_clk_i/Y               10     21    -11 (VIOLATED)
clkbuf_leaf_157_wb_clk_i/Y               10     21    -11 (VIOLATED)
clkbuf_leaf_159_wb_clk_i/Y               10     21    -11 (VIOLATED)
clkbuf_leaf_160_wb_clk_i/Y               10     21    -11 (VIOLATED)
clkbuf_leaf_169_wb_clk_i/Y               10     21    -11 (VIOLATED)
clkbuf_leaf_3_wb_clk_i/Y                 10     21    -11 (VIOLATED)
clkbuf_leaf_9_mrx_clk_pad_i/Y            10     21    -11 (VIOLATED)
clkbuf_leaf_101_wb_clk_i/Y               10     20    -10 (VIOLATED)
clkbuf_leaf_120_wb_clk_i/Y               10     20    -10 (VIOLATED)
clkbuf_leaf_127_wb_clk_i/Y               10     20    -10 (VIOLATED)
clkbuf_leaf_129_wb_clk_i/Y               10     20    -10 (VIOLATED)
clkbuf_leaf_140_wb_clk_i/Y               10     20    -10 (VIOLATED)
clkbuf_leaf_148_wb_clk_i/Y               10     20    -10 (VIOLATED)
clkbuf_leaf_164_wb_clk_i/Y               10     20    -10 (VIOLATED)
clkbuf_leaf_5_mrx_clk_pad_i/Y            10     20    -10 (VIOLATED)
clkbuf_leaf_102_wb_clk_i/Y               10     19     -9 (VIOLATED)
clkbuf_leaf_104_wb_clk_i/Y               10     19     -9 (VIOLATED)
clkbuf_leaf_105_wb_clk_i/Y               10     19     -9 (VIOLATED)
clkbuf_leaf_107_wb_clk_i/Y               10     19     -9 (VIOLATED)
clkbuf_leaf_111_wb_clk_i/Y               10     19     -9 (VIOLATED)
clkbuf_leaf_113_wb_clk_i/Y               10     19     -9 (VIOLATED)
clkbuf_leaf_115_wb_clk_i/Y               10     19     -9 (VIOLATED)
clkbuf_leaf_116_wb_clk_i/Y               10     19     -9 (VIOLATED)
clkbuf_leaf_118_wb_clk_i/Y               10     19     -9 (VIOLATED)
clkbuf_leaf_119_wb_clk_i/Y               10     19     -9 (VIOLATED)
clkbuf_leaf_11_wb_clk_i/Y                10     19     -9 (VIOLATED)
clkbuf_leaf_128_wb_clk_i/Y               10     19     -9 (VIOLATED)
clkbuf_leaf_12_wb_clk_i/Y                10     19     -9 (VIOLATED)
clkbuf_leaf_142_wb_clk_i/Y               10     19     -9 (VIOLATED)
clkbuf_leaf_149_wb_clk_i/Y               10     19     -9 (VIOLATED)
clkbuf_leaf_151_wb_clk_i/Y               10     19     -9 (VIOLATED)
clkbuf_leaf_153_wb_clk_i/Y               10     19     -9 (VIOLATED)
clkbuf_leaf_168_wb_clk_i/Y               10     19     -9 (VIOLATED)
clkbuf_leaf_176_wb_clk_i/Y               10     19     -9 (VIOLATED)
clkbuf_leaf_1_wb_clk_i/Y                 10     19     -9 (VIOLATED)
clkbuf_leaf_28_wb_clk_i/Y                10     19     -9 (VIOLATED)
clkbuf_leaf_30_wb_clk_i/Y                10     19     -9 (VIOLATED)
clkbuf_leaf_32_wb_clk_i/Y                10     19     -9 (VIOLATED)
clkbuf_leaf_34_wb_clk_i/Y                10     19     -9 (VIOLATED)
clkbuf_leaf_35_wb_clk_i/Y                10     19     -9 (VIOLATED)
clkbuf_leaf_38_wb_clk_i/Y                10     19     -9 (VIOLATED)
clkbuf_leaf_39_wb_clk_i/Y                10     19     -9 (VIOLATED)
clkbuf_leaf_40_wb_clk_i/Y                10     19     -9 (VIOLATED)
clkbuf_leaf_62_wb_clk_i/Y                10     19     -9 (VIOLATED)
clkbuf_leaf_64_wb_clk_i/Y                10     19     -9 (VIOLATED)
clkbuf_leaf_65_wb_clk_i/Y                10     19     -9 (VIOLATED)
clkbuf_leaf_77_wb_clk_i/Y                10     19     -9 (VIOLATED)
clkbuf_leaf_79_wb_clk_i/Y                10     19     -9 (VIOLATED)
clkbuf_leaf_7_wb_clk_i/Y                 10     19     -9 (VIOLATED)
clkbuf_leaf_88_wb_clk_i/Y                10     19     -9 (VIOLATED)
clkbuf_leaf_8_wb_clk_i/Y                 10     19     -9 (VIOLATED)
clkbuf_leaf_91_wb_clk_i/Y                10     19     -9 (VIOLATED)
clkbuf_leaf_92_wb_clk_i/Y                10     19     -9 (VIOLATED)
clkbuf_leaf_97_wb_clk_i/Y                10     19     -9 (VIOLATED)
clkbuf_leaf_9_mtx_clk_pad_i/Y            10     19     -9 (VIOLATED)
clkbuf_leaf_9_wb_clk_i/Y                 10     19     -9 (VIOLATED)
clkbuf_leaf_0_wb_clk_i/Y                 10     18     -8 (VIOLATED)
clkbuf_leaf_112_wb_clk_i/Y               10     18     -8 (VIOLATED)
clkbuf_leaf_117_wb_clk_i/Y               10     18     -8 (VIOLATED)
clkbuf_leaf_122_wb_clk_i/Y               10     18     -8 (VIOLATED)
clkbuf_leaf_123_wb_clk_i/Y               10     18     -8 (VIOLATED)
clkbuf_leaf_125_wb_clk_i/Y               10     18     -8 (VIOLATED)
clkbuf_leaf_12_mrx_clk_pad_i/Y           10     18     -8 (VIOLATED)
clkbuf_leaf_133_wb_clk_i/Y               10     18     -8 (VIOLATED)
clkbuf_leaf_14_wb_clk_i/Y                10     18     -8 (VIOLATED)
clkbuf_leaf_152_wb_clk_i/Y               10     18     -8 (VIOLATED)
clkbuf_leaf_154_wb_clk_i/Y               10     18     -8 (VIOLATED)
clkbuf_leaf_155_wb_clk_i/Y               10     18     -8 (VIOLATED)
clkbuf_leaf_156_wb_clk_i/Y               10     18     -8 (VIOLATED)
clkbuf_leaf_173_wb_clk_i/Y               10     18     -8 (VIOLATED)
clkbuf_leaf_174_wb_clk_i/Y               10     18     -8 (VIOLATED)
clkbuf_leaf_175_wb_clk_i/Y               10     18     -8 (VIOLATED)
clkbuf_leaf_18_wb_clk_i/Y                10     18     -8 (VIOLATED)
clkbuf_leaf_20_wb_clk_i/Y                10     18     -8 (VIOLATED)
clkbuf_leaf_21_wb_clk_i/Y                10     18     -8 (VIOLATED)
clkbuf_leaf_23_wb_clk_i/Y                10     18     -8 (VIOLATED)
clkbuf_leaf_24_wb_clk_i/Y                10     18     -8 (VIOLATED)
clkbuf_leaf_25_wb_clk_i/Y                10     18     -8 (VIOLATED)
clkbuf_leaf_26_wb_clk_i/Y                10     18     -8 (VIOLATED)
clkbuf_leaf_2_wb_clk_i/Y                 10     18     -8 (VIOLATED)
clkbuf_leaf_42_wb_clk_i/Y                10     18     -8 (VIOLATED)
clkbuf_leaf_46_wb_clk_i/Y                10     18     -8 (VIOLATED)
clkbuf_leaf_4_wb_clk_i/Y                 10     18     -8 (VIOLATED)
clkbuf_leaf_55_wb_clk_i/Y                10     18     -8 (VIOLATED)
clkbuf_leaf_56_wb_clk_i/Y                10     18     -8 (VIOLATED)
clkbuf_leaf_59_wb_clk_i/Y                10     18     -8 (VIOLATED)
clkbuf_leaf_60_wb_clk_i/Y                10     18     -8 (VIOLATED)
clkbuf_leaf_61_wb_clk_i/Y                10     18     -8 (VIOLATED)
clkbuf_leaf_63_wb_clk_i/Y                10     18     -8 (VIOLATED)
clkbuf_leaf_68_wb_clk_i/Y                10     18     -8 (VIOLATED)
clkbuf_leaf_6_wb_clk_i/Y                 10     18     -8 (VIOLATED)
clkbuf_leaf_70_wb_clk_i/Y                10     18     -8 (VIOLATED)
clkbuf_leaf_71_wb_clk_i/Y                10     18     -8 (VIOLATED)
clkbuf_leaf_73_wb_clk_i/Y                10     18     -8 (VIOLATED)
clkbuf_leaf_75_wb_clk_i/Y                10     18     -8 (VIOLATED)
clkbuf_leaf_84_wb_clk_i/Y                10     18     -8 (VIOLATED)
clkbuf_leaf_86_wb_clk_i/Y                10     18     -8 (VIOLATED)
clkbuf_leaf_95_wb_clk_i/Y                10     18     -8 (VIOLATED)
clkbuf_leaf_96_wb_clk_i/Y                10     18     -8 (VIOLATED)
clkbuf_leaf_98_wb_clk_i/Y                10     18     -8 (VIOLATED)
clkbuf_leaf_99_wb_clk_i/Y                10     18     -8 (VIOLATED)
clkbuf_leaf_103_wb_clk_i/Y               10     17     -7 (VIOLATED)
clkbuf_leaf_109_wb_clk_i/Y               10     17     -7 (VIOLATED)
clkbuf_leaf_110_wb_clk_i/Y               10     17     -7 (VIOLATED)
clkbuf_leaf_121_wb_clk_i/Y               10     17     -7 (VIOLATED)
clkbuf_leaf_134_wb_clk_i/Y               10     17     -7 (VIOLATED)
clkbuf_leaf_13_wb_clk_i/Y                10     17     -7 (VIOLATED)
clkbuf_leaf_147_wb_clk_i/Y               10     17     -7 (VIOLATED)
clkbuf_leaf_150_wb_clk_i/Y               10     17     -7 (VIOLATED)
clkbuf_leaf_15_wb_clk_i/Y                10     17     -7 (VIOLATED)
clkbuf_leaf_165_wb_clk_i/Y               10     17     -7 (VIOLATED)
clkbuf_leaf_16_wb_clk_i/Y                10     17     -7 (VIOLATED)
clkbuf_leaf_171_wb_clk_i/Y               10     17     -7 (VIOLATED)
clkbuf_leaf_172_wb_clk_i/Y               10     17     -7 (VIOLATED)
clkbuf_leaf_19_wb_clk_i/Y                10     17     -7 (VIOLATED)
clkbuf_leaf_29_wb_clk_i/Y                10     17     -7 (VIOLATED)
clkbuf_leaf_33_wb_clk_i/Y                10     17     -7 (VIOLATED)
clkbuf_leaf_37_wb_clk_i/Y                10     17     -7 (VIOLATED)
clkbuf_leaf_43_wb_clk_i/Y                10     17     -7 (VIOLATED)
clkbuf_leaf_45_wb_clk_i/Y                10     17     -7 (VIOLATED)
clkbuf_leaf_47_wb_clk_i/Y                10     17     -7 (VIOLATED)
clkbuf_leaf_48_wb_clk_i/Y                10     17     -7 (VIOLATED)
clkbuf_leaf_49_wb_clk_i/Y                10     17     -7 (VIOLATED)
clkbuf_leaf_50_wb_clk_i/Y                10     17     -7 (VIOLATED)
clkbuf_leaf_51_wb_clk_i/Y                10     17     -7 (VIOLATED)
clkbuf_leaf_53_wb_clk_i/Y                10     17     -7 (VIOLATED)
clkbuf_leaf_54_wb_clk_i/Y                10     17     -7 (VIOLATED)
clkbuf_leaf_57_wb_clk_i/Y                10     17     -7 (VIOLATED)
clkbuf_leaf_5_wb_clk_i/Y                 10     17     -7 (VIOLATED)
clkbuf_leaf_66_wb_clk_i/Y                10     17     -7 (VIOLATED)
clkbuf_leaf_67_wb_clk_i/Y                10     17     -7 (VIOLATED)
clkbuf_leaf_69_wb_clk_i/Y                10     17     -7 (VIOLATED)
clkbuf_leaf_76_wb_clk_i/Y                10     17     -7 (VIOLATED)
clkbuf_leaf_78_wb_clk_i/Y                10     17     -7 (VIOLATED)
clkbuf_leaf_80_wb_clk_i/Y                10     17     -7 (VIOLATED)
clkbuf_leaf_81_wb_clk_i/Y                10     17     -7 (VIOLATED)
clkbuf_leaf_89_wb_clk_i/Y                10     17     -7 (VIOLATED)
clkbuf_leaf_90_wb_clk_i/Y                10     17     -7 (VIOLATED)
clkbuf_leaf_93_wb_clk_i/Y                10     17     -7 (VIOLATED)
clkbuf_leaf_100_wb_clk_i/Y               10     16     -6 (VIOLATED)
clkbuf_leaf_106_wb_clk_i/Y               10     16     -6 (VIOLATED)
clkbuf_leaf_108_wb_clk_i/Y               10     16     -6 (VIOLATED)
clkbuf_leaf_114_wb_clk_i/Y               10     16     -6 (VIOLATED)
clkbuf_leaf_124_wb_clk_i/Y               10     16     -6 (VIOLATED)
clkbuf_leaf_139_wb_clk_i/Y               10     16     -6 (VIOLATED)
clkbuf_leaf_17_wb_clk_i/Y                10     16     -6 (VIOLATED)
clkbuf_leaf_22_wb_clk_i/Y                10     16     -6 (VIOLATED)
clkbuf_leaf_27_wb_clk_i/Y                10     16     -6 (VIOLATED)
clkbuf_leaf_31_wb_clk_i/Y                10     16     -6 (VIOLATED)
clkbuf_leaf_36_wb_clk_i/Y                10     16     -6 (VIOLATED)
clkbuf_leaf_44_wb_clk_i/Y                10     16     -6 (VIOLATED)
clkbuf_leaf_52_wb_clk_i/Y                10     16     -6 (VIOLATED)
clkbuf_leaf_58_wb_clk_i/Y                10     16     -6 (VIOLATED)
clkbuf_leaf_74_wb_clk_i/Y                10     16     -6 (VIOLATED)
clkbuf_leaf_82_wb_clk_i/Y                10     16     -6 (VIOLATED)
clkbuf_leaf_83_wb_clk_i/Y                10     16     -6 (VIOLATED)
clkbuf_leaf_87_wb_clk_i/Y                10     16     -6 (VIOLATED)
clkbuf_leaf_10_wb_clk_i/Y                10     15     -5 (VIOLATED)
clkbuf_leaf_170_wb_clk_i/Y               10     15     -5 (VIOLATED)
clkbuf_leaf_41_wb_clk_i/Y                10     15     -5 (VIOLATED)
clkbuf_leaf_72_wb_clk_i/Y                10     15     -5 (VIOLATED)
clkbuf_leaf_85_wb_clk_i/Y                10     15     -5 (VIOLATED)
clkbuf_leaf_94_wb_clk_i/Y                10     15     -5 (VIOLATED)
clkbuf_leaf_143_wb_clk_i/Y               10     14     -4 (VIOLATED)
clkbuf_leaf_177_wb_clk_i/Y               10     12     -2 (VIOLATED)
clkbuf_leaf_8_mtx_clk_pad_i/Y            10     12     -2 (VIOLATED)


==========================================================================
cts final max_slew_check_slack
--------------------------------------------------------------------------
67.26239013671875

==========================================================================
cts final max_slew_check_limit
--------------------------------------------------------------------------
320.0

==========================================================================
cts final max_slew_check_slack_limit
--------------------------------------------------------------------------
0.2102

==========================================================================
cts final max_fanout_check_slack
--------------------------------------------------------------------------
-17.0

==========================================================================
cts final max_fanout_check_limit
--------------------------------------------------------------------------
10.0

==========================================================================
cts final max_fanout_check_slack_limit
--------------------------------------------------------------------------
-1.7000

==========================================================================
cts final max_capacitance_check_slack
--------------------------------------------------------------------------
6.386570930480957

==========================================================================
cts final max_capacitance_check_limit
--------------------------------------------------------------------------
23.040000915527344

==========================================================================
cts final max_capacitance_check_slack_limit
--------------------------------------------------------------------------
0.2772

==========================================================================
cts final max_slew_violation_count
--------------------------------------------------------------------------
max slew violation count 0

==========================================================================
cts final max_fanout_violation_count
--------------------------------------------------------------------------
max fanout violation count 201

==========================================================================
cts final max_cap_violation_count
--------------------------------------------------------------------------
max cap violation count 0

==========================================================================
cts final setup_violation_count
--------------------------------------------------------------------------
setup violation count 19

==========================================================================
cts final hold_violation_count
--------------------------------------------------------------------------
hold violation count 0

==========================================================================
cts final report_checks -path_delay max reg to reg
--------------------------------------------------------------------------
Startpoint: rxethmac1.rxcounters1.ByteCnt[8]$_DFFE_PP0P_
            (rising edge-triggered flip-flop clocked by mrx_clk_pad_i)
Endpoint: maccontrol1.receivecontrol1.PauseTimer[1]$_DFFE_PP0P_
          (rising edge-triggered flip-flop clocked by mrx_clk_pad_i)
Path Group: mrx_clk_pad_i
Path Type: max

  Delay    Time   Description
---------------------------------------------------------
   0.00    0.00   clock mrx_clk_pad_i (rise edge)
   0.00    0.00   clock source latency
   0.00    0.00 ^ mrx_clk_pad_i (in)
  24.08   24.08 ^ clkbuf_0_mrx_clk_pad_i/Y (BUFx24_ASAP7_75t_R)
  23.95   48.03 ^ clkbuf_1_0__f_mrx_clk_pad_i/Y (BUFx24_ASAP7_75t_R)
  24.11   72.14 ^ clkbuf_leaf_4_mrx_clk_pad_i/Y (BUFx24_ASAP7_75t_R)
   1.97   74.11 ^ rxethmac1.rxcounters1.ByteCnt[8]$_DFFE_PP0P_/CLK (DFFASRHQNx1_ASAP7_75t_R)
  44.98  119.09 v rxethmac1.rxcounters1.ByteCnt[8]$_DFFE_PP0P_/QN (DFFASRHQNx1_ASAP7_75t_R)
  17.09  136.18 ^ _058290_/Y (NOR2x1_ASAP7_75t_R)
  22.46  158.64 ^ _058292_/Y (AND3x1_ASAP7_75t_R)
  14.23  172.87 ^ place14730/Y (BUFx3_ASAP7_75t_R)
  19.01  191.88 ^ _069930_/Y (AND3x1_ASAP7_75t_R)
  26.65  218.53 ^ _069931_/Y (XOR2x2_ASAP7_75t_R)
  34.77  253.29 v _101303_/SN (HAxp5_ASAP7_75t_R)
  18.85  272.14 ^ _066725_/Y (NOR2x1_ASAP7_75t_R)
   7.96  280.11 v _066727_/Y (NAND2x1_ASAP7_75t_R)
  25.76  305.87 v _066728_/Y (OA211x2_ASAP7_75t_R)
  26.38  332.25 v _066729_/Y (OR5x1_ASAP7_75t_R)
  16.31  348.56 v _066753_/Y (AND3x2_ASAP7_75t_R)
  17.37  365.92 ^ _067465_/Y (AOI21x1_ASAP7_75t_R)
  20.44  386.36 v _067466_/Y (NAND2x1p5_ASAP7_75t_R)
  20.22  406.58 v place12840/Y (BUFx6f_ASAP7_75t_R)
  18.59  425.17 v _068894_/Y (OA21x2_ASAP7_75t_R)
   7.92  433.09 ^ _068895_/Y (NAND2x1_ASAP7_75t_R)
   0.04  433.13 ^ maccontrol1.receivecontrol1.PauseTimer[1]$_DFFE_PP0P_/D (DFFASRHQNx1_ASAP7_75t_R)
         433.13   data arrival time

 300.00  300.00   clock mrx_clk_pad_i (rise edge)
   0.00  300.00   clock source latency
   0.00  300.00 ^ mrx_clk_pad_i (in)
  22.79  322.79 ^ clkbuf_0_mrx_clk_pad_i/Y (BUFx24_ASAP7_75t_R)
  22.66  345.45 ^ clkbuf_1_0__f_mrx_clk_pad_i/Y (BUFx24_ASAP7_75t_R)
  23.22  368.67 ^ clkbuf_leaf_11_mrx_clk_pad_i/Y (BUFx24_ASAP7_75t_R)
   0.44  369.11 ^ maccontrol1.receivecontrol1.PauseTimer[1]$_DFFE_PP0P_/CLK (DFFASRHQNx1_ASAP7_75t_R)
   2.58  371.69   clock reconvergence pessimism
 -11.97  359.72   library setup time
         359.72   data required time
---------------------------------------------------------
         359.72   data required time
        -433.13   data arrival time
---------------------------------------------------------
         -73.41   slack (VIOLATED)


Startpoint: txethmac1.txcounters1.NibCnt[15]$_DFFE_PP0P_
            (rising edge-triggered flip-flop clocked by mtx_clk_pad_i)
Endpoint: macstatus1.RetryCntLatched[1]$_DFFE_PP0P_
          (rising edge-triggered flip-flop clocked by mtx_clk_pad_i)
Path Group: mtx_clk_pad_i
Path Type: max

  Delay    Time   Description
---------------------------------------------------------
   0.00    0.00   clock mtx_clk_pad_i (rise edge)
   0.00    0.00   clock source latency
   0.00    0.00 ^ mtx_clk_pad_i (in)
  28.18   28.18 ^ clkbuf_0_mtx_clk_pad_i/Y (BUFx24_ASAP7_75t_R)
  20.48   48.66 ^ clkbuf_1_1__f_mtx_clk_pad_i/Y (BUFx24_ASAP7_75t_R)
  23.18   71.84 ^ clkbuf_leaf_5_mtx_clk_pad_i/Y (BUFx24_ASAP7_75t_R)
   1.04   72.88 ^ txethmac1.txcounters1.NibCnt[15]$_DFFE_PP0P_/CLK (DFFASRHQNx1_ASAP7_75t_R)
  43.58  116.46 v txethmac1.txcounters1.NibCnt[15]$_DFFE_PP0P_/QN (DFFASRHQNx1_ASAP7_75t_R)
  10.20  126.66 ^ _067310_/Y (INVx1_ASAP7_75t_R)
  34.50  161.16 v _101254_/SN (HAxp5_ASAP7_75t_R)
  15.40  176.56 ^ _057774_/Y (NOR2x1_ASAP7_75t_R)
  21.42  197.98 ^ _057777_/Y (AND3x1_ASAP7_75t_R)
   8.85  206.84 v _057778_/Y (INVx1_ASAP7_75t_R)
  26.48  233.32 v _057779_/Y (OR5x1_ASAP7_75t_R)
  17.75  251.07 v _057780_/Y (AO21x1_ASAP7_75t_R)
  13.86  264.92 ^ _057798_/Y (AOI21x1_ASAP7_75t_R)
  15.82  280.75 v _057876_/Y (AOI21x1_ASAP7_75t_R)
  17.77  298.52 ^ _057879_/Y (OAI21x1_ASAP7_75t_R)
  16.51  315.03 ^ place12836/Y (BUFx6f_ASAP7_75t_R)
  22.65  337.68 ^ _057997_/Y (AND2x2_ASAP7_75t_R)
  11.73  349.41 v _069872_/Y (OAI21x1_ASAP7_75t_R)
   7.72  357.13 ^ _069873_/Y (OAI21x1_ASAP7_75t_R)
   0.04  357.17 ^ macstatus1.RetryCntLatched[1]$_DFFE_PP0P_/D (DFFASRHQNx1_ASAP7_75t_R)
         357.17   data arrival time

 300.00  300.00   clock mtx_clk_pad_i (rise edge)
   0.00  300.00   clock source latency
   0.00  300.00 ^ mtx_clk_pad_i (in)
  26.55  326.55 ^ clkbuf_0_mtx_clk_pad_i/Y (BUFx24_ASAP7_75t_R)
  19.63  346.18 ^ clkbuf_1_1__f_mtx_clk_pad_i/Y (BUFx24_ASAP7_75t_R)
  20.82  367.00 ^ clkbuf_leaf_6_mtx_clk_pad_i/Y (BUFx24_ASAP7_75t_R)
   0.46  367.46 ^ macstatus1.RetryCntLatched[1]$_DFFE_PP0P_/CLK (DFFASRHQNx1_ASAP7_75t_R)
   2.49  369.94   clock reconvergence pessimism
 -12.38  357.56   library setup time
         357.56   data required time
---------------------------------------------------------
         357.56   data required time
        -357.17   data arrival time
---------------------------------------------------------
           0.39   slack (MET)


Startpoint: _tray_size4_20039
            (rising edge-triggered flip-flop clocked by wb_clk_i)
Endpoint: wishbone.TxBDReady$_DFFE_PP0P_
          (rising edge-triggered flip-flop clocked by wb_clk_i)
Path Group: wb_clk_i
Path Type: max

  Delay    Time   Description
---------------------------------------------------------
   0.00    0.00   clock wb_clk_i (rise edge)
   0.00    0.00   clock source latency
   0.00    0.00 ^ wb_clk_i (in)
  75.40   75.40 ^ clkbuf_0_wb_clk_i/Y (BUFx24_ASAP7_75t_R)
  33.17  108.56 ^ clkbuf_2_1_0_wb_clk_i/Y (BUFx24_ASAP7_75t_R)
  44.33  152.90 ^ clkbuf_4_6_0_wb_clk_i/Y (BUFx24_ASAP7_75t_R)
  24.64  177.54 ^ clkbuf_5_13__f_wb_clk_i/Y (BUFx24_ASAP7_75t_R)
  28.42  205.96 ^ clkbuf_leaf_61_wb_clk_i/Y (BUFx24_ASAP7_75t_R)
   0.80  206.75 ^ _tray_size4_20039/CLK (DFFHQNH2V2Xx1_ASAP7_75t_R)
 142.03  348.78 ^ _tray_size4_20039/QN0 (DFFHQNH2V2Xx1_ASAP7_75t_R)
  46.90  395.68 v _056186_/Y (INVx3_ASAP7_75t_R)
  39.30  434.98 v place16457/Y (BUFx3_ASAP7_75t_R)
  26.29  461.28 v place16406/Y (BUFx3_ASAP7_75t_R)
  26.38  487.66 v place16405/Y (BUFx3_ASAP7_75t_R)
  30.33  517.99 v place16388/Y (BUFx3_ASAP7_75t_R)
  23.35  541.34 v place16379/Y (BUFx3_ASAP7_75t_R)
  24.73  566.07 v place16378/Y (BUFx3_ASAP7_75t_R)
  22.43  588.49 v place16377/Y (BUFx3_ASAP7_75t_R)
  22.88  611.38 v place16376/Y (BUFx3_ASAP7_75t_R)
  22.31  633.68 v place16375/Y (BUFx3_ASAP7_75t_R)
  17.37  651.05 v _056671_/Y (AO21x1_ASAP7_75t_R)
  15.53  666.58 v _056672_/Y (AO21x1_ASAP7_75t_R)
  13.91  680.49 v _056673_/Y (AO21x1_ASAP7_75t_R)
  16.46  696.95 v _056674_/Y (AND2x2_ASAP7_75t_R)
  16.20  713.15 ^ _056738_/Y (OAI21x1_ASAP7_75t_R)
  10.44  723.59 v _056817_/Y (NAND2x1_ASAP7_75t_R)
  18.22  741.81 ^ _056959_/Y (AOI21x1_ASAP7_75t_R)
  16.59  758.40 v _056960_/Y (NAND2x1_ASAP7_75t_R)
  25.18  783.58 v place12863/Y (BUFx3_ASAP7_75t_R)
  76.40  859.97 ^ _063932_/Y (NAND2x1_ASAP7_75t_R)
  15.34  875.32 v _064845_/Y (NOR2x1_ASAP7_75t_R)
  10.87  886.19 ^ _064846_/Y (NAND2x1_ASAP7_75t_R)
   8.53  894.72 v _065320_/Y (OAI21x1_ASAP7_75t_R)
   9.41  904.13 ^ _065321_/Y (NAND2x1_ASAP7_75t_R)
   0.04  904.18 ^ wishbone.TxBDReady$_DFFE_PP0P_/D (DFFASRHQNx1_ASAP7_75t_R)
         904.18   data arrival time

1000.00 1000.00   clock wb_clk_i (rise edge)
   0.00 1000.00   clock source latency
   0.00 1000.00 ^ wb_clk_i (in)
  72.29 1072.29 ^ clkbuf_0_wb_clk_i/Y (BUFx24_ASAP7_75t_R)
  29.56 1101.84 ^ clkbuf_2_2_0_wb_clk_i/Y (BUFx24_ASAP7_75t_R)
  55.18 1157.03 ^ clkbuf_4_9_0_wb_clk_i/Y (BUFx24_ASAP7_75t_R)
  23.29 1180.31 ^ clkbuf_5_19__f_wb_clk_i/Y (BUFx24_ASAP7_75t_R)
  24.89 1205.20 ^ clkbuf_leaf_144_wb_clk_i/Y (BUFx24_ASAP7_75t_R)
   0.40 1205.60 ^ wishbone.TxBDReady$_DFFE_PP0P_/CLK (DFFASRHQNx1_ASAP7_75t_R)
   3.11 1208.71   clock reconvergence pessimism
 -12.10 1196.61   library setup time
        1196.61   data required time
---------------------------------------------------------
        1196.61   data required time
        -904.18   data arrival time
---------------------------------------------------------
         292.43   slack (MET)



==========================================================================
cts final report_checks -path_delay min reg to reg
--------------------------------------------------------------------------
Startpoint: rxethmac1.LatchedByte[7]$_DFF_PP0_
            (rising edge-triggered flip-flop clocked by mrx_clk_pad_i)
Endpoint: rxethmac1.LatchedByte[3]$_DFF_PP0_
          (rising edge-triggered flip-flop clocked by mrx_clk_pad_i)
Path Group: mrx_clk_pad_i
Path Type: min

  Delay    Time   Description
---------------------------------------------------------
   0.00    0.00   clock mrx_clk_pad_i (rise edge)
   0.00    0.00   clock source latency
   0.00    0.00 ^ mrx_clk_pad_i (in)
  22.79   22.79 ^ clkbuf_0_mrx_clk_pad_i/Y (BUFx24_ASAP7_75t_R)
  22.66   45.45 ^ clkbuf_1_0__f_mrx_clk_pad_i/Y (BUFx24_ASAP7_75t_R)
   2.50   47.95 ^ rxethmac1.LatchedByte[7]$_DFF_PP0_/CLK (DFFASRHQNx1_ASAP7_75t_R)
  43.32   91.27 ^ rxethmac1.LatchedByte[7]$_DFF_PP0_/QN (DFFASRHQNx1_ASAP7_75t_R)
  11.26  102.53 v _066857_/Y (INVx1_ASAP7_75t_R)
   0.14  102.67 v rxethmac1.LatchedByte[3]$_DFF_PP0_/D (DFFASRHQNx1_ASAP7_75t_R)
         102.67   data arrival time

   0.00    0.00   clock mrx_clk_pad_i (rise edge)
   0.00    0.00   clock source latency
   0.00    0.00 ^ mrx_clk_pad_i (in)
  24.08   24.08 ^ clkbuf_0_mrx_clk_pad_i/Y (BUFx24_ASAP7_75t_R)
  23.95   48.03 ^ clkbuf_1_0__f_mrx_clk_pad_i/Y (BUFx24_ASAP7_75t_R)
  25.45   73.48 ^ clkbuf_leaf_12_mrx_clk_pad_i/Y (BUFx24_ASAP7_75t_R)
   1.30   74.78 ^ rxethmac1.LatchedByte[3]$_DFF_PP0_/CLK (DFFASRHQNx1_ASAP7_75t_R)
  -2.58   72.20   clock reconvergence pessimism
  11.79   83.99   library hold time
          83.99   data required time
---------------------------------------------------------
          83.99   data required time
        -102.67   data arrival time
---------------------------------------------------------
          18.69   slack (MET)


Startpoint: txethmac1.random1.x[8]$_DFF_PP0_
            (rising edge-triggered flip-flop clocked by mtx_clk_pad_i)
Endpoint: txethmac1.random1.x[9]$_DFF_PP0_
          (rising edge-triggered flip-flop clocked by mtx_clk_pad_i)
Path Group: mtx_clk_pad_i
Path Type: min

  Delay    Time   Description
---------------------------------------------------------
   0.00    0.00   clock mtx_clk_pad_i (rise edge)
   0.00    0.00   clock source latency
   0.00    0.00 ^ mtx_clk_pad_i (in)
  26.55   26.55 ^ clkbuf_0_mtx_clk_pad_i/Y (BUFx24_ASAP7_75t_R)
  19.63   46.18 ^ clkbuf_1_1__f_mtx_clk_pad_i/Y (BUFx24_ASAP7_75t_R)
  21.78   67.96 ^ clkbuf_leaf_5_mtx_clk_pad_i/Y (BUFx24_ASAP7_75t_R)
   0.44   68.40 ^ txethmac1.random1.x[8]$_DFF_PP0_/CLK (DFFASRHQNx1_ASAP7_75t_R)
  37.92  106.32 ^ txethmac1.random1.x[8]$_DFF_PP0_/QN (DFFASRHQNx1_ASAP7_75t_R)
   7.83  114.15 v _067981_/Y (INVx1_ASAP7_75t_R)
   0.04  114.20 v txethmac1.random1.x[9]$_DFF_PP0_/D (DFFASRHQNx1_ASAP7_75t_R)
         114.20   data arrival time

   0.00    0.00   clock mtx_clk_pad_i (rise edge)
   0.00    0.00   clock source latency
   0.00    0.00 ^ mtx_clk_pad_i (in)
  28.18   28.18 ^ clkbuf_0_mtx_clk_pad_i/Y (BUFx24_ASAP7_75t_R)
  20.48   48.66 ^ clkbuf_1_1__f_mtx_clk_pad_i/Y (BUFx24_ASAP7_75t_R)
  24.11   72.78 ^ clkbuf_leaf_7_mtx_clk_pad_i/Y (BUFx24_ASAP7_75t_R)
   1.23   74.00 ^ txethmac1.random1.x[9]$_DFF_PP0_/CLK (DFFASRHQNx1_ASAP7_75t_R)
  -2.49   71.52   clock reconvergence pessimism
  12.17   83.68   library hold time
          83.68   data required time
---------------------------------------------------------
          83.68   data required time
        -114.20   data arrival time
---------------------------------------------------------
          30.51   slack (MET)


Startpoint: wishbone.TxE_IRQ$_DFF_PP0_
            (rising edge-triggered flip-flop clocked by wb_clk_i)
Endpoint: ethreg1.irq_txe$_DFFE_PP0P_
          (rising edge-triggered flip-flop clocked by wb_clk_i)
Path Group: wb_clk_i
Path Type: min

  Delay    Time   Description
---------------------------------------------------------
   0.00    0.00   clock wb_clk_i (rise edge)
   0.00    0.00   clock source latency
   0.00    0.00 ^ wb_clk_i (in)
  72.29   72.29 ^ clkbuf_0_wb_clk_i/Y (BUFx24_ASAP7_75t_R)
  30.74  103.03 ^ clkbuf_2_0_0_wb_clk_i/Y (BUFx24_ASAP7_75t_R)
  40.90  143.93 ^ clkbuf_4_3_0_wb_clk_i/Y (BUFx24_ASAP7_75t_R)
  22.64  166.57 ^ clkbuf_5_7__f_wb_clk_i/Y (BUFx24_ASAP7_75t_R)
  24.83  191.41 ^ clkbuf_leaf_158_wb_clk_i/Y (BUFx24_ASAP7_75t_R)
   0.90  192.31 ^ wishbone.TxE_IRQ$_DFF_PP0_/CLK (DFFASRHQNx1_ASAP7_75t_R)
  50.04  242.34 ^ wishbone.TxE_IRQ$_DFF_PP0_/QN (DFFASRHQNx1_ASAP7_75t_R)
   9.39  251.73 v _067676_/Y (NAND2x1_ASAP7_75t_R)
   0.03  251.76 v ethreg1.irq_txe$_DFFE_PP0P_/D (DFFASRHQNx1_ASAP7_75t_R)
         251.76   data arrival time

   0.00    0.00   clock wb_clk_i (rise edge)
   0.00    0.00   clock source latency
   0.00    0.00 ^ wb_clk_i (in)
  75.40   75.40 ^ clkbuf_0_wb_clk_i/Y (BUFx24_ASAP7_75t_R)
  31.74  107.14 ^ clkbuf_2_2_0_wb_clk_i/Y (BUFx24_ASAP7_75t_R)
  61.19  168.33 ^ clkbuf_4_8_0_wb_clk_i/Y (BUFx24_ASAP7_75t_R)
  24.76  193.09 ^ clkbuf_5_16__f_wb_clk_i/Y (BUFx24_ASAP7_75t_R)
  33.93  227.02 ^ clkbuf_leaf_138_wb_clk_i/Y (BUFx24_ASAP7_75t_R)
   1.49  228.50 ^ ethreg1.irq_txe$_DFFE_PP0P_/CLK (DFFASRHQNx1_ASAP7_75t_R)
  -3.11  225.39   clock reconvergence pessimism
  12.59  237.98   library hold time
         237.98   data required time
---------------------------------------------------------
         237.98   data required time
        -251.76   data arrival time
---------------------------------------------------------
          13.78   slack (MET)



==========================================================================
cts final critical path target clock latency max path
--------------------------------------------------------------------------
68.1744

==========================================================================
cts final critical path target clock latency min path
--------------------------------------------------------------------------
74.0042

==========================================================================
cts final critical path source clock latency min path
--------------------------------------------------------------------------
0.0000

==========================================================================
cts final critical path delay
--------------------------------------------------------------------------
433.1270

==========================================================================
cts final critical path slack
--------------------------------------------------------------------------
-73.4094

==========================================================================
cts final slack div critical path delay
--------------------------------------------------------------------------
-16.948701

==========================================================================
cts final report_power
--------------------------------------------------------------------------
Group                  Internal  Switching    Leakage      Total
                          Power      Power      Power      Power (Watts)
----------------------------------------------------------------
Sequential             3.67e-02   1.82e-04   1.25e-06   3.69e-02  54.3%
Combinational          3.93e-03   5.54e-03   3.78e-06   9.48e-03  13.9%
Clock                  1.37e-02   7.88e-03   1.43e-07   2.16e-02  31.8%
Macro                  0.00e+00   0.00e+00   0.00e+00   0.00e+00   0.0%
Pad                    0.00e+00   0.00e+00   0.00e+00   0.00e+00   0.0%
----------------------------------------------------------------
Total                  5.44e-02   1.36e-02   5.18e-06   6.80e-02 100.0%
                          80.0%      20.0%       0.0%
